player_id,player_name,position_group,actual_value,pred_run_1,pred_run_2,pred_run_3,pred_run_4,pred_run_5,pred_run_6,pred_run_7,pred_run_8,pred_run_9,pred_run_10,pred_run_11,pred_run_12,pred_run_13,pred_run_14,pred_run_15,predicted_value_mean,predicted_value_std,predicted_value_median
aaron anselmino__2005-04-29,Aaron Anselmino,DEF,5750000.000000005,10948222.069448512,,,,,,12227052.939666947,,,,10956584.79606481,,,,8445908.240519507,10644442.011424944,1584079.4943918514,10952403.432756662
aaron bouwman__2007-08-28,,,,,,,,2821248.4020858314,,,,,,2103169.705346476,,,,,2462209.053716154,507758.3158899967,2462209.053716154
aaron connolly__2000-01-28,,,,,,1589093.1982368487,,,,,,,,,,,,,1589093.1982368487,,1589093.1982368487
aaron cresswell__1989-12-15,,,,,,,,,,,,,777104.5938406888,,,,,1140542.058938298,958823.3263894934,256989.0961077686,958823.3263894934
aaron donnelly__2003-06-08,,,,,,,553482.710956782,,559414.7571959923,,,,,,,607793.2980725188,,485480.5703304442,551542.8341389343,50312.58188210544,556448.7340763871
aaron escandell__1995-09-27,,,,,,,6775168.292932281,,,,6746293.147909854,,5919840.495137273,,,,,,6480433.978659802,485702.8246015869,6746293.147909854
aaron hickey__2002-06-10,Aaron Hickey,DEF,11749999.999999994,10493719.83041479,,,9485189.026642732,,,,9381544.52674782,,,,9491091.173636975,,,8656802.07170123,9501669.325828709,654365.7894606194,9485189.026642732
aaron mceneff__1995-07-09,,,,,,254853.124392092,,243925.1233306145,,,,,226978.1416068571,,,,242016.11529710595,,241943.1261566674,11468.107330431403,242970.61931386022
aaron mcgowan__1996-07-24,,,,,,,,,,,,,,,,453809.027109008,,,453809.027109008,,453809.027109008
aaron meijers__1987-10-28,,,,,,133682.86940875353,,,,,,125086.22129517602,,,,,,149460.51991842384,136076.5368741178,12362.19403240674,133682.86940875353
aaron nemane__1997-09-26,,,,,,,,,,,254993.54276236382,,,,341662.29352175264,,364662.854719598,,320439.5636679048,57832.885913901446,341662.29352175264
aaron ramsdale__1998-05-14,,,,,,,,10629266.586753312,,10827937.92824689,,,,,,,,,10728602.2575001,140481.85279753644,10728602.2575001
aaron ramsey__2003-01-21,Aaron Ramsey,MID,9299999.999999993,4078614.943263652,,,,,,,,,3349136.4360783426,,,,4338949.450334425,,3922233.6098921397,513102.126158104,4078614.943263652
aaron rowe__2000-09-07,,,,,,,,,,,,,,242990.61048225794,,342960.8319437618,292393.4316677154,,292781.6246979117,49986.24125834079,292393.4316677154
aaron wanbissaka__1997-11-26,Aaron Wan-Bissaka,DEF,18500000.000000034,22422628.57225579,19843650.52420091,,,,,,,,,18342222.76853569,,,22881288.164598994,,20872447.507397845,2152437.5780072883,21133139.54822835
aaron zehnter__2004-10-31,,,,,,,5011851.73465385,,,,5901742.719915898,6073267.78641068,,,,,,,5662287.413660143,569785.1713604808,5901742.719915898
abakar sylla__2002-12-25,,,,,3543631.8996272483,,,,,3350133.533134689,,,,,3830171.469723583,,,,3574645.6341618397,241517.06759247347,3543631.8996272483
abbosbek fayzullaev__2003-10-03,,,,,,,,,,,,,,,,,,902399.9230274931,902399.9230274931,,902399.9230274931
abdallah sima__2001-06-17,,,,,,,,6288209.815930137,,,,,6987227.2598473495,,,,,6941361.046248082,6738932.707341856,391010.5766080868,6941361.046248082
abdelhamid ait boudlal__2006-04-16,,,,,2933819.590857738,,,3335095.8750386536,,,,3954245.7227539476,,,3110165.5339335934,,4605225.311605928,3628057.300071621,3594434.8890435803,614894.7366181167,3481576.5875551375
abdelhamid sabiri__1996-11-28,Abdelhamid Sabiri,MID,2649999.999999999,4022568.7668655273,,,,4147350.6064591166,,,4103659.182183897,,,,,,,4675077.3305172855,4237163.971506457,296484.50278118375,4125504.894321507
abdelkahar kadri__2000-06-24,,,,,,,,,,,,,,,5872392.446254701,5807556.578556021,,7394416.163925738,6358121.72957882,898042.6150405444,5872392.446254701
abdellah baallal__2004-11-07,Abdellah Baallal,MID,299999.99999999977,379459.52462596394,,,,,,406151.25243210734,,426037.8411710939,,,,,,,403882.87274305505,23371.864556660024,406151.25243210734
abdellah zoubir__1991-12-05,,,,,,,897462.3486903636,,,,,,,988132.4918712594,,,1211259.2198322036,583480.0793089076,920083.5349256835,260273.9226417748,942797.4202808115
abdenego nankishi__2002-07-06,,,,,622159.122492359,,,,,,468157.1694991269,,,,587875.2364968086,,,,559397.1761627649,80854.19173873731,587875.2364968086
abdou harroui__1998-01-13,,,,,,,,,,,,2800511.5063397815,,,,,,,2800511.5063397815,,2800511.5063397815
abdoul kader ouattara__2005-05-26,Abdoul Kader Ouattara,MID,950000.0000000008,821868.0800450906,,,,,,,,908164.2882417992,,,,,,863577.7958864745,864536.7213911215,43156.09506054753,863577.7958864745
abdoul ouattara__2005-10-22,,,,,,,,3252133.773417877,,,,,,,,,4032765.6894872123,3560912.167166432,3615270.5433571734,393144.5941292988,3560912.167166432
abdoulaye bamba__1990-04-25,Abdoulaye Bamba,DEF,337500.00000000006,397060.7243613203,,,396189.90908561996,,377971.19725170097,,390865.47653929883,,,,,,409150.69480153086,,394247.6004078941,11293.23374246735,396189.90908561996
abdoulaye camara__2006-12-21,,,,,,,986867.0907057843,,,,,,,762001.7973482044,,,,,874434.4440269943,159003.77378664704,874434.4440269943
abdoulaye doucoure__1993-01-01,Abdoulaye Doucouré,MID,6650000.000000001,4435516.195501872,5036133.411670996,,,,,,,4609319.899084871,,,,,,4485435.128012267,4641601.158567501,272981.4520889926,4547377.513548569
abdoulaye faye__2004-09-22,,,,,,,,,,,2864058.985648097,,,,,,,,2864058.985648097,,2864058.985648097
abdoulaye kamara__2004-11-06,,,,,,,,,,,,,721732.7080696182,,707125.849447703,711446.1980384252,,,713434.9185185822,7503.754830836459,711446.1980384252
abdoulaye ndiaye__2002-04-10,Abdoulaye Ndiaye,DEF,6499999.999999999,6819448.353712398,,,,6714904.290450937,7146848.672698755,,,,,,,,,,6893733.772287364,225350.2382925423,6819448.353712398
abdoulaye toure__1994-03-03,,,,,,,,,,3353000.748037978,2880252.9724161024,,,,,,3389087.247819707,,3207446.9894245956,283932.2145182541,3353000.748037978
abdoulie sanyang__1999-05-08,,,,,,,,,,1201669.1938228614,,,,,,,,1341756.3604088388,1271712.7771158502,99056.58545015416,1271712.7771158502
abdoullah ba__2003-07-31,,,,,,,,,,,,,,,1194333.5302209866,,1015455.5697237108,,1104894.5499723486,126485.8188724431,1104894.5499723486
abdukodir khusanov__2004-02-29,,,,,35732560.36146952,,,32394810.78560806,,32831166.74126361,35079210.65541484,,,,,,,17768342.971683808,30761218.30308796,7401476.544062837,32831166.74126361
abdul fatawu__2004-03-08,,,,,,,,,,12691707.729665998,,,12062971.469074603,,,,,,12377339.5993703,444583.6734420478,12377339.5993703
abdul mumin__1998-06-06,,,,,,,11310149.863060517,,,10818341.867610859,11521932.299543345,,10210855.147634218,,,,,,10965319.794462234,582965.0279153455,11064245.865335688
abdulkadir omur__1999-06-25,,,,,2637514.31980183,,1805676.5193429978,,3085897.2076889165,,2221721.094100096,,,2564624.9528361987,3349314.91931352,,,,2610791.502180593,560994.4110869108,2601069.6363190142
abdulkerim bardakc__1994-09-07,Abdülkerim Bardakcı,DEF,13249999.99999999,11904341.835616773,12459687.821619613,,10634392.57976497,,,,,,,,12727910.892908214,,,,11931583.282477394,930318.5624698113,12182014.828618193
abdullah yigiter__2000-02-20,,,,,,,,,,,,,,,,739027.4381684149,,,739027.4381684149,,739027.4381684149
abdurrahim dursun__1998-12-01,Abdurrahim Dursun,DEF,387499.99999999977,421701.2503346281,,390002.75594266516,,,432437.20695307787,,,413072.36761134036,,,,,,,414303.3952104278,18033.301477434954,417386.8089729842
ablie jallow__1998-11-14,,,,,,,1662412.7859792353,1757662.8086414726,,,,,,2126826.359245354,,,,,1848967.317955354,245300.58463900487,1757662.8086414726
aboubacar lo__2000-01-02,,,,,,,,,756880.7295851663,,,,728067.2020321572,688910.802298822,,,,,724619.5779720485,34115.866361161265,728067.2020321572
aboubakary koita__1998-09-20,,,,,4660203.628201973,,,4487210.7965621855,,5684376.2779043,5617448.321357005,4955767.135511339,2654783.299866362,,,,,,4676631.576567194,1104773.5291905117,4807985.381856656
abu francis__2001-04-27,,,,,,,,2347442.769920295,,,,,,,,,,,2347442.769920295,,2347442.769920295
abu kamara__2003-07-21,,,,,,2125642.1996138506,,,2177440.2706315275,2276526.2853342746,,,,,2167547.4458914376,2259673.9136163373,2146330.4146514884,,2192193.4216231527,61681.77825699459,2172493.858261483
achraf hakimi__1998-11-04,,,,,,108029198.8367468,94379683.28666538,115844011.13239627,,,,,,,,,,131616123.04910862,112467254.07622927,15544969.417071428,111936604.98457153
achraf laaziri__2003-07-08,,,,,1112067.2273193013,1176369.6864708527,952618.990384697,,,,,1276927.831641266,,,,,,,1129495.9339540293,136042.30483205875,1144218.4568950771
adam armstrong__1997-02-10,,,,,,,6442971.028488235,,5410776.670150376,5844532.51038249,,,,6166744.779183181,,,,,5966256.2470510695,443781.8017823278,6005638.644782836
adam aznou__2006-06-02,,,,,,2799181.044960651,,,,,,2275891.4289437393,,,2534799.6216414664,,,2230671.239298046,2460135.8337109755,262758.6581361877,2405345.525292603
adam boayar__2005-10-13,,,,,658787.765512513,,,,,,679418.9880012855,,803026.6405429045,,,,,,713744.4646855677,78005.71792958914,679418.9880012855
adam carlen__2000-06-27,,,,,,,,,,,830735.9273813383,890773.9547948276,834091.565415973,866535.3079552647,,831225.6505408366,,,850672.4812176481,26973.735495068926,834091.565415973
adam daghim__2005-09-28,,,,,2660627.81067906,,,,,2675967.950624782,,2885296.431811277,,2685678.287028737,2702978.984382484,,2668493.477962784,,2713173.8237481876,85589.51487122952,2680823.1188267595
adam davies__1992-07-17,,,,,,571072.8141963359,,,,,,,,,,573019.8462219548,,,572046.3302091453,1376.7595485025354,572046.3302091453
adam frizzell__1998-02-21,,,,,287003.21808933554,,,312678.88278648484,,,,,247670.72372102537,,,,,260844.22203932863,277049.2616590436,28834.313764178412,273923.72006433207
adam gabriel__2001-05-28,,,,,1552952.6823185838,,1521147.4662049937,,,,,,1392265.5225929,,1303085.5221587014,1439487.2307391472,1572172.0472577899,,1463518.4118786862,104420.68101213961,1480317.3484720704
adam gnezda cerin__1999-07-16,,,,,,,,,3512682.8262776467,4053386.5485438528,,,,,3802120.2718676105,3362711.975535827,3625293.1067775185,3765603.1684943363,3686966.316249465,242085.5930348289,3695448.1376359276
adam hlozek__2002-07-25,,,,,,17820388.654396378,16088409.517845295,,,,,,,15508565.56235746,,20319166.210616402,,,17434132.48630388,2159582.65290955,16954399.086120836
adam idah__2001-02-11,,,,,,,,,,,3062495.667862416,,,3812506.2233937136,,2632323.3703973945,,3129615.868359671,3159235.2825032985,488069.30794236803,3096055.7681110436
adam jackson__1994-05-18,,,,,,,,,,,524418.4833385729,,,,,492444.6175942773,453770.64536744234,,490211.24876676424,35376.831468329096,492444.6175942773
adam jakobsen__1999-04-07,,,,,,,,,,977590.8242910274,920899.3184370007,957590.1467801944,,828627.6541858226,,,,,921176.9859235113,66014.88556191127,939244.7326085975
adam karabec__2003-07-02,,,,,,,,,,,,5792536.97544494,,5474962.487215778,,,6190427.99231859,,5819309.151659769,358483.311065472,5792536.97544494
adam lewis__1999-11-08,,,,,,,,,,422634.0094158735,,,,,,,,344451.36430696835,383542.6868614209,55283.478527608095,383542.6868614209
adam marusic__1992-10-17,,,,,,7846695.452029643,,,,,,,,,,,,,7846695.452029643,,7846695.452029643
adam matthews__1992-01-13,,,,,,,,,,,203207.28234362052,,168174.5714611975,,207184.33004154213,203072.95027956512,,161031.46745784424,188534.12031675386,22053.439228453022,203072.95027956512
adam montgomery__2002-07-18,,,,,,,,,,,,,,,,603351.592060354,,,603351.592060354,,603351.592060354
adam nagy__1995-06-17,,,,,,,,,,,1103738.3548202512,1205829.7992781827,,,,,,,1154784.077049217,72189.5526773331,1154784.077049217
adam nhaili__2005-08-09,,,,,,,,350464.6240463915,,403975.5445612341,,314874.1962750913,,,409102.37501169817,,,362639.5502442151,368211.258027726,39185.446090176214,362639.5502442151
adam obert__2002-08-23,,,,,,,,,,,,,3331992.4685463794,,,,3730387.604919723,2586389.335417017,3216256.4696277063,580714.3241220883,3331992.4685463794
adam phillips__1998-01-15,,,,,,,,,,,,,,658740.4124903335,,707466.3297738101,704792.5245007246,598827.4447649308,667456.6778824497,50927.01512247945,681766.4684955291
adam reach__1993-02-03,,,,,604972.4879728429,,,587147.6107164605,,,,,542430.1711929056,577965.3281397388,,,,520840.92801530164,566671.3052074498,34285.09404393956,577965.3281397388
adam smith__1991-04-29,Adam Smith,DEF,800000.0000000005,1349741.980476591,,1215262.9664233236,1074767.47715074,1205520.8040854218,1004491.6309757095,,1283103.9756084448,1153755.9715214595,,,,,,1028822.5593109932,1164433.4206940853,122369.14287811382,1179638.3878034407
adam srensen__2000-11-11,,,,,,,,677177.8436915684,739841.3941399142,,679963.5890785996,,,771575.3389058103,,,,688075.169582476,711326.6670796737,42229.75566022486,688075.169582476
adam stahl__1994-10-08,,,,,,,985673.782718548,,,,,,,,,,1040933.9506932526,,1013303.8667059003,39074.83950442134,1013303.8667059003
adam taggart__1993-06-02,,,,,,,1204142.4432973021,,,,,1226920.5712577195,1293686.7185555429,,,1342441.4364850556,,,1266797.7923989051,63142.32805727098,1260303.6449066312
adam webster__1995-01-04,,,,,,,5421400.698496635,,,,4896443.064625735,5780698.468699723,,,3921116.877168158,,,5695890.881334546,5143109.998064959,765448.1106372998,5421400.698496635
adam wikman__2003-12-15,,,,,,,,,,570299.7086360969,,,,600841.3320512532,,,,,585570.520343675,21596.18902530284,585570.520343675
adam zrelak__1994-05-05,,,,,,,,,,,,,,,,519909.37497600086,,,519909.37497600086,,519909.37497600086
adama bojang__2004-05-28,,,,,961171.2560361003,,,,,,,,826695.2125354791,935849.4672401588,,,,,907905.3119372461,71460.53757557538,935849.4672401588
adama camara__1996-10-18,Adama Camara,MID,2199999.9999999995,1753713.0416478477,,,,,,,1832801.5995505843,,1757916.3292574657,,,,1637604.798395076,,1745508.9422127435,80590.65863763652,1755814.6854526568
adama diakhaby__1996-07-05,,,,,,536341.5547560699,,568810.8342037426,518255.23382633156,,,,,,,,,,541135.874262048,25616.52410113775,536341.5547560699
adama traore__1990-02-03,Adama Traoré,DEF,175000.00000000012,128188.12659314681,163411.6129089799,,,,,,,182222.07359777976,,,,,,151500.96832183414,156330.69535543513,22626.189106486596,157456.29061540702
adedire mebude__2004-05-28,,,,,,,,,1184027.0674152141,,,,,,,,,,1184027.0674152141,,1184027.0674152141
adem arous__2004-07-17,Adem Arous,DEF,537500.0000000003,493809.63985811453,,,,451960.5853874707,529888.741850309,515843.5512666209,,452627.55988167366,,,493672.7143965589,,,,489633.79877345794,32030.906261890712,493741.17712733673
adem zorgane__2000-01-06,Adem Zorgane,MID,12499999.999999985,17974361.271502886,15529121.23037907,,,,,,,,,,,18706035.733005166,17381329.710422907,,17397711.986327507,1358447.0565555987,17677845.490962896
ademola lookman__1997-10-20,,,,,,,,,40312152.622372836,37273605.39621471,,,,42773589.20317935,,,,38964316.45423454,39830915.91900036,2322480.467400907,39638234.53830369
ademola olaadebomi__2003-09-03,,,,,,,,,,,,,748245.2051569442,,,,,,748245.2051569442,,748245.2051569442
adil demirbag__1997-12-10,Adil Demirbağ,DEF,1849999.9999999995,1676257.5442449972,,,,,1772579.341508045,1740340.8939751422,,1707102.9372660562,,,,,,,1724070.1792485602,41600.52222151235,1723721.9156205992
adil lechkar__2001-09-02,,,,,,241657.46162088343,,,,,,270798.69137708447,,,,,254326.13874797543,,255594.0972486478,14611.933718556713,254326.13874797543
adilson malanda__2001-10-29,,,,,,,2495282.8601541435,,,2650927.341607018,2183474.308930558,,,,2444887.039884711,,2571714.877677377,2499548.5654633283,2474305.83228619,159505.07909087624,2497415.7128087357
adnan januzaj__1995-02-05,,,,,,3232657.9055174864,3483958.6323628444,,,,,,,,,,3519289.420475127,,3411968.6527851527,156289.2325511435,3483958.6323628444
adnane abid__2003-08-23,,,,,,,1249727.0760303366,,,1184691.4143949396,973748.6353492971,,,,,,,,1136055.7085915245,144274.38732994767,1184691.4143949396
adrian bajrami__2002-04-05,,,,,,,1657161.4800578966,,,,1538814.6399358567,1747443.788445456,,,,,,,1647806.6361464032,104628.70175251346,1657161.4800578966
adrian balboa__1994-01-19,,,,,,,,,,,1634588.0592441864,,,,,,,,1634588.0592441864,,1634588.0592441864
adrian beck__1997-06-09,,,,,,,2429488.7975613982,2316927.8234376656,,2515518.406330506,,,,2230340.161098769,,,,2703859.1785220616,2439226.87339008,183395.88410720095,2429488.7975613982
adrian benedyczak__2000-11-24,,,,,,2924202.4259029,,,,,,,,2665379.239658884,,,,,2794790.832780892,183015.6301214525,2794790.832780892
adrian blake__2005-07-15,,,,,1621267.9915443242,,1907544.559970843,,,,,,,,,,,,1764406.2757575836,202428.10282920607,1764406.2757575836
adrian fein__1999-03-18,,,,,,,,547469.3582722051,569421.081876601,559597.9779789078,609939.6956499415,,,,,600905.5093928622,,,577466.7246341035,26868.833900179525,569421.081876601
adrian grbic__1996-08-04,,,,,,911633.63124846,,,,,,,,,,,,,911633.63124846,,911633.63124846
adrian palacios__2004-06-07,Adrián Palacios,DEF,725000.0000000006,579497.2858193306,,,,,599691.8516382016,,,669715.5372786922,,,,,,,616301.5582454082,47347.06948987722,599691.8516382016
adrian przyborek__2007-01-01,,,,,,,,,1828564.1035326514,,,1398559.9248002318,,,,,,1193208.951739028,1473444.3266906373,324229.5444010884,1398559.9248002318
adrian semper__1998-01-12,,,,,,,1778052.773235208,,,,,,,,1675255.1621697466,,,1687205.8358846053,1713504.5904298534,56218.818719045164,1687205.8358846053
adrian sporle__1995-07-13,,,,,,1302468.7717863496,1311937.6337896555,,,,,,,,,,,,1307203.2027880026,6695.496532657258,1307203.2027880026
adriano bertaccini__2000-08-13,,,,,12329733.98917826,,18569632.413242873,10535695.248213239,,,12876725.56333693,,,,,13785969.522279633,,,13619551.347250188,3010672.058315086,12876725.56333693
adrien hunou__1994-01-19,Adrien Hunou,MID,999999.9999999997,519539.99876550667,,,,556272.7218026156,,585074.2577082204,,,577062.7139970871,,,,,506732.4271785438,548936.4238903947,34627.2278844428,556272.7218026156
adrien lebeau__1999-07-08,,,,,960392.8343401828,871659.518004401,,,,,,,,,,,,,916026.1761722919,62743.92969820239,916026.1761722919
adrien rabiot__1995-04-03,,,,,,,28462372.390876852,,30770429.644150704,31351472.705191974,30433531.44539793,,,,,,,,30254451.54640436,1253436.0946456196,30601980.544774316
adrien tameze__1994-02-04,Adrien Tameze,DEF,4000000.0000000005,3418052.015119044,,,3378860.164439091,,,,,,,,3375749.204114217,,,,3390887.1278907843,23576.849707473706,3378860.164439091
adrien thomasson__1993-12-10,,,,,,,8358400.593645456,,,,,,,,,,,,8358400.593645456,,8358400.593645456
adrien truffert__2001-11-20,,,,,,,,,,,,20060559.29987866,,22867085.836910494,,,,,21463822.56839458,1984513.9459152073,21463822.56839458
adrion pajaziti__2002-11-16,,,,,,,,,,2038460.7483572538,,,,1787550.824154223,,,,,1913005.7862557385,177420.1088709657,1913005.7862557385
afeez aremu__1999-10-03,Afeez Aremu,MID,950000.0000000008,1328334.6629955776,,,,,1257657.9888209796,,1396708.0160627156,,,,1334736.8546719044,,1470168.7602923387,,1357521.256568703,79951.11111526098,1334736.8546719044
afimico pululu__1999-03-23,,,,,,,,,,,,2064741.8845133516,,,2446861.8780129035,,,,2255801.8812631276,270199.6386304926,2255801.8812631276
agon mucolli__1998-09-26,,,,,,,,541701.6302610852,,,,580152.4173276303,,,623540.800756763,,547648.9432059269,,573260.9478878514,37538.96317362729,563900.6802667787
agustin albarracin__2005-08-29,,,,,,1818803.4162332795,,1816487.7780324956,,,1108546.4601668804,,1289015.805185598,,,,,,1508213.3649045634,364819.81794811855,1552751.791609047
agustin alvarez__2001-05-19,,,,,,,,,,,3813980.032802058,,,,,,,,3813980.032802058,,3813980.032802058
agustin anello__2002-04-22,,,,,,,,,,1585864.4359033436,,,,,1429138.4697038052,,,,1507501.4528035745,110821.99348770727,1507501.4528035745
agustin martegani__2000-05-20,Agustín Martegani,MID,2050000.000000001,2101652.243570044,,2277839.1251413226,,2363909.918532616,,,,,1983233.263762595,,,,,,2181658.6377516445,171503.02976279685,2189745.6843556836
agustin moreira__2001-05-28,,,,,744962.5060612898,,,,,755525.0534943026,,,614646.2037343469,,,,,,705044.5877633132,78465.23260881215,744962.5060612898
agustin rogel__1997-10-17,Agustín Rogel,DEF,1400000.0000000007,1277492.7393060692,,,1346301.6881916036,,,,,,,1066355.689059337,,,1234097.230087513,1263866.722791728,1237622.8138872501,104204.49752229889,1263866.722791728
ahmad benali__1992-02-07,,,,,,,,763539.3882368451,,,,,,,,,,,763539.3882368451,,763539.3882368451
ahmed abdullahi__2004-06-19,,,,,,428865.39318748325,426988.30657774815,,,,,316511.1870640982,,503452.2227290991,,,,,418954.27738960716,77022.2161963481,427926.84988261573
ahmed kutucu__2000-03-01,,,,,,,2100244.202851054,,,,,1700354.015636036,,,,1837629.4590070364,,,1879409.2258313752,203192.52482470314,1837629.4590070364
ahmed sidibe__2002-02-10,Ahmed Sidibé,DEF,700000.0000000006,756884.56610358,,,,,,,,,725769.2124693921,,,,,,741326.889286486,22001.877553751703,741326.889286486
ahmed touba__1998-03-13,,,,,,1938055.4267187952,,,,,,2280350.5936857564,,,,2221856.355028197,,,2146754.1251442493,183089.4700205092,2221856.355028197
ahmet arslan__1994-03-30,,,,,,,578379.1544491111,,,,645163.7926728677,781483.0472838752,,,,,,,668341.9981352846,103516.7606115181,645163.7926728677
ahmet gurleyen__1999-04-26,,,,,1311542.050379307,,,1231661.7336164871,,,,,1168763.1754312683,1143625.4889025015,,,1068701.990562039,,1184858.8877783206,91775.29620609297,1168763.1754312683
ahmet oguz__1993-01-16,Ahmet Oğuz,DEF,925000.0000000007,826960.2057636702,,,,,,,,,,,,,,,826960.2057636702,,826960.2057636702
ahmet sagat__1996-05-27,,,,,,451613.4535486059,,,,447863.41536593926,,,452275.2437026437,,,,,,450584.03753906296,2379.2499466564254,451613.4535486059
ahmet sivri__1999-07-06,,,,,,,,,,,,,,,297060.54776173725,,,347361.63189489965,322211.08982831845,35568.23769159418,322211.08982831845
ahmetcan kaplan__2003-01-16,,,,,3128427.4125414444,3306451.7432708563,3205534.3014643877,,,,,,3107579.2030115267,,3343659.8803064367,3027910.180494998,,,3186593.786848275,121820.81021739032,3166980.857002916
aidan denholm__2003-11-09,,,,,,,,,,,,523731.6579334667,,,,,,,523731.6579334667,,523731.6579334667
aidan keena__1999-04-25,,,,,486943.07632350834,,,,,,,,,,469483.55613276013,,,,478213.3162281342,12345.745123141505,478213.3162281342
aidan nesbitt__1997-02-05,,,,,,,191304.66391851834,,,,,,182178.15299640567,,,196196.59638791176,,,189893.13776761192,7115.018857054051,191304.66391851834
aiden oneill__1998-07-04,,,,,,,,,,,1610279.7531623251,,,1560523.0369018824,,,,,1585401.3950321036,35183.31147733402,1585401.3950321036
aiham ousou__2000-01-09,,,,,,,2838145.7009959402,3102710.9164255233,,2786250.7868270827,3118532.230019545,,,,2845772.155445509,,,,2938282.35794272,159080.0533339155,2845772.155445509
aimar sher__2002-12-20,,,,,,,,,1350435.6959693807,,,,1345564.8915373618,1374483.84580196,,,,,1356828.144436234,15483.023832265892,1350435.6959693807
aime omgba__2002-10-22,,,,,1377754.1886287655,,1252002.5598109802,,,,,,,,,1385218.052956411,,,1338324.933798719,74850.46095939985,1377754.1886287655
aimen moueffek__2001-04-09,,,,,1627951.5776595487,,1625897.0075373547,,,,,,,,,,,1499636.376033761,1584494.987076888,73496.89255827965,1625897.0075373547
ainsley maitlandniles__1997-08-29,Ainsley Maitland-Niles,DEF,11000000.000000013,9064474.858209386,,,5773106.081314599,,,9261661.231851151,,,,,,8827712.922715073,,,8231738.773522552,1648661.028290196,8946093.89046223
aissa mandi__1991-10-22,,,,,3368607.8111915994,,3205947.883485161,,3778187.874917623,,4018316.321764999,3166138.2419069787,,,3790685.5693471185,,,,3554647.2837689132,354348.6073542835,3573397.8430546112
aitor fernandez__1991-05-03,Aitor Fernández,GK,1200000.0000000005,1410371.8296118858,,,1499098.07262641,1366912.6033566634,1479650.488958452,,,,,,,,,,1439008.2486383528,61319.94022718052,1445011.1592851689
ajdin hasic__2001-10-07,,,,,,1748609.0536098948,1657232.7566905094,1255367.3767318064,,,,,,,,,,999641.912314265,1415212.774836619,350226.80431842286,1456300.066711158
ajdin hrustic__1996-07-05,,,,,863598.1384118061,,,,,,,829853.5043953055,,,914490.817587193,,,940339.2543274174,887070.4286804305,49713.07791956919,889044.4779994995
akin famewo__1998-11-09,,,,,,1170391.1309765577,1537406.582405356,,,,,,,,1248766.3431655369,,1314356.3946848845,,1317730.1128080836,157833.1506783425,1281561.3689252106
akram afif__1996-11-18,,,,,,,,,,5980710.057069492,,,2493296.521179214,,,,7704690.723856419,,5392899.100701708,2654957.3771049324,5980710.057069492
alaa bellaarouch__2002-02-01,,,,,1390890.274439221,1705676.421771798,,,,,,1323686.039451665,,,,,,,1473417.578554228,203929.4730774306,1390890.274439221
alaa ghram__2001-07-24,,,,,,,,,,,,1829324.4378686978,,,,1808807.616857696,,,1819066.027363197,14507.583265269946,1819066.027363197
aladji bamba__2006-07-14,,,,,,,,,,,,,1224773.8752944837,,,,,,1224773.8752944837,,1224773.8752944837
alan forrest__1996-09-09,,,,,,,982168.8777084922,,,,916416.5475266906,,,,,,,,949292.7126175915,46493.91855036879,949292.7126175915
alan matturro__2004-10-11,Alan Matturro,DEF,2950000.000000002,1954191.511795623,,,,1631355.6144307505,,1549788.9768544596,,,1539153.0725155685,,,,,,1668622.2938991005,194783.82901233397,1590572.295642605
alan virginius__2003-01-03,,,,,1759624.7994163907,,,,2154250.476201187,,,,,,,,,,1956937.6378087888,279042.4920848601,1956937.6378087888
alasana manneh__1998-04-08,,,,,,,1134503.379816271,,,,,,,,,,,875595.0744109654,1005049.2271136182,183075.81845760916,1005049.2271136182
alassana jatta__1999-01-12,Alassana Jatta,FWD,587500.0000000002,613904.9771581794,,,,,,680707.5315595105,,,544239.4166071598,633451.0700895746,,,,,618075.748853606,56651.97850081917,623678.023623877
alassane sidibe__2002-06-09,,,,,,,,,,507072.9365080111,,,,,,,,,507072.9365080111,,507072.9365080111
alban lafont__1999-01-23,,,,,,,,,,3178515.7845561327,3630335.1846107463,,,,,,,,3404425.4845834393,319484.5616502548,3404425.4845834393
albert adomah__1987-12-13,Albert Adomah,DEF,180000.00000000003,162258.81639509083,,,,,148512.93424678457,,,,,119808.54364472203,,125022.28215920542,143323.4669940152,,139785.2086879636,17398.036200873867,143323.4669940152
albert rusnak__1994-07-07,,,,,,,,,3975437.886847183,4690703.616336376,3223186.9727530065,,4113852.923112973,5714514.740318389,,,,,4343539.227873585,927838.959592911,4113852.923112973
albert sambi lokonga__1999-10-22,,,,,,11249337.82744498,,,,10773022.318762628,,,,,,,,,11011180.073103804,336805.9261736107,11011180.073103804
alberto brignoli__1991-08-19,,,,,,,,,,,,,,,823470.0992290875,,,,823470.0992290875,,823470.0992290875
alberto cerri__1996-04-16,,,,,,,,,,,,1312990.7866082904,,,1145049.7567093647,1275345.526039112,,,1244462.0231189223,88127.12661459002,1275345.526039112
alberto dossena__1998-10-13,Alberto Dossena,DEF,4250000.000000002,5809351.589265603,,,,5364878.332429515,,,,,,5283592.730824336,,5256622.200815089,,,5428611.213333636,257963.6244832199,5324235.531626926
alberto paleari__1992-08-29,,,,,,,546888.1755855539,699946.408237275,,540518.2049730152,,,,,,,,,595784.2629319481,90263.27335831104,546888.1755855539
albian ajeti__1997-02-26,,,,,,,,1545040.298844866,1682520.6073800866,1603637.5911683186,,,,1734047.536025369,,,,,1641311.5083546601,83637.3730004952,1643079.0992742027
albian hajdari__2003-05-18,,,,,,,,5016940.828456267,5314397.733811324,,,,,5744949.9075566465,,5386498.721449937,,,5365696.797818543,299181.0830732373,5350448.22763063
alec georgen__1998-09-17,,,,,1264995.4969774173,,,1146484.6650636492,,,,,,,,1135492.552670652,,1477758.2281667555,1256182.7357196184,158926.76573840887,1205740.081020533
alec van hoorenbeeck__1998-12-30,,,,,1090726.6339036701,,,,,,,1300443.8809257196,,,,,,,1195585.2574146949,148292.4875010655,1195585.2574146949
alejandro alvarado__2003-07-29,,,,,,,,1175423.9438844174,,1010159.6523978588,,951928.3813997403,1272950.806424662,,,,,,1102615.6960266698,147839.8656016922,1092791.7981411382
alejandro bedoya__1987-04-29,,,,,,,,290276.6887108981,,,,,,,,,,,290276.6887108981,,290276.6887108981
alejandro garnacho__2004-07-01,Alejandro Garnacho,MID,33750000.00000005,37410863.84167021,,,,40037791.120958164,,,,36613230.375910476,40999362.13146635,34613021.64567032,,,,,37934853.8231351,2591784.110539328,37410863.84167021
alejandro marques__2000-08-04,,,,,,2584402.897575137,,,,,,,,2551630.180610316,,,2733278.24578933,2554724.9593122355,2606009.0708217546,86122.7678244622,2569563.928443686
alejo sarco__2006-01-06,,,,,,1245845.8340502034,,,,1200090.2337206558,,,,,1113806.0157071624,,,,1186580.6944926737,67048.55811000042,1200090.2337206558
alejo veliz__2003-09-19,,,,,5598274.22360806,,,,,,,,,,,,,,5598274.22360806,,5598274.22360806
aleksa terzic__1999-08-17,,,,,,,1850061.2603206963,,,2185729.6719202613,2308459.1863541123,,,,,,,,2114750.03953169,237298.8533652172,2185729.6719202613
aleksandar cirkovic__2001-09-21,Aleksandar Ćirković,MID,1050000.0000000007,1328175.1237373543,,1327650.0289052937,1129429.492215093,,,1458163.5951421799,,,,,,,,,1310854.5599999803,135643.03245308565,1327912.5763213239
aleksandar dragovic__1991-03-06,Aleksandar Dragović,DEF,2750000.0,954721.0359697319,,1058708.6536574455,954214.2834667282,1002533.413065276,,959789.5420827094,,,,,,1063748.3367709247,,,998952.5441688026,51524.3418256191,981161.4775739927
aleksandar jovanovic__1992-12-06,,,,,,,,,461187.7182354823,,,,,,,,,,461187.7182354823,,461187.7182354823
aleksandar palocevic__1993-08-22,,,,,,1306784.1862185628,956092.0386646913,,,,,,,1246771.328986554,,,,,1169882.5179566026,187563.75592098347,1246771.328986554
aleksandar pavlovic__2004-05-03,,,,,,,,,,,,,34662688.08988326,46801853.7068501,,,,,40732270.898366675,8583686.32570383,40732270.898366675
aleksandar pesic__1992-05-21,,,,,,1697306.5094151797,1178734.491412126,,,,,,,,1198857.9660907523,,1233031.8002736238,,1326982.6917979205,247897.81104855487,1215944.883182188
aleksandar radovanovic__1993-11-11,,,,,,1211994.1995729073,1360252.9993327928,,,,,,,,,1113583.6464014265,,,1228610.2817690421,124171.30529859253,1211994.1995729073
aleksandar stankovic__2005-08-03,,,,,4587386.268776529,,,4267224.957604389,,,,,,4608291.337693347,,,,,4487634.188024755,191165.96746669555,4587386.268776529
aleksandar vukotic__1995-07-22,Aleksandar Vukotić,DEF,850000.0000000005,1297511.399469043,,,,,,,,,,,,,,,1297511.399469043,,1297511.399469043
aleksey miranchuk__1995-10-17,,,,,10107000.327956757,,9795002.437156813,,10677854.044083152,,8847019.768751249,10764414.682436705,,,10519428.468049672,,,,10118453.288072392,722809.9668791346,10313214.398003213
alen halilovic__1996-06-18,,,,,,,,,,1734639.6310171667,1839080.3737407885,1917666.4699570562,,,,,,,1830462.1582383371,91817.27055362237,1839080.3737407885
alen sherri__1997-12-15,,,,,,,998406.8617337928,,895432.8232178106,902640.3736538971,,,,,,,,,932160.0195351668,57484.5220193177,902640.3736538971
ales mateju__1996-06-03,,,,,,,,,,,811052.4626247981,989561.1998774131,,,,,,911219.1215512359,903944.261351149,89476.4494829723,911219.1215512359
alessandro bastoni__1999-04-13,,,,,,,,,,,,,,84934958.4231789,78654101.36446832,,,,81794529.89382361,4441236.617877641,81794529.89382361
alessandro bellemo__1995-08-07,,,,,,1455398.0201906036,,,,1606676.2416758768,,,,,1417308.1070384944,,,,1493127.4563016582,100163.39334284786,1455398.0201906036
alessandro bianco__2002-10-01,,,,,,3368053.7766427607,3665619.6729325084,,,,,,,,,,,,3516836.724787635,210410.8631163335,3516836.724787635
alessandro buongiorno__1999-06-06,,,,,,,29691998.680200566,,,,,,30278722.753942467,36177207.45047786,35755643.85579341,38195892.15177883,,,34019892.97843863,3802394.957149509,35755643.85579341
alessandro circati__2003-10-10,,,,,,,,,,,,,3261371.594704344,,,,,,3261371.594704344,,3261371.594704344
alessandro confente__1998-06-07,,,,,,,,,,544198.0820101651,,,,,,460986.1365097927,,491357.8896514485,498847.36939046875,42108.50506204337,491357.8896514485
alessandro deiola__1995-08-01,,,,,,1684054.2024598997,,1814866.4627394916,,,,,,,,,,,1749460.3325996958,92498.23630603909,1749460.3325996958
alessandro dellavalle__2004-05-11,,,,,1605771.6694123093,,,1404715.5053017796,,,,1517037.6584460805,,,,,1476504.857273917,1314269.5373937895,1463659.8455655752,110681.81324808298,1476504.857273917
alessandro di pardo__1999-07-18,Alessandro Di Pardo,DEF,999999.9999999997,1225458.151489164,1160640.581086464,,,1239400.21837896,1369788.9784505928,1130192.1728090516,,,,1190762.0090931354,1204316.5864338519,,1064021.528931953,,1198072.5283341466,89455.08473565454,1197539.2977634936
alessandro fontanarosa__2003-02-07,,,,,,1036800.7621718277,,,,,1011620.2674663574,,,1030822.0831357872,,,,,1026414.3709246576,13156.187654680238,1030822.0831357872
alessandro mallamo__1999-03-22,Alessandro Mallamo,MID,562500.0000000003,649582.5766124305,,,,578196.9009398479,,,,,,,,629568.7329041434,,,619116.0701521406,36822.85013090536,629568.7329041434
alessandro marcandalli__2002-10-25,,,,,1417170.8489517749,1667691.8577153487,,,1756513.0325094473,,,,,,,1676581.4581270295,,,1629489.2993259,147072.83915258327,1672136.657921189
alessandro micai__1993-07-24,,,,,,,401607.34644724184,,,612437.8100035067,,,,,515717.0349600877,,,428904.00518879207,489666.5491499071,95215.40532180101,472310.5200744399
alessandro murgia__1996-08-09,,,,,,,,,,,,,,,,,,935184.3839446781,935184.3839446781,,935184.3839446781
alessandro nunziante__2007-03-14,,,,,,,302737.784362037,249545.14567267042,,,,,,,,260934.53591513372,230548.59395612573,,260941.5149764917,30553.423510934936,255239.84079390205
alessandro plizzari__2000-03-12,,,,,685604.7542402709,741280.464112792,,,,,,,,,744852.5355788972,794663.7063770368,,,741600.3650772492,44579.1639390082,743066.4998458447
alessandro schopf__1994-02-07,Alessandro Schöpf,MID,1400000.0000000007,912533.7613941086,,846773.104741719,,,,,,,,,,,,,879653.4330679139,46499.80625418499,879653.4330679139
alessandro sersanti__2002-02-16,,,,,1800977.9981285695,1996217.2731126149,1415371.866845648,,1937426.053702647,2057586.456069735,1753239.6065941497,2044720.7730532296,,1986000.4928378335,,,,,1873942.5650430534,215343.12461701274,1961713.2732702403
alessandro sorrentino__2002-04-03,,,,,607557.7214222037,,,,,,,,,,585432.6513190828,,,,596495.1863706433,15644.787104144516,596495.1863706433
alessandro tripaldelli__1999-02-09,,,,,,,,,655554.3415828128,620515.0117087258,,,,,548964.5534208501,,,,608344.6355707962,54327.104437905014,620515.0117087258
alessandro vinciguerra__2005-08-18,Alessandro Vinciguerra,MID,487499.9999999996,616593.6013031525,,,,,,,724085.5681379709,,,,,,611620.5084384306,,650766.5592931848,63544.792915286656,616593.6013031525
alessandro vogliacco__1998-09-14,,,,,,,1590273.9578630615,,1724411.9432501255,,,,,,,,,,1657342.9505565935,94849.87908189501,1657342.9505565935
alessandro zanoli__2000-10-03,,,,,,,3958530.7339776545,,,,,3926227.676258607,,3817596.4185448345,,,,,3900784.9429270322,73831.69933142286,3926227.676258607
alessio castromontes__1997-05-17,,,,,,,,,,7205550.375083564,,,,9191373.180188121,,6175934.212244899,,,7524285.922505528,1532779.2744685733,7205550.375083564
alessio romagnoli__1995-01-12,,,,,,,,,,,,,,19556340.10317882,20872614.489774473,,19256242.697599165,21065411.92805584,20187652.304652076,913913.5815026558,20214477.296476647
alessio zerbin__1999-03-03,,,,,,3670920.699426617,,,,,,,5710003.684998695,,3784383.1584755206,,,,4388435.8476336105,1145916.4864734798,3784383.1584755206
alex bangura__1999-07-13,,,,,,,,,,,,,,1451786.112510796,,1317181.6756057914,,,1384483.8940582937,95179.71011332549,1384483.8940582937
alex cairns__1993-01-04,Alex Cairns,GK,157500.00000000006,290803.21900163556,255964.3198568844,,,,,,,,,,,,,222972.7083855358,256580.08241468528,33919.447449153675,255964.3198568844
alex cochrane__2000-04-21,Alex Cochrane,DEF,1949999.999999999,2573075.7353127655,,,,,2566824.114761211,,,2291292.313102216,,,2106121.5002065236,,,,2384328.415845679,227292.0551858506,2429058.2139317133
alex ferrari__1994-07-01,,,,,,,,,,1110929.9023147605,,1065120.2449454202,,,1034447.572209533,,,,1070165.9064899045,38490.00818260974,1065120.2449454202
alex freeman__2004-08-09,,,,,,,,,,,,,,,,,5073587.24474139,5493363.304629724,5283475.274685557,296826.4985268106,5283475.274685557
alex gersbach__1997-05-08,,,,,392142.21207003575,384540.12403380737,,,,,396613.34353566734,,,407775.35719113454,,,,,395267.7592076612,9714.281682704535,394377.7778028515
alex gilbert__2001-12-28,,,,,904064.1012594539,971456.6744502569,,,,,,,,,,,,,937760.3878548554,47653.74550482748,937760.3878548554
alex gogic__1994-04-13,,,,,335787.3654360168,,,305778.23509741883,,,,,,,328902.92319355573,407768.59049123584,,,344559.2785545568,44050.934042620785,332345.1443147863
alex iwobi__1996-05-03,,,,,,,22606245.332696598,21410842.52469902,22229086.678833753,,21339450.680653583,,,,,,,,21896406.30422074,621964.4761041962,21819964.601766385
alex kral__1998-05-19,,,,,,,3265266.715141973,,,,,,3537382.4755708403,,,,,,3401324.5953564066,192414.89946698604,3401324.5953564066
alex lowry__2003-06-23,,,,,1245809.3085967253,1255096.6419800934,,,,,,1171908.0792482267,,,,1198869.2943223342,,1089306.7629650626,1192198.0174224884,66845.35377088652,1198869.2943223342
alex matos__2004-10-03,,,,,,,,,,,2297571.892099697,,,,1771123.803915327,1796656.786756455,,2207437.0432144483,2018197.3814964816,273244.3074115374,2002046.9149854516
alex meret__1997-03-22,,,,,,17469980.49649091,,,,20018839.798077196,,,,,,,,21542673.782500997,19677164.692356367,2057732.7471952992,20018839.798077196
alex mighten__2002-04-11,,,,,,,,,,,1295664.0496948028,,,,,,,,1295664.0496948028,,1295664.0496948028
alex mitchell__2001-10-07,Alex Mitchell,DEF,712500.0000000002,725730.6743872238,,,,,,799565.9531891748,,,,,,,,,762648.3137881993,52209.42633165888,762648.3137881993
alex murphy__2004-06-25,Alex Murphy,DEF,850000.0000000005,1718894.640583373,,1360923.6841108238,,,,,,,,1310934.7069262417,1319534.5931450063,,1448831.1298675633,,1431823.7509266015,169520.48697419607,1360923.6841108238
alex palmer__1996-08-10,,,,,,,2977937.620641344,,2350493.8646985753,,,,2394758.949809375,,,2482562.607951355,,2033799.2246684858,2447910.453553827,341296.3351981039,2394758.949809375
alex plat__1998-02-04,Alex Plat,MID,637500.0000000003,535213.4085737597,,,,,,,,,,560625.1400857467,,,,,547919.2743297531,17968.807673817835,547919.2743297531
alex robertson__2003-04-17,,,,,,,1464085.6062989107,,1580518.091226104,,,,,,1794718.2387012553,,,,1613107.3120754233,167708.1613667035,1580518.091226104
alex scott__2003-08-21,,,,,,,,,,,,,,29979165.682269964,,,,,29979165.682269964,,29979165.682269964
alex timossi andersson__2001-01-19,,,,,,901402.3578948438,894391.454172779,,,,,869238.523839565,,,,,,,888344.1119690626,16913.1846817953,894391.454172779
alex toth__2005-10-23,,,,,,,,,,,6519017.172853746,,6138056.387332181,,,,,,6328536.780092964,269379.9548084525,6328536.780092964
alexander bah__1997-12-09,,,,,,,,8115569.640414494,,,,,,,,,,9972747.168285258,9044158.404349877,1313222.8238246855,9044158.404349877
alexander brunst__1995-07-07,,,,,,,,,,,,438823.59516870615,423180.599201468,,431529.3150667345,,,,431177.83647896955,7827.418706444686,431529.3150667345
alexander busch__2003-07-25,,,,,,2166822.451316862,2182434.7904625772,2087896.3570149222,,2136103.0002614916,,,,,,,,,2143314.149763963,41658.1212606247,2151462.7257891768
alexander callens__1992-05-04,,,,,,,,,,,,,1210425.5690437753,,,,,,1210425.5690437753,,1210425.5690437753
alexander djiku__1994-08-09,,,,,,,,,,2916370.879611732,,,,,,,,1851075.5924119009,2383723.236011816,753277.5215450713,2383723.236011816
alexander groi__1998-07-01,,,,,,,,,380572.40556023904,,393240.1711577449,,,,390750.09149517515,,,,388187.556071053,6711.4091037761,390750.09149517515
alexander isak__1999-09-21,,,,,,,,,,101502606.57591265,,,,,107602196.99495801,,,,104552401.78543533,4313061.747767468,104552401.78543533
alexander jensen__2001-08-24,,,,,,,1318398.0848846417,,,,1371907.9546162088,,,,,,,,1345153.0197504251,37837.19174759988,1345153.0197504251
alexander jeremejeff__1993-10-12,Alexander Jeremejeff,FWD,1200000.0000000005,1560636.5966115026,1644600.1379544877,,,,,,,,1456352.3225257376,,1781990.6816017586,1582789.944431181,1750600.0201864962,,1629494.9505518607,122515.91954519377,1613695.0411928343
alexander lind__2002-06-26,,,,,,,2735708.011365943,,,,,2785686.2635481064,,2548776.7292037383,,,,,2690057.001372596,124878.11217693776,2735708.011365943
alexander lyng__2004-11-26,,,,,,,,,,,,,,,1060747.2379306746,,,,1060747.2379306746,,1060747.2379306746
alexander meyer__1991-04-13,,,,,,,,,,,1070558.9207388044,,,,,1011148.4171476943,,,1040853.6689432494,42009.569962981695,1040853.6689432494
alexander nubel__1996-09-30,,,,,,,,12483113.033723263,,,13175308.410539955,,,,,,,,12829210.72213161,489456.04485306033,12829210.72213161
alexander prass__2001-05-26,Alexander Prass,DEF,5250000.0,5048572.32280016,,5436466.3173048915,,,,,,,,,5561280.084319482,4871103.1165115,,,5229355.460234009,323571.8095230249,5242519.320052526
alexander ring__1991-04-09,,,,,,,,,699625.6839937597,,579424.5747635249,,390210.7799815435,,,,,580772.6210874466,562508.4149565687,127941.85941852666,580098.5979254858
alexander rossipal__1996-06-06,,,,,,796816.799892328,,782828.2230479991,,,,,,825450.6479946736,,,,,801698.5569783334,21726.51470597158,796816.799892328
alexander rssinglelesiit__2007-01-20,,,,,,1044072.2044718809,803325.2145279873,,,,,862882.2047220469,,959205.4108644886,,,,,917371.258646601,106111.23588245758,911043.8077932678
alexander schwolow__1992-06-02,Alexander Schwolow,GK,600000.0000000003,655041.3332987361,,,,,,679731.5941027409,,,,,541369.184624544,560199.1084213733,,,609085.3051118485,68503.49839146821,607620.2208600547
alexander simmelhack__2005-11-11,,,,,,661675.0362830745,,,,,,,,687903.6730463908,,,,,674789.3546647327,18546.446916619687,674789.3546647327
alexander srloth__1995-12-05,,,,,,,,,,,28836668.56601145,,,,,,35196104.62804604,,32016386.597028747,4496800.363986934,32016386.597028747
alexandre jankewitz__2001-12-25,,,,,,,,678277.1436488109,663267.3235408851,,682913.6225237863,794701.2304114718,,,,,,,704789.8300312385,60524.5665210916,680595.3830862986
alexandre lacazette__1991-05-28,,,,,5370832.807188434,5649301.160010901,,,,,,,,,,,,,5510066.983599667,196906.86062661497,5510066.983599667
alexandre lauray__1997-03-18,,,,,,,,,,,,,505522.5843796566,,,552074.2586608562,,,528798.4215202564,32917.004559823625,528798.4215202564
alexandre mendy__1994-03-20,Alexandre Mendy,FWD,2400000.000000001,1312679.9662516783,,,,1257512.6541925748,,,,,1295716.848085717,,,1366835.640150515,,,1308186.2771701212,45399.13268969348,1304198.4071686976
alexandre olliero__1996-02-15,,,,,,,,,,,,815780.2739741965,,,,,,,815780.2739741965,,815780.2739741965
alexandro calut__2003-04-22,Alexandro Calut,DEF,625000.0000000002,737988.8547849322,,,797448.1948670214,,,863165.4737753164,,,,,830198.4751654745,,,,807200.2496481861,53373.97755434778,813823.3350162479
alexandros katranis__1998-05-04,Alexandros Katranis,DEF,775000.0000000007,1044996.4513866556,,873624.8654756598,,,868226.1709370469,,,988971.9988997872,993052.960777649,,,,,,953774.4894953597,78812.4139087543,988971.9988997872
alexandros kyziridis__2000-09-16,,,,,3404229.688386833,,,,3360298.5549074276,,,,,,,,,,3382264.12164713,31064.002388498782,3382264.12164713
alexandros paschalakis__1989-07-28,Alexandros Paschalakis,GK,375000.00000000006,422798.00930686155,,,,,,,,,463067.5658782061,,,429820.0580423347,399455.52228023595,492831.40298447426,441594.5116984225,36585.351490411995,429820.0580423347
alexandru cicaldau__1997-07-08,,,,,1292495.0677415414,1339728.8351047249,,,,,,,1301101.276428949,,,,1324846.7254300723,,1314542.976176322,21658.595653862718,1312974.0009295107
alexandru mitrita__1995-02-08,,,,,,,,,,,,3030752.206393243,2620865.2264050753,,,,,,2825808.7163991593,289833.86306970794,2825808.7163991593
alexandru tirlea__2000-03-28,,,,,,,,,,,,,402699.23864719685,,,,,,402699.23864719685,,402699.23864719685
alexi pitu__2002-06-05,,,,,782757.0496335106,,,,,,,,,,,,630556.1808662895,,706656.6152499001,107622.26640778586,706656.6152499001
alexios kalogeropoulos__2004-07-26,,,,,2222535.128187814,,,,,,,,2329383.6441791677,,,,,,2275959.386183491,75553.31021720561,2275959.386183491
alexis antunes__2000-07-31,,,,,,,,,,1976466.296349764,,2178913.345296427,,,,,,,2077689.8208230957,143151.68114139035,2077689.8208230957
alexis beka beka__2001-03-29,,,,,1889144.1553520944,,,,,,,,,1913752.6939466593,,2149325.291468152,,,1984074.0469223019,143639.74175312446,1913752.6939466593
alexis blin__1996-09-16,,,,,,,,,,,,,,1396166.0630542452,,,,1120470.1533685622,1258318.1082114037,194946.4472841404,1258318.1082114037
alexis claudemaurice__1998-06-06,,,,,,,,7373695.358164262,,,,7984009.729073339,,,8295931.863114172,,,7835195.957430858,7872208.226945657,383808.23517357657,7909602.843252098
alexis flips__2000-01-18,,,,,,,,2159000.695307336,,,2035543.3043139656,2137680.1977835507,,,,,,,2110741.3991349507,65990.19625819301,2137680.1977835507
alexis mac allister__1998-12-24,,,,,,,,,79612949.73415528,,87310727.7171958,85679362.08108667,,,77655894.77659547,76558377.65770082,,,81363462.39334682,4845001.198823396,79612949.73415528
alexis mirbach__2005-03-04,,,,,,275820.5276879342,,,268962.6390620961,,,,,,264389.7863306105,,260480.2502970346,,267413.3008444189,6590.162922085096,266676.2126963533
alexis saelemaekers__1999-06-27,Alexis Saelemaekers,DEF,20249999.999999974,22034414.111041043,,,,,,,,,,,,,,,22034414.111041043,,22034414.111041043
alexis trouillet__2000-12-23,,,,,1205874.9185305755,,,1269619.4451492769,,,,,,,1278345.925932162,,1176295.4102225555,,1232533.9249586426,49489.21904300805,1237747.1818399262
alexis vossah__2008-03-11,,,,,,,,,,,3088471.2018368156,,,,,,,,3088471.2018368156,,3088471.2018368156
alfie devine__2004-08-01,,,,,,,,,4014062.1131496853,5747394.987634973,,,,,,,,,4880728.550392329,1225651.4296021175,4880728.550392329
alfie dorrington__2005-04-20,,,,,1066625.4892823966,1104020.885805933,1223942.2763519,,1133562.5533159766,,,1176296.1610273179,,,,,1248192.8049629428,,1158773.3617910778,70248.8742025436,1154929.3571716473
alfie gilchrist__2003-11-28,,,,,,,,,3780411.2258620616,,,3953274.2607373614,,,,,,4771779.294721518,4168488.2604403137,529566.2954150675,3953274.2607373614
alfie jones__1997-10-07,Alfie Jones,DEF,2449999.9999999995,2359331.784793646,,,2319203.400488311,,2269443.8773836154,,2159186.2096081884,2378452.038550002,,,,,2297067.1506027724,,2297114.0769044226,78440.53048842402,2308135.2755455417
alfie mccalmont__2000-03-25,,,,,,665527.4157238528,,,,,,,,589300.634988544,,,,,627414.0253561984,53900.47356595691,627414.0253561984
alfons sampsted__1998-04-06,,,,,,,,1685202.1641324286,1720752.803329685,1498605.6096470312,,1856981.7530049141,1635752.0602201764,,,1532674.8111907085,,,1654994.866920824,131015.54914567572,1660477.1121763024
alfonso trezza__1999-06-22,,,,,,,,2035417.1200289063,,,,,,2106496.129767249,,1990732.1984683808,,,2044215.149421512,58381.29784731686,2035417.1200289063
alfred duncan__1993-03-10,,,,,,1814517.5822638343,,2067971.9978391235,,,,2150739.849551745,,,,,,,2011076.4765515674,175183.2712104466,2067971.9978391235
alfred gomis__1993-09-05,Alfred Gomis,GK,825000.0000000006,607099.5020992755,,,,523319.3367741531,,,,,,,,,,,565209.4194367143,59241.523030324075,565209.4194367143
alhassan yusuf__2000-07-18,,,,,,,,,2619461.060027357,,,,,,3021395.069045507,2559160.36446184,,,2733338.8311782344,251279.4074374304,2619461.060027357
ali abdi__1993-12-20,Ali Abdi,DEF,3550000.0000000014,2836337.162321088,,,,,,,,2915950.058307015,2249068.7915467788,2687681.8670909028,,,2754383.9972536517,,2688684.3753038878,260302.87311802153,2754383.9972536517
ali coote__1998-06-11,Ali Coote,MID,412500.00000000006,478109.86052860296,,,,468070.71671985945,,,,,,,,,,392178.6423592712,446119.7398692446,46983.269389629524,468070.71671985945
ali emre yanar__1998-05-15,,,,,,,214464.30297812342,,,,,,,,,211274.3453108341,199911.26173977362,,208549.97000957708,7649.471740444046,211274.3453108341
ali fadal__2004-01-14,Ali Fadal,MID,299999.99999999977,464301.8849739872,,,,,,,,,529966.4151612602,,,507991.9432089187,,,500753.4144480554,33425.36245346048,507991.9432089187
ali maamar__2005-03-23,,,,,,697548.776416292,414432.916260593,,689703.456691316,,518635.90814428625,,,,,,,,580080.2643781218,137877.41954934408,604169.6824178011
ali mccann__1999-12-04,,,,,,,,,1940709.7336195223,,,,,2048539.6371248802,,,,,1994624.6853722013,76247.25598332965,1994624.6853722013
ali sowe__1994-06-14,Ali Sowe,FWD,1699999.9999999988,1683258.9783482065,,,,,,,,,,1644793.1079772573,1793849.8847807145,,,,1707300.6570353927,77382.05485338537,1683258.9783482065
ali yavuz kol__2001-01-29,,,,,,,571749.1721653946,,,,577985.5160722997,,,,,489751.8350347043,,,546495.5077574662,49240.291346439386,571749.1721653946
alidu seidu__2000-06-04,Alidu Seidu,DEF,5750000.000000005,7499152.249674853,7510661.409165088,7636420.424528338,,,,,,,,,,7072002.151878043,,8531452.271888135,7649937.701426892,536980.9801540493,7510661.409165088
alieu fadera__2001-11-03,,,,,4133015.739921765,,,3541874.6676864475,3910873.959233317,,,,,,,3999196.747298,,4083796.7064620303,3933751.564120312,234837.0260751822,3999196.747298
alimami gory__1996-08-30,Alimami Gory,MID,1450000.0000000002,1623946.5215338804,,,,1707355.7260385472,,,,,,,,,,,1665651.1237862138,58979.21411862545,1665651.1237862138
alin tosca__1992-03-14,,,,,276487.31253976474,,,,347622.53774110187,,,,332648.66148104426,,,,286109.1148511286,,310716.9066532599,34738.240246974674,309378.8881660864
aliou balde__2002-12-12,,,,,1246005.645809179,,,,1596569.5129535107,,,,,,1457830.172024951,,,,1433468.4435958804,176547.09455506774,1457830.172024951
aliou thiare__2003-12-20,,,,,,,,976466.6137900132,,,,,,,1071674.9815148313,,,,1024070.7976524222,67322.48244392128,1024070.7976524222
alioune ndoye__2001-10-05,,,,,,,,,927940.9995521675,,,,,,,,,,927940.9995521675,,927940.9995521675
alistair johnston__1998-10-08,,,,,,,,,,,,11666184.249916833,,,,,12816712.286889073,,12241448.268402953,813546.1768883175,12241448.268402953
allahyar sayyadmanesh__2001-06-29,,,,,,4385597.312452848,4793133.283259745,,,,,4286297.309473452,,,,,,,4488342.635062016,268585.4185720461,4385597.312452848
allan campbell__1998-07-04,,,,,,770563.411602761,821090.2483276157,,,,,,,,,,,,795826.8299651884,35727.86888005021,795826.8299651884
allan tchaptchet__2001-12-21,,,,,,,,745345.3761216993,,691743.4354663193,807586.363078977,,,,772725.9330184577,,,,754350.2769213633,48895.979527183874,759035.6545700785
ally samatta__1992-12-23,,,,,1331687.3356434917,,,,1220841.3780887828,,,,,1415708.3323219416,1412721.6714746587,,,,1345239.6793822187,91611.96008056359,1372204.5035590753
almugera kabar__2006-06-06,,,,,1109916.6218119902,,,,,,,,,,1019345.7346981213,,,,1064631.1782550558,64043.28845629795,1064631.1782550558
alonzo engwanda__2003-01-27,Alonzo Engwanda,MID,5199999.999999999,2660533.2718723565,,,,2941453.1307948264,2965527.153735097,,2547248.765893295,,,,,,,,2778690.5805738936,207304.94125585648,2800993.2013335917
alou kuol__2001-07-05,Alou Kuol,FWD,462500.00000000006,493824.98788421333,,,,,458608.5168461864,,,,505486.9431176817,,,,,,485973.4826160271,24405.559072786502,493824.98788421333
alouis diriken__2004-04-01,Alouis Diriken,DEF,262500.00000000023,338978.35769454954,,,,,,,,,,,332440.1997055577,,,322759.51182504155,331392.68974171625,8160.006015805039,332440.1997055577
alpha sissoko__1997-03-07,,,,,,,,,,,,,,1589154.1945630293,1697617.3798615257,,,,1643385.7872122775,76695.05383365985,1643385.7872122775
alpha toure__2006-01-25,,,,,,,,,,1548796.685374871,,1632120.1629675922,,,,,,,1590458.4241712317,58918.59603785861,1590458.4241712317
alphadjo cisse__2006-10-22,,,,,,1203537.9500584796,,,,1385537.5183912767,,,,,,1574950.1597666233,,,1388008.5427387932,185718.43433290636,1385537.5183912767
alphonse areola__1993-02-27,,,,,5001636.947334098,,,,,,,,,,,,4471453.70004149,,4736545.323687794,374896.1694321074,4736545.323687794
alphonso davies__2000-11-02,,,,,,,,,51911978.205071956,,,,,,,,,,51911978.205071956,,51911978.205071956
altay bayndr__1998-04-14,,,,,5322304.511410976,,5321335.918413878,,5989487.323994875,5164260.625999733,,,5265402.299710853,,,,,,5412558.135906063,328869.65173131396,5321335.918413878
altin zeqiri__2000-07-18,,,,,1242265.5354906884,1423239.215818037,1026006.3603371705,,,,,,,,,,,1247095.8725679433,1234651.7460534598,162594.54358127294,1244680.7040293158
alwande roaldsy__2004-06-09,,,,,,,744999.6389576793,,,823881.6018741159,854279.9449467886,,754352.2331522938,,,769857.6962691327,,,789474.2230400022,47381.43158351722,769857.6962691327
amad diallo__2002-07-11,,,,,31305563.45683194,,,,,,,,,,,,35594783.763824336,,33450173.610328138,3032936.765077369,33450173.610328138
amadou dante__2000-10-07,Amadou Dante,DEF,2100000.000000001,1299244.2224092477,,,,1223312.2376347678,,,,,,,,,1332588.6630672656,,1285048.3743704269,56004.248633313815,1299244.2224092477
amadou diawara__1997-07-17,,,,,,,,,,,,,,,1828079.535060491,1893876.3677354422,,,1860977.9513979666,46525.386565054665,1860977.9513979666
amadou haidara__1998-01-31,,,,,,,,6946425.287206915,,,,6070871.492298545,7162264.570803667,,,,,,6726520.450103044,577973.4561279458,6946425.287206915
amadou onana__2001-08-16,,,,,,,,,,,,33035636.971457243,33656928.634883516,,,,,42022394.94030504,36238320.182215266,5018778.879183581,33656928.634883516
amadou sagna__1999-06-10,,,,,,,581772.6366795779,,,,,775926.8257446376,710041.9794614486,,681555.1851052769,,,687389.2387647636,687337.1731511408,69894.4565635781,687389.2387647636
amady camara__2005-05-28,,,,,786695.4915968217,886474.7901249777,,,,,,877015.8993349287,,,,,,,850062.0603522427,55080.479124832804,877015.8993349287
amando lapage__2004-11-08,,,,,,,,,,,,,,793050.6902505693,,,721984.4656329827,,757517.577941776,50251.40934042184,757517.577941776
amar dedic__2002-08-18,,,,,,6509374.936559384,,,,,,,6489409.845582957,6649714.664733109,,6387486.689769269,,,6508996.534161179,107935.19060627717,6499392.391071171
amar fatah__2004-02-19,,,,,,,,,,,,,,890769.9892295876,,,,,890769.9892295876,,890769.9892295876
amara conde__1997-01-06,,,,,,,,,,,,,,,,,1126612.2678567315,1189455.1341499286,1158033.70100333,44436.61690511914,1158033.70100333
amario cozierduberry__2005-05-29,,,,,2196772.400762346,,,,,2153771.389556865,,,,,,1922370.025009803,,,2090971.2717763383,147587.45559699857,2153771.389556865
amath ndiaye__1996-07-16,,,,,2335259.33236577,,,,2352039.6347772866,,,2155099.176487204,2106024.928471553,,,2519936.4919496803,,,2293671.9128102986,166392.42635221948,2335259.33236577
amin cherni__2001-07-07,,,,,,929244.8653155487,,,,1015022.9477191494,,980555.8507545353,,,,,,,974941.2212630777,43163.7915787583,980555.8507545353
amin nouri__1990-01-10,,,,,,,151913.807356763,141042.85172817993,,,166517.8826973484,183599.16652504663,,,,,,,160768.4270768345,18455.36522628706,159215.8450270557
amin sarr__2001-03-11,Amin Sarr,FWD,3449999.999999999,2696348.109793309,3276772.212939013,,,,,,,,,,,,,2861109.4905938897,2944743.271108737,299113.67707032035,2861109.4905938897
amine adli__2000-05-10,,,,,,,21866721.64648997,,,,,,,,,,,,21866721.64648997,,21866721.64648997
amine boukamir__2006-10-23,,,,,,,288193.5206910738,,,,,,251463.16208166286,,314953.54232657846,,,280559.18977477675,283792.353718523,26115.256889202057,284376.35523292527
amine boutrah__2000-10-26,,,,,,2356835.241051548,2206529.5164496326,2091109.4911226905,,2305601.490688826,,2463186.035366004,2199154.620934372,2314496.536650594,2434503.671839683,,,,2296427.075512919,125716.42177816953,2310049.0136697097
amine el ouazzani__2001-07-15,,,,,2530946.4050281993,2385667.6577089503,,,,,,2631053.4143565036,2141998.933297476,,2671890.117664656,,,,2472311.305611157,215105.91531763217,2530946.4050281993
amine gouiri__2000-02-16,,,,,,,,27570425.835608955,27883709.445566658,,,,,,29132797.247953065,,,,28195644.176376224,826576.4119193457,27883709.445566658
amine harit__1997-06-18,,,,,,6514308.506454702,,,7766623.65616639,,,,,,6440964.102432414,,,,6907298.755017836,745100.2044697249,6514308.506454702
amine ouahabi__2008-07-04,,,,,,,433080.75254055305,,,473167.78252228786,476872.6968572469,,,,,,,,461040.41064002924,24284.53125627611,473167.78252228786
amine salama__2000-07-18,,,,,,,,1484369.3144901819,,,,,,,,1598680.967645644,,,1541525.1410679128,80830.54511487187,1541525.1410679128
amine sbai__2000-11-05,,,,,,1805162.359469098,,1887748.3635254614,,1841671.4467292475,,1928383.5854673341,,,,,,1561420.312544549,1804877.213547138,143828.55327877382,1841671.4467292475
amir abedzadeh__1993-04-26,,,,,,,,533115.2289736228,,585468.0330141628,,,629657.4599551631,,,,,,582746.9073143163,48328.6042062984,585468.0330141628
amir abrashi__1990-03-27,,,,,,,,,,,340711.7762466656,,,360907.89651971764,,369232.4335102197,,,356950.702092201,14666.339471359453,360907.89651971764
amir hadziahmetovic__1997-03-08,,,,,,2201176.5281908866,,2655042.6524620852,,,,,3150667.66800233,,,,,,2668962.2828851007,474898.5925736605,2655042.6524620852
amir murillo__1996-02-11,,,,,,,,7525913.015818401,,,,,,,,,,,7525913.015818401,,7525913.015818401
amir richardson__2002-01-24,,,,,,,,,,5450099.458223292,,,5839057.344579238,,,,,,5644578.401401265,275034.75903827645,5644578.401401265
amir rrahmani__1994-02-24,,,,,,,22865538.02407572,,,,,,,,,21223063.21232039,,,22044300.618198056,1161405.0773202914,22044300.618198056
amourricho van axel dongen__2004-09-29,,,,,,,,,,,1510218.1715385343,1493611.9803346666,,,,,1467624.4578893962,,1490484.8699208659,21468.354041734776,1493611.9803346666
anan khalaili__2004-09-03,,,,,,10587513.000750571,6249864.195687434,,,10141113.354328219,,,,,,,,,8992830.183588741,2385941.1076489394,10141113.354328219
anass salaheddine__2002-01-18,Anass Salah-Eddine,DEF,4849999.999999997,8204041.097265557,,,9253603.256153887,,,9496689.313632831,7725944.058025196,,,7868891.3691219995,,,,,8509833.818839895,813307.4930513253,8204041.097265557
anastasios bakasetas__1993-06-28,,,,,,,3627832.932971434,,,,,,2896188.533877622,,,,,,3262010.733424528,517350.7160163914,3262010.733424528
anatoliy trubin__2001-08-01,,,,,,,,,,25307251.02686903,,24211007.589427404,24736249.15388041,,,,,,24751502.59005895,548280.8760297016,24736249.15388041
anders brset__2006-02-22,,,,,,,,,,,,,343653.2665769857,,305235.59910320776,,,,324444.43284009676,27165.39318807825,324444.43284009676
anders christiansen__1990-06-08,,,,,,,,,,,,,,628912.9299962778,,,660706.4894684429,,644809.7097323603,22481.441500825713,644809.7097323603
anders dahl__2002-05-01,,,,,,,603039.196182669,,,,,,,,,,,588126.9805829517,595583.0883828104,10544.52877307595,595583.0883828104
anders dreyer__1998-05-02,,,,,,,,12350019.16916796,,,,,,,,,,,12350019.16916796,,12350019.16916796
anders klynge__2000-10-14,,,,,,,,,,,,,,1168849.7131161704,,,1125327.1812296116,,1147088.4471728909,30775.077431393434,1147088.4471728909
anders trondsen__1995-03-30,Anders Trondsen,DEF,487499.9999999996,597468.4362081005,,,,,,,,,,,,634829.3367111229,,,616148.8864596117,26418.146096923007,616148.8864596117
anderson lucoqui__1997-07-06,,,,,,,,663441.3006391797,660357.8844870087,,,,,,,,,,661899.5925630941,2180.3044704202284,661899.5925630941
andi zeqiri__1999-06-22,,,,,,,,,,,,2145062.0778831355,2349027.988344483,,,,,2079831.585561693,2191307.217263104,140430.18017863206,2145062.0778831355
andras schafer__1999-04-13,,,,,,,,,5165859.717546904,,,,,,,,5327855.456374048,,5246857.586960476,114548.28544799826,5246857.586960476
andre ayew__1989-12-17,,,,,,,,,891339.9189617353,,,,,,,,,1000728.5165202178,946034.2177409765,77349.41911808915,946034.2177409765
andre brooks__2003-08-20,Andre Brooks,MID,2800000.000000002,3183273.2798990835,2473108.986239085,2910809.525724902,,2906996.055081046,,2630747.4941435005,,,,,,2783260.144509174,,,2814699.2475994653,247027.64014463636,2845128.09979511
andre onana__1996-04-02,,,,,,,,,12254190.502072906,,,,,,,,,,12254190.502072906,,12254190.502072906
andrea adorante__2000-02-05,,,,,2137238.25817092,,,1965909.0802306673,,,,,,,,,,,2051573.6692007936,121148.02353666934,2051573.6692007936
andrea belotti__1993-12-20,,,,,,,3973444.3411207567,3787654.4884283394,,,,,,,,,,,3880549.4147745483,131373.26471445806,3880549.4147745483
andrea cagnano__1998-06-17,,,,,,,688775.1666416534,,,,,654545.0911251416,,,,,,,671660.1288833974,24204.31851825311,671660.1288833974
andrea cambiaso__2000-02-20,,,,,,,,,22805193.906632084,,,,,,,,22294657.765194032,14692878.739697468,19930910.137174528,4543444.891120088,22294657.765194032
andrea carboni__2001-02-04,,,,,,,,,2137346.7466398226,2262985.2441738197,,2358431.3966867984,,,2492720.179343201,,,,2312870.8917109105,150242.94682128623,2310708.320430309
andrea ciofi__1999-06-28,,,,,,,894283.1318721195,,,,934915.7507568601,,,979501.9295361015,,926062.4256073267,,,933690.809443102,35172.51055811348,930489.0881820933
andrea cistana__1997-04-01,,,,,,,1157803.1918588749,1242804.3697051613,,,1282351.3163337086,,,,,,,,1227652.9592992484,63641.438980557126,1242804.3697051613
andrea colpani__1999-05-11,Andrea Colpani,MID,14750000.0,9525028.113258226,,,,,,,,,8683463.395590495,,,,,,9104245.75442436,595076.1186701945,9104245.75442436
andrea favilli__1997-05-17,,,,,,,,,,,,,,1206793.394304651,,,,1803943.5868454739,1505368.4905750626,422248.9505324683,1505368.4905750626
andrea fulignati__1994-10-31,,,,,,895112.8339819862,,,,,,,,,,,,,895112.8339819862,,895112.8339819862
andrea ghion__2000-02-23,Andrea Ghion,MID,1175000.0,1492872.8165356347,,,,,,1530372.2217523803,,1410704.4957038618,,1469025.1973769157,,,,,1475743.6828421983,50176.08459253488,1480949.006956275
andrea masiello__1986-02-05,,,,,,,,,,,283013.3064689644,,,,,,,,283013.3064689644,,283013.3064689644
andrea oliveri__2003-01-14,,,,,,876501.6643739681,,938243.5296590689,,1044384.9316817449,,965707.3134500226,935412.9519019047,,,,,,952050.0782133419,61006.603798013086,938243.5296590689
andrea papetti__2002-07-03,,,,,,,,,1204303.7690238382,,1211831.5838774082,,,,1302795.1557508272,,,1315195.2248890947,1258531.433385292,58570.69207774221,1257313.3698141177
andrea petagna__1995-06-30,,,,,,2198901.5873824367,,2325008.228063518,2394261.577370506,,,2082215.1097123807,2314312.4059591684,,,,,2296610.9273718917,2268551.6393099832,110854.98486555908,2305461.66666553
andrea pinamonti__1999-05-19,Andrea Pinamonti,FWD,11250000.000000019,7892031.711118961,,,,,,,,,,,,,,,7892031.711118961,,7892031.711118961
andrea tiritiello__1995-03-28,,,,,,,,,,,,673328.8907378386,,,,,,,673328.8907378386,,673328.8907378386
andreas christensen__1996-04-10,Andreas Christensen,DEF,14750000.0,20617619.630953882,,,15071247.362932364,,,,20288052.75958336,,,,,,20021246.10704083,20464801.063745506,19292593.384851187,2370200.5077833724,20288052.75958336
andreas cornelius__1993-03-16,,,,,,,,,,,,,,1111518.1873212857,,1305078.7691070419,,,1208298.4782141638,136867.9999511215,1208298.4782141638
andreas hancheolsen__1997-01-17,,,,,,,5230451.103627735,,,,,,,,,,5076102.684534731,,5153276.894081233,109140.81380608595,5153276.894081233
andreas hansen__1995-08-11,Andreas Hansen,GK,1050000.0000000007,893671.3838681453,,,,,1024371.6220160708,,,,,,,995766.7209920998,,,971269.9089587721,68707.41162951969,995766.7209920998
andreas kuen__1995-03-24,,,,,,,690811.7220158316,,,793694.9586784963,,,,774010.3820219007,,,,,752839.0209054096,54611.44564274163,774010.3820219007
andreas linde__1993-07-24,,,,,,,,,,,,,566187.6204178564,,,461622.4368297914,,,513905.0286238239,73938.75039113703,513905.0286238239
andreas muller__2000-07-20,,,,,,,,,,,1601333.874134336,,,1608997.733296536,1535030.9749746204,,,,1581787.5274684972,40673.27236833811,1601333.874134336
andreas nibe__2003-05-31,,,,,,503217.09046508046,,,509153.75727090915,,513223.0327323827,539895.6793240402,,522881.28979881416,,,,,517674.16991824534,14338.120326299939,513223.0327323827
andreas ntoi__2003-02-02,,,,,,,,3270005.514254507,,2349916.841961314,,2734958.5739071774,,,,,,,2784960.3100409997,462077.83049272123,2734958.5739071774
andreas oggesen__1994-03-18,,,,,,,,,401739.1529379278,,,439585.4049790109,,,,,,282872.97495893034,374732.5109586231,81772.33923490524,401739.1529379278
andreas poulsen__1999-10-13,Andreas Poulsen,DEF,999999.9999999997,1305067.909591593,,,,,1317698.2184323564,,,,,,,,1338087.3360906963,,1320284.488038215,16660.949085753236,1317698.2184323564
andreas pyndt__2001-03-04,,,,,573685.976338233,,,,,,,,,,,,551512.1628979117,,562599.0696180724,15679.253848416562,562599.0696180724
andreas schjelderup__2004-06-01,,,,,,,,,,,7828995.9674917655,,,10837613.938567895,,,,,9333304.95302983,2127414.1693476434,9333304.95302983
andreas skov olsen__1999-12-29,,,,,,,,,,,,,,7049051.627248145,,,7244073.312651318,,7146562.469949732,137901.15622701307,7146562.469949732
andreas tetteh__2001-05-25,,,,,3421508.7710593618,,,,,,,,,,,2602392.7190383854,2865287.2131932545,,2963062.901097001,418219.8471239687,2865287.2131932545
andreas verstraeten__2006-01-10,Andreas Verstraeten,DEF,649999.9999999995,394451.22315479914,,,377564.3625450305,,,,,,363988.83546900906,,,,,,378668.1403896129,15261.160179602564,377564.3625450305
andreas voglsammer__1992-01-09,,,,,,737754.0029493821,,,621267.2414575176,,,,,,654375.1097204766,679914.1787845563,,,673327.6332279831,49205.76604573949,667144.6442525164
andreas weimann__1991-08-05,,,,,1537035.980503148,,,1255562.2925569175,,,1239351.003649163,,,1202084.6279153873,1364892.1890393733,,,,1319785.2187327978,135720.49268765218,1255562.2925569175
andreaw gravillon__1998-02-08,,,,,,,1432185.8565186334,,,,1714356.4951748876,1656291.7265201735,,,,,,,1600944.692737898,149005.16078744328,1656291.7265201735
andrei coubis__2003-09-29,,,,,,1159127.3947456044,,1270328.4358991233,1228218.8678222417,1341584.1238026777,,,,1221715.1018098877,,1252627.9414437239,,,1245600.3109205433,60372.084776586045,1240423.4046329828
andrei girotto__1992-02-17,Andrei Girotto,DEF,4500000.000000002,4683889.890880479,,4115080.156359275,,4160799.1446697367,,,,,,,,4201758.989039881,,,4290382.045237344,264716.799011203,4181279.066854809
andrei marginean__2001-07-03,,,,,,1042341.044995554,,,934925.429392992,,,957553.7075671883,,,1151789.0417349953,,,,1021652.3059226824,98308.65569901801,999947.3762813711
andrei ratiu__1998-06-20,,,,,,,,13402468.59211706,,14783693.088482136,,,,,14463620.523661576,,,,14216594.068086924,722988.1255284011,14463620.523661576
andrej ilic__2000-04-03,,,,,,5093572.508509331,,,,5311651.280225336,,,,,,,,,5202611.8943673335,154204.97831321965,5202611.8943673335
andrej kramaric__1991-06-19,Andrej Kramarić,MID,8000000.000000002,8882473.41127432,,9441266.555061644,,9484867.824671634,,,10281745.148464838,,,,11976872.032981304,,,,10013444.994490748,1205498.799371333,9484867.824671634
andrejs ciganiks__1997-04-12,,,,,,,,,,,646738.5419326358,,,,791945.2830638483,,,,719341.912498242,102676.67132787989,719341.912498242
andres cubas__1996-05-22,,,,,,,,,,,,,,,3414874.5915148854,,,,3414874.5915148854,,3414874.5915148854
andres sfait__2004-12-09,,,,,,641077.1724134868,,,,,542223.1232907588,,,,639944.4495614612,,683468.0878589962,622201.8253912822,625782.9317031971,51858.233512176674,639944.4495614612
andres vombergar__1994-11-20,Andrés Vombergar,MID,3550000.0000000014,2460352.481196685,2574557.2071932056,,,,,,2719457.5237107435,,,,,2232588.499510744,,,2496738.9279028447,205555.08575074247,2517454.8441949454
andrew hjulsager__1995-01-15,,,,,,,,850315.9005026813,769453.5700768733,,,,,,,,762670.8453935221,,794146.7719910255,48761.96865233917,769453.5700768733
andrew moran__2003-10-15,,,,,,2747244.860331343,,,,,,,,,,,,,2747244.860331343,,2747244.860331343
andrew omobamidele__2002-06-23,Andrew Omobamidele,DEF,6099999.999999996,5583112.577366546,,,,,,,5452612.4314046465,,5136055.272901923,,,,,,5390593.427224372,229890.90027321267,5452612.4314046465
andrew robertson__1994-03-11,Andrew Robertson,DEF,15249999.999999983,14481278.883910254,,,,,,,,,,,15107514.507118402,,,,14794396.695514329,442815.4557910654,14794396.695514329
andrew shinnie__1989-07-17,,,,,,,,,,171482.36984773775,,,,,,,,,171482.36984773775,,171482.36984773775
andri fannar baldursson__2002-01-10,Andri Fannar Baldursson,MID,887500.0000000002,533517.6052251449,,,422668.91737393505,,,,,,,,,,,,478093.26129953994,78381.85886522134,478093.26129953994
andrias edmundsson__2000-12-18,,,,,912108.5170404938,,855517.1060225193,,,963162.1999591273,,,,900330.6671766435,,,,,907779.6225496959,44244.87457294634,906219.5921085686
andries noppert__1994-04-07,Andries Noppert,GK,525000.0000000003,438663.38911302347,,,,,,,,,,,,,,487939.3064523984,463301.3477827109,34843.335299859806,463301.3477827109
andrija bulatovic__2006-12-27,,,,,,3075533.896754632,,2834257.488605301,,,,,,,,,3088947.5280433265,,2999579.6378010865,143330.1822266421,3075533.896754632
andrija maksimovic__2007-06-05,,,,,,,,,,,,,3188091.568097595,4492243.580508179,,,,,3840167.574302887,922174.7316736063,3840167.574302887
andrija novakovich__1996-09-21,,,,,,827417.0084945192,,,,822289.6128938209,,,,,,,,,824853.31069417,3625.6161990798437,824853.31069417
andrija vukcevic__1996-10-11,,,,,1161876.0375193378,,,,,,,,1296623.945843768,,1133829.5349945899,,,1167986.1472978098,1190078.9164138765,72570.26257686339,1164931.0924085737
andrija zivkovic__1996-07-11,Andrija Živković,MID,9249999.999999987,7595328.402579368,,,,,,8651359.153310703,,,5574364.173887262,,,7352878.062150096,8691475.569859114,,7573081.072357309,1270565.1716404494,7595328.402579368
andriy lunin__1999-02-11,Andriy Lunin,GK,24749999.999999993,20044251.3648973,,,,,,,20994960.17057959,,,,,,19050797.71716721,15080317.437516944,18792581.672540262,2599020.927434481,19547524.541032255
andriy yarmolenko__1989-10-23,,,,,,661258.5799501679,528646.2309573421,,,,,542447.1020323962,609700.2739885986,,,732185.2163771789,836200.3777501273,,651739.6301759686,117857.55745605446,635479.4269693833
andy diouf__2003-05-17,Andy Diouf,MID,13499999.999999993,14438716.553965505,,,,,,,17389698.058575466,,,15181141.502921289,,,,,15669852.03848742,1534992.3292373545,15181141.502921289
andy najar__1993-03-16,Andy Nájar,DEF,1050000.0000000007,1659551.2244460806,,,,,1767522.9233363902,,,,,,,,2021308.3760110384,1366991.6184774972,1703843.5355677516,270967.4102274716,1713537.0738912355
andy pelmard__2000-03-12,,,,,2125192.8205287433,,,,,,1667302.5471664642,,,,,,,,1896247.6838476039,323777.3173338296,1896247.6838476039
andy visser__2004-09-22,,,,,,,,,409156.26593053684,,,,,,,,414696.10375638783,,411926.1848434623,3917.256893332976,411926.1848434623
anel ahmedhodzic__1999-03-26,,,,,,,,,,,8355579.881483534,,,7645938.181197882,,,,,8000759.031340708,501792.4584847365,8000759.031340708
anfernee dijksteel__1996-10-27,,,,,1389232.0000790472,1573838.1690607078,,1496502.3078872152,,,,,,,,,,,1486524.15900899,92706.69877521461,1496502.3078872152
angel di maria__1988-02-14,Ángel Di María,MID,6499999.999999999,6149004.438720428,,,,,,5297172.035065219,,,,,,,,,5723088.236892823,602336.4690590352,5723088.236892823
angel gomes__2000-08-31,,,,,,12618923.149177935,,,13150349.667552238,,10057129.923678374,,,,,,,11580165.684796603,11851642.106301287,1362514.2139225937,12099544.41698727
angel torres__2000-04-06,Ángel Torres,MID,700000.0000000006,1012133.7958585849,,,1024124.4049292676,1060352.7761896322,,,,978387.8893270304,,,,,,,1018749.7165761287,33825.77592076283,1018129.1003939263
angelo fulgini__1996-08-20,,,,,3367537.1993265213,3241365.996637292,,3191202.6021710495,,3513095.9310373454,,,,,,,,,3328300.432293052,143808.1028898555,3304451.5979819065
angelo stiller__2001-04-04,,,,,,,,,,,,,,,,39750263.51371092,,44916810.94374641,42333537.22872867,3653300.7231000224,42333537.22872867
angelos angelopoulos__2003-02-19,Angelos Angelopoulos,GK,437499.9999999996,554576.5269978769,,496802.66763536155,,,,,,486315.3318940592,,,,,521891.4383792974,,514896.4912266488,30373.802557586732,509347.05300732946
angus gunn__1996-01-22,,,,,,,,,,2545482.966832299,,,,,,2651798.3284232155,,,2598640.647627757,75176.31312523705,2598640.647627757
anis slimane__2001-03-16,,,,,,,,,,,,1247934.4452424152,,,,,,,1247934.4452424152,,1247934.4452424152
anl yigit cnar__2003-07-10,,,,,379124.5023250383,,,,,,,,,,,,416928.00919894065,,398026.2557619895,26731.116063168607,398026.2557619895
anouar ait el hadj__2002-04-20,,,,,,5718095.659386598,6243717.41446257,,,5532699.961646579,,,,5422299.685143788,6442315.605219075,,,5755214.448147027,5852390.462334272,403932.3761116495,5736655.053766812
anouar el azzouzi__2001-05-29,,,,,1746282.13642449,1793144.7352998212,,1635169.9227881932,,1683015.4967186444,,,,,,,,,1714403.0728077872,69473.24689851579,1714648.8165715672
anrie chase__2004-03-24,,,,,,1473777.450636425,,,,,,,1445120.5017861822,,,,,1140091.0492595753,1352996.333894061,184937.28760939432,1445120.5017861822
anselmo garcia macnulty__2003-02-19,,,,,1592793.0977798828,,,,,1587440.496388887,,1737765.4521059177,,,,,,,1639333.015424896,85286.99214203334,1592793.0977798828
ansgar knauff__2002-01-10,,,,,,,,12007637.258238424,,,,,,,15137191.59722976,14360135.920676656,,,13834988.258714946,1629528.349039305,14360135.920676656
anssi suhonen__2001-01-14,,,,,,1132532.922666696,1235610.5755318291,882802.3872636607,,,,,1188828.1137322348,1004135.9411425138,,,,1304174.7026881296,1124680.7738375107,156036.04675587654,1160680.5181994652
ante budimir__1991-07-22,Ante Budimir,FWD,9750000.000000004,7887257.219799911,,,8543578.044460831,8031077.9081085585,,,,,,8548728.110959137,,,7733823.3993280735,,8148892.9365313025,377578.08829333045,8031077.9081085585
ante palaversa__2000-04-06,Ante Palaversa,MID,749999.9999999998,807043.6411628043,,,836260.2831604636,,,867546.1435942997,,833792.9342835933,,887330.4599157834,865389.4975201482,,,,849560.4932728488,29099.160097898213,850824.8903403059
ante rebic__1993-09-21,,,,,,,,1782101.9351879891,2063432.660283614,,,1970635.3194700251,,,,,,,1938723.3049805425,143354.54901149878,1970635.3194700251
antef tsoungui__2002-12-30,,,,,,,,,,929554.6280277657,,,,,,,,828754.748603842,879154.6883158039,71276.27828344278,879154.6883158039
anthony bermont__2005-02-10,,,,,,,2095565.8370530787,,2155639.273406717,,2199959.5666317297,,,2397298.439104836,,,,,2212115.7790490906,130657.15410251435,2177799.4200192234
anthony briancon__1994-11-29,,,,,1223094.4212172052,1192538.248904645,,,,,,1135868.3811064663,,,,,1247763.0978518995,,1199816.037270054,48246.149103454416,1207816.3350609252
anthony caceres__1992-09-29,,,,,,,,,,,,,706071.5213371303,,,,,,706071.5213371303,,706071.5213371303
anthony caci__1997-07-01,,,,,,,,,9589298.041360404,,,9133965.099726586,,,9850844.53772856,,,9615565.96622476,9547418.411260076,299671.5133312264,9602432.003792582
anthony dennis__2004-06-21,,,,,,2445458.4678866323,,,,,,,,2298845.2253757715,,2336585.2857005396,,,2360296.326320981,76128.31802532676,2336585.2857005396
anthony descotte__2003-08-03,,,,,,,,1276063.3755033312,1228867.890337026,,1237184.6100892331,1491944.5103427412,,,,1290864.6118150628,,1410982.117963236,1322651.1860084385,105587.15427277893,1283463.993659197
anthony lopes__1990-10-01,,,,,1418383.6059022534,,,,,,,,,1488417.6003901106,,,,,1453400.603146182,49521.51241594513,1453400.603146182
anthony moris__1990-04-29,,,,,,,,,,,,,,,,,,704622.7426294396,704622.7426294396,,704622.7426294396
anthony musaba__2000-12-06,,,,,,3793420.2581877513,,,,,2260349.7823618767,3862708.175158596,3349127.0413240218,3794627.6042192383,,,,,3412046.572250297,675513.5783045172,3793420.2581877513
anthony nwakaeme__1989-03-21,Anthony Nwakaeme,MID,700000.0000000006,1063256.706005296,,,,,,,,,,,,,,1046028.0463585892,1054642.3761819426,12182.502066941388,1054642.3761819426
anthony oyono__2001-04-12,,,,,962742.3258195259,,,,,,,,,,,,,666530.4155771655,814636.3706983457,209453.45040059395,814636.3706983457
anthony racioppi__1998-12-31,,,,,1390918.511207595,,,1276642.6865668453,,,1218540.7542347228,,1201655.122662022,,,1229914.1726018914,1281357.1028703148,1139520.331216861,1248364.097337179,79023.73397896685,1229914.1726018914
anthony ralston__1998-11-16,,,,,,,1920447.8531285052,2037123.8438998319,2103628.6677954593,,,,,,,,,,2020400.121607932,92728.44698896173,2037123.8438998319
anthony ribelin__1996-04-08,,,,,,,,,,,,,439028.2349292707,,,,,,439028.2349292707,,439028.2349292707
anthony rouault__2001-05-29,,,,,,,,,,,,,,,7740053.11287235,7557077.104672876,,,7648565.108772613,129383.57619229327,7648565.108772613
anthony valencia__2003-07-21,,,,,,,,,1451454.8324282574,,1616133.5554802709,,,1608826.7162222725,,,,,1558805.0347102669,93039.75990122085,1608826.7162222725
antoine baroan__2000-06-24,,,,,,,,825049.4745229911,950196.6250808159,,,854924.3835815331,873952.0214931804,,,,,,876030.6261696301,53383.728142884414,864438.2025373568
antoine bernede__1999-05-26,Antoine Bernede,MID,2000000.0000000016,3508633.5469838902,,2698834.5167491403,,,,,3133801.690194834,,,,,,,,3113756.584642621,405271.479424268,3133801.690194834
antoine bernier__1997-09-10,,,,,,,,,,1707247.535070912,,,,,1672720.8159522444,1372891.8417980124,,,1584286.7309403894,183885.48868769745,1672720.8159522444
antoine colassin__2001-02-26,,,,,,852157.6219148468,1120842.1173124,,,,,,941842.630734996,,,896593.5279135439,,,952858.9744689467,117822.26585148295,919218.0793242699
antoine griezmann__1991-03-21,Antoine Griezmann,MID,15749999.999999972,16242346.975898607,,11705739.268647416,14150465.021109002,12703154.78549081,,,,13792770.957868358,13593408.827335412,,,,,,13697980.972724935,1526903.1925629955,13693089.892601885
antoine joujou__2003-03-12,Antoine Joujou,MID,2100000.000000001,2192378.12783651,,2556640.9655637722,,,,,,,,,2306904.766692798,,,2049769.840412498,2276423.4251263947,214387.84294875935,2249641.447264654
antoine leautey__1996-04-14,,,,,,,1475317.9124592447,,,,,,1309898.9988523077,,,,,,1392608.4556557762,116968.83554797684,1392608.4556557762
antoine makoumbou__1998-07-18,,,,,,,,,,,,3789639.4263123553,,,,,3905267.5479598152,,3847453.4871360855,81761.42891278194,3847453.4871360855
antoine mendy__2004-05-27,,,,,4696362.333574817,,,,4649369.772517646,,,4843684.0975622805,,,,,4847502.0525064245,,4759229.564040292,101564.5327074018,4770023.215568548
antoine rabillard__1995-09-22,,,,,,,,586676.0144928548,576290.6003570738,,,,603986.6229302657,588541.2002351151,595291.7938186323,,627513.6640573456,,596383.3159818812,17818.798900305792,591916.4970268738
antoine semenyo__2000-01-07,Antoine Semenyo,MID,50749999.99999993,45652118.907353975,,,,,,,,,,,,,,,45652118.907353975,,45652118.907353975
anton gaaei__2002-11-19,Anton Gaaei,DEF,4300000.000000002,2802408.5278311693,,,3232321.472748493,,2999900.2881828765,2604555.0299911215,2427457.987471852,2588911.019658649,,,,,,2906052.346709045,2794515.2389418865,276721.62578381464,2802408.5278311693
anton kade__2004-01-17,,,,,,,,,,,,3967112.523458101,,3808745.495855431,,3676467.225830108,,3823248.830636868,3818893.5189451273,118850.14848099477,3815997.163246149
anton kresic__1996-01-29,,,,,446893.4493686134,,,,,,386485.7427237075,,,,,,,,416689.59604616044,42714.699004540635,416689.59604616044
anton saletros__1996-04-12,,,,,2002797.176671855,,,2150037.7170801694,,,2062342.8722543665,,,,,,,,2071725.9220021304,74067.3706962781,2062342.8722543665
anton stach__1998-11-15,Anton Stach,MID,18250000.00000002,15729648.354054332,,,,,,,,,,,,,,,15729648.354054332,,15729648.354054332
anton tanghe__1999-01-28,Anton Tanghe,DEF,1249999.999999999,1709535.0001173546,,,,,1476915.360442739,,,,,,,,,1518908.717108196,1568453.02588943,123971.58178407128,1518908.717108196
anton tsarenko__2004-06-17,,,,,943453.4691853437,,,,,,,,,,,,,,943453.4691853437,,943453.4691853437
antonee robinson__1997-08-08,,,,,,,30374157.911640767,,,,,,,,,,,,30374157.911640767,,30374157.911640767
antoni milambo__2005-04-03,,,,,,,,11469884.689164264,,,,,12707159.802915003,,,,,,12088522.246039633,874885.6231265046,12088522.246039633
antonin barak__1994-12-03,,,,,,,,5247463.049059817,,,,,,,,,,,5247463.049059817,,5247463.049059817
antonin bobichon__1995-09-14,,,,,,,,,,,,,,1263678.8745562753,,1168012.9865192184,,,1215845.9305377468,67645.99815923594,1215845.9305377468
antonin kinsky__2003-03-13,,,,,10464726.15523437,,,11822545.216264455,,,,,,,11961712.447212962,,,,11416327.939570596,827043.7391736817,11822545.216264455
antonino gallo__2000-01-05,Antonino Gallo,DEF,4999999.999999999,6892948.687930326,,,,,,,,,7387314.612140438,,6627106.271288676,,,,6969123.190453147,385786.3352959723,6892948.687930326
antonio barreca__1995-03-18,Antonio Barreca,DEF,837499.9999999995,1037437.8341863351,,,,905712.9548235501,,,,,,,,,,,971575.3945049426,93143.5554484052,971575.3945049426
antonio candela__2000-04-27,,,,,,,,,,,,,,,,,1749877.445213822,,1749877.445213822,,1749877.445213822
antonio caracciolo__1990-06-30,,,,,,511931.60060897016,,,,,,,,,549770.4727259418,,,606091.4158943634,555931.1630764251,47381.2545511487,549770.4727259418
antonio colak__1993-09-17,,,,,1499658.9463494315,1241093.6527373358,,,,1395371.258715679,1486052.620330079,,,,,,,,1405544.1195331314,119005.12937656738,1440711.939522879
antonio di nardo__1998-09-30,,,,,,,,,378858.9097774534,,,,,,,351203.8175531741,349965.71680437087,,360009.48137833277,16335.817598033707,351203.8175531741
antonio foti__2003-11-03,,,,,769374.6647054083,,,,,,,840809.3703205499,,,,,,,805092.0175129791,50511.964752531414,805092.0175129791
antonio milic__1994-03-10,,,,,,,,,,1238129.1562363491,1460833.9202440397,,,,1628467.2247342374,1342465.6091044238,1165418.3011939535,,1367062.8423026006,183721.73691163896,1342465.6091044238
antonio nusa__2005-04-17,,,,,,26845599.664620947,19465175.37584972,,,,,,,,,,,,23155387.520235334,5218748.062624036,23155387.520235334
antonio palumbo__1996-08-06,,,,,,,,3370266.628903051,,,,3238800.3371591754,,,,,,3258170.859353868,3289079.275138698,70974.24949210385,3258170.859353868
antonio rudiger__1993-03-03,,,,,,,,,,,22302206.213821884,,,,,,,,22302206.213821884,,22302206.213821884
antonio sanabria__1996-03-04,,,,,,,,,,,,5260466.079886882,,,,,,,5260466.079886882,,5260466.079886882
antonio tikvic__2004-04-21,,,,,,,,,,,,,,,,,780518.9379304207,,780518.9379304207,,780518.9379304207
antonio vergara__2003-01-16,,,,,,,1845643.307907051,,,,,1887256.8097728505,,,,,1877670.7286904338,1512680.7720107702,1780812.9045952763,179638.12211942783,1861657.0182987424
antonios papadopoulos__1999-09-10,,,,,,,,,1987727.4045980696,,,,,,,,,,1987727.4045980696,,1987727.4045980696
antonis tsiftsis__1999-07-21,Antonis Tsiftsis,GK,1050000.0000000007,1126082.2518843657,,,,,,,,,1087019.9018435958,1032015.1669565607,,,,1148391.700952448,1098377.2554092426,50996.49614270091,1106551.0768639809
antony evans__1998-09-23,,,,,,,,,,,,,,,,,778060.6053658467,586312.505932265,682186.5556490559,135586.381389118,682186.5556490559
antwoine hackford__2004-03-20,,,,,,,,,,,,270551.9312174176,,,,,,,270551.9312174176,,270551.9312174176
apostolos konstantopoulos__2002-08-02,,,,,,,1181696.9197321131,,,,,1169217.374982363,,,,,,,1175457.147357238,8824.370718669243,1175457.147357238
aral simsir__2002-06-19,,,,,8655921.634531567,,7038665.969855054,,,7563687.906268106,,6557997.44122209,,,,,,,7454068.237969204,900364.7363973921,7301176.93806158
arber zeneli__1995-02-25,,,,,,,,1623716.8991382108,,,,,1349384.0912772873,,,,1630804.3560508664,1655820.7714900256,1564931.5294890974,144356.62020980907,1627260.6275945385
arbnor mucolli__1999-09-15,,,,,946516.2226032915,,981972.9107872336,,,1020525.2627777888,,,1447588.605268175,,,,946275.069500711,,1068575.61418744,214076.8730032179,981972.9107872336
arbnor muja__1998-11-29,,,,,,,,,,,3096254.818919113,,,,,,,,3096254.818919113,,3096254.818919113
archie brown__2002-05-28,,,,,,,5704688.53912457,,5789575.80760013,,,,,,,,,4631375.933346767,5375213.426690489,645578.9064593222,5704688.53912457
archie gray__2006-03-12,,,,,,,,,,,15899858.55054247,18450808.620033767,,17978022.3249607,,,,,17442896.498512313,1357057.9581795563,17978022.3249607
archie meekison__2002-05-04,,,,,,,,224943.67173879198,,,,,229032.56567848352,,261530.4013750157,,,,238502.21293076372,20047.515074953717,229032.56567848352
arda guler__2005-02-25,,,,,,,,,,80849542.75547323,,71208814.46935883,,,,,60698854.22798412,32797355.6934612,61388641.78656935,20761341.521966793,65953834.34867148
arda kzldag__1998-10-15,,,,,,1432266.3340841085,1235966.133053589,,,,,,1493395.780510852,,,,,,1387209.4158828498,134499.4433291041,1432266.3340841085
arda unyay__2007-01-18,Arda Ünyay,DEF,837499.9999999995,993845.1592959997,,,1157937.6480106413,,,,,,,,,,,,1075891.4036533204,116030.91151190014,1075891.4036533204
ardian ismajli__1996-09-30,Ardian Ismajli,DEF,3299999.9999999986,4014518.6089098128,,,,,,3802736.8801242686,,,,,,,,,3908627.7445170404,149752.29655566852,3908627.7445170404
ardon jashari__2002-07-30,,,,,,,,,21081502.84025821,,,,,,,,,,21081502.84025821,,21081502.84025821
argyrios liatsikouras__2006-12-20,,,,,,,,885712.6489098975,,,,,,,,,,980526.285255659,933119.4670827782,67043.36520904326,933119.4670827782
arif bosluk__2003-06-06,,,,,,,,,584468.137664985,611803.9063634947,,,680977.0886953406,,543453.3105206833,585971.992045002,,563290.3667909858,594994.1336800818,48019.616678028215,585220.0648549935
arif kocaman__2003-09-14,,,,,,,833911.0436696317,,858210.066997079,833038.5134337922,,,,,,,,,841719.8747001676,14287.587576107771,833911.0436696317
arijanet muric__1998-11-07,,,,,,3493365.002970917,,3390566.4063353674,,3227991.069788017,,,,,3735214.740497798,,3008389.299073502,,3371105.30373312,273836.82847054774,3390566.4063353674
arijon ibrahimovic__2005-12-11,Arijon Ibrahimović,MID,3700000.000000002,2904469.4776641373,,,,,,,,3241950.3399485988,,,,,,,3073209.908806368,238635.0062420261,3073209.908806368
aritz elustondo__1994-03-28,,,,,,,,4319865.898251121,4907469.200661573,4486065.51232368,,4585365.634709082,,,,,,,4574691.561486364,247417.04886530977,4535715.573516381
arkadiusz milik__1994-02-28,Arkadiusz Milik,FWD,6749999.999999997,9985453.52871538,9323964.580892943,,,,,,,,,,,10538327.064462705,,,9949248.39135701,607990.2707723075,9985453.52871538
armand lauriente__1998-12-04,Armand Laurienté,MID,19000000.000000015,24356895.801009607,21569508.882090624,,,,20327830.590278912,,,,,,,22840728.31052666,,,22273740.895976454,1726607.3413705078,22205118.59630864
armando izzo__1992-03-02,,,,,,,,2525650.864705416,,,2249039.2918031053,,,2309265.283365091,,2371154.649138586,,,2363777.5222530495,118875.0698747061,2340209.9662518385
armando obispo__1999-03-05,,,,,,,3963797.3783641206,3237053.474082153,,,,,,,,,,,3600425.4262231365,513885.5429037666,3600425.4262231365
armel bellakotchap__2001-12-11,,,,,,,,5414748.632821219,,5537937.543679734,,,,,,6422982.182863538,5635524.972830121,,5752798.333048653,455829.71681748994,5586731.258254928
armindo sieb__2003-02-17,Armindo Sieb,MID,3600000.0000000014,3860514.8021463323,,,,,,,,,,,,,4496910.761661129,,4178712.7819037307,449999.8984926323,4178712.7819037307
arnaud bodart__1998-03-11,,,,,3097610.907695439,,,2466894.304438782,,,,3120864.8250636505,,,2400852.5231914045,2500633.6494467463,2328731.3077886333,,2652597.919604109,358651.5727756919,2483763.976942764
arnaud kalimuendo__2002-01-20,,,,,,19956675.410179,,,,,20248961.038269438,,,,,,21100864.026292585,,20435500.158247005,594465.7515555328,20248961.038269438
arnaud nordin__1998-06-17,,,,,,,,,,,,3688859.08593066,,,,,,,3688859.08593066,,3688859.08593066
arnaut danjuma__1997-01-31,Arnaut Danjuma,MID,4750000.000000003,6074259.779096438,,,,,,,,5536753.619556561,,,,,,,5805506.699326499,380074.25034018495,5805506.699326499
arne engels__2003-09-08,,,,,8974392.535015527,,8227000.05356076,,,11241762.008512884,,,,13150755.052448303,,,,,10398477.412384368,2238265.1597385057,10108077.271764206
arne maier__1999-01-08,,,,,3055287.446805771,,,,3843431.3121948005,,6095132.8517548125,,,,,,,,4331283.870251794,1577550.3511138766,3843431.3121948005
arno verschueren__1997-04-08,,,,,,,1314050.604899663,,1599254.806811791,,,,,,,,,,1456652.705855727,201669.82519496293,1456652.705855727
arnor ingvi traustason__1993-04-30,Arnór Ingvi Traustason,MID,999999.9999999997,807279.347447959,751342.2372761823,,,898582.4207652833,,,,,,,,916702.85916618,907470.336568747,,856275.4402448703,73269.81841537818,898582.4207652833
aron gunnarsson__1989-04-22,Aron Gunnarsson,MID,199999.99999999997,124418.2694471779,,,,,,207301.3103334769,,159302.41519298754,,,,139901.27062817616,,,157730.8164004546,35996.862263668336,149601.84291058185
arouna sangante__2002-04-12,,,,,,5911315.405994728,,,,,,6544741.507378454,,5583875.629763604,,,,6615706.527789389,6163909.767731544,499798.83923791384,6228028.456686592
arsen zakharyan__2003-05-26,,,,,,,,,,,,,,5745366.7395884525,,,,,5745366.7395884525,,5745366.7395884525
arsene kouassi__2004-09-11,,,,,,4036116.400739754,4912590.293258823,,4800881.475930445,,,,,,,4339935.149550585,3988168.598603305,,4415538.3836165825,426576.99273013003,4339935.149550585
arseniy batagov__2002-03-05,,,,,,,,,7137956.718274471,,7672895.926511756,,,,,7633791.518300966,,,7481548.054362398,298200.5086538149,7633791.518300966
artem bondarenko__2000-08-21,,,,,,15185678.336621068,,15784309.995544603,,12938330.145435626,,,,12204387.50546969,14530043.499411922,,,,14128549.896496583,1511562.3639598382,14530043.499411922
artem dovbyk__1997-06-21,,,,,,,32709764.03696633,,32546528.234781716,,,,,,,,,,32628146.135874026,115425.14265716731,32628146.135874026
artem putivtsev__1988-08-29,,,,,,134822.50426402022,153816.60884126497,,,,124799.63838450436,135190.02830798717,,,167134.184381722,,,,143152.59283589973,17018.09123407251,135190.02830798717
artem smolyakov__2003-05-29,Artem Smolyakov,DEF,787499.9999999994,754337.7404900765,,723060.233187534,,,,,,692981.2858651545,700186.818889034,717618.8935461239,725488.8600990991,,,,718945.6386795038,21633.98111642693,720339.563366829
artem stepanov__2007-08-10,,,,,,,,,,,,,,,1472857.919190611,,1737591.590376382,,1605224.7547834965,187194.97410386842,1605224.7547834965
arthur atta__2003-01-14,,,,,,8093372.554970338,,,,,,,,,,,,,8093372.554970338,,8093372.554970338
arthur masuaku__1993-11-07,Arthur Masuaku,DEF,3299999.9999999986,3257417.292324455,,3332241.7390762274,,,,3403574.538757895,,,,3010156.308471121,,,,,3250847.469657425,171197.72425797413,3294829.515700341
arthur okonkwo__2001-09-09,,,,,,,,,,1466797.5999784763,,,,1539925.9892690605,,,,,1503361.7946237684,51709.57996462182,1503361.7946237684
arthur piedfort__2005-02-01,,,,,,,,,,,3204914.957875536,3274614.8978501675,,,3760704.1037937137,,,,3413411.319839806,302776.6978285461,3274614.8978501675
arthur theate__2000-05-25,,,,,,24583956.74617603,,,,26386431.890468176,,,,,,,,,25485194.318322103,1274542.397449177,25485194.318322103
arthur vermeeren__2005-02-07,,,,,,,,,28786480.970443636,,,26458848.173855342,,,25280334.625994217,,,,26841887.923431065,1784181.9230365162,26458848.173855342
arthur zagre__2001-10-04,,,,,,,,,,1547526.9302018683,,,1745025.2076189804,,1768098.248672151,,,,1686883.462164333,121236.43658700325,1745025.2076189804
artur jedrzejczyk__1987-11-04,Artur Jędrzejczyk,DEF,175000.00000000012,147197.10156210902,,,,,,,,,,,,,,,147197.10156210902,,147197.10156210902
arturo calabresi__1996-03-17,,,,,,,,1126007.3593052356,,1071205.8068525628,,,,,,,,,1098606.5830788992,38750.54935883517,1098606.5830788992
arturo vidal__1987-05-22,Arturo Vidal,MID,600000.0000000003,295031.3861682121,316670.78016404837,,,,,,,,,376963.2090518482,,,,,329555.1251280362,42458.340277525676,316670.78016404837
arvin appiah__2001-01-05,,,,,,,,,,1064952.5013095716,,956918.5324204522,,,,,,996714.6090380593,1006195.2142560277,54637.40490687702,996714.6090380593
asbjrn bndergaard__2004-05-05,,,,,,,,647343.646926847,,658011.1497355702,623257.901820364,679118.4516788563,,723725.5028805293,,683333.5868225177,,,669131.706644114,34596.83039152801,668564.8007072132
aschraf el mahdioui__1996-05-24,,,,,,14366034.784207834,,,,,,12301111.783059116,,13365116.665012883,,,13827050.660017028,,13464828.473074215,877032.2508755035,13596083.662514955
ashley barnes__1989-10-30,Ashley Barnes,MID,437499.9999999996,863621.5709805574,788540.3791295353,692452.7171539007,,,739376.6456104339,1134005.8234090218,,,,,,,873888.0793602713,993788.9540303324,869382.0242391505,152914.5057342801,863621.5709805574
ashley fletcher__1995-10-02,Ashley Fletcher,FWD,825000.0000000006,699990.0408892495,693473.7090397057,670078.1357525684,,,,,,693606.662754889,595993.0997941123,,,,,697705.1867564259,675141.1391644918,40233.59039429404,693540.1858972973
ashley hay__2003-07-10,Ashley Hay,FWD,249999.9999999998,440970.7914502254,,,,,,,,,,431604.55859555386,,,,,436287.6750228896,6622.926765710484,436287.6750228896
ashley maynardbrewer__1999-06-25,Ashley Maynard-Brewer,GK,474999.99999999977,481084.98709151545,,,,,,,,,,,474730.84764100483,,,433815.0645801027,463210.29977087426,25654.505666251265,474730.84764100483
ashley phillips__2005-06-26,,,,,,,,,,3202396.322289699,3529784.041335768,,3388496.1081047812,,2938850.826450457,,,,3264881.824545176,255378.36326470724,3295446.21519724
ashley westwood__1990-04-01,,,,,,,828296.8788755592,1044559.9841840557,,,,874298.8078806745,,1002980.4903491389,,,,,937534.0403223571,102744.41192185413,938639.6491149067
ashley young__1985-07-09,,,,,,,,,654206.3092539612,,,,,,,764153.7521809529,,,709180.0307174571,77744.58246779676,709180.0307174571
aske adelgaard__2003-11-10,,,,,,,,,,,,,,1291472.1371696258,,,,,1291472.1371696258,,1291472.1371696258
aske andresen__2005-07-12,,,,,578300.5653397586,,,569639.3553205751,668635.1015684553,,,581266.0230181366,,,,,,,599460.2613117314,46379.62195974682,579783.2941789476
asker beck__2003-07-07,,,,,,,,,,,,,,,931427.5778646963,,,,931427.5778646963,,931427.5778646963
asmir begovic__1987-06-20,,,,,,,,191278.43465688787,,225024.73861618148,,,,,,,,,208151.58663653466,23862.24036959895,208151.58663653466
assan ouedraogo__2006-05-09,Assan Ouédraogo,MID,6999999.999999995,11315770.416270804,,11530461.864364563,,,11430789.138544763,,,,,,,,,,11425673.806393376,107437.09526235829,11430789.138544763
assane diao__2005-09-07,,,,,,,,,16603970.362588322,,,14349802.596921243,,,,13004796.335971305,,,14652856.431826957,1818624.3808458445,14349802.596921243
assane diousse__1997-09-20,Assane Dioussé,DEF,1050000.0000000007,1463652.5948311116,,1381793.6490741484,1302202.2058374803,,1237541.1464069325,1368067.8929457874,,,,,,,,1599598.9754627827,1392142.7440930402,127145.11657235347,1374930.771009968
aster vranckx__2002-10-04,,,,,,,,,6139524.52905666,,,,6886522.155986199,,,,,6435791.373137503,6487279.352726787,376151.0636582472,6435791.373137503
aston oxborough__1998-05-09,,,,,,403754.6209206381,,,,,,,,,,,,,403754.6209206381,,403754.6209206381
ataberk dadakdeniz__1999-08-05,,,,,,,,800715.6167058989,741734.509480011,,,,,,,835019.046762721,774788.2743941563,,788064.3618356969,39528.49775137767,787751.9455500275
atakan karazor__1996-10-13,Atakan Karazor,MID,9249999.999999987,8022755.487032789,,,,,,7909848.042744883,,6585217.809747493,,,,,,,7505940.446508388,799365.1563127196,7909848.042744883
atli barkarson__2001-03-19,,,,,,,229196.19896068465,,457773.41350870195,442286.17175357067,,389908.7070071126,,,494394.49549532996,,,,402711.79734507995,104013.47488352197,442286.17175357067
atsuki ito__1998-08-11,,,,,,,,,,,,,,,1815881.4011178594,,,,1815881.4011178594,,1815881.4011178594
attila mocsi__2000-05-29,,,,,1460136.4465286771,,,1450539.238329996,1517097.860923326,,1473450.1284552629,,,,,,1542783.3229926252,,1488801.3994459775,39484.401419997266,1473450.1284552629
attila szalai__1998-01-20,,,,,1823618.4591852983,1731377.916587166,,,,,,,1869123.9886530493,,,,1891566.3663369478,2367286.7604917507,1936594.6982508425,248471.85850499044,1869123.9886530493
august erlingmark__1998-04-22,,,,,,933157.4996589959,,,,,944155.5507514136,,,,,,,876606.2945998636,917973.1150034243,36244.30513450624,933157.4996589959
august priske__2004-03-23,,,,,4560257.64865783,,,,,,,,,3419426.9734689165,,,,4460266.622040662,4146650.41472247,631775.2776759184,4460266.622040662
augusto batalla__1996-04-30,,,,,10523657.739370616,10539557.11481718,,9999014.45542523,,,13068385.42643251,,,10344541.561138578,11532393.47811545,10305546.091311181,,,10901870.83808725,1068256.3220412696,10523657.739370616
augusto max__1992-08-10,,,,,,711007.4635046421,,760579.5724605962,,,,,,,,660688.2702308965,,674798.7598693572,701768.5165163729,44568.497286765436,692903.1116869997
aurele amenda__2003-07-31,,,,,,,,,,,,5061658.272602844,,5252411.528334684,,,,5954456.522899986,5422842.107945838,470167.1147404454,5252411.528334684
aurelian chitu__1991-03-25,,,,,,,,,,479385.60306054685,,,,,,425878.9571351518,,,452632.2800978493,37834.91217239441,452632.2800978493
aurelien nguiamba__1999-01-18,,,,,446838.1806909198,,,496576.2498927159,,,,,474964.36006555625,448594.34882021975,,,,,466743.2848673529,23686.767976633626,461779.354442888
aurelien platret__2003-02-20,,,,,,,,,,,,683962.9430679333,,,,,,,683962.9430679333,,683962.9430679333
aurelien scheidler__1998-06-04,Aurélien Scheidler,FWD,1650000.0000000007,1707129.6193152661,,,,,1465673.1069749799,,1640914.077712703,,,1661221.3230575905,,,,,1618734.531765135,105733.23500608599,1651067.7003851468
aurelien tchouameni__2000-01-27,,,,,,,49865368.65285236,,51614471.404002905,,,,,,,53454904.61685178,,,51644914.89123568,1794961.6189900779,51614471.404002905
aurelio oehlers__2004-02-05,,,,,,,,863236.9954292735,,,,1060472.0670692592,,,,1001807.6810502755,,1069432.868379137,998737.4029819863,95181.93916924937,1031139.8740597673
auston trusty__1998-08-12,,,,,,,,7438506.441373899,,,,,,6107645.698539372,,6368893.305650741,,,6638348.48185467,705161.0796065218,6368893.305650741
awer mabil__1995-09-15,,,,,,,,,,,841895.2208144435,,930584.5574232322,963006.6645028741,,,,,911828.81424685,62696.32265649861,930584.5574232322
axel bjornstrom__1995-09-10,,,,,,,,,,381919.64420290623,,,,420411.18770066684,,,,,401165.41595178656,27217.631425603486,401165.41595178656
axel borgmann__1994-07-08,,,,,,,,,,,,,,,,,511862.27497215156,,511862.27497215156,,511862.27497215156
axel camblan__2003-08-30,,,,,,761571.530211769,,,,807553.6022225835,,,,,,758184.2095564378,,,775769.7806635968,27577.653453034032,761571.530211769
axel disasi__1998-03-11,,,,,12675070.549358012,,,,,,,,,,,,15931959.908053016,,14303515.228705514,2302968.5511075435,14303515.228705514
axel gueguin__2005-03-24,,,,,,,,,,,,479560.75879035465,539215.4096611065,,,460476.8846757575,489028.89283735363,,492070.4864911431,33598.33346796404,484294.8258138541
axel piesold__2005-03-31,,,,,,,190140.8001228968,,,,,,177347.54649032536,,,,,179516.54935501027,182334.96532274413,6846.490783767146,179516.54935501027
axel tape__2007-08-10,,,,,,,,2566549.9351599426,2727177.9124443224,,,,,,,,2776725.768888819,,2690151.2054976947,109871.30217391011,2727177.9124443224
axel willockx__2007-02-07,,,,,,,,,,260907.76331487895,,,,241295.5895393178,236205.55824897153,,231189.01746432905,233647.09441317894,240649.00459613526,11927.884295813663,236205.55824897153
axl de corte__2006-03-24,,,,,679842.720663736,,,,,,,,,713009.9245781669,,678905.9281016284,,739096.4125412912,702713.7464712056,28980.48602641868,696426.3226209515
ayanda sishuba__2005-02-02,,,,,776296.1208915825,,,,,,,,,,765139.8109164487,,,,770717.9659040156,7888.702436436193,770717.9659040156
ayase ueda__1998-08-28,,,,,,14474321.589969909,21503511.945400245,,,15898102.07243931,18814849.943585716,16579350.676214918,,,,,,,17454027.24552202,2752942.643289619,16579350.676214918
ayden heaven__2006-09-22,,,,,,11101610.916930512,,,,,,,,9498154.65757989,,11300790.465999117,8873663.556524033,,10193554.899258388,1193905.4937805075,10299882.787255201
aymen sliti__2006-03-24,,,,,,,,,1515182.326887935,,,,,,1352059.3101056048,,,,1433620.8184967698,115345.39133439263,1433620.8184967698
aymeric laporte__1994-05-27,Aymeric Laporte,DEF,15000000.00000001,16931855.54922839,,16077489.755089166,,,,,,,,,,,15368475.324190363,,16125940.20950264,782815.4424317656,16077489.755089166
ayoni santos__2005-07-18,,,,,,,617501.1276918562,,844247.7066315612,829757.4515449497,,,,,,,,944388.0296670131,808973.5788838451,137446.96734562848,837002.5790882554
ayoub el kaabi__1993-06-25,,,,,,,,,,,10510951.622142907,,,,,,,,10510951.622142907,,10510951.622142907
ayoub oufkir__2006-01-04,,,,,,,1418791.3022157822,1412838.109801978,,1346310.8947914236,,1360343.5174428946,,,1308617.3360480831,,,,1369380.2320600324,46465.11340945405,1360343.5174428946
ayumu seko__2000-06-07,,,,,,,,,,,,2886977.408156767,,2918070.802985727,,,,,2902524.1055712467,21986.35033366823,2902524.1055712467
ayumu yokoyama__2003-03-04,Ayumu Yokoyama,MID,1249999.999999999,1535539.248899194,1311523.9107985008,,,,,1468159.6511972896,,,1590238.270304359,1387374.810727645,,1424291.234302034,,,1452854.5210381707,101017.92018776925,1446225.4427496619
ayyoub bouaddi__2007-10-02,Ayyoub Bouaddi,MID,25250000.000000004,17673793.667753972,,21675092.66461055,23042929.848597348,,,,,,,,14299970.306924583,18590257.624125913,19525463.733291153,24557492.499441087,19909285.763534945,3485508.6790160313,19525463.733291153
aziz behich__1990-12-16,,,,,,,,445280.2167222339,,519723.41209175094,,,,,,458033.251236451,,,474345.62668347853,39812.27861790396,458033.251236451
azor matusiwa__1998-04-28,,,,,,,,,,6080036.237667344,,6819271.615286003,6601880.111956393,,,,,6471045.38477646,6493058.3374215495,310552.79005751,6536462.748366427
azzedine ounahi__2000-04-19,Azzedine Ounahi,MID,15249999.999999983,20699995.739229664,,,21403954.35853808,,20064057.414878797,,,,,,,,21097182.209735498,,20816297.43059551,578396.648437574,20898588.97448258
bachir gueye__2003-03-08,,,,,,,774094.39962264,775632.5965861809,,,842468.800082933,872209.657471953,863601.1813008983,819656.039363999,827360.4233859055,,852646.386389772,803024.5402401893,825632.6693827189,35934.40759453375,827360.4233859055
badavi huseynov__1991-07-11,Badavi Hüseynov,DEF,349999.9999999997,414027.53473620914,,365596.02722794825,,,,,,423335.0153977052,345020.7312677733,,,415450.711671865,,,392686.0040603002,35067.4343777619,414027.53473620914
badredine bouanani__2004-12-08,Badredine Bouanani,MID,8999999.999999996,9294602.40132068,,,,,,,9527363.764510594,,,,,,,7192230.02857696,8671398.731469411,1286273.494153133,9294602.40132068
bahadr gungordu__1996-01-16,,,,,,,,774103.6759328668,,698021.8544645947,,,,,,,,,736062.7651987307,53797.97188523939,736062.7651987307
bahadr ozturk__1995-10-01,,,,,,,476799.34473061946,,,,,,,552510.7502605174,562992.4954709774,,590192.7492744339,,545623.8349341371,48553.402039416134,557751.6228657474
bahmed deuff__2006-03-10,,,,,,1000741.3135786607,,,,,,1059437.8231988885,,,,1023811.5782665705,,,1027996.9050147064,29571.232310995583,1023811.5782665705
baila diallo__2001-06-24,,,,,,,,,,,,,,926141.696784646,,984581.1026399097,,,955361.3997122778,41322.9001687698,955361.3997122778
bailey peacockfarrell__1996-10-29,,,,,,,,,641699.6276392455,,,,,517655.6115504667,,,,,579677.619594856,87712.3649419887,579677.619594856
bailey rice__2006-10-04,,,,,,,,,,,,,,,,586753.4201320505,580224.6530338445,,583489.0365829475,4616.535487929066,583489.0365829475
baily cargill__1995-07-05,,,,,,,489840.81703217386,,,488806.25199095346,,516558.74884518055,,523982.6331262154,,,,,504797.1127486308,18127.49923142471,503199.78293867724
bakary haidara__2005-06-01,,,,,,636182.4639694369,,,,,,,,,,,,,636182.4639694369,,636182.4639694369
bakery jatta__1998-06-06,,,,,,,,,,,1005042.9505836458,,,1203890.0652386385,1490593.816370401,,,,1233175.610730895,244096.58579679308,1203890.0652386385
bali mumba__2001-10-08,,,,,,,,,,,,,2347033.6326331473,,,2288275.336056783,,,2317654.484344965,41548.38996011759,2317654.484344965
balthazar pierret__2000-05-15,Balthazar Pierret,MID,1249999.999999999,1504212.6498983493,,,,,1372783.550973356,,1292214.026602871,,1173411.6673603083,,,,,,1335655.473708721,139044.630474609,1332498.7887881135
bamba dieng__2000-03-23,,,,,,,,2770553.449468389,2771268.1428083535,2238524.9227151535,,,2540399.930637966,,,,,,2580186.6114074653,252367.0436504199,2655476.6900531775
bambase conte__2003-07-07,,,,,,,,1698969.0053710493,,,,1881608.5819961533,,,,,1722069.9233321033,,1767549.1702331018,99451.37083751442,1722069.9233321033
bambo diaby__1997-12-17,,,,,,,,1298033.6379563182,,,,,,,1301130.777323561,,1307068.0116268143,,1302077.4756355647,4590.986296538112,1301130.777323561
bamo meite__2001-12-03,,,,,,5209733.646988746,,,,,,,,,5185249.244434625,,,,5197491.445711685,17313.08707932009,5197491.445711685
bandiougou fadiga__2001-01-15,Bandiougou Fadiga,MID,512499.9999999997,594302.0739694335,,595815.4580113081,,,,,,,,,620500.2835352073,,,,603539.2718386496,14708.144721297234,595815.4580113081
baptiste guillaume__1995-06-16,,,,,,,,,,,,,,,,731271.6002979575,,772278.8800999909,751775.2401989743,28996.52562603191,751775.2401989743
baptiste mouazan__2001-09-27,,,,,,,,,,844241.8968877312,819655.7291016955,,845556.1675259756,,,722149.2137505903,,747682.688768619,795857.1392069223,57295.47761991558,819655.7291016955
baptiste santamaria__1995-03-09,,,,,,4879314.417611596,,,4846533.820485883,,,,,,,,,,4862924.11904874,23179.38251893576,4862924.11904874
bard finne__1995-02-13,,,,,,1348934.1806600166,,1132652.906816904,,,,,,,,,,,1240793.5437384602,152933.9553781296,1240793.5437384602
barnabas varga__1994-10-25,,,,,,,,,6739562.171317974,,,7600043.747204694,,,,,,,7169802.959261334,608452.3573955864,7169802.959261334
barry bannan__1989-12-01,Barry Bannan,MID,749999.9999999998,1250606.5541379775,,,,,926716.7147222183,1077454.8121453957,,,,,,,,,1084926.027001864,162074.12288136932,1077454.8121453957
bars alper ylmaz__2000-05-23,Barış Alper Yılmaz,MID,26499999.999999996,22938390.89085948,,,,,,,,,,,,,,,22938390.89085948,,22938390.89085948
bart nieuwkoop__1996-03-07,Bart Nieuwkoop,DEF,2349999.999999999,3189540.022177194,,,,,,,,,1862714.4929970019,2973422.0501660975,,2851009.906767935,,,2719171.618027057,587874.6633023364,2912215.9784670165
bart schenkeveld__1991-08-28,,,,,,,,,,,,,,,,879582.074010205,,826389.8477786309,852985.960894418,37612.583874754986,852985.960894418
bart van rooij__2001-05-26,,,,,,,,,,,,,,,,5004720.978843682,,4874068.252232152,4939394.615537917,92385.42896752525,4939394.615537917
bart verbruggen__2002-08-18,,,,,,31069146.603065457,28827649.93045786,,,,31319110.984097313,,,,,24987906.52213166,,,29050953.509938076,2931203.2229366694,29948398.26676166
bart vriends__1991-05-09,,,,,,,,311886.89684422396,,,,,,298533.552707674,,,,295674.5658838605,302031.6718119195,8653.759110508292,298533.552707674
bartol franjic__2000-01-14,,,,,,,,,1911419.5546238427,,,2183678.0192265515,,,,,,,2047548.786925197,192515.806556013,2047548.786925197
bartosz bereszynski__1992-07-12,,,,,,977583.5844193887,1110342.8367520713,,,1026759.8646992103,,,1117427.7890761197,,,,,,1058028.5187366975,67612.07330278032,1068551.3507256408
bartosz salamon__1991-05-01,,,,,,,,,,,,,512193.736989309,,,526349.5831179834,,,519271.6600536462,10009.694791019005,519271.6600536462
bartosz slisz__1999-03-29,Bartosz Slisz,MID,3799999.9999999995,4069436.798295328,,,,,,3760429.298757311,,3864311.6548791663,,,,,,,3898059.250643935,157243.70848339552,3864311.6548791663
bartug elmaz__2003-02-19,,,,,,,,,,,1558822.8734474888,,,,1594987.870310875,,1650436.134203133,1408635.7441812044,1553220.6555356754,103491.59540679656,1576905.3718791818
bas kuipers__1994-08-17,,,,,,,1030244.1365994177,,,,909581.5272768163,,1121702.6033868212,1101489.437810164,,,,,1040754.4262683048,95843.87412967617,1065866.7872047909
basar onal__2004-07-06,,,,,,,2158260.094925174,,,,,,,,,,,,2158260.094925174,,2158260.094925174
bastien meupiyou__2006-03-19,,,,,,,,,698321.5375923928,626922.2666785778,,,623052.7873037731,,,,,726874.539149417,668792.7826810402,51931.76641353996,662621.9021354853
batista mendy__2000-01-12,,,,,,,,,11234071.489354145,10568919.214864835,,,,,,,,11698929.94278617,11167306.88233505,567956.1566416345,11234071.489354145
batuhan sen__1999-02-03,,,,,564141.3181705868,,,,,528626.7669772021,,,,554558.9475112126,,564049.2853765085,,,552844.0795088776,16759.109348230937,559304.1164438606
batuhan yavuz__2005-05-04,Batuhan Yavuz,DEF,237499.99999999983,321934.0130732369,,,,,,,,,,287801.3131589963,,,,,304867.6631161166,24135.463569565036,304867.6631161166
bazoumana toure__2006-03-02,Bazoumana Touré,MID,10499999.999999994,10480883.532080116,,,,,10275230.958696356,,,,9324177.130147647,,,,10082673.452346869,,10040741.268317748,504622.9943937119,10178952.205521613
becir omeragic__2002-01-20,,,,,,,5572244.8228612235,,,,,,,,,7358790.302026906,,,6465517.562444065,1263278.423216224,6465517.562444065
bedirhan cetin__2006-06-29,,,,,,,249532.10113086476,,270342.1227064581,,,,249424.16169652165,,,229719.68554537342,,,249754.51776980446,16587.16957556108,249478.1314136932
ben amos__1990-04-10,Ben Amos,GK,172499.99999999985,99339.21297911984,,,,,,,,,,,,,93053.57057270157,,96196.39177591071,4444.620369692084,96196.39177591071
ben bobzien__2003-04-29,Ben Bobzien,FWD,1150000.0000000005,1415235.0761080508,1311422.7145706601,,,,,1344308.318716905,,,,1444750.723332195,1346216.0386848687,,,,1372386.5742825358,55367.95493879865,1346216.0386848687
ben brereton diaz__1999-04-18,,,,,,,1982603.0927063017,,,2762211.8893514005,,,,,,,2524509.3486779323,,2423108.1102452115,399573.6819641302,2524509.3486779323
ben chilwell__1996-12-21,,,,,,,,,9828997.740261424,,,,,,,,,,9828997.740261424,,9828997.740261424
ben chrisene__2004-01-12,,,,,,,,1079522.4398337652,,,,1041419.0534104959,,1058038.482859705,,,,,1059659.9920346553,19103.376226038723,1058038.482859705
ben davies__1993-04-24,,,,,3591942.1955957273,,,4084868.842615615,3574020.82813578,3740557.08334475,,,,,,,,,3747847.2374229683,236754.94457768163,3666249.6394702387
ben davies__1995-08-11,,,,,,,,,,,,,,1801181.6244572361,,1998454.0576692612,1656312.3936369335,,1818649.35858781,171738.37913653682,1801181.6244572361
ben gannondoak__2005-11-11,,,,,6995345.133913353,,,,,,,,6422990.724327926,6552002.268927419,,,,,6656779.375722899,300218.3773926814,6552002.268927419
ben garuccio__1995-06-15,,,,,,,,,,,,,,831991.8677584267,,,,,831991.8677584267,,831991.8677584267
ben gibson__1993-01-15,,,,,,,,766247.0373861792,,,,,,741948.361026205,,,,,754097.699206192,17181.75882799501,754097.699206192
ben godfrey__1998-01-15,,,,,,3381298.4856436946,,,,,,,,,,,,2972381.7192678773,3176840.102455786,289147.81844521564,3176840.102455786
ben hamed toure__2003-08-21,,,,,,,,,,,,,,1149218.332332337,951533.1812042715,,,1487500.2880698484,1196083.9338688191,271039.6158608487,1149218.332332337
ben hamer__1987-11-20,,,,,,,,,186167.163675137,,,,,,184828.74313869933,,,,185497.95340691815,946.4062373944223,185497.95340691815
ben johnson__2000-01-24,,,,,,,,,,3718195.4109907066,,,,,,,4181299.0829389095,3691423.69747012,3863639.3971332456,275426.8290323621,3718195.4109907066
ben lhassine kone__2000-03-14,,,,,,,,1229162.722182323,,,926446.4474816178,,,,1094273.6231166113,,,,1083294.264260184,151656.50491436844,1094273.6231166113
ben mee__1989-09-21,Ben Mee,DEF,812499.9999999993,867005.3144432155,,,,,,,,,,,,944463.0498065973,,,905734.1821249065,54770.88993080032,905734.1821249065
ben nelson__2004-03-18,,,,,1366411.3969389182,,,,,,,,,1389214.5762593066,,,1521453.7619679866,,1425693.2450554038,83711.13245144424,1389214.5762593066
ben osborn__1994-08-05,,,,,1231565.9599316353,971578.2013702604,,1028513.29014984,,,,,,,,1094821.81529838,,,1081619.816687529,111933.9074389212,1061667.55272411
ben purrington__1996-05-20,,,,,,,,,,,,,,,,369459.05656755803,,,369459.05656755803,,369459.05656755803
ben sheaf__1998-02-05,,,,,4242261.875098589,3596087.4984549447,,,,,,,3686766.586843714,,4410339.522219281,,4557342.207666609,,4098559.538056628,433125.34080227965,4242261.875098589
ben wilmot__1999-11-04,Ben Wilmot,DEF,4150000.000000003,2224197.751431474,,,,2416069.998136108,,,2186401.3022447005,,,,,,,,2275556.350604094,123147.09395615199,2224197.751431474
ben woodburn__1999-10-15,Ben Woodburn,MID,812499.9999999993,488954.4145228043,,461232.7544144398,,,,,367142.2537067427,451511.5862076053,,,,,,405886.0769694224,434945.4171642029,48280.81420077426,451511.5862076053
benedict hollerbach__2001-05-17,,,,,,7383223.694482537,,,,,,,,,,6961670.706288393,,,7172447.200385464,298082.97658153204,7172447.200385464
benedikt gimber__1997-02-19,,,,,,,,,,,2361343.7455105656,,,,,,,2606187.1993379015,2483765.4724242333,173130.4665304446,2483765.4724242333
benedikt saller__1992-09-22,,,,,,,215471.35270346428,,460852.4477822159,,,451472.6076450035,,,,,,,375932.13604356116,139042.2331266226,451472.6076450035
beni baningime__1998-09-09,,,,,2913982.95710997,,,,,2806226.638221514,,,,,,2646247.0011262638,,,2788818.865485916,134714.17314201928,2806226.638221514
benie traore__2002-11-30,Bénie Traoré,MID,8249999.9999999935,13100715.620487938,,,,,,10886306.987660617,,,10866300.448993558,12909029.631311301,,,,,11940588.172113352,1231445.96366799,11897668.309485959
benito raman__1994-11-07,Benito Raman,MID,2150000.0,2249047.329998746,,,,2484145.8041359186,,,,2154637.56383196,,,,,,,2295943.565988875,169686.07137765977,2249047.329998746
benjamin andre__1990-08-03,,,,,4733132.668038942,5502179.901487595,5603728.533477437,,5529743.436680916,,4321992.112643651,,5535513.830713734,,,,,,5204381.747173713,541176.0238413875,5515961.669084256
benjamin fredrick__2005-05-28,,,,,,894448.0060215271,,,1036307.1063567954,,,939988.5436310314,,,,,1074443.601819054,,986296.814457102,83369.74866233226,988147.8249939134
benjamin hadzic__1999-03-04,Benjamin Hadžić,MID,177500.00000000015,208323.2680944715,,,179507.1733859888,,,210219.4636745293,,,,,,,237882.5704457888,,208983.11890019462,23846.548423055647,209271.3658845004
benjamin henrichs__1997-02-23,,,,,,,11710558.930184275,,17798443.73283455,,,,,,,,,,14754501.331509413,4304784.627036537,14754501.331509413
benjamin kallman__1998-06-17,,,,,,,,,2262889.9650611947,,,2827635.950400827,,,,,2393591.916716664,,2494705.944059562,295639.2089751176,2393591.916716664
benjamin lecomte__1991-04-26,,,,,,,827023.9671526538,866366.0338247494,,,,,,,868508.3407003275,,,,853966.113892577,23357.15785158692,866366.0338247494
benjamin leroy__1989-04-07,Benjamin Leroy,GK,139999.9999999999,142251.04279055021,,,,,,134576.7525065167,,,,,119672.74753403534,,,,132166.84761036743,11480.443605495117,134576.7525065167
benjamin mendy__1994-07-17,,,,,,746311.9110733112,,,,899428.2850041342,,897588.549906822,,,,,,,847776.2486614225,87875.50857862915,897588.549906822
benjamin nygren__2001-07-08,,,,,,,5389048.940667027,,,,,,4394333.026472591,5379222.523085378,,,,,5054201.496741665,571483.9789198455,5379222.523085378
benjamin pauwels__2004-10-29,,,,,1231954.882309385,,,,,,1319647.0764478554,,,,,,,,1275800.9793786202,62007.745132439595,1275800.9793786202
benjamin pavard__1996-03-28,,,,,,,18044138.57725797,,23425625.49093234,,,,,,,21092130.889659077,,,20853964.985949796,2698637.1743491893,21092130.889659077
benjamin sesko__2003-05-31,,,,,,,,52519119.43272607,62348823.74071334,,,,,,,57275121.883236215,,46683903.203854285,54706742.06513248,6687042.779439049,54897120.65798114
benjamin siegrist__1992-01-31,,,,,,588664.0993384663,,,,670222.4676837357,,,,,,688915.5125114754,,,649267.3598445592,53309.69770323203,670222.4676837357
benjamin stambouli__1990-08-13,Benjamin Stambouli,MID,600000.0000000003,783782.3980211529,721280.7156276897,,674107.1579780547,,,,,,,,,,728370.9088673713,,726885.2951235671,44931.17120741596,724825.8122475306
benjamin tahirovic__2003-03-03,,,,,,,,,1965129.9272669468,1928637.8005380845,,,,,,,,,1946883.8639025157,25803.83026989739,1946883.8639025157
benjamin uphoff__1993-08-08,Benjamin Uphoff,GK,474999.99999999977,532941.844248577,,,,,,,,,524584.7740676906,,,,531251.1530371894,,529592.5904511524,4418.515349177448,531251.1530371894
benjamin van durmen__1997-03-20,Benjamin Van Durmen,MID,562500.0000000003,634165.3160545188,,,,,,,,,,,,630743.6493837419,,,632454.4827191303,2419.4837058663466,632454.4827191303
benji michel__1997-10-23,,,,,441329.6849653586,395763.47947721166,,471901.2356710527,,462820.02949226217,,455443.26127728337,512302.1743923571,,,,,431411.1732256987,452995.862643032,36181.71720331108,455443.26127728337
benoit badiashile__2001-03-26,,,,,,,,,19350628.453558266,,,,,,,,,,19350628.453558266,,19350628.453558266
benoit nyssen__1997-09-12,Benoit Nyssen,DEF,712500.0000000002,814917.5472423868,773731.4252403172,962579.3728400772,,,795624.6372650259,847180.5922575293,,776266.0963672617,,,,,,,828383.278535433,71160.95976400095,805271.0922537064
berat djimsiti__1993-02-19,,,,,8416689.035807569,8829449.988315515,8267436.898135241,,,,,,8691716.102171164,,,,9186627.013838125,,8678383.807653522,360094.2285374219,8691716.102171164
berat ozdemir__1998-05-23,Berat Özdemir,MID,3550000.0000000014,2986621.5969910882,,,,,,,,,,,,,,2967170.6890138206,2976896.143002454,13753.868930961456,2976896.143002454
berkan kutlu__1998-01-25,,,,,,,,,2096475.8470313433,,,,,,2219896.6472332627,,,,2158186.247132303,87271.68476224721,2158186.247132303
berkay ozcan__1998-02-15,,,,,,,,,1284045.4733606847,,,,,,,1331401.0690952085,,,1307723.2712279465,33485.46287101055,1307723.2712279465
berke ozer__2000-05-25,,,,,,,,13399864.219091076,11949232.175225796,,13023278.436229398,,,,12131781.776018634,,,,12626039.151641227,697367.0293601537,12577530.106124017
bernardo schappo__1999-03-22,,,,,,,,,1246689.8972404029,1374261.7783174736,,,,,,,,,1310475.8377789382,90206.94219832051,1310475.8377789382
bernd leno__1992-03-04,,,,,,,5617321.295384811,,,,5191602.535436506,,,,,,,,5404461.915410658,301028.62203777436,5404461.915410658
bernt klaverboer__2005-09-26,,,,,,1206481.6935831027,,,,,,,,,,1479779.530543903,,,1343130.612063503,193250.75379859732,1343130.612063503
bersant celina__1996-09-09,,,,,,,,1092146.0520820015,,,,1214257.9019097819,1188613.3529671435,,,,,998718.4108012624,1123433.9294400474,98370.46149703836,1140379.7025245726
bert esselink__1999-08-16,Bert Esselink,DEF,487499.9999999996,436768.5033664663,,448305.6700799663,439076.4494965328,,,,,,,,,,,,441383.5409809885,6104.797890348948,439076.4494965328
bertrand traore__1995-09-06,,,,,,,,,,,,,3560669.3854419044,,,,,7006823.007451777,5283746.196446841,2436798.5951337633,5283746.196446841
bertug yldrm__2002-07-12,,,,,,,,,,,,2772704.7967662825,,,3017863.990924887,2608353.3617987134,2571153.1476878976,,2742518.824294445,203382.00523999962,2690529.079282498
besard sabovic__1998-01-05,,,,,,1321743.8963490266,,,,,,,,1179919.535027833,1338910.0005964036,,,,1280191.1439910878,87260.90451524014,1321743.8963490266
bi abdoul kader yameogo__2004-12-17,,,,,411577.6956219778,,363377.10288299114,,,,,,,,395273.72472025314,399298.9851802451,390517.6831072973,,392009.0383025529,17809.72850971445,395273.72472025314
bilal bafdili__2004-08-03,,,,,2267567.0711104088,,,2110091.1208520904,,,,,,2299504.96383468,2423603.759975597,2508280.0195001718,,,2321809.3870545896,152805.21219921618,2299504.96383468
bilal bayazt__1999-04-08,,,,,,,,1043053.4424472824,,,,970534.542625454,,1022073.0096467354,,,,,1011886.998239824,37317.07155081159,1022073.0096467354
bilal boutobba__1998-08-29,,,,,,,,,,,1863140.8277538097,,1772717.7288626747,,,,2096989.7990867654,,1910949.451901083,167339.00408749856,1863140.8277538097
bilal el khannouss__2004-05-10,,,,,20494630.15646141,,,,,,,,,,,,,,20494630.15646141,,20494630.15646141
bilal nadir__2003-11-28,,,,,,,,6632568.149058824,,,5809381.024542307,,,5895598.750289678,,,,,6112515.97463027,452436.81564850936,5895598.750289678
bill antonio__2002-09-03,,,,,,,,,,,,,,831117.7497800706,,865759.2534134337,,,848438.5015967521,24495.24212964944,848438.5015967521
bill tuiloma__1995-03-27,,,,,,,,,,,,,503929.28154705156,,,,,,503929.28154705156,,503929.28154705156
billy gilmour__2001-06-11,,,,,,,10191793.655116424,,,,10849635.985305877,,9285190.734729491,,,,11307658.427724525,,10408569.700719079,877851.9544134301,10520714.82021115
billy koumetio__2002-11-14,,,,,,,,,615804.070207269,,,,745701.1138187052,,,,,802049.3290981093,721184.8377080279,95512.35501536046,745701.1138187052
billy sharp__1986-02-05,,,,,139685.57828043593,,,125329.78520209531,116196.69803619405,,,,,128872.05366201139,138604.61042934004,102689.68775253082,130068.42977744022,,125920.9775914354,12979.810813932143,128872.05366201139
billy van duijl__2005-10-04,,,,,,,679851.8116018538,,,832179.4079917963,,,,724398.8965885701,,789543.6934433324,,,756493.4524063881,67637.96745376763,756971.2950159513
bingourou kamara__1996-10-21,,,,,,,,,,1104508.370311999,,,,,,,,,1104508.370311999,,1104508.370311999
birger meling__1994-12-17,,,,,,,,,1517027.2304418292,1560311.563610849,,,,,,,1489351.3930452312,,1522230.0623659696,35765.046437807585,1517027.2304418292
birger verstraete__1994-04-16,,,,,,1095834.820520451,,,1094406.5979113919,,1049088.458606681,,1143795.8776263765,,,,,,1095781.4386662252,38676.06396822453,1095120.7092159213
birk risa__1998-02-13,,,,,,941285.6613943833,,,1040592.5263494535,,,,,,916562.4578760297,,989885.7113169613,,972081.589234207,54898.38608990572,965585.6863556723
bjarke jacobsen__1993-08-21,,,,,,,,,453570.34509984415,402914.37517272827,460196.1496993251,,,,,441256.99904842774,399957.1408227746,,431579.00196862,28362.946233192557,441256.99904842774
bjorn meijer__2003-03-18,,,,,,,5087151.148803564,5161076.983232215,,,,5497107.646858967,,5151574.224514107,,,,,5224227.500852213,184860.29573163926,5156325.603873162
bjrn paulsen__1991-07-02,,,,,,313375.98532079364,270007.6903494973,,,,344063.9268123955,,,322544.01458790543,,,,,312497.904267648,31110.166703766317,317959.99995434954
blair spittal__1995-12-19,,,,,829876.373527545,863661.2042235303,,,,,,,,,,,,915890.9110779489,869809.4962763414,43335.623785489166,863661.2042235303
blair turgott__1994-05-22,,,,,412056.6116487187,,,,420069.6696437417,,,,440277.76636663685,,402101.9487266872,,,,418626.4990964461,16197.574938164049,416063.1406462302
blas riveros__1998-02-03,,,,,2216643.3413713966,,,,,,,,,,,,,,2216643.3413713966,,2216643.3413713966
blaz kramer__1996-06-01,,,,,,,,,,,,1518457.903016399,,,,,,,1518457.903016399,,1518457.903016399
blendi idrizi__1998-05-02,,,,,,,,,,671149.7902375561,,,802907.4854517798,,,,,,737028.637844668,93166.7597594879,737028.637844668
bobby clark__2005-02-07,,,,,,,,2223065.3046090086,1730572.0122484684,,1948236.793437717,,,,,,1759480.9385509223,1789699.0238163052,1890210.8145324842,204228.17725146073,1789699.0238163052
bobby de cordovareid__1993-02-02,,,,,,,,,,,,,,,2947973.210968604,,,,2947973.210968604,,2947973.210968604
bobby thomas__2001-01-30,,,,,,,3768041.4496486513,3763702.1716594906,,,,,,,,3807619.1124395058,,,3779787.5779158827,24200.270015467326,3768041.4496486513
bobby wales__2005-06-23,,,,,,,,,,,,,2212339.437739601,,737365.3130072071,,,,1474852.375373404,1042964.2056729682,1474852.375373404
bogdan racovitan__2000-06-06,,,,,,,,1213174.4057331851,,1262427.206191238,,,,,,,1330844.0108209047,1573445.1740700859,1344972.6992038535,159774.6748657828,1296635.6085060714
bojan miovski__1999-06-24,,,,,,,,,,,,3014715.9299214184,,,,,3171398.2255190853,,3093057.077720252,110791.11370898539,3093057.077720252
bojan radulovic__1999-12-29,,,,,,,,,,,,663100.9197594257,,,,,,,663100.9197594257,,663100.9197594257
boli bolingoli__1995-07-01,,,,,627983.5118507895,,,,,,,,,,,557584.6096677287,556091.189569457,525805.9120931937,566866.3057952923,43295.58029670824,556837.8996185928
boris popovic__2000-02-26,,,,,,,,,,,1018311.6539386269,,,,,1005305.1472022631,,,1011808.400570445,9196.98911283132,1011808.400570445
boris radunovic__1996-05-26,,,,,,992246.4757423468,,969986.4647358543,,,,,,,,,,,981116.4702391005,15740.20473197806,981116.4702391005
borna sosa__1998-01-21,,,,,,,4209817.4866768345,,,,,4458177.700672706,,,4227397.469855633,,,4228965.88949083,4281089.636674,118377.41278652579,4228181.679673231
bosko sutalo__2000-01-01,Boško Šutalo,DEF,2150000.0,1716871.8729549272,1933560.0760308371,,,,,,,,,,,2001605.1442200032,,1951054.4391709787,1900772.8830941867,125949.6742302967,1942307.257600908
botond balogh__2002-06-06,,,,,,,,,,,,,2452846.1621929896,3052410.495852941,,,,,2752628.3290229654,423956.00608854555,2752628.3290229654
boubacar kamara__1999-11-23,,,,,,,,49420632.96251222,,,,,,,52300790.4904817,,,,50860711.72649696,2036578.9189127025,50860711.72649696
boubacar traore__2001-08-20,,,,,,,,,,2172687.4465283966,,,,,,,2129794.6375519703,1832412.0928417817,2044964.725640716,185321.11198617137,2129794.6375519703
boubakary soumare__1999-02-27,,,,,5254172.7946430575,,,,,,,,,5270746.595894671,,,,5546240.173715723,5357053.188084483,164050.17333473917,5270746.595894671
boulaye dia__1996-11-16,,,,,,,19593987.24877689,,,,,,,,,,,,19593987.24877689,,19593987.24877689
boy kemper__1999-06-21,Boy Kemper,DEF,1024999.9999999995,998346.8971471114,,,,,962476.1659984778,,,,,,,,,,980411.5315727945,25364.43724131828,980411.5315727945
boyd lucassen__1998-07-01,,,,,537286.6995409419,,,,,,,,,,,,,,537286.6995409419,,537286.6995409419
bozhidar kraev__1997-06-23,,,,,,,,,,,,1155847.8224681306,1088190.752855286,,,,,655317.5648971299,966452.0467401822,271565.58896693407,1088190.752855286
brad lyons__1997-05-26,Brad Lyons,DEF,537500.0000000003,579611.506035412,,,,,,644809.4842230474,,,,580862.7817553665,,,,,601761.2573379419,37286.107348387464,580862.7817553665
brad spencer__1996-05-16,,,,,,330340.7302256995,,,,,301529.4107322258,,329870.5158175166,,336217.5925348085,356847.283952398,,315552.146965846,328392.9467047491,18779.708009327314,330105.62302160804
bradley barcola__2002-09-02,Bradley Barcola,MID,65750000.0000001,79405206.54550713,65735399.15422027,,65173629.67422446,81465412.47552451,,,,,,,,,,,72944911.9623691,8692990.249400126,72570302.84986371
bradley ibrahim__2004-10-21,,,,,1009602.1015293784,,,,1021645.4584731485,,,,,,,,,,1015623.7800012635,8515.939363189917,1015623.7800012635
bradley locko__2002-05-06,Bradley Locko,DEF,9999999.999999996,9058930.956235157,,,,,,7216327.358387532,,5980276.850039224,,7147468.5571255,,,,,7350750.930446854,1272199.096787346,7181897.957756516
bradley mazikou__1996-06-02,Bradley Mazikou,DEF,1050000.0000000007,902888.4446090651,939272.4466747978,927714.6641190713,,,,,,,,,,,962080.3006083902,,932988.9640028311,24628.219092639538,933493.5553969345
brady scott__1999-06-30,Brady Scott,GK,237499.99999999983,325706.48700035724,,,,,,,,,,,,,,303812.7526025282,314759.6198014427,15481.208058202092,314759.6198014427
brahim diaz__1999-08-03,,,,,,36427672.79350958,,32564222.69020776,,,,,29877949.087047342,,,,,,32956614.856921557,3292445.7272857395,32564222.69020776
brahim ghalidi__2005-01-31,,,,,,,422754.9542676343,,,374322.41699020093,,,366583.01389040466,377935.2450054129,,387228.6903816068,,,385764.864107052,21969.21406470122,377935.2450054129
brahim traore__2004-02-04,,,,,,,893177.078510597,882852.3854091392,,,,,,847329.2292503199,,,,,874452.8977233521,24050.361026106053,882852.3854091392
brajan gruda__2004-05-31,,,,,,13922250.996521555,13349379.361716557,,,16542141.358945955,,,,,,,,,14604590.57239469,1702240.5133646976,13922250.996521555
bram lagae__2004-01-14,,,,,,894821.437872354,,,851235.8245252528,,,,,,934735.9023651652,,,,893597.7215875908,41763.48717452906,894821.437872354
bram nuytinck__1990-05-04,,,,,,,,,,388009.1449738041,,,,,,,,,388009.1449738041,,388009.1449738041
branco van den boomen__1995-07-21,,,,,2114813.404670711,,,,,,,2455805.3372922116,,,,,,,2285309.3709814614,241117.7078865693,2285309.3709814614
brandley kuwas__1992-09-19,,,,,,,,573604.5251861796,,,,,,,,,,,573604.5251861796,,573604.5251861796
brandon austin__1999-01-08,,,,,,,,1287810.7565709245,,,,,1032542.1137462858,,,,,,1160176.4351586052,180502.18836558878,1160176.4351586052
brandon borrello__1995-07-25,Brandon Borrello,MID,1150000.0000000005,1240201.6076821305,,,896499.7077030123,,,,,,,,,,,,1068350.6576925714,243033.94418193502,1068350.6576925714
brandon comley__1995-11-18,,,,,,,,284337.51788483124,,,,,,,,,281055.57458632067,,282696.5462355759,2320.6843618465673,282696.5462355759
brandon domingues__2000-06-06,,,,,,,,,,,,,1018235.7651535994,,,,,,1018235.7651535994,,1018235.7651535994
brandon khela__2005-01-19,Brandon Khela,MID,537500.0000000003,736483.9522924136,,645272.0705723107,,730592.4792748155,664752.7895996795,648156.7563789842,,,,,,,,,685051.6096236408,44930.33690734348,664752.7895996795
brandon mechele__1993-01-28,,,,,,,,,,,,,,,,5858619.204065289,6373657.7769841235,,6116138.490524706,364187.2674835498,6116138.490524706
brandon soppy__2002-02-21,,,,,,,,,1696400.5773025502,1604364.2743507493,,,,,,,,1470943.0126145391,1590569.2880892793,113360.06617512085,1604364.2743507493
branimir hrgota__1993-01-12,,,,,,,,,,,,,1403496.7361741986,,1573466.9625757332,,1663689.0871349135,,1546884.261961615,132117.35258311394,1573466.9625757332
brayan medina__2002-03-04,,,,,,,,,1920961.7566128082,,,,,,,,,2257200.4766779034,2089081.1166453557,237756.6790555141,2089081.1166453557
brayan vera__1999-01-15,,,,,,,,1470115.2385264898,,,,,,,,,1615079.6451108148,,1542597.4418186522,102505.31492646002,1542597.4418186522
breel embolo__1997-02-14,,,,,,,,11796294.567428153,12193927.946543295,11812293.256539365,,12606557.501686787,,,,,,,12102268.318049401,383151.2062690493,12003110.60154133
brendan chardonnet__1994-12-22,,,,,,,5550364.14513117,,,5649638.86069428,,,,,,,5903126.48695743,5949820.040104301,5763237.383221795,193736.66750593568,5776382.673825854
brendan galloway__1996-03-17,,,,,,,,,,,,,473422.82443844667,,,,,,473422.82443844667,,473422.82443844667
brenden aaronson__2000-10-22,,,,,,,6212262.515621594,,,10158505.362131657,,,,,,10065999.537562914,,,8812255.805105388,2252135.2448099907,10065999.537562914
brennan johnson__2001-05-23,Brennan Johnson,MID,30000000.00000005,32654352.684573635,,33235738.565636687,,,,,,,25147015.16416031,,36176086.16140487,,,,31803298.143943876,4697643.293731898,32945045.62510516
brent gabriel__1999-01-27,,,,,861596.079651355,737404.3993817263,798557.2206916547,,,,857990.5612145782,846761.8721865417,796632.9440063763,,,817940.5034816102,896576.0625261627,,826682.4553925006,49610.558950685605,832351.1878340759
brian brobbey__2002-02-01,,,,,,,,,,,21788127.222319566,,,,23905840.17704729,,,22418330.055059794,22704099.15147555,1087393.6830813002,22418330.055059794
brian graham__1987-11-23,,,,,,,,133291.3351268652,,,,,,,132352.64850817667,,,158567.61983192456,141403.86782232215,14871.653251315893,133291.3351268652
brian mansilla__2002-05-14,,,,,,,1815917.018891695,1988271.2604203047,,,,1896172.4329113173,,,,,1750532.057317762,,1862723.1923852698,102727.53240805758,1856044.7259015061
brian ocampo__1999-06-25,,,,,,,,,,,,,,,2037529.1659451572,1934034.1960353386,,,1985781.680990248,73181.99504193042,1985781.680990248
brian orosco__1998-02-28,,,,,,496614.130732103,,,,,,,,,,,,497670.9781075571,497142.5544198301,747.3039458627923,497142.5544198301
brice samba__1994-04-25,,,,,,,,,,,,,,8938991.943932604,,,,,8938991.943932604,,8938991.943932604
bright arreymbi__2003-03-26,,,,,3230459.6068297373,,,,,,,,,3742945.0168790314,,3543512.8877060125,,,3505639.1704715937,258333.38483675086,3543512.8877060125
bright osayisamuel__1997-12-31,,,,,,3526968.0081060063,,,,3593271.6749665975,,3491668.0687653148,,3965811.8442102163,,,,,3644429.899012034,218355.20845814323,3560119.841536302
brighton labeau__1996-01-01,,,,,,,,,,,,,853387.210574581,,,,,482616.02967477124,668001.6201246761,262174.81628279964,668001.6201246761
britt assombalonga__1992-12-06,,,,,,,,,,,535371.1993309224,,,519216.27373697533,487586.6685033212,505819.7750221325,,,511998.4791483379,20268.970464764592,512518.0243795539
brodie spencer__2004-05-06,,,,,,,,,,1663259.253897232,1632195.4763931178,1660428.0029052305,,,,,,,1651960.9110651936,17175.805698044987,1660428.0029052305
brooke nortoncuffy__2004-01-12,,,,,,,,,,,,,,6683521.991498534,,,,,6683521.991498534,,6683521.991498534
brooklyn ezeh__2001-06-23,,,,,,705477.3559249539,,,,,,743571.7479984955,693935.9939208012,707072.6293518309,,,,,712514.4317990204,21516.264346153213,706274.9926383924
bruce anderson__1998-09-23,,,,,,557236.0318524799,,641593.9625233074,,,,,,,,,,,599414.9971878936,59650.06482420677,599414.9971878936
bruno martins indi__1992-02-08,Bruno Martins Indi,DEF,487499.9999999996,691720.5049058641,,,,,,,,,519622.39424378064,686178.3384957671,,,,,632507.0792151373,97800.27084799473,686178.3384957671
bruno onyemaechi__1999-04-03,,,,,,,,2718658.155685436,2932105.686423761,,,,,,,,,2562332.559228424,2737698.8004458738,185620.44880245434,2718658.155685436
bruno petkovic__1994-09-16,,,,,,6400201.431643186,,,,,5440959.027462972,7051858.179507076,5445554.637869466,,,,6168764.132728053,4841839.735903199,5891529.524185658,798213.5991495367,5807159.38529876
bruno zuculini__1993-04-02,,,,,,,1622874.5072624162,,,,,1540968.8804613666,,,,,1739929.4421752505,,1634590.943299678,99996.41210782256,1622874.5072624162
bruny nsimba__2000-04-05,Bruny Nsimba,MID,1749999.9999999998,1298772.1221610333,1388660.279906127,,,,,,,,1271157.5177548837,1190406.823525609,,,,,1287249.185836913,81760.57114432921,1284964.8199579585
bryan cristante__1995-03-03,,,,,,,18439756.54164573,,,,16878291.31258019,,19499812.061741058,,,,,16047822.204615036,17716420.530145504,1548158.185048664,17659023.92711296
bryan fiabema__2003-02-16,,,,,,,,,,,,,,,,,594780.3157867687,,594780.3157867687,,594780.3157867687
bryan goncalves__1996-07-19,,,,,,,,,1098394.3599842554,,,,1116879.499991398,,1276297.97346662,,,,1163857.2778140912,97814.14841110354,1116879.499991398
bryan heynen__1997-02-06,,,,,,,,13175878.684339786,13376213.265876021,12517572.632991644,,,,,13605911.000924509,,,14150954.305093871,13365305.977845166,597868.6234602889,13376213.265876021
bryan lasme__1998-11-14,,,,,,1000814.5149103649,1006088.0562725406,949730.6864018552,,,,,1098550.2897626695,981502.2000819359,,,,,1007337.1494858733,55565.03206732193,1000814.5149103649
bryan limbombe__2001-05-14,Bryan Limbombe,MID,875000.0,955166.3472441406,1049394.978512577,,,,,,,,,962879.7308266952,,,,,989147.0188611377,52318.60618550545,962879.7308266952
bryan linssen__1990-10-08,,,,,,,,718215.9421648664,,824823.5354081636,,,,706417.5476317825,698986.7306089128,,,639553.32510682,717599.4161841089,67193.84352146098,706417.5476317825
bryan okoh__2003-05-16,,,,,,,,771836.3920509669,,,,,,,,,,,771836.3920509669,,771836.3920509669
bryan reynolds__2001-06-28,,,,,,,,,,,6841884.0225961795,,,,6412500.212472091,,7310163.6940297205,,6854849.3096993305,448972.1656548336,6841884.0225961795
bryant nieling__2002-10-31,,,,,,,,,1095278.5999063973,,,,,,1132940.080122704,,,,1114109.3400145506,26630.688050473425,1114109.3400145506
bukayo saka__2001-09-05,,,,,,,,,,,115723005.5304527,97362963.44233051,101875499.51557933,,87779840.18208775,,,,100685327.16761258,11620929.048039654,99619231.47895491
buluthan bulut__2002-07-21,Buluthan Bulut,MID,162500.00000000012,228180.59496728773,,,213414.54575754915,,,,,,215748.1779687728,192035.59640205262,,,,,212344.72877391556,15010.701633531151,214581.36186316097
bunyamin balc__2000-05-31,,,,,,,,,,,1673693.4887033422,,,,,,,,1673693.4887033422,,1673693.4887033422
burak ince__2004-01-20,Burak İnce,MID,637500.0000000003,742922.9522002126,663766.4259557091,,,,,,,719503.6157553314,633851.4986316289,647932.6798749345,656561.3878633733,,,,677423.0933801982,43476.16714629918,660163.9069095412
burak kapacak__1999-12-08,,,,,,920084.6935294558,,,901640.2911392396,,,,,,792534.1796278601,843873.6543550501,,,864533.2046629013,57947.04596144226,872756.9727471448
caglar soyuncu__1996-05-23,,,,,,9051133.843384288,,,,,,,,,9454753.80028,,,,9252943.821832143,285402.4085431792,9252943.821832143
cagtay kurukalp__2002-02-24,Çağtay Kurukalıp,DEF,625000.0000000002,511603.4630598404,569945.6114279388,488264.7156731213,661214.5260656656,,550584.562110132,,,,582372.0852633166,,,547693.0337271646,,559409.1820914722,558885.8974273314,51495.5097024705,554996.8721008021
caleb ekuban__1994-03-23,,,,,,,2116616.57649514,,,,,,,,2293569.3283360316,2150462.130539762,2353780.9365874333,,2228607.2429895913,113338.86371283914,2222015.729437897
caleb kporha__2006-07-15,Caleb Kporha,DEF,987499.9999999999,1123273.7176844233,,,,,,1405380.185738301,,,,,,,,,1264326.9517113622,199479.39657748298,1264326.9517113622
caleb okoli__2001-07-13,Caleb Okoli,DEF,5950000.000000001,4226689.274413604,,,,,,4118024.4197548167,,,,,,,,,4172356.8470842103,76837.65560587932,4172356.8470842103
caleb taylor__2003-01-14,,,,,1548585.324503206,,,,,1848329.244670122,,,1734079.8288915474,,,,,1773011.6559321634,1726001.5134992595,127430.75322494877,1753545.7424118554
caleb watts__2002-01-16,,,,,,,,,615972.6826740971,,646642.4000989544,,,,545708.0947140867,,,,602774.3924957128,51745.33455883788,615972.6826740971
caleb wiley__2004-12-22,,,,,3839299.8177661565,,,,3357140.6163000884,,,,,,,,,,3598220.2170331227,340938.0409681475,3598220.2170331227
caleb yirenkyi__2006-01-15,,,,,,,,,,3729826.5611065743,2962543.974336653,,,,,,,,3346185.267721614,542550.7201913669,3346185.267721614
calem nieuwenhof__2001-02-17,Calem Nieuwenhof,MID,1600000.0000000012,1624459.6508331369,1594436.2009334369,,,1431865.8918089753,,,,,,1794213.9287229385,,1393668.5724579303,,1630484.0318474635,1578188.046100647,146468.23889014465,1609447.9258832869
callum connolly__1997-09-23,,,,,,,,,,541409.9644413489,,,555201.0936294761,580134.1869219784,547301.2812852743,,,,556011.6315695194,17045.366266533547,551251.1874573752
callum hendry__1997-12-08,Callum Hendry,MID,324999.9999999999,369444.6768646976,,396057.91543104657,,,,,,,370612.60400894034,,,,,,378705.0654348948,15039.350574252603,370612.60400894034
callum hudsonodoi__2000-11-07,Callum Hudson-Odoi,MID,24500000.000000007,23889096.6147871,,,27282227.397387765,,24887153.872080535,,24753353.195532057,,,,,,,,25202957.769946866,1455045.210509311,24820253.533806294
callum lang__1998-09-08,,,,,,,,,,,2035379.592334246,,,,,2605740.344419811,,2438803.0295780157,2359974.3221106906,293237.6522901341,2438803.0295780157
callum mccowatt__1999-04-30,,,,,,,,,,,,,,,,,1555785.9799119993,,1555785.9799119993,,1555785.9799119993
callum mcgregor__1993-06-14,,,,,,,,,,,,8486160.223206755,,,,,6596621.083748439,,7541390.653477597,1336105.9388283684,7541390.653477597
callum osmand__2005-11-08,,,,,,,,,,,,791915.7546014559,,879341.6480834241,,,,670966.7677713578,780741.3901520792,104635.90445875931,791915.7546014559
callum paterson__1994-10-13,,,,,,,,1042792.7830648025,,,1052320.9955374717,,1009533.8701417354,1100490.3824889502,,,1146290.1631635348,,1070285.6388792987,53521.904824510675,1052320.9955374717
callum robinson__1995-02-02,,,,,,,1265449.1424212533,,,1394686.646013227,,,,,,,,,1330067.8942172402,91384.71517350546,1330067.8942172402
callum slattery__1999-02-08,,,,,,,870760.341596969,,,,,935856.3775144601,,,,,,,903308.3595557145,46029.848425621,903308.3595557145
callum wilson__1992-02-27,,,,,,,,,,,,,,6475225.530833057,,,,,6475225.530833057,,6475225.530833057
calum chambers__1995-01-20,,,,,,,1852411.5865012824,,2238037.20914694,,1693371.2065451192,,1690979.18331032,,1894326.3407182018,,,2200238.905216692,1928227.4052397592,240130.7327841915,1873368.963609742
calum ward__2000-10-17,,,,,,,260321.84855293995,,,216916.71992934798,,215786.77839485646,,204245.97329676858,,225745.00377000042,,,224603.2647887827,21379.625318978164,216916.71992934798
calvin bassey__1999-12-31,Calvin Bassey,DEF,22249999.999999985,22651497.814451404,,,,,,20923103.34238638,,,,,,,,22547470.766431563,22040690.641089782,969255.6083651548,22547470.766431563
calvin miller__1998-01-09,,,,,,,306150.4573886477,,,,,,,383699.4771436066,,422525.97342705604,395062.6970994676,,376859.6512646945,49877.64086292792,389381.0871215371
calvin raatsie__2002-02-09,,,,,1041599.3125926527,,,,1089156.0492307935,,1045103.9103968984,,,,,,,1030500.2095953486,1051589.8704539232,25806.139497324977,1043351.6114947756
calvin ramsay__2003-07-31,Calvin Ramsay,DEF,3249999.9999999986,1286906.7477841508,,,,,,1262310.232516325,,,,,,,,,1274608.490150238,17392.36273943799,1274608.490150238
calvin stengs__1998-12-18,,,,,,10858991.167789236,10792554.30009828,,11256329.65471797,,,,8724210.75026853,9863110.556524396,,,,,10299039.285879683,1017795.0190529844,10792554.30009828
calvin twigt__2003-01-30,,,,,1147839.0086944213,,,,1173586.6709445426,,,1190000.8866572417,,,1284644.8991204777,1155378.8690800057,,,1190290.066899338,55233.15467410019,1173586.6709445426
calvin verdonk__1997-04-26,Calvin Verdonk,DEF,2900000.0000000014,3377280.301820194,,3254143.855941984,,3093699.3438760424,,,2348965.955894174,,,3457034.072542884,,,,,3106224.7060150555,444976.4381142537,3254143.855941984
cameron archer__2001-12-09,,,,,,,,,,,,,,6704231.122783732,7153923.071219447,,,5445730.245857373,6434628.146620184,885434.9246115144,6704231.122783732
cameron brannagan__1996-05-09,,,,,,,,,,,,,1516249.7332256548,1546323.925064085,1623453.5336079656,,,1250315.982456954,1484085.7935886648,162254.73344627657,1531286.82914487
cameron burgess__1995-10-21,,,,,,2704266.0154050915,,,,,,,,,,,,2657075.381681201,2680670.6985431463,33368.81711465349,2680670.6985431463
cameron cartervickers__1997-12-31,Cameron Carter-Vickers,DEF,15749999.999999972,16955136.785509173,17116228.634154577,,,,,,,,19715075.358506434,,,16785495.16597825,,,17642983.98603711,1387978.71073956,17035682.709831875
cameron congreve__2004-01-24,,,,,,,,,,,,,,,,,548635.3545335588,,548635.3545335588,,548635.3545335588
cameron harper__2001-11-19,,,,,,,,744051.3501923811,,,,,,,,,,,744051.3501923811,,744051.3501923811
cameron humphreys__1998-08-22,,,,,719884.4192014226,715074.3460240758,510114.54204407334,591543.1448336282,,,922858.3819946661,,,,,703576.5012687999,,,693841.8892277776,139923.6351926659,709325.4236464378
camiel neghli__2001-11-06,,,,,2072385.0173880453,2079914.0417333867,2264811.8825794067,,1905447.8249363159,2066555.5996702968,,,,,,2112645.654569711,1957854.664763672,,2065659.2408058338,115042.21042271187,2072385.0173880453
cammy kerr__1995-09-10,,,,,,,,,,,,,,,,254318.8643494617,,259600.41988784497,256959.64211865334,3734.623736404166,256959.64211865334
can keles__2001-09-02,,,,,,1957807.427710196,,,,,1847154.6802978732,,1807925.2821587452,1982300.3632109582,,,,1777986.9111105609,1874634.932897667,90906.1200881226,1847154.6802978732
can uzun__2005-11-11,,,,,,24724975.526593257,,,,,,27542851.65112054,18904917.48216267,,,,,24434891.414483197,23901909.018589914,3614226.352413174,24579933.47053823
caoimhin kelleher__1998-11-23,,,,,,,,,,,,,,,,18115134.205587927,,,18115134.205587927,,18115134.205587927
carl jenkinson__1992-02-08,,,,,,166424.4072177203,,,,,,,177002.26845239353,200992.17741145802,,,,146057.69470927824,172619.1369477125,22862.82395183643,171713.3378350569
carl johansson__1994-05-23,Carl Johansson,DEF,875000.0,995576.0073021769,,,,,,,,,1154320.2577704024,,,994543.412524566,1011781.6423800283,,1039055.3299942934,77247.69664291863,1003678.8248411026
carl mchugh__1993-02-05,,,,,,,,,,,,751365.942217245,,,,829751.7297216376,780092.1310872191,,787069.9343420338,39656.02380935492,780092.1310872191
carl rushworth__2001-07-02,,,,,,,,,,,5059433.4911600035,,,,,,,,5059433.4911600035,,5059433.4911600035
carl starfelt__1995-06-01,Carl Starfelt,DEF,8249999.9999999935,8209207.6708237305,,,,,,,,,,7554952.063460269,6895850.665445743,,,6676621.55555887,7334157.988822153,692562.7384722044,7225401.364453007
carlens arcus__1996-06-28,,,,,,,,,,,,,,1787212.1904839154,,1885054.1678748883,,,1836133.1791794018,69184.72569785781,1836133.1791794018
carljohan eriksson__1995-04-25,,,,,,,,,,,,,,427393.35090434644,,,453917.24987049086,,440655.30038741865,18755.228822467576,440655.30038741865
carlo boukhalfa__1999-05-03,,,,,,2095395.2289735477,1820784.8859376905,,,,,2271332.246376366,2031586.075187658,,,,2128376.1894508502,,2069494.9251852226,164445.9620772959,2095395.2289735477
carlo holse__1999-06-02,,,,,,,,,,4671029.995150514,,,,,,4905918.28060602,,,4788474.137878267,166091.09946687002,4788474.137878267
carlo pinsoglio__1990-03-16,,,,,244648.6092237179,,,292289.8882549671,,,,,,,,,198722.76150589818,,245220.41966152773,46786.18415089731,244648.6092237179
carlos alcaraz__2002-11-30,,,,,,,,,,,,,,,,,12866685.658497298,12355483.614374707,12611084.636436002,361474.4319555092,12611084.636436002
carlos baleba__2004-01-03,,,,,,,,,,,,,33041914.705803417,,,,,,33041914.705803417,,33041914.705803417
carlos protesoni__1998-03-30,Carlos Protesoni,MID,2250000.000000001,3349865.3092580577,,,,,,,,,3308158.8367357664,,,3198246.905327127,,,3285423.6837736503,78324.32883720638,3308158.8367357664
carlos zambrano__1989-07-10,Carlos Zambrano,DEF,525000.0000000003,549815.2872680936,664152.6667219767,627893.6096615373,,,,604290.7252380145,,,,,,,,,611538.0722224055,47951.452463596106,616092.1674497759
carney chukwuemeka__2003-10-20,,,,,,18182168.486638173,,,,,22198181.452711932,,,,,,,,20190174.969675053,2839750.001643855,20190174.969675053
cas odenthal__2000-09-26,,,,,,1460743.4995438757,,,,,,,1388391.2821122967,,,,,,1424567.390828086,51160.743579753056,1424567.390828086
casper de norre__1997-02-07,,,,,,,,,2744554.2251508143,,,,2248205.1389392833,,,,,,2496379.682045049,350971.80469591985,2496379.682045049
casper hjer__1994-11-20,,,,,,,1751593.9940460706,,1475391.5253040106,,,,,,,,,,1613492.7596750406,195304.63862797606,1613492.7596750406
casper nielsen__1994-04-29,,,,,1405372.4139121189,,,,,,,,,,,1586087.548962924,,,1495729.9814375215,127784.897457467,1495729.9814375215
casper staring__2001-02-01,,,,,,,,477445.8211712622,525690.3592295606,,,,,,,,477437.2226411183,,493524.46768064704,27856.479548500607,477445.8211712622
casper tengstedt__2000-06-01,,,,,,5972741.010515507,,6614370.44618182,,,,,,,,,7281004.081333509,6473936.375923517,6585512.978488588,539283.3054315934,6544153.4110526685
casper widell__2003-05-05,,,,,,,,,,,,1817064.3342530325,,,,,,,1817064.3342530325,,1817064.3342530325
castello lukeba__2002-12-17,,,,,,,,,,,,,,,,47156568.4924485,,,47156568.4924485,,47156568.4924485
catalin cirjan__2002-12-01,,,,,,,,,,,,,,,2820951.137570722,,,,2820951.137570722,,2820951.137570722
cazim suljic__1996-10-29,,,,,380139.74815612263,,,413596.7267209306,,,,,,,379140.97064129263,,,,390959.14850611525,19611.07721939168,380139.74815612263
cedric bakambu__1991-04-11,Cédric Bakambu,MID,2050000.000000001,1475629.3132774641,,,1418401.5196385193,,,,1897259.5264754675,,1836530.4588629561,,,,,2173160.2212330378,1760196.2078974892,313430.4045222804,1836530.4588629561
cedric hatenboer__2005-03-19,,,,,,,1230758.5536835622,1188140.9305417954,1194209.9893626175,,,,,1203671.3575511891,,,,,1204195.207784791,18826.666983638643,1198940.6734569033
cedric kipre__1996-12-09,Cédric Kipré,DEF,3099999.9999999986,3708338.4610693925,,,,3463078.6572044734,,,,,,,,3102904.7406578767,3204997.120562627,,3369829.7448735926,271846.931503877,3334037.88888355
cedric nuozzi__2006-01-30,,,,,,,,,,,,,696705.2394642793,,896305.2608312077,,,,796505.2501477435,141138.5286335349,796505.2501477435
cedric teuchert__1997-01-14,,,,,,,2086093.68619222,1827435.5779306141,,,,1671933.2784270195,,,1680747.8664916675,,,2084593.3085388837,1870160.7435160812,205915.73904612145,1827435.5779306141
cedric zesiger__1998-06-24,,,,,,,,,,4993394.035641049,,,,,,,,,4993394.035641049,,4993394.035641049
celil yuksel__1998-01-01,,,,,,,,,,,,1200226.8864663916,1432873.6829436738,,1062543.5796536377,,,,1231881.3830212343,187183.33717189578,1200226.8864663916
cengiz under__1997-07-14,,,,,,,,9315068.490567304,,,,,,,8605701.23041205,,,,8960384.860489678,501598.40000750264,8960384.860489678
cenk ozkacar__2000-10-06,,,,,,,,2345553.647404189,,,,,2236588.7564445795,,2370053.2550592427,,,2015159.241843056,2241838.725187767,161871.24626458692,2291071.2019243846
cenk tosun__1991-06-07,,,,,,1268194.4121368926,,,,,,970748.7075602066,1312652.6516173664,,,,1397322.1516137,,1237229.4807320414,185552.46106657272,1290423.5318771293
cephas malele__1994-01-08,,,,,1267952.1551359084,,,,,,,,,,,,,1257988.7713363771,1262970.4632361429,7045.176248212746,1262970.4632361429
cesar huerta__2000-12-03,,,,,4489410.6180818025,,,,,,,,,,,,,,4489410.6180818025,,4489410.6180818025
cesar montes__1997-02-24,César Montes,DEF,2250000.000000001,3410298.8033720166,,,,,,,,,,,3119679.829501097,,,,3264989.316436557,205498.6471656033,3264989.316436557
cesare casadei__2003-01-10,,,,,,,,,,,10388510.365077807,,,11592754.277317215,,,,,10990632.32119751,851529.0365471031,10990632.32119751
cezary miszta__2001-10-30,,,,,,,3421988.3790674657,,,,3211696.3822921966,,,,,3438270.8680694466,,,3357318.5431430363,126374.99816093284,3421988.3790674657
chadi riad__2003-06-17,,,,,,,,,6292991.514401633,,,6888014.042216292,,,,,7150360.134165486,,6777121.896927804,439309.7295234376,6888014.042216292
charalampos lykogiannis__1993-10-22,,,,,,,,,,,2034760.840249437,,1947107.0640203124,,,2388038.0304999254,,,2123301.9782565585,233419.53461494707,2034760.840249437
charles de ketelaere__2001-03-10,,,,,40589383.361224964,,,,,,,37700444.26593897,36360604.109180175,40857245.67906436,,,,36119061.14259606,38325347.71160091,2272376.8891096585,37700444.26593897
charles pickel__1997-05-15,,,,,,,,,,1799686.7745035056,,,,,,,,,1799686.7745035056,,1799686.7745035056
charles vanhoutte__1998-09-16,,,,,,,,,,,,,,,,,,15342091.066486863,15342091.066486863,,15342091.066486863
charlesandre rauxyao__2001-11-15,,,,,,659423.5556621541,,,619290.0498822028,,,690224.5118293073,,708602.3752606185,,,,630400.7996905413,661588.2584649648,38068.504558111716,659423.5556621541
charlesandreas brym__1998-08-08,,,,,,,891019.2093942527,,,,764672.0279317956,,,,,,,,827845.6186630242,89340.94879591072,827845.6186630242
charlie cresswell__2002-08-17,,,,,10342313.434041476,11816832.908407625,,,11787587.539951285,,,,,,,,,,11315577.960800128,842998.6371157994,11787587.539951285
charlie goode__1995-08-03,,,,,,896074.9461958397,818812.2196588297,,897078.3193633168,,,,788824.0569708451,,,,,,850197.3855472078,54937.19633946406,857443.5829273347
charlie lakin__1999-05-08,,,,,,,357266.45593606506,,385364.2791558347,,352130.8528553594,,,,402557.56935256335,,,325281.2287724885,364520.0772144622,30112.815758625136,357266.45593606506
charlie mccann__2002-04-24,,,,,,,,,,,,,319588.57070743834,,,364809.2417098907,,,342198.9062086645,31975.84311563995,342198.9062086645
charlie reilly__2001-12-05,,,,,,,,354549.0935799217,,,293218.46506853146,,378043.9599931659,,,,,,341937.17288053967,43796.53588011182,354549.0935799217
charlie savage__2003-05-02,,,,,,,,,,,,1081953.8840197339,,,,,,,1081953.8840197339,,1081953.8840197339
charlie taylor__1993-09-18,,,,,,,,,,,,,,,2563567.2848061356,3017095.7671738463,,,2790331.5259899907,320693.06534345174,2790331.5259899907
charlie webster__2004-01-31,,,,,,,,774819.0997080121,,,,,,,,731893.465834282,792833.404190699,,766515.323244331,31307.084651721623,774819.0997080121
charly nouck__2004-03-21,,,,,,,,1414721.6850390425,,,,,,,,,,,1414721.6850390425,,1414721.6850390425
che adams__1996-07-13,,,,,,11653726.917617952,10217899.179683294,,,,,,,11528198.114076754,,,,,11133274.737126,795219.2644184872,11528198.114076754
check keita__2003-04-02,,,,,,2969549.960826471,,,,3028524.5650185933,,,,,2790931.4034093106,,,,2929668.643084792,123715.46887711041,2969549.960826471
cheick doucoure__2000-01-08,,,,,13882842.390210876,,,,,,,13705783.51377381,,14667396.279696953,,,,,14085340.72789388,511789.95737497025,13882842.390210876
cheick souare__2002-09-03,Cheick Souaré,DEF,1600000.0000000012,2188088.2864356837,1966737.0645216212,,,,,,,,2001678.9182154625,,,,,,2052168.0897242557,118999.82432947285,2001678.9182154625
cheikh niasse__2000-01-19,Cheikh Niasse,MID,2649999.999999999,2695272.3588547325,,,,,,,3106770.1256825104,2714033.7199776815,2981107.2611912503,,,,,,2874295.866426544,202637.87661400926,2847570.4905844657
cheikh sabaly__1999-03-04,Cheikh Sabaly,MID,2550000.0,2534459.7193308,,,,,2521095.4925537687,2284782.6978204693,,,,,,,,,2446779.303235013,140452.2187924187,2521095.4925537687
chemsdine talbi__2005-05-09,Chemsdine Talbi,MID,12249999.999999987,24127770.8300308,,18597071.62080566,,,21524272.435331915,,,,,,,,,,21416371.62872279,2766927.966858023,21524272.435331915
chengdong zhang__1989-02-09,,,,,,,,103528.33276213314,121196.52602899444,,,,,,119805.54877985743,,,,114843.46919032834,9823.845414012105,119805.54877985743
cher ndour__2004-07-27,Cher Ndour,MID,3900000.000000001,4176679.1770139905,,,,,,,,,4821648.344013395,5286592.179688164,,,,,4761639.900238517,557384.4977836324,4821648.344013395
cherif ndiaye__1996-01-23,,,,,1994313.8043909378,1697150.1933110987,2152313.7598743625,,,,,,,1768081.853472141,,,,,1902964.902762135,209023.6079044216,1881197.8289315393
cherrion valerius__2005-09-22,,,,,,,1320030.0829316573,,,1283022.4458526433,,,,,,,,,1301526.2643921503,26168.3511342615,1301526.2643921503
chibuike nwaiwu__2003-07-23,,,,,,,,,,,3551179.7913917606,,3591844.2444370445,,,2873652.9696587315,,,3338892.3351625116,403421.80140163266,3551179.7913917606
chidera ejuke__1998-01-02,Chidera Ejuke,MID,7500000.000000002,10647255.445459433,9822810.190029534,10140795.53281646,9728989.490063086,,,9479322.25038491,,,,,,,,,9963834.581750685,449491.81042319635,9822810.190029534
chidozie awaziem__1997-01-01,,,,,,1638303.6981770734,,,,,,,,,1920843.1355390078,,,,1779573.4168580407,199785.55211125565,1779573.4168580407
chiedozie ogbene__1997-05-01,,,,,3372592.65616968,,,,,,,,,,,,4578271.560380906,,3975432.108275293,852543.7291013238,3975432.108275293
chima okoroji__1997-04-19,,,,,,,,,,934549.4622313365,,,,,,,933072.924423139,,933811.1933272377,1044.06989685481,933811.1933272377
chovanie amatkarijo__1999-05-20,,,,,,,351928.6715995861,375236.5682231994,,,,,,423940.14760659623,,,,,383701.7958097939,36744.49928556219,375236.5682231994
chris bedia__1996-03-05,,,,,,,,,,,,,2250985.288601184,,,,1644622.552722829,,1947803.9206620064,428763.20239841216,1947803.9206620064
chris cadden__1996-09-19,,,,,555911.3438619976,,,,,,,,,,,,547680.9750768812,,551796.1594694394,5819.749579621862,551796.1594694394
chris durkin__2000-02-08,,,,,859144.7259590653,919032.000721042,,,880300.1564295178,,,,,,850722.8681698476,,,849756.6436547869,871791.278986852,29126.55651358938,859144.7259590653
chris forrester__1992-12-17,,,,,,,,,,,,,,519812.54324097355,,590153.1106264814,,,554982.8269337275,49738.29219080187,554982.8269337275
chris fuhrich__1998-01-09,,,,,,,8581219.089355249,,,,,8205746.66281915,,,,,,,8393482.8760872,265499.09895224345,8393482.8760872
chris long__1995-02-25,Chris Long,MID,275000.0000000002,326382.8699508857,,,,,,,,,,,,,,,326382.8699508857,,326382.8699508857
chris mepham__1997-11-05,,,,,,,,,4743736.247425072,4193543.0827016463,,4005747.0694291,,,4706261.06232009,,,,4412321.865468977,369415.2877980914,4449902.072510868
chris mueller__1996-08-29,,,,,893065.2772608368,,,,,,,,,,,,,747922.2306677672,820493.753964302,102631.63248803452,820493.753964302
chris richards__2000-03-28,Chris Richards,DEF,22249999.999999985,22890783.92032735,,,,,,,20352019.939564068,,,,19006847.907966036,,21371909.124424256,,20905390.223070428,1640133.0851832062,20861964.531994164
chris rigg__2007-06-18,,,,,,,,,,,,,,,,,9991334.620924428,,9991334.620924428,,9991334.620924428
chris smalling__1989-11-22,,,,,2973359.2185488287,,,,,,,3428170.8836526973,2653389.0867124754,,,,3433405.3336256705,,3122081.130634918,379650.7761268031,3200765.051100763
chris wood__1991-12-07,,,,,11172099.670364156,,,,,,,,,,,,,,11172099.670364156,,11172099.670364156
chriskevin nadje__2001-08-14,,,,,,,,,,2022524.3773743066,,,1674654.2764142968,,,,1924601.5054668577,,1873926.7197518202,179386.04242228702,1924601.5054668577
chrislain matsima__2002-05-15,,,,,,,22750821.451131877,18014149.767760213,,,,,19418580.54240441,,,,18526024.261703294,,19677394.00574995,2129551.9367187633,18972302.40205385
christ kouadio__2000-12-23,Christ Kouadio,DEF,449999.99999999994,551341.1768141467,,,548097.139869205,,,565345.062792168,,,,551579.1711937363,,,,,554090.6376673139,7669.226375106498,551460.1740039415
christ makosso__2004-05-09,Christ Makosso,DEF,1350000.0,1421611.8079572106,,,1421239.9047673102,,,1443776.053700014,,,,,,,1530243.3942452234,,1454217.7901674395,51767.47156662806,1432693.9308286123
christ sadia__2007-04-11,,,,,,295606.8842010451,323618.1349228578,,,,,,,282763.2192456251,,,312732.7797730908,,303680.2545356547,18093.912064494092,304169.83198706794
christ souanga__2006-10-23,,,,,,346841.2667883176,,,290587.67074252263,,,257187.18704664995,,,,,,,298205.3748591634,45309.883751647816,290587.67074252263
christiaan ravych__2002-07-30,,,,,,,,,,3205467.0550706354,,2898621.7383487304,,,,,3462178.8090332053,,3188755.86748419,282149.9438641244,3205467.0550706354
christian bassogog__1995-10-18,Christian Bassogog,MID,1550000.0000000012,1560705.2569447136,1538650.337631085,,,,,,,,,,1548888.1980322641,1393554.8408132922,,,1510449.6583553387,78449.18355613569,1543769.2678316745
christian burgess__1991-10-07,,,,,3820548.42363838,,,4618543.859904578,,,,,4341534.4028646955,,,,,,4260208.895469218,405166.0865500329,4341534.4028646955
christian cappis__1999-08-13,Christian Cappis,DEF,899999.9999999995,1015186.9855996423,,,,,,,,,,,,,,,1015186.9855996423,,1015186.9855996423
christian conteh__1999-08-27,,,,,1385155.1279055928,,,,,,,1333250.9877838106,,,,,,,1359203.0578447017,36701.769451768945,1359203.0578447017
christian dalle mura__2002-02-02,,,,,,,1264209.29649941,,,,1109746.8521130655,,,1022205.9346732101,,,,,1132054.0277618952,122534.13543933972,1109746.8521130655
christian eriksen__1992-02-14,,,,,,,4803249.412014521,,5067528.672831068,,4414811.006315506,,,4150381.4165943055,,,,3863522.1854469418,4459898.538640467,484923.3679877972,4414811.006315506
christian fruchtl__2000-01-28,,,,,,,,,,,,,,,,1725201.73376718,,1521520.6320361246,1623361.1829016523,144024.28823357634,1623361.1829016523
christian gammelgaard__2003-03-10,,,,,,977151.3595453779,,,1171381.7216443657,,1050999.069054217,,1125888.5700294308,,,,,,1081355.1800683478,85377.45740152942,1088443.819541824
christian kabasele__1991-02-24,,,,,1038009.153774341,829912.0654656918,,,,,,827912.2867698363,,,993266.9441466015,852057.5163125236,,,908231.5932937989,99767.09435398292,852057.5163125236
christian kouame__1997-12-06,,,,,4909880.956990896,,,,,,6431549.502096094,,,,,,,,5670715.229543495,1075982.1469621537,5670715.229543495
christian kuhlwetter__1996-04-21,,,,,,,,,,590913.2607927816,,,,,,,655927.8829642562,,623420.5718785189,45972.28021373096,623420.5718785189
christian mathenia__1992-03-31,,,,,,,,396727.1484426731,,,372551.20775273093,,,,,403839.68473082513,,,391039.3469754097,16401.387503819158,396727.1484426731
christian mawissa__2005-04-18,Christian Mawissa,DEF,13249999.99999999,11141148.228178129,12424351.9107332,,,,,,,,,,,12245638.8158941,,,11937046.318268478,695035.9126864166,12245638.8158941
christian nrgaard__1994-03-10,,,,,,,,,,11995006.382785855,11439579.191994216,12237126.224073973,,,,,,,11890570.599618012,408901.50611023314,11995006.382785855
christian oliva__1996-06-01,,,,,,,1551887.4653046622,,1746833.9144618902,,,,,,,,,,1649360.6898832764,137847.95616731443,1649360.6898832764
christian ordonez__2004-07-24,,,,,4706522.371367444,,,5276294.494928852,4677416.890868527,,5281534.121284918,,,,4495248.808772239,,,4344676.985260789,4796948.945413794,395634.3575226215,4691969.631117986
christian ortag__1995-01-14,,,,,,,462159.44598640973,522248.57791138673,,552041.7967295056,,,,,,,,,512149.94020910066,45784.234255448166,522248.57791138673
christian pastina__2001-02-15,,,,,,,,775503.3510868144,,707114.3521376764,,,,,737683.8501371093,,,,740100.5177872,34258.48809002735,737683.8501371093
christian pierobon__2002-03-26,,,,,,1159476.9128145573,1090360.4305185634,,,,,,,,,,1220525.7847106291,1196175.8606240752,1166634.747166956,56703.69560153794,1177826.3867193162
christian pulisic__1998-09-18,,,,,,,,,61392119.404948816,,,,51933638.49008675,,51080830.2951399,,,39681732.66973962,51022080.21497877,8887736.594303468,51507234.39261332
christian rasmussen__2003-01-19,,,,,,,,,,1403017.8102310176,,,,,,,,,1403017.8102310176,,1403017.8102310176
christian srensen__1992-08-06,,,,,,572558.545848789,,,,,,,,563222.1534433967,,,,,567890.3496460929,6601.826381671526,567890.3496460929
christian walton__1995-11-09,,,,,,,859889.43734859,,,961210.9190689796,,,,,,,,,910550.1782087848,71645.10680435628,910550.1782087848
christoph baumgartner__1999-08-01,,,,,,,,,24223799.315939553,,,23503927.195866384,22761232.53045296,,,,,,23496319.680752963,731313.069906998,23503927.195866384
christoph klarer__2000-06-14,Christoph Klarer,DEF,2950000.000000002,3439183.2714498625,,,,,,,2959547.0048892996,,,,,,,,3199365.138169581,339154.0565879725,3199365.138169581
christophe vincent__1992-11-08,,,,,,,,,,,,,,431167.9481293148,,,,,431167.9481293148,,431167.9481293148
christopher antwiadjei__1994-02-07,,,,,,,,1191866.0085969488,1233082.3377671998,,1165042.4315928945,,,,,,,,1196663.5926523479,34272.72702351729,1191866.0085969488
christopher bonsu baah__2004-12-14,,,,,,,,,,,,,,7218472.958358169,,,,,7218472.958358169,,7218472.958358169
christopher jullien__1993-03-22,,,,,,1290959.391825542,,,1310287.6446050785,,,,1135425.3116228431,,,,,,1245557.4493511545,95865.58902616326,1290959.391825542
christopher lenz__1994-09-22,,,,,1148875.831315686,,,,,,1208316.508179192,,,1132674.4077103352,1019217.9065319564,1113057.6035047008,,1197164.2241072494,1136551.0802248532,68279.09641648912,1140775.1195130106
christopher lungoyi__2000-07-04,,,,,,,,,1114281.759642969,,881849.7097638418,1227908.0274508547,,,,,,,1074679.8322858885,176395.36359521464,1114281.759642969
christopher nkunku__1997-11-14,,,,,,,,,,,20817428.599580992,,,20986206.1916742,,,,,20901817.395627595,119343.77988144365,20901817.395627595
christopher operi__1997-04-29,,,,,,,,3774256.4963245797,,,,,,,,,,,3774256.4963245797,,3774256.4963245797
christopher scott__2002-06-07,,,,,,,,,,1371981.5628765628,1323123.818288397,,,1664763.9783909826,,,,,1453289.7865186473,184764.09329900524,1371981.5628765628
christopher trimmel__1987-02-24,Christopher Trimmel,DEF,899999.9999999995,1200160.044179318,1212272.4205949632,,,,,,1120204.5402248234,,,,,,,,1177545.668333035,50026.80426681591,1200160.044179318
christos donis__1994-10-09,Christos Donis,MID,474999.99999999977,481952.8866248423,,449302.95553631824,385138.60498008225,,,,,,,,510692.2885294399,,,,456771.6839176706,53940.104045109176,465627.9210805803
christos kosidis__2005-02-28,,,,,758359.1772645551,,,,,,,659544.3578182253,,,655154.0804692644,690456.2567783218,693959.8932917254,864810.2950166016,720380.6767731155,79814.00429335619,692208.0750350236
christos mandas__2001-09-17,,,,,,,,,,,,,4791009.85604188,5098780.46570363,,,,,4944895.160872756,217626.68514174107,4944895.160872756
christos mouzakitis__2006-12-25,,,,,,,,,,,,,,,,,8110525.253537618,,8110525.253537618,,8110525.253537618
christos tzolis__2002-01-30,,,,,,,,,,36966230.45843302,,,,,,,,,36966230.45843302,,36966230.45843302
christos zafeiris__2003-02-23,,,,,,,,,13117557.009973366,,,,13207781.857592236,,14917349.399522826,,,,13747562.755696142,1014068.8955087982,13207781.857592236
chuba akpom__1995-10-09,,,,,,,,,,,,,,,4203983.75325508,,4082182.086500525,,4143082.919877803,86126.7845219702,4143082.919877803
chuks aneke__1993-07-03,,,,,,,,,,284698.5287114189,,,,,288474.6616156795,,,,286586.5951635492,2670.129183264318,286586.5951635492
chukwubuikem ikwuemesi__2001-08-05,,,,,,,,,,,2627071.0029488653,,,,,1946646.0980270195,,,2286858.5504879425,481133.064358449,2286858.5504879425
ciaron brown__1998-01-14,,,,,1230344.1140412213,,1070757.258988456,,,,,,1234837.4087871357,1300072.076899716,,,1443530.4531250172,1154733.4937990494,1239045.8009400992,127327.30087749609,1232590.7614141786
cieran slicker__2002-09-15,,,,,,,,,,,,,356581.28578654316,,,,,,356581.28578654316,,356581.28578654316
cihan canak__2005-01-24,,,,,,,,,,,,,,,2010135.2059526779,1905188.3928597749,,,1957661.7994062263,74208.60320190886,1957661.7994062263
ciro immobile__1990-02-20,,,,,4231641.915037275,,,,,3488554.817184895,,4395140.9945335,5250202.783285476,,,,3721387.896412691,3812750.174976559,4149946.4302383997,634375.4671031671,4022196.045006917
cisse sandra__2003-12-16,,,,,,,1849750.525483148,,,1928649.2766286915,2138486.234905232,,,,,,1988866.2574264174,,1976438.0736108723,122130.49073218698,1958757.7670275546
cj eganriley__2003-01-02,,,,,10996866.740303405,,,,,,,,,10992056.334857741,,11583508.66774235,,11190724.652244668,11190789.09878704,277686.4278118003,11093795.696274037
clark robertson__1993-09-05,,,,,,,,,,,421369.8370642771,,,,,,,,421369.8370642771,,421369.8370642771
claudio echeverri__2006-01-02,,,,,,8851299.948844515,,,8799238.033865407,,,9125132.977209458,7882282.308990465,,,,,10093156.372072255,8950221.928196419,792144.2013106933,8851299.948844515
claudio gomes__2000-07-23,,,,,,3006099.724009072,3331000.0785343545,,,,,,,,,,,,3168549.901271713,229739.24389474065,3168549.901271713
claudio spinelli__1997-01-21,,,,,,,,,1796302.5421077672,1889691.3209658721,,,,,,,,,1842996.9315368198,66035.8388172969,1842996.9315368198
claudiu micovschi__1999-05-19,Claudiu Micovschi,MID,362499.9999999997,506912.5098263988,,,,,,,,,574632.2175623183,416242.1884229746,,,,,499262.305270564,79471.65881621023,506912.5098263988
clemens riedel__2003-07-19,,,,,,,,,,,,,,6447853.361712493,,,,,6447853.361712493,,6447853.361712493
clement akpa__2001-11-24,Clément Akpa,DEF,6499999.999999999,8181765.44227523,,,,,8663737.436705872,,,,,,,,9110035.553993654,8939747.544581007,8723821.494388942,405471.00866714824,8801742.49064344
clement bischoff__2005-12-16,,,,,,,,,,,,,,,1781923.969933554,,,,1781923.969933554,,1781923.969933554
clement lenglet__1995-06-17,,,,,,,,,,10290693.438637769,8727545.45098527,,,10159437.530570397,,,,,9725892.140064478,867080.7990304085,10159437.530570397
clement michelin__1997-05-11,,,,,,,,,,,1120760.5117562278,1179703.4899126235,1109278.031419557,1036161.8117647958,,1221388.1773350206,,1333754.405462266,1166841.0712750817,103455.18847437305,1150232.0008344257
clement vidal__2000-06-18,Clément Vidal,DEF,1450000.0000000002,1188200.9027174788,1133296.4932340707,1298698.2706970135,1137935.8226235297,,,,,,,,,,,,1189532.8723180231,76906.09905573261,1163068.3626705043
clinton mola__2001-03-15,,,,,,,,,,,306799.31574599305,,,,,,,,306799.31574599305,,306799.31574599305
clinton nsiala__2004-01-17,,,,,,,,802806.4691678656,,,754293.8715055481,,,,,,,,778550.1703367068,34303.58677999932,778550.1703367068
cody drameh__2001-12-08,,,,,1840053.0354853023,2306615.7236640514,,2185550.021700891,,1943868.0190712586,,,,2171439.9959518914,,,,,2089505.3591746788,191384.08299720535,2171439.9959518914
cody gakpo__1999-05-07,,,,,,,,52016930.73744687,,49857629.66720127,,,,,,,57712010.56795618,,53195523.65753478,4057663.8336605546,52016930.73744687
cohen bramall__1996-04-02,,,,,,,,601604.4101899272,,,,,,,,,,,601604.4101899272,,601604.4101899272
cole campbell__2006-02-20,Cole Campbell,MID,1949999.999999999,2871835.21479449,,,,,,,,,2523885.6783881695,2676269.0542904306,,,,2285405.6380078555,2589348.8963702363,247669.5184866781,2600077.3663393
cole palmer__2002-05-06,,,,,114208908.0334591,,,,,113970557.96440296,108509502.91988578,,93083372.00294249,,110595988.79222272,,,,108073665.9425826,8713143.948312856,110595988.79222272
colin coosemans__1992-08-03,,,,,,,3697192.1335541527,3152200.6653645006,,3407969.379360498,,,,,,,,3197053.196275378,3363603.8436386324,248783.62074312207,3302511.2878179383
coll donaldson__1995-04-09,,,,,,,,,228286.83373675763,,,,,,184014.67621577365,221642.94330131277,,,211314.81775128134,23874.85321260873,221642.94330131277
come bianay balcot__2005-05-13,,,,,639982.1082164702,,651613.6782964406,,,,,,,,,,,,645797.8932564554,8224.762079393628,645797.8932564554
conan ledesma__1993-02-13,,,,,,,,,,,3830683.3092565793,,,,,,,,3830683.3092565793,,3830683.3092565793
connor barron__2002-08-29,,,,,,,,4992184.171140113,,5121109.354939277,,,4952039.364869219,,,,5061654.166435618,,5031746.764346057,74830.01539003223,5026919.168787865
connor mahoney__1997-02-12,,,,,,,,,,,,,,,,,,275317.52643918147,275317.52643918147,,275317.52643918147
connor mclennan__1999-10-05,,,,,,,,,,,250865.96584432662,,,279261.37076334824,220135.58238704482,,235899.75301382295,,246540.66800213564,25164.857829521323,243382.8594290748
connor ogilvie__1996-02-14,,,,,985561.9483398505,,,,,,,1014777.4737510027,952300.4121248382,896007.7926328517,,,,,962161.9067121358,50956.11094563146,968931.1802323444
connor roberts__1995-09-23,,,,,4858256.167408291,,,,,,,,,,,,,,4858256.167408291,,4858256.167408291
conor bradley__2003-07-09,,,,,29333387.26218975,,28672929.650448218,,,,,,,,,,,,29003158.456318982,467014.05594870896,29003158.456318982
conor coady__1993-02-25,,,,,,,,,,,,,,,,,,2013697.7011140832,2013697.7011140832,,2013697.7011140832
conor coventry__2000-03-25,,,,,,,,,,,,,1958690.4073543334,,,,,,1958690.4073543334,,1958690.4073543334
conor gallagher__2000-02-06,,,,,36295767.75124638,32463338.82957818,,,34112733.065839104,,,,,34159632.52928807,35668613.782259405,,32044119.92271042,,34124034.313486926,1684488.063147774,34136182.79756358
conor grant__1995-04-18,,,,,,,,206201.31638085452,,,,,,,,,,,206201.31638085452,,206201.31638085452
conor hazard__1998-03-05,,,,,,,,,,,747843.53152665,,,,,,,,747843.53152665,,747843.53152665
conor masterson__1998-09-08,,,,,,,,,411087.5920040491,,,,,,,,,,411087.5920040491,,411087.5920040491
conor mcaleny__1992-08-12,,,,,,228068.94820044105,,,263155.89323063695,,,254929.57961498332,224831.8542201647,,,,,,242746.5688165565,19160.165458354433,241499.2639077122
conor mcgrandles__1995-09-24,,,,,,,,,,496010.80527213623,,,,,,,,,496010.80527213623,,496010.80527213623
conor mcmenamin__1995-08-24,,,,,,,242947.2719501327,,,,,367768.3449936909,253639.86258272766,309888.14068871265,,,,,293560.905053816,57528.984734770245,281764.00163572014
conor no__2001-01-01,,,,,,,,,635966.655230237,,707205.1174956809,,,,,,,,671585.8863629589,50373.199749197345,671585.8863629589
conor shaughnessy__1996-06-30,,,,,,,,1120410.0934826932,,,,1148551.8009717488,,,,,,,1134480.947227221,19899.19219967945,1134480.947227221
conor townsend__1993-03-04,,,,,,,,,,,,1211284.3364411218,,,,,,,1211284.3364411218,,1211284.3364411218
conrad harder__2005-04-07,,,,,9893650.747336531,,,,,,,,,,,11534436.686443325,,,10714043.716889929,1160210.8640179518,10714043.716889929
corentin tolisso__1994-08-03,,,,,16203692.104277365,,,,,,,,,,,,17213429.404736977,18417605.313806996,17278242.27427378,1108378.7510935257,17213429.404736977
corey blacketttaylor__1997-09-23,Corey Blackett-Taylor,MID,825000.0000000006,1212870.8576177922,1122491.4163433753,1079979.388082753,,,,,1161989.7776502427,,,,,,,,1144332.8599235408,56649.92458710296,1142240.596996809
corrie ndaba__1999-12-25,,,,,,,,,801188.0747600893,,715605.8556475468,,,,,780485.4815303226,746010.0574826845,,760822.3673551608,37771.09056817924,763247.7695065036
costantino favasuli__2004-04-26,,,,,1139567.4879474575,,452389.2327185629,,,,1695092.0977179406,,,,,,1274792.5844967386,,1140460.3507201748,516108.5752827319,1207180.036222098
couhaib driouech__2002-04-17,Couhaib Driouech,MID,3850000.0000000005,4227993.235730475,4469859.460448515,,,,,,,,,,,,,,4348926.348089495,171025.24763811534,4348926.348089495
craig goodwin__1991-12-16,,,,,,,876749.6078565979,,,,,,,,,,,1403746.589252536,1140248.098554567,372643.13920990867,1140248.098554567
craig gordon__1982-12-31,,,,,,135731.12392206283,,130048.90894149791,,,,,,,,,,,132890.01643178036,4017.9327449172442,132890.01643178036
craig halkett__1995-05-29,Craig Halkett,DEF,1099999.9999999998,1399934.7925189515,1556611.9595338986,,,,1245271.449007729,1596066.9189674277,,,,,,,,1299253.8202112778,1419427.788047857,154250.66395843326,1399934.7925189515
craig sibbald__1995-05-18,,,,,,,,,,368213.92490127694,,,,360940.40397457714,,,,,364577.1644379271,5143.155970371689,364577.1644379271
cristian buonaiuto__1992-12-29,,,,,,,,1069307.6822752708,1012081.0379862842,,,,,,1072608.9153386515,,,,1051332.5452000687,34032.85396275236,1069307.6822752708
cristian casseres jr__2000-01-20,Cristian Cásseres Jr,MID,5750000.000000005,5818575.778808324,,,,,,,,,,,,6422745.691353174,,,6120660.735080749,427212.642149347,6120660.735080749
cristian cauz__1996-08-15,,,,,768502.6819840156,,825862.9579370618,,843671.7011854494,,,,,808591.9231422514,,,,,811657.3160621946,32137.41429171623,817227.4405396567
cristian devenish__2001-01-25,,,,,,,,,,,,1441092.9275807498,,,,,,,1441092.9275807498,,1441092.9275807498
cristian manea__1997-08-09,,,,,,,,,803578.7796257156,,,,,729972.8981029665,,,,,766775.838864341,52047.21795994948,766775.838864341
cristian montano__1991-12-11,Cristian Montaño,DEF,175000.00000000012,219441.14396080538,182980.14601365605,,232632.73703133847,,,,,184785.46503397357,,,,,,,204959.87300994337,24937.319740441897,202113.30449738947
cristian romero__1998-04-27,,,,,,32351717.380578984,,,,39107487.00405493,,,,,37284669.32122123,,,,36247957.901951715,3495165.7652396024,37284669.32122123
cristian volpato__2003-11-15,,,,,,,,,,,3051986.153742549,,,3414975.3891098336,,,,,3233480.7714261916,256672.14982592672,3233480.7714261916
cristiano biraghi__1992-09-01,,,,,,,,,,,,,,,,7247973.215527831,,,7247973.215527831,,7247973.215527831
crysencio summerville__2001-10-30,,,,,18637012.26947312,,20000654.03724289,,,,,17197985.535848677,,19444343.300968915,,,,19547693.954391297,18965537.81958498,1103607.2842243372,19444343.300968915
curtis jones__2001-01-30,Curtis Jones,MID,34499999.99999998,28841373.46343091,,,,,,30262609.873614673,,,31385274.940934263,28582080.28063781,,29875284.906605665,,,29789324.693044662,1132971.2947836888,29875284.906605665
cyle larin__1995-04-17,,,,,,,6617615.977658014,,,,,7246245.121766944,,,,,,,6931930.549712479,444507.93065092026,6931930.549712479
cyriel dessers__1994-12-08,,,,,,,,,,,,,,,,,3031968.2125296,,3031968.2125296,,3031968.2125296
cyril ngonge__2000-05-26,,,,,,4934744.693986919,,,,,4932972.681591337,,,,,,,,4933858.687789127,1253.0019812627656,4933858.687789127
cyrus christie__1992-09-30,Cyrus Christie,DEF,800000.0000000005,531959.5071948463,,,,,,,,728788.4136640925,563548.6245553665,,,,,,608098.8484714351,105706.88929156278,563548.6245553665
daam foulon__1999-03-23,Daam Foulon,DEF,2649999.999999999,2372975.888955201,,,,,,,2473306.8246677835,,,,,,2434290.9918648815,,2426857.901829289,50576.79592311586,2434290.9918648815
daan dierckx__2003-02-24,,,,,,,,,,,,1706949.061509468,,,,,,,1706949.061509468,,1706949.061509468
daan heymans__1999-06-15,,,,,,2635691.827465265,,,,,,2391845.39664204,,,2395025.8017618493,2682672.836645826,,2710420.5981486356,2563131.292132723,157200.24308652448,2635691.827465265
daan reiziger__2001-06-18,,,,,,,,,,554714.3173582826,,572410.8371263267,460847.8008765116,,,,,,529324.3184537069,59958.87588672886,554714.3173582826
daan rots__2001-07-25,,,,,3561284.7923086835,,,3376516.04006868,,,,4014533.069057069,,,,,,3711289.482254576,3665905.845922252,269748.4258518291,3636287.1372816297
dael fry__1997-08-30,,,,,,,,,,,2494963.373877535,2591517.746951547,2538976.04244643,,,,,,2541819.0544251706,48339.92943480901,2538976.04244643
daichi kamada__1996-08-05,,,,,,,,,,10712011.546911532,,,,,,,9649123.685305988,,10180567.61610876,751575.2145821486,10180567.61610876
daijiro chirino__2002-01-24,,,,,,,3703166.0816108454,,4257589.3373631565,,,,,,3757991.557182669,,3445202.5720283636,,3790987.3870462584,339649.7337028544,3730578.8193967575
daiki hashioka__1999-05-17,,,,,,,,,,,,,2253452.019806253,,2139235.782628134,,,,2196343.9012171933,80763.07583025894,2196343.9012171933
daisuke yokota__2000-06-15,,,,,,1603419.5046017205,,,,,,,1689896.835922124,,,,1844736.5541905705,,1712684.2982381384,122261.73127626527,1689896.835922124
daizen maeda__1997-10-20,,,,,14843064.969873201,,13188997.085013289,,16815467.086775973,,,,,,,,,9332983.775217328,13545128.229219947,3175360.6786860926,14016031.027443245
dakonam djene__1991-12-31,Dakonam Djené,DEF,3299999.9999999986,3403764.7417393555,,,,,2983498.9165756376,,,,,,,,,,3193631.829157497,297172.8148742249,3193631.829157497
dal varesanovic__2001-05-23,,,,,,,,1949511.9933355756,1888475.1343083237,,,,,,,,,,1918993.5638219495,43159.576920497115,1918993.5638219495
dale taylor__2003-12-12,,,,,,,,,,,,783863.8176753285,,765576.5254278138,,,,,774720.1715515711,12931.06835775783,774720.1715515711
daley sinkgraven__1995-07-04,,,,,,,1062658.585707391,1092370.8068589868,,,968038.5386639297,1103662.7029354114,,,,,1019089.5906609083,,1049164.0449653254,55912.54599390351,1062658.585707391
damian puebla__2002-09-15,,,,,,,,,,1696910.6861881,,,,1386567.4769173134,,,1635607.122383994,,1573028.428496469,164363.30667647268,1635607.122383994
damian szymanski__1995-06-16,,,,,,,,,,,,,,,,2340884.9739103406,,,2340884.9739103406,,2340884.9739103406
damian van bruggen__1996-03-18,,,,,,,,444341.2091802757,,434401.3475039302,,,,,,476728.3639860914,,,451823.6402234324,22133.32694845,444341.2091802757
damian van der haar__2004-01-16,,,,,990594.9775124877,,,,,,,903812.4224410065,,,,932648.3263298003,890984.7179875571,,929510.1110677129,44293.66552282182,918230.3743854035
damien da silva__1988-05-17,,,,,,,,,254746.05066518235,,,,270268.7062010171,,,191380.8194634318,,,238798.5254432104,41791.95304134031,254746.05066518235
damion downs__2004-07-06,,,,,,3764509.378511365,,3847137.0232035834,,4047221.455390615,3869990.6316883583,3900928.66192866,,,3653022.7647015927,,,4165784.854378919,3892656.3956861566,170777.45179841868,3869990.6316883583
damon mirani__1996-05-13,,,,,,,,,,846129.5001928924,,,,,,958021.849323585,,,902075.6747582387,79119.83883320547,902075.6747582387
dan agyei__1997-06-01,Dan Agyei,MID,562500.0000000003,668278.1342186842,,,384744.80026866286,604089.3241745224,,,,,,,,,,,552370.7528872899,148673.78998060818,604089.3241745224
dan burn__1992-05-09,,,,,,,8864076.018354485,,9286145.114344316,,,,,10294249.87741368,,,10512908.408274716,,9739344.8545968,791160.6866261123,9790197.495878998
dan casey__1997-10-29,Dan Casey,DEF,600000.0000000003,660396.4311871455,,686891.8877740857,,622366.2685200397,,616151.9420451409,,,661623.1086761996,,,,,545968.8619189986,632233.0833536017,49883.87653499587,641381.3498535927
dan kemp__1999-01-11,,,,,,,,,,,,,,636999.6243097117,,,,,636999.6243097117,,636999.6243097117
dan ndoye__2000-10-25,,,,,,,,22035607.75111597,,,22478170.84903305,,,,,,,,22256889.30007451,312939.3676400932,22256889.30007451
dan nlundulu__1999-02-05,,,,,324526.03063594585,332543.1270029047,,,,375493.2398292161,327020.9963451768,,312138.5055677206,343941.65640501986,,,,,335943.9259643307,21983.45923615682,329782.06167404074
danaxel zagadou__1999-06-03,,,,,,,,,,,,,,6261721.699619934,,,,,6261721.699619934,,6261721.699619934
dane murray__2003-06-26,Dane Murray,DEF,1425000.0000000007,1906369.9190015136,,,,,,,,,,,,,,,1906369.9190015136,,1906369.9190015136
dane scarlett__2004-03-24,,,,,2245934.3597447504,,,2269166.9018473797,,,,,,1957725.8273179992,,,2149298.344460885,,2155531.3583427537,141717.58062677315,2197616.352102818
danel dongmo__2001-01-31,Danel Dongmo,MID,412500.00000000006,545359.6311063432,,545557.3554952886,,,566476.1276071444,,551523.8409085422,,525551.7177473893,,,,,538446.5649792063,545485.8729739857,13594.052337305273,545458.4933008159
dango ouattara__2002-02-11,,,,,,,,,19958501.305758618,,,,13796057.023191363,,,17656506.00528399,,16020335.838414934,16857850.043162227,2603068.45462357,16838420.92184946
dani de wit__1998-01-28,,,,,,,,,,,,,,,,2522381.6713975454,,2511777.2392121763,2517079.455304861,7498.465908907355,2517079.455304861
dani van den heuvel__2003-05-28,,,,,,,,580893.8487835794,,610956.7363402698,,,,,576032.9531463886,,,,589294.5127567459,18916.81856274589,580893.8487835794
daniel anyembe__1998-07-22,,,,,,1384896.4240209558,,,,1434460.936843326,1045378.8679031031,1518150.369809845,,,,,,,1345721.6496443076,207642.94202791256,1409678.6804321408
daniel arzani__1999-01-04,,,,,,,,,1049290.6684814382,,,1201434.4735424223,,,,,,,1125362.5710119302,107581.91627414603,1125362.5710119302
daniel bachmann__1994-07-09,Daniel Bachmann,GK,1899999.9999999993,653322.39267265,,,576953.4223639646,616455.4329486171,,,,,,604182.9099161013,,,,,612728.5394753332,31699.828817951442,610319.1714323591
daniel batz__1991-01-12,,,,,,,,,,,,204638.48503428805,235413.7387826655,242733.80900915057,,,,,227595.34427536803,20215.31342055418,235413.7387826655
daniel bielica__1999-04-30,,,,,,1207987.0615403012,,,,,1099918.6626833887,1141937.0047466247,,,1128793.2270779964,,,,1144658.989012078,45721.159106872445,1135365.1159123105
daniel boloca__1998-12-22,,,,,,4159218.457538816,4026155.54429546,,,,4066094.591716017,,,,,,,,4083822.8645167644,68279.96384427513,4066094.591716017
daniel denoon__2004-01-28,Daniel Denoon,DEF,662499.9999999998,807317.6273557625,,,678520.4432718356,,,,,732325.2385971391,,,,,,,739387.7697415791,64688.39282755354,732325.2385971391
daniel elfadli__1997-04-06,,,,,,,,,,3331104.6370204003,,,,3263448.5557517204,,,,,3297276.59638606,47840.07385359165,3297276.59638606
daniel freyr kristjansson__2005-08-30,,,,,,,,,,,,,,,,,467188.3226430539,,467188.3226430539,,467188.3226430539
daniel gleiber__2005-02-01,Daniel Gleiber,MID,499999.99999999977,584446.8153439669,667099.9761301372,,,,,,,,,692304.4754629555,,,586379.6548519396,,632557.7304472498,55407.32531158126,626739.8154910384
daniel gore__2004-09-26,,,,,,,,,,1069097.5422435966,,,,1056248.0692948974,,,,,1062672.805769247,9085.949456698349,1062672.805769247
daniel graovac__1993-08-08,,,,,,,380895.4515074176,,586519.3107458794,,,,618267.8714512127,,,,,667948.9876933681,563407.9053494694,126205.37052117675,602393.591098546
daniel grimshaw__1998-01-16,,,,,835560.1737232414,,,853031.0887904653,,,,,,,836246.4827502795,,,,841612.5817546621,9894.669383822986,836246.4827502795
daniel haarbo__2003-03-14,,,,,,,,,,247247.2186125386,,,264359.1693374231,,262927.47197340406,,241023.04281104426,,253889.2256836025,11560.918875698766,255087.34529297132
daniel harvie__1998-07-14,,,,,,,497966.7515644864,,,656368.9471996479,,,,,,,607922.2693417883,,587419.3227019742,81167.0623541119,607922.2693417883
daniel hegh__1991-01-06,,,,,,741611.8092214916,762196.6530866994,,,,,839089.7658682205,,,,,,,780966.0760588037,51378.073504508815,762196.6530866994
daniel heuer fernandes__1992-11-13,Daniel Heuer Fernandes,GK,2199999.9999999995,2930940.2311656047,,3102264.5508080777,,,,3130197.344146029,2421789.6626723874,2790768.2690935186,,,,,,,2875192.011577124,288270.09036055364,2930940.2311656047
daniel iversen__1997-07-19,,,,,2697503.6058620056,,2090940.970530076,,,,,,,,,,,,2394222.288196041,428904.5526575904,2394222.288196041
daniel james__1997-11-10,,,,,,,,9704840.452501753,,11211422.109380072,8999718.387611534,,,,,,9310169.587677646,,9806537.634292752,980030.8225835466,9507505.0200897
daniel johnson__1992-10-08,Daniel Johnson,MID,700000.0000000006,1006566.1379875613,,,,,,829650.755039396,,,,,,,,,918108.4465134786,125098.06697886258,918108.4465134786
daniel karlsbakk__2003-04-07,Daniel Karlsbakk,MID,1600000.0000000012,1781324.4447927342,1931408.017504433,,,,,,1855564.3668224057,1693508.7796649728,,,,,,1844366.8585307458,1821234.493463058,89104.60407336852,1844366.8585307458
daniel klein__2001-03-13,Daniel Klein,GK,287499.9999999999,312052.3003864709,,,,355509.12833815446,,,,,,,,,332903.68029558245,,333488.3696734026,21734.31319726846,332903.68029558245
daniel leo gretarsson__1995-10-02,,,,,,,,,,712222.4908919482,,751297.3255260822,,,,,676632.964950653,,713384.2604562277,37345.73558553627,712222.4908919482
daniel luna__2003-05-07,,,,,1385792.466711016,,,,1309334.071786961,,,,,,1379355.1119413746,,,,1358160.5501464505,42407.294488682324,1379355.1119413746
daniel maldini__2001-10-11,,,,,,,,,,8719016.191609554,,,,,,,8573535.874344785,,8646276.03297717,102870.11886708869,8646276.03297717
daniel mancini__1996-11-11,,,,,1944419.0567259009,1762563.103039419,,,,,,,,,1758057.9533219498,1858151.7561597032,,,1830797.9673117432,88703.791842094,1810357.4295995613
daniel mesenholer__1995-07-24,,,,,,239855.95373536766,,,,,,,,,,,250359.2936847734,,245107.62371007053,7426.982903332376,245107.62371007053
daniel mosquera__1999-10-20,Daniel Mosquera,FWD,1600000.0000000012,2485503.611406075,,,2717433.4593827524,,,,,,3134055.908098912,,2657101.597092734,2468815.348073727,,2683354.3910528705,2691044.052517845,240748.66403165166,2670227.9940728024
daniel munoz__1996-05-26,,,,,,,,,,,26077844.94330895,27551653.504940283,,,,,,,26814749.224124618,1042140.0281003073,26814749.224124618
daniel oshaughnessy__1994-09-14,,,,,,,314522.4884575337,356255.7678226449,,343715.9402710314,,,,,,,,,338164.7321837367,21413.280576850873,343715.9402710314
daniel oyegoke__2003-01-03,,,,,,603885.153891115,540099.0416414528,,,,525153.1224341226,,,,,,714614.0605617474,584013.5932686192,593552.9943594113,74815.4445692459,584013.5932686192
daniel peretz__2000-07-10,,,,,,,,,,,,3843884.2145525496,,,4134239.0416082735,,,,3989061.628080412,205311.8671613496,3989061.628080412
daniel phillips__2001-01-18,Daniel Phillips,MID,912500.0000000001,1101583.1242041735,,,,,,,,1062749.2429671818,,,,,,,1082166.1835856778,27459.7007624698,1082166.1835856778
daniel sundgren__1990-11-22,,,,,,,,,,,,438989.45076479216,,455731.368708716,,,,,447360.4097367541,11838.323708217296,447360.4097367541
daniel svensson__2002-02-12,,,,,,,,,18086306.765076727,20396532.814375933,,,,,,,,16157069.015576066,18213302.865009576,2122583.1744321035,18086306.765076727
daniel wass__1989-05-31,,,,,455724.66062446305,,,,,,519560.5894849394,,,,490487.1879286517,,,,488590.81267935137,31960.188245449506,490487.1879286517
daniele baselli__1992-03-12,,,,,1254157.3129863704,,,1431600.5724260027,1195257.3199434027,,,1159663.0556864776,,,,1306088.2430391,,,1269353.3008162708,106567.7195838282,1254157.3129863704
daniele ghilardi__2003-01-06,Daniele Ghilardi,DEF,6449999.999999996,5512492.945742965,,,,,,7683131.476898704,7144394.88942723,6588759.511225588,,,,5216411.945786002,5989693.405866211,,6355814.029157784,957221.6928172784,6289226.458545899
daniele padelli__1985-10-25,,,,,,,,,,,,,,,,,99842.68807072913,,99842.68807072913,,99842.68807072913
daniele rugani__1994-07-29,,,,,5371044.62379556,,,,,,3738337.240264332,,,4007139.783009893,,,,4732434.889248872,4462239.134079664,737130.14126018,4369787.336129382
daniele sommariva__1997-07-18,,,,,,,,293821.8095341007,,,,,,,,,267793.1485016664,,280807.47901788354,18405.042721240352,280807.47901788354
daniele verde__1996-06-20,,,,,,,,1488352.837466466,,,1005201.4951694299,,1357633.6042051718,,,,,,1283729.312280356,249910.36025850996,1357633.6042051718
danielkofi kyereh__1996-03-08,,,,,,,,,,,,,,,,,,1494668.4834977158,1494668.4834977158,,1494668.4834977158
daniil khudyakov__2004-01-09,,,,,,,,,779964.4130016941,,801831.3145978289,,,,,,748579.2685901136,814317.8025885493,786173.1996945465,28804.790819512957,790897.8637997615
danilho doekhi__1998-06-30,Danilho Doekhi,DEF,16999999.999999974,18104177.986958757,,,,,,,,,17297075.695180934,15162692.253154455,16766769.513099136,,19709033.507422972,,17407949.79116325,1676626.5681406155,17297075.695180934
danilo cataldi__1994-08-06,,,,,,,,,,,,,,6650592.329463324,,,,6659413.089682696,6655002.70957301,6237.219366339052,6655002.70957301
danley jean jacques__2000-05-20,,,,,,,,2397822.9615635704,1733395.3998725612,2386631.313172493,,1934766.9111673746,,,,,,2625028.855641559,2215529.088283512,367925.7332205242,2386631.313172493
danny bakker__1995-01-16,,,,,,,,,,,,,728448.1065458973,,,,,803425.4512762417,765936.7789110695,53016.98889418796,765936.7789110695
danny da costa__1993-07-13,Danny da Costa,DEF,2649999.999999999,3046510.1806730144,,,,,,2860562.9539405666,,,,,,,,,2953536.5673067905,131484.54496534626,2953536.5673067905
danny finlayson__2001-01-19,Danny Finlayson,DEF,237499.99999999983,247209.1336574918,,,,,,,,,,,247427.13211702148,,,,247318.13288725662,154.14818902166112,247318.13288725662
danny ings__1992-07-23,Danny Ings,FWD,4650000.000000001,2865220.2938849754,,2225170.8643054743,,,2234627.4988696435,,,,1802416.2195885577,2881454.1279268875,,,,,2401777.800915108,464551.3592942198,2234627.4988696435
danny namaso__2000-08-28,,,,,,,,,,4838491.012540516,,4950898.398994647,,,4835298.738226451,,5070008.756018342,4834416.816843195,4905822.744524631,104396.91698092224,4838491.012540516
danny rogers__1994-03-23,,,,,,133923.7420788946,,,167004.6975605197,,,,,160229.9862350927,,,,166824.14275004235,156995.64215613736,15700.89348633525,163527.06449256753
danny ward__1993-06-22,,,,,,889528.1878595032,,,,,,,,,,,,,889528.1878595032,,889528.1878595032
danny welbeck__1990-11-26,,,,,,,,,6349676.875468737,6486057.207136773,5228912.601169644,,,6624483.083550577,,,,5078815.554529591,5953589.064371064,738392.0591342106,6349676.875468737
danny wilson__1991-12-27,,,,,,,,,,,,325467.9028419432,,,329471.88876075746,,,,327469.89580135036,2831.245594969011,327469.89580135036
dante vanzeir__1998-04-16,,,,,1939610.5700686215,,,1989424.6195572205,,,,,,,,,,,1964517.594812921,35223.852191750586,1964517.594812921
danylo sikan__2001-04-16,Danylo Sikan,MID,5950000.000000001,6933671.803435662,6389127.823456378,,,,,,3635819.261935852,,,,,,,,5652872.96294263,1767911.5535263002,6389127.823456378
daouda guindo__2002-10-14,Daouda Guindo,DEF,1849999.9999999995,1386594.2164927637,,,,1357034.1788645482,,,,,,,1404173.0746497351,,,,1382600.490002349,23821.86521710376,1386594.2164927637
daouda weidmann__2003-05-04,Daouda Weidmann,MID,1299999.9999999993,1385633.0461581661,,,,1252624.0252388746,,,1436341.2527271337,,,,,,1311536.669104555,1222788.150147987,1321784.6286753435,89286.55138524836,1311536.669104555
dara costelloe__2002-12-11,,,,,,390751.28695851617,317068.058245453,,,,314200.8252820729,,,,374566.28957611293,,,334177.46051709226,346152.7841158494,34664.86360824959,334177.46051709226
dara oshea__1999-03-04,,,,,8661850.197393315,,,,,10195049.184494128,,,10004929.952188067,8695376.23560995,,9064230.704860888,,,9324287.25490927,728608.6319079116,9064230.704860888
darian males__2001-05-03,,,,,,2060078.32346819,,1939178.150056482,,,,,2335120.3901801533,2179075.759197791,,,2135080.6689394214,,2129706.6583684077,146466.89628009067,2135080.6689394214
dario melnjak__1992-10-31,Dario Melnjak,DEF,1737499.9999999995,1257129.6622610348,,,,,,,,,,,,,,,1257129.6622610348,,1257129.6622610348
dario naamo__2005-05-14,,,,,,,,,,438391.2894262463,,,,,,409339.98059497046,,,423865.63501060836,20542.377476939786,423865.63501060836
dario osorio__2004-01-24,,,,,,,,,,,,,,5582382.822003881,,5799024.863477145,,,5690703.842740513,153189.05661584216,5690703.842740513
dario saric__1997-05-30,,,,,,,,,,,,1216541.1690565099,1479845.3781118537,1272026.118085241,,1201540.9378300405,,,1292488.4007709112,128531.144074766,1244283.6435708753
dario spikic__1999-03-22,,,,,,,,,,,1474610.6668099586,,,,,,1374116.5685320173,,1424363.617670988,71060.05836155967,1424363.617670988
darko brasanac__1992-02-12,,,,,,1198974.9537720555,,1267490.9032363137,,,989398.0856085536,,1147464.0720365313,,,,,,1150832.0036633634,118320.60310403789,1173219.5129042934
darko churlinov__2000-07-11,Darko Churlinov,MID,1550000.0000000012,1588794.0790838816,,1399935.7037875948,,1330414.0212593474,1624585.1523599704,,,,1298365.712287818,,,,,,1448418.9337557224,149609.04905581154,1399935.7037875948
darko gyabi__2004-02-18,,,,,,3057281.39330282,,,,,,,,3013884.690675194,2808204.756349166,,,,2959790.2801090605,133058.05766622597,3013884.690675194
darko nejasmic__1999-01-25,,,,,2026852.0709493707,,,,,,,,,,,,,,2026852.0709493707,,2026852.0709493707
darlin yongwa__2000-09-22,,,,,,2566747.70882104,,,,2469126.227050104,2568308.851636997,,2703094.252950536,,,,2335631.5039775497,,2528581.7088872455,136248.16820110622,2566747.70882104
darly nlandu__2000-07-14,,,,,,,,,,,,,,495719.1598919333,,,,,495719.1598919333,,495719.1598919333
darnell furlong__1995-10-31,,,,,,2494313.220654051,,,,,,,,,1890150.3858040688,,,,2192231.80322906,427207.6374633105,2192231.80322906
darryl bakola__2007-11-30,,,,,,,,3407580.2971947403,,,2503445.2579184636,,,,,,,,2955512.777556602,639320.0173806207,2955512.777556602
darwin nunez__1999-06-24,,,,,,,,27909723.186821282,29051797.18301697,29318813.16889866,21552777.457434073,,,,,,,20130425.131532613,25592707.22554072,4398161.263688074,27909723.186821282
dave kwakman__2004-08-07,,,,,,1701659.05272758,1177321.9238388138,,,1505939.3345468405,,,,,,,1764957.4020543485,,1537469.428291896,264202.8152475746,1603799.1936372104
david affengruber__2001-03-19,,,,,,,,,,,,,,,,,13365726.095033133,,13365726.095033133,,13365726.095033133
david alaba__1992-06-24,,,,,,10589208.515990159,,,,,,10294470.076876832,,,,,,,10441839.296433495,208411.54897337142,10441839.296433495
david ankeye__2002-05-22,,,,,,733428.746471089,,,,740884.2833127374,,,,,,669286.764811452,,839125.6762012526,745681.3676991328,70097.81947957653,737156.5148919132
david bates__1996-10-05,,,,,1171893.585087738,,,,,,,,,1106282.9103818424,1132535.0124712046,,1103804.1895074316,,1128628.924362054,31637.004669801412,1119408.9614265235
david brooks__1997-07-08,,,,,,,,,,,,,,10622193.329424566,,,,,10622193.329424566,,10622193.329424566
david button__1989-02-27,,,,,100424.48404265169,,,,,,110378.63998359715,116279.1654484775,,,,,,,109027.42982490879,8013.242620173603,110378.63998359715
david cornell__1991-03-28,David Cornell,GK,175000.00000000012,234684.8619996844,,,203604.99467986054,,238040.49515386153,201611.38302462114,,,,,,,217648.64842947928,,219118.07665750137,16953.48033118008,217648.64842947928
david douline__1993-05-28,,,,,,,,996674.7287493611,,,779795.5530173117,,,998222.889495563,,940100.2478220172,,1009805.2408970665,944919.731996264,96201.8158155073,996674.7287493611
david grof__1989-04-17,,,,,200258.71422933976,,,,,,139536.67113437533,,,,,161904.90248148426,,,167233.42928173312,30709.713899715953,161904.90248148426
david hancko__1997-12-13,,,,,,,23993852.098665953,,,,,,,26438129.36757121,,,,,25215990.73311858,1728365.031943041,25215990.73311858
david hrncar__1997-12-10,,,,,,,,,,,1311925.5326464453,1200672.006710077,,1211031.2403291888,,1343793.7826480183,,,1266855.6405834323,71757.48493212026,1261478.386487817
david jurasek__2000-08-07,,,,,,,,3388678.867729182,,,,,,,,3655236.0724182315,,,3521957.4700737065,188484.40700975756,3521957.4700737065
david kiki__1993-11-25,David Kiki,DEF,775000.0000000007,482468.96499614685,,,296029.6085516398,,,,378234.2982551732,,,,,,,253098.9298228344,352457.95040644857,101034.08131068021,337131.9534034065
david kopacz__1999-05-29,,,,,,,868160.4755289067,,,,,,,,,,,,868160.4755289067,,868160.4755289067
david mcgoldrick__1987-11-29,,,,,298965.6161744549,258154.03938138773,,303739.9464868422,242885.46021060695,,,,,313851.3002919925,,,,,283519.27250905684,31072.49125712689,298965.6161744549
david min__1999-06-23,,,,,1244790.9392334532,,,,,,,,,1138130.876120091,,,,,1191460.9076767722,75420.05390924362,1191460.9076767722
david mller wolfe__2002-04-23,,,,,,7730656.092833554,6998226.411817666,,7786358.789033244,,,,,6635509.349648109,,7390822.820647887,,,7308314.692796092,490542.5004683688,7390822.820647887
david odogu__2006-06-03,,,,,,,,,,2196751.7127429205,1662368.0851128187,,,2067224.715167374,,,,,1975448.1710077047,278762.7412571408,2067224.715167374
david okereke__1997-08-29,,,,,2502566.733800244,,,2528387.261509395,2504629.4346968797,2238106.200081969,,2174157.7170623597,,,,,2542583.9606830226,,2415071.884638978,163787.72678338195,2503598.084248562
david ozoh__2005-05-06,,,,,1708191.2066544816,,,,,,1698444.6833236422,,,,,,,,1703317.944989062,6891.832740229402,1703317.944989062
david philipp__2000-04-10,David Philipp,MID,562500.0000000003,585928.637120971,,,,,,,,,,,,,,,585928.637120971,,585928.637120971
david raum__1998-04-22,,,,,,,,,,,,,30945712.506454457,,,28187341.647346906,,,29566527.076900683,1950462.7395023117,29566527.076900683
david schnegg__1998-09-29,,,,,,,,,,,,1968936.5702404408,,,,,1712889.5280723255,,1840913.0491563831,181052.5998198322,1840913.0491563831
david strelec__2001-04-04,,,,,,,,2154014.5154853803,2397280.0865356964,,,,,,,,,,2275647.3010105384,172014.7349188964,2275647.3010105384
david tijanic__1997-07-16,,,,,,,,,,1774275.8208082316,,,,,,,,,1774275.8208082316,,1774275.8208082316
david turnbull__1999-07-10,,,,,,,,,,,,,,1568822.5787008987,1515526.0094033426,,,,1542174.2940521208,37686.36556428064,1542174.2940521208
david van der werff__2004-08-31,,,,,,,,1458094.7833831282,,,,1447880.0529968147,,,,,,,1452987.4181899715,7222.90512415457,1452987.4181899715
david voute__2005-11-04,,,,,,,,,,,,,,,,,,321679.8712621066,321679.8712621066,,321679.8712621066
david watson__2005-02-12,,,,,,,,1527580.9806089588,1492460.9016609415,,,,1397654.7876161062,,,,,,1472565.5566286687,67209.16955199547,1492460.9016609415
david wieser__2002-02-13,,,,,,,,,,,,996347.8924679566,,,,1101866.950493396,,,1049107.4214806764,74613.24147420497,1049107.4214806764
david zec__2000-01-05,,,,,,2622826.392762736,,2744424.1308945175,,,,,2464001.6036381857,,,2471036.559109916,,,2575572.1716013383,134312.6098439669,2546931.475936326
david zima__2000-11-08,David Zima,DEF,5250000.0,5274716.668533505,5099458.451792571,,,,5686557.667129279,,,5423704.172256217,,,,,4906816.603936551,5198919.189942642,5265028.792265127,269465.512649292,5236817.9292380735
davide bartesaghi__2005-12-29,,,,,3342972.7869550805,3320948.7511544875,,,4244671.931412732,,,3106426.2000608346,,,,,,,3503754.917395784,505337.22046560777,3331960.769054784
davide biraschi__1994-07-02,,,,,,,,,,,,,,731323.6728736747,,,,,731323.6728736747,,731323.6728736747
davide bragantini__2003-08-17,,,,,,,,1633023.4776362511,,,,,,,1406235.1392402106,,,,1519629.3084382308,160363.5719738697,1519629.3084382308
davide buglio__1998-02-26,Davide Buglio,MID,649999.9999999995,1083515.1494645092,,,1164899.3945695788,,,,,,,,,,,,1124207.272017044,57547.3515955428,1124207.272017044
davide calabria__1996-12-06,,,,,,,,,,,,,8752517.286608761,8269545.576265426,,8425194.233874073,,6590879.640191302,8009534.184234891,966951.1891507811,8347369.90506975
davide frattesi__1999-09-22,,,,,,,,,,,,29397274.882963903,31532189.54926689,27734061.770835467,,,,27049323.534360923,28928212.434356794,1996408.0829817771,28565668.326899685
davide zappacosta__1992-06-11,Davide Zappacosta,DEF,7249999.999999998,7120531.1444530245,,8044411.515903086,,,,,,7726675.860213314,,,,8003210.613773101,,,7723707.283585631,426146.9165590377,7864943.236993208
davie selke__1995-01-20,,,,,4530463.754100603,4559781.227303496,,,,,4649780.840357059,,5000553.62386012,5050833.164135602,,,,,4758282.5219513755,248675.4586470103,4649780.840357059
davinson sanchez__1996-06-12,,,,,21137753.516247004,,,,21992232.344840672,21123583.43446405,20399354.068202235,,,,,,,,21163230.84093849,651401.6242717495,21130668.47535553
davis keillordunn__1997-11-02,,,,,,,,,1150194.1768339593,1268365.18611062,,,1178965.3711410307,,,1164526.0494936877,1061959.588251609,,1164802.0743661814,73681.68174653672,1164526.0494936877
davis opoku__2007-10-29,Davis Opoku,DEF,549999.9999999998,482923.7593112759,,,,,,,,,,603275.3209889175,,,,607909.9366683016,564703.005656165,70860.80556398889,603275.3209889175
davy roef__1994-02-06,,,,,,,,,,,,5048510.8446059385,,,,,5181484.763209431,,5114997.803907685,94026.75956547784,5114997.803907685
davy van den berg__2000-02-04,,,,,,,,,,,,1112517.9149025353,1049402.463988833,,,1052239.4150335463,,,1071386.5979749716,35648.997138128536,1052239.4150335463
dawid kownacki__1997-03-14,Dawid Kownacki,FWD,2199999.9999999995,2729744.28782939,,,3305768.8298295927,,2770566.197098551,,,,,,,2634434.984229018,,,2860128.5747466376,302519.5946910073,2750155.2424639706
dawid kurminowski__1999-02-24,,,,,,,,,,,,,,,805837.621503082,,824923.0062129411,629071.3737207614,753277.3338122615,107987.97789138067,805837.621503082
dayann methalie__2006-02-15,,,,,,,,,,4662665.3721109405,,,,,,,,3142411.9610362253,3902538.666573583,1074981.496092911,3902538.666573583
daylam meddah__2002-10-06,,,,,1085706.1131529545,,,,1019346.8754428353,,,,,942801.6781388146,,1125689.8037099103,,,1043386.1176111286,80124.88875934533,1052526.4942978949
dayot upamecano__1998-10-27,,,,,,,66561792.64675839,,,68947577.11841272,,,70901030.94348432,,67489174.93828154,78153940.28521131,,,70410703.18642965,4628399.280942534,68947577.11841272
dean bouzanis__1990-10-02,,,,,,,,,,,,128749.84438140686,,,,,160572.72843027086,,144661.28640583885,22502.177107864947,144661.28640583885
dean campbell__2001-03-19,,,,,418551.40729395504,,493886.50492540834,,537018.728847547,,,,,,,,443459.7721176384,,473229.1032961372,52825.83991755131,468673.13852152333
dean henderson__1997-03-12,,,,,,,,,,,25505149.142968256,24746479.612557836,,,,24066851.19845968,,,24772826.651328593,719510.8540761485,24746479.612557836
dean huijsen__2005-04-14,,,,,81567685.82512029,,,,68688909.34034124,,,,,,,,,,75128297.58273077,9106670.18577311,75128297.58273077
dean james__2000-04-30,Dean James,DEF,2050000.000000001,1725137.6360851277,,,1708914.7225071145,,,,,,,,,,,,1717026.179296121,11471.332201616444,1717026.179296121
deandre yedlin__1993-07-09,,,,,1216858.071022086,1168344.14568154,,,,,1020959.7990727447,,,,,,,,1135387.3385921237,102022.77485116394,1168344.14568154
declan john__1995-06-30,,,,,,,,,,,,,,,,,,339784.28376515076,339784.28376515076,,339784.28376515076
declan rice__1999-01-14,,,,,,,111976999.47822574,,99745236.34615538,,,,104057160.40328701,,,,,,105259798.74255604,6203931.137680267,104057160.40328701
dehmaine tabibou__2005-04-17,,,,,,,,,,2800219.392652091,,,,,,,,,2800219.392652091,,2800219.392652091
deian sorescu__1997-08-29,Deian Sorescu,DEF,1849999.9999999995,2352896.2101322184,,,,2023029.3590342111,,,,,,,2535094.954143054,,,2089594.7459370808,2250153.817311641,237425.20625083375,2221245.4780346495
deiver machado__1993-09-02,,,,,3548570.6850754553,,,,3648138.8817045866,,3390453.3145534415,,,3669319.7804711424,,,,3776188.242082324,3606534.1807773905,145349.74266186715,3648138.8817045866
dejan drazic__1995-09-26,,,,,,,,,,,,461685.67592265893,319942.96029156004,,380880.21912687167,,,,387502.9517803636,71103.0575957839,380880.21912687167
dejan iliev__1995-02-25,Dejan Iliev,GK,387499.99999999977,418308.46583171346,,420124.9231799973,,,,,,,,,,466804.6464657352,,421915.0436564589,431788.2697834762,23390.639143896227,421019.9834182281
dejan joveljic__1999-08-07,Dejan Joveljić,FWD,5500000.000000001,5056355.346620497,,,,,,,,4356142.261980236,5992553.168916741,5691404.166329192,,,,,5274113.735961666,725804.5800519644,5373879.756474845
dejan kulusevski__2000-04-25,,,,,,,47625754.65560428,,,69545699.0357594,,,,,,,,,58585726.845681846,15499741.314439641,58585726.845681846
dejan ljubicic__1997-10-08,Dejan Ljubičić,MID,4099999.999999998,3280618.7731662826,,,2867863.2891558707,,,,,,,,,,,,3074241.0311610764,291862.2017156978,3074241.0311610764
dejan lovren__1989-07-05,,,,,655271.2336382328,,676356.8371160311,,,,,,,,,644170.3319710897,600126.5833326074,534713.6521737855,622127.7276463493,56237.07773916376,644170.3319710897
dejan stojanovic__1993-07-19,,,,,860954.9787283628,,,,,,,,,801890.7014259613,,,,,831422.840077162,41764.75100641078,831422.840077162
delano burgzorg__1998-11-07,,,,,,,,,,,,,,,,,1707167.823522772,,1707167.823522772,,1707167.823522772
demarai gray__1996-06-28,,,,,2786068.0487972912,,,,,,,,,,,,,1581950.2470064622,2184009.147901877,851439.8629937343,2184009.147901877
demba thiam__1998-03-05,Demba Thiam,GK,1075000.0,1310607.8101956067,,,,,,,,,,,1475714.9994229467,,,,1393161.4048092766,116748.41312530264,1393161.4048092766
dembo sylla__2002-11-10,,,,,1108000.4025463397,1256377.0884922142,893243.3302333151,,,1170944.995771244,,,1102806.3492622555,,,,1203346.7707886947,,1122453.1561823438,126461.75584542347,1139472.699158792
demir ege tknaz__2004-08-17,,,,,,,,,,,5912024.681074886,,,,,,6070953.778890859,4716330.496649471,5566436.318871739,740489.396457031,5912024.681074886
denil castillo__2004-03-24,,,,,,,,,,,,,,,2015374.5928234165,,,,2015374.5928234165,,2015374.5928234165
denis alibec__1991-01-05,,,,,,,562165.9420437216,,,,,,,,,,,506719.6894661228,534442.8157549222,39206.421189002154,534442.8157549222
denis bouanga__1994-11-11,,,,,15772158.419012878,,13279404.052349363,,,,17038232.909083717,,12037796.09383978,17029976.16938169,,16678490.396504566,,,15306009.673362,2138317.382931538,16225324.407758722
denis dragus__1999-07-06,,,,,,,,2822136.554358276,,,,3347672.593430961,,,,2985577.632672586,3487983.986797201,,3160842.691814756,309497.7261777045,3166625.1130517735
denis genreau__1999-05-21,Denis Genreau,MID,1400000.0000000007,1110442.839635504,1050103.922621345,,,1046866.6675541541,,,,,,,,,1053684.9481851277,,1065274.5944990325,30240.6532668538,1051894.4354032362
denis huseinbasic__2001-07-03,,,,,,,2959221.8651224785,,,,,,,2849569.1658015414,,2960341.891139102,,,2923044.3073543743,63633.803392741414,2959221.8651224785
denis odoi__1988-05-27,,,,,294906.3168740677,,,,,266520.7246975208,245187.1866493739,357771.70642443217,,235863.34321681023,,288161.39966309577,319937.58684023167,,286906.8949093617,42700.48168549524,288161.39966309577
denis portanova__2001-06-20,,,,,649769.5683865187,,,,,639233.68233558,,,,,,693064.2243885042,,,660689.1583702009,28528.229851967844,649769.5683865187
denis radu__2003-03-25,,,,,,,,,,,,779259.5459184651,,659561.330613328,628509.8287440579,707254.794784701,695188.5871981974,,693954.8174517499,56835.87504270279,695188.5871981974
denis vavro__1996-04-10,,,,,8894720.24546781,,,,,10443779.491053382,,,10005940.711186444,10715679.401593734,,,,,10015029.962325342,802062.398092837,10224860.101119913
denis zakaria__1996-11-20,,,,,,,23263779.59257826,,24169880.524221826,,,,,,,,,,23716830.058400042,640710.1132046153,23716830.058400042
deniz donmezer__2008-09-21,,,,,,,489256.6094489516,,399681.43533230305,459083.8150673399,,388011.94450511324,,,,,,,434008.4510884269,48218.791321415265,429382.6251998215
deniz gul__2004-07-02,,,,,,,,,,,,3487645.5408100463,,,,,,3693024.887501803,3590335.2141559245,145225.12876140428,3590335.2141559245
deniz turuc__1993-01-29,Deniz Türüç,MID,1699999.9999999988,1983608.371371878,,,,1821822.4327800274,,,,,,,,,,,1902715.4020759529,114399.93427892798,1902715.4020759529
deniz undav__1996-07-19,,,,,,26087840.153937876,,26495740.366232663,,,,,29385007.754918493,,,,,,27322862.75836301,1797477.9931647677,26495740.366232663
dennis adeniran__1999-01-02,,,,,468987.0525807005,,,,,,379135.07337986724,,466819.7374548692,349831.32432434615,,383217.68147594755,,,409598.1738431461,54766.21547233507,383217.68147594755
dennis appiah__1992-06-09,,,,,,,,777585.0043148017,,,613244.2443935646,,,,,630014.2374045718,,653949.0246474426,668698.1276900952,74488.17463627916,641981.6310260072
dennis borkowski__2002-01-26,Dennis Borkowski,MID,725000.0000000006,584800.0294562924,,,,534694.4140481513,547481.4985808015,,,,,,,,,,555658.6473617484,26034.448246437667,547481.4985808015
dennis cirkin__2002-04-06,,,,,,,,,,,5008737.83839811,,,,,,,4374113.056220069,4691425.44730909,448747.4869871288,4691425.44730909
dennis eckert ayensa__1997-01-09,,,,,,,,,,,3437733.683296319,3566644.612406207,,,,,,,3502189.147851263,91153.79214265989,3502189.147851263
dennis geiger__1998-06-10,,,,,,2650697.535765628,,,,,2670174.6023525177,,,,,,,,2660436.069059073,13772.365861211696,2660436.069059073
dennis hadzikadunic__1998-07-09,Dennis Hadžikadunić,DEF,2250000.000000001,1327003.7810437146,,1409404.4700324535,,,,,,,,,,1231044.3092942482,1259341.7340650724,,1306698.5736088722,79429.29889679162,1293172.7575543935
dennis johnsen__1998-02-17,Dennis Johnsen,MID,1600000.0000000012,2089323.3305295706,,,,,,,1754602.1112193323,,,,,,,1456428.1583668632,1766784.5333719223,316623.4092638188,1754602.1112193323
dennis man__1998-08-26,,,,,8877009.368281431,8554958.353023179,,,,,,,,,,,,4932917.076145821,7454961.599150144,2190082.33774881,8554958.353023179
dennis praet__1994-05-14,,,,,,,,,,,3068658.393490893,,,,,,,2845639.87976551,2957149.136628201,157697.90338536326,2957149.136628201
dennis seimen__2005-12-01,,,,,2305182.8016361254,,3670331.6327200616,,,,,,,,,,,,2987757.2171780933,965305.99578834,2987757.2171780933
dennis srbeny__1994-05-05,Dennis Srbeny,MID,762499.9999999997,796250.14826545,,828403.3146881515,,,,769998.8709539331,,,,,,,,,798217.4446358448,29251.879482053733,796250.14826545
denso kasius__2002-10-06,Denso Kasius,DEF,4999999.999999999,3804550.8303250046,,3613023.3569588056,,,,,,,2800454.618471793,,,,,3047771.7728371057,3316450.1446481775,470686.5199300295,3330397.5648979554
denys popov__1999-02-17,Denys Popov,DEF,5500000.000000001,8730437.334191322,,,10598549.406203652,,,,9073729.458803538,,,,,8485604.745925162,,,9222080.236280918,948821.0614574548,8902083.39649743
denys tvardovskyi__2003-06-13,,,,,,,,,,,,,638869.9307177758,,,,,,638869.9307177758,,638869.9307177758
denzel de roeve__2004-08-10,,,,,,534709.8470296342,541877.0039022657,,587231.2327795565,,522174.86060256965,,,540029.0360848587,514606.3982715698,,572088.9570981946,,544673.905109807,26145.91460493475,540029.0360848587
denzel dumfries__1996-04-18,Denzel Dumfries,DEF,31999999.999999955,30667794.04940058,,,,,,,,34035812.55802442,,,,,,,32351803.303712502,2381548.7266097213,32351803.303712502
denzel hall__2001-05-22,,,,,,,349635.229077431,,,645179.2453683845,,,,,,,598667.3031558958,,531160.5925339038,158916.4351966085,598667.3031558958
dereck kutesa__1997-12-06,,,,,,,,3339489.2104098736,,,,,,,,,,2876880.943002915,3108185.0767063946,327113.4429164202,3108185.0767063946
derek cornelius__1997-11-25,,,,,,,,,,3917268.5839394773,4040592.904010784,,,4808523.051609501,,,,,4255461.513186588,482918.2342201448,4040592.904010784
derensili sanches fernandes__2001-05-28,,,,,,,,1482954.5959619945,,,,,,,,,1592433.2566968435,1475634.7324844038,1517007.5283810806,65423.049984734775,1482954.5959619945
derlis gonzalez__1994-03-20,,,,,,,,,,,,,1046968.3751841154,,,,,,1046968.3751841154,,1046968.3751841154
dermane karim__2003-12-26,,,,,,,,3038523.0041859,,,3419110.7048385753,,2973136.8367857966,3319460.5305587174,,3453228.7075684215,,,3240691.956787483,221171.67310583097,3319460.5305587174
deron payne__2002-09-25,Déron Payne,DEF,1075000.0,952010.2386735947,,,,,917232.9679089072,,,,,,,,1030303.5817486024,,966515.5961103681,57914.11722799363,952010.2386735947
derrick kohn__1999-02-04,,,,,5351892.457992556,,,,,,5403149.975366444,,,,5905380.106686739,,,,5553474.180015246,305835.19939948904,5403149.975366444
derrick williams__1993-01-17,,,,,,,535513.7232105385,,,,591665.9092207085,,,,635810.1071698386,,,,587663.2465336953,50267.853945313254,591665.9092207085
desire doue__2005-06-03,,,,,,,,,,,,,,,77844855.32619408,72953011.51406838,,,75398933.42013124,3459055.932059532,75398933.42013124
desmond acquah__2002-07-23,,,,,,,,,,,,,,291909.24740471377,,,,,291909.24740471377,,291909.24740471377
destiny udogie__2002-11-28,,,,,,,,,29581121.108797397,,,,,,29084975.332655393,,30104198.318285357,,29590098.25324605,509670.7912475991,29581121.108797397
detlef esapa osong__2004-09-21,,,,,253780.92831798876,,,298937.17424394947,,,,242857.37727173866,,,,,,,265191.82661122567,29730.32722667282,253780.92831798876
devante cole__1995-05-10,,,,,,,,,809803.6423319201,,,,,,,,773940.7423532106,,791872.1923425654,25358.899767960396,791872.1923425654
deveron fonville__2003-05-16,,,,,645903.1438225344,,655839.1079708829,581338.6831488257,,,,651438.7850294906,,,611891.447713808,,,532890.699237955,613216.9778205827,48613.23215946136,628897.2957681712
devid eugene bouah__2001-08-13,Devid Eugene Bouah,DEF,700000.0000000006,742555.0934430632,,,,752133.3923466832,,,,737203.9748335909,788389.7974762232,,,,,,755070.5645248902,23055.370368361167,747344.2428948733
devis epassy__1993-02-02,,,,,,,,,,,,417889.3727362341,,412259.25182980765,,,,,415074.3122830209,3981.096671834298,415074.3122830209
devis vasquez__1998-05-12,,,,,,,,2286391.790387952,,2524195.222815219,,2518359.879539447,,2405314.518321106,,,,,2433565.352765931,112341.81801648805,2461837.1989302766
devon koswal__2003-08-21,,,,,,,,,,,,,,594756.2454060465,,,,,594756.2454060465,,594756.2454060465
devrim sahin__2007-04-01,,,,,307442.4424568432,292292.0742886281,,,,348320.45413676905,,269861.8397620785,,,,,336498.4571132226,,310883.0535515083,32007.460683512716,307442.4424568432
devyne rensch__2003-01-18,,,,,,,,,6898973.41084146,,,,,,,,8150609.444354488,11073435.698429503,8707672.851208484,2142258.98926006,8150609.444354488
dexter lembikisa__2003-11-04,,,,,,849740.7370786638,,708930.0561399172,683387.5273768571,,,887938.775047182,,782216.4202856907,,,,763573.5305360807,779297.8410773985,78957.25376253999,772894.9754108856
diallang jaiyesimi__1998-05-07,,,,,,,263187.431176813,,,,,,,,296358.3467894917,,282467.2306492928,,280671.0028718658,16658.248296779668,282467.2306492928
diant ramaj__2001-09-19,,,,,,6247989.616281669,,,,,5155830.427947811,,,,,,,4406108.113226427,5269976.052485302,926230.9569027855,5155830.427947811
dickson abiama__1998-11-03,,,,,,,,,,,916738.5619665161,,,,,,832919.047982494,,874828.804974505,59269.346733862665,874828.804974505
diego arroyo__2005-04-29,Diego Arroyo,DEF,499999.99999999977,479343.01852741063,375247.61150449247,,,,,,,,,,,,484114.10052576446,,446234.91018588917,61523.070765527664,479343.01852741063
diego coppola__2003-12-28,,,,,,,8944372.825529132,,,,,10136057.452434856,,,,,10988996.210528346,,10023142.162830777,1026977.8934286708,10136057.452434856
diego demme__1991-11-21,,,,,,,,,,,,943207.1766992701,774401.5945985315,,,797489.2175447191,,,838365.9962808402,91526.03136252362,797489.2175447191
diego duarte__2002-04-08,,,,,,1524098.759179893,1491303.0275149504,,,,1439102.6525699296,,1320682.4686873872,,,1644089.6694717137,,,1483855.3154847748,118298.59481675141,1491303.0275149504
diego lainez__2000-06-09,,,,,3025072.9124571932,2647444.0229219734,,,,,,,3800139.8600930762,,3211226.9245766043,,3989729.1261500125,,3334722.569239772,554331.2927856599,3211226.9245766043
diego leon__2007-04-03,,,,,,2083485.6849189817,2003601.7106278187,1740017.3593006094,1668116.273420491,,,1775847.5022870742,,,,,2160194.8612197917,,1905210.5652957947,203330.82773749938,1889724.6064574465
diego rodriguez__1989-06-25,,,,,600331.9595171968,,,,,,524483.7913956915,,,,,,584877.964218246,,569897.9050437114,40081.638957276344,584877.964218246
diego rossi__1998-03-05,,,,,5416045.501633587,,,,,,6434646.817565058,4913840.072000979,,,,,5312669.665936032,4716275.347826099,5358695.480992352,665897.6350757617,5312669.665936032
diego valencia__2000-01-14,,,,,,1106586.0527072956,,,,,,,,1016266.3493875941,,1048621.0568003536,,,1057157.819631748,45761.00350374027,1048621.0568003536
dies janse__2006-01-17,,,,,2489964.031741939,,2923844.8761224356,,,,,,,2733178.279114119,,2705471.5936931786,,,2713114.695167918,177636.70055621734,2719324.936403649
dikeni salifou__2003-06-08,,,,,1400693.0366170113,,,1324216.3314213015,,1375573.3651208917,,,,1310861.9726451412,,,,,1352836.1764510865,42379.98005434147,1349894.8482710966
dilan markanday__2001-08-20,,,,,,,,,609694.6857707335,,513147.56613252254,625567.355584662,628125.011821989,629126.22354775,601216.5334383481,666588.9832011866,577782.4804954218,,606406.1049990767,45561.98355908476,617631.0206776977
dilane bakwa__2002-08-26,Dilane Bakwa,MID,24500000.000000007,28564999.908886544,26489451.149063747,,,,,,,,,,,,,26529201.12174302,27194550.726564437,1187010.2089188197,26529201.12174302
dillon phillips__1995-06-11,,,,,,589763.8050312964,,,,,570598.098289856,,,,,,,,580180.9516605763,13552.201203105278,580180.9516605763
dimitar mitov__1997-01-22,,,,,1165108.6358110737,1130528.2145271953,1056409.596247034,,,,,,,,1332439.4592834609,1171105.744581718,,,1171118.3300900965,101077.04290445079,1165108.6358110737
dimitri bisoli__1994-03-25,Dimitri Bisoli,MID,1699999.9999999988,1576399.7554475702,,,,,,,,,,,,,,1421560.1697541112,1498979.9626008407,109488.1210399604,1498979.9626008407
dimitri foulquier__1993-03-23,,,,,,1784063.7790242387,,,1750600.258918579,,,,1533919.1040344287,,,2072430.5505406035,1995531.9594463166,,1827309.1303928331,213433.5668155605,1784063.7790242387
dimitri lavalee__1997-01-13,,,,,,,,,,,1972731.8796533167,,,1860639.8636949733,,,1769649.3065102457,1459590.056084691,1765652.7764858068,220298.78406133625,1815144.5851026094
dimitrije kamenovic__2000-07-16,,,,,,,,732307.649264516,,,,,725039.8541825109,,,,,,728673.7517235135,5139.107186760039,728673.7517235135
dimitrios diamantakos__1993-03-05,,,,,,,,,,,,,,535204.2847128649,,,,,535204.2847128649,,535204.2847128649
dimitrios goutas__1994-04-04,,,,,1086952.0426304608,,,,,1163602.5001629659,,,,1030862.988788216,1144877.645133428,,,,1106573.7941787676,60101.57372010161,1115914.8438819444
dimitrios kaloskamis__2005-03-01,,,,,,,,,,,,,,,,,2622295.8476887746,,2622295.8476887746,,2622295.8476887746
dimitrios keramitsis__2004-07-01,,,,,,,465335.50799726683,,490886.267691064,,,,,,,,,,478110.88784416544,18067.115443951883,478110.88784416544
dimitrios nikolaou__1998-08-13,,,,,1176925.8738135232,,,1143448.8452219993,1273252.1005947047,,,,,,,1156113.7147838105,,,1187435.1336035095,58852.417699875004,1166519.794298667
dimitrios pelkas__1993-10-26,,,,,,,,,1472536.155536184,,,,,,,,1567680.7817726221,,1520108.468654403,67277.41040524485,1520108.468654403
dimitrios sounas__1994-08-12,,,,,,831782.7446560621,923091.1079843767,,,,,877647.5003048092,,,,797014.9126315597,786127.2836504343,,843132.7098454485,57205.56733993161,831782.7446560621
dimitrios stamatakis__2003-04-23,,,,,,,,,,,,,,443310.8148691662,,,,,443310.8148691662,,443310.8148691662
dino mikanovic__1994-05-07,,,,,,,,,,,877116.3723572345,,,,,,,715569.2115851367,796342.7919711856,114231.09286338375,796342.7919711856
dion de neve__2001-06-12,,,,,,,,,,,,,,1333955.0202760918,,1587228.8383410717,,,1460591.9293085816,179091.63425075525,1460591.9293085816
dion lopy__2002-02-02,,,,,,,,,,,,,,,,,5548001.475746198,,5548001.475746198,,5548001.475746198
dion malone__1989-02-13,Dion Malone,DEF,82500.00000000001,137633.81204125553,,,112931.07929626715,,,,,,136241.97109170828,,,,,136802.45262074284,130902.32876249345,11994.469784810817,136522.21185622556
dion pereira__1999-03-25,,,,,,,,,,,,,,,,267848.8813524131,,,267848.8813524131,,267848.8813524131
dion sanderson__1999-12-15,,,,,,,,,,1164807.0218904607,,1209348.8436079149,,,,,1460512.4153440788,,1278222.760280818,159430.65021440914,1209348.8436079149
dion vlak__2001-06-28,,,,,,,142288.84685183852,,,,,,,,,,,,142288.84685183852,,142288.84685183852
dirk abels__1997-06-13,,,,,,,,,,,456480.99161156267,,,,,,,,456480.99161156267,,456480.99161156267
dirk baron__2002-08-16,Dirk Baron,GK,175000.00000000012,192875.18832687233,,,,,,176704.27563426597,200052.2351418367,,,,,157081.88900402054,,,181678.39702674886,19084.864448363867,184789.73198056914
dirk proper__2002-02-24,,,,,,,,,,,,,2786901.651918256,,,,,,2786901.651918256,,2786901.651918256
dishon bernard__2000-10-14,Di'Shon Bernard,DEF,2300000.0,1767401.513499076,,,,,,1892219.6290726112,,,,,1803818.056700446,,,,1821146.3997573778,64187.95914076202,1803818.056700446
divin mubama__2004-10-25,,,,,,2125272.945898965,,,,,,,2114138.47893457,,2173406.304096137,,,,2137605.909643224,31499.9249345681,2125272.945898965
djaoui cisse__2004-01-31,,,,,,,,,,,,,7743464.965919008,7341377.571304745,,,,,7542421.268611876,284318.7233613763,7542421.268611876
djed spence__2000-08-09,,,,,,,27927025.3870705,,,,,,,,,27340463.698325824,,,27633744.54269816,414761.747695593,27633744.54269816
djeidi gassama__2003-09-10,,,,,5082742.0725654485,5156234.506831045,,,,4596811.290369294,,,,,,,4454888.9768322585,,4822669.211649512,348892.4384686484,4839776.681467371
djenairo daniels__2002-01-07,,,,,,,,,,,,,593470.4335206087,,519870.974936766,,,621348.5154748736,578229.9746440827,52427.34494985536,593470.4335206087
djevencio van der kust__2001-04-30,Djevencio van der Kust,DEF,850000.0000000005,894607.3172322755,,,999339.197127879,,,,,,,1000870.3390384364,,1026058.4633635974,988161.6671173904,,981807.3967759159,50678.26780145131,999339.197127879
djibril coulibaly__2008-11-18,,,,,,,660496.2946444196,,,,,,567496.7977712139,629905.5148210154,627004.9094896452,596601.2894407151,623973.3133073625,,617579.686579062,31849.21812909744,625489.1113985039
djibril diani__1998-02-11,Djibril Diani,MID,899999.9999999995,1304704.5032506238,1209328.971128808,,1210367.4767879986,,,,,1235416.0973819995,,1252505.484598837,,,,1194265.883270226,1234431.4027364154,40220.45318802098,1222891.787084999
djibril lamego__2003-02-25,,,,,1364455.0134884298,,,,,,,,1275284.8267042572,1211876.4110171292,,1423054.784858988,,1168722.8815569368,1288678.783525148,105197.87032196492,1275284.8267042572
djibril soumare__2003-01-07,,,,,,,2001941.9050596622,,2276091.7987439586,1988497.1612173952,1956060.5687838441,,,2456503.348668183,,1971406.8331160103,1965557.0833379603,1833559.8532546465,2056202.3190227074,203934.63568747256,1979951.9971667028
djibril sow__1997-02-06,,,,,,,,,,,,,,,,,7531832.081642945,,7531832.081642945,,7531832.081642945
djordje mihailovic__1998-11-10,,,,,5753783.488530946,,,,,,,,,,,,,,5753783.488530946,,5753783.488530946
dmytro kryskiv__2000-10-06,,,,,3045024.0605630456,,,,2823988.2643696717,2739050.745457911,,,,,,,,,2869354.3567968756,157950.8757357544,2823988.2643696717
dmytro pospelov__1991-10-19,,,,,,,,,,,577844.6292045388,,,,651032.0704451454,,,,614438.3498248421,51751.335998924915,614438.3498248421
dmytro riznyk__1999-01-30,,,,,,,,,,5372548.573228773,,,,5407863.672233361,,,,,5390206.122731067,24971.54598441853,5390206.122731067
dodi lukebakio__1997-09-24,Dodi Lukébakio,MID,26250000.00000004,26618821.431256372,,,,,,,27622533.61453314,,,,,,,,27120677.522894755,709731.691154558,27120677.522894755
dogan alemdar__2002-10-29,,,,,1899270.708913156,,,,,,,,,,,1755126.1785539147,,,1827198.4437335352,101925.57488796976,1827198.4437335352
dogucan haspolat__2000-02-11,,,,,,8457528.538896404,,,,,,8117899.878046246,,8953791.619006416,,,8565219.020139106,,8523609.764022043,344361.72766681,8511373.779517755
dogukan sinik__1999-01-21,,,,,,,,,,,,,,,,,1302505.7341212453,1066731.9640905855,1184618.8491059155,166717.23161459717,1184618.8491059155
dom ballard__2005-04-01,,,,,,,,,,,,1211884.044111794,,,,,,,1211884.044111794,,1211884.044111794
domagoj bradaric__1999-12-10,,,,,2644155.4533624956,,,,,,,,,2562150.905166318,,,,,2603153.1792644067,57985.97211765615,2603153.1792644067
domagoj vida__1989-04-29,Domagoj Vida,DEF,575000.0000000001,529296.4949479483,,,,,,,,,,,579416.2688155189,,,,554356.3818817337,35440.03197329555,554356.3818817337
domen crnigoj__1995-11-18,,,,,,,,,929986.9716329662,,916057.5993204091,,,,,917098.8893766394,,,921047.8201100049,7759.020151291455,917098.8893766394
domenico berardi__1994-08-01,,,,,,20996760.63987512,,,,22281011.360540945,,22581317.156384323,,,,22359124.15160252,17677406.28198047,17038603.630525354,20489037.20348479,2496180.0953620127,21638886.000208035
dominic ball__1995-08-02,,,,,,,,,,,437172.71655488835,,,,,,,449119.99426600104,443146.35541044467,8448.001086246679,443146.35541044467
dominic calvertlewin__1997-03-16,,,,,12831034.405253742,,,,,,,12630888.455524832,,14031150.810901243,,12317319.442712665,,,12952598.27859812,749473.092651496,12730961.430389287
dominic solanke__1997-09-14,,,,,,,,,,24748165.21129449,,,,28352007.989009142,,,27078922.14815899,,26726365.116154205,1827605.8210767247,27078922.14815899
dominik franke__1998-10-05,,,,,,,609413.8645747539,,,,533902.1815655517,636803.6096452273,,,,612897.7657628471,,,598254.3553870951,44595.25906101974,611155.8151688005
dominik greif__1997-04-06,,,,,,12561010.813064467,,13308830.77786378,,,,11682707.09989525,,,,,,,12517516.230274498,813933.8966166293,12561010.813064467
dominik kohr__1994-01-31,,,,,,4738495.305109592,4757557.390259756,5715169.391200155,,,,5303364.766486198,,,,,,,5128646.713263925,470623.93223881314,5030461.078372977
dominik kotarski__2000-02-10,,,,,,,6425956.722072661,,6855804.308597134,7056126.295482585,,,,,,,,6331367.042050543,6667313.592050731,345358.40886283305,6640880.515334898
dominik livakovic__1995-01-09,,,,,,,6357006.845420527,,,6449667.49222031,,,,6220560.961356024,6132662.876361801,,,,6289974.543839666,140902.29874586864,6288783.903388276
dominik prpic__2004-05-19,,,,,,,8224503.796698124,,8432231.309031144,9010835.927978618,9422702.989162464,9110328.040300498,,,,,,8211355.282383369,8735326.224259036,513102.4076874807,8721533.618504882
dominik reimann__1997-06-18,,,,,,838150.5548132238,787799.5867712842,,,,,,,,,,,,812975.0707922541,35603.51094176259,812975.0707922541
dominik szoboszlai__2000-10-25,Dominik Szoboszlai,MID,77499999.99999993,65216707.19501601,,78872659.10893255,,,,,,,,,67291614.31118861,66860102.76101436,,,69560270.84403789,6272289.069387423,67075858.53610148
dominique heintz__1993-08-15,,,,,,,,,,,1906122.6500219572,,,1817135.314587646,,1823315.6643357903,1793610.4649098078,,1835046.0234638003,49082.20034896386,1820225.4894617181
donald love__1994-12-02,,,,,,,198417.60977249665,,273940.7480220101,284977.5686882542,,,,,,,268764.3363693101,,256525.06571301777,39323.98376699716,271352.54219566006
donangelo konadu__2006-05-03,Don-Angelo Konadu,FWD,1050000.0000000007,949390.02658163,1009248.810118048,,,905597.8539350602,,,,,,,,,,,954745.5635449127,52032.60046870355,949390.02658163
donervon daniels__1993-11-24,,,,,,,215568.91394656175,,,,,231251.38362797778,,,,,213671.2439683394,,220163.84718095965,9648.854138421215,215568.91394656175
donis avdijaj__1996-08-25,,,,,,,,,,1385114.0925605781,1268172.34439753,,,,1564939.3308657294,,,767138.1473163959,1246340.9787850585,341991.6418411232,1326643.218479054
donny van de beek__1997-04-18,Donny van de Beek,MID,3750000.0000000023,6196521.777898391,5467978.773605676,5675210.714830875,,,,,,,5473818.741634568,5753290.908018289,,,5465369.053597102,,5672031.661597484,284723.876725932,5574514.728232722
donyell malen__1999-01-19,,,,,,,18610332.305395044,,19249834.347446535,,,20788909.28298373,,,20213732.451985527,,,,19715702.09695271,972742.3493746811,19731783.39971603
dorian hanza__2001-05-12,Dorian Hanza,FWD,387499.99999999977,531337.377710367,522371.9809932756,,,,,,,,,,,,,,526854.6793518213,6339.492814682927,526854.6793518213
dorukhan tokoz__1996-05-21,Dorukhan Toköz,DEF,1550000.0000000012,1476768.1616164336,,,1676781.510100058,,1441241.580007314,,,,,,,,,,1531597.083907935,126981.97788174245,1476768.1616164336
douglas aurelio__1999-03-27,,,,,,1279756.0472093907,995179.285728254,,,,,,,,,1271217.9317239278,,,1182051.0882205244,161892.02506313674,1271217.9317239278
drey wright__1995-04-30,,,,,,378638.9104583212,,,,,,,,,,411440.46824711096,,498620.7928365412,429566.7238473245,62010.7561743804,411440.46824711096
drissa camara__2002-02-18,,,,,860234.5848209807,,,,,,,,,,,,,,860234.5848209807,,860234.5848209807
duccio degli innocenti__2003-04-28,,,,,1269535.5223110325,,,,,,,,,,,,,,1269535.5223110325,,1269535.5223110325
duje caletacar__1996-09-17,,,,,,,3534747.6838690178,,,,,,4377026.726873584,,,,,,3955887.2053713007,595581.2229598445,3955887.2053713007
dujon sterling__1999-10-24,,,,,,,1529222.9512563522,,4385808.73081387,,2558942.5591350053,,,,,,,,2824658.0804017424,1446711.4890931428,2558942.5591350053
duke verduin__2003-10-30,,,,,,,171613.5970896366,,189512.2375210078,,,,,194605.3208826308,192511.04131681361,,,,187060.5492025222,10507.942221350177,191011.63941891072
dusan lagator__1994-03-29,,,,,410550.86973120656,,,,,,321177.7375274133,,,,,,,,365864.3036293099,63196.34783718403,365864.3036293099
dusan vlahovic__2000-01-28,,,,,,40308577.7451644,49175998.89442607,,,,,,,,,,,,44742288.319795236,6270213.626279934,44742288.319795236
duvan zapata__1991-04-01,,,,,,,,,,,,,,,,,11454519.063156126,,11454519.063156126,,11454519.063156126
dwight mcneil__1999-11-22,,,,,,,,,,,,16819807.230781313,,,,17860256.277635336,,,17340031.754208326,735708.5765095595,17340031.754208326
dylan batubinsika__1996-02-15,,,,,,1154583.5689760707,,,,,,,1211101.2601577865,,1190049.848569509,1320426.5962726842,,,1219040.3184940126,71501.34235090087,1200575.554363648
dylan bronn__1995-06-19,Dylan Bronn,DEF,1150000.0000000005,1061780.2668031661,967812.9793187914,,,,,,,,,,,1009976.0080253616,,,1013189.7513824397,47066.005662969255,1009976.0080253616
dylan chambost__1997-08-19,Dylan Chambost,MID,1200000.0000000005,1654889.444409708,1522627.4954819055,,,,,,1562259.908243048,,,,,,,,1579925.616044887,67877.56409632074,1562259.908243048
dylan levitt__2000-11-17,Dylan Levitt,MID,1150000.0000000005,1134674.33730324,,1163249.594507115,,,,,,,,,,,,,1148961.9659051774,20205.75814300967,1148961.9659051774
dylan mertens__1995-07-20,,,,,519903.3360269047,,,,,535257.9515690247,,,,573789.3173886113,,,,,542983.5349948468,27761.27205804069,535257.9515690247
dylan nandin__2002-02-28,Dylan Nandín,FWD,1625000.0000000012,1711777.7279890485,,,1456577.6800738622,1587302.397666566,,,,,,,1738257.6606964732,,,,1623478.8666064874,129274.38965905987,1649540.0628278074
dylan ourega__2004-10-06,,,,,1145181.0005364683,,,,,,,,,,,,,,1145181.0005364683,,1145181.0005364683
dylan tait__2001-12-01,,,,,,,,,407959.21070373076,,,420935.43921232433,,,,406824.7472082314,,410152.2648910566,411467.9155038358,6461.036111473262,409055.7377973937
dylan wells__2006-03-20,Dylan Wells,MID,162500.00000000012,194652.18870736167,,208427.7999460878,,,,,,,,,,192075.7028822816,,,198385.23051191037,8792.0117397508,194652.18870736167
dylan williams__2003-09-13,,,,,,,,,591441.5578082404,,,,710979.7097955175,,,,,,651210.6338018789,84526.2378807118,651210.6338018789
dynel simeu__2002-03-13,,,,,,,306653.79874010285,,,,,,,361686.7248471765,,363847.1383252225,,324516.3761785234,339176.0095227563,28213.44800376615,343101.55051284994
dzenan pejcinovic__2005-02-15,,,,,3363713.957369395,,2492864.3860079288,,,,,2957976.4767795703,,,2964701.08120922,2749552.434581168,,,2905761.6671894565,320470.7592377749,2957976.4767795703
dzenis burnic__1998-05-22,,,,,1178923.864826124,,,,,1247235.7720068214,,,1160928.7427111685,,,,,1321648.0032783982,1227184.095705628,73130.75331525077,1213079.8184164725
ebenezer annan__2002-08-21,,,,,,1050839.4545216432,,,,,,,810540.6462088907,1090234.169966475,1125232.3085384981,,1057047.008858866,,1026778.7176188746,124472.58336638802,1057047.008858866
eberechi eze__1998-06-29,Eberechi Eze,MID,56749999.99999994,55948058.69475861,,,,,,56911938.82594332,50247153.71484149,58340224.61491787,,59969164.85516048,,,,,56283308.14112435,3699972.0973166483,56911938.82594332
ebrima ceesay__2006-06-01,Ebrima Ceesay,FWD,287499.9999999999,407224.1121618426,,,,,,354184.26640756667,,,343924.9401045685,,357887.1816559134,,,,365805.12508247275,28237.169179390996,356035.72403174004
ebrima colley__2000-02-01,,,,,,947185.890581566,,,,,,,,1059960.817998221,,,,,1003573.3542898935,79743.91592413737,1003573.3542898935
ebrima darboe__2001-06-06,,,,,,,1507065.0467736311,,1305372.2564854003,,1471345.6426651077,,,1436255.9111890513,,,,1395846.13955755,1423176.999334148,77706.84328398973,1436255.9111890513
ebube duru__1999-07-31,Ebube Duru,DEF,324999.9999999999,364464.6524756588,,,,,,,,,,366702.3654179252,397706.4740032775,290558.58901139157,,497986.9216842434,383483.80051849934,75152.65911413691,366702.3654179252
ed turns__2002-10-18,,,,,,,,,,,,,,,,,,421070.83434396127,421070.83434396127,,421070.83434396127
edan diop__2004-08-28,,,,,,,2668819.887463349,,,2272091.484264811,,,3179147.5985417087,2476110.258566946,2809160.700015218,,2877282.3691415535,2646816.8368778173,2704204.1621244857,291500.930697625,2668819.887463349
eddie beach__2003-10-09,,,,,268525.6343783365,,,,,258583.60838919654,,,,,,,,229492.63231580827,252200.62502778042,20284.246842005727,258583.60838919654
eddie nketiah__1999-05-30,Eddie Nketiah,FWD,10750000.000000006,10316349.289339634,10812581.698769838,,,,,,,,,,,,,9302835.663530225,10143922.21721323,769500.8733796179,10316349.289339634
eddy gnahore__1993-11-14,,,,,,,,,,,930505.6982875281,1041554.8375904748,,1041586.0056784627,1075360.3919068472,,,,1022251.7333658282,63204.13615996423,1041570.4216344687
eddy kouadio__2006-05-07,,,,,,,803480.9567704838,,,,760996.2282033972,,925743.9610032467,925796.9173027201,871514.147558628,,,,857506.4421676953,73737.94520658572,871514.147558628
eddy sylvestre__1999-08-29,Eddy Sylvestre,MID,662499.9999999998,590903.5452175348,,,,,590725.5416924922,,,,,,,,601810.0152613653,,594479.7007237974,6348.862475159734,590903.5452175348
eden karzev__2000-04-11,Eden Karzev,MID,1849999.9999999995,1534377.7175943642,,1592652.4587120889,1531921.632147637,,,,,,,,,,,,1552983.9361513637,34375.890541824505,1534377.7175943642
edgaras utkus__2000-06-22,,,,,,,,,,,,4470543.931971268,,,,,4572976.989975035,,4521760.460973151,72431.10993213888,4521760.460973151
edhy zuliani__2004-08-11,,,,,,,,,,768079.8779351618,,,,,,,,,768079.8779351618,,768079.8779351618
edimilson fernandes__1996-04-15,,,,,4155013.8480661586,,,,,,,,,4468740.7493282985,,,,,4311877.298697229,221838.41932310155,4311877.298697229
edin dzeko__1986-03-17,Edin Džeko,FWD,5850000.000000001,4888046.301441327,4312469.948456267,5305176.007487298,,,,,,,,,4348684.69592554,,,,4713594.238327608,474152.64138166024,4618365.498683434
edin visca__1990-02-17,,,,,,,,,,,,,,,,,1815401.4597600102,2077764.2563239885,1946582.8580419994,185518.5125814557,1946582.8580419994
edinson cavani__1987-02-14,,,,,,1171873.550687845,,1154381.643200792,,,,,,,,1157898.3819184063,,,1161384.5252690145,9252.383664745463,1157898.3819184063
edmond tapsoba__1999-02-02,Edmond Tapsoba,DEF,31500000.00000002,26705909.151680578,,,23815027.370247424,,27123950.26582963,,,,,,,25311372.133665513,,,25739064.730355788,1498614.5603821296,26008640.642673045
edo kayembe__1998-06-03,Edo Kayembe,MID,3049999.999999998,2782560.390444101,2907754.6914822883,,,,,,,2688496.7690753164,,,,,,,2792937.283667235,109996.67753745419,2782560.390444101
edoardo corvi__2001-03-23,,,,,759308.7011650145,,743609.6013733045,793062.7682199735,813335.7323686059,,,,,766696.9901550178,,783098.0502263876,,,776518.6405847174,25092.416111961764,774897.5201907028
edoardo goldaniga__1993-11-02,,,,,1720359.5317424496,,,,,,,,,,1811468.0944249562,,1744240.6315463723,,1758689.419237926,47241.59340914271,1744240.6315463723
edoardo iannoni__2001-04-11,,,,,,,,1447734.708541444,1451693.4308092047,,,,,1436984.8376304936,,,,,1445470.9923270475,7611.1094229881155,1447734.708541444
edoardo masciangelo__1996-07-08,,,,,,767996.5210084344,,770036.9918512566,744388.6720667954,744567.4740211081,,,882530.8571448604,,,,720878.2645072043,,771733.1300999433,57209.93805372815,756281.9975147713
edoardo motta__2005-01-13,,,,,,597094.9262358233,590606.957615165,,,,571664.3511611026,,566697.0522018841,,,,,,581515.8218034939,14628.791834178319,581135.6543881339
edoardo pieragnolo__2003-01-03,,,,,,,,,,,1255416.4803731465,,,1270849.130709447,,,,1069263.9820304108,1198509.8643710015,112195.87893768192,1255416.4803731465
edoardo soleri__1997-10-19,Edoardo Soleri,FWD,749999.9999999998,1031191.2740765513,,,,1031366.3980931471,979865.2364668064,,,1089891.359307817,1152601.6002254935,,,,,1185886.2441751312,1078467.0187241577,79172.11338441701,1060628.878700482
edon zhegrova__1999-03-31,,,,,,,,,,19869299.826078087,,20817712.982610673,,,,,,,20343506.40434438,670629.3743507299,20343506.40434438
edouard mendy__1992-03-01,,,,,5018651.638414333,,,5313180.559361864,,,,5239309.852395324,4462192.206229172,,,,,,5008333.564100173,384992.89244929346,5128980.745404828
edouard michut__2003-03-04,,,,,,,,,,,,,,,1924388.6854793946,,,,1924388.6854793946,,1924388.6854793946
edson alvarez__1997-10-24,,,,,,,,,,,,,,,,15314126.424231384,,17038146.93386631,16176136.679048847,1219066.5932675444,16176136.679048847
eduard lowen__1997-01-28,,,,,,4048468.5071884273,,,,,,,,5214420.414745371,,,,,4631444.460966899,824452.5003709054,4631444.460966899
eduardo camavinga__2002-11-10,,,,,,47103576.83183206,,,,,,42663762.98848529,23396803.173146106,,,,,,37721380.99782115,12602505.073685646,42663762.98848529
eduardo guerrero__2000-02-21,Eduardo Guerrero,FWD,2199999.9999999995,2105163.2929694424,,,,,,,,,2265848.281225335,,,,,,2185505.787097389,113621.44483062228,2185505.787097389
eduardo salvio__1990-07-13,,,,,,,,1783557.060722096,,,,,,,,1474569.0257917193,,,1629063.0432569077,218487.5348047751,1629063.0432569077
edvinas gertmonas__1996-06-01,,,,,,,,,,,,,,839082.615092322,,814608.929537382,802182.2005470032,,818624.5817255691,18775.096411908587,814608.929537382
edward chilufya__1999-09-17,,,,,,,,1173422.3525591854,,,,,,,,1362999.179696401,,,1268210.7661277931,134051.06002455516,1268210.7661277931
efe akman__2006-03-20,,,,,,,,,,873390.4236468148,,,,,1003298.3135998707,798645.9660662005,,,891778.2344376286,103557.85594062676,873390.4236468148
efecan karaca__1989-11-16,,,,,,,,,,,,613481.5095325159,,,,,,699383.4011126533,656432.4553225846,60741.810053066765,656432.4553225846
efkan bekiroglu__1995-09-14,Efkan Bekiroğlu,MID,1550000.0000000012,1410594.6592678283,,,1351315.859378681,,1287538.991938097,1348172.9074404344,,1213656.3600192887,,,,,,,1322255.755608866,74697.7789027792,1348172.9074404344
ehije ukaki__2004-10-02,,,,,261686.36365367315,,,,,,313464.513108226,,,,,222477.75428142457,,,265876.21034777455,45637.853607961086,261686.36365367315
eivind helland__2005-04-25,,,,,2522018.8033967298,,,,,,,,,,,,2039328.3150261308,,2280673.55921143,341313.7175410969,2280673.55921143
el bilal toure__2001-10-03,,,,,,,,,,8402349.916222496,,,,,,,,,8402349.916222496,,8402349.916222496
el chadaille bitshiabu__2005-05-16,,,,,15447220.856762903,,,,14878591.847469728,13579789.586921988,,,,,,,,,14635200.763718205,957211.7329160869,14878591.847469728
elayis tavsan__2001-04-30,Elayis Tavşan,MID,1550000.0000000012,2005745.668397077,,1474357.5613373334,1497733.2680134266,,,1619675.1236393512,,1583392.869267724,,,,,1779679.8018821534,1651722.182726551,1658900.9250376595,183580.92864231733,1619675.1236393512
elbasan rashani__1993-05-09,,,,,,,412927.8402762969,,,,,,,587726.6533690414,,,626023.349651404,,542225.9477655807,113600.87889963124,587726.6533690414
eldor shomurodov__1995-06-29,,,,,,4401158.763742382,,,5133329.951482402,,,,,5738333.872859544,,,,2550484.781785211,4455826.842467385,1382889.6934518921,4767244.357612392
eli king__2002-12-23,,,,,,,,,,,,,643851.9528555708,,,,,,643851.9528555708,,643851.9528555708
elia caprile__2001-08-25,,,,,,,12121520.838462774,14085079.087146323,,,,,,,,13887312.606627729,,14009504.616928397,13525854.287291307,939761.4183481362,13948408.611778062
elias achouri__1999-02-10,,,,,,2349910.7389206756,,2505131.797958689,,,,,,2504321.3787253276,,,,2382958.6839814736,2435580.6498965416,80975.41795725167,2443640.0313534006
elias bakatukanda__2004-04-13,Elias Bakatukanda,DEF,1024999.9999999995,1285071.8481844093,,1174423.6482456108,1314100.5633167021,,,1247224.2785581762,,,,,,,,,1255205.0845762247,60415.32560764132,1266148.0633712928
elias baum__2005-10-26,Elias Baum,DEF,2875000.000000001,4013343.6340249027,,,4516074.547483143,,,,,,,4711717.947916346,,,,,4413712.043141464,360264.1146397476,4516074.547483143
elias cobbaut__1997-11-24,,,,,,,,,,,,,,,2795295.122964397,,,,2795295.122964397,,2795295.122964397
elias hoff melkersen__2002-12-31,,,,,,,,,1001484.5077934609,,,1028424.6490081428,,,,,,,1014954.5784008019,19049.55653902477,1014954.5784008019
elias jelert__2003-06-12,,,,,,,,,,4677297.972567085,4393074.900196291,,4889943.3864667695,,,6173712.259240236,,,5033507.129617596,786917.3378895306,4783620.679516927
elias kachunga__1992-04-22,,,,,,,294193.37779025955,316504.82289568166,,314320.5737127748,,348285.54002509563,,309854.48149154923,329753.2419388693,348161.3989319064,,,323010.49096944806,20158.562875015203,316504.82289568166
elias manoel__2001-11-30,,,,,732625.7167284826,,,,,,701131.3810927764,,537517.8718162291,,,,,574496.5610476829,636442.8826712928,94972.35375039307,637813.9710702297
elias mar omarsson__1995-01-18,,,,,,,,,,,,,,,,618410.866949961,568624.4918612888,,593517.679405625,35204.28343589717,593517.679405625
elias pereyra__1999-02-15,Elías Pereyra,DEF,875000.0,1130771.266617148,,,,,1292122.2911088583,,1253955.269840819,,1233376.1537047212,1114650.2123455273,1330104.3392933677,,,1371791.1234087248,1246681.5223313097,96414.06931575153,1253955.269840819
elie youan__1999-04-07,,,,,,,,,,,,1415565.8119063333,,,1342727.9229227083,,,1659925.7156606682,1472739.8168299033,166148.3074205354,1415565.8119063333
elies mahmoud__2001-02-10,,,,,,1170821.5198026367,,,,,,1145954.553842806,,,,,,,1158388.0368227214,17583.600257731316,1158388.0368227214
eliesse ben seghir__2005-02-16,,,,,,,,16557451.949657159,,,,,,,,,,,16557451.949657159,,16557451.949657159
elijah dijkstra__2006-08-05,,,,,1117644.5886616916,,,,,,,,1180730.5850765174,,,,,,1149187.5868691045,44608.53586283354,1149187.5868691045
elijah just__2000-05-01,,,,,,783241.6709519351,,,,735624.9184758161,,,,,,,,,759433.2947138756,33670.128573945054,759433.2947138756
eliot bujupi__2006-07-03,,,,,,,,516751.4331573109,,,,,,,,557470.9207566675,,530933.8515454998,535052.0684864927,20669.75932778005,530933.8515454998
eliot matazo__2002-02-15,,,,,,2743828.065927206,,,,,,,2608734.6178066763,,,2946169.563853967,2940471.340747164,2360989.0708028865,2720038.5318275797,245762.53048658048,2743828.065927206
elisha owusu__1997-11-07,,,,,,,,,,,,,,3300702.1679795855,,,3136379.01941581,,3218540.593697698,116194.01265537029,3218540.593697698
eljif elmas__1999-09-24,,,,,9958724.367465647,,,9235012.052659053,,,,,,,,,,,9596868.210062351,511741.88542795577,9596868.210062351
ellery balcombe__1999-10-15,,,,,,,,,,509506.02809280937,,,,524678.4322777762,,,502359.0606164447,489303.8644329024,506461.84635498316,14746.07563150526,505932.544354627
elliot anderson__2002-11-06,,,,,,40750634.374444544,,,,45699513.934503965,,,,,,,,,43225074.15447426,3499386.2961935145,43225074.15447426
elliot lee__1994-12-16,Elliot Lee,MID,787499.9999999994,772093.2429838587,,,,,,,569120.2955361702,,,,,,,,670606.7692600144,143523.54753768124,670606.7692600144
elliot watt__2000-03-11,,,,,,679634.293137232,,,,,,,,,,,,,679634.293137232,,679634.293137232
ellis simms__2001-01-05,,,,,,,,,,,,,,,,,,2572304.195880618,2572304.195880618,,2572304.195880618
ellyes skhiri__1995-05-10,,,,,,,,8618997.292785231,,,,,,,8401853.655446857,11256502.095379759,,,9425784.347870616,1589161.238859307,8618997.292785231
elseid hysaj__1994-02-02,Elseid Hysaj,DEF,2349999.999999999,2401274.26220209,,2250874.4267152897,,,,,,,,,,,,,2326074.34445869,106348.74356205772,2326074.34445869
elton fikaj__2005-10-18,,,,,,,757720.9340911087,,,675750.4925075867,,723462.1148820331,,,,,,,718977.8471602428,41168.79663167137,723462.1148820331
elton kabangu__1998-02-08,Elton Kabangu,MID,662499.9999999998,777596.134094109,,,,,,,,,,,,,,,777596.134094109,,777596.134094109
elvis rexhbecaj__1997-11-01,,,,,,,,,3559261.2232393725,3383105.0433895867,,,,,3257534.3993697595,3533771.627168087,,,3433418.0732917017,140681.43906782643,3458438.335278837
elvis van der laan__2008-02-29,,,,,,276114.55693606444,,266594.29334421403,,,,,,,227416.4497362825,281645.1569363359,,261199.879023155,262594.0671952104,21220.025937459985,266594.29334421403
elye wahi__2003-01-02,,,,,,,,,,9984579.627716279,10289233.092437172,,10005560.07856416,,,,,,10093124.266239204,170158.89225663152,10005560.07856416
elyess dao__2006-11-20,Elyess Dao,FWD,512499.9999999997,395508.4286185453,,,,440266.7348862497,464266.6792800292,,,,,,,,,455211.29279154626,438813.28389409266,30518.808641538242,447739.013838898
eman kospo__2007-05-17,Eman Košpo,DEF,1112500.0000000005,552899.137005413,,,,641000.64203409,,,,,,,,574986.1519441294,582647.0416233618,,587883.2431517486,37590.329053039575,578816.5967837456
emanuel mammana__1996-02-10,Emanuel Mammana,DEF,4349999.999999996,4530073.395792917,,,,4290747.264472581,,,,,,,,,4395168.748000863,,4405329.802755454,119986.18486510859,4395168.748000863
emanuele valeri__1998-12-07,,,,,,5615879.328530349,5538156.230750499,5398377.858501429,,,5313571.177053086,,,,,,,,5466496.148708841,135986.09020594312,5468267.044625964
emil audero__1997-01-18,,,,,,,,,9976623.560327707,,,,,,11870425.40934735,,,,10923524.484837528,1339120.1296654118,10923524.484837528
emil bohinen__1999-03-12,,,,,,,,,,,,,,,,2186883.8842341416,,,2186883.8842341416,,2186883.8842341416
emil forsberg__1991-10-23,,,,,,,,,,6431331.697526692,,,,,,,,,6431331.697526692,,6431331.697526692
emil gazdov__2003-09-11,,,,,,530741.98148548,,,,,553241.2453605256,,,546344.0414729028,,,,,543442.4227729695,11526.871303158756,546344.0414729028
emil hansson__1998-06-15,,,,,,,,1049142.2416409603,,,,,,,,1105933.0749015626,,,1077537.6582712615,40157.18330780643,1077537.6582712615
emil hjlund__2005-01-04,,,,,,,,,,,,542649.293451782,636991.1088859286,,,,532744.5350474744,552615.500951521,566250.1095841766,47853.29519105162,547632.3972016515
emil holm__2000-05-13,,,,,6184216.303247877,,,,,,5942585.244394297,,,,,,,,6063400.773821088,170858.96026065262,6063400.773821088
emil holten__1996-08-08,,,,,,,,,,,,,,,801901.7192081644,,,,801901.7192081644,,801901.7192081644
emil kornvig__2000-04-28,,,,,,1913023.407390626,,,1741078.3414083212,,,,1931726.4112793298,,,,,,1861942.7200260924,105088.52983370815,1913023.407390626
emil krafth__1994-08-02,,,,,,,,,,,2243328.5712151863,,,,,,,2300232.873747373,2271780.7224812796,40237.41819920007,2271780.7224812796
emil riis__1998-06-24,,,,,,2172221.194655951,,,,2061553.4355967548,,,,,2511237.103546106,,,,2248337.2445996036,234305.54858851302,2172221.194655951
emile smith rowe__2000-07-28,,,,,22658877.04945927,,,21327924.070640653,20270011.288504552,,,,,,,,,,21418937.469534826,1197030.6951156869,21327924.070640653
emiliano buendia__1996-12-25,,,,,,,11501798.766570205,,,,,11916348.60609588,,,,,,,11709073.686333042,293131.0026684002,11709073.686333042
emiliano martinez__1992-09-02,Emiliano Martínez,GK,20749999.99999997,18534885.17263316,,,,,,18224344.46043105,,19866461.2669203,,,21791767.97755684,,,,19604364.719385337,1622926.3723425192,19200673.219776727
emilio simonsen__1999-10-31,Emilio Simonsen,MID,412500.00000000006,383641.4168580563,,,,365832.08282764716,,405419.92911855306,,407841.5804981896,,,,,,,390683.75232561154,19822.091545765976,394530.6729883047
emin bayram__2003-04-02,,,,,,,,,,,,,7300109.974327247,7681290.11877546,,6924331.319481424,,,7301910.470861376,378482.6116190732,7300109.974327247
emir karic__1997-06-09,,,,,,1206672.3752998437,944757.193230663,,945475.8912378373,,,,,,,,,,1032301.8199227812,151009.7581899437,945475.8912378373
emir ortakaya__2004-06-22,,,,,,,,,,,,,,,,,654384.6349585977,,654384.6349585977,,654384.6349585977
emirhan demircan__2005-01-20,,,,,,,,,,,,,,,,666404.1576902771,,,666404.1576902771,,666404.1576902771
emirhan ilkhan__2004-06-01,,,,,,,,,,,,,,,,1004168.2659318799,,,1004168.2659318799,,1004168.2659318799
emirhan topcu__2000-10-11,,,,,,,,,,,,6743274.0998390615,,,7713876.817310196,,6448550.728761913,,6968567.215303724,662065.154268864,6743274.0998390615
emmanuel agbadou__1997-06-17,Emmanuel Agbadou,DEF,14000000.00000001,13831861.129339077,,,,,,12675572.59978104,,,,,,,12947301.763466671,,13151578.497528931,604605.2670596151,12947301.763466671
emmanuel biumla__2005-05-08,,,,,,,3409774.0411766535,3544727.1755618,,,,,,,,,,,3477250.6083692266,95426.27646611664,3477250.6083692266
emmanuel boateng__1996-05-23,,,,,,,,,2376103.721029383,,2219411.3150988924,,3114983.6795962015,2448782.959927327,,,,,2539820.418912951,395207.0117255747,2412443.340478355
emmanuel danso__2000-11-10,,,,,,,,,,,,,,,,,,499937.31039673777,499937.31039673777,,499937.31039673777
emmanuel ekong__2002-06-25,,,,,1274960.4540082065,1181356.7907279024,,,,,,,,1027132.2792259948,,,,949519.6197925912,1108242.2859386737,147096.78935141844,1104244.5349769485
emmanuel gyabuaa__2001-09-21,,,,,581824.718993089,495822.08324406005,,579902.2540382836,,,,,,,,,,,552516.3520918109,49108.085464731805,579902.2540382836
emmanuel gyasi__1994-01-11,,,,,,,,,,,,2943794.5980486623,,,,,,,2943794.5980486623,,2943794.5980486623
emmanuel iyoha__1997-10-11,Emmanuel Iyoha,DEF,1150000.0000000005,1128180.162350853,994715.67871104,,,1049186.7419605427,,,,1012828.7710710838,,,,,,,1046227.8385233799,59143.719884950704,1031007.7565158133
emmanuel kakou__2005-06-30,Emmanuel Kakou,DEF,1099999.9999999998,922167.7095650798,1219175.667663805,,,,1206056.1309754911,921514.1465714544,,,1247800.9037384943,,,,1154118.8737338993,,1111805.5720413707,150246.4618743801,1180087.5023546952
emmanuel longelo__2000-12-27,,,,,,924773.1201454928,,964159.1422085179,,,,,,,977206.1956182984,,853055.3836531625,828567.4407555452,909552.2564762033,66221.36958292856,924773.1201454928
emmanuel sabbi__1997-12-24,,,,,,,,,,1864286.3751346155,,,,,,,,,1864286.3751346155,,1864286.3751346155
emmanuel yeboah__2003-02-25,,,,,,438314.6331036691,,,,,,,368675.3331171618,,,,,,403494.98311041546,49242.421257543545,403494.98311041546
emran soglo__2005-07-11,,,,,,,1261421.1487500432,,1208190.3986719262,,1267734.724293317,1225752.141583772,,,,1180930.4888729027,,,1228805.780434392,36419.73070286472,1225752.141583772
emre akbaba__1992-10-04,,,,,,,,,1291641.556414727,,,1294240.4384618963,,,,1495741.8402955094,,,1360541.278390711,117094.3316369487,1294240.4384618963
emre bilgin__2004-02-26,,,,,,,,656490.67343566,757053.8656387196,,,,,745995.6840747677,,684821.0740293217,,,711090.3242946173,48312.27124204065,715408.3790520447
emre can__1994-01-12,,,,,,,,18674490.16518725,18427634.607092474,,,,,,18791556.018714853,19414479.417491496,,,18827040.05212152,419976.3097031363,18733023.09195105
emre klnc__1994-08-23,,,,,,,,,,,2060792.9596367106,2096662.5545119867,,,2352587.3767044386,,,,2170014.2969510453,159126.84891968512,2096662.5545119867
emre mor__1997-07-24,,,,,1863773.341789186,,,1985257.0038381494,,,1187786.5463974178,,2534919.9700792306,2605519.093676417,,2344540.7701710807,,,2086966.1209919136,530016.6421651726,2164898.887004615
emre tasdemir__1995-08-08,,,,,420904.0526673116,,,,,,,,403588.02138599486,,,,426290.5157697883,,416927.52994103153,11862.139880983084,420904.0526673116
emrecan bulut__2002-11-26,,,,,,,,,,,,,,,,492736.1535888233,,,492736.1535888233,,492736.1535888233
enda stevens__1990-07-09,,,,,,,,,364302.5955399108,,372239.22989282716,,,,,,,,368270.91271636897,5612.047970745283,368270.91271636897
enea mihaj__1998-07-05,,,,,,,2310463.5694531426,,,2415238.278200246,,,,,,,,,2362850.9238266945,74086.90705192226,2362850.9238266945
enes mahmutovic__1997-05-22,,,,,,,,,,460612.89884301194,,444940.05324137706,,446939.4277260007,,,,,450830.79327012994,8530.332154242196,446939.4277260007
enes unal__1997-05-10,,,,,,,,,11975793.788391452,,,,9775216.885709409,,,,,,10875505.33705043,1556042.8504089622,10875505.33705043
enis bardhi__1995-07-02,,,,,,3445993.2131425114,,,,,3621834.476204042,,,,,,,,3533913.844673277,124338.54952321574,3533913.844673277
enis destan__2002-06-15,,,,,2603870.9284943705,2715314.9087817646,,,,,,,,,,,,,2659592.9186380673,78802.79418363623,2659592.9186380673
enock agyei__2005-01-13,,,,,987741.3711187445,,,,,,,1048184.701464964,961409.0038315548,,,,,,999111.692138421,44491.219077578535,987741.3711187445
enrico delprato__1999-11-10,,,,,,,,,,5619921.751475801,,5937998.243914009,,,5758046.530667417,,5199231.204970494,,5628799.432756931,314598.36442027835,5688984.141071608
enrique lofolomo__2000-04-14,,,,,,,1106140.8279432028,,,,,1138584.1097988817,,,1041202.8517531226,,,1089341.7944348517,1093817.3959825146,40596.57996632355,1097741.3111890273
ensar kemaloglu__1998-10-05,,,,,,,,,,,,277468.994354654,,,,,,275632.6741368424,276550.83424574824,1298.4744784445124,276550.83424574824
enso gonzalez__2005-01-20,,,,,,,,,,,,,,,,1089271.3084962028,,903311.2084244837,996291.2584603432,131493.64779084158,996291.2584603432
enzo barrenechea__2001-05-22,,,,,,,,13944482.739124538,,,13894364.313435629,,,,,,,,13919423.526280083,35439.07866702187,13919423.526280083
enzo basilio__1994-10-03,,,,,,,,,908613.1436918974,,,,945362.9606430314,912235.8685498463,,,,,922070.6576282583,20252.890377625205,912235.8685498463
enzo ebosse__1999-03-11,Enzo Ebosse,DEF,1849999.9999999995,1819538.0454160115,,,,,,,,,,,,,,1711194.5224467649,1765366.283931388,76610.43978919474,1765366.283931388
enzo fernandez__2001-01-17,Enzo Fernández,MID,78999999.99999993,72140988.67056356,,,,89573323.12671366,,,,,,77608940.30956553,,77183528.79336317,,,79126695.22505148,7393952.626886478,77396234.55146435
enzo le fee__2000-02-03,Enzo Le Fée,MID,17249999.99999998,16480543.984667756,,,,13354566.58769723,,17830552.022207823,,,,,,,,,15888554.198190937,2295963.922398912,16480543.984667756
enzo loiodice__2000-11-27,Enzo Loiodice,MID,4300000.000000002,3879179.468458588,,,3998847.9494817955,,,,4326684.814763501,,,,,,,,4068237.410901295,231681.7467128912,3998847.9494817955
enzo martinez__1998-04-29,,,,,,,1409602.4686394746,,,,,,,,,,,,1409602.4686394746,,1409602.4686394746
enzo millot__2002-07-17,,,,,,,,,21180933.782993723,,,,,,,22520032.746373717,,,21850483.26468372,946885.95768587,21850483.26468372
enzo perez__1986-02-22,,,,,,,,,,,,,497386.7607276772,,,,,,497386.7607276772,,497386.7607276772
enzo tchato__2002-11-23,,,,,,,,,,,,,,2911663.2001303947,2405038.1733976323,,,,2658350.6867640135,358237.99192155217,2658350.6867640135
eray comert__1998-02-04,,,,,,,,,,,,,,2749452.772737607,,,2668177.7761372733,,2708815.27443744,57470.10123700948,2708815.27443744
ercan kara__1996-01-03,,,,,1107903.8693950784,,,,1262193.4315074147,1176174.3603832964,,,,,1172254.6681850723,,,986664.272609201,1141038.1204160126,102245.78364987703,1172254.6681850723
erdem canpolat__2001-04-13,,,,,,,,,,,813823.6239707567,,,,,,,,813823.6239707567,,813823.6239707567
erdogan yesilyurt__1993-11-06,,,,,,612675.4276906076,,,539998.951424133,,,,,574087.2052926376,,619336.250584206,612769.1213467974,,591773.3912676763,34025.06729361458,612675.4276906076
eren dinkci__2001-12-13,Eren Dinkçi,MID,7249999.999999998,7842994.671141957,7597290.182521369,,,,7746192.906239288,,,,,,7750632.736992948,,7877938.92925662,,7763009.885230435,108978.52493145986,7750632.736992948
eren elmal__2000-07-07,Eren Elmalı,DEF,6999999.999999995,7696791.13888411,,,,7650453.435583796,,,,,,,,,7850106.864668022,,7732450.479711976,104494.32701099565,7696791.13888411
erencan yardmc__2002-02-04,Erencan Yardımcı,FWD,2349999.999999999,1873150.5870410965,,,,,,,,,1846004.1999200473,,,1808671.8991827038,,,1842608.8953812823,32373.158120088123,1846004.1999200473
erhan erenturk__1995-05-30,,,,,222753.74049450323,,,,,,,,229245.37376982093,,,,,,225999.5571321621,4590.277909953382,225999.5571321621
erhan masovic__1998-11-22,Erhan Mašović,DEF,3400000.000000002,2245663.0507946806,,,,2162855.8992471206,,,,1991742.6456828688,2035263.231265221,,,1991802.3039567443,2065519.1577014567,1885777.793236468,2054089.1545549373,119101.69051830114,2035263.231265221
eric bailly__1994-04-12,,,,,2800168.5200589933,,,2641058.7207541675,,,,,,,,,,,2720613.62040658,112507.61804167289,2720613.62040658
eric dier__1994-01-15,Eric Dier,DEF,8750000.000000007,9310981.06694162,,,,,8811193.210704226,,,,,,10638316.306189744,,,,9586830.194611864,944279.7559206013,9310981.06694162
eric kahl__2001-09-27,,,,,,,,2205758.7677933923,2026798.9590989635,,,,,,,,2085871.2798234292,,2106143.002238595,91185.85597144322,2085871.2798234292
eric martel__2002-04-29,,,,,,,8154441.605131077,10269427.251519455,,,,,,11426225.979184067,11262706.314717831,,,,10278200.287638107,1505284.3600122668,10766066.783118643
erik ahlstrand__2001-10-14,,,,,,,,894005.7191785797,,,,,,,,912793.881198262,,,903399.8001884208,13285.236770148847,903399.8001884208
erik botheim__2000-01-10,,,,,,,1740659.1546171615,1946785.7340617971,,,,,,,,,1724897.559047354,,1804114.1492421043,123808.2905541817,1740659.1546171615
erik majetschak__2000-03-01,,,,,,,,,,634103.662023256,603727.2588363041,629927.343029178,,567230.9186087728,,,667942.9372709331,,620586.4239536887,37562.11271626347,629927.343029178
erik palmerbrown__1997-04-24,,,,,,1904162.4065632583,,,,,,,,2116929.387479722,2089400.955221719,,,,2036830.9164215664,115715.83200523548,2089400.955221719
erik sviatchenko__1991-10-04,Erik Sviatchenko,DEF,1087500.0000000007,812294.6833097549,,543004.2715973301,765734.8196526951,,708574.2599060826,648994.2695607243,,,722070.9171780535,,,,743449.5390438979,,706303.2514640769,87892.73253683388,722070.9171780535
erling haaland__2000-07-21,,,,,,,,,,,,113227321.60428812,147472579.72832862,,,,,151828731.54293206,137509544.2918496,21141517.652340204,147472579.72832862
ermedin demirovic__1998-03-25,Ermedin Demirović,FWD,22500000.00000001,22728364.35998959,,,23014008.54312267,,,,26153705.086491752,,20763898.139911033,,,,23977337.542261805,,23327462.73435537,1964625.8499405452,23014008.54312267
ernest agyiri__1998-03-06,,,,,,,,,,,,,567799.5196418848,,628774.0964547547,,,,598286.8080483198,43115.53674436031,598286.8080483198
ernest muci__2001-03-19,,,,,,,,9571437.322696142,,,,8420667.189394157,7508837.826488856,,,,,,8500314.112859719,1033603.8383983411,8420667.189394157
ernest nuamah__2003-11-01,,,,,,11682750.469038278,,,,,,,8969758.098467648,,,,9089514.843215792,,9914007.803573906,1532945.981420636,9089514.843215792
ernest poku__2004-01-28,Ernest Poku,MID,6549999.999999996,8081496.831828747,8378248.349680064,,,7651151.001028269,,,,,,9520517.133236991,7646086.751971459,,,,8255500.013549106,771724.5017972374,8081496.831828747
ernestas lysionok__2007-03-09,,,,,,,,230276.89657743316,,,,,,,,,,,230276.89657743316,,230276.89657743316
ernesto torregrossa__1992-06-28,Ernesto Torregrossa,MID,987499.9999999999,941354.5516942857,,,,,1000377.6681421889,,,,853529.378282108,,,,,778211.7886921094,893368.346702673,97641.94283554207,897441.9649881969
eros maddy__2001-02-05,,,,,,,481294.25933539774,,,,481682.9358981699,,,526305.7879453357,,,,,496427.66105963447,25875.94668830807,481682.9358981699
ersin destanoglu__2001-01-01,Ersin Destanoğlu,GK,2750000.0,2470141.7117042528,,,2665315.157143494,,,,,,,,,2435528.6754027787,,,2523661.8480835087,123890.11480434846,2470141.7117042528
ertugrul taskran__1989-11-05,,,,,,,,175562.28246079822,,168653.98225071668,168891.46737907885,,,151413.15316222946,,,,,166130.22131320578,10320.686694828173,168772.72481489775
erwin koffi__1995-01-10,,,,,905198.9540220357,,,840406.857634141,,,,,1119990.3258186334,,,,,,955198.7124916032,146344.4935956888,905198.9540220357
eser gurbuz__2007-03-06,Eser Gürbüz,MID,612499.9999999997,381516.07002791076,,,,,,,,,,,533553.8321878638,,,468228.3444877738,461099.4155678495,76269.17136897851,468228.3444877738
eskild dall__2003-01-08,,,,,,401047.43026711,,,383069.9786040616,,,403869.5496043705,,,,,,,395995.6528251807,11282.547582053983,401047.43026711
esmir bajraktarevic__2005-03-10,Esmir Bajraktarević,MID,4750000.000000003,5590989.19213322,,,,3918013.1978167896,5013171.276627535,,,,4363530.937822441,,4425343.776330776,,,,4662209.676146152,649027.7875232776,4425343.776330776
esteban burgos__1992-01-09,,,,,,,,,,568507.6026251022,523546.5493799448,624231.0789257406,,595521.904794032,465308.4747266807,,,,555423.1220903,62550.81231743238,568507.6026251022
ethan ampadu__2000-09-14,,,,,,,,,,,,,,,,,14841157.194999665,,14841157.194999665,,14841157.194999665
ethan brierley__2003-11-23,Ethan Brierley,MID,700000.0000000006,881058.1984788795,,,760957.407285289,,,788632.6580384616,,,,,,,,,810216.08793421,62892.23597456305,788632.6580384616
ethan galbraith__2001-05-11,,,,,2239553.3625902976,,,,,,,2283774.192736767,,,,2139538.6518941903,1949687.1899694053,,2153138.349297665,148448.1998486234,2189546.0072422437
ethan hamilton__1998-10-18,,,,,,,,,,,,,,694477.2709530214,,672993.1467701171,,,683735.2088615692,15191.569897585494,683735.2088615692
ethan horvath__1995-06-09,,,,,749277.2550064143,763560.7061719376,636207.3189304414,,,,,,,,816882.2943076291,,,836678.7026265488,760521.2554085942,78367.95276325535,763560.7061719376
ethan ingram__2003-04-16,,,,,,,,,,,,430561.9791181612,,456349.81780873996,,,,380116.1218851419,422342.63960401434,38775.7947059698,430561.9791181612
ethan laird__2001-08-05,Ethan Laird,DEF,3550000.0000000014,1981642.4170097308,,,,,,,,,,,,,,,1981642.4170097308,,1981642.4170097308
ethan mbappe__2006-12-29,,,,,4452788.993104518,,,,,,,4883481.808759347,,,5323259.1162834875,,,,4886509.972715784,435242.9622285841,4883481.808759347
ethan nwaneri__2007-03-21,Ethan Nwaneri,MID,27999999.99999999,25516371.789546672,23126846.67770632,,,,23817481.66795757,,19858741.540985562,21749239.6254909,,,,,22443273.22485234,,22751992.4210899,1917774.632644579,22785059.951279327
ethan pinnock__1993-05-29,,,,,,,,5492104.097481576,,,,,,,,5054060.951450039,,,5273082.524465807,309743.279011189,5273082.524465807
ethan ross__2001-08-15,,,,,,,,370286.7297232793,,,394127.84572736075,,,395637.7223365367,,340301.97899399186,,,375088.56919529213,25935.34438968747,382207.28772532
ethan schiltebrown__2005-06-01,,,,,,,240923.4136377533,,,,,,,247044.62749339224,262798.0075025532,,,,250255.34954456627,11285.2122822261,247044.62749339224
ethan williams__2005-11-14,,,,,572834.3515337029,,575116.5923700901,,,,662998.6160490875,,701381.4774819254,,647796.8044683895,,,,632025.5683806392,56481.26990264934,647796.8044683895
etienne camara__2003-03-30,,,,,,,2979066.0905318717,,2510278.9920121394,2463621.5453644157,,,,,,,2397740.4489889005,,2587676.7692243317,264978.9432278692,2486950.2686882773
etienne green__2000-07-19,,,,,,,683128.3576873705,,,,714823.0516266463,,,,,,,,698975.7046570084,22411.533012094093,698975.7046570084
etienne vaessen__1995-07-26,,,,,1261542.8201984563,,1028083.0457577931,,,1311279.1662521842,,,,,,,,,1200301.6774028114,151204.72493925533,1261542.8201984563
etienne youte kinkoue__2002-01-14,,,,,,2783585.8598063337,,,,,,,3002742.3059923053,,,,,3346558.360170899,3044295.508656513,283777.21989339124,3002742.3059923053
ettore gliozzi__1995-09-23,,,,,,,,,1221201.310961752,1279269.8895477045,,,,1301092.7907178574,,1155377.9764289546,,,1239235.4919140672,65284.998264395355,1250235.6002547282
eus waayers__2006-04-08,,,,,,,,,619881.7867447955,,,,,,,668209.5010244899,,,644045.6438846427,34172.85448641783,644045.6438846427
evan ferguson__2004-10-19,,,,,,9039311.494424304,9988693.743962223,9786418.301357992,,,,,,,,,,,9604807.846581506,500068.42721522745,9786418.301357992
evan ndicka__1999-08-20,,,,,,,29696538.327063836,,28423799.525783088,,,,,,,25732619.392063145,,,27950985.748303354,2023815.204495026,28423799.525783088
evann guessand__2001-07-01,,,,,,27750652.38098571,,,28402687.877987422,,,,27642824.68677955,,,25201739.98352048,,,27249476.23231829,1405823.765978225,27696738.533882633
ever banega__1988-06-29,,,,,,,,,,,,,2499581.860782913,,,2107549.726479128,,,2303565.7936310205,277208.5806092417,2303565.7936310205
evert linthorst__2000-03-03,,,,,,,1507609.0850727377,,,,,1430684.701708414,,,1607582.0793553458,,,1416679.3922578765,1490638.8145985936,87613.18214620907,1469146.893390576
ewoud pletinckx__2000-10-10,,,,,,2330378.0482118223,2044994.4533735935,,,,,,,2040775.03363703,,,2141210.983931489,,2139339.6297884835,135542.33189582636,2093102.7186525413
eyup aydn__2004-08-02,,,,,1587999.898866512,,,1641872.0073785908,,,1477672.3744254347,,,,1677032.4998546923,,1656379.9975823923,,1608191.3556215246,80060.18678859682,1641872.0073785908
ezechiel banzuzi__2005-02-16,,,,,,,,5423838.7810731,,,,,,,,,,,5423838.7810731,,5423838.7810731
ezequiel ponce__1997-03-29,Ezequiel Ponce,FWD,4050000.0000000033,3529293.648700332,,,,,,,,,,,,3419738.581592725,,,3474516.1151465285,77467.13086513597,3474516.1151465285
ezgjan alioski__1992-02-12,,,,,,795396.8723234164,,,,,811109.648472552,,,,907421.4177069659,,,,837975.9795009781,60652.489638055806,811109.648472552
ezri konsa__1997-10-23,,,,,,,,,,,,,,,,43910805.599581085,43283716.890441515,,43597261.2450113,443418.6786381089,43597261.2450113
fabian bredlow__1995-03-02,,,,,,999002.5631842723,,,,,,,,,,,,,999002.5631842723,,999002.5631842723
fabian de keijzer__2000-05-10,,,,,,,,,696327.9660164232,,,,,803361.3706553524,,756262.2532168927,741844.6891206813,,749449.0697523374,44093.21158822442,749053.471168787
fabian ehmann__1998-08-28,Fabian Ehmann,GK,312500.00000000023,352832.5020240349,,,,,355399.7833564891,,,,,,333956.83543547563,,,,347396.3736053332,11709.552639801661,352832.5020240349
fabian holland__1990-07-11,,,,,,470282.72588853457,,,,,,629827.9693801133,,,473246.0993252853,,,,524452.2648646444,91270.0647645764,473246.0993252853
fabian kunze__1998-06-14,Fabian Kunze,MID,1499999.9999999986,1713406.4602778994,,,,,,1764886.7637371758,,,1673214.0654523766,,1650694.7592110704,,,,1700550.5121696307,50124.19937753028,1693310.262865138
fabian nurnberger__1999-07-28,Fabian Nürnberger,DEF,2250000.000000001,2209514.8753709216,,2143001.4032911505,,1846947.6070107047,1987593.3033360145,,,,,,,,,1524179.7564139282,1942247.389084544,272787.88890607905,1987593.3033360145
fabian reese__1997-11-29,Fabian Reese,MID,4399999.999999997,4344958.327119462,,,,,,,,,,,,,,,4344958.327119462,,4344958.327119462
fabian rieder__2002-02-16,,,,,,,,,,,,,,,9946956.813721754,,,,9946956.813721754,,9946956.813721754
fabian schar__1991-12-20,,,,,,,,8655641.517389487,,,,,11116242.670030482,10979464.091866018,,,,,10250449.426428663,1382836.3225311963,10979464.091866018
fabian schleusener__1991-10-24,,,,,,,,,828054.5723253364,,817452.2465731809,,,,862295.082103015,858714.3716908267,,,841629.0681730898,22269.391312139287,843384.4720080816
fabiano parisi__2000-11-09,,,,,,,,8786046.315022836,,,8788884.4269995,,10410705.941400932,,,,,,9328545.561141089,937179.4546259504,8788884.4269995
fabijan buntic__1997-02-24,Fabijan Buntić,GK,600000.0000000003,525536.2020804384,,,,,,,,485765.705907719,567686.7249393843,,576946.2756842567,,,,538983.7271529495,41944.450919255716,546611.4635099113
fabio balde__2005-07-20,Fabio Baldé,MID,1050000.0000000007,1353495.2208419456,,,,,1239558.0557879515,,,1412837.8099262803,1387158.6888766314,,1460202.553113248,,,,1370650.4657092113,82993.06020396299,1387158.6888766314
fabio chiarodia__2005-06-05,,,,,,,2063653.098810384,,,,,,2008179.196452027,,,1898616.1355436516,,,1990149.4769353543,83982.75358943414,2008179.196452027
fabio depaoli__1997-04-24,,,,,,,,,1444323.7318602155,,,,,,,,,1590092.8741394014,1517208.3029998085,103074.34899335896,1517208.3029998085
fabio ferraro__2002-09-03,Fabio Ferraro,DEF,1949999.999999999,2408405.378001531,,,,2241857.0967951445,,2241664.5598601317,,,,,,2606149.078613025,,,2374519.028317458,173253.43936860046,2325131.2373983376
fabio maistro__1998-04-05,,,,,,,,,,,,1070848.923305673,,,,1209854.155513771,,,1140351.5394097222,98291.54231475682,1140351.5394097222
fabio miretti__2003-08-03,,,,,,,5138368.833707453,,,,,,,,,,,5787021.097120931,5462694.9654141925,458666.4140916734,5462694.9654141925
fabio moreno fell__2000-06-04,,,,,550339.7354838565,,,,,476579.5706202848,,,,,,,,430700.6853082232,485873.3304707881,60358.56244851305,476579.5706202848
fabio torsiello__2005-02-02,,,,,,,,,,,,,813480.0118031212,,850458.186821219,,,840694.8325566212,834877.6770603205,19163.137281467647,840694.8325566212
fabrizio bagheria__2001-04-05,,,,,304003.8450953992,,312276.9359024933,,,,,,290345.9331152339,,,,,,302208.9047043755,11075.133365751912,304003.8450953992
fabrizio brignani__1998-01-13,Fabrizio Brignani,DEF,850000.0000000005,1226948.0434153825,,1295534.1377060139,,,,,,,1222886.8606777075,,,,1129715.4829419302,,1218771.1311852585,68086.38820650111,1224917.452046545
fabrizio caligara__2000-04-12,,,,,,1242467.742480003,,,,,,,,1204291.4455895673,,,,,1223379.5940347852,26994.71841181802,1223379.5940347852
facundo buonanotte__2004-12-23,Facundo Buonanotte,MID,14499999.99999999,21333979.87621648,,18993624.700392514,,,19001466.802490562,,,,,,,,,,19776357.12636652,1348946.5696531287,19001466.802490562
facundo colidio__2000-01-04,,,,,6871883.512809515,,7942407.039297499,,,6298489.754146914,,,,,,,,,7037593.435417976,834392.4999317729,6871883.512809515
facundo lescano__1996-08-18,,,,,,,,,,1154124.0562717547,1145216.0157391024,,,1128600.2309614597,,,,,1142646.767657439,12954.427482388493,1145216.0157391024
facundo medina__1999-05-28,,,,,,,,,21045656.522926483,,,,,20157259.756092705,,21394456.768397894,22125418.33752218,,21180697.846234817,817282.35977887,21220056.64566219
facundo pellistri__2001-12-20,,,,,4540126.046958375,,,,,,,,,,,3871536.332909755,,3746106.956283584,4052589.778717238,426851.07680323103,3871536.332909755
faitout maouassa__1998-07-06,,,,,,,,,,,,,,,827312.1802465237,,,,827312.1802465237,,827312.1802465237
fali cande__1998-01-24,,,,,,,,2510415.0030036103,,,,,,,,,,,2510415.0030036103,,2510415.0030036103
falko michel__2001-01-14,,,,,,,,,,944740.7688170848,,,,1045078.2425971339,,,,1262997.0995044634,1084272.036972894,162707.9842657561,1045078.2425971339
fallou fall__2004-04-15,Fallou Fall,DEF,1249999.999999999,1690847.9030991374,,,,,,1706656.8853333585,,,,,,1742941.9387535066,,,1713482.242395334,26709.29167831431,1706656.8853333585
fares chaibi__2002-11-28,,,,,10518044.405166121,,,10382271.698184397,11968913.624158485,,,,,,,,,,10956409.909169666,879477.905714466,10518044.405166121
fares ghedjemis__2002-09-06,Farès Ghedjemis,MID,899999.9999999995,1126375.6616627835,,,,,,935249.6753115108,,1024332.0580054818,,,,,,958134.1873695072,1011022.8955873209,85678.06178450595,991233.1226874945
faride alidou__2001-07-18,,,,,,,,,1582171.2708981214,,,,,,,,1688213.7185645432,,1635192.4947313322,74983.33383854642,1635192.4947313322
fashion sakala__1997-03-14,,,,,,,,5312653.410063998,,,,,,,,,6052184.842246085,,5682419.126155041,522927.6905965535,5682419.126155041
fatih aksoy__1997-11-06,,,,,1345356.8330932525,,,1193495.957749989,,,,,,,,1295118.7981740874,1396198.033404992,,1307542.4056055802,86507.59033521896,1320237.81563367
fatih kaya__1999-11-13,,,,,,,,,,,1503080.197638317,,,,1506665.9262201786,,,,1504873.0619292478,2535.4929957287545,1504873.0619292478
fausto grillo__1993-02-20,,,,,,,,,,,,,911614.1734930411,,799020.756603169,987456.8344310112,,1003558.4816923158,925412.5615548843,93312.30805367313,949535.5039620262
fayssal harchaoui__2006-01-15,,,,,,,,,,,,,359737.24402515625,,392356.7306007959,,407676.0788948473,,386590.01784026646,24484.162313886016,392356.7306007959
fedde leysen__2003-07-09,Fedde Leysen,DEF,3700000.000000002,5226416.852694515,,,,3954388.961025958,,,,,,4636087.038546269,,,,,4605630.95075558,636560.6171122466,4636087.038546269
federico alvarez__1994-08-07,Federico Álvarez,DEF,499999.99999999977,427486.3856425305,,,,,,,,,,,,,,,427486.3856425305,,427486.3856425305
federico artioli__2001-06-12,Federico Artioli,DEF,612499.9999999997,655677.9015836008,,620984.1854310136,,,,580061.7255803163,551290.6887102315,,,,,,,537165.9342931563,589036.0871196637,49136.49214465868,580061.7255803163
federico baschirotto__1996-09-20,,,,,,6427911.560727454,,,6845625.799483379,,,,,,5944687.444021778,,,,6406074.934744204,450865.95431592845,6427911.560727454
federico bernardeschi__1994-02-16,,,,,,6054560.42856666,,,,,,,,,5585563.148574975,,,,5820061.788570818,331631.15704016597,5820061.788570818
federico bonazzoli__1997-05-21,,,,,,,,,,,,,,,,,2533451.4730797485,,2533451.4730797485,,2533451.4730797485
federico bonini__2001-08-06,,,,,,,,2265916.833807011,,,,,,,2330749.088477781,,,,2298332.961142396,45843.32691731462,2298332.961142396
federico ceccherini__1992-05-11,,,,,1004487.3542343945,,,,,,,,,,,,,,1004487.3542343945,,1004487.3542343945
federico chiesa__1997-10-25,Federico Chiesa,MID,20249999.999999974,24546784.585990366,26459378.00150919,,,,,,,,,,,,,19893474.30368431,23633212.29706129,3376941.454571273,24546784.585990366
federico di francesco__1994-06-14,,,,,,,,2132601.852817297,,,,,,,,,,,2132601.852817297,,2132601.852817297
federico dimarco__1997-11-10,,,,,,,,47232351.694008835,,48817014.79954155,,,,,44208070.66281903,,43585127.52431473,,45960641.17017104,2482652.239836305,45720211.17841393
federico gatti__1998-06-24,,,,,,29657497.183700196,28191498.48205774,,,,,,,,,,,,28924497.83287897,1036617.6231420559,28924497.83287897
federico gattoni__1999-02-16,Federico Gattoni,DEF,1899999.9999999993,1831176.584744425,,,,,,,1720641.3481018033,,1730524.9078666186,,1884010.5142602888,,,,1791588.3387432839,79312.26433167937,1780850.7463055218
federico gino__1993-02-26,,,,,,,,705027.2657104535,,,,,688321.918788143,,,,661393.2921164354,,684914.1588716772,22015.688352560563,688321.918788143
federico ravaglia__1999-11-11,,,,,,,,,,,,,,,,1800732.913435111,,1608555.44551102,1704644.1794730655,135889.990760385,1704644.1794730655
federico redondo__2003-01-18,,,,,,3709654.0972386813,,,,3463701.5316323983,4148207.31269834,,,,,,,,3773854.313856473,346739.5159748919,3709654.0972386813
federico ricca__1994-12-01,,,,,,,,,,,,,,,1201656.389092135,,,,1201656.389092135,,1201656.389092135
federico santander__1991-06-04,,,,,,,,,,,,,417288.54968858825,,414348.82557943446,,,,415818.6876340114,2078.698852400225,415818.6876340114
federico valverde__1998-07-22,Federico Valverde,DEF,113499999.99999997,105125654.31904478,,,,,,,,,,98082090.54040131,,,,,101603872.42972305,4980551.711598743,101603872.42972305
federico vinas__1998-06-30,Federico Viñas,MID,3350000.0000000014,3399482.4742262117,,3007718.7133009206,,,3551332.7784081134,2575246.2098447736,3118943.0115300207,,,,,,,3255737.588286432,3151410.129266079,342353.1600951056,3187340.2999082264
federico zuccon__2003-04-01,,,,,,,,,,1565422.532792694,,,,,,,,1401756.0684056715,1483589.3005991827,115729.66682089014,1483589.3005991827
fedor chalov__1998-04-10,,,,,2375914.8338445146,2291349.7025239957,,2755387.7900854507,,,,,,,,2608812.3469910137,,2630738.501020376,2532440.63489307,192240.54395913082,2608812.3469910137
felipe caicedo__1988-09-05,,,,,,,,,481718.489745975,,,,,,412873.46102913166,358735.00722681807,,,417775.6526673082,61638.120147178415,412873.46102913166
felipe chavez__2007-04-10,,,,,,,,,,,609894.7219913788,,694100.0772210964,,,436390.1037341131,,,580128.3009821961,131408.28540635228,609894.7219913788
felipe loyola__2000-11-09,Felipe Loyola,DEF,6549999.999999996,4007690.0307078604,,,,,,,3635391.7259208737,,,,,,,,3821540.878314367,263254.65593913436,3821540.878314367
felix agu__1999-09-27,,,,,,,,,,,,5792548.482714253,,6036770.693909942,,,,5841114.400294589,5890144.525639594,129282.9725982437,5841114.400294589
felix beijmo__1998-01-31,,,,,,2369478.138762901,,2407211.77677731,,,,2302239.2847013897,,2247141.8072889317,2252832.729764904,,,2650831.5969297527,2371622.5557041983,150764.31782783632,2335858.7117321454
felix klaus__1992-09-13,,,,,,,,,,,,,,,1191285.6211555086,1311174.0968344016,,1089208.5838772214,1197222.767289044,111101.79797709956,1191285.6211555086
felix lemarechal__2003-08-07,,,,,8925403.295886701,,,,,,,,,9157133.305558277,,,,,9041268.30072249,163857.86124319586,9041268.30072249
felix mambimbi__2001-01-18,,,,,,,,1383476.6669912452,,,,,,,,,,,1383476.6669912452,,1383476.6669912452
felix nmecha__2000-10-10,,,,,,,,,42380888.92760885,45741276.501222104,49539387.87875609,,,,39863212.6556289,,,,44381191.49080398,4198021.92751385,44061082.714415476
felix passlack__1998-05-29,,,,,,,,,,,2553586.0143539035,2386987.5963987536,2382028.2523079356,,,,,,2440867.2876868644,97648.76998473567,2386987.5963987536
felix uduokhai__1997-09-09,,,,,,5189731.988273173,,,5378927.859527059,,,,,,4830576.309703842,,,,5133078.719168025,278531.0579156412,5189731.988273173
femi seriki__2002-04-28,,,,,,,3621060.275229527,,2381704.9900979344,,,3022039.715963015,,,,,,,3008268.3270968255,619792.3999690387,3022039.715963015
ferdi kadoglu__1999-10-07,,,,,,,,,,,,,,,19838221.513512973,20969296.77297055,,,20403759.143241763,799790.9859947865,20403759.143241763
ferland mendy__1995-06-08,Ferland Mendy,DEF,15000000.00000001,24972514.154792607,,,22870998.105814558,,,,,,,,23248237.034425855,,,,23697249.76501101,1120402.4947306784,23248237.034425855
fernand goure__2002-04-12,,,,,,,,,,,,,,,739042.5930624251,,,,739042.5930624251,,739042.5930624251
fernando muslera__1986-06-16,,,,,,,,,1053402.4628517071,,,,,,930811.3704212831,,,,992106.9166364952,86684.99277061969,992106.9166364952
fernando pacheco__1999-06-26,,,,,703188.7898633252,,,,,,,,,,,,,,703188.7898633252,,703188.7898633252
fernando zuqui__1991-11-27,,,,,,692203.6791641591,,,,,1064256.914832444,,588617.945722694,,693157.4568364109,712418.8603004343,,,750130.9713712285,182198.60158070028,693157.4568364109
festy ebosele__2002-08-02,,,,,2201345.83523341,2854851.6019753395,,,,,2176300.1187203894,,,,,,2524962.5554198846,,2439365.027837256,319276.4280231745,2363154.1953266473
fiacre kelleher__1996-03-10,Fiacre Kelleher,DEF,157500.00000000006,154363.60131818504,,,160977.76014188427,,,149617.32930199793,,,,,,,,,154986.2302540224,5705.751248588272,154363.60131818504
fidan aliti__1993-10-03,,,,,690987.3084159088,,,550786.993858003,,,,,,,,,,781709.3106792266,674494.5376510462,116341.25543910518,690987.3084159088
fikayo tomori__1997-12-19,Fikayo Tomori,DEF,33750000.00000005,27414124.698837455,,,,28366611.547625124,,,29742444.796605334,,,,,,,33022720.075968005,29636475.279758982,2451481.1414778423,29054528.17211523
filip bednarek__1992-09-26,,,,,407827.3104562522,399976.20490050106,,,,,,,,,,,389968.79979453573,,399257.438383763,8950.92563609194,399976.20490050106
filip benkovic__1997-07-13,,,,,,,,2323892.739729622,,,2128354.5069092293,,,2143911.378851954,,,,,2198719.541830268,108681.88059848627,2143911.378851954
filip bundgaard__2004-07-03,,,,,,,,1939743.262715485,,,,1832219.4995944323,1941927.9186327714,1797343.2246480002,,,,1805222.807807353,1863291.3426796081,71963.83744916729,1832219.4995944323
filip kostic__1992-11-01,,,,,,9974904.832471535,,,,,11432962.962552693,,,,,,,,10703933.897512114,1031002.7911445642,10703933.897512114
filip krastev__2001-10-15,,,,,,,,2211225.0892527197,2343134.6132702073,2231356.956654274,,,,,,,,,2261905.553059067,71062.95229131167,2231356.956654274
filip krovinovic__1995-08-29,,,,,,,,,,,,,1816729.8676345453,,,1741042.4111175183,,,1778886.1393760317,53519.11375395174,1778886.1393760317
filip kurto__1991-06-14,Filip Kurto,GK,334999.9999999998,251182.94888330813,235129.5212480045,293737.89911902987,209194.47295010995,265410.9574883096,,,,,,,,,,,250931.1599377524,31756.05328161043,251182.94888330813
filip manojlovic__1996-04-25,,,,,,,,928255.0978203764,856477.9142722036,,889241.5738897551,,,837118.3862576372,,914145.9438304963,,,885047.7832140938,38225.081330658664,889241.5738897551
filip marchwinski__2002-01-10,,,,,,,,,,,,,,,,2098467.2859869,,,2098467.2859869,,2098467.2859869
filip marschall__2003-04-24,Filip Marschall,GK,1099999.9999999998,741498.8006119626,,,731606.957990599,,,,,,,,733351.6795178516,,,743075.8291257011,737383.3168115285,5743.469446671263,737425.2400649071
filip mladenovic__1991-08-15,,,,,,,753265.5662120671,,,901059.118127368,,,,,,,,,827162.3421697177,104505.82277495532,827162.3421697177
filip stankovic__2002-02-25,,,,,,5148622.797893401,4046044.0756398123,,,,,,,3760340.630913643,,,,3192920.4877059353,4036981.998038198,821542.7901986395,3903192.3532767277
filip stojilkovic__2000-01-04,Filip Stojilković,FWD,1249999.999999999,1807580.0255437985,1634315.0996794607,,,,,,,,,,,,1713878.2008513194,,1718591.1086915263,86728.55503769404,1713878.2008513194
filip szymczak__2002-05-06,,,,,,,,,,,1207844.6315720216,,1021969.6768465727,1293389.0743848837,1647643.9726510276,1414580.0864234506,1428940.1711109409,,1335727.9354981498,213910.616969863,1353984.580404167
filip ugrinic__1999-01-05,,,,,4969283.770612714,4813202.544414263,,,5007577.113229657,,,,,4477310.62649794,,,,,4816843.513688643,241463.0241301692,4891243.157513488
filippo bandinelli__1995-03-29,Filippo Bandinelli,MID,2000000.0000000016,1506502.5797742757,,,,,,,,1499731.8621098488,1497682.0073138522,,,,,,1501305.4830659924,4616.041249556326,1499731.8621098488
filippo delli carri__1999-05-03,Filippo Delli Carri,DEF,950000.0000000008,1327141.8870385138,,,1250916.0309799656,,,,,,1328319.7156432974,,,,,,1302125.877887259,44352.93829338568,1327141.8870385138
filippo distefano__2003-08-28,,,,,,1580425.020665106,1330736.7233817382,,1531117.2910217585,,1493767.3369538216,,,,,,,,1484011.593005606,108170.93882190877,1512442.3139877901
filippo mane__2005-03-08,,,,,,,926896.5630909239,,,1052672.7776610076,,,,,,,,939249.8175367285,972939.7194295534,69326.55447269867,939249.8175367285
filippo melegoni__1999-02-18,Filippo Melegoni,MID,1024999.9999999995,765528.4842584621,,,,,,,660717.8241504469,774100.8134032,,,712606.1737956628,773489.4454556403,,727440.2869865907,735647.1713416671,44757.70492056086,746484.3856225264
filippo missori__2004-03-24,,,,,,,,,,1148925.9112602437,,,,1189724.1365362979,1080881.4765733485,,,1181033.83803603,1150141.34060148,49394.83834518176,1164979.874648137
filippo oliana__1999-06-30,Filippo Oliana,DEF,737500.0000000005,883788.572101353,,,929091.2570823815,,,970494.433012846,994234.269545528,928310.7091196161,950150.8292256478,880833.132973729,,,,,933843.3147230146,42081.38014632955,929091.2570823815
filippo ranocchia__2001-05-14,,,,,,,,,,3097228.4695930104,,,2819210.427485843,,,,2656821.7022745376,,2857753.533117797,222718.9000035556,2819210.427485843
filippo romagna__1997-05-26,Filippo Romagna,DEF,1099999.9999999998,1723227.2726648457,,,,1591682.1116025022,,1410374.8787959025,,1417724.4479475517,,1566469.746157307,,,,,1541895.6914336218,131034.28560530816,1566469.746157307
filippo terracciano__2003-02-08,,,,,,,,,,,,,,,5929637.940485157,,,,5929637.940485157,,5929637.940485157
findlay curtis__2006-10-01,,,,,1280480.6263097792,1292447.107970883,,,,,1199010.8528358638,,1166180.8698847042,,,,,1119101.7339538618,1211444.2381910183,74259.65840830063,1199010.8528358638
finlay pollock__2004-06-27,,,,,,402363.26613249956,,359012.8757322826,395500.7403909195,366712.97500791843,,,,407467.7208839462,,,,,386211.51562951325,21902.934172322875,395500.7403909195
finlay robertson__2002-11-12,,,,,,468887.188203377,,542469.9218650559,,,,,,538574.2057143052,496096.85908906686,,,,511507.0437179513,35332.97306138091,517335.532401686
finley burns__2003-06-17,Finley Burns,DEF,749999.9999999998,806518.4162848805,,,,796340.6506236864,,,,,,768526.9668851075,,810705.8787738427,,,795522.9781418792,18981.335952455127,801429.5334542834
finley munroe__2005-02-08,,,,,,811284.6933719796,756035.9706444028,,,790756.1252368017,,,768618.8639420146,,,,715352.1415041647,,768409.5589398727,36420.75376303658,768618.8639420146
finn dahmen__1998-03-27,Finn Dahmen,GK,7750000.000000002,4862782.76165235,,,,,,4893409.719251397,,,,,5091677.746952214,5325856.66450363,4999868.8446495095,,5034719.14740182,186246.0434194957,4999868.8446495095
finn jeltsch__2006-07-17,,,,,,,,8544708.695810648,,,,11032258.45888341,,,7882633.649572195,,,,9153200.26808875,1660641.6244955703,8544708.695810648
finn porath__1997-02-23,Finn Porath,DEF,1099999.9999999998,1511348.428732005,,,1046312.437075702,,,,,1506966.703356305,,,,,,,1354875.8563880038,267232.7406636238,1506966.703356305
finn stokkers__1996-04-18,Finn Stokkers,FWD,562500.0000000003,590034.3469646556,,,,,,,,,,,,,,,590034.3469646556,,590034.3469646556
finn yeats__2004-04-19,,,,,,,,,,,,,,195193.36045522414,,,193824.35424639937,160677.0416618673,183231.58545449693,19544.7979976818,193824.35424639937
fisayo delebashiru__2001-02-06,,,,,,4502858.137558428,,,4465995.116962387,,,,,4505752.692846451,,,,,4491535.315789089,22165.760299602513,4502858.137558428
fisnik asllani__2002-08-08,,,,,,,,,,,,,,,,15172099.739373298,,,15172099.739373298,,15172099.739373298
flavio paoletti__2003-01-16,,,,,,,,,469756.8909731636,,,,,,,,,,469756.8909731636,,469756.8909731636
flavius daniliuc__2001-04-27,,,,,,3976097.816471927,,4051225.2391449297,,,,,4116016.4381192215,,3758660.212725414,,,,3975499.9266153728,155455.27969491214,4013661.5278084283
florent hadergjonaj__1994-07-31,,,,,1158134.1007887807,,,1150649.544273087,,,,,,,,,,,1154391.822530934,5292.380666420949,1154391.822530934
florent hanin__1990-02-04,,,,,,,,,,529041.0007497717,613518.8806460628,,536576.4152012714,517225.43472774787,,,,,549090.4328312135,43684.411239386354,532808.7079755216
florent mollet__1991-11-19,,,,,,,,,,,,,,,,,633944.2638670446,,633944.2638670446,,633944.2638670446
florent muslija__1998-07-06,Florent Muslija,MID,2649999.999999999,2843488.883890595,,2911580.331464323,,,,,,,,2766267.142429145,,2500727.465946512,,,2755515.9559326437,179933.40249852047,2804878.01315987
florent poulolo__1997-01-02,,,,,975696.0251426104,,869795.53266325,,,,,,,863832.906642523,,,836828.9115548005,,886538.344000796,61144.578385450666,866814.2196528865
florian aye__1997-01-19,,,,,,,,,2056362.2312802915,,,,,1983327.856539054,,,,,2019845.0439096726,51643.10163924845,2019845.0439096726
florian escales__1996-02-03,,,,,,940520.5330078792,,1012828.1983096838,,,,,,,,,,944154.8115970732,965834.5143048788,40738.271287249954,944154.8115970732
florian flecker__1995-10-29,,,,,,599165.5206855007,,,,,,,,,594510.5942205484,,,,596838.0574530246,3291.530069292492,596838.0574530246
florian flick__2000-05-01,Florian Flick,DEF,1299999.9999999993,851033.3484418045,,,,772798.2727371644,,,,,,,,,851350.5364864505,,825060.7192218065,45260.88417700181,851033.3484418045
florian grillitsch__1995-08-07,,,,,,,,,,4635863.8563116,3159478.3266482027,4616371.55931967,,,,4155190.1779267886,,2875219.547044299,3888424.693450112,824269.8647581079,4155190.1779267886
florian hellstern__2007-10-18,Florian Hellstern,GK,1150000.0000000005,851426.3702006398,,,797736.1846273479,,,,,,,,,,,,824581.2774139938,37964.69430203889,824581.2774139938
florian hubner__1991-03-01,Florian Hübner,DEF,255000.0000000001,229583.30812752387,,,,,,,,,,,,216384.6190109319,,,222983.9635692279,9332.882577115262,222983.9635692279
florian kastenmeier__1997-06-28,,,,,,,,,,,,,,,,,1474258.818632174,1717521.001803849,1595889.9102180116,172012.33932693533,1595889.9102180116
florian kruger__1999-02-13,Florian Krüger,MID,787499.9999999994,668123.0881293277,,,798016.2368093216,645917.0900361859,,657058.3105908978,660944.0503210028,669342.579377389,,,710449.2501253581,,,,687121.5150556405,52924.02397091057,668123.0881293277
florian le joncour__1995-02-03,,,,,,,,,,1126066.7959683028,,,,,,,1212653.9245077907,872653.1153344993,1070457.9452701977,176690.11224909092,1126066.7959683028
florian lejeune__1991-05-20,Florian Lejeune,DEF,3299999.9999999986,3637202.133317418,,,,,,3215975.363959109,,4226795.242177787,,,,3936015.5360454656,,,3753997.068874945,431963.44251261215,3786608.834681442
florian miguel__1996-09-01,,,,,,,,1549383.4224075093,,,,,,,,,1342016.4171314659,,1445699.9197694876,146630.61562503688,1445699.9197694876
florian neuhaus__1997-03-16,,,,,,,5228197.928768783,,,,,,,5886460.177565484,,5404667.897223453,,,5506442.001185906,340728.29824618745,5404667.897223453
florian niederlechner__1990-10-24,,,,,,,,,,,,,680087.2792548473,,,,,,680087.2792548473,,680087.2792548473
florian sotoca__1990-10-25,,,,,,1823525.3061949702,1942003.3153600048,1588981.9985944638,,,,,,,,1744218.6961616036,,,1774682.3290777607,148092.98265638296,1783872.001178287
florian stritzel__1994-01-31,Florian Stritzel,GK,575000.0000000001,498382.04230812594,,,,,,,,,,,,,,655458.9287220684,576920.4855150972,111070.13155096782,576920.4855150972
florian tardieu__1992-04-22,Florian Tardieu,MID,1350000.0,888009.2507858764,,817995.4553136419,,,1116657.3680262736,,,,,,981170.7023755428,,,,950958.1941253337,129113.22068386753,934589.9765807097
florian thauvin__1993-01-26,Florian Thauvin,MID,8499999.999999998,10613755.633069238,,,8013369.17290247,,9573250.131286068,,,,,,,,,,9400124.979085924,1308809.2581800849,9573250.131286068
florian wirtz__2003-05-03,,,,,,,,,,,118671751.74092127,107646272.10247515,,,,,112305365.40522623,,112874463.08287422,5534727.133244759,112305365.40522623
flynn downes__1999-01-20,,,,,,,,,,7014734.352287346,,,7101799.302170549,6351314.274539868,,,,,6822615.976332587,410474.1733155401,7014734.352287346
fode ballotoure__1997-01-03,,,,,,,2284659.206234758,,,,,,,,,,2424121.388593073,,2354390.2974139154,98614.65486463958,2354390.2974139154
fode doucoure__2001-02-03,,,,,,,,,,,1936707.7157949526,1908677.3815712128,,,1801011.2991919005,1990289.8820294226,,,1909171.569646872,79660.3378418399,1922692.5486830827
fode sylla__2006-04-16,,,,,,,,,1371460.0171653717,1557250.4114863218,,1501502.6861745175,,,1448698.9686482386,,,,1469728.0208686125,79096.1857568546,1475100.827411378
folarin balogun__2001-07-03,,,,,,,16374446.473502945,,17028321.644885313,,,19058598.567459475,17092607.172570147,,,,20417499.424909204,,17994294.656665415,1686321.1792484326,17092607.172570147
formose mendy__2001-01-02,,,,,,3538230.2444620817,,,,3777156.7577522607,,,,,,,,3588910.9006446735,3634765.967619672,125890.76639575958,3588910.9006446735
fotis ioannidis__2000-01-10,,,,,,,,,13519989.663319066,,,,13029667.351723969,12799118.201885855,13731576.748978315,12909174.851902258,12672915.852446731,12566389.01412406,13032690.240625752,436386.4131575336,12909174.851902258
fousseni diabate__1995-10-18,,,,,,,,,,,,,1394751.50580403,,,1311214.0317868988,,,1352982.7687954644,59069.91436070845,1352982.7687954644
francesco acerbi__1988-02-10,,,,,,,,,9218517.402213586,,,,,,,,,10399424.944293037,9808971.173253313,835027.7309587178,9808971.173253313
francesco bardi__1992-01-18,Francesco Bardi,GK,575000.0000000001,904284.5222332242,,,834334.3229598636,829806.0356966987,,,890629.7481442692,749559.1657390958,,825219.6875046883,,,,,838972.2470463066,55178.8953911015,832070.1793282812
francesco camarda__2008-03-10,,,,,,,,,,,,,3073445.9566681087,4132547.934647953,3846614.8141141487,,,,3684202.90181007,547911.9198227992,3846614.8141141487
francesco cassata__1997-07-16,,,,,541179.4429880246,596873.146553857,,,,,,,,,,,587848.5155207907,,575300.3683542241,29892.12525407093,587848.5155207907
francesco di mariano__1996-04-20,,,,,,,1414877.3416712251,,,,,,,1674917.718108295,,,,,1544897.52988976,183876.3135609546,1544897.52988976
francesco folino__2002-01-23,Francesco Folino,DEF,950000.0000000008,1046027.7101231577,,,,,,1025756.204793763,,,905885.932384965,,,944778.3125142589,,,980612.0399540361,66295.43146000426,985267.258654011
francesco gelli__1996-10-15,,,,,,,,1062246.8698578475,,,,,,,,,,856133.2009740071,959190.0354159273,145744.37296300218,959190.0354159273
francesco rossi__1991-04-27,Francesco Rossi,GK,84999.99999999996,201817.00964785236,,,,170348.38082651346,,,156184.0096942328,175535.3527414093,,,147505.28077624337,,,176219.8452646203,171268.31315847862,18809.63768229648,172941.86678396136
francesco ruberto__1993-03-19,,,,,,,,266311.04036902805,,,,,,,280021.0232283793,278840.59211195895,,,275057.5519031221,7597.660983301611,278840.59211195895
francesco vicari__1994-08-03,,,,,,,,,,,,,,,,885134.7648451228,871395.5900222687,,878265.1774336958,9715.063685147625,878265.1774336958
francesco zampano__1993-09-30,,,,,1295593.3597300125,,,,1194143.6136362453,1356516.3487046869,,,,1168815.203789183,1302916.0137968096,,1296001.7678777487,,1268997.7179224475,71953.01449239608,1295797.5638038805
franci bouebari__2003-09-12,,,,,,,451384.57433913,,,,,,,,,,462913.78478345834,,457149.17956129415,8152.382886911321,457149.17956129415
francis coquelin__1991-05-13,,,,,1520989.2320235947,,,,,,1470550.195432645,,,,,,1721333.8376870442,,1570957.7550477611,132648.96824140064,1520989.2320235947
francisco calvo__1992-07-08,,,,,,,469553.12839962577,,,555877.7703470576,,,,,,663336.4811802385,643213.9491982169,482217.92728510365,562839.8512820485,89177.27583693626,555877.7703470576
francisco ortega__1999-03-19,,,,,,,3192190.7425002875,,,,,,,4180650.6140585896,,,,,3686420.6782794385,698946.6781096592,3686420.6782794385
francisco petrasso__2002-01-28,,,,,1417024.3845673422,,,,,,1385205.1838379828,,,,,,1575209.311993992,,1459146.2934664388,101764.84454888702,1417024.3845673422
francisco sierralta__1997-05-06,,,,,,2001233.1679845322,,2295820.349464988,,1552255.1046521806,,,,,,1775293.8129740402,,,1906150.6087689353,317935.3858469124,1888263.4904792863
francisco trincao__1999-12-29,Francisco Trincão,MID,30499999.999999948,35255195.01492061,,,,,,,,,,,,34225776.391873114,30908325.23899162,,33463098.881928444,2271580.276008925,34225776.391873114
franck honorat__1996-08-11,,,,,,,,,,,,,,,,,,27881110.318355966,27881110.318355966,,27881110.318355966
franck surdez__2002-05-05,Franck Surdez,MID,1749999.9999999998,2117533.7175439876,,,,,,2096496.5195042454,,,,,,,,,2107015.1185241165,14875.545391066045,2107015.1185241165
franco baldassarra__1998-09-29,,,,,,665555.139710287,,673456.2079914972,,696455.7673455011,,,,,,,,,678489.0383490951,16053.32467493288,673456.2079914972
franco carboni__2003-04-04,,,,,,,,,937158.1526203596,,833077.1732977643,,,,,,,,885117.6629590619,73596.36627154396,885117.6629590619
franco cervi__1994-05-26,,,,,,,,1893922.5145917742,,,,,,,,,,,1893922.5145917742,,1893922.5145917742
franco fragapane__1993-02-06,,,,,,,,1282285.6823172185,1233895.8587525852,,,,,1095804.0899280678,,,1108826.2959536547,,1180202.9817378814,92234.496460474,1171361.0773531199
franco israel__2000-04-22,,,,,,,,4926281.104353535,,,,,,,,,,,4926281.104353535,,4926281.104353535
franco jara__1988-07-15,Franco Jara,FWD,600000.0000000003,501392.7208501737,,,,,,,636435.1414985232,,,,609265.0029253372,,,,582364.288424678,71427.2369207008,609265.0029253372
franco mastantuono__2007-08-14,Franco Mastantuono,MID,36000000.000000045,31836933.53260853,34000037.25829246,,32190884.792377148,,32190272.00330908,,,,25438005.140298326,,,27951273.345224436,,31722017.065163363,30761346.162467625,2968972.1963954554,31836933.53260853
franco orozco__2002-01-09,,,,,,,,,,,,1621830.9706181178,,1553901.5920328442,,1587364.5301852226,1543003.468595684,,1576525.140357967,35616.6536138467,1570633.0611090334
franco tongya__2002-03-13,,,,,,,,,,,762175.8855405262,,,1129694.7189415076,,1151722.0947192356,,625111.8490312496,917176.1370581297,264261.60032062675,945935.3022410169
franco umeh__2005-01-26,,,,,,614543.8099164044,,630347.8547908567,685687.8427591784,,,,565534.5351970103,681101.7356531466,657362.1196961675,,,,639096.3163354606,45518.26436514273,643854.9872435122
franco vazquez__1989-02-22,Franco Vázquez,MID,1450000.0000000002,1111886.959006775,,,1084703.5960611098,,,,,1136154.1544839141,,1185685.686950833,,,1134854.8263444894,,1130657.0445694244,37215.677521105,1134854.8263444894
franjo ivanovic__2003-10-01,,,,,,,,,,,,,,,,,11879944.006084953,,11879944.006084953,,11879944.006084953
franjo prce__1996-01-07,,,,,,490130.18625591375,,,527805.2453281626,,,,,,539343.5689422649,565547.9788060338,,,530706.7448330937,31322.952823738007,533574.4071352137
frank feller__2004-01-07,,,,,,,,1631334.0934220632,1812664.9194564675,,,,,,,1553991.6882337164,,,1665996.900370749,132774.5938686167,1631334.0934220632
frank magri__1999-09-04,Frank Magri,FWD,3049999.999999998,3021754.1421462777,,,,3961957.5781351225,,,,,3575645.899996616,,,,,6258803.50645221,4204540.2816825565,1422829.921892362,3768801.7390658692
frank onyeka__1998-01-01,,,,,,6950226.872744861,7040187.81238808,,9292369.493599888,,7312585.506296156,6606000.768093836,,,,,,,7440274.090624565,1065690.977577616,7040187.81238808
frank tsadjout__1999-07-28,Frank Tsadjout,FWD,1350000.0,1479770.1314710067,,,,,,,,1448747.4204486292,1727689.429718372,1439511.5441411228,1532425.0657967993,1305996.419689322,1491274.2093051511,,1489344.8886529147,126825.0750002052,1479770.1314710067
frankie kent__1995-11-21,Frankie Kent,DEF,1249999.999999999,1160624.2961989979,,,,1042423.7722400487,,,,1114936.2047632276,,,,,,,1105994.7577340915,59605.39465747764,1114936.2047632276
frantzdy pierrot__1995-03-29,,,,,,,,,,1621110.5677229073,,1377145.2836186485,,,,1631950.8195202064,1530786.360075242,1835498.0111478367,1599298.2084169681,166866.7988247658,1621110.5677229073
franz stolz__2001-02-14,,,,,,,,831061.7814393046,970160.7846050735,,,856633.3204587356,,,,,852006.447210204,,877465.5834283293,62790.29637781373,854319.8838344698
fraser forster__1988-03-17,,,,,,,,445037.1031610301,,,594023.9080371085,,,,,,,,519530.5055990693,105349.58003519202,519530.5055990693
fraser hornby__1999-09-13,,,,,,,2007734.874810486,1848830.5795202686,,,,,,,,2137233.031414966,,2069164.9231130497,2015740.8522146926,123203.91736643725,2038449.898961768
fraser murray__1999-05-07,,,,,460656.07257802784,494776.2777192383,,,,495855.96889463096,,,485323.2961202358,,,508018.6038095735,,,488926.0438243413,17740.814596442215,494776.2777192383
fraser taylor__2003-02-20,,,,,,,,,,,,210001.13812618027,,,,,194402.76205977998,,202201.9500929801,11029.71749204959,202201.9500929801
fratcan uzum__1999-06-04,,,,,,465362.7555372699,,452045.3745639921,,,,,,,448971.43033432896,,,559100.4682486294,481370.00717105507,52306.33659122661,458704.065050631
freddie ladapo__1993-02-01,,,,,,,,,,,,,,364440.34814483597,,,,375699.4511238621,370069.89963434904,7961.388066547051,370069.89963434904
freddie potts__2003-09-12,,,,,,7669879.635169188,,,,8720878.880119126,,,,,,,,,8195379.257644157,743168.693126043,8195379.257644157
freddie woodman__1997-03-04,,,,,1495926.2681860721,,1466310.4634349078,1729347.249442814,,,1386659.9026683052,1586330.7529726918,,,,,,,1532914.9273409583,130990.22421018106,1495926.2681860721
frederic guilbert__1994-12-24,,,,,,,,,,,,,,,,,,3741877.2205550154,3741877.2205550154,,3741877.2205550154
frederik alves__1999-11-08,,,,,,,,,,,1503634.3801251831,,,,1393010.8209253978,1275949.785394538,,,1390864.9954817062,113857.46393864845,1393010.8209253978
frederik carstensen__2002-04-09,,,,,,,,924489.588950055,,930263.625860568,,,,,937312.31032323,,,,930688.508377951,6421.910908655091,930263.625860568
frederik christensen__2002-06-07,,,,,,625677.9276681693,,629880.4191941763,,,,,,,,,712205.8493127093,620735.4185449944,647124.9036800123,43547.97903987509,627779.1734311727
frederik ihler__2003-06-25,,,,,1030697.0718402435,,,,,,1006380.0260888267,933991.1970844824,,917807.6612802787,,,,970538.7186552546,971882.9349898171,47462.822117833006,970538.7186552546
frederik jakel__2001-03-07,,,,,,,,,,1469988.6626788166,1394446.1549918952,,,,1372392.3677422763,1328009.9234913376,,,1391209.2772260814,59343.360608671406,1383419.2613670859
frederik lauenborg__1997-05-18,Frederik Lauenborg,MID,575000.0000000001,807146.9045809414,,,,,,,615496.2438399678,,,,,,,,711321.5742104546,135517.4818288249,711321.5742104546
frederik rieper__1999-06-19,,,,,,,,,,660087.2433676578,,,,,613792.4202326619,,,,636939.8318001598,32735.38337258745,636939.8318001598
frederik tingager__1993-02-22,Frederik Tingager,DEF,925000.0000000007,1385378.9143813865,,,,,,,,,,1293246.4384271605,1324281.4799564779,,1405199.618949465,,1352026.6129286224,52168.46397187003,1354830.1971689323
fredrik aursnes__1995-12-10,,,,,13535040.951022645,,,,13702112.24113217,,,,,14117519.300857885,,,,,13784890.831004234,299932.4560840346,13702112.24113217
fredrik carlsen__2001-12-01,,,,,998647.829269382,,,,,,,,,,1124928.1044079356,,1004611.245715784,1059237.8853529156,1046856.2661865043,58757.16002048636,1031924.5655343498
fredrik hammar__2001-02-26,,,,,,2307152.7938071955,,2344441.2488273014,2223973.9372901972,,,2366839.7839865144,,,,,,,2310601.940977802,62780.30843374895,2325797.021317248
fredrik jensen__1997-09-09,,,,,,,,,,,1138124.308329147,,,,,1263950.2949232208,,,1201037.301626184,88972.40837015714,1201037.301626184
fredrik oldrup jensen__1993-05-18,,,,,,,,,,,394962.70391045214,456518.1768415541,,397160.1553044974,,391302.6024539497,,,409985.9096276133,31115.45458981293,396061.42960747477
fredrik oppegard__2002-08-07,Fredrik Oppegård,DEF,1400000.0000000007,2377210.472586293,2065277.3432144122,2132105.7660290804,1991549.640096715,,,,,,,,,,,1578673.0484019273,2028963.2540656854,290428.2458194662,2065277.3432144122
frenkie de jong__1997-05-12,Frenkie de Jong,MID,62250000.00000009,78996108.13500144,,,,,,,,,,,,,,,78996108.13500144,,78996108.13500144
friday etim__2002-05-21,,,,,716673.7942376074,,,,,,,,,,,,,690159.9012302911,703416.8477339493,18748.153541127922,703416.8477339493
furkan bayr__2000-02-09,Furkan Bayır,DEF,1699999.9999999988,910508.3407273834,,,,876316.9594219751,995620.0943533995,,,,,,,,,,927481.798167586,61436.00893793631,910508.3407273834
furkan beklevic__1999-01-31,,,,,,,,,171240.24345458453,,,,134666.1400125121,,,,,,152953.1917335483,25861.796559707665,152953.1917335483
furkan gedik__2002-07-12,,,,,,463323.1643167695,,,,475438.2685354377,,,,488418.28189118556,472466.664732275,,,,474911.59486891696,10375.891696677283,473952.46663385635
furkan malak__2005-01-14,,,,,,,,,193038.03797752075,,,,,215992.75804797796,,,,,204515.39801274936,16231.438222059232,204515.39801274936
furkan orak__2001-05-28,,,,,220643.11805750296,,,229427.9304082561,284880.12671597576,,210936.93794343542,,,,,,,,236472.02828129253,33143.92124428556,225035.5242328795
furkan soyalp__1995-06-12,,,,,1174644.4550955545,,,,,1092146.0311762549,1270489.9899425982,,,,,,1101076.8941404035,998267.1502441622,1127324.9041197947,101633.89772619847,1101076.8941404035
fynn otto__2002-03-08,Fynn Otto,DEF,800000.0000000005,726898.0586279922,,688212.6723651681,,753232.2137936609,745991.4953091019,,727070.2555485348,,,,717873.3300422896,,,,726546.3376144579,22957.958509788412,726984.1570882634
fynn schenten__2007-09-14,Fynn Schenten,FWD,687500.0000000002,433905.4818975865,,,,478246.28528482985,,,,520608.15361167915,,400810.53087337804,,411620.0954949816,,,449038.109432491,49825.67680735833,433905.4818975865
gabin bernardeau__2006-01-24,,,,,,,,1345164.113722073,,,,,,,,,,1629308.372305384,1487236.2430137284,200920.33207948305,1487236.2430137284
gabriel gudmundsson__1999-04-29,Gabriel Gudmundsson,DEF,13249999.99999999,13210210.326713338,,12239807.579962615,,,,,,,11268827.000305543,12204265.033060389,,,,,12230777.485010471,792763.4954498202,12222036.306511503
gabriel haider__2002-06-18,,,,,267084.4089269773,,,,,,277979.55584189965,,,,,,272334.0781205419,275483.60207222105,273220.41124041,4697.78674373753,273908.8400963815
gabriel iancu__1994-04-15,,,,,,,412804.7228047106,,,,,472620.6414008945,,,,402703.6340525578,,402787.87985559186,422729.2195284387,33597.27525298402,407796.30133015127
gabriel osho__1998-08-14,,,,,,,,,,,,,2567978.0564433686,,,,2322066.6595622906,,2445022.3580028294,173885.6163056666,2445022.3580028294
gabriel reiziger__2005-10-10,Gabriël Reiziger,MID,375000.00000000006,425913.55997260305,,,444127.5949577526,,,,508658.6019656451,,,430684.00712402933,480657.1868829589,396620.57003079396,438178.76652200776,,446405.75535082724,37119.444477009245,438178.76652200776
gabriel slonina__2004-05-15,,,,,3200444.2391926516,,,,,,,,2806566.7508517276,,2908805.705823256,,,,2971938.898622545,204387.42373299986,2908805.705823256
gabriel suazo__1997-08-09,,,,,5319144.397088832,,,,,,,5041737.720116007,,,,,,3592291.962016998,4651058.026407279,927349.8802693837,5041737.720116007
gabriel vidovic__2003-12-01,Gabriel Vidović,MID,2599999.9999999986,2637853.918113852,,2512032.074256997,,2784001.768721781,,2457613.543879943,,,,,2611881.4836219833,,2428565.217003351,,2571991.334266318,132759.91201590202,2561956.77893949
gabriele artistico__2002-07-14,,,,,,,,,909572.9751202051,,,,,,,,,,909572.9751202051,,909572.9751202051
gabriele corbo__2000-01-11,,,,,,,,,,,807655.8470220123,,,,,,,,807655.8470220123,,807655.8470220123
gabriele guarino__2004-04-14,,,,,1192916.6374653392,,,,,,,1076232.6778370624,,,1073555.0180000537,1133431.1628328376,,,1119033.8740338231,56468.91002741691,1104831.92033495
gabriele moncini__1996-04-26,,,,,,,,,1204074.467859407,,,,,,,,,1558285.9078657816,1381180.1878625941,250465.31120235944,1381180.1878625941
gabriele piccinini__2001-04-06,,,,,,,,,,,1725184.7200622992,,,,,,1843872.402293284,,1784528.5611777916,83924.86494884345,1784528.5611777916
gabriele zappa__1999-12-22,,,,,,,,,4736059.155646258,,,,,4370855.350273623,,,3859806.567420203,,4322240.357780028,440144.53616349644,4370855.350273623
gaby jean__2000-02-19,,,,,1509311.0172507484,,,,,,,1708549.0541616613,,,,,,,1608930.0357062048,140882.5669700022,1608930.0357062048
gael ondoua__1995-11-04,,,,,660406.1749026556,577829.5057930516,,,,,,,709460.2573246695,,591912.6444205929,,,,634902.1456102424,61413.22051156666,626159.4096616243
gaetan coucke__1998-11-03,Gaëtan Coucke,GK,1899999.9999999993,868033.6545680729,,,,,899920.8096119636,894545.2038179132,853145.2527771877,,824593.2981910063,,,,,,868047.6437932287,30936.956023424118,868033.6545680729
gaetan paquiez__1994-02-15,,,,,,,,,,629593.3365349899,,576335.1498225904,495994.65275645535,,,,,,567307.7130380119,67255.2826030334,576335.1498225904
gaetano castrovilli__1997-02-17,,,,,3401266.9922412,3175783.850740382,3134799.611568437,,2591469.826302554,,,,,2435139.5779723367,2806960.1436643186,,,,2924236.667081538,373864.73119607614,2970879.8776163775
gaetano letizia__1990-06-29,,,,,,,,,,,591789.2056019193,,,,,,,,591789.2056019193,,591789.2056019193
gaetano oristanio__2002-09-28,,,,,,,,,,,,,,,,5705128.026873785,5946501.205584918,,5825814.616229352,170676.6114631946,5825814.616229352
gaius makouta__1997-07-25,,,,,,,,,,,2533913.036863313,,,,,,,,2533913.036863313,,2533913.036863313
gaizka larrazabal__1997-12-17,,,,,,,,,,1933973.1612260635,1442723.9507509444,,,,1889010.8095532504,1773036.353023824,,,1759686.0686385208,221918.9743459137,1831023.5812885372
gaoussou diarra__2002-11-21,,,,,,,,,4421188.940678247,4024901.3880414166,,,,4246589.903846765,,,3615681.1793213757,3022383.855933,3866149.053564161,559616.0928070687,4024901.3880414166
garang kuol__2004-09-15,,,,,,,942704.5788220341,,967839.5017626547,,950081.5804732908,,,,,,,,953541.8870193264,12919.80568167101,950081.5804732908
gary magnee__1999-10-12,Gary Magnée,DEF,2150000.0,2186894.974046154,,,2683120.312535457,,,,,,2373606.5504317326,,,,,,2414540.612337781,250632.389582436,2373606.5504317326
gary oliver__1995-07-14,Gary Oliver,FWD,117499.99999999996,192665.8724661803,184967.53142588527,,151144.43599637543,,193196.36939982165,,,,165451.06357525705,,,,,,177485.05457270396,18519.822027224982,184967.53142588527
gaston alvarez__2000-03-24,,,,,8998983.31896236,10739908.739551172,11331255.145366188,,,,,,,,,8604365.942750188,,,9918628.286657477,1321999.5712896618,9869446.029256765
gaston avila__2001-09-30,Gastón Ávila,DEF,3799999.9999999995,2085589.5982942204,,,,,,,2004028.416198383,,,,2161352.7512740875,,2133229.9575763843,2167972.4303214354,2110434.6307329023,67754.03758316423,2133229.9575763843
gaston campi__1991-04-06,,,,,,,560611.7164441972,,,,,,607043.5914549002,,,,,,583827.6539495487,32832.293683274285,583827.6539495487
gauthier gallon__1993-04-23,,,,,,,,,997614.2284761206,,,,,,,,1157026.323277359,,1077320.2758767398,112721.37323710836,1077320.2758767398
gauthier hein__1996-08-07,,,,,,,,6050690.061622465,,,6424269.258182563,,,,,,7056010.247784537,5930955.482635978,6365481.262556386,506027.8192190699,6237479.659902514
gautier larsonneur__1997-02-23,,,,,,,,,2712411.1115569104,,2993087.512529784,,,,3064089.7869938323,2529431.927318567,,,2824755.084599774,248632.15236466678,2852749.3120433474
gautier lloris__1995-07-18,,,,,,,,,3485925.669060988,3372788.86398031,,,,,,3351284.528091108,,,3403333.020377469,72330.96382551758,3372788.86398031
gavin bazunu__2002-02-20,,,,,2415383.3934969255,,,2648155.09683099,,,3100255.6965627256,2919273.522333037,2827951.3214269667,2914484.4452757747,2763064.1212530173,,,,2798366.7995970626,220075.7511168893,2827951.3214269667
gavin beavers__2005-04-29,Gavin Beavers,GK,462500.00000000006,412686.0762994913,,,,370632.3594012206,,,,,,,,,396007.5624798123,,393108.66606017464,21176.200711620004,396007.5624798123
gavin kilkenny__2000-02-01,Gavin Kilkenny,MID,462500.00000000006,465772.220266599,,,,,535800.2155446337,,,,425385.2173413119,,567508.7371293391,,,,498616.5975704709,64731.07576580153,500786.21790561633
gavin molloy__2001-10-19,,,,,,,,,,,,,877063.4785727996,,987689.7919867667,977809.3733682936,995271.3875583292,,959458.5078715472,55393.32953787644,982749.5826775301
gennaro borrelli__2000-03-10,,,,,,,,,,,,,,,,,1551306.337005218,,1551306.337005218,,1551306.337005218
gennaro tutino__1996-08-20,,,,,,,,,,,,,2066928.2249510684,,,1709579.1887047142,1952424.5506265934,,1909643.9880941252,182475.24715559464,1952424.5506265934
geoffrey kondo__2002-05-02,Geoffrey Kondo,DEF,800000.0000000005,1010901.0744472188,,,,,,,,1029762.7434826541,,,,,969089.7089898528,,1003251.1756399084,31051.489375917685,1010901.0744472188
geoffrey kondogbia__1993-02-15,Geoffrey Kondogbia,DEF,8249999.9999999935,7427162.98770426,,,,4929287.876254622,,7282375.447941965,,,,,,,7850999.3095935015,,6872456.405373587,1317723.1831077242,7354769.217823112
geoffrey lembet__1988-09-23,,,,,,136005.81355475922,,,,,114127.6730758451,,112185.82714754701,109915.18056376927,,101741.20359798413,106344.7987012779,159305.72344658294,119946.6028696808,20486.59430345742,112185.82714754701
geoffry hairemans__1991-10-21,,,,,,,,828179.1234811809,,,,,,,,672547.623085014,,,750363.3732830975,110048.08929636641,750363.3732830975
george broadbent__2000-09-30,,,,,,336202.2836212187,,,,,,,,,,,,,336202.2836212187,,336202.2836212187
george byers__1996-05-29,,,,,525593.8141197276,,,,487355.5532884581,494258.0779019701,,,,,507967.40395887033,,,,503793.71231725655,16870.146575884097,501112.74093042023
george dobson__1997-11-15,George Dobson,MID,1075000.0,1347758.545427521,,,,,,,,,,,,,,1661524.0097120174,1504641.2775697692,221865.68749771288,1504641.2775697692
george earthy__2004-09-05,George Earthy,MID,1600000.0000000012,1866634.7870136653,,,,1823213.6348506364,,,1865183.8982019268,,,,,,,,1851677.4400220762,24661.05073216204,1865183.8982019268
george edmundson__1997-08-15,,,,,,,,2143005.21596549,,,,,,1814478.6763804727,,,,,1978741.9461729813,232303.34394031635,1978741.9461729813
george evans__1994-12-13,,,,,,,432114.25893189653,478076.6967679286,,,,,,459280.437221276,,,,455187.620798003,456164.75342977606,18878.751901857217,457234.0290096395
george harmon__2000-12-08,,,,,,,,,,,,369236.37010837125,,,,,,,369236.37010837125,,369236.37010837125
george hirst__1999-02-15,George Hirst,FWD,2349999.999999999,4445073.874660808,,,,,,,,4982288.036786771,,4665443.239742664,,,4146485.008949266,,4559822.540034877,352915.4756981082,4555258.557201736
george ilenikhena__2006-08-16,,,,,,,4611128.612127763,,,,,,,,,,,,4611128.612127763,,4611128.612127763
george johnston__1998-09-01,George Johnston,DEF,850000.0000000005,787444.9515366765,,,,860694.4872042087,,,,,830171.8049524684,899577.7834939709,,,,,844472.2567968311,47456.63388873055,845433.1460783386
george long__1993-11-05,,,,,572496.7516590807,530248.636042639,,,,,,,,,,,494613.2192144349,,532452.8689720515,38988.52573026299,530248.636042639
george mceachran__2000-08-30,,,,,,,,,,,,,,,,,431797.51921112096,,431797.51921112096,,431797.51921112096
george saville__1993-06-01,,,,,,1138104.600659935,,,,,,,,,,,1429111.559843806,,1283608.0802518707,205772.99421139207,1283608.0802518707
george stanger__2000-08-15,,,,,,,,398811.887897591,389569.8083805429,,,,396047.96817702625,370311.22942319646,384633.3280156594,,,,387874.8443788032,11272.530496315736,389569.8083805429
george wickens__2001-11-08,George Wickens,GK,674999.9999999998,839172.8829791818,,,,1029541.8803758903,857440.1563973316,,,,,,873993.7248485667,,,,900037.1611502427,87499.90104245277,865716.9406229492
georges mikautadze__2000-10-31,,,,,,,,,,,25277714.03587629,23892386.464819208,,,25670933.56733294,22942834.177362718,24777575.457990326,,24512288.740676295,1100701.7326655828,24777575.457990326
georgie gent__2003-09-23,,,,,,,,928249.4682610835,,,,,,978431.1180149514,,1030589.2829554371,1007400.4190860937,,986167.5720793913,44115.30974074083,992915.7685505225
georginio rutter__2002-04-20,,,,,,27866361.076197222,26377269.83930744,,,,,24797218.56984493,,,,,,,26346949.828449864,1534795.8849203393,26377269.83930744
georgios giakoumakis__1994-12-09,,,,,,4126749.3940094337,,,,4023266.846600353,,,3761998.759038366,,3737888.325902653,,,,3912475.8313877014,192623.9471654363,3892632.802819359
georgios koutsias__2004-02-08,,,,,,,,,,,,,,,,1275834.4105237892,,,1275834.4105237892,,1275834.4105237892
georgios kyriopoulos__2004-08-24,,,,,,,1366329.5587040603,,,,,1410838.32182954,,,,,1470662.7042994827,,1415943.5282776942,52353.5926858665,1410838.32182954
georgios liavas__2001-02-12,,,,,,,,1822170.8830967331,,,,,,,,,1792697.4344782827,,1807434.158787508,20840.87538305958,1807434.158787508
georgios masouras__1994-01-01,,,,,,,,,,2799866.690985652,,,2084210.6689210988,,,,,,2442038.6799533754,506045.2261988352,2442038.6799533754
georgios nikas__1999-09-17,,,,,,1098557.444650417,1013886.696448999,1195047.292928196,,,1071704.4310503963,,,968747.5102922122,,,,,1069588.6750740441,86393.26039294983,1071704.4310503963
georgios vagiannidis__2001-09-12,,,,,,,,,6971926.106818241,7585913.567032308,,,,,,,,,7278919.836925275,434154.69668087247,7278919.836925275
georgios vrakas__2001-04-28,,,,,,,,,,,575692.4896957878,,,,,,,520745.44287056377,548218.9662831757,38853.42941629066,548218.9662831757
georgiy bushchan__1994-05-31,Georgiy Bushchan,GK,3000000.000000001,745570.6055718897,,786206.4293726198,,,,,,,,,855866.9613029362,,,,795881.3320824819,55781.039150605306,786206.4293726198
georgiy dzhikiya__1993-11-21,,,,,1951100.6962071636,,,1840198.5497801418,,,1858488.7436272898,,1926964.1319298446,,,,,,1894188.03038611,53237.290985595246,1892726.4377785672
georgiy sudakov__2002-09-01,,,,,,,,,,,31313117.18402078,,,,28507629.147106986,25375212.65900406,27713134.518043324,29902831.58098992,28562385.017833013,2249756.4701781906,28507629.147106986
gerald alders__2005-05-07,,,,,,510990.13097469474,,,,,,,,,516220.1580162823,,,,513605.1444954885,3698.187586895589,513605.1444954885
gerard vandeplas__2006-02-25,,,,,,,271320.4043254544,,,,,364690.67237605597,,,,,,284081.3651353402,306697.4806122835,50627.24808253086,284081.3651353402
german conti__1994-06-03,,,,,,,,1550983.232339246,1680205.4532523805,,,,,,,,,,1615594.3427958132,91373.90868766351,1615594.3427958132
german onugkha__1996-07-06,,,,,,1476852.885329221,1384417.1611180063,,,,,,,,1606194.2082531217,1589581.7546483981,,,1514261.5023371866,103896.93675038732,1533217.3199888095
german pezzella__1991-06-27,,,,,,,,,,1277023.202329774,,,,,,,,,1277023.202329774,,1277023.202329774
gernot trauner__1992-03-25,Gernot Trauner,DEF,2000000.0000000016,2154357.198038637,,,,,,2064102.8625872885,,2391839.4436233705,,,,,2508117.3084628494,,2279604.2031780365,205704.17965088296,2273098.3208310036
geronimo rulli__1992-05-20,Gerónimo Rulli,GK,8999999.999999996,7779031.145578841,,,,,,,,,,,,,9858443.738945484,,8818737.442262162,1470366.7456542584,8818737.442262162
gerrit holtmann__1995-03-25,,,,,,,1247787.8947643163,,,,,,1072285.9901004983,1608573.9661592282,,,,,1309549.2836746809,273426.4986909557,1247787.8947643163
gerrit nauber__1992-04-13,Gerrit Nauber,DEF,549999.9999999998,679488.8784487835,749835.7903005424,,,,,,,704901.6818137773,,,599636.2508289239,,,,683465.6503480067,63001.80383869743,692195.2801312804
gessime yassine__2005-11-22,,,,,,3787521.7201816533,,,,3349090.590061127,,,,,,,3961762.845019968,,3699458.385087583,315686.84837985516,3787521.7201816533
gethin jones__1995-10-13,,,,,,,,,,,,394365.57252183656,,,,,,,394365.57252183656,,394365.57252183656
gheorghe grozav__1990-09-29,,,,,,,,603814.9406660349,,,,,668179.5331605894,,,531741.2783329873,,,601245.2507198706,68255.41608484255,603814.9406660349
ghislain konan__1995-12-27,Ghislain Konan,DEF,4349999.999999996,2815153.4721720703,,,,,,,,3041987.9214749807,,,,,2604449.7415697,2883820.3533393648,2836352.8721390287,181445.50312579417,2849486.9127557175
giacomo calo__1997-02-05,,,,,1153821.4808938988,,,1225421.2698989657,,1171416.2390343966,,,1160934.726517484,,,1136160.71291281,,,1169550.8858515113,33769.56983355444,1160934.726517484
giacomo corona__2004-02-24,Giacomo Corona,FWD,850000.0000000005,988830.6825184582,,899464.3446354863,,,,,,,,,,,,,944147.5135769723,63191.543526857735,944147.5135769723
giacomo poluzzi__1988-02-25,,,,,99718.61282449022,,,,,,,,,109646.50895553439,,,,,104682.5608900123,7020.082677177019,104682.5608900123
giacomo quagliata__2000-02-19,,,,,,,,,1678207.308456565,1711335.6484152805,,,,,,,,,1694771.4784359229,23425.27383426099,1694771.4784359229
giacomo raspadori__2000-02-18,,,,,25319666.662899423,,,,,,,,,23740131.84848972,,,,,24529899.255694572,1116899.7783893358,24529899.255694572
giacomo satalino__1999-05-20,,,,,,,,,,627790.3327489028,,,,,559252.5758072039,602833.0465967669,,,596625.3183842913,34688.008717996854,602833.0465967669
giacomo stabile__2005-04-12,,,,,,,,,,,,,,,,,,1223438.682504717,1223438.682504717,,1223438.682504717
giandro sambo__2006-08-28,,,,,,,,,,,284036.7331995603,,,,,,254718.00930600284,299351.47542753915,279368.7393110341,22679.929446827446,284036.7331995603
giangiacomo magnani__1995-10-04,,,,,2249999.479981418,2924634.628104692,,,,2618727.834478749,,,,,,,,2235917.8051040815,2507319.936917235,329866.7437164798,2434363.6572300834
gianluca busio__2002-05-28,Gianluca Busio,MID,6099999.999999996,5013165.193370353,,,5097298.913545109,,,,,,,4561906.153388672,,,6213754.784000063,,5221531.26107605,702012.083580596,5055232.053457731
gianluca caprari__1993-07-30,,,,,2944601.906034123,,,,2671651.8251410597,,,,,,3149883.5909633148,,,,2922045.774046166,239912.4627401871,2944601.906034123
gianluca di chiara__1993-12-26,,,,,,,1088204.603459377,,,,,,,,,1033413.9434093661,,,1060809.2734343717,38742.84726704964,1060809.2734343717
gianluca frabotta__1999-06-24,,,,,,,,1251310.2496847373,,,,1264444.2868059154,,1218403.3461913248,,,,,1244719.2942273258,23717.558338712955,1251310.2496847373
gianluca gaetano__2000-05-05,,,,,,,,,,,,4442819.851488541,,4664424.022266216,,4433468.016530134,,,4513570.630094963,130726.52237190637,4442819.851488541
gianluca gaudino__1996-11-11,,,,,,,,,,,,,445155.86013516196,,490845.26792730205,,,,468000.56403123203,32307.290078219743,468000.56403123203
gianluca lapadula__1990-02-07,,,,,,,,,799516.3899970716,,665412.6505031895,,970306.6704497758,806683.6257275722,,,768828.2238563775,,802149.5121067973,109671.78191338474,799516.3899970716
gianluca mancini__1996-04-17,Gianluca Mancini,DEF,30250000.000000015,26966155.851442285,,,26895961.96820237,,,,,,,,,,,,26931058.90982233,49634.57083675974,26931058.90982233
gianluca prestianni__2006-01-31,Gianluca Prestianni,MID,7199999.9999999935,4431826.03305122,,,,3974169.0185761554,,,,,,,,,,,4202997.525813688,323612.3783929079,4202997.525813688
gianluca scamacca__1999-01-01,,,,,,,,,,17008669.820450936,,19966491.336937703,,,,20865235.18214317,,17263588.854746602,18775996.298569605,1931581.1058478619,18615040.095842153
gianluigi donnarumma__1999-02-25,,,,,,,84280951.3245135,,,,,,,,83629999.31434244,,,,83955475.31942797,460292.580618968,83955475.31942797
gianmarco cangiano__2001-11-16,,,,,,,302513.324186182,,,,,365454.81263414293,,,,,,,333984.06841016246,44506.35329952792,333984.06841016246
giannino vianello__2007-06-10,Giannino Vianello,DEF,299999.99999999977,275016.59469903866,,262281.8377174438,312219.5911166118,,241131.23329472073,,297542.683320828,309902.96482799423,,284088.7982979312,,,312046.67678919237,,286778.79750797007,26092.34896914767,290815.7408093796
giannis anestis__1991-03-09,,,,,,,,,406643.0275374324,,,,,,,,,,406643.0275374324,,406643.0275374324
giannis bokos__2007-02-03,,,,,,797218.1412375548,979894.6050870101,,,,,,988435.5210838314,,,,,,921849.4224694654,108018.30403985652,979894.6050870101
giannis konstantelias__2003-03-05,,,,,24023473.661068957,,,24528062.345270462,,,,,,,,,,,24275768.003169708,356798.08030888153,24275768.003169708
giannis michailidis__2000-02-18,,,,,,,,3197588.332368162,,,,3230911.7814495773,3440380.5242178305,,,3327685.399769358,,,3299141.509451232,109135.32352936541,3279298.5906094676
giannis papanikolaou__1998-11-18,,,,,,,,,,,,,1235991.6115585829,,,,,,1235991.6115585829,,1235991.6115585829
gibson yah__2003-09-27,,,,,,,1841422.0062612353,,,,,,2205452.2996897437,,2002037.0093306673,,,,2016303.7717605487,182434.01277197318,2002037.0093306673
gideon jung__1994-09-12,Gideon Jung,DEF,700000.0000000006,577866.8881032196,,,,,638438.28627726,633076.7506741666,,,,,,639394.8751207895,,,622194.200043859,29682.05997323564,635757.5184757133
gideon mensah__1998-07-18,,,,,,,,,,,,,3318692.78496891,,3881931.6411838504,3461133.4587760875,,,3553919.294976283,292859.02894926374,3461133.4587760875
gift links__1998-10-02,,,,,,,,,,,,,1663464.9771304615,2322429.600172219,,,,1669049.5915842024,1884981.389628961,378851.55359358515,1669049.5915842024
gift orban__2002-07-17,,,,,13233667.79244083,11501661.06829638,,11535020.536682295,,12128805.410128286,12605419.99582881,,,,,,13444490.002256678,,12408177.467605546,831445.2856979184,12367112.702978548
gijs smal__1997-08-31,,,,,,,,,3298567.155690009,3956254.815481025,,,,,,,,,3627410.985585517,465055.4041409385,3627410.985585517
gilbert mendy__2004-11-05,,,,,,,372555.0866979558,,,,,,339019.5163715931,,,,,230900.1966967246,314158.26658875786,74027.61829809616,339019.5163715931
gino infantino__2003-05-19,,,,,,,,,,1475721.9690030534,,,,1258098.7394059536,,,,1312700.1591615155,1348840.289190174,113223.44838386733,1312700.1591615155
giorgi abuashvili__2003-02-08,,,,,,1527900.3364598001,,,,,,,,,,,,,1527900.3364598001,,1527900.3364598001
giorgi chakvetadze__1999-08-29,,,,,,,,,3939530.0289669614,4672454.632318978,,,1870550.694880605,,4290160.377756636,4324082.608914425,,,3819355.668567521,1119873.531121336,4290160.377756636
giorgi gocholeishvili__2001-02-14,Giorgi Gocholeishvili,DEF,2300000.0,1866840.0803823736,,,,,,,,,,,,,,2295809.4597838735,2081324.7700831236,303327.15709618543,2081324.7700831236
giorgi kochorashvili__1999-06-29,,,,,,,6795504.380601835,,,,,,,5494022.6248411555,5916606.933638777,,,3916652.7071888256,5530696.661567649,1204871.8017359246,5705314.779239966
giorgi kvernadze__2003-02-07,Giorgi Kvernadze,MID,1200000.0000000005,1146217.8342650058,1231168.6829729273,,1142255.8521874598,,,,,,1266249.0516406805,,,,1124005.1190463232,,1181979.3080224793,62727.24056125735,1146217.8342650058
giorgi mamardashvili__2000-09-29,,,,,,,,,,,,,42796141.14788302,31094198.77188741,31367092.757725257,,,38109420.02405528,35841713.17538774,5658848.047371583,34738256.39089027
giorgi tsitaishvili__2000-11-18,Giorgi Tsitaishvili,MID,2000000.0000000016,2703664.700720371,,,,,2641857.9082234204,,2829577.7648036364,,,,2803980.052224077,,,,2744770.1064928765,87519.01035017181,2753822.376472224
giorgio altare__1998-08-09,,,,,,,1384774.30495483,,,,,,,,,,,,1384774.30495483,,1384774.30495483
giorgio cittadini__2002-04-18,,,,,,,,1321489.761098664,,,,1255546.007014454,,,,,,,1288517.884056559,46629.275689842914,1288517.884056559
giorgio scalvini__2003-12-11,,,,,,,,22972758.010586414,,20709744.964855615,,,,,,,24475976.918521143,23540513.971660197,22924748.466405842,1601459.9897515788,23256635.991123304
giovani lo celso__1996-04-09,,,,,23006273.127766557,,,,,,,,21542855.412094306,,,,,29593136.509538155,24714088.349799674,4288266.673310027,23006273.127766557
giovani versini__2004-03-18,,,,,747850.279039526,,,788223.0896783301,812552.0872393943,,,691074.2218874254,,,,,,,759924.9194611689,53093.06522104991,768036.6843589281
giovanni bonfanti__2003-01-17,Giovanni Bonfanti,DEF,1550000.0000000012,2088542.7107270446,,2192330.8917549206,,,2064304.6250825527,,,,,,,,,,2115059.4091881723,68007.59305015035,2088542.7107270446
giovanni daffara__2004-12-05,Giovanni Daffara,GK,850000.0000000005,869081.8230976654,,,,,,,950516.7001585342,,823882.5898810159,,,857283.1443466165,,,875191.0643709579,53741.75096335292,863182.483722141
giovanni di lorenzo__1993-08-04,Giovanni Di Lorenzo,DEF,20749999.99999997,20438520.643549144,,,,,18514349.54656676,,12752142.178101568,,16633940.538116071,,,,,,17084738.226583384,3279545.29885984,17574145.042341415
giovanni fabbian__2003-01-14,,,,,7687769.777728927,,,7413342.127309243,8613690.188863019,7919808.250812688,7886751.03383147,,,,,,7724967.279314738,,7874388.109643348,404598.51201552484,7805859.156573104
giovanni garofani__2002-10-20,,,,,,,,,651091.1097068641,,,,,,,,586024.0863044031,,618557.5980056336,46009.33347950393,618557.5980056336
giovanni leoni__2006-12-21,,,,,3664885.200096712,5417022.873340075,,,,,,,,3780155.545866624,3171033.2211321904,,,,4008274.2101089004,975619.3600223316,3722520.372981668
giovanni reyna__2002-11-13,,,,,,,4458095.166296084,,,,,,,,,,,,4458095.166296084,,4458095.166296084
giovanni simeone__1995-07-05,,,,,,,,,,8558955.790453041,,,,,,9554664.101169666,9301138.089964386,9549108.970216393,9240966.737950873,469793.2861397752,9425123.53009039
giovanni van zwam__2004-01-02,Giovanni van Zwam,DEF,612499.9999999997,571558.8698781065,,,538137.0947808991,546324.1417535372,,,,630657.461522776,,,606856.9359834814,,,,578706.9007837601,39487.12394626623,571558.8698781065
giovanni zaro__1994-05-12,,,,,,,,,1258958.6805405244,,1438014.8559014979,,,1232685.8012729567,,,1322914.7783798277,,1313143.5290237018,91465.42033314904,1290936.729460176
giulian biancone__2000-03-31,,,,,,,3619117.5541990423,,,,,,,,3927359.750343859,,,,3773238.6522714505,217960.14714183394,3773238.6522714505
giuliano simeone__2002-12-18,,,,,,,,,39248164.718774155,,,,,46288270.89047843,,,,47090667.79366262,44209034.4676384,4314931.250490234,46288270.89047843
giulio maggiore__1998-03-12,,,,,,,,,,2455136.8567482736,,,,,,2858616.1843575314,2417712.4009163105,,2577155.147340705,244469.5972764713,2455136.8567482736
giuseppe ambrosino__2003-09-10,,,,,2012805.2856895267,,,,,,,,,,,1994585.2872221682,1919920.971636894,,1975770.5148495296,49217.58520927943,1994585.2872221682
giuseppe aurelio__2000-03-22,,,,,,,,,,,,1373932.4088562408,,,1524747.6558251912,,,,1449340.032340716,106642.48383806871,1449340.032340716
giuseppe caso__1998-12-09,,,,,,,,,,,,,,,1394014.228716822,,,,1394014.228716822,,1394014.228716822
giuseppe ciocci__2002-01-24,,,,,240093.19466601813,,,,,,,,,,,,,,240093.19466601813,,240093.19466601813
giuseppe di serio__2001-07-20,Giuseppe Di Serio,FWD,1249999.999999999,1045045.054891723,,,1155110.635593863,,,,1056876.769465472,,,,,,,,1085677.4866503526,60421.1800331426,1056876.769465472
giuseppe pezzella__1997-11-29,Giuseppe Pezzella,DEF,2100000.000000001,2235392.243621474,,,,,,,,2195588.757816184,,,,,,,2215490.500718829,28145.314727783247,2215490.500718829
givairo read__2006-06-02,,,,,,,11618918.501999596,,,10148105.35106015,,,9651931.354019864,,,,11171691.50318674,,10647661.677566588,905351.2168822015,10659898.427123446
givaro rahajaan__2008-02-19,,,,,,,,,,543554.3757110109,,,,,,,,,543554.3757110109,,543554.3757110109
gjivai zechiel__2004-06-01,Gjivai Zechiël,MID,5450000.0,3124864.3565839017,3054109.486268661,3031357.5919447388,3066099.2903526435,,,2648458.9728412856,,,,,,,,3359130.762116677,3047336.743351318,229339.37876201025,3060104.388310652
glen kamara__1995-10-28,,,,,,,2872406.9974103477,,2477570.676986483,2670696.9484908436,,,,,,,2700080.27131617,,2680188.7235509614,161748.47249703747,2685388.609903507
glenn middleton__2000-01-01,Glenn Middleton,MID,575000.0000000001,529690.1995270788,,,,,509756.61690929945,,,,,,,,507421.2508074175,,515622.6890812653,12238.652757340551,509756.61690929945
godfried frimpong__1999-04-21,,,,,,,1496116.8860071427,1318269.5269682016,,,,,,,,1437139.8081768975,,,1417175.4070507474,90588.92737816182,1437139.8081768975
godson kyeremeh__2000-06-14,,,,,1174741.5602543168,,1616754.639706267,,,1375555.8205859214,,,,,,,,1529723.0984954212,1424193.7797604816,193914.22741763853,1452639.4595406712
gokdeniz gurpuz__2006-02-25,,,,,,,,,,,,,,,,,,610361.778692693,610361.778692693,,610361.778692693
gokhan akkan__1995-01-01,,,,,,632577.4558106901,,,,,675310.6173248867,,,,,,,,653944.0365677883,30216.908288228453,653944.0365677883
gokhan degirmenci__1989-03-21,Gökhan Değirmenci,GK,90000.00000000001,126749.81583663705,,,132044.70955372005,,,113823.23610381098,,,124426.48763210878,,,,,,124261.06228156922,7654.076037833701,125588.15173437292
gokhan gul__1998-07-17,,,,,1113653.4935945016,,,1186791.9214788864,,1158484.1015745352,,,,1094457.7537145878,,,,,1138346.8175906278,41985.90428102224,1136068.7975845183
gokhan sazdag__1994-09-20,,,,,1737718.8317766502,,,,,,,,,,,,,,1737718.8317766502,,1737718.8317766502
goktan gurpuz__2003-01-22,,,,,,904940.3364626733,,,,,,,,,,,,,904940.3364626733,,904940.3364626733
goncalo esteves__2004-02-27,,,,,,,,,,,,,758363.0753170627,,,927771.8915065165,,,843067.4834117896,119790.12272034817,843067.4834117896
goncalo nogueira__2003-12-28,,,,,,,,,,,,1331213.3820063316,,,,,1283099.493947974,1468608.1210997803,1360973.6656846954,96268.47121669425,1331213.3820063316
gonzalo crettaz__2000-02-28,,,,,,,,,2235267.8729170826,,,,1822105.8721849306,,,,,,2028686.8725510067,292149.652446306,2028686.8725510067
gonzalo maroni__1999-03-18,,,,,,,,1640310.2730129743,,,,,,,1428903.0297087317,,,,1534606.651360853,149487.4953323843,1534606.651360853
gonzalo montiel__1997-01-01,,,,,,8640109.491265334,,,,8320500.456439703,,,,,8929084.461596295,,,,8629898.136433778,304420.47674020194,8640109.491265334
gora diouf__2003-09-20,,,,,2174009.7996231285,,,,,,,2455137.6849736925,,,,,,,2314573.7422984103,198787.4341120181,2314573.7422984103
gorkem saglam__1998-04-11,Görkem Sağlam,MID,1400000.0000000007,2045571.8010905904,,2102064.845691555,,,,,,,,,,,,,2073818.323391073,39946.61492721626,2073818.323391073
grady diangana__1998-04-19,,,,,,2663105.9102536663,,,,,,,1555927.6897927648,,,,,,2109516.800023216,782893.2276699578,2109516.800023216
graham burke__1993-09-21,,,,,,,,791979.5794322534,864581.7919890351,,,,743785.3151249454,,803284.9849173429,819244.9585837395,,,804575.3260094633,43794.17003019035,803284.9849173429
graham carey__1989-05-20,,,,,,253242.5971778964,,,,265459.8702418931,195876.14419623345,,226016.19299361145,,,,,246486.75190978474,237416.31130388385,27270.559198889157,246486.75190978474
granit xhaka__1992-09-27,,,,,,27079677.17753389,,,,,,,,,,,,25108553.823843677,26094115.500688784,1393794.6899495202,26094115.500688784
grant hanley__1991-11-20,,,,,,498893.57496963296,,,,,,,,462875.8967431235,,,,,480884.7358563782,25468.344516559915,480884.7358563782
grantleon ranos__2003-07-20,,,,,,,691443.7287983461,,,834489.1029682762,,,,850525.1291344381,792302.1318375018,,795510.8861245955,929181.0148505874,815575.3322856241,78534.51340070888,814999.9945464359
greg cunningham__1991-01-31,,,,,,130873.24711575723,146415.50041418395,143103.47581785062,156973.61618308056,,129586.88762048804,,,,146108.96272783153,137816.53583476783,,109899.94233263702,137597.2710058246,14305.543089901237,140460.0058263092
greg docherty__1996-09-10,,,,,,858129.2171044981,934192.1266761387,859926.4044839991,,,,,,,,,839179.1923907186,,872856.7351638386,41953.54724327318,859027.8107942486
greg kiltie__1997-01-18,,,,,388786.5979628434,,,,484662.0350022083,434639.83935745567,,,,,,,476565.0606642069,,446163.3832466786,44088.15309531263,455602.4500108313
greg leigh__1994-09-30,Greg Leigh,DEF,600000.0000000003,850492.0584025409,,,,,,,,,,,,,,,850492.0584025409,,850492.0584025409
greg taylor__1997-11-05,,,,,,3172857.6637337017,,,,,,,3263825.3797878614,,3394903.6145488773,,,,3277195.5526901465,111625.14148224676,3263825.3797878614
gregoire coudert__1999-04-03,,,,,,,,,,,1410971.2183293682,1441416.2045138646,,1346872.9533226057,,,,,1399753.4587219462,48259.56054929221,1410971.2183293682
gregor kobel__1997-12-06,,,,,,,,,,,,,,,,53229747.487855986,,,53229747.487855986,,53229747.487855986
grejohn kyei__1995-08-12,,,,,,1260648.557132024,,,,1204519.0912685485,,1278908.8828518447,,,1275605.9002311279,,1363097.3829219844,,1276555.962881106,56873.132196823295,1275605.9002311279
griffin yow__2002-09-25,,,,,,,,,2420210.326149264,,,2288894.545574515,,,,,,2088118.0949711823,2265740.98889832,167252.4376273106,2288894.545574515
grigoris kastanos__1998-01-30,Grigoris Kastanos,MID,2150000.0,2591944.4869750985,,,,,,,,,,,,,,,2591944.4869750985,,2591944.4869750985
grischa promel__1995-01-09,Grischa Prömel,MID,4999999.999999999,6498784.854885108,,,5745224.514120348,,,,,,,,,,6144310.226569029,,6129439.865191494,377000.1890304555,6144310.226569029
guela doue__2002-10-17,,,,,,,15487696.628521865,,,,,,,,,,,,15487696.628521865,,15487696.628521865
guglielmo vicario__1996-10-07,,,,,,,24694223.170772515,,,,,,,28418997.03506449,,,,23510518.24922916,25541246.15168872,2561518.484297741,24694223.170772515
guido carrillo__1991-05-25,,,,,2684878.7231007935,,3790765.469757735,3127268.841948214,,,,,,,,,,,3200971.0116022476,556615.110706359,3127268.841948214
guido herrera__1992-02-29,,,,,2782791.9308601124,,,,,,,,,,,,,,2782791.9308601124,,2782791.9308601124
guido rodriguez__1994-04-12,,,,,,,,5284993.0353977615,,,,,,,4895885.122785153,,5528848.668772823,,5236575.608985246,319247.3931336479,5284993.0353977615
guillaume dietsch__2001-04-17,Guillaume Dietsch,GK,775000.0000000007,1050747.8210695037,,,,,,1125229.5245490703,1091359.0871459006,,,,,,,,1089112.1442548248,37291.65593764024,1091359.0871459006
guillaume francois__1990-06-03,,,,,,,,,,,,,,,250604.0471701729,157723.3962965681,,245454.60162952435,217927.34836542179,52201.68657117939,245454.60162952435
guillaume restes__2005-03-11,Guillaume Restes,GK,21750000.00000003,14517897.92572242,,,,,,,,,,,,,13161640.041704433,,13839768.983713426,959019.1468268369,13839768.983713426
guillermo cotugno__1995-03-12,,,,,,,,,,1020957.1057690833,,,,,,,964865.872272527,740925.3657772572,908916.1146062892,148162.83403031767,964865.872272527
guillermo maripan__1994-05-06,,,,,,5337742.038727064,,,5516188.962894071,,,,,,,5264253.491563652,,4927910.685608382,5261523.794698292,246284.88004519377,5300997.765145358
guillermo soto__1994-01-19,,,,,,,,662069.0102489607,581172.8131519806,,,,556875.6749764938,,619846.4728414789,,,,604990.9928047284,46046.98634427293,600509.6429967298
gustaf lagerbielke__2000-04-10,,,,,,,,,2179160.5940151494,,,2351268.130881521,,1894656.7004242626,,,,,2141695.1417736444,230599.74997775105,2179160.5940151494
gustaf nilsson__1997-05-23,,,,,,,4006829.9891245137,,,,,,,,,,,,4006829.9891245137,,4006829.9891245137
gustav christensen__2004-09-07,,,,,,,,,,,,,,,,,,674080.0318387442,674080.0318387442,,674080.0318387442
gustav grubbe__2003-01-27,Gustav Grubbe,MID,562500.0000000003,595177.170398839,,,,711781.5754211263,,,684696.8336916678,,,,623753.7226095526,576447.8967457466,563563.5243199969,,625903.4538644882,60187.30440751909,609465.4465041958
gustav isaksen__2001-04-19,,,,,,12099267.783797987,,,12057393.97271562,,,,9124722.61877077,,,10778374.360466445,,,11014939.683937706,1401351.9755406964,11417884.166591033
gustav marcussen__1998-06-12,,,,,,,,414854.0586821627,,364242.52080075216,524771.925308693,417303.27813016245,,,,,410426.5023981731,,426319.6570639887,59185.65571516221,414854.0586821627
gustav mortensen__2004-03-19,,,,,,,,,613621.2776252306,,,,,632030.3649532591,,,,,622825.8212892448,13017.190485104304,622825.8212892448
gustavo hamer__1997-06-24,Gustavo Hamer,MID,11250000.000000019,9057565.90296008,,9054906.483075596,,,,,,,9846557.64300333,,,,7999030.619504255,,8989515.162135815,758175.083426112,9056236.193017839
gustavo klismahn__1999-11-23,,,,,1001789.3878983202,,,,,,711223.3667552293,980232.5300241921,,,,934892.7770492276,,,907034.5154317423,133484.73556028504,957562.6535367098
gustavo puerta__2003-07-23,,,,,2708633.4276992423,2800177.3860506145,,,,,,,,,,,2634785.7853048015,,2714532.1996848863,82853.43705918037,2708633.4276992423
guus offerhaus__2001-01-03,,,,,,,549503.4379468872,,570669.4465349099,,590965.2011778584,,,582212.9876194225,,,554210.8466795719,,569512.38399173,17729.65353157548,570669.4465349099
guus til__1997-12-22,,,,,,12524537.285098318,,,,,,,,,,,,11931053.589974245,12227795.43753628,419656.34534588153,12227795.43753628
guven yalcn__1999-01-18,,,,,,,,,,,1833719.7351284449,,,,,,,,1833719.7351284449,,1833719.7351284449
gvidas gineitis__2004-04-15,Gvidas Gineitis,MID,2349999.999999999,3294012.5871471954,,,,,,,,,,,,,,2886821.8627646947,3090417.2249559453,287927.32244712865,3090417.2249559453
gyan de regt__2003-08-18,,,,,,,1378191.2547422522,,1404068.6034794142,,,,,,,,,1283944.751041773,1355401.5364211465,63221.54242804867,1378191.2547422522
gyrano kerk__1995-12-02,Gyrano Kerk,MID,2400000.000000001,1725528.1402644827,,,,1869294.9629407937,,,,,,1768156.1721353421,,,,,1787659.758446873,73841.16219879642,1768156.1721353421
habeeb ogunneye__2005-11-12,,,,,,,,,,599743.1130940384,537808.3419826801,,580779.7241298513,,,570562.4454769619,583285.2510536175,,574435.7751474299,22997.781465958575,580779.7241298513
habib diarra__2004-01-03,,,,,20682502.263586685,,,,,,25364501.633621294,20741102.26333581,,,,21561114.245749287,,,22087305.101573266,2221307.9496634505,21151108.25454255
habib keita__2002-02-05,,,,,,,,,,,,2149249.8092569974,,2137561.564330217,,,,,2143405.686793607,8264.837247895726,2143405.686793607
habib maiga__1996-01-01,,,,,,,,,,,,,,1487601.2092330612,,,1449013.3304571693,,1468307.2698451153,27285.750754037577,1468307.2698451153
haissem hassan__2002-02-08,,,,,,,6521573.33493358,,,,,,,,,,6364413.799532134,,6442993.5672328565,111128.5732104896,6442993.5672328565
haitam aleesami__1991-07-31,,,,,447314.4593299143,,,,,,,,409530.52590263,,,496486.2933423015,419692.89016569767,,443256.0421851359,38912.56425024651,433503.674747806
hakan calhanoglu__1994-02-08,,,,,,38400897.20372075,,,,,40181164.49468009,,,,,,,,39291030.84920042,1258839.073761956,39291030.84920042
hakeem odoffin__1998-04-13,Hakeem Odoffin,DEF,899999.9999999995,1421995.4745684746,,1506502.729257178,,,,,,,1025592.0378619402,,,,1409022.5516700412,,1340778.1983394085,214523.09403576094,1415509.013119258
hakim sahabo__2005-06-16,Hakim Sahabo,MID,1299999.9999999993,1291240.088123443,,,,,,,,,,,,,,,1291240.088123443,,1291240.088123443
hakon arnar haraldsson__2003-04-10,,,,,,,,,,,,,,20899866.107735813,,,,,20899866.107735813,,20899866.107735813
hakon evjen__2000-02-14,,,,,3648733.567027923,,2933024.7862576474,,,3678394.9627695377,,,,,,,,2839082.7611628165,3274809.0193044813,450693.9150341058,3290879.1766427853
hakon valdimarsson__2001-10-13,,,,,3121871.5512020667,2768995.476860345,,,,2815942.5889624343,,,2646765.0682531623,,,,,,2838393.6713195024,201991.24600591432,2792469.0329113896
hamari traore__1992-01-27,,,,,,,,,,,3521882.459686827,,,,3742831.5914989794,,3577882.328189961,,3614198.7931252555,114864.24130765564,3577882.328189961
hamidou makalou__2006-07-15,,,,,,,,,1059902.4549411717,,,,,,948844.0247436819,,,,1004373.2398424267,78530.16910057788,1004373.2398424267
hamza choudhury__1997-10-01,,,,,2816607.2603997584,3461951.6385993017,,,,2583315.9258353533,3753560.994090533,,,,3327765.6615066673,3765423.5800827965,2821955.669959199,,3218654.3900676584,479382.7934643585,3327765.6615066673
hamza gureler__2006-04-10,Hamza Güreler,DEF,674999.9999999998,1303727.8556518443,1443461.0924581639,,,,1288641.7165180568,,,,,,1147729.296804476,,,,1295889.9903581352,120889.4686553816,1296184.7860849504
hamza igamane__2002-11-02,Hamza Igamane,MID,8249999.9999999935,11078883.989591707,,,,,,11119699.959106706,,,,,,,,,11099291.974349206,28861.248824759572,11099291.974349206
hannes delcroix__1999-02-28,Hannes Delcroix,DEF,2900000.0000000014,1849065.1350285108,1912180.04239604,1997756.1131150688,,,,2145225.9230552022,,,1599495.8371459485,,,,,,1900744.6101481542,201701.94877797156,1912180.04239604
hannes hermann__2005-03-23,,,,,,,,200586.0526644939,,,,,,,213710.0715848287,,,,207148.0621246613,9280.082774989278,207148.0621246613
hannes van der bruggen__1993-04-01,,,,,,,1394796.4075120806,,,,,,,1380472.0177684913,,,1369629.4915019828,,1381632.6389275182,12623.537399275823,1380472.0177684913
hannes wolf__1999-04-16,,,,,,,,,,,,,,,2129232.309710061,2336419.945546801,,,2232826.127628431,146503.7822781678,2232826.127628431
hannoah massengo__2001-07-07,,,,,,,,,,,,,,6301177.936350746,,,,,6301177.936350746,,6301177.936350746
hans christian bernat__2000-11-13,Hans Christian Bernat,GK,749999.9999999998,868749.0187474319,,,,,,,,,,859357.9024874214,,,,,864053.4606174267,6640.521990364685,864053.4606174267
hans hateboer__1994-01-09,,,,,2455210.00390622,,,,,2894148.5640001087,,,,,,2661141.83525001,,2489100.694742586,2624900.274474731,200868.45274193046,2575121.2649962977
hans nicolussi caviglia__2000-06-18,Hans Nicolussi Caviglia,MID,5250000.0,8775059.819221763,,11484600.32106177,,,,,11524145.632045118,,,,10989449.786320772,,,,10693313.889662355,1301769.4046590566,11237025.053691272
hans vanaken__1992-08-24,,,,,,11726535.73036476,,,12276638.668349776,,,12395422.473016996,,,,,,,12132865.62391051,356868.8622652315,12276638.668349776
hany mukhtar__1995-03-21,,,,,,,10253605.19755687,,,,,,,11449951.542315744,11772682.160393525,11127165.402001096,,,11150851.075566808,653642.6556879247,11288558.47215842
haris belkebla__1994-01-28,,,,,,,2011553.2597907172,,,2132596.130845029,,,,2401531.9794061123,,,,,2181893.7900139526,199608.4788726854,2132596.130845029
haris hajradinovic__1994-02-18,,,,,5169469.590138695,5383962.082600087,4995341.782477082,,,,,,,,,,,,5182924.485071954,194659.21520742972,5169469.590138695
haris tabakovic__1994-06-20,,,,,,,,,4520329.8313138755,,,,,,3177130.154040528,,,,3848729.9926772015,949785.6002875662,3848729.9926772015
harold moukoudi__1997-11-27,,,,,,,,,,,,,,,,,9061088.06259372,,9061088.06259372,,9061088.06259372
harrison armstrong__2007-01-19,,,,,9870032.807324434,10389023.13734946,12743283.41735818,,9492767.315162221,10741468.15259143,,,,,,9720475.820893768,,,10492841.775113247,1193454.6554701603,10129527.972336948
harrison ashby__2001-11-14,,,,,,792558.1012117246,526077.4932034133,,,,510949.6947126127,801982.9327439361,496811.43407871557,648713.7626926936,,,,,629515.5697738494,140758.03281027763,587395.6279480534
harrison jones__2004-12-25,,,,,,,,,525484.5564240994,,486391.79652038065,474299.5618946861,,504928.21999829874,,,,441507.553348121,486522.33763711713,31751.27985891317,486391.79652038065
harrison reed__1995-01-27,,,,,,,2709642.725231291,3214361.390043892,,,,,,,,,,,2962002.0576375914,356889.9904804104,2962002.0576375914
harrison sohna__2002-07-01,Harrison Sohna,MID,175000.00000000012,160082.9847784683,141264.7604495187,,,155283.24428776436,139277.9401813482,144248.38915398886,,153915.1223162116,119921.61712495307,,157448.16684961098,,,,146430.278142733,13242.229159410928,149081.75573510025
harry clarke__2001-03-02,,,,,,,,,,2067583.768852925,,,2049959.413053957,,,2473250.2879887777,,,2196931.1566318865,239461.58615674105,2067583.768852925
harry cornick__1995-04-09,,,,,,,,,,,,,,,,,1239073.9313365351,,1239073.9313365351,,1239073.9313365351
harry kane__1993-07-28,,,,,,73798406.46036904,,,89613848.90546906,,,,90486778.90050451,,,,,,84633011.42211421,9393189.032584349,89613848.90546906
harry maguire__1993-03-05,,,,,,,,,,,,,,10283936.434779987,,,,9987954.257240701,10135945.346010344,209291.00484838925,10135945.346010344
harry mckirdy__1997-03-29,,,,,351319.54675282625,,,,,373015.4921279663,,,,,,,,,362167.5194403963,15341.35009901445,362167.5194403963
harry milne__1996-10-29,Harry Milne,DEF,700000.0000000006,911763.3194020321,,,661736.0788917392,,,,648463.6780435118,,,,,,,,740654.3587790943,148333.2277683107,661736.0788917392
harry smith__1995-05-18,,,,,,,,,,406021.5696578947,,392143.1722075879,,404093.3648929242,,421086.4244280248,,,405836.1327966079,11876.309630680069,405057.4672754095
harry souttar__1998-10-22,,,,,,,,3256964.8906304934,2896765.4205748686,2256344.0230020713,,3111212.031725947,,,,,,,2880321.5914833453,441508.39013200515,3003988.7261504075
harry toffolo__1995-08-19,,,,,,,,,2250766.0828036144,2007131.8539239666,,,2136876.4282841645,,,,,,2131591.4550039154,121903.06631654047,2136876.4282841645
harry wilson__1997-03-22,,,,,,,,14248294.019945968,,,,13163950.977565913,12473325.233382367,,15658367.239586573,16567891.495268332,,,14422365.793149829,1698797.2250956646,14248294.019945968
harry winks__1996-02-02,,,,,5174811.168404205,,,,,,,,,,,,,,5174811.168404205,,5174811.168404205
harvey barnes__1997-12-09,,,,,,,,,,,22420629.56117364,,,,,25053627.773239326,,,23737128.66720648,1861810.8906037016,23737128.66720648
harvey elliott__2003-04-04,,,,,,,38224825.11398039,,,,25242634.018220626,,,,,,,,31733729.566100508,9179795.358471345,31733729.566100508
harvey griffiths__2003-09-22,,,,,,,,,,411485.549646047,292458.38986804354,264826.1715813366,,,,359308.9858515223,,,332019.77423673734,66180.54573900794,325883.68785978295
harvey rodgers__1996-10-20,,,,,,,,,,,,,,,374543.3556230284,387492.4975699635,,,381017.92659649596,9156.426081224978,381017.92659649596
harvey vale__2003-09-11,,,,,1488580.5931977346,,,,,,,,1105669.3230580434,1336904.1637822448,,,1265666.3751355144,,1299205.1137933843,159023.31050929258,1301285.2694588797
hasan kurucay__1997-08-31,,,,,1167646.2540491258,1095621.7768176754,,,,998982.4298841587,,,,,,,,,1087416.82025032,84630.74133960946,1095621.7768176754
hasip korkmazyurek__2003-05-01,Hasip Korkmazyürek,MID,187500.0,214924.52917854566,,,207536.12566648444,,235168.04815597332,,,,,,,,222263.29961983094,,219973.0006552086,11779.896174325675,218593.9143991883
hassane kamara__1994-03-05,,,,,,,,,,,,,,1992386.9525370558,,1998370.1480683766,,1922197.7172741946,1970984.9392932088,42356.75189908874,1992386.9525370558
hatim essaoubi__2000-12-13,,,,,815829.0943013274,,,,,,,,682894.582773069,,,,714599.1858556014,,737774.2876433326,69431.33367556709,714599.1858556014
havard nielsen__1993-07-15,Håvard Nielsen,MID,862499.9999999998,643858.2077229146,,,,,,,,,,,,,,,643858.2077229146,,643858.2077229146
hayden coulson__1998-06-17,,,,,,,,,705967.4764617811,,704112.6293188173,,,,784716.2164660161,,,,731598.7740822048,46010.402394774545,705967.4764617811
haydon roberts__2002-05-10,,,,,,2199136.470568047,,2413490.4844290195,,,,,,2966085.2131054737,2904633.3028548877,,,,2620836.367739357,374415.35946398845,2659061.8936419534
heinz lindner__1990-07-17,,,,,,,,,,,181799.41063472102,,,,,,,,181799.41063472102,,181799.41063472102
hendrik van crombrugge__1993-04-30,,,,,,,,,,,,,,,,738419.0827650594,,818761.8753352643,778590.4790501618,56810.933445856004,778590.4790501618
hendry blank__2004-08-21,,,,,,1450591.628577493,,1322402.0447220816,,,,1417997.163112131,,,,,,,1396996.9454705685,66625.06441273152,1417997.163112131
henk veerman__1991-02-26,,,,,,487265.85542860057,,540074.7241016997,,,,,,,,,590506.9141736707,639216.0461101872,564265.8849535396,65371.59189877586,565290.8191376852
hennes behrens__2005-01-19,Hennes Behrens,DEF,587500.0000000002,613737.7469813087,608508.2376023976,,,,,,,623552.1480142573,,,,,,,615266.0441993211,7637.511336158795,613737.7469813087
henning matriciani__2000-03-14,,,,,,614151.3944061357,,,529038.2847643594,,496610.93899299117,,,519747.22744644363,,570229.0334906466,,482921.4465940926,535449.7209491115,48905.826631397445,524392.7561054016
henok teklab__1998-11-16,,,,,,,,,,769901.2602680589,,819976.467243134,,,,,,,794938.8637555965,35408.518421395565,794938.8637555965
henri saivet__1990-10-26,,,,,514492.1892878937,,,,,,,,,,,,,479118.362147293,496805.2757175934,25013.073047639504,496805.2757175934
henrik heggheim__2001-04-22,,,,,,,,,,1765093.319077025,,,,,,1600713.3453030898,,,1682903.3321900573,116234.19414681636,1682903.3321900573
henrikh mkhitaryan__1989-01-21,,,,,,,8714555.21823384,,,,,,,,,9431032.482434737,,,9072793.850334289,506625.9320824392,9072793.850334289
henry cartwright__2004-12-11,,,,,,,398139.8662088218,,344982.0417267384,,,,,,345294.5390661642,,367868.21999554586,,364071.1667493176,25113.411672491784,356581.379530855
henry onyekuru__1997-06-05,,,,,,,2692019.1471303855,,,,2957053.289289495,,,2685384.564638796,,,,,2778152.333686225,154968.2817806008,2692019.1471303855
herbie kane__1998-11-23,Herbie Kane,MID,1050000.0000000007,796241.5670955473,,,,,,,681962.2051434244,,,,782875.088183982,,,,753692.9534743178,62479.12356704287,782875.088183982
heriberto jurado__2005-01-03,Heriberto Jurado,MID,1550000.0000000012,1120300.9847069143,,1136521.7293360617,,,,,930091.0860830672,,,,,,,,1062304.6000420144,114787.14254702287,1120300.9847069143
hernan de la fuente__1997-01-07,,,,,1506003.4961396381,,1415518.8201299245,1480005.4096593668,1444969.5908252625,,1463607.4364866987,,,,,,,,1462020.950648178,34327.900553691536,1463607.4364866987
herve koffi__1996-10-16,,,,,,,,,3859258.8376680077,3943491.8254172127,3083027.8619892886,4531678.4178689765,3545037.62841153,,,4209041.425400838,,,3861922.6661259755,506521.0887616227,3901375.33154261
herve matthys__1996-01-19,,,,,,,,778159.1896141234,,,660905.5871065621,,,,,,,,719532.3883603427,82910.81745164859,719532.3883603427
hervin ongenda__1995-06-24,,,,,1117461.9273047396,,,,,,1105976.329634136,1071088.3978731968,,1011246.0426730379,,,,,1076443.1743712774,47728.694950447156,1088532.3637536664
hiangaa mbock__1999-12-28,Hianga'a Mbock,MID,899999.9999999995,1128439.5659142209,,,,,,1222654.8013765477,,,1140220.036709315,1181437.423886439,,,,,1168187.9569716307,42834.272370023464,1160828.730297877
hicham boudaoui__1999-09-23,,,,,,,,,,,,,,,11673069.364965249,,,8834214.068040222,10253641.716502735,2007373.8312630365,10253641.716502735
hicham mahou__1999-07-02,,,,,,,,,,,,,795763.7065638273,,,,776815.7054174672,,786289.7059906472,13398.260100521762,786289.7059906472
hidde jurjus__1994-02-09,,,,,448128.5871428388,,,412237.19945990195,416581.78800503863,,,,405534.0995988125,,,,422884.59764930996,,421073.2543711804,16393.49309489372,416581.78800503863
hidemasa morita__1995-05-10,,,,,7927523.486051999,,,,,8549286.288938854,,,10788847.653755443,,8563051.686474081,,,,8957177.278805096,1256571.1728809103,8556168.987706468
hilmir rafn mikaelsson__2004-02-02,,,,,,,,,,,,,,575209.9283144096,589066.4946315787,,,,582138.2114729942,9798.072006831384,582138.2114729942
himad abdelli__1999-11-17,,,,,,,,,13200644.267801244,,,,12866469.923423523,12952236.086105403,12923704.104385063,,11702588.795793427,,12729128.635501733,587922.2335873203,12923704.104385063
hiroki ito__1999-05-12,Hiroki Ito,DEF,21250000.000000034,22087082.965892624,19543629.370186,,,,,,,,,,21546610.508143816,,,18006499.28890952,20295955.53328299,1877931.4769689033,20545119.939164907
hiroki sakai__1990-04-12,Hiroki Sakai,DEF,950000.0000000008,416324.3451215452,419488.4234450667,,,,447824.4396023757,,,,,,,,409777.87818865816,,423353.7715894114,16807.460916444794,417906.38428330596
hirving lozano__1995-07-30,,,,,12822443.249514606,,,12395390.097712778,,,,,8837906.591833938,,10614182.847819967,10580070.586442063,,,11049998.67466467,1601230.548521798,10614182.847819967
hjalmar ekdal__1998-10-21,,,,,,3691082.386795841,,3603905.3893102687,,,,,,,,,,,3647493.888053055,61643.4460855309,3647493.888053055
hjalte boe rasmussen__2007-10-15,,,,,,365677.35486619547,,317029.9691314236,,,,,,318001.909267935,,,,,333569.74442185136,27810.25266410854,318001.909267935
hobie verhulst__1993-04-02,,,,,,,,,,321651.0235131861,,,346869.3824639719,366561.54372972506,,,,,345027.316568961,22511.854912494677,346869.3824639719
honest ahanor__2008-02-23,Honest Ahanor,DEF,11299999.99999999,4559160.086098757,,,4306072.739445384,3918284.1942782546,,,,3982572.1177330073,,4576212.970523769,,,,,4268460.421615834,310237.0566323861,4306072.739445384
horatiu moldovan__1998-01-20,,,,,,,1948622.0945941308,,,,,,,,,,,2267864.160808099,2108243.127701115,225738.22985990174,2108243.127701115
hosine bility__2001-05-10,Hosine Bility,DEF,262500.00000000023,337973.2094902545,,353623.5822727142,,,325042.93832674844,,,332370.5100163131,,,,,,304141.5792301318,330630.36386723246,18155.63699534548,332370.5100163131
houboulang mendes__1998-05-04,,,,,,,,,,,,,,,1294502.6171996733,1169759.8156936795,1185575.2689335747,,1216612.5672756424,67916.6919701765,1185575.2689335747
houssem aouar__1998-06-30,Houssem Aouar,MID,11000000.000000013,13961637.241534052,13543303.269768298,,,13040206.445390189,,,,,,,,,,14703264.460276755,13812102.854242323,703469.2183895492,13752470.255651176
hristiyan petrov__2002-06-24,,,,,,,,,,,,,,,1017904.6841628283,,1099299.57558998,,1058602.129876404,57554.87968208178,1058602.129876404
hrvoje smolcic__2000-08-17,,,,,,,,,,2849167.4014970907,2727965.65356381,,,2935547.3596005994,,,,,2837560.1382205,104276.49586970726,2849167.4014970907
hugo andersson__1999-01-01,,,,,,,,,,,,,,398597.3602701474,,,,,398597.3602701474,,398597.3602701474
hugo bolin__2003-07-24,Hugo Bolin,MID,1499999.9999999986,1555992.9032343621,1563560.644943362,,,,1611628.6822385408,,,1517408.09419385,,,,,,,1562147.5811525288,38686.25021702702,1559776.7740888621
hugo cuypers__1997-02-07,Hugo Cuypers,FWD,10499999.999999994,9672457.049705917,10531785.72029257,,11904051.338968607,,9256506.994297473,8449100.954862308,,,,,,,,,9962780.411625374,1319719.2075368045,9672457.049705917
hugo ekitike__2002-06-20,,,,,81252266.67858173,,,94415058.54685983,,,,77737840.12335278,95782778.34850647,,,79542423.67572284,,,85746073.47460473,8641442.568576708,81252266.67858173
hugo gambor__2002-12-30,Hugo Gambor,DEF,1150000.0000000005,1398378.0274069807,,,,,,1561530.9532596075,1154134.4602310513,,,,,,,,1371347.8136325465,205038.8986887862,1398378.0274069807
hugo lambotte__2006-06-20,,,,,244999.7430066708,238857.06878976454,,,252603.70989634676,,,,,238283.80698285243,,,220608.10949518863,,239070.4876341646,11830.342288653866,238857.06878976454
hugo larsson__2004-06-27,Hugo Larsson,MID,35750000.00000005,31509069.241576552,24449010.446166366,,33382135.541440174,,,,,,,,,,,21837038.77377364,27794313.500739183,5528813.6181313675,27979039.84387146
hugo lloris__1986-12-26,,,,,,,,751714.0763998642,,,,,,720329.6550509041,,,,563471.7085704069,678505.146673725,100850.20767085567,720329.6550509041
hugo magnetti__1998-05-30,,,,,,,,,,,,,,,7442339.549992456,,,,7442339.549992456,,7442339.549992456
hugo siquet__2002-07-09,,,,,,,,,,,,3254733.7689640834,,,3391853.135927409,,,,3323293.4524457464,96958.03421177414,3323293.4524457464
huseyin turkmen__1998-01-01,,,,,,,832863.3782214833,,,,,,,,,,,,832863.3782214833,,832863.3782214833
hussein ali__2002-03-01,,,,,,,,600087.3056671126,571495.3779696636,588001.3067369189,583762.1634889428,,,,,,,,585836.5384656595,11800.317840552774,585881.7351129309
ian harkes__1995-03-30,,,,,617313.0330714793,,,,632361.3859074315,,,,,,,,,,624837.2094894554,10640.792335989605,624837.2094894554
ian lawlor__1994-10-27,,,,,,,155306.0236118653,,178179.6594247169,,163822.11475987075,,,,,,,,165769.26593215097,11560.465046464438,163822.11475987075
ian maatsen__2002-03-10,,,,,,,35288919.69661554,,,,,28107288.84557732,,,,,,,31698104.27109643,5078179.874747642,31698104.27109643
ian poveda__2000-02-09,,,,,,1840886.288936442,,,1870085.7306490443,,,,,,,,1805408.3241801646,,1838793.4479218835,32389.453754568513,1840886.288936442
ian struyf__2007-08-22,,,,,,,,,1179485.6359307335,,,1022640.5250568285,,,,1161439.8031696095,989627.5721757301,,1088298.3840832254,96110.46710233223,1092040.164113219
ianis hagi__1998-10-22,,,,,,,3306556.120484163,,,,,,,,,,,,3306556.120484163,,3306556.120484163
ianis stoica__2002-12-08,,,,,,3165877.2585047795,,,,,2040973.7226063467,,,,,,2537145.3512085844,,2581332.110773237,563752.02310929,2537145.3512085844
ibe hautekiet__2002-04-13,,,,,,,2483571.511016561,,,,,2232219.691745753,,2355479.546652599,,,,,2357090.2498049713,125683.65063193406,2355479.546652599
ibou sane__2005-03-28,,,,,,,,,1281095.4003106053,,,,,,,,,,1281095.4003106053,,1281095.4003106053
ibrahim cisse__1996-05-02,,,,,1260550.0515214729,,,1314938.3157492054,,1193318.6778911378,,,,,,,,,1256269.0150539388,60922.734123717295,1260550.0515214729
ibrahim cissoko__2003-03-26,,,,,,,1744249.8705595105,,1853683.3525031053,,,,,,,,,,1798966.611531308,77381.15717117146,1798966.611531308
ibrahim diabate__1999-11-17,,,,,2730718.837098774,,,,2556807.9608965507,,2299875.0452630473,2492890.1108066575,2262605.389537791,,,,,,2468579.4687205637,192340.08058211478,2492890.1108066575
ibrahim diakite__2003-10-31,,,,,,1940108.3803593742,,,,,,,,,2032808.0099294074,,,,1986458.1951443907,65548.53668245145,1986458.1951443907
ibrahim kaya__2001-03-09,,,,,,,,,,1100846.3664257661,,,,,,1038256.096301989,,,1069551.2313638777,44258.00444082056,1069551.2313638777
ibrahim maza__2005-11-24,,,,,,9349355.46146193,,,7594466.298347167,,,,,,,,,,8471910.879904548,1240894.027469234,8471910.879904548
ibrahim mbaye__2008-01-24,,,,,,14590866.799434891,,,,,,,,10679348.806173604,12209231.741813356,,9783228.163446564,10272245.871002506,11506984.276374185,1948356.8369811187,10679348.806173604
ibrahim olawoyin__1997-12-01,Ibrahim Olawoyin,MID,1699999.9999999988,2135025.999848364,,,,,,,1898926.7594554417,,,,,,,,2016976.3796519027,166947.37391482812,2016976.3796519027
ibrahim osman__2004-11-29,,,,,,,,,,,,,,,4434937.650891561,,,,4434937.650891561,,4434937.650891561
ibrahim sabra__2006-02-01,,,,,,931482.8794766769,,,,,,,,,,,,,931482.8794766769,,931482.8794766769
ibrahim sadiq__2000-05-07,,,,,,,,,,,2800717.0990969334,,3193866.8005528804,,3317961.3654119056,3541794.8995837555,,,3213585.0411613686,310625.645446365,3255914.082982393
ibrahim said__2002-06-15,,,,,,,1405313.2095265756,,,,1405000.639212556,,1308705.5439014074,,1165895.6398988336,,,1132196.6313578752,1283422.3327794496,129382.81136212093,1308705.5439014074
ibrahim salah__2001-08-30,,,,,,2254490.853005023,,,,,,,,,,,2456002.2626044997,1809241.4808545832,2173244.865488035,330946.4610297996,2254490.853005023
ibrahim sangare__1997-12-02,,,,,,,,,,,,,,19099510.9467731,17006430.68640646,,17222055.282785736,,17775998.971988432,1151254.2951884007,17222055.282785736
ibrahim sulemana__2003-05-22,,,,,5648906.10108741,,,,,,,,5559456.692961325,,5528788.895345499,,,5090882.7373142075,5457008.606677109,249346.35937607448,5544122.794153412
ibrahima balde__2003-01-17,,,,,,,,,,,,,,970054.8461506016,,,892841.4093660889,1089417.472610864,984104.5760425184,99038.29230520043,970054.8461506016
ibrahima breze fofana__2002-08-15,,,,,1096870.3255217678,,,,,,,,,,,,,946840.9770095948,1021855.6512656813,106086.76970995743,1021855.6512656813
ibrahima konate__1999-05-25,,,,,50674243.39392443,,,,,48880784.136910066,55386968.31604426,,,,,,,,51647331.94895959,3360473.7977195033,50674243.39392443
ibrahima sissoko__1997-10-27,,,,,6803697.663827279,,,,5867294.728729833,,,,,5618553.04056306,,,6365964.058736147,,6163877.372964079,527746.4433912062,6116629.39373299
ibrahima sory bangoura__2004-01-05,,,,,,,,,,,,,,3725160.837045538,,3348499.779076632,3487939.5492209466,3700586.413887124,3565546.6448075604,179670.6550013601,3594262.981554035
iddrisu baba__1996-01-22,,,,,,,,,,,,,,,2069857.8410399216,,,,2069857.8410399216,,2069857.8410399216
idrissa gueye__1989-09-26,Idrissa Gueye,MID,2950000.000000002,2726668.5787562635,3262614.642124973,,,,,,,2792505.2312206617,,,,,,,2927262.817367299,292282.8270325773,2792505.2312206617
idrissa gueye__2006-09-16,Idrissa Gueye,FWD,2250000.000000001,3129001.4426516853,,4937201.167160873,,3347256.549747932,4728107.338568329,,4406134.330123007,,,4165774.4452553764,4619444.952569447,,,,4190417.1751538073,697080.367062943,4406134.330123007
idrissa toure__1998-04-29,,,,,1765685.001186516,,1386898.6395648962,1848791.9252426303,,,,,,,,,,,1667125.188664681,246215.1078260586,1765685.001186516
ignace van der brempt__2002-04-01,,,,,,,,4011013.7681767023,,,,,,,,3673770.366897908,,,3842392.067537305,238467.09595465145,3842392.067537305
ignacio de arruabarrena__1997-01-16,,,,,,,,,,1973827.637929975,,,,,1828756.925412249,,,1952770.3204563751,1918451.6279328663,78388.18405852074,1952770.3204563751
ignacio miramon__2003-06-12,,,,,,,1729292.9749418884,,1854494.2653237658,,,,,,,,,,1791893.6201328272,88530.68144233161,1791893.6201328272
ignacio pussetto__1995-12-21,Ignacio Pussetto,FWD,2050000.000000001,1592997.906545448,1507639.1688021237,,,,,1637367.2815192053,,,,1558429.8301928616,,,,,1574108.5467649098,54840.60477340748,1575713.8683691546
ignatius ganago__1999-02-16,,,,,,,2767174.6758006075,2825474.6967806392,,,,,,,,,,,2796324.6862906236,41224.3401782984,2796324.6862906236
igor vekic__1998-05-06,,,,,,744893.5964011026,,,,,724249.9344260956,,,695097.441561192,,,,711681.9454662658,718980.7294636641,20999.403822700555,717965.9399461807
ihlas bebou__1994-04-23,,,,,,,,,,,,,3684070.931872399,,,,3914723.749974429,,3799397.340923414,163096.17177973274,3799397.340923414
ike ugbo__1998-09-21,,,,,2167378.289334472,,,2065070.0273295075,,1946479.7059396342,,2199742.908362366,,,,,,,2094667.7327414951,114256.04728693228,2116224.15833199
ilaix moriba__2003-01-19,,,,,19649509.113147188,,,,,,,,,,22522756.996671293,,,,21086133.05490924,2031693.0624697902,21086133.05490924
ilan kebbal__1998-07-10,,,,,,,,,8805229.593936037,,,,,,,,,,8805229.593936037,,8805229.593936037
ilario monterisi__2001-12-19,,,,,1469073.3422437857,,,,1673853.426909878,,1562531.7809843633,,,,,,,,1568486.1833793425,102519.81247482834,1562531.7809843633
ilay camara__2003-01-18,Ilay Camara,DEF,3499999.9999999995,2796381.4977733777,,,,,2884350.1065178807,,,,,2302977.616052699,,,,,2661236.406781319,313363.430990058,2796381.4977733777
ilia gruev__2000-05-06,,,,,,,,,6285897.600496275,,,,,,,,,,6285897.600496275,,6285897.600496275
ilias akhomach__2004-04-16,Ilias Akhomach,MID,10750000.000000006,8015327.8670334425,,7676619.358445773,7298585.859091415,,,8341046.591196168,,,,8607576.564223176,,,8985529.335004434,,8154114.262499068,618225.6341153452,8178187.229114805
ilias bronkhorst__1997-05-10,,,,,,757889.3808529419,,,706189.7827468999,756012.3398747186,684263.2152596785,,831248.5181569494,,,669399.4712704339,771600.711270494,,739514.7742045881,56470.97854426745,756012.3398747186
ilias kostis__2003-02-27,Ilias Kostis,DEF,1400000.0000000007,2038688.01944081,1872077.172380237,2053102.1068043008,,,,,,1991651.6813090402,,,,,,,1988879.7449835972,82170.35264211775,2015169.850374925
ilias sebaoui__2001-10-04,Ilias Sebaoui,MID,1899999.9999999993,1594534.5656064565,1546946.770789939,1516192.6296697366,,,,1656362.660498363,,,,,,,,,1578509.1566411236,61094.23194200366,1570740.6681981976
iliman ndiaye__2000-03-06,,,,,,,,39582222.46225147,,,,,,,,,,,39582222.46225147,,39582222.46225147
ilkay gundogan__1990-10-24,,,,,,,,,,,8798427.95668114,,,,,,,,8798427.95668114,,8798427.95668114
illan meslier__2000-03-02,,,,,,,,,,2902813.8281390923,2715734.454703885,,,,,,,,2809274.1414214885,132285.09357616544,2809274.1414214885
ilmari niskanen__1997-10-27,,,,,,461684.7980060859,,,,,,,,476894.7696522557,,,426395.27698246134,,454991.6148802677,25906.53807909226,461684.7980060859
ilyas chaira__2001-02-02,,,,,3125845.200953732,,3471405.005461678,,,,,3313482.2178709926,,2913674.226947025,,,,2604108.0736455205,3085702.9449757896,340510.0502396972,3125845.200953732
imari samuels__2003-02-05,,,,,,261642.33577366732,,,,,,,,,,,,,261642.33577366732,,261642.33577366732
immanuel pherai__2001-04-25,,,,,,,,,,,,,,,1807487.703296396,1709840.3602954017,,,1758664.031795899,69047.09840085183,1758664.031795899
imran louza__1999-05-01,,,,,5065791.723398661,5449384.3222104795,,5630280.716456942,5539876.1842673635,6054860.671056413,,,,,5598486.949642406,,,,5556446.761172044,318783.4913898812,5569181.566954885
indiana vassilev__2001-02-16,,,,,1442748.9363518632,,1494061.412168664,1587342.8276740983,1491980.9988054582,,,1514751.2499860201,,,,,,,1506177.0849972207,52518.66935046625,1494061.412168664
indrit tuci__2000-09-14,,,,,1306029.4885769614,1227812.4145205524,,,,,,,,,,,,,1266920.951548757,55307.82346985723,1266920.951548757
inigo ruiz de galarreta__1993-08-06,,,,,,,,9252075.750281816,,,,,,,,,,,9252075.750281816,,9252075.750281816
innes cameron__2000-08-22,Innes Cameron,FWD,275000.0000000002,245262.9399503443,288617.5494031592,,,,,,,,273039.1002066725,,,,,,268973.1965200587,21961.425723143326,273039.1002066725
ionut pop__1997-08-01,,,,,,,,,,,,,143944.8527744701,,142890.7987964636,124403.55399141523,,,137079.73518744967,10990.538418710901,142890.7987964636
irakli yegoian__2004-03-19,,,,,,1068498.4278659166,,,,1062173.4627172782,,,1055045.023579848,,,,,,1061905.6380543476,6730.699759954968,1062173.4627172782
irfan can kahveci__1995-07-15,,,,,,,4840193.490505284,,,,,7610991.239138485,,,,,,,6225592.364821885,1959249.8773549555,6225592.364821885
irvin cardona__1997-08-08,,,,,,,,,,,,2253828.2695033327,,,,,,,2253828.2695033327,,2253828.2695033327
isaac babadi__2005-04-06,,,,,3630600.7205137582,,,,,,,,3000465.18239019,,,,,,3315532.951451974,445573.1120738092,3315532.951451974
isaac hayden__1995-03-22,,,,,1527924.4197011744,1464126.6186839123,,1493327.820666688,1559301.5255693316,,,,,,1570288.709276924,,,,1522993.818779606,44510.63287595403,1527924.4197011744
isaac mbenza__1996-03-08,Isaac Mbenza,MID,1099999.9999999998,1302468.5898726904,,,,,,,,,992667.999317839,,1354598.8470085738,,,,1216578.4787330346,195656.12185980869,1302468.5898726904
isaac olaofe__1999-11-21,,,,,,,,733803.4916979702,,798369.2956914362,,835154.0587501411,,,,,,,789108.9487131825,51305.9439058223,798369.2956914362
isaac pappoe__2003-12-20,,,,,,,,602581.3153620787,,,,,,,516343.5476231374,,563878.3378718771,,560934.4002856977,43194.191999994466,563878.3378718771
isaac price__2003-09-26,,,,,,,,,,,,,,4513130.889881624,,,,,4513130.889881624,,4513130.889881624
isaac schmidt__1999-12-07,,,,,,,,2868168.3205044693,2874204.774675642,,,,,2711057.0633867,2813191.4287611297,,,2805134.119810192,2814351.1414276264,65640.51941458684,2813191.4287611297
isaak davies__2001-09-25,Isaak Davies,MID,1800000.000000001,1397011.6204783102,,,1169185.697638457,,,,1337098.769288018,,,1282857.6130613645,,,1487012.3754361356,,1334633.215180457,119551.39785923804,1337098.769288018
isaak toure__2003-03-28,,,,,,,,3706020.0182938045,3478438.805541196,4395640.502005053,,,,,,,4624410.846229488,,4051127.543017385,546020.3043554109,4050830.2601494286
isaiah ahmed__2005-12-28,Isaiah Ahmed,MID,312500.00000000023,268817.38232586515,,,287153.45836834045,,,,,,,,257481.27251625186,,,,271150.7044034858,14973.074074773542,268817.38232586515
isaiah jones__1999-06-26,,,,,,,,,,,,,1567908.0130370166,,,,,,1567908.0130370166,,1567908.0130370166
isaias delpupo__2003-03-31,,,,,,718639.6646191176,,,,,,,,764537.4375524062,,,,622682.4894603441,701953.1972106226,72384.63386991389,718639.6646191176
isak andri sigurgeirsson__2003-09-11,,,,,,,,,,1066747.4862730082,,,,,,1214252.377181499,,,1140499.9317272536,104301.70861957582,1140499.9317272536
isak dybvik maatta__2001-09-19,,,,,1089847.8930033376,,,921306.3957361233,,,955673.3436444636,1133556.065699479,,,,,,,1025095.9245208509,102547.84357839878,1022760.6183239005
isak hansenaaren__2004-08-22,,,,,,666463.1433074765,,,,,,705090.0381818829,,,727879.8702463892,,659392.6648583118,,689706.4291485151,32419.344401527764,685776.5907446798
isak hien__1999-01-13,,,,,,17505394.800533436,,,,,16277224.022559509,,16750280.742756821,,,15984337.108913822,15291505.50073046,,16361748.435098808,829742.126699478,16277224.022559509
isak jensen__2003-12-23,,,,,,,,,,,,,,3136173.150808529,3136513.7064406774,,,,3136343.428624603,240.80919686340764,3136343.428624603
isak vural__2006-05-28,,,,,,,922333.1274062163,,,1050723.5853708314,935316.0706195758,,,908168.0770391332,,800763.5981333877,863583.862782023,,913481.3868918613,83203.151194467,915250.6022226748
ishaq abdulrazak__2002-05-05,,,,,,,,,,832872.6349885464,,,,,,,,,832872.6349885464,,832872.6349885464
ishe samuelssmith__2006-06-05,,,,,,1729023.6605765147,,,,,,,,,,,,1825690.811536411,1777357.2360564629,68353.99796172642,1777357.2360564629
islam chesnokov__1999-11-21,,,,,,,,,,938334.1497502573,1057286.465730474,,,,,,937896.3155027803,,977838.9769945039,68803.8917834315,938334.1497502573
islam slimani__1988-06-18,,,,,,,,,,,,204761.38170530213,,,,,,,204761.38170530213,,204761.38170530213
ismael bekhoucha__2004-11-20,,,,,,,,,890264.4215244754,952207.3790585862,826596.3346034923,,979687.2560669463,,976183.776727713,,,803038.8474562977,904663.0025729184,76985.08968712369,921235.9002915309
ismael bennacer__1997-12-01,Ismaël Bennacer,MID,24999999.999999963,19132463.587034907,19397106.34020791,,16236753.29416206,,,16289278.056340622,,,,,,,,,17763900.319436375,1736569.0483753867,17710870.821687765
ismael boura__2000-08-14,Ismaël Boura,DEF,1350000.0,1374533.6012913175,1330604.410960539,,,,,,,1369381.8791362806,,,,1288002.6051008385,1218233.2202424852,,1316151.1433462922,64867.51776408219,1330604.410960539
ismael doukoure__2003-07-24,,,,,,,,12124473.270878589,,,,,10969353.706188135,,,,,,11546913.488533363,816792.8772738727,11546913.488533363
ismael gharbi__2004-04-10,,,,,,,,,,,3715134.5887333117,,,4433013.737509154,,,,,4074074.1631212328,507617.21417182434,4074074.1631212328
ismael guerti__2004-07-30,,,,,231190.58146299588,263312.60632860515,,,,,,254428.63819760346,,250863.05357238135,,226798.26278909086,,,245318.62847013533,15653.44868803384,250863.05357238135
ismael kone__2002-06-16,,,,,,,,6506033.588687751,,,,,,,,,,,6506033.588687751,,6506033.588687751
ismaelo ganiou__2005-03-14,,,,,,,2748481.47615005,,2472096.9859348163,,,,,,2776090.430639851,2384520.7898176704,,,2595297.420635597,196432.00905119907,2610289.231042433
ismahila ouedraogo__1999-11-05,,,,,,750319.970380406,,,,,,848217.7518293596,678106.8896481288,861591.241374313,756418.3278681503,,704848.212728295,671115.1671807064,752945.36585848,76930.72970545506,750319.970380406
ismail jakobs__1999-08-17,,,,,,8793175.654711772,,,,,8761851.950661115,,8223090.923507769,8737305.0680978,,,,,8628855.899244614,271474.59641056455,8749578.509379458
ismail koybas__1989-07-10,,,,,297580.555023111,,,,,,,,,,,,286114.8270475499,,291847.6910353304,8107.494002759566,291847.6910353304
ismail yuksek__1999-01-26,,,,,,,,,,,,10006150.562169924,,10349572.22355019,,,10073040.74732577,,10142921.177681962,182063.35514421941,10073040.74732577
ismaila sarr__1998-02-25,,,,,,,,,,,,25506701.014866628,,,22603635.49648188,25419908.159100726,,22437400.160375472,23991911.207706176,1700742.7298798854,24011771.827791303
ismaila soro__1998-05-07,,,,,,1644695.3423044183,,,,,1482664.2402172945,1589447.303559496,,,1763114.922339758,,1658266.8629042276,1349910.9526443346,1581349.9373282548,145832.64472234514,1617071.3229319572
isnik alimi__1994-02-02,,,,,878642.6265756959,,984107.9300673238,,795275.9173517061,,,,,,,908533.5230092102,,,891639.999250984,78082.60017694133,893588.0747924531
issa diop__1997-01-09,,,,,9092851.278214766,,,,,,,,,,8884122.045511095,,,,8988486.66186293,147593.85587663055,8988486.66186293
issa kabore__2001-05-12,,,,,,,,,,,,,6839705.498269507,,,9469955.247214383,,,8154830.372741945,1859867.4336931359,8154830.372741945
issa kallon__1996-01-03,,,,,,,,892124.7672174696,,939125.328671447,,,709892.3230234111,,,966091.6781924941,875619.1924557943,,876570.6579121232,99939.48522720748,892124.7672174696
issa soumare__2000-10-10,,,,,,,,,,,4008208.505373453,,4822130.555765185,,3958604.072969813,,,,4262981.044702817,484872.4386057487,4008208.505373453
issam el maach__2000-02-01,,,,,471639.58689553314,,,,,,,,,,,,,,471639.58689553314,,471639.58689553314
issiaga camara__2005-02-02,,,,,,,,1648102.2759191121,,,,,,,,,1682275.6321190398,,1665188.954019076,24164.211904872172,1665188.954019076
iurie iovu__2002-07-06,,,,,,,,,,,,,,,284202.32428244577,,277627.04595081415,,280914.68511662993,4649.423896485687,280914.68511662993
ivan angulo__1999-03-22,,,,,1342610.5947225098,,1451535.6713031216,1411473.8785410062,,,1696082.508551228,1315985.82928725,,,1376273.3848342425,,1308067.9874177186,,1414575.6935224398,134369.9142957681,1376273.3848342425
ivan balliu__1992-01-01,,,,,,2279878.468468574,,,,,,,,,2163370.0828574877,,,,2221624.275663031,82383.8695306962,2221624.275663031
ivan brnic__2001-08-23,,,,,,,1557497.5305958437,,,,,,,,,,,,1557497.5305958437,,1557497.5305958437
ivan dolcek__2000-04-24,,,,,,,,,,,,,,,,,,641908.5617641119,641908.5617641119,,641908.5617641119
ivan ilic__2001-03-17,,,,,,,12133049.183420002,,,,,,,,,,,,12133049.183420002,,12133049.183420002
ivan mbahia__2005-04-19,,,,,390402.66806956823,,,,393469.9612174087,,391791.57069840824,,,,,,,,391888.0666617951,1535.9216831953875,391791.57069840824
ivan mesik__2001-06-01,Ivan Mesík,DEF,1099999.9999999998,970739.0581932903,,,,,,,,,,,,,,,970739.0581932903,,970739.0581932903
ivan nasberg__1996-04-22,Ivan Näsberg,DEF,725000.0000000006,834644.380034627,,,,739978.6253183082,,,,,,,,,,,787311.5026764676,66938.79710605141,787311.5026764676
ivan pavlic__2001-11-10,,,,,857443.1648278374,,753154.2765103115,883703.2877641767,,,958260.8161959789,,,,1044873.9334041675,,,849154.7664058318,891098.3741847173,100132.8287495249,870573.226296007
ivan perisic__1989-02-02,,,,,,4994169.0823193835,5406631.938577869,4895509.002520433,,,,,,,,,,,5098770.007805895,271141.4375385466,4994169.0823193835
ivan pillud__1986-04-24,,,,,,179913.29114021888,,,,,189540.72020680047,,,,,,,183793.33201554813,184415.78112085583,4843.803234498569,183793.33201554813
ivan provedel__1994-03-17,,,,,,,,,,,,,,,,,,11473477.566676458,11473477.566676458,,11473477.566676458
ivan saio__2002-03-16,Ivan Saio,GK,425000.0000000002,425566.2275211231,419892.43077305914,,399725.04155118356,,401914.3811338458,,,,,,,,,,411774.5202448029,12890.8745632442,410903.40595345246
ivan smolcic__2000-08-17,,,,,3924779.1704085693,,3091557.2283886983,,4021411.8356430316,,,4036989.310915221,,,,,,,3768684.3863388803,454138.5492817332,3973095.5030258005
ivan toney__1996-03-16,,,,,23628516.490775116,,,,,,17339627.08004926,,,,19859325.029653747,22191220.558992628,,,20754672.289867688,2756013.54145751,21025272.794323187
ivan zlobin__1997-03-07,,,,,,,1162766.5469469656,,,,,,,,1114577.7454943468,,1318223.2330592347,1569418.4681365727,1291246.49840928,204797.73366146113,1240494.8900031
ivar jenner__2004-01-10,,,,,,,,,,525070.9297648912,,,474340.25721864164,573602.4759363489,,,503199.76812622574,,519053.3577615269,41882.43518449018,514135.3489455584
iver fossum__1996-07-15,,,,,,1197861.470350352,,,,,,,,,,,,,1197861.470350352,,1197861.470350352
ivica ivusic__1995-02-01,,,,,,1104109.049676756,,,,,,,,1080376.2039670013,,,,834117.0177915824,1006200.7571451132,149500.57526240894,1080376.2039670013
ivo grbic__1996-01-18,,,,,,1303443.1950311298,,,,,,,,,,,1364951.5803454206,,1334197.3876882752,43492.99635557013,1334197.3876882752
ivor pandur__2000-03-25,Ivor Pandur,GK,2100000.000000001,1886398.9478744855,,1949192.2066425094,1918655.3204248918,,2035730.632683623,1776412.4852977528,,,,,,,,,1913277.9185846527,94562.20918356752,1918655.3204248918
iyad mohamed__2001-03-05,,,,,,,1079052.919897137,,,,,,,,,1180958.4470927923,1097747.470683981,,1119252.9458913032,54249.868351689845,1097747.470683981
izzet celik__2004-06-20,,,,,,,,,494982.2264214795,,,438610.28705020476,,,,,,,466796.2567358421,39860.98059806528,466796.2567358421
jacen russellrowe__2002-09-13,,,,,,,,,,,981027.7383267416,,,,,,996103.1268487091,,988565.4325877253,10659.90945290503,988565.4325877253
jack aitchison__2000-03-05,,,,,519237.99606774945,,,,,,,,,,,550297.3760442646,,,534767.686056007,21962.298200843565,534767.686056007
jack baldwin__1993-06-30,,,,,,248855.60233336955,,,,,,,247129.68207195977,,227419.98629549475,,,232868.6512408426,239068.48048541666,10565.60496201523,239999.16665640118
jack burroughs__2001-03-21,,,,,,,,,,552334.9430073402,,,,,,,514198.5498865454,603538.5150631632,556690.6693190163,44828.97063525431,552334.9430073402
jack byrne__1996-04-24,Jack Byrne,MID,662499.9999999998,647585.8145879694,,,,,,613726.9693440187,,,,,,,,,630656.3919659941,23941.819075143438,630656.3919659941
jack clarke__2000-11-23,,,,,,,,,,,,,,,,5472045.070956626,,,5472045.070956626,,5472045.070956626
jack duncan__1993-04-19,,,,,,,,,,,232031.19578738377,224561.8652150056,,238027.61750889462,,,,,231540.22617042798,6746.288578446279,232031.19578738377
jack grimmer__1994-01-25,Jack Grimmer,DEF,525000.0000000003,738145.2019867686,,,,620913.2596062202,,,,,,,,,,,679529.2307964944,82895.50142895643,679529.2307964944
jack hamilton__1994-03-22,,,,,,,,,154854.2458549102,,,,,,,149897.4787574328,,,152375.8623061715,3504.963627388626,152375.8623061715
jack harrison__1996-11-20,,,,,5426923.767247881,,,,,,,6539126.444544353,,,,,,,5983025.105896117,786446.0551701686,5983025.105896117
jack hinchy__2003-01-30,,,,,,,,,,,,,,260543.0075295509,238878.0674177203,,,,249710.5374736356,15319.426067075854,249710.5374736356
jack hinshelwood__2005-04-11,,,,,,,,,,,,,13852834.922321321,15812817.254411945,,,17690364.87959262,,15785339.018775294,1918912.539256008,15812817.254411945
jack iredale__1996-05-02,,,,,560343.4908352899,,,483398.7026810168,,,476073.3005010674,,,,,,,,506605.1646724581,46682.66437727904,483398.7026810168
jack mcmillan__1997-12-18,,,,,,,,,,357856.539410054,,,,399583.42379925796,388803.9696741016,,,,382081.3109611378,21660.53612761557,388803.9696741016
jack milne__2003-02-10,,,,,,,,,,468262.50952988357,333474.4001285325,414561.7495783159,344776.93708097027,,434750.4059252517,,442948.324939733,,406462.3878637811,55042.94952163034,424656.07775178377
jack payne__1994-10-25,,,,,,,,,,,,,,511036.7021389514,,,,,511036.7021389514,,511036.7021389514
jack robinson__1993-09-01,,,,,,1804684.864186197,,,,,,,,,,1982541.8174353542,,1543446.0518467799,1776890.9111561105,220863.42093754016,1804684.864186197
jack simpson__1996-12-18,,,,,,,,,,528636.311157796,,,,,,,,,528636.311157796,,528636.311157796
jack stacey__1996-04-06,,,,,,2392839.6788608297,3576268.0025453684,2448494.90111117,,,,,,,2341906.8563205767,2462535.925444182,,,2644409.0728564253,523119.4940655768,2448494.90111117
jack stephens__1994-01-27,,,,,,3177577.4345082645,,,,,,,,2717320.276258383,,,,,2947448.8553833235,325450.9576881412,2947448.8553833235
jack thomson__2000-01-20,,,,,,,,367998.8442138908,,354720.3502684667,346775.399698517,,,,,363084.64266498084,,,358144.80921146384,9354.042835460692,358902.49646672374
jack vale__2001-03-03,Jack Vale,MID,649999.9999999995,623823.0010075354,,,,,601263.3409044808,,,,706547.0523316995,,,633022.1792925446,,,641163.8933840651,45585.10582383293,628422.59015004
jack walton__1998-04-23,,,,,,,,,,,,728085.5946215093,,,,,,,728085.5946215093,,728085.5946215093
jackson muleka__1999-10-04,,,,,,2312973.1409546062,,,,2083906.5501183746,,,1466805.708245659,,,,,,1954561.79977288,437661.2609950376,2083906.5501183746
jackson smith__2001-10-14,,,,,,,367767.20920050103,401252.28291697067,,,352745.2950756032,,,,,,375590.33584262774,,374338.78075892566,20292.586209762932,371678.7725215644
jacob ambk__2008-03-28,,,,,,,533190.8529754461,,548885.1164449917,,,495532.21159807127,,,,,,,525869.3936728364,27419.626887340462,533190.8529754461
jacob andersen__2004-01-26,,,,,,1095725.8651620112,,,,,1115042.1202049924,,,,,,,,1105383.992683502,13658.654928020798,1105383.992683502
jacob barrett laursen__1994-11-17,Jacob Barrett Laursen,DEF,562500.0000000003,448660.3343881159,,414532.1621951464,,,436483.1466373995,,,,339725.4012112065,,,,,331034.92762875406,394087.19441212446,55055.50378054052,414532.1621951464
jacob brown__1998-04-10,,,,,,,1041712.6322835707,,,,,,,,982760.0728876739,,,,1012236.3525856223,41685.75451714138,1012236.3525856223
jacob bruun larsen__1998-09-19,Jacob Bruun Larsen,MID,6300000.000000002,7895918.820642411,,,,,,7345541.987758751,,,,,,,7911961.398512977,,7717807.402304713,322491.0777471076,7895918.820642411
jacob christensen__2001-06-25,,,,,1431593.5272022318,,,,,,,1369139.9842153052,,1472492.296373528,,,,,1424408.6025970217,52049.423275379304,1431593.5272022318
jacob murphy__1995-02-24,,,,,,16203695.896527477,,18188801.848081406,,,,16450958.89636221,,,,,,,16947818.880323697,1081810.4235356422,16450958.89636221
jacob ondrejka__2002-09-02,,,,,,,,,,,6597559.861254419,,,,,6805552.964833735,,6733352.14590328,6712154.990663812,105604.31964092924,6733352.14590328
jacob trenskow__2000-11-26,,,,,2040244.9121086162,,2184695.2283247015,1980049.7374374392,,,2153457.2593302033,,1849059.5923525793,,,,,2035002.2191675708,2040418.1581201851,121561.11278402379,2037623.5656380935
jacob wright__2005-09-21,,,,,,,,,,,2016160.4816553341,,,,,,,,2016160.4816553341,,2016160.4816553341
jacopo fazzini__2003-03-16,,,,,,,,,,,,,,,,5712339.737035798,,,5712339.737035798,,5712339.737035798
jacopo petriccione__1995-02-22,,,,,,,,1048272.5540784671,,,,,,,1036845.9207524813,,,,1042559.2374154741,8079.849910936717,1042559.2374154741
jacopo segre__1997-02-17,,,,,,,2097656.1268190593,,1967762.5415195776,,,,,,,,2121506.4183841795,,2062308.3622409387,82742.93482734424,2097656.1268190593
jacques ekomie__2003-08-19,,,,,4110323.951294734,3281229.3035249817,,,,,,,,3005110.7507553226,3170793.2262200434,,,,3391864.3079487705,492231.34821584186,3226011.264872513
jaden philogene__2002-02-08,,,,,,,,,,,,10148635.475241845,8151268.456305168,,,,,,9149951.965773506,1412351.7636084843,9149951.965773506
jaden slory__2005-05-09,Jaden Slory,MID,1550000.0000000012,1685575.8299998727,,,,,,,,,,,1489308.0829302578,,1545820.4227884328,,1573568.1119061876,101033.20158976092,1545820.4227884328
jadon sancho__2000-03-25,Jadon Sancho,MID,20999999.99999998,24436918.53048261,,,,,24464901.377751533,,,,,,,,,33338827.88110107,27413549.26311174,5131460.882198802,24464901.377751533
jahmai simpsonpusey__2005-11-04,Jahmai Simpson-Pusey,DEF,3200000.0000000023,2261546.264331306,,,,,,,,,,,,,,2028737.2207650694,2145141.7425481877,164620.85342724022,2145141.7425481877
jahnoah markelo__2003-01-04,,,,,,,,,,,,,,,,,1145779.2527593866,832558.1429214837,989168.6978404352,221480.7707771575,989168.6978404352
jaidon anthony__1999-12-01,Jaidon Anthony,MID,10750000.000000006,9187430.95244318,,,,8552001.76104627,,,,,,,,,,,8869716.356744725,449316.29020064016,8869716.356744725
jairo riedewald__1996-09-09,,,,,2940218.227476495,,,,,,,,3167066.5732069057,3499723.748359444,,,,,3202336.1830142816,281415.29099641775,3167066.5732069057
jak alnwick__1993-06-17,,,,,,,512070.28549530247,,558833.2521821437,553467.779333577,,,,,,,563215.2101415531,,546896.6317881441,23557.25848565271,556150.5157578604
jaka bijol__1999-02-05,,,,,,,,,,15028974.376050314,,16029068.485493477,,,,14322790.696778031,,17477297.33799026,15714532.72407802,1367870.3579377122,15529021.430771895
jake caprice__1992-11-11,,,,,,,,,,,283374.06335153355,280844.4471310644,,,217106.84142781442,,,,260441.78397013745,37550.468351480566,280844.4471310644
jake clarkesalter__1997-09-22,,,,,,,2638401.8822353357,,,,,,2601587.4681374105,,,2801123.2433756157,,,2680370.8645827877,106182.28670281317,2638401.8822353357
jake eastwood__1996-10-03,,,,,,,,,,,,,,,201518.01074746574,,173149.9710202585,,187333.99088386213,20059.23326007762,187333.99088386213
jake mulraney__1996-04-05,Jake Mulraney,MID,449999.99999999994,283006.8416007801,,,,,,,,,,,,,,,283006.8416007801,,283006.8416007801
jake obrien__2001-05-15,,,,,13278820.958798962,,,,,,,,,,,,,,13278820.958798962,,13278820.958798962
jake young__2001-07-22,,,,,633451.265657345,,,,,,517385.5274372398,,,,581366.9819736445,,,,577401.2583560763,58134.4056476257,581366.9819736445
jakob bonde__1993-12-29,,,,,654189.1772651785,606464.410358178,643845.0788794693,,,,604548.8086939966,,,,,,581308.2500944443,599373.1521874379,614954.8129131175,28032.95922142798,605506.6095260873
jakob breum__2003-11-17,Jakob Breum,MID,6999999.999999995,5661081.170545211,,,,,5159417.674763059,,,6272707.783038222,,,7004528.043832395,4599189.324098829,6121197.0471544415,,5803020.1739053605,854288.441553918,5891139.108849826
jakob busk__1993-09-12,,,,,,,,,331884.0383215769,,,,,371780.3189620815,,,,,351832.1786418292,28210.93058502239,351832.1786418292
jakob haugaard__1992-05-01,Jakob Haugaard,GK,412500.00000000006,378833.2087779689,,,,,440051.56628740544,,410375.34549554496,,,,,,,,409753.3735203065,30613.917764503505,410375.34549554496
jakob jessen__2004-03-05,,,,,,,,,,359819.5965501396,,,,346616.18768595543,,,380781.13589848677,,362405.6400448606,17228.65744359318,359819.5965501396
jakob kiilerich__2000-05-10,Jakob Kiilerich,DEF,1200000.0000000005,1480091.4914940547,1464327.4460612198,,,,1495630.7438737485,1540019.496872684,1457820.7545923537,,,,,,,,1487577.9865788121,32776.08503338838,1480091.4914940547
jakub brabec__1992-08-06,Jakub Brabec,DEF,1749999.9999999998,1293727.724974099,,1426215.1843828296,,1249729.946695789,,,,,,1322122.6466499907,1446898.773422679,1423361.8880414248,1524717.9393584828,,1383824.8719321848,97549.47223454161,1423361.8880414248
jakub hromada__1996-05-25,Jakub Hromada,MID,999999.9999999997,587069.3501563952,,,,,,,,,,,,,686570.0948989261,,636819.7225276607,70357.65134055528,636819.7225276607
jakub kaminski__2002-06-05,,,,,,,,,,,9753141.209432742,,,,,,,,9753141.209432742,,9753141.209432742
jakub kiwior__2000-02-15,,,,,,,,27397186.46914615,,,,30952780.579945475,,,,,,,29174983.52454581,2514184.7068931544,29174983.52454581
jakub moder__1999-04-07,,,,,,,,,5241189.2817137,,,,,,,,6144485.518897703,5775160.489231445,5720278.429947616,454142.1070007932,5775160.489231445
jakub piotrowski__1997-10-04,,,,,2054466.4360260083,,2106411.820269178,,2189866.404749604,2193225.22035337,,2114318.646460389,2172543.8411270753,,,,2053463.9974917893,,2126328.052353916,60086.59995652126,2114318.646460389
jakub stolarczyk__2000-12-19,Jakub Stolarczyk,GK,1499999.9999999986,2574991.482797011,,,,,2161741.3158284035,,,,,,,,,,2368366.399312707,292211.99538997526,2368366.399312707
jalen blesa__2001-02-05,,,,,,,,,,,,,438773.4235869048,,,,,,438773.4235869048,,438773.4235869048
jalmaro calvin__2003-06-30,,,,,,,,180697.70643196473,,,,213042.2760326445,,,199262.32698987145,214509.0340876762,,,201877.8358855392,15701.705451674727,206152.30151125797
jamaal lascelles__1993-11-11,,,,,,,,,,,2147174.8073242335,,,2136559.784990037,2265494.2199410917,,,,2183076.2707517873,71573.09855118013,2147174.8073242335
jamal lewis__1998-01-25,,,,,,,1358952.8913568384,,,,,,,,,,,,1358952.8913568384,,1358952.8913568384
jamal musiala__2003-02-26,,,,,97385389.21781905,,,,101369855.50137162,,,,,,,,,,99377622.35959533,2817443.128509185,99377622.35959533
jamal thiare__1993-03-31,,,,,,,,,,,,,985108.6436206014,,1073243.3104800577,,985051.9210754168,,1014467.9583920253,50900.9559258558,985108.6436206014
james abankwah__2004-01-16,James Abankwah,DEF,1050000.0000000007,1133329.9376660972,,,,,,,,,,1222378.2319732655,,,,1415944.1921198738,1257217.4539197457,144492.32763193024,1222378.2319732655
james bolton__1994-08-13,,,,,,,,,,,,,,,,345189.01458614337,398530.1512311478,,371859.5829086456,37717.87943788089,371859.5829086456
james bree__1997-12-11,James Bree,DEF,1749999.9999999998,2006134.6662956448,2130324.4123222902,,,2591176.7570586973,,2266979.196415715,,2332169.3640428954,,2079202.1982980345,2375969.2868066034,,,,2254565.1258914117,200884.91397975673,2266979.196415715
james collins__1990-12-01,,,,,,455113.7086789313,468683.8794044104,,,,,,432887.942829002,,412209.25594543904,,,622608.3472036575,478300.62681228796,83494.33264810366,455113.7086789313
james forrest__1991-07-07,,,,,929033.4217081649,1143031.5484131947,,1077682.965307974,,,,,,,,967954.4548630238,937700.2610349233,1006405.1819622448,1010301.3055482544,84665.72103654266,987179.8184126343
james furlong__2002-06-07,,,,,,517500.7093779649,,,,,,,,,,,,,517500.7093779649,,517500.7093779649
james garner__2001-03-13,,,,,35126439.73578128,,,,,,,29246753.33768426,34609230.04201846,,,30076989.830198865,,,32264853.236420717,3032075.921597007,32343109.936108664
james gomez__2001-11-14,,,,,905027.6763713768,,,,,,,,794179.7540544787,,,,,,849603.7152129278,78381.3175507183,849603.7152129278
james hill__2002-01-10,,,,,,,6480863.387635522,,,,,,,,,,,,6480863.387635522,,6480863.387635522
james husband__1994-01-03,,,,,,,434020.3354362624,503365.9988243895,,,440926.0364586003,,,,494455.10420879937,,,505535.37905658426,475660.57079692715,35191.35715448508,494455.10420879937
james justin__1998-02-23,,,,,,,,5612108.547150308,7560343.615481713,,,,,,,,,,6586226.081316011,1377610.228162573,6586226.081316011
james maddison__1996-11-23,James Maddison,MID,36000000.000000045,46671814.15433899,,,40518287.807953045,44003827.49428304,39911656.42759124,,,48082876.0555108,38910889.560019195,,42513637.87358648,45080561.45638068,,,43211693.85370793,3315545.058054458,43258732.68393476
james mcatee__2002-10-18,,,,,,,,,,,12899157.822309216,,,,12867744.568317967,11421885.231923765,,9785811.121939827,11743649.686122693,1475968.89808677,12144814.900120866
james mcclean__1989-04-22,,,,,322859.6976303221,,,247227.23910527685,,,,,,,,,298698.1938290395,319306.05245253415,297022.79575429315,34863.9902493748,309002.12314078683
james mcconnell__2004-09-13,,,,,,,,,,,,,,3002448.0837221737,,,,,3002448.0837221737,,3002448.0837221737
james mcgarry__1998-04-09,,,,,555108.0295177936,,,,,537712.8407253464,,,,,,,,,546410.43512157,12300.255955159653,546410.43512157
james milner__1986-01-04,,,,,,434597.99823545106,311088.77548176574,,,,,466329.9463913773,,,,,,,404005.57336953137,82017.54465191891,434597.99823545106
james morris__2001-11-23,,,,,,972602.5210070661,1002668.5508909388,,,964710.8705375388,,,,,,,,981669.4463022175,980412.8471844404,16375.272561915508,977135.9836546418
james olayinka__2000-10-05,,,,,,276859.4792846109,,,252444.85210789047,,,,,,,288730.08500124,,,272678.1387979138,18500.465878740004,276859.4792846109
james penrice__1998-12-22,,,,,,,,,,,,,,,,1772433.685003874,,,1772433.685003874,,1772433.685003874
james sands__2000-07-06,,,,,,,,,2269995.3401736333,,,,,,,,,,2269995.3401736333,,2269995.3401736333
james shea__1991-06-16,,,,,,,,235028.79317252632,261855.44796948455,,,,,,,246518.80725028616,,249106.28153976295,248127.332483015,11008.762896866832,247812.54439502454
james tarkowski__1992-11-19,James Tarkowski,DEF,10250000.000000004,9520563.072578654,,,,,,,,,,,,,,,9520563.072578654,,9520563.072578654
james tavernier__1991-10-31,,,,,,,,,,,2571799.0943156253,3517403.3289057827,2824542.5953722605,,,2749223.066767667,,,2915742.021340334,414865.0236725874,2786882.831069964
james tilley__1998-06-13,James Tilley,DEF,499999.99999999977,518940.05897940433,528522.586770677,507349.0894195069,,,563001.0442475156,523513.48029968684,,,517362.96952186694,,,,,534776.5681296369,527637.9710526136,17852.023843101782,523513.48029968684
james trafford__2002-10-10,,,,,,,,,20764334.92793843,,,,,,,18137312.070271,,,19450823.499104716,1857585.676988703,19450823.499104716
james wardprowse__1994-11-01,,,,,,5721182.809138277,4748261.132613486,4834398.63625787,,,,,,,,5234950.454722285,,,5134698.25818298,444795.1387500274,5034674.545490078
james wilson__2007-03-06,,,,,,,,,,1018148.3037926402,,,,,,,,,1018148.3037926402,,1018148.3037926402
jamie brandon__1998-02-05,Jamie Brandon,DEF,337500.00000000006,372437.84487934224,350130.29646868503,,214388.78028323795,,,,,,,,,,,,312318.9738770884,85540.3342992078,350130.29646868503
jamie cumming__1999-09-04,,,,,,,,,,,,,1079616.7877543347,,1208543.9163467744,,,,1144080.3520505545,91165.24690662413,1144080.3520505545
jamie donley__2005-01-03,,,,,,,,,,,,,,,1433980.3498448571,,,,1433980.3498448571,,1433980.3498448571
jamie gittens__2004-08-08,Jamie Gittens,MID,33999999.99999994,35477288.89926714,,,,,,30390403.05214016,,,,,30688093.22229351,,,,32185261.724566936,2854862.001669244,30688093.22229351
jamie lawrence__2002-11-10,Jamie Lawrence,DEF,1499999.9999999986,1849268.7263920808,,,1996187.8477668043,,,,,,1834019.95980978,,,,,,1893158.8446562216,89550.89520513297,1849268.7263920808
jamie leweling__2001-02-26,,,,,,,,,13302926.057910185,,,,,,,,,,13302926.057910185,,13302926.057910185
jamie maclaren__1993-07-29,,,,,,,,,851788.3879557867,,,,859476.5148285958,,,,,,855632.4513921912,5436.326646385867,855632.4513921912
jamie mccart__1997-06-20,Jamie McCart,DEF,600000.0000000003,764791.435319541,,,615777.5392046049,,,,,852502.8064569666,,,,,,,744357.2603270374,119678.23390092161,764791.435319541
jamie mcdonnell__2004-02-16,,,,,,,,,1266695.1818151462,1373713.3187556667,,,,,,,,,1320204.2502854066,75673.25034059261,1320204.2502854066
jamie mcgrath__1996-09-30,,,,,1734576.7433696804,,,,,,1890449.9651244693,,813895.6578226085,,,,,1884921.6409843727,1580961.0018252828,516450.23205925786,1809749.1921770265
jamie sneddon__1997-09-06,,,,,,,,,,,,,134186.58605277003,126219.01310698499,,,,128999.37607872741,129801.65841282747,4043.9210389556583,128999.37607872741
jamie sterry__1995-11-21,Jamie Sterry,DEF,324999.9999999999,422610.4218756804,426128.65570860496,,,,448361.8694671582,439560.52343990025,,428650.10728189093,,,,,,,433062.31555464695,10642.936129436039,428650.10728189093
jamie walker__1993-06-25,,,,,,,,,,,,412010.73132984893,317272.89523323224,,,,396467.0694720885,,375250.23201172316,50807.77539837796,396467.0694720885
jamil siebert__2002-04-02,Jamil Siebert,DEF,3149999.9999999995,3021797.9971725135,,,,,,,,,,,3207299.5017628544,3302837.6343906694,,3664779.4937599124,3299178.6567714876,270221.61865680845,3255068.568076762
jamilu collins__1994-08-05,,,,,,,,,,,,,,,,,,912677.2688581239,912677.2688581239,,912677.2688581239
jan bednarek__1996-04-12,Jan Bednarek,DEF,15000000.00000001,12116638.646862136,,11891527.432062333,,10532173.291726021,10773429.38113838,8952824.021826958,,10305892.42442032,,,,,,11369799.484378526,10848897.811773526,1077152.3008853977,10773429.38113838
jan boller__2000-03-14,Jan Boller,DEF,562500.0000000003,465394.51095585554,,,,,471443.8759990394,,,481547.8074211838,468149.30036780285,,472069.1104150295,466304.90692309785,,459911.58831295255,469260.1571992802,6781.736038030994,468149.30036780285
jan faberski__2006-04-22,,,,,,,1270597.0341980173,,,,,1013481.8599764626,,,,,,,1142039.44708724,181807.88323802198,1142039.44708724
jan hurtado__2000-03-05,,,,,,,,,,,,1814286.867672537,,,,1663966.0693558147,,,1739126.4685141759,106292.85584312968,1739126.4685141759
jan kliment__1993-09-01,,,,,,,900732.0644299691,,1099483.9495485565,1094109.4387525162,,,,,,1041592.7521880119,1219181.8809396361,,1071020.017171738,115281.4008024165,1094109.4387525162
jan kuchta__1997-01-08,,,,,2356732.9013119563,,1254159.0321066529,,,,,2680831.5019516684,,,2659744.4110793825,,,,2237866.961612415,672311.5767162049,2508238.6561956694
jan mlakar__1998-10-23,,,,,,1133529.326029632,,,944299.1359052081,,,,,973587.7660902729,,,,,1017138.7426750377,101855.44602399251,973587.7660902729
jan oblak__1993-01-07,Jan Oblak,GK,30999999.999999978,24859100.13860335,,,,,,,,26878189.308094922,,24973744.44207549,,,,,25570344.629591256,1134076.323003627,24973744.44207549
jan olschowsky__2001-11-18,,,,,,601313.1524017185,,,814958.0980940206,,,,,,,,,749428.6014670093,721899.9506542495,109450.4941361382,749428.6014670093
jan paul van hecke__2000-06-08,,,,,31004712.489300426,,,25780776.551032115,,26885036.480852555,,,28439942.811509803,,,,,28164474.82410569,28054988.63136012,1962261.2215315513,28164474.82410569
jan schoppner__1999-06-12,,,,,,3156140.404804302,,2878214.8428838933,,,,,3126977.673236172,3842737.735270516,,,,,3251017.664048721,413723.82084255613,3141559.039020237
jan thielmann__2002-05-26,,,,,,,,,,2899050.5816505207,,,,,,,3012901.342530294,,2955975.9620904075,80504.64506133572,2955975.9620904075
jan urbich__2004-06-23,,,,,,667823.7791545449,,683057.4572501672,,,701815.2184857365,,726857.1308982811,,,,,,694888.3964471824,25445.664184945592,692436.3378679518
jan zamburek__2001-02-13,,,,,,,992402.0944604854,845569.8680766976,,,,,,,,846045.1556846783,,854058.2385956785,884518.839204385,72027.52166030246,850051.6971401784
jancarlo simic__2005-05-02,Jan-Carlo Simić,DEF,4300000.000000002,3777252.77160803,3811422.956902508,,,,,,4332224.700784625,,,,3705149.6773873344,3190850.5520818327,,,3763380.1317528663,405359.59724537906,3777252.77160803
janik haberer__1994-04-02,,,,,,,,,2647937.998802234,,3177882.2223731377,,,3277504.742743371,,3211544.7664657882,3141795.319283441,,3091333.009933594,252857.23602507127,3177882.2223731377
janis blaswich__1991-05-02,Janis Blaswich,GK,1262500.0,818150.072142242,,,,790666.5573452736,,,,,,,,711070.5726410922,,,773295.7340428693,55613.07337314399,790666.5573452736
jankat ylmaz__2004-08-16,,,,,,851731.5549123265,,,,,,,,,,,,1004233.0261313056,927982.2905218161,107834.82443986523,927982.2905218161
jannes wieckhoff__2000-08-02,,,,,,,593404.5236973723,,,,,,760235.7649067863,,,,,,676820.1443020792,117967.50197294522,676820.1443020792
janni serra__1998-03-13,,,,,,,,553333.9452963101,,,540322.3022360046,,606949.2813402895,,,539919.9113535873,,,560131.3600565478,31827.786765463075,546828.1237661573
jannich storch__1993-05-12,,,,,,,,422752.28936749534,,,,,,,,,,,422752.28936749534,,422752.28936749534
jannik vestergaard__1992-08-03,,,,,,,,3119522.999171543,,,2895759.7748686867,,,,,,3691775.484244851,,3235686.086095027,410524.8463444133,3119522.999171543
jannik wanner__1999-12-20,,,,,,,,,,,,,,430878.77446370124,535622.0045484466,,,,483250.3895060739,74064.64827630625,483250.3895060739
janoi donacien__1993-11-03,,,,,,,,384557.01372205786,,406682.9444617406,,,,,,,,,395619.97909189924,15645.395666093556,395619.97909189924
jaouen hadjam__2003-03-26,,,,,1986780.5111728157,,,,,,,,,,,,,,1986780.5111728157,,1986780.5111728157
japhet sery larsen__2000-04-10,Japhet Sery Larsen,DEF,1699999.9999999988,1367523.2538398183,,1332803.5190500254,,,1502643.3672602961,,,1467824.735450524,1378782.2431370171,1410025.0027781546,,,,,1409933.6869193057,64287.76982725827,1394403.6229575858
jari de busser__1999-10-21,,,,,2605449.1950594936,,,,,,,,,,,,2268861.9320974527,,2437155.5635784734,238003.13610147883,2437155.5635784734
jari vandeputte__1996-02-14,,,,,,,,3082654.5956697473,,,,,3291008.7677711076,,,,,,3186831.6817204272,147328.64798138084,3186831.6817204272
jarne steuckers__2002-02-04,,,,,,,13704334.057958528,,,,,,,13007168.34096635,,12048132.712704085,,,12919878.370542988,831543.972504185,13007168.34096635
jarrad branthwaite__2002-06-27,,,,,,,,,,,,31741605.35135643,,,,,,,31741605.35135643,,31741605.35135643
jarrod bowen__1996-12-20,,,,,,,,36623237.12647519,,,35676574.98807301,,,38022050.23952474,,,,,36773954.11802431,1179978.9182224167,36623237.12647519
jason cummings__1995-08-01,,,,,1276262.6643757904,,,,1007920.4145621988,,1085032.7884580176,1057213.1225533816,1455807.0142964986,,,,,,1176447.2008491773,186399.8860276212,1085032.7884580176
jason davidson__1991-06-29,,,,,,,,,,,344595.7882306926,,,,,,,301072.51676092774,322834.1524958102,30775.60039569374,322834.1524958102
jason kerr__1997-02-06,,,,,735173.7907905565,,854000.9032813477,781693.4528162577,,723687.286342734,,,,,,,,,773638.858307724,59154.193218270535,758433.6218034071
jason lokilo__1998-09-17,,,,,,,,,835009.0500996737,,,,,,,,786231.2467042955,,810620.1484019846,34491.1155522561,810620.1484019846
jason steele__1990-08-18,,,,,,,,,,,,,,,,,,468998.32549090945,468998.32549090945,,468998.32549090945
jasper cillessen__1989-04-22,,,,,,,,760700.9975801063,,,,872283.3536300686,,769255.346071461,932853.527747294,,,,833773.3062572324,83270.73019397983,820769.3498507647
jasper dahlhaus__2001-11-27,,,,,,,,,,,,1131041.677013,,,,1134440.5365087024,,,1132741.106760851,2403.356597711479,1132741.106760851
jasper samooja__2003-07-21,Jasper Samooja,GK,362499.9999999997,437396.67776044033,,438534.75257490174,401706.683451642,,391519.10681810277,,,429148.15360847703,,,,,,,419661.0748427127,21651.2269861524,429148.15360847703
jasper schendelaar__2000-09-02,Jasper Schendelaar,GK,2499999.9999999995,2801489.7917469265,,,,2769382.5544716245,,,,2266302.7220465206,,2402907.6929141497,,,2124668.500146321,,2472950.2522651083,301960.1296194531,2402907.6929141497
jaures assoumou__2002-10-17,,,,,,,,883343.4689615697,,1012005.6207141641,,,1000461.8903792555,959671.8748760007,,961603.3324167964,835551.7723713246,,942106.3266198519,68973.77955196603,960637.6036463985
jawad el yamiq__1992-02-29,,,,,,,,,,,1339630.5255164884,,1284125.8600114556,,,1445340.7561214603,,,1356365.7138831348,81900.00353595999,1339630.5255164884
jay idzes__2000-06-02,,,,,,,,,2797960.348784203,,,,2141871.0742532085,,,,,,2469915.711518706,463925.1750846288,2469915.711518706
jay rodriguez__1989-07-29,,,,,,,,,,,,,,,405556.96841871954,367538.1285284246,,,386547.54847357207,26883.37949927317,386547.54847357207
jay stansfield__2002-11-24,,,,,,5054438.229918406,,,,,3481801.856936989,,,4108450.317487775,,,,,4214896.801447723,791703.4993396288,4108450.317487775
jaydee canvot__2006-07-29,Jaydee Canvot,DEF,11749999.999999994,5920051.073937828,,,,,5855778.991803142,,,,,,4572207.404637727,,,,5449345.823459566,760303.6100568235,5855778.991803142
jayden addai__2005-08-26,Jayden Addai,MID,6549999.999999996,5715804.820717343,,,,6538450.4587454,,,,,,,,4866487.918126007,,,5706914.399196249,836016.7247159183,5715804.820717343
jayden bogle__2000-07-27,,,,,,13813152.212406013,,,11888144.268714454,,,,,,,,,,12850648.240560234,1361186.170822273,12850648.240560234
jayden candelaria__2004-03-02,,,,,,,,,292667.261613536,,,,,,,,,,292667.261613536,,292667.261613536
jayden oosterwolde__2001-04-26,,,,,,,,10441353.279368814,,,,,,,,,,8671759.245039986,9556556.262204401,1251291.941621174,9556556.262204401
jayden richardson__2000-09-04,,,,,357920.4752180244,,,,,,631383.6629718057,,404412.8167735015,399715.54071022494,405305.90615728736,371708.3663912858,408930.2719020903,415046.9009695499,424302.9926367213,85971.99237768346,404859.36146539444
jayden stockley__1993-09-15,,,,,,,,404510.08401320863,,,,450526.43649981596,370924.71089602844,,,,,,408653.7438030177,39962.30870602236,404510.08401320863
jaydon banel__2004-10-19,,,,,,,,,,1208441.2259628389,,,1257733.6400442014,,,,,,1233087.4330035201,34855.000257986714,1233087.4330035201
jaygo van ommeren__2008-05-08,,,,,,,,757531.9358721586,,,,800375.8234895621,,,,,,831771.4345845843,796559.7313154349,37266.576336969025,800375.8234895621
jayroy grot__1998-03-13,,,,,,,,,,,,,1215104.303525082,,,,,,1215104.303525082,,1215104.303525082
jayson molumby__1999-08-06,,,,,,,,1628439.2273465202,,,1762147.1807352141,,,,,1939213.3175109555,,,1776599.9085308965,155890.32935026858,1762147.1807352141
jean butez__1995-06-08,,,,,4997220.525029878,,,,,5951602.532035032,,,,,,4863784.14203064,,,5270869.066365183,593295.7572232777,4997220.525029878
jean onana__2000-01-08,,,,,3352378.6923625986,2926936.587508509,,,,,,,,2717567.2516655433,,,,3287902.2704097205,3071196.200486593,301047.82779485086,3107419.4289591145
jeankevin duverne__1997-07-12,,,,,,,,,,,3026105.48042261,2559413.5402708435,2128102.8539080094,,,,,1615145.4734020012,2332191.837000866,602481.9907499257,2343758.197089426
jeanluc dompe__1995-08-12,Jean-Luc Dompé,MID,3750000.0000000023,4236002.827772277,,,,,4357170.458329274,,,,,,,3992835.960241572,3481333.3212056817,,4016835.6418872015,387814.71642432024,4114419.3940069247
jeanmatteo bahoya__2005-05-07,,,,,11843132.762416193,,,,,,10951377.212844945,,,11686157.992684953,,,10423770.585115708,,11226109.63826545,661207.9566791608,11318767.60276495
jeanphilippe gbamin__1995-09-25,,,,,,,1598203.6776840067,,,,,,,,1719205.680978631,1705580.1702171268,,,1674329.8429599216,66278.26503153113,1705580.1702171268
jeanphilippe krasso__1997-07-17,,,,,,,,,,,,3527233.274963462,3477382.934359977,,,,,3539262.066669433,3514626.091997624,32809.48872800933,3527233.274963462
jeanphilippe mateta__1997-06-28,,,,,,,,33294943.083175536,36596442.04062816,,38410252.70141692,37885679.13724571,,,,37977649.6717448,,,36832993.326842226,2090447.842912719,37885679.13724571
jeanpierre nsame__1993-05-01,Jean-Pierre Nsame,MID,2050000.000000001,1426415.0002024136,,,,,1295247.166752524,,,,,,,,,,1360831.0834774687,92749.66450596464,1360831.0834774687
jeanricner bellegarde__1998-06-27,,,,,,,,7935959.518327805,8434216.319474705,,,,7219797.463893822,,,8688326.79847583,,,8069575.0250430405,646990.9937030303,8185087.918901255
jeanuel belocian__2005-02-17,,,,,,,,,,,,,,3614679.9315928435,,3957360.391228879,,2902486.275712893,3491508.8661782052,538115.3997173295,3614679.9315928435
jeanvictor makengo__1998-06-12,,,,,1979998.6096798116,,,,1987392.8831257327,,,,,1937250.8842437842,,,,,1968214.1256831095,27068.626863413763,1979998.6096798116
jeff ekhator__2006-11-11,,,,,,,,,,,2412490.7503886,2179150.517823767,2084186.8011395612,,2187428.8491468783,,2610524.258203042,,2294756.23534037,213772.1898806924,2187428.8491468783
jeff hardeveld__1995-02-27,,,,,,,772180.2175196619,,,,,,989161.4408050515,,,,,,880670.8291623567,153428.8943752514,880670.8291623567
jeff reineadelaide__1998-01-17,,,,,,1867497.2285789025,,,,,,,,,,,,1712470.397425578,1789983.8130022404,109620.52357437773,1789983.8130022404
jefferson lerma__1994-10-25,,,,,7383737.7233310295,,,,,,7140384.548909952,,,,,,,,7262061.136120491,172076.67985641665,7262061.136120491
jeffrey de lange__1998-04-01,,,,,,,,,,3881396.1147761983,3546690.5142400353,,3135525.2621063287,,3374664.161442762,,,,3484569.0131413313,313709.7629200993,3460677.3378413985
jeffrey gouweleeuw__1991-07-10,,,,,,2906218.6240805523,,3142189.187199978,,,,,,,,,2753354.2185302875,,2933920.676603606,195892.09019402074,2906218.6240805523
jeffrey schlupp__1992-12-23,,,,,,2434282.6687682685,,2126286.477310829,,,1867326.3958266745,,1839115.6099682108,,,,,1250286.074308543,1903459.4452365052,436894.254868895,1867326.3958266745
jelle duin__1999-01-27,,,,,402367.32857344917,,,344919.8045571488,,,360284.80785279407,,,397096.2268788765,,,,,376167.0419655671,28006.671857146535,378690.51736583526
jelle van neck__2004-03-07,,,,,,,,446313.2819841805,,,,,434707.6592392206,,,,,,440510.47061170056,8206.414542853976,440510.47061170056
jens castrop__2003-07-29,,,,,,5075865.421912896,,,,,,,,5068295.840803477,5648850.214394556,5354389.720069818,,,5286850.299295187,275612.1560581996,5215127.570991358
jens grahl__1988-09-22,,,,,87732.33551364226,,,,95603.48314548403,,86981.74942852216,122081.53835775242,106547.04867972407,85342.59693216982,,,,,97381.4586762158,14446.154475914214,91667.90932956315
jens martin gammelby__1995-02-05,,,,,,449691.91542299534,,,,440761.98643938324,,,,,420696.4049166095,,431131.97618678294,,435570.57074144273,12480.719839941514,435946.9813130831
jens odgaard__1999-03-31,,,,,,,,,,,,10205764.085163858,,,,,,,10205764.085163858,,10205764.085163858
jens petter hauge__1999-10-12,,,,,,,,,,4513132.067765774,4089365.7632845473,,,4956805.196802339,4544170.98381775,4771892.1571390545,,,4575073.233761894,326021.61898412806,4544170.98381775
jens stryger larsen__1991-02-21,Jens Stryger Larsen,DEF,850000.0000000005,532468.5309993884,561008.0621928251,,,,,,,585663.3455759594,459670.9334781064,564446.3484166653,575903.3404752678,,,,546526.7601897022,46188.8384279618,562727.2053047452
jens toornstra__1989-04-04,,,,,,340711.74462149217,,,,,,363875.7470399419,,308246.4147860926,,349213.48013449926,,,340511.84664550645,23542.078068097162,344962.61237799574
jensen weir__2002-01-31,Jensen Weir,MID,749999.9999999998,744835.7560090615,,,778481.5137695207,,,,,,,,,,,788792.8596916212,770703.3764900678,22987.633755855273,778481.5137695207
jenson metcalfe__2004-09-06,,,,,462821.7995877778,,395389.71348453313,,,,,,,405717.24251595314,,,,,421309.58519608807,36319.58730148125,405717.24251595314
jeppe andersen__1992-12-06,,,,,505995.7587315416,496115.3846522061,449507.1863864565,,466575.7895564718,,462842.6608641307,,,,,426141.786548788,,,467863.09445659915,29518.67472628962,464709.2252103012
jeppe grnning__1991-05-24,,,,,,436027.5870136496,,412564.4267071628,395480.7922477006,,461334.58471986855,,,,,,,548356.5082674382,450752.7797911639,59934.624026157624,436027.5870136496
jeppe kudsk__2003-02-25,,,,,,,607716.8172701744,,,583950.7601136386,,626718.8841068879,669184.4301583252,,,,,,621892.7229122566,36057.11325064425,617217.8506885311
jeppe okkels__1999-07-27,,,,,,,1193832.504160139,,,,,1146316.1251953784,,,,,1124030.8507296045,,1154726.493361707,35652.7477893221,1146316.1251953784
jeppe tverskov__1993-03-12,Jeppe Tverskov,MID,1499999.9999999986,1977824.823464487,1816080.7120897172,,,,,1994009.3783095516,,,,,,2141736.620251516,,1979661.5407613132,1981862.614975317,115338.66354664306,1979661.5407613132
jerdy schouten__1997-01-12,,,,,,,,,16423785.59208309,,20241731.42182121,,16034405.17227626,15281733.726507535,16255271.637597801,,16572378.240196368,,16801550.965080377,1745098.6562096232,16339528.614840446
jere uronen__1994-07-13,,,,,,,577059.9717054568,,528735.9525269859,693528.1481627362,490179.64365401014,,,,,,,452540.50933893974,548408.8450776257,93339.29984470448,528735.9525269859
jeredy hilterman__1998-06-20,,,,,,604086.4477457299,,,,,,,,,,,,,604086.4477457299,,604086.4477457299
jeremiah st juste__1996-10-19,,,,,,,,,,,4599806.454755097,,,,,,4012213.7818165547,4088515.439241138,4233511.891937596,319506.28443534934,4088515.439241138
jeremie boga__1997-01-03,,,,,,,,,,,,,7297209.405447296,,,,,5580829.655161016,6439019.530304156,1213663.760518702,6439019.530304156
jeremie frimpong__2000-12-10,Jeremie Frimpong,DEF,40749999.99999996,46444747.67000655,,,,,,39407812.82930073,,,,,,,,41867404.02409592,42573321.50780106,3571183.642496604,41867404.02409592
jeremy blasco__1999-02-12,,,,,,,,,,,,934288.9163851575,,,,,,,934288.9163851575,,934288.9163851575
jeremy bokila__1988-11-14,,,,,,,,,,149380.9787651061,,150464.4799373498,,155434.5551941616,,,,229169.99775727675,171112.50291347355,38794.633421223465,152949.5175657557
jeremy doku__2002-05-27,Jérémy Doku,MID,57249999.99999994,42458676.511499725,,,45127817.240621515,41721660.23450949,,,,,,,,,,,43102717.99554358,1792084.9484465187,42458676.511499725
jeremy frick__1993-03-08,,,,,,,,,,,562444.1683032692,,,,684896.814401056,,,,623670.4913521626,86587.0964299815,623670.4913521626
jeremy gelin__1997-04-24,,,,,,,,,,,1405422.5948969845,1361953.8973539695,,1223908.6504529794,,,,,1330428.380901311,94774.58334179303,1361953.8973539695
jeremy jacquet__2005-07-13,,,,,,12929460.008462742,,12686474.908762576,,,,,,,,15237915.167681921,,,13617950.02830241,1408181.7103175027,12929460.008462742
jeremy le douaron__1998-04-21,,,,,,,,,,,,,,2887476.735624006,,2913702.4707897515,,,2900589.6032068785,18544.395177301136,2900589.6032068785
jeremy livolant__1998-01-09,,,,,,,1096703.3053240092,1582884.8415065326,,1868787.025471632,,,,,,,1557533.8147236428,,1526477.246756454,319388.9752312491,1570209.3281150877
jeremy ngakia__2000-09-07,,,,,,2071908.4849906361,,,,,,,1816594.1998717785,,2090815.5364472738,,,,1993106.073769896,153155.8042287811,2071908.4849906361
jeremy petris__1998-01-28,Jeremy Petris,DEF,1200000.0000000005,1356223.3337934779,,1363952.8143945816,,,1202445.7534738167,,,,,,,,,,1307540.633887292,91096.85304352026,1356223.3337934779
jeremy sarmiento__2002-06-16,,,,,4260381.978470337,,,5206213.936018149,5055108.939790957,4221124.01750656,,,,,,,,,4685707.217946501,517727.0790438535,4657745.459130647
jeremy sebas__2003-04-14,,,,,1031442.210576333,,,,,,,,,,,1004067.4604704477,,,1017754.8355233903,19356.87143315867,1017754.8355233903
jeremy toljan__1994-08-08,,,,,2712603.938654871,,,2658544.2603101167,,2540889.6085547004,,2783229.6656678524,2552443.1634601806,,2536269.1914012632,,,,2630663.3046748308,103784.45482658099,2605493.7118851487
jeriel dorsett__2002-05-04,Jeriel Dorsett,DEF,499999.99999999977,634014.57892262,,,573601.0658379865,567713.4461430956,,,,,,,,,,,591776.3636345674,36697.63125131962,573601.0658379865
jeroen zoet__1991-01-06,,,,,,,240981.56886130202,,,307636.47582203423,,,,264099.2432316923,,,,,270905.76263834286,33844.72906245225,264099.2432316923
jerolldino bergraaf__2006-07-05,,,,,,,,,619692.1184957662,,571420.6315736698,,,,,,641852.8489149361,,610988.5329947908,36013.72808154459,619692.1184957662
jerome onguene__1997-12-22,,,,,,,,306182.57468075247,,,,,283154.3761821591,,,,351231.6583093122,331352.2989718399,317980.2270360159,29645.092220974948,318767.43682629615
jerome opoku__1998-10-14,,,,,,2632699.405219006,2629910.083759874,,,,,,,,,,,,2631304.7444894398,1972.3481186612378,2631304.7444894398
jerome prior__1995-08-08,,,,,,,,,,,,,,,,720094.8129003135,,628723.7971081908,674409.3050042521,64609.06487051308,674409.3050042521
jerome roussillon__1993-01-06,Jérôme Roussillon,DEF,1800000.000000001,1721598.477871344,1568458.774345238,1552162.6651931417,,,1337055.53814722,1547711.442313029,,,,,1446330.5086025489,,,,1528886.234412087,129007.4720872268,1549937.0537530854
jerry afriyie__2006-12-10,,,,,,,,,,,,,271442.2445922545,267522.82930786494,,,,277479.6373060432,272148.23706872086,5015.80755320286,271442.2445922545
jesper daland__2000-01-06,,,,,,,2289397.9568248126,2221808.5210270667,2071017.6854297817,,1996254.124277619,,,,,,2040605.480655083,,2123816.753642873,125502.59289079753,2071017.6854297817
jesper hansen__1985-03-31,,,,,159055.98459101966,,,133276.03275467872,,,,172252.5226716303,,,134791.3505004984,,,,149843.97262945678,19044.529783501614,146923.66754575903
jesper karlsson__1998-07-25,Jesper Karlsson,MID,4999999.999999999,6272765.276894016,5268553.219026676,,4785407.547263846,,,,,5884226.195816731,,,,,,,5552738.059750317,657743.7993804672,5576389.707421703
jesper karlstrom__1995-06-21,,,,,4410373.211692185,,5391957.106429312,,,,4081971.109223587,,,,,,3824960.3436122015,,4427315.442739321,686273.7434035385,4246172.160457886
jesper lindstrm__2000-02-29,,,,,8030978.942186911,7837363.956212778,,,,,,8487483.067925537,,,9443710.27864178,,,,8449884.061241752,716418.5493434949,8259231.005056224
jesper verlaat__1996-06-04,,,,,,,,,707245.0968371712,755916.978871215,723800.1668886357,,,,792222.5514664613,717055.2706231487,827850.7992087125,,754015.1439825575,47710.67246386667,739858.5728799254
jesse bosch__2000-02-01,,,,,,,788230.2618139343,,,,,,,,849490.0251127338,,,,818860.1434633341,43317.194042463925,818860.1434633341
jesse joronen__1993-03-21,,,,,,,,987418.5793834396,,,,1155239.9215095236,,,,,1256289.630951204,,1132982.7106147225,135810.33896725468,1155239.9215095236
jesse van de haar__2005-01-26,,,,,,,,754583.3669185628,,,,,,,,854155.7218725111,,697074.2825366105,768604.4571092281,79473.81879311345,754583.3669185628
jessic ngankam__2000-07-20,,,,,,1785923.8813518845,,,,,,1919173.0247867515,1934985.8685453725,,1771850.0469583068,,,,1852983.2054105788,85994.32402567679,1852548.453069318
jessy benet__1995-06-24,,,,,1717518.608589985,,1998864.6601238674,1610723.4428451331,,,,,,,,,,,1775702.2371863285,200505.36679882748,1717518.608589985
jessy deminguet__1998-01-07,,,,,,,,,2207533.311650074,2057681.9807775845,,,1966885.1486081714,,,,,2097068.354616825,2082292.198913164,99713.1238332216,2077375.1676972047
jesurun raksakyi__2002-10-05,,,,,,,,,,,,,,,,6532859.656716479,,,6532859.656716479,,6532859.656716479
jesus castillo__2001-06-11,,,,,1522317.967367196,1508260.9635969256,,,,,1410076.193262411,,,,,,,,1480218.3747421775,61150.17625325967,1508260.9635969256
jesus ramirez__1998-05-04,,,,,,1777974.8900882509,,1740475.272075639,,1808420.1687650513,,1852678.959329094,,,,1821561.456528878,,1888620.4681121244,1814955.2024831728,52632.32084433413,1814990.8126469646
jetro willems__1994-03-30,Jetro Willems,DEF,437499.9999999996,542432.0261441929,,,,510494.9316812459,,535555.8255073426,,,,510567.8206525169,511321.8713701646,531225.1527030595,,,523599.6046764204,14478.003190356327,521273.512036612
jhoanner chavez__2002-04-25,,,,,,,,3251709.393405075,3097184.3443576493,,,,,,,,,2607387.7393853324,2985427.1590493526,336384.97262914263,3097184.3443576493
jhon chancellor__1992-01-02,,,,,,463072.44680193637,,,,,456004.2463433593,,,475958.3845586665,,,,,465011.69256798737,10117.431175192443,463072.44680193637
jhon duran__2003-12-13,,,,,,,,,,34152305.965898104,,31097428.190360006,,,,,,,32624867.078129053,2160124.790779065,32624867.078129053
jhon lucumi__1998-06-26,,,,,,,7888742.463814763,,,8409054.117002184,,,,,7997937.240058183,,,,8098577.94029171,274367.3942331296,7997937.240058183
jhon murillo__1995-11-21,,,,,,,,,,,,,,1670190.178320949,,,,,1670190.178320949,,1670190.178320949
jhon solis__2004-10-03,,,,,,,,,,,,,,3334678.164146334,,,,,3334678.164146334,,3334678.164146334
jhonny quinonez__1998-06-11,,,,,,,,,,798903.0427875771,,,,805495.105209153,,731667.4650716842,,606215.684123917,735570.3242980829,92463.26020184036,765285.2539296306
jiaqi han__1999-07-03,,,,,,,,,,,,,,430264.9965366527,,,430226.29853020905,,430245.64753343083,27.363622774685208,430245.64753343083
jim allevinah__1995-02-27,Jim Allevinah,MID,1650000.0000000007,2018614.577363371,,,,,2016181.204594524,,2153889.1485679587,,,,,,,,2062894.9768419515,78812.65629221391,2018614.577363371
jimmy dunne__1997-10-19,,,,,,,,2250187.2725952426,,,,,,2281153.742278744,,,,,2265670.5074369935,21896.600702611486,2265670.5074369935
jindrich stanek__1996-04-27,,,,,,4292673.814120012,,3565953.9361112216,3663256.103492196,,,,,,,,,,3840627.951241143,394494.64451838215,3663256.103492196
jing reec__2003-06-12,Jing Reec,FWD,299999.99999999977,291596.9637681437,,,,306201.5439809853,,,318514.64812580985,,,,,,308196.834247148,,306127.4975305217,11088.515810115727,307199.18911406666
jiri letacek__1999-01-09,,,,,,,,,,,,,,,,,,1590137.9528897912,1590137.9528897912,,1590137.9528897912
jiri pavlenka__1992-04-14,,,,,1293356.5566240696,,1232677.0624549056,,,,,1447063.8422712518,,,,,,,1324365.8204500757,110506.12504417467,1293356.5566240696
jizz hornkamp__1998-03-07,,,,,,,,,,,,2045585.0356443743,1964437.17605117,,,,,,2005011.1058477722,57380.20179712854,2005011.1058477722
jo coppens__1990-12-21,Jo Coppens,GK,134999.99999999997,154916.59113286133,,,,116671.2260974134,,,,,,,,,,,135793.90861513736,27043.556965520118,135793.90861513736
joachim andersen__1996-05-31,,,,,15614614.27663123,14292273.714669432,,,,,,,,,,15664321.629210116,,,15190403.206836926,778199.9381591346,15614614.27663123
joachim eickmayer__1993-01-11,Joachim Eickmayer,MID,387499.99999999977,473749.495453026,,,,553636.2991345554,,613023.2388624789,,603589.9148868994,571513.4079604028,,560093.6117186791,,,,562600.9946693402,49564.4369463106,565803.5098395409
joane gadou__2007-01-17,,,,,1338827.2708647493,,,,,,1280477.0947112853,1243173.7742191176,,,,,,,1287492.7132650507,48211.11939068542,1280477.0947112853
joaquin ardaiz__1999-01-11,,,,,,714670.2620502223,666201.9383289373,,,,,,774965.3642371923,,700283.633553357,,,,714030.2995424272,45423.98273874614,707476.9478017896
joaquin blazquez__2001-01-28,,,,,,,,,,,,,,,,,599821.2975622953,,599821.2975622953,,599821.2975622953
joaquin novillo__1998-02-19,,,,,,,,1240470.2256521466,,1364055.6776473518,,,1485293.56118592,,,,,,1363273.1548284728,122413.54362137461,1364055.6776473518
joaquin panichelli__2002-10-07,,,,,,15151807.4693145,,,,,,18398473.158581,,,19611242.166091345,,,,17720507.597995613,2305724.924987625,18398473.158581
joaquin seys__2005-03-28,,,,,,8600731.93512743,,,9081306.314085381,,,,,,,8136542.121225451,,,8606193.456812752,472405.7749349686,8600731.93512743
jobe bellingham__2005-09-23,,,,,,,,,,,,,,8723545.18386785,,9898234.841245871,9051556.244586147,,9224445.42323329,606128.6570173744,9051556.244586147
jocelin ta bi__2005-02-09,Jocelin Ta Bi,MID,1512499.9999999995,4108559.260611732,3089244.7610247885,,,,,,3722647.995225128,3498787.7456173045,,,,,,3078030.4870174816,3499454.0498992866,437805.49874901056,3498787.7456173045
jocelyn janneh__2002-12-06,,,,,,899806.2932433822,,,,830560.9121421858,,958563.6264710004,,,,,994371.1161049437,1445677.2148881569,1025795.8325699337,242795.23045842664,958563.6264710004
joe aribo__1996-07-21,,,,,,,,,3164097.5501192817,,,,,,,2879855.853610485,,,3021976.7018648833,200989.2310973389,3021976.7018648833
joe bell__1999-04-27,,,,,,,,,,,4772880.586704327,,3872717.566093341,,,4834547.703782197,,,4493381.952193288,538394.7608045534,4772880.586704327
joe bryan__1993-09-17,Joe Bryan,DEF,1600000.0000000012,1613135.5902049472,,,,,,,,,,,,,,,1613135.5902049472,,1613135.5902049472
joe garner__1988-04-12,,,,,,,,,,132783.425542294,,,,,175085.36186795883,,,,153934.39370512642,29911.98603319915,153934.39370512642
joe gauci__2000-07-04,,,,,936906.1488776507,,,,,,,,813220.9033443881,,,,,,875063.5261110194,87458.67584929313,875063.5261110194
joe gelhardt__2002-05-04,,,,,4893128.121367108,,,,,,,,,,4812174.717772884,,,,4852651.419569996,57242.700641607065,4852651.419569996
joe gomez__1997-05-23,,,,,18626004.438298173,,,17743572.231851768,,,,,18163447.19639479,,,,,,18177674.622181576,441388.1109373663,18163447.19639479
joe hilton__1999-10-11,Joe Hilton,GK,185000.00000000006,156259.09564252393,189179.89140078213,,171404.04063549053,,,,,,,,,,,,172281.0092262655,16477.90956921242,171404.04063549053
joe hodge__2002-09-14,Joe Hodge,MID,1499999.9999999986,988318.1386189527,,,,,1137131.0069051187,,983854.5037846073,,,,,,,,1036434.5497695595,87234.24424343757,988318.1386189527
joe lolley__1992-08-25,,,,,,,1399838.7949756125,,,,1387227.0316022665,,1578990.084981257,,1713148.9246569995,,,,1519801.209054034,155834.9078148077,1489414.4399784347
joe mendes__2002-12-31,,,,,,,,5607615.402819275,,,,5338049.446656383,,,,,,,5472832.424737829,190611.91557981673,5472832.424737829
joe newell__1993-03-15,,,,,,,673960.4492138175,638950.7268275261,,,,,,,,,672097.2876018649,595889.4511156664,645224.4786897188,36611.51353036119,655524.0072146954
joe powell__1998-10-30,,,,,,,513397.3868334917,,,,,,,,,,,,513397.3868334917,,513397.3868334917
joe rodon__1997-10-22,,,,,,,,,,,13306340.072646068,,,,12496288.154800821,,,14169122.953465827,13323917.06030424,836555.9029601663,13306340.072646068
joe rothwell__1995-01-11,Joe Rothwell,MID,2250000.000000001,1791920.9164233282,1820198.7428336404,,,,,,,,1673811.0694744324,,,,,,1761976.9095771338,77651.91811786915,1791920.9164233282
joe scally__2002-12-31,,,,,6297712.912886249,,,,,6066614.794538599,,5314160.591328732,,,,,6549186.358711902,7348368.0468493495,6315208.540862967,739318.2888702193,6297712.912886249
joe shaughnessy__1992-07-06,,,,,,425019.1501961476,,370214.8279811545,,,,,359954.19277642324,,,,,267491.33495413454,355669.8764769649,65357.19274592679,365084.51037878887
joe westley__2004-10-18,,,,,321011.8151736117,,258298.3858403386,,,,283867.37852587743,,270944.35408873664,,,,,,283530.4834071411,27080.33190435146,277405.86630730703
joe white__2002-10-01,,,,,,,,,,,,,,739775.815891089,831590.3394693427,,,,785683.0776802159,64922.67223359534,785683.0776802159
joe whitworth__2004-02-29,,,,,,,,1240971.369497989,,,,,,,,,,,1240971.369497989,,1240971.369497989
joe williams__1996-12-08,,,,,,,,,,1474148.4628678488,,,,,,,,1928108.5379515623,1701128.5004097056,320998.2474796481,1701128.5004097056
joe willock__1999-08-20,,,,,12183290.93927752,,12702167.02030897,,,,,,,,,,,,12442728.979793245,366900.7954928382,12442728.979793245
joe worrall__1997-01-10,Joe Worrall,DEF,3299999.9999999986,4512739.372088756,,,,,,,,,,3827892.9236843335,,,3926377.5265792822,,4089003.274117457,370255.3372941445,3926377.5265792822
joedrick pupe__1997-06-04,,,,,,,,,,,1079844.4453505185,,,,,1167571.0680719814,,,1123707.75671125,62032.08981694033,1123707.75671125
joel allansson__1992-11-03,,,,,,,480977.86689560744,,,,,,,,,,,,480977.86689560744,,480977.86689560744
joel asoro__1999-04-27,,,,,784524.1644557848,,,,938071.6842898633,,,,714802.1681883179,,,,,,812466.0056446554,114227.31316030597,784524.1644557848
joel coleman__1995-09-26,,,,,,,,,,,,185317.91586831014,,,,,,191821.7177819881,188569.81682514912,4598.882436655721,188569.81682514912
joel drommel__1996-11-16,,,,,,2560218.203611639,,,,,2473984.976889751,,,2824659.502515934,,,,,2619620.8943391084,182728.39264885636,2560218.203611639
joel felix__1998-01-13,,,,,,688218.2555179931,,,,,,,,,672782.9115461458,,,678344.1603047772,679781.7757896386,7817.449366260459,678344.1603047772
joel ideho__2003-07-17,,,,,,,,,,864962.2199961622,,968297.7647994662,,881180.204131802,,,,,904813.3963091435,55573.86556932386,881180.204131802
joel ito__1998-03-27,,,,,,734028.3437353773,,700229.586329676,,,,,,,,,,681264.3404147086,705174.0901599206,26727.25388440351,700229.586329676
joel king__2000-10-30,,,,,,,,,,,,,395869.97241245944,,454564.3039821487,,,,425217.1381973041,41503.15987013894,425217.1381973041
joel latibeaudiere__2000-01-06,Joel Latibeaudiere,DEF,1400000.0000000007,1653014.0264345733,,,,1670919.2704139717,,,,,,,,,,,1661966.6484242724,12660.919436632208,1661966.6484242724
joel mvuka__2002-11-12,,,,,3287243.7367684618,,3099200.5867458093,,,,3107678.5907938676,,,,,,,,3164707.6381027126,106204.00531677857,3107678.5907938676
joel ordonez__2004-04-21,,,,,,14287369.516276702,,15579431.311829546,,,,,,,,,,,14933400.414053123,913625.6573474827,14933400.414053123
joel piroe__1999-08-02,,,,,,,9956899.263483541,,,10796140.505841505,,,9976385.204133624,,,,,,10243141.657819556,479010.14593216695,9976385.204133624
joel schmied__1998-09-23,,,,,,,,,,,2253929.2211873457,,2367298.7796759894,,2427911.8339949343,2332312.8743549194,,,2345363.1773032974,72631.32958327928,2349805.8270154544
joel veltman__1992-01-15,,,,,,,,,,,,,5618410.474469028,,,,,4949105.989310674,5283758.231889851,473269.7401340431,5283758.231889851
joel voelkerling persson__2003-01-15,,,,,,,,667947.1199816237,,,,607510.1319111662,654786.4898967684,624953.9314235109,,,692156.1649912447,,649470.7676408628,33739.61267868455,654786.4898967684
joeri heerkens__2006-05-08,,,,,,,,,,,,,,1108650.0447433097,,,1301070.8080815275,,1204860.4264124185,136062.02659754557,1204860.4264124185
joey veerman__1998-11-19,,,,,,,,,,,,,,21444634.482568715,21693074.33889041,,,,21568854.410729565,175673.50712208293,21568854.410729565
johan bakayoko__2003-04-20,,,,,,,,,,,,,,,,20390433.51726529,,19581565.433594365,19985999.475429825,571956.107049079,19985999.475429825
johan dahlin__1986-09-08,,,,,,,,,,,,,,,,,136137.73184142067,,136137.73184142067,,136137.73184142067
johan gastien__1988-01-25,,,,,313473.98498843703,,,285019.7861129431,,,,,,,,,,,299246.88555069006,20120.156978092407,299246.88555069006
johan hove__2000-09-07,,,,,,,,,1537806.7129566341,,,1440738.8411889595,1158458.828913297,,1511933.4546841194,,,1015812.6944216104,1332950.1064329243,232724.63532874588,1440738.8411889595
johan manzambi__2005-10-14,,,,,,,,,9697758.991063273,,6755330.9655301515,,6564990.7746457895,,,,,,7672693.5770797385,1756338.4626121193,6755330.9655301515
johan mojica__1992-08-21,Johan Mojica,DEF,5650000.000000001,6769442.320829822,,,,,,5620437.573480726,,7241942.117822481,,,,,,,6543940.670711011,833940.9406456617,6769442.320829822
johan vasquez__1998-10-22,Johan Vásquez,DEF,8249999.9999999935,9596095.649581457,7476457.108736989,,,,,7481033.669834544,,,,,10538904.459396051,,,,8773122.72188726,1543384.313232663,8538564.659708
johann lepenant__2002-10-22,Johann Lepenant,MID,6000000.0,5852011.336157791,6119396.449926735,,,,,,,,,,,6380905.390836817,6187875.055527754,,6135047.058112274,218777.8770959979,6153635.752727244
johannes geis__1993-08-17,Johannes Geis,DEF,549999.9999999998,478111.8314826198,,,,504961.45165807055,,,,,,,,,,,491536.64157034515,18985.548498344364,491536.64157034515
johannes schenk__2003-01-13,,,,,,2435302.8832807345,2029804.2603104902,,,,,1902792.4665636204,,,,,,1908989.670817673,2069222.3202431297,250959.59848845997,1969396.9655640814
john bjorkengren__1998-12-09,John Björkengren,MID,1774999.9999999986,2210384.0040666186,2287078.420020595,,,2159229.2328659394,,2225924.0700471103,,,,,,,2395360.262630956,,2255595.1979262438,90465.86882243337,2225924.0700471103
john brooks__1993-01-28,,,,,,,1554922.6044896038,,,,,,,,,1730581.040837965,1377016.3818290106,,1554173.3423855265,176783.52035838919,1554922.6044896038
john koutroumbis__1998-03-06,,,,,,462098.3742127284,,,,,,,486796.07889454946,528853.2072985431,,,,,492582.55346860696,33751.509611807065,486796.07889454946
john lundstram__1994-02-18,,,,,,,2667093.8747864733,,3188188.0711099887,,,2924451.6289577372,,,,,,,2926577.858284733,260553.6048472096,2924451.6289577372
john mcatee__1999-07-23,,,,,,,,967169.9969872624,,,,,,,,,965850.1129654588,,966510.0549763606,933.2989421971129,966510.0549763606
john mcginn__1994-10-18,John McGinn,DEF,20000000.000000015,19135374.85716177,,,,,,,16484346.438810745,20182829.68475936,,,18864328.77353225,,,15770261.520356093,18087428.25492404,1872939.3098851733,18864328.77353225
john souttar__1996-09-25,,,,,,,,,2531336.019783893,,,,,,,,2572310.549056623,,2551823.2844202584,28973.367504674075,2551823.2844202584
john stones__1994-05-28,,,,,,,,,18849466.091950286,,,,,,,,,,18849466.091950286,,18849466.091950286
john swift__1995-06-23,,,,,1437033.8031594707,,,,,1562258.5019347693,,,,,,,,,1499646.1525471201,88547.23367605644,1499646.1525471201
john yeboah__2000-06-23,,,,,,,,,,1967403.9021440123,1650160.8235547622,,,,,,,,1808782.3628493873,224324.7321549556,1808782.3628493873
johnkymani gordon__2003-02-13,,,,,,260056.1579590743,241216.15993552218,,,,,,,,,280108.73747253284,,,260460.35178904314,19449.43897281449,260056.1579590743
johnny kenny__2003-06-06,Johnny Kenny,FWD,1737499.9999999995,3251915.2263033073,,3275926.973360705,,,,,2423710.0248925304,3447783.9496978945,,,2928027.064445065,,,,3065472.6477399007,404958.1281842265,3251915.2263033073
johny placide__1988-01-29,,,,,,156815.35170274955,,178502.53677941428,,174041.76594939854,,,,,,,,,169786.55147718746,11452.669417684388,174041.76594939854
jomaine consbruch__2002-01-26,,,,,,,,,,,,999958.6950217716,841647.6688326465,,,,,,920803.181927209,111942.80015493151,920803.181927209
jon gallagher__1996-02-23,Jon Gallagher,DEF,1312500.0000000012,736535.8496895775,,,,,,668031.3930910192,,,,,,614445.6093206791,,468455.627204968,621867.119826561,113827.68061270952,641238.5012058492
jon gorenc stankovic__1996-01-14,,,,,,,,,,,,,1971465.395856486,,,,,,1971465.395856486,,1971465.395856486
jon guthrie__1992-07-29,,,,,,,545057.4186084319,,,,,,,,,,,,545057.4186084319,,545057.4186084319
jon karrikaburu__2002-09-19,,,,,,,,,,1408077.7879107154,,,,,,,,,1408077.7879107154,,1408077.7879107154
jon magunazelaia__2001-07-13,,,,,,,,,,,,,,960907.8337883155,,,,,960907.8337883155,,960907.8337883155
jon mccracken__2000-05-24,,,,,,,672336.1668266768,693460.000321058,,,,,,,673533.5844043641,,711517.7495249385,,687711.8752692593,18593.878317421204,683496.792362711
jon mclaughlin__1987-09-09,,,,,,,,,,,,,,,,,,160485.93047039898,160485.93047039898,,160485.93047039898
jona niemiec__2001-09-19,,,,,,,,782952.2445920821,871369.1538798569,,,,,,,,,,827160.6992359695,62520.19612894141,827160.6992359695
jonah ayunga__1997-05-24,,,,,514822.00927724846,,,,470652.28866301774,,,,,,,569384.6872271122,,,518286.32838912617,49457.28219116466,514822.00927724846
jonah kusiasare__2007-07-04,,,,,,,,,,,,1849731.8828987845,,,,,,1745240.2714740655,1797486.077186425,73886.72701552851,1797486.077186425
jonas adjetey__2003-12-13,,,,,,,,,,,,4410557.174545471,3806086.751397761,,,,3680781.0084682233,,3965808.311470485,390226.2750093208,3806086.751397761
jonas arweiler__1997-04-10,,,,,,513643.27289281925,,,,540942.6932464961,,,,,,,,,527292.9830696577,19303.605254546987,527292.9830696577
jonas bager__1996-07-18,,,,,,,,807246.0777852715,,753613.6709797279,,829239.5702749924,686344.8725168665,,,,,678155.5238916718,750919.9430897059,68517.24976756795,753613.6709797279
jonas dirkner__2002-07-15,,,,,,679085.1229910036,,701098.7789801938,,,,,,,,,739482.0547425908,,706555.318904596,30565.956752757098,701098.7789801938
jonas fohrenbach__1996-01-26,,,,,,,,,2205945.6502017104,,,2176856.475270098,,2234168.29078349,,,2299323.2672022018,,2229073.420864375,52352.97442362265,2220056.9704926005
jonas hofmann__1992-07-14,Jonas Hofmann,MID,6499999.999999999,7497431.819802486,,,,,7520103.640526005,7989047.608987838,,8121257.873293446,,,,,,,7781960.235652443,320173.5794539247,7754575.624756921
jonas hofmann__1997-02-07,,,,,410225.2228025414,389861.9365715969,,358558.3996244776,441303.54045715975,,,,,,,,,,399987.2748639439,34788.52090227616,400043.57968706917
jonas jensenabbew__2002-04-20,,,,,918678.4101014063,,,816355.6377482589,,913249.1436716393,854648.4685616062,838557.0817223156,,,,909806.5151447749,,,875215.8761583335,44189.244687875595,882227.4918531906
jonas kersken__2000-09-01,,,,,1049802.9831482829,,,,,,,,,,,,,,1049802.9831482829,,1049802.9831482829
jonas lossl__1989-02-01,,,,,281659.149883156,,,295381.31561313645,,,291242.3044874255,,,,312904.8474860073,,,302343.713221883,296706.2661383216,11749.477921493652,295381.31561313645
jonas martin__1990-04-09,,,,,,713375.3580386911,,,,,763490.2668766871,,,,,,,,738432.8124576891,35436.591877892584,738432.8124576891
jonas meffert__1994-09-04,Jonas Meffert,MID,1550000.0000000012,1361916.132504707,1193370.8708200853,,,,,,,,,,,,,,1277643.5016623961,119179.49747405718,1277643.5016623961
jonas mortensen__2001-01-16,,,,,,,401581.1898859109,,,359839.8233747285,,,,,,,,,380710.5066303197,29515.603316050132,380710.5066303197
jonas nickisch__2004-05-21,,,,,,359620.2350385971,,,,,,,,317162.74373208155,,,,,338391.4893853393,30021.98001500602,338391.4893853393
jonas omlin__1994-01-10,,,,,,1775412.4324214358,,,,,,,1709226.6547485169,,,,,,1742319.5435849763,46800.41221062621,1742319.5435849763
jonas svensson__1993-03-06,Jonas Svensson,DEF,1899999.9999999993,2400534.001359192,,,1424178.306800771,,,,1924513.0442959976,,1754431.4745037863,,,,,1377705.7569271286,1776272.516777375,416827.44661774114,1754431.4745037863
jonas urbig__2003-08-08,,,,,,8889223.174223717,7530080.18497017,,,,,,,,,,7023510.3995931195,,7814271.252929002,964776.897363135,7530080.18497017
jonas wind__1999-02-07,,,,,,,,13110394.085698154,,,,,,13524225.595437407,,,,13145556.154694764,13260058.61194344,229449.86195301244,13145556.154694764
jonatan braut brunes__2000-08-07,,,,,,,,2849990.9946971517,2766486.81061139,2781440.810884388,,,,,,,,,2799306.205397643,44526.581171170976,2781440.810884388
jonatan lindekilde__2006-03-31,,,,,,527627.121252568,,609648.7830921958,665012.9731497646,,,,,,572278.41287068,,,,593641.8225913021,58207.674133941386,590963.5979814378
jonathan amon__1999-04-30,,,,,,,,,,,,,,655183.8157214673,,,,570729.4045429267,612956.6101321969,59718.28684546299,612956.6101321969
jonathan bamba__1996-03-26,,,,,,,,,,,,,9304914.425087832,,9203067.406031478,7585240.42829436,,,8697740.75313789,964798.3900304697,9203067.406031478
jonathan bond__1993-05-19,,,,,,,,,737109.3433175614,702167.8500672989,,,,598393.8327607543,,,729874.6688499457,,691886.42374889,64121.737128132845,716021.2594586222
jonathan burkardt__2000-07-11,,,,,,,,,34838184.08719314,,,,,,,31530593.384026617,,40025627.02616232,35464801.49912736,4282042.290888624,34838184.08719314
jonathan david__2000-01-14,,,,,,,,,,,,41859568.44222683,,,43673154.85777498,,,,42766361.6500009,1282399.252701903,42766361.6500009
jonathan de guzman__1987-09-13,,,,,166762.5856735431,201271.102192359,,,,,,,,,,,,,184016.84393295104,24401.206039142704,184016.84393295104
jonathan fischer__2001-11-09,,,,,,,,2134242.3708429635,,,,,1950755.2688931476,,,,2026539.1068821151,,2037178.9155394088,92205.1153227596,2026539.1068821151
jonathan hutters__2004-02-21,,,,,,,,,,194933.1985813885,199095.7148658322,,,,,200891.48759500938,,,198306.80034741003,3056.4835318535206,199095.7148658322
jonathan ikone__1998-05-02,,,,,,,,,,,,5627159.874434072,5515841.904541923,,5417328.08440279,,,,5520109.954459595,104980.98501399068,5515841.904541923
jonathan klinsmann__1997-04-08,,,,,,,,706080.5015572608,,,,,,,,,,,706080.5015572608,,706080.5015572608
jonathan meier__1999-11-11,Jonathan Meier,DEF,537500.0000000003,471453.9849834997,,519587.4060901941,,,,518788.9936674369,,,,523021.3667719505,,,,,508212.9378782703,24574.659491562827,519188.1998788155
jonathan panzo__2000-10-25,,,,,,2008453.4979087207,,2046795.9275233601,,,,,,2202907.0646252558,,,,,2086052.1633524455,102999.2060202265,2046795.9275233601
jonathan rodriguez__1993-07-06,,,,,,,,6225919.195961448,,,,,,,,,,6768425.081868844,6497172.138915146,383609.590758735,6497172.138915146
jonathan rowe__2003-04-30,,,,,,,,,12257193.705174856,12269592.812547779,,14241994.579249866,,,,,,,12922927.032324167,1142362.827424084,12269592.812547779
jonathan tah__1996-02-11,Jonathan Tah,DEF,48250000.00000002,54798062.39827025,,,53399360.730811514,,58284340.26373892,,,,,,60553178.9452369,64213572.51991963,,,58249702.971595444,4367910.936384135,58284340.26373892
jonathan tomkinson__2002-04-11,,,,,,562858.0823253193,489969.14862752083,,,,,,,,,,,,526413.61547642,51540.25929116995,526413.61547642
jonathan varane__2001-09-09,,,,,,3121959.2977623073,,2959560.911846376,,4027909.3415431567,,3072385.7802722356,,,3085997.5259715235,3145222.931872921,,,3235505.9648780874,393459.9403331211,3103978.4118669154
jones elabdellaoui__2006-01-12,,,,,,,,1526118.062099658,,,1555919.3051185994,1663780.2971693138,,,,,,,1581939.2214625236,72425.82257732326,1555919.3051185994
jonjoe kenny__1997-03-15,,,,,,,3202658.103764124,,2896245.626842038,,2825432.102423385,,2568302.3196840878,2887020.954054119,2474271.587335325,,,,2808988.4490171797,260351.40409750686,2856226.528238752
jop tijink__2005-01-30,Jop Tijink,DEF,212500.00000000017,259969.77243351686,238449.8651191988,,,247237.34441953542,246682.68708643614,,,,,232892.94331462294,,238532.05574681418,239805.4706131426,,243367.16267618097,8865.388273732837,239805.4706131426
jordan amissah__2001-08-02,,,,,413165.12733532465,,,,,,441408.18910070224,455942.28249605553,,,,,,,436838.5329773608,21751.610715657473,441408.18910070224
jordan archer__1993-04-12,,,,,,,,,,,220852.7811244228,,238447.2962796332,,,,,245498.96302235502,234933.01347547033,12693.352916279318,238447.2962796332
jordan ayew__1991-09-11,,,,,,,,,,,,2343561.67550322,,,,2721942.2017525868,,,2532751.9386279033,267555.4359798617,2532751.9386279033
jordan beyer__2000-05-19,,,,,,,,,,6841114.427199436,,7241732.789619174,,,,,,,7041423.608409305,283279.9607348463,7041423.608409305
jordan bos__2002-10-29,,,,,,,,,,,4734394.274562291,,,,4596037.552101679,,,,4665215.9133319855,97832.97667464365,4665215.9133319855
jordan bowery__1991-07-02,,,,,,,,,,305222.9010235067,,,,,,,271745.5154643058,,288484.20824390627,23672.08634530755,288484.20824390627
jordan ferri__1992-03-12,Jordan Ferri,MID,2712500.0000000023,1352721.7533569338,,1182484.3910323107,,,,,,,,,,,,,1267603.0721946224,120375.99331105231,1267603.0721946224
jordan henderson__1990-06-17,,,,,3908639.209800695,4818237.152172933,,,3938209.543647019,,,4008580.190417302,,,,,,,4168416.5240094876,435237.1036221013,3973394.8670321605
jordan holmes__1997-05-08,,,,,,,,,229649.66390651418,,,,,,,,244191.60489542753,,236920.63440097086,10282.70508487524,236920.63440097086
jordan holsgrove__1999-09-10,,,,,2748335.7177620456,,,,2971698.6791080753,,,3574279.044478794,,,3134639.86024594,3886147.807334042,,2696161.054171222,3168543.69385002,473116.1315446165,3053169.2696770076
jordan hugill__1992-06-04,,,,,,,,473694.49867302174,,,,,,,472900.2426848467,508173.35352944524,,,484922.6982957712,20139.573909099166,473694.49867302174
jordan larsson__1997-06-20,,,,,,,2427930.673956439,,2573209.238463333,,2491091.844011507,,,,,,2350868.3387958803,,2460775.02380679,94373.00627463745,2459511.258983973
jordan lefort__1993-08-09,,,,,,,,,,,2542831.9569361205,2205082.360854976,,,,2614607.305012744,2637346.700895725,,2499967.0809248914,200673.81218319954,2578719.6309744325
jordan lotomba__1998-09-29,,,,,,,,,,4452515.960171341,,,3947009.388325711,,4532964.215688418,,4481744.7643555105,,4353558.582135245,273064.63723068906,4467130.362263426
jordan mcghee__1996-07-24,,,,,,,,,,,,,,,580433.8343522548,,546570.9075610444,,563502.3709566495,23944.705164888426,563502.3709566495
jordan obita__1993-12-08,Jordan Obita,DEF,412500.00000000006,469086.355991696,417665.9892257026,,,,,,,,,,,,,,443376.1726086993,36359.690031333324,443376.1726086993
jordan pickford__1994-03-07,,,,,,,,,,,19480327.72274015,19528840.846818697,,20667576.29371311,20082734.98160249,20010903.60652053,,,19954076.690278996,483251.3696938575,20010903.60652053
jordan smith__1994-12-08,,,,,291286.2465922474,,,265497.8800049998,,,,,,,,323203.34599959693,,272766.6675551423,288188.5350379966,25744.46624056729,282026.45707369485
jordan teze__1999-09-30,,,,,,,9991684.82338643,,13707235.672275374,,,,,,,,,10377244.666229844,11358721.720630549,2042988.6034694738,10377244.666229844
jordan thompson__1997-01-03,,,,,,,,,1071953.8765221306,,,1066199.366144223,,,,,,,1069076.6213331767,4069.0533106268686,1069076.6213331767
jordan torunarigha__1997-08-07,,,,,3522622.037087181,,,3334449.8233206407,,,3976201.705685824,,,,3770039.5007306007,,,,3650828.2667060615,280838.8327037661,3646330.768908891
jordan turnbull__1994-10-30,Jordan Turnbull,DEF,362499.9999999997,236421.1201387343,,,,,,268982.80235524557,,,,,,260336.44563327855,,,255246.7893757528,16866.956981242794,260336.44563327855
jordan williams__1999-10-22,,,,,,,,,,853009.0067134567,,,,,937097.7565081089,,,,895053.3816107828,59459.72520129749,895053.3816107828
jordan zemura__1999-11-14,Jordan Zemura,DEF,3449999.999999999,2378692.0784138585,,,,,,,,2520880.6160953133,,,,,,,2449786.347254586,100542.47920155562,2449786.347254586
jordi liongola__2000-05-17,Jordi Liongola,DEF,1450000.0000000002,1541348.5291513575,,,,1330593.9315930726,,,,,,,,1352514.137236288,,,1408152.1993269061,115870.92199032615,1352514.137236288
jordi oseitutu__1998-10-02,Jordi Osei-Tutu,DEF,712500.0000000002,754972.5534777605,,,,,,,,,,783831.8628992158,,660359.035189016,757709.4825092636,,739218.233518814,54158.02179519338,756341.0179935121
jordi vanlerberghe__1996-06-27,Jordi Vanlerberghe,DEF,1650000.0000000007,1444961.704727212,,,1459437.2789835848,,,,1373288.9063199607,,,,1513232.6021185794,,,999100.4614532535,1358004.1907205181,206755.68296595805,1444961.704727212
jordy clasie__1991-06-27,,,,,,4440887.352490413,,,,,,,,,,,,,4440887.352490413,,4440887.352490413
jordy de wijs__1995-01-08,,,,,830951.8984670003,894183.8817740117,,,,912161.0214793215,,,,,,,,,879098.9339067779,42654.391968769756,894183.8817740117
jordy gillekens__2000-02-18,Jordy Gillekens,DEF,575000.0000000001,766834.7464657523,,,,,,,,,,,705389.8558038698,,,,736112.301134811,43448.09885628307,736112.301134811
jorg schreuders__2004-09-09,,,,,,,,,,,1956115.4020513424,,,,,,,1682773.2098584443,1819444.3059548934,193282.11768399485,1819444.3059548934
jorge grant__1994-12-19,Jorge Grant,MID,612499.9999999997,658694.7428720993,,,,567932.5405709597,,,,,,,,,,,613313.6417215294,64178.568722561075,613313.6417215294
jorge sanchez__1997-12-10,,,,,1398283.4224669484,1061121.9916853928,,,1656093.7070373222,,,,,,,,,,1371833.0403965544,298366.4735706019,1398283.4224669484
jorge segura__1997-01-18,,,,,,,,,,,,,,,,,,564457.020815905,564457.020815905,,564457.020815905
joris chotard__2001-09-24,,,,,,,,,7478291.141647895,,,,,6172577.824023765,,,,,6825434.482835829,923278.741177607,6825434.482835829
joris kayembe__1994-08-08,,,,,,3177691.493462172,,,,,,2988658.4902062453,,3119264.7335820044,,,,,3095204.9057501405,96785.9781500553,3119264.7335820044
joris kramer__1996-08-02,,,,,2067292.916217388,,,,,,2060692.2792417407,,2066745.340873367,2279391.925873195,,,,,2118530.6155514224,107282.57207337389,2067019.1285453774
joris van overeem__1994-06-01,,,,,,,,,,1289235.1501680745,,,,,,,,,1289235.1501680745,,1289235.1501680745
jorman campuzano__1996-04-30,,,,,,,1708625.762752254,,,,,,2309497.9102041125,2677686.018414654,,,,,2231936.56379034,489163.8443499855,2309497.9102041125
jorne spileers__2005-01-21,Jorne Spileers,DEF,2599999.9999999986,2884608.4157045726,,,,,2900225.298845171,,,,,,,,,,2892416.857274872,11042.803969715012,2892416.857274872
jorrel hato__2006-03-07,Jorrel Hato,DEF,31999999.999999955,40040899.13497606,,37282298.85002155,,,,,,,,,36072990.49398095,,,,37798729.49299285,2033740.446214985,37282298.85002155
jorthy mokio__2008-02-29,Jorthy Mokio,DEF,5650000.000000001,4154140.958555998,4693431.573585618,,,4898820.103068479,,,4689542.563717659,,,,,,,,4608983.799731938,318594.9538544422,4691487.068651639
jose cifuentes__1999-03-12,,,,,3816878.4337085388,,,3249589.749904817,,3757537.323343821,,,,3265665.0008656676,3210404.7328239237,,,2537470.746322454,3306257.66449487,462486.1138219481,3257627.3753852425
jose luis palomino__1990-01-05,,,,,,,897805.7143580831,,,,908886.2121235682,,,,709519.265870705,,,1055079.389784857,892822.6455343033,141668.9206064114,903345.9632408256
jose maria gimenez__1995-01-20,,,,,,20469584.99813856,,,,,,,,,,,,18346376.07899875,19407980.538568653,1501335.4245995223,19407980.538568653
jose sosa__1985-06-19,,,,,,,,791305.4047200832,,,,,,,,,,,791305.4047200832,,791305.4047200832
josef bursik__2000-07-12,,,,,,,,766944.3406270285,,,,,,,,759408.1127739473,,,763176.2267004879,5328.917819480645,763176.2267004879
joseph aidoo__1995-09-29,,,,,,3083956.364666939,,,3086574.8378655533,3438116.369337306,,,,,,,,,3202882.523956599,203722.69291838497,3086574.8378655533
joseph anang__2000-06-08,,,,,,772048.8308604783,,,,,853524.0076037761,921848.2834506244,,,,799943.04066665,,,836841.0406453823,65990.01330283692,826733.5241352131
joseph hungbo__2000-01-15,,,,,,,,800911.2261020772,,,1426582.6599692593,802529.2142161917,,,,,,,1010007.7000958427,360765.4048915144,802529.2142161917
joseph mangondo__2005-08-06,,,,,,,,,397495.3521208823,,,,,,,,406812.5029868717,360064.9817513903,388124.2789530481,24742.583629304398,397495.3521208823
joseph nonge__2005-05-15,,,,,1514416.9008023883,,,1402576.2114667816,,1328471.1086372691,1459106.0796972362,,1358600.2599961713,,,,,1252957.2056363511,1386021.2943726995,93670.56271003089,1380588.2357314765
joseph okumu__1997-05-26,,,,,3466846.662534476,,,,,3480945.281998544,,,1605170.6378942432,,,,,,2850987.5274757543,1078932.1037686344,3466846.662534476
joseph opoku__2005-08-08,Joseph Opoku,MID,2700000.0,2558080.1018268093,,,,,2916274.184368335,,,2853280.130418636,,,,2698361.345890263,,,2756498.9406260108,160877.53388077198,2775820.7381544495
joseph paintsil__1998-02-01,,,,,,,,,,,5775447.492604218,,,,,,,,5775447.492604218,,5775447.492604218
josh benson__1999-12-05,Josh Benson,MID,562500.0000000003,560359.9924813025,,,549689.3267660001,642841.5086425709,575452.9178646877,,,,,,,,,,582085.9364386403,41860.058322734556,567906.4551729951
josh bowler__1999-03-05,,,,,,,,,,1998369.8344569285,,,,,,,,,1998369.8344569285,,1998369.8344569285
josh brownhill__1995-12-19,,,,,,,,,,,,,,,6734236.859150999,,,,6734236.859150999,,6734236.859150999
josh campbell__2000-05-06,,,,,,,,,,611990.1232915324,,,,,,571709.9335966677,,,591850.0284441,28482.3952807193,591850.0284441
josh cullen__1996-04-07,Josh Cullen,MID,8000000.000000002,10047950.970650004,,,9138383.004972244,,,,,,,,,9391766.543074211,,,9526033.506232152,469413.6598923566,9391766.543074211
josh dasilva__1998-10-23,,,,,,,,,,,3073232.8366712425,,,,,,,,3073232.8366712425,,3073232.8366712425
josh doig__2002-05-18,,,,,,,,4970899.728293447,5376457.757583585,,,,,,,,,,5173678.742938516,286772.8326757089,5173678.742938516
josh feeney__2005-05-06,,,,,,,887580.4036259789,,,,937562.4092155783,,,,,,,890400.0593715177,905180.9574043583,28078.57600881162,890400.0593715177
josh flint__2000-10-13,,,,,,,,783807.4611788109,720480.4457118734,,761849.5236186945,,,,907638.1561699061,,,,793443.8966698212,80529.6205875655,772828.4923987527
josh king__2007-01-03,,,,,,,12682004.958639158,,,,,,11984396.567744963,,15643564.288018836,,,12206004.030562319,13128992.46124132,1701457.8750865133,12444004.49460074
josh knight__1997-09-07,,,,,,,1001805.3656204018,,,,1011655.2546938708,,,,,,962231.7128544698,,991897.4443895807,26159.0672487547,1001805.3656204018
josh laurent__1995-05-06,,,,,2856868.143225697,,,,2784951.294527416,,,,,,2526542.803004429,,,,2722787.4135858472,173715.19412061284,2784951.294527416
josh magennis__1990-08-15,,,,,,,,,313381.7996602361,362760.5943175882,,337127.0634116833,401201.15716180863,,,,,,353617.65363782906,37588.32568410484,349943.8288646358
josh maja__1998-12-27,,,,,2510483.0837980895,2854504.6502792276,,,,,,,2853754.401198223,,,,,,2739580.7117585135,198404.72038547986,2853754.401198223
josh martin__2001-09-09,Josh Martin,MID,525000.0000000003,386760.73611344333,,399524.1626106121,,401283.22236324305,,,361134.33810408885,,,,,,,,387175.6147978468,18527.739927533974,393142.4493620277
josh mulligan__2002-11-12,,,,,1227952.2013159432,,855692.5564961091,,,,,1179049.6323967148,,,,,,,1087564.7967362555,202290.42774489638,1179049.6323967148
josh sargent__2000-02-20,,,,,5222986.604677124,,,,,,,,,,5348916.336505108,4472273.390355795,,6657058.587285596,5425308.729705906,907791.1121164523,5285951.470591116
josh sheehan__1995-03-30,,,,,876744.3001494671,,794971.9538097205,,,,,,,880312.7873884578,,,,,850676.3471158817,48274.40419621294,876744.3001494671
josh tymon__1999-05-22,Josh Tymon,DEF,2449999.9999999995,1932640.6365659966,,,,,,,2044919.1257968617,,,2079906.4090845264,1927436.1193766552,,,,1996225.5727060102,77778.69777537782,1988779.8811814291
josh vickers__1995-12-01,Josh Vickers,GK,499999.99999999977,545018.5347653857,,628800.9294166396,,,528157.0640925103,616724.8679703976,,577258.9715636885,,,,,,,579192.0735617243,43720.38730409401,577258.9715636885
josh windass__1994-01-09,,,,,,2105614.6190400333,,,,,,,,,,,,,2105614.6190400333,,2105614.6190400333
josha vagnoman__2000-12-11,,,,,7723331.473697689,,,,,6723076.631994523,,,,6610993.675811521,6710612.263907386,,,6150038.867543432,6783610.58259091,575169.1450134981,6710612.263907386
joshua bitter__1997-01-01,,,,,,,,570563.5210432113,,,,,,,580454.6810742227,481980.30853354424,,,544332.8368836594,54224.87533806515,570563.5210432113
joshua brenet__1994-03-20,,,,,1320345.9582301306,1187395.1713475138,,,,,1498743.717107559,1302644.4960601546,,,1251996.7942673236,,,1139655.7539188324,1283463.6484885856,125677.16052282293,1277320.645163739
joshua brillante__1993-03-25,Joshua Brillante,DEF,487499.9999999996,474640.30912365724,,,386735.17993542744,,,,,498843.4499455181,,,,,,,453406.31300153426,58993.457218996744,474640.30912365724
joshua eze__2003-03-20,Joshua Eze,MID,537500.0000000003,636104.7809740059,,,,,,,483733.60754009866,,,,,,,,559919.1942570523,107742.68999246735,559919.1942570523
joshua kimmich__1995-02-08,,,,,,,,,81488633.98843676,90603596.40607949,,,,,,80060968.04543464,,,84051066.1466503,5719379.084459555,81488633.98843676
joshua king__1992-01-15,Joshua King,MID,2950000.000000002,3240543.566795318,,,,,3513033.4891852303,,3916681.6222958188,,,,,,,,3556752.892758789,340182.6086245744,3513033.4891852303
joshua kitolano__2001-08-03,,,,,,,,,,,,,,,,,2112837.0955434563,,2112837.0955434563,,2112837.0955434563
joshua quarshie__2004-07-26,,,,,,,,,,,,,,,,1823931.8083929406,,,1823931.8083929406,,1823931.8083929406
joshua smits__1992-11-06,,,,,,,,,,498619.03697057447,,,,,,,,,498619.03697057447,,498619.03697057447
josimar alcocer__2004-07-07,,,,,3089248.752381407,,,,,,,,,,,,,2643525.4655366605,2866387.108959034,315173.958660677,2866387.108959034
josip brekalo__1998-06-23,,,,,,,,,,4208316.77983397,,,,,,,,,4208316.77983397,,4208316.77983397
josip calusic__1993-10-11,,,,,,,,201370.98792567934,,,,,,,,,,,201370.98792567934,,201370.98792567934
josip misic__1994-06-28,,,,,,1574924.694197132,,1655761.3722028641,,,1632430.2242370385,,,1459229.6011339563,1593831.7089158732,,,1555721.3970188112,1578649.832950946,69093.83609375366,1584378.2015565026
josip stanisic__2000-04-02,,,,,,,,,,,,19461884.566448294,,,18797988.988516424,,,,19129936.77748236,469445.06515538716,19129936.77748236
josip sutalo__2000-02-28,Josip Šutalo,DEF,17249999.99999998,19839725.10387116,,,16568894.765552575,19847156.993265618,,19143691.145296317,,,,18955762.86210919,,,,16824511.555726156,18529957.07097017,1467160.3724376322,19049727.003702752
josko gvardiol__2002-01-23,,,,,,,,,,,81023755.77862123,,,,,,71384558.6658815,,76204157.22225136,6815941.64361205,76204157.22225136
josue casimir__2001-09-24,Josué Casimir,MID,3400000.000000002,2715008.2542570718,,,,,,,,,,,,,,,2715008.2542570718,,2715008.2542570718
josue kongolo__2006-04-13,,,,,,,,,,,,,,820210.1670493248,,868064.3046152479,824992.3824659303,,837755.6180435009,26356.778205065133,824992.3824659303
jovan milosevic__2005-07-31,,,,,,1602805.085096099,,1558922.4482211987,,,,,,1560185.2435656982,,,,,1573970.9256276654,24979.095804468572,1560185.2435656982
joyskim dawa__1996-04-09,,,,,1295986.4729963022,,1070350.0936718632,,,,1236050.7772301724,,,1148679.6892613533,,,,,1187766.7582899227,98923.07656528981,1192365.233245763
jozhua vertrouwd__2004-08-21,,,,,1631676.7414333075,,,,,,,1821196.1821086984,,,,,1814988.5366278305,1889956.7706131304,1789454.5576957418,110535.13605231616,1818092.3593682644
jozo stanic__1999-04-06,,,,,,,,,,,1381988.9615998291,,1029971.8178832319,1218568.3427057448,1360448.5190653848,,,,1247744.4103135476,162275.4454772055,1289508.4308855648
jrgen strand larsen__2000-02-06,,,,,,,,,,,,26045169.931952976,,,,,,19534638.95280863,22789904.4423808,4603640.60447806,22789904.4423808
juan castillo__2003-01-13,Juan Castillo,GK,1550000.0000000012,1488792.4178360715,,,,,,,,1450403.7702227838,1195064.8715587803,,,,,1490807.839421062,1406267.2247596744,142023.46245442942,1469598.0940294275
juan foyth__1998-01-12,,,,,16865728.35484842,,,,14607310.27806399,,17999939.705527324,,14650163.922393752,,,,16116563.693371836,,16047941.190841064,1458850.7303561831,16116563.693371836
juan garro__1992-11-24,,,,,,656081.0172860661,444344.2483605349,,,,,,,,,,,,550212.6328233005,149720.50513377215,550212.6328233005
juan iturbe__1993-06-04,,,,,1559498.4209112718,1976421.940270799,,2035896.0989895477,,,,,,,2027993.0544490144,,,1866210.723665789,1893204.0476572844,198458.05626026096,1976421.940270799
juan jose perea__2000-02-23,,,,,939192.524436515,,,,1070377.2526120788,,,,,,,,1009202.7656110213,,1006257.5142198717,65641.93862114326,1009202.7656110213
juan manuel garcia__1992-11-14,Juan Manuel García,FWD,825000.0000000006,1277493.6137448282,,1362860.6601633832,,,,1227856.8402502364,1295333.1709317565,1380100.3632448355,,1207750.6587182726,,,,,1291899.2178422187,69594.09161722811,1286413.3923382922
juan manuel insaurralde__1984-10-03,,,,,237149.04949370865,,,261717.71781298812,,,,374108.55755723396,337854.7935441799,,,,233052.17550310542,,288776.4587822432,63625.88039471478,261717.71781298812
juan musso__1994-05-06,,,,,,,,6311764.0109021915,,6884224.10228299,,,,,,,6609828.413872234,,6601938.842352472,286311.5838732378,6609828.413872234
juan rodriguez__2005-05-30,,,,,,,,,1885109.1244061075,,,,,2088171.7544709526,,,,,1986640.43943853,143586.96272442726,1986640.43943853
jude bellingham__2003-06-29,,,,,,,,,,,,,79599062.04893334,,,106459271.88755381,,,93029166.96824357,18993036.520982154,93029166.96824357
jude soonsupbell__2004-01-10,Jude Soonsup-Bell,FWD,525000.0000000003,477826.78827431874,,,,,,499624.6280712467,433399.6423768653,,,,,,,,470283.68624081026,33750.71812230364,477826.78827431874
juho talvitie__2005-03-25,Juho Talvitie,MID,1450000.0000000002,1501833.4986612806,1568767.0766562684,,1795143.8953623278,,,,1528485.5293875025,1663435.1880836436,,,,,1617697.5617931169,,1612560.4583240233,106956.30228333475,1593232.3192246926
julen agirrezabala__2000-12-26,,,,,,,,7776032.330897368,,9566619.362873867,,,7390625.623174488,,,,,,8244425.772315241,1161155.2440458518,7776032.330897368
jules gaudin__2000-05-09,,,,,1640605.1807728163,,,,1628396.2368084965,,,,1484989.9115082405,1552109.2282257213,,1698036.410788244,,,1600827.3936207038,83041.68890641487,1628396.2368084965
jules kounde__1998-11-12,,,,,,,,,77205619.16827849,,,,,57520170.09732769,,,,,67362894.63280308,13919714.52877173,67362894.63280308
jules stawiecki__2007-04-10,,,,,,397254.1557127244,397033.31967952213,,,,369083.7341834201,,358561.4863016588,395311.4925641786,,,,,383448.83768830076,18313.819885387147,395311.4925641786
julesanthony vilsaint__2003-01-06,,,,,,,,418753.2663720355,453212.3949740031,424866.31256166945,460250.62926840386,,483455.99918479,,,440213.2945075853,,,446791.9828114146,23986.62430891972,446712.84474079416
julian alvarez__2000-01-31,,,,,107683506.62260944,,,,104325717.71625139,,,,,,,,,139224619.71497256,117077948.01794446,19252921.519262325,107683506.62260944
julian araujo__2001-08-13,Julian Araujo,DEF,8999999.999999996,7662702.229912869,6977402.674945168,,,,,,5466732.588422855,,,,,,7506245.780999712,,6903270.818570152,1001574.1764268308,7241824.22797244
julian baas__2002-04-16,,,,,1223149.0257750489,1492977.2134966229,1365645.936458938,,,1579311.418431891,,,1257853.8311244508,,,,,,1383787.4850573903,151777.07410699857,1365645.936458938
julian brandes__2004-05-11,,,,,,,,,,802257.8287278127,,,728967.2257989601,,,848074.4903401794,,,793099.848288984,60079.41886296403,802257.8287278127
julian brandt__1996-05-02,,,,,,,,,,,,,,,27487599.784011673,,,,27487599.784011673,,27487599.784011673
julian eitschberger__2004-03-05,,,,,,1554170.3109699127,,,,,,,,1553092.2358064558,,,,,1553631.2733881841,762.3142587091302,1553631.2733881841
julian green__1995-06-06,,,,,1161316.6090924644,,,,1255945.2524691944,,1215087.7680846096,,,,,,1218664.4635975044,,1212753.5233109433,38951.54907374694,1216876.1158410572
julian illanes__1997-03-10,,,,,,,1282192.2230817552,,,,,1210979.7179005435,1400848.2868424938,,1396754.6027857854,,1177326.2625221987,,1293620.2186265555,103221.72188794077,1282192.2230817552
julian justvan__1998-04-02,,,,,,,,,,,,,,5089848.664327829,,4580085.742883684,3408636.933956885,,4359523.780389465,862034.7470135365,4580085.742883684
julian martinez__2003-12-01,,,,,,,1323699.1399360723,,1129779.9426996035,,,,1095908.6420354415,,,,,,1183129.241557039,122909.47278338358,1129779.9426996035
julian niehues__2001-04-17,Julian Niehues,MID,1899999.9999999993,2092982.0150641177,,1949021.9095642613,,,,,,,,2119160.748888491,,,,1894492.1329957284,2013914.2016281495,109241.62039186359,2021001.9623141894
julian palacios__1999-02-04,,,,,,,,1702354.4794556145,1527033.0897529356,1467367.3172568853,,,,,,,,1406780.783823364,1525883.9175721998,127479.31700136616,1497200.2035049105
julian rieckmann__2000-08-01,,,,,485902.2364414968,,,,490604.8054254408,,,,,,,514484.1062617072,,481613.6989127713,493151.211760354,14688.299412683193,488253.5209334688
julian ryerson__1997-11-17,,,,,15987516.049142899,,11925963.20194503,,15707912.360671552,15769156.356392816,,,,,,,,,14847636.992038073,1951475.821807782,15738534.358532183
julian von moos__2001-04-01,,,,,,1133550.24316504,,,,,,1161875.8222396397,,,,,,,1147713.0327023398,20029.209044685278,1147713.0327023398
julian weigl__1995-09-08,,,,,8062812.9923951775,,,,,,,,,,8133920.993816025,,9941637.677641332,,8712790.554617511,1064806.567311386,8133920.993816025
julien duranville__2006-05-05,,,,,,,,,,8237300.965164055,4966199.564542081,8186009.369126465,5337023.615995395,,,7871243.910900221,4908656.312500177,,6584405.623038066,1669481.2860064837,6604133.763447808
julien fabri__1994-02-05,Julien Fabri,GK,155000.00000000012,228859.0301965252,241567.5880159447,,,210522.28011198243,,,,,,210892.79636914324,,,237466.78616617864,,225861.69617195483,14574.831131196173,228859.0301965252
julien laporte__1993-11-04,,,,,,,,1722811.6171908842,,,,,,1720372.8566985687,,2046557.675070835,,,1829914.0496534293,187622.84566033696,1722811.6171908842
julien le cardinal__1997-08-03,,,,,,,,,5585103.28435477,,5313740.687527314,,,,,,,,5449421.985941041,191882.3323770851,5449421.985941041
julien lopez__1992-03-01,,,,,,,,,,,,,,450150.46150866756,525805.9783456029,,,,487978.2199271352,53496.528989569975,487978.2199271352
julien ponceau__2000-11-28,Julien Ponceau,MID,3850000.0000000005,4196940.348396406,3898713.2502347184,,4565761.834835744,,,,,4912946.331547493,,,,,,,4393590.44125359,440812.9696982088,4381351.0916160755
julio soler__2005-02-16,,,,,,,,,,,3015201.1716275294,3118201.2603976806,3267140.9235716625,,,,,,3133514.451865624,126666.01764924265,3118201.2603976806
julius berthel askou__2006-05-27,,,,,,,,,,,,453124.95079576515,,,,,,429467.22862158826,441296.0897086767,16728.53577678783,441296.0897086767
julius dirksen__2003-02-02,,,,,,,,,,581652.3262350489,,,,,600903.130043902,639616.5182250976,,,607390.6581680161,29521.651446619373,600903.130043902
julius eskesen__1999-03-16,,,,,,,,,,,742849.9878084619,,,747415.2439269413,701172.469696989,731617.2377830179,,744911.8930467933,733593.3664524406,19104.044146866465,742849.9878084619
juninho bacuna__1997-08-07,Juninho Bacuna,MID,2050000.000000001,1988896.8217530716,,,,,2139308.659229123,,,,,,,,,,2064102.7404910973,106357.23025004483,2064102.7404910973
junior adamu__2001-06-06,,,,,,3089200.323285626,,,,,,,,3256825.297219374,3345277.351178624,,,,3230434.3238945412,130062.3837179755,3256825.297219374
junior diaz__2003-07-23,Junior Diaz,DEF,3449999.999999999,3304863.3000513096,,,,,,,,,,,,,,,3304863.3000513096,,3304863.3000513096
junior dina ebimbe__2000-11-21,,,,,,,,4171469.55012732,,,,,,4690396.127227714,4464521.868837196,,,,4442129.182064077,260186.99510346813,4464521.868837196
junior hoilett__1990-06-05,,,,,,,,,421020.93444560777,,,,,,,,,,421020.93444560777,,421020.93444560777
junior messias__1991-05-13,Junior Messias,MID,1800000.000000001,1240277.832039745,,,,1194347.6892591477,,1137630.438462023,,1167184.8983854896,,,1229012.2964416565,,,1379744.8606821056,1224699.6692116947,84982.97688641949,1211679.9928504021
junior mwanga__2003-05-11,,,,,,,4618529.779556145,,,,,,5144002.378692313,,,,6081975.917540355,,5281502.691929604,741349.0418153176,5144002.378692313
junior olaitan__2002-05-09,,,,,,,,,,,,1837749.3553086228,,,,,,,1837749.3553086228,,1837749.3553086228
junnosuke suzuki__2003-07-12,,,,,,,,,,,,2687404.2844634946,2445077.860334115,,,,,,2566241.072398805,171350.65776257162,2566241.072398805
jure balkovec__1994-09-09,Jure Balkovec,DEF,1299999.9999999993,1296691.933851332,,,1085665.4133836585,,,,,,,,,,,1151314.5077996212,1177890.6183448706,107994.2837559393,1151314.5077996212
jurgen ekkelenkamp__2000-04-05,,,,,,,,,6082313.462984407,,5463268.399349383,6377182.393052411,,5497082.483139584,,,,,5854961.684631446,449408.6677770606,5789697.973061996
jurrien timber__2001-06-17,,,,,,,,,48501470.384537116,56014633.52896138,,,,49057149.88146136,57686152.893254064,,,,52814851.67205348,4715003.018662266,52535891.70521137
jusef erabi__2003-06-08,,,,,,,1833780.048556173,2337463.3573700152,,,,,,,,2453702.0825505997,,1918666.4351062402,2135902.980895757,305555.689113621,2128064.8962381277
justin amaluzor__1996-10-17,,,,,,,,,234505.8979973951,,,202672.83816430075,,190266.55466388335,,187537.5588550913,229298.6597253918,208777.54209262988,208843.17524978204,19565.78479776726,205725.1901284653
justin bijlow__1998-01-22,,,,,3774363.6987170237,3571511.9261965333,,,,,,,,,3943200.8778538606,,3996299.114913458,,3821343.904420219,191556.4361784933,3858782.288285442
justin che__2003-11-18,,,,,,,,,,,673752.2058696216,,588949.348837586,,705221.2744275718,,,,655974.2763782599,60140.096880955156,673752.2058696216
justin de haas__2000-02-01,,,,,,,,,,,,,,,,,4669766.958331608,4196153.17532615,4432960.066828879,334895.5176265736,4432960.066828879
justin devenny__2003-10-11,Justin Devenny,MID,6099999.999999996,5622249.42471874,5707519.372646979,,4850017.237271486,,,5426671.504080094,2578670.327450119,5190306.158203786,,,,5984634.078610701,,,5051438.300425987,1150533.0797265652,5426671.504080094
justin diehl__2004-11-27,,,,,,,,,,,,1750047.9274089148,,,,,,1906534.23001411,1828291.0787115125,110652.52573494363,1828291.0787115125
justin hubner__2003-09-14,,,,,,877504.723518336,,,,,,,,,,901667.3134654228,,,889586.0184918793,17085.53120261503,889586.0184918793
justin janitzek__2004-02-10,Justin Janitzek,DEF,999999.9999999997,787962.3361955689,,,,,869464.9960317593,,,,,,784511.5140093392,,816268.5068110964,,814551.838261941,39276.05100863919,802115.4215033327
justin kalumba__2004-12-25,,,,,,,,,,,,1367798.8982479493,,,1377182.9174005308,,,,1372490.9078242402,6635.503577574789,1372490.9078242402
justin kluivert__1999-05-05,Justin Kluivert,MID,26750000.00000001,26648620.437115114,,,,,,,,,,26774862.681055147,,,,,26711741.55908513,89266.74676220368,26711741.55908513
justin lonwijk__1999-12-21,,,,,,,924891.0220415604,1089496.0659187706,,,913631.8180546667,1149909.9202478826,,1153096.7013738556,,,,,1046205.1055273472,118688.02858097787,1089496.0659187706
justin njinmah__2000-11-15,,,,,,,,,,,,,,,5060547.938698162,,5084933.994685032,,5072740.966691597,17243.54555471064,5072740.966691597
justin smith__2003-02-04,,,,,,1764514.5640450544,,,,,,,,,1955504.2151078442,1540454.4470083672,,1555106.8732327837,1703895.0248485124,196496.52219255126,1659810.718638919
kaan ayhan__1994-11-10,,,,,,,,,4241550.994445841,,,4027785.4044881715,,,3715458.123456639,,,,3994931.50746355,264580.7270734087,4027785.4044881715
kaan kairinen__1998-12-22,Kaan Kairinen,MID,3850000.0000000005,4518877.734719375,,,,,3972108.3467477425,,,,,,,,,3548387.0739931553,4013124.3851534245,486543.6950512009,3972108.3467477425
kaare barslund__2004-03-23,,,,,,614994.418787305,,579181.5663123217,655092.3890095433,573326.7866042032,,,,,,596593.5087416384,,,603837.7338910025,32950.093289763485,596593.5087416384
kacper potulski__2007-10-19,Kacper Potulski,DEF,950000.0000000008,1547518.9817685606,,,,,,1355520.959717489,,1345779.9527249567,,,,1614612.8589680127,,,1465858.1882947548,135879.26491993878,1451519.9707430247
kacper urbanski__2004-09-07,Kacper Urbański,MID,4799999.999999999,3004947.3462876547,,,,,,,,2961657.1821383126,,,2869868.6847002436,,,2645761.3516730885,2870558.641199825,160097.43453580976,2915762.933419278
kadeem harris__1993-06-08,,,,,334961.1320685725,291322.48351388815,,,,,,334228.7082452602,,340712.13841921726,,,,,325306.11556173454,22840.496137285863,334594.92015691637
kader keita__2000-11-06,,,,,,,,,,,,,,,2217269.37317654,2101925.3281005095,1812078.5824657215,1884143.701599943,2003854.2463356783,188213.0647402161,1993034.5148502262
kaelan casey__2004-10-28,,,,,,,621971.4200266902,,,,,,,,,,,,621971.4200266902,,621971.4200266902
kahveh zahiroleslam__2002-06-13,,,,,,,,,,,,,,1356173.8063743243,,1267149.2204677272,,,1311661.5134210256,62949.88838687915,1311661.5134210256
kai havertz__1999-06-11,,,,,,,43668641.91083909,,,,,51317503.69666845,,,52520862.45766947,,52276007.246623114,,49945753.82795003,4216835.194485644,51796755.47164579
kaine keslerhayden__2002-10-23,,,,,,,,,,,,3279627.77547679,,,3455878.3293109303,,,2449633.4238156313,3061713.1762011177,537352.102342513,3279627.77547679
kaishu sano__2000-12-30,,,,,,,,,,,,,,,19308009.35847094,,,,19308009.35847094,,19308009.35847094
kaito mizuta__2000-04-08,Kaito Mizuta,MID,712500.0000000002,823087.3959437235,,,793162.6091488791,,,,,800108.2372339226,677801.8000862101,,,,,,773540.0106031838,65093.94592193685,796635.4231914008
kaj de rooij__2000-11-25,,,,,857928.7745028653,,,,,,,920061.6207259325,836861.8654062703,,,758625.9806114144,,,843369.5603116206,66626.98963094293,847395.3199545678
kaj sierhuis__1998-04-27,,,,,,,,,1507339.2885812968,1570721.9920203087,,1617633.2551155302,1633124.1126634136,1754929.1695769506,1782216.204647048,,,,1644327.337100758,106082.66932227893,1625378.683889472
kalidou koulibaly__1991-06-20,Kalidou Koulibaly,DEF,11000000.000000013,8035967.58459497,,,,8111196.047333078,7640390.377825642,9122819.219163898,9379840.334457168,,,10153121.65500805,,,,,8740555.869730469,964681.765151004,8617007.63324849
kalvin phillips__1995-12-02,,,,,4983829.292241086,,,,,,5141065.807962053,,,,5786788.720122162,,,,5303894.6067751,425524.23432508647,5141065.807962053
kamal sowah__2000-01-09,,,,,1605636.7286656986,,,,,,,,,,,,1612903.759521118,,1609270.2440934083,5138.566796958898,1609270.2440934083
kamaldeen sulemana__2002-02-15,,,,,,,,,,,,,5264210.121536607,,,,4427415.498829398,4832942.31952557,4841522.646630525,418463.29188812483,4832942.31952557
kamarai swyer__2002-12-04,,,,,,,326272.0867925386,,,,318921.853302495,,,,,,,,322596.97004751675,5197.3999441143005,322596.97004751675
kamiel van de perre__2004-02-12,,,,,,,2211814.82533512,,,,,,,,,,,,2211814.82533512,,2211814.82533512
kamil glik__1988-02-03,Kamil Glik,DEF,299999.99999999977,146350.31511809607,119023.02791879802,,,,,,,,132075.9550526908,,,104107.45988055467,,,125389.1894925349,18051.05398222317,125549.49148574442
kamil grabara__1999-01-08,,,,,,,,,,17284176.09625691,19052664.995600853,,,,,,,,18168420.54592888,1250510.4931792347,18168420.54592888
kamil grosicki__1988-06-08,,,,,1066353.6722710782,,,,,,,,,,,,,825786.7415487668,946070.2069099225,170106.50804298077,946070.2069099225
kamil jozwiak__1998-04-22,,,,,,,,,,,,,,943917.7398067362,,,,,943917.7398067362,,943917.7398067362
kamil piatkowski__2000-06-21,,,,,,,,2177945.3518223674,,,,,,,,,,,2177945.3518223674,,2177945.3518223674
kamory doumbia__2003-02-18,,,,,,,,,8300595.644873723,8711371.021008752,,,8592928.518148286,9049973.733996134,,,,,8663717.229506724,310017.9016266997,8652149.76957852
kanayo megwa__2004-03-05,,,,,242054.88354075947,218956.9703251062,,,,,,,,,,,,,230505.92693293284,16332.691066046802,230505.92693293284
kandet diawara__2000-02-10,,,,,,965592.555979299,,,,,,,,,,,,,965592.555979299,,965592.555979299
kane wilson__2000-03-11,,,,,1262549.2067344247,,,,,,,,,,,,,,1262549.2067344247,,1262549.2067344247
kanya fujimoto__1999-07-01,,,,,,,,4089544.0764281712,,,,4341946.576859095,,,3652990.667236685,,3855862.5511247297,,3985085.96791217,297347.7037799756,3972703.31377645
kaoru mitoma__1997-05-20,Kaoru Mitoma,MID,30250000.000000015,31320430.899754647,,,,,,,30898203.026569214,,,,,,,,31109316.96316193,298560.1923353936,31109316.96316193
karamoko dembele__2003-02-22,,,,,,,2208614.9346963614,1940156.2277782394,,,,,,,,,,1353292.1121597919,1834021.0915447976,437427.460323937,1940156.2277782394
karim adeyemi__2002-01-18,,,,,34434516.34475017,,,28014747.345211133,37741438.88181923,,,,27504348.53891546,,32988859.07176704,,,,32136782.036492605,4355123.611473484,32988859.07176704
karim benzema__1987-12-19,,,,,,,,,,,,,10760630.074053196,,,,12850614.472232893,,11805622.273143046,1477842.1405269492,11805622.273143046
karim onisiwo__1992-03-17,,,,,,,1255912.3925434907,1376214.6989894186,,,,,1434452.6908896575,,,,,,1355526.5941408556,91050.3036516266,1376214.6989894186
karim zedadka__2000-06-09,Karim Zedadka,DEF,525000.0000000003,824100.5653724383,,,,,843327.9737421153,,686577.2911382045,,,747090.8773391929,,717931.0651770087,,,763805.5545537919,67652.34172469622,747090.8773391929
karl darlow__1990-10-08,,,,,,,,,691791.4327685323,,,,,,,,,,691791.4327685323,,691791.4327685323
karl hein__2002-04-13,Karl Hein,GK,4500000.000000002,5848961.404862965,,,,,4900743.129704733,,3949061.216825917,,,,,,5538365.8372453675,,5059282.897159746,838816.5564963985,5219554.48347505
karlan grant__1997-09-18,,,,,,,,,,2486482.702755365,,,,,,2445206.9460763508,,,2465844.824415858,29186.367446336943,2465844.824415858
karljohan johnsson__1990-01-28,,,,,,,,,,,,,169200.3517667066,,,,193340.09442969333,,181270.22309819996,17069.37573309613,181270.22309819996
karlo muhar__1996-01-17,,,,,,821036.5645988345,,,,,,,,848089.6851378565,,795380.6051234204,,656256.266859366,780190.7804298693,85379.80591275688,808208.5848611274
karol angielski__1996-03-20,,,,,,,,680828.4673770482,,,,,624066.6920410189,,,,646567.0533912978,,650487.4042697883,28583.240685449375,646567.0533912978
karol linetty__1995-02-02,Karol Linetty,MID,2000000.0000000016,2814720.511160097,,,2817453.0701741087,2741375.149402967,,,2536259.6005770033,,,2672007.405876207,2637739.9897668795,,,,2703259.2878262107,109612.95290492049,2706691.2776395874
karol mets__1993-05-16,,,,,1001421.6628308153,,,1041024.147441265,982764.6646585265,,,,1148254.6235147852,1031725.3375697533,871926.0724667133,,,,1012852.7514136432,89866.30138226661,1016573.5002002843
karol swiderski__1997-01-23,,,,,,,,3588312.403606989,,3574386.51893942,,3470239.3688375764,2814759.483251256,,,3574780.588478079,,,3404495.6726226644,333076.3611644412,3574386.51893942
kartal ylmaz__2000-11-04,Kartal Yılmaz,MID,2499999.9999999995,2433728.4417755962,,,,,,,,2498253.70949597,,2456298.449907518,,2352506.7441159226,,,2435196.836323752,61267.86782097162,2445013.4458415573
kasey bos__2004-05-08,,,,,,,,1277889.8721924357,,,,,,,1368159.3508328062,,,1387084.7065922292,1344377.976539157,58352.74875591176,1368159.3508328062
kasey palmer__1996-11-09,,,,,,1830681.0342552944,,,,,1571869.6781109385,,,1862014.4924967175,1707143.4629639399,,,,1742927.1669567225,132191.3641806109,1768912.2486096171
kasper boogaard__2006-01-29,,,,,,,,,859728.1436695837,,,875319.0460281225,,,,696948.44185301,,,810665.2105169054,98789.65869769368,859728.1436695837
kasper dolberg__1997-10-06,,,,,11082092.432620462,,,,,,9255214.475574689,,9463767.746153628,,,,,,9933691.551449595,999996.0272785159,9463767.746153628
kasper jrgensen__1999-11-07,Kasper Jørgensen,DEF,974999.9999999999,1267191.2712023968,,,1283423.676253668,,,1392019.3129441505,,,,,,1323890.7256250374,1407621.462285682,,1334829.2896621868,63060.466959316276,1323890.7256250374
kasper schmeichel__1986-11-05,,,,,,1261118.2584406375,,,,,,,,,,,,,1261118.2584406375,,1261118.2584406375
kassoum ouattara__2004-10-14,,,,,,,,,,,4100634.457652207,,,,5264749.2721601715,,,,4682691.864906189,823153.4794183016,4682691.864906189
kay tejan__1997-02-03,,,,,,,,,,,720265.4879026151,676249.5660098089,,,,,,,698257.526956212,31123.95685058067,698257.526956212
kaye furo__2007-02-06,Kaye Furo,FWD,1899999.9999999993,1579534.86036314,1680342.729942753,,,1741211.640363699,,,,,,,,1831827.1965101452,,,1708229.1067949343,105994.01615256918,1710777.185153226
kazeem olaigbe__2003-01-02,,,,,,,,,,,,,2480764.4164694212,,2313866.695107801,,2217529.6535292235,,2337386.9217021484,133184.2179063744,2313866.695107801
kazmcan karatas__2003-01-16,Kazımcan Karataş,DEF,1350000.0,1346213.7691992617,,,1517969.7746858373,,,,,1395199.0089266326,1454091.2322541687,,,,,,1428368.4462664751,74251.06578571328,1424645.1205904006
kazuki nagasawa__1991-12-16,Kazuki Nagasawa,MID,324999.9999999999,287686.4460077992,290234.75447260897,,,,,,,,,,,,296339.0335913247,,291420.07802391093,4446.410002867294,290234.75447260897
keanan bennetts__1999-03-09,,,,,,,,,,435464.6466888476,,,,,407013.0253060114,394253.51592067775,,,412243.7293051789,21097.618895102358,407013.0253060114
keano vanrafelghem__2003-08-02,,,,,,,,,,,,,,956996.8782419593,,,,,956996.8782419593,,956996.8782419593
keanu baccus__1998-06-07,,,,,,678567.956922848,,,,707369.3736441602,,,,,,,,,692968.6652835042,20365.677071419486,692968.6652835042
keelan adams__2001-11-13,,,,,,,,,292582.22214203916,269357.92299078323,,,,298975.6614150372,,,,,286971.9355159532,15585.541195672718,292582.22214203916
kees smit__2006-01-20,Kees Smit,MID,16000000.000000026,7901802.304916901,,,8340095.347258773,,,,10151554.935818462,9091367.368460048,,,,,,,8871204.989113547,984815.7992074051,8715731.35785941
keidi bare__1997-08-28,,,,,,1440499.971813069,,,,,1334507.5018365378,,,1243821.5993934,,,1251171.0889939899,,1317500.040509249,91735.63345454316,1292839.2954152639
keinan davis__1998-02-13,Keinan Davis,FWD,3650000.000000001,3618317.5950198537,3562135.652328363,,,,,,3704248.5861259173,,,,,,,3890228.4250879986,3693732.564640533,143441.48034867257,3661283.0905728852
keisuke goto__2005-06-03,,,,,626970.3701153409,,,,,,,,,,,,530411.5803766971,,578690.975246019,68277.37500736104,578690.975246019
keita balde__1995-03-08,,,,,,,,,,2153633.527027731,,1800836.9958784035,,,,,,,1977235.2614530672,249464.81955478038,1977235.2614530672
keito nakamura__2000-07-28,Keito Nakamura,MID,9500000.000000015,8160204.428340337,,,,,,,,8385658.714239565,,,,,8680556.038119562,9414443.587980703,8660215.692170043,546097.1362249326,8533107.376179563
keke topp__2004-03-25,,,,,2704266.5355960373,,,,2602667.1155667305,,,2822168.7154146614,3375454.7844267017,,,,,,2876139.287751033,344749.2130961861,2763217.6255053496
kelechi iheanacho__1996-10-03,,,,,,,3293246.927137589,,,,,,,4061792.175486677,3799693.566460333,,3226047.1509228037,,3595194.95500185,402895.9175105948,3546470.246798961
kelechi nwakali__1998-06-05,,,,,,,,,,,,,,867316.2655432997,,,,,867316.2655432997,,867316.2655432997
kelian nsona__2002-05-11,Kélian Nsona,MID,1075000.0,1043695.5884847997,,1078954.9797033926,,,,,,1075293.1370960134,,,,1029839.974109179,,,1056945.9198483462,24023.063030447585,1059494.3627904067
kelle roos__1992-05-31,Kelle Roos,GK,379999.9999999999,175133.41521959333,,160336.38933740827,,184604.61593776266,,,,,171969.97887748876,,167914.0257827461,,,,171991.68503099983,8964.237118178495,171969.97887748876
kelven frees__2005-02-03,,,,,,,,,,,,,,,,,511182.5322560885,,511182.5322560885,,511182.5322560885
kelvin amian__1998-02-08,,,,,,,,,,,,,,,,3027337.03294901,,,3027337.03294901,,3027337.03294901
kelvin boateng__2000-03-24,,,,,592891.5070672107,,,604019.0359779068,,,,597330.2351792505,,,,,562651.4517496879,,589223.057493514,18295.309630419903,595110.8711232306
kelvin yeboah__2000-05-06,Kelvin Yeboah,FWD,3299999.9999999986,2724491.42158647,,,,2997167.608487018,,,,2550613.6952054296,,,,2536179.609744565,,,2702113.083755871,214510.25235560947,2637552.55839595
ken nkuba__2002-01-21,,,,,,1077225.4644973604,,,,,,,,1105900.4232552967,,,,,1091562.9438763284,20276.257787981307,1091562.9438763284
kenan bilalovic__2005-06-22,,,,,,426355.5483117813,,,,,,,,,423908.34074491984,,,385063.7411727735,411775.87674315827,23165.725679692965,423908.34074491984
kenan karaman__1994-03-05,,,,,,,2075898.0124875717,,,1995522.352325722,,,1782054.1538812504,1868878.2818335139,,,2067376.6865281588,,1957945.8974112433,128618.36436566232,1995522.352325722
kenan kodro__1993-08-19,,,,,,,,1291628.7469676351,,,,,,,,,,,1291628.7469676351,,1291628.7469676351
kenan yldz__2005-05-04,,,,,,,,,45261951.330818504,49173102.486672856,,,52192892.6111683,,,,42630410.64171977,25057106.380892098,42863092.69025431,10603339.124510484,45261951.330818504
kenay myrie__2006-09-06,,,,,,,,,,459388.6743401697,,,,,,,,,459388.6743401697,,459388.6743401697
kenjivan boto__1996-03-07,,,,,,,213819.7568248215,,470028.77785408887,,,,,,,,428139.2839628712,,370662.6062139272,137435.22830041015,428139.2839628712
kenneth omeruo__1993-10-17,,,,,,554415.81663243,434608.2908170294,529021.1527657358,665030.1069609829,568598.1735929501,,523565.7507342278,,,,,605398.1393219638,566694.845203192,555916.534503564,66675.19754227536,560555.330917811
kenneth paal__1997-06-24,,,,,,,,,,,1072485.2996937318,,,,,,1375077.072521628,,1223781.18610768,213964.69449786475,1223781.18610768
kenneth schmidt__2002-06-03,,,,,,1830311.8512368368,,,,,,,,,1754141.3133792528,,,,1792226.5823080447,53860.70384572425,1792226.5823080447
kenneth taylor__2002-05-16,,,,,,,,,,18257366.994493,,,,,18015933.169064477,18973743.850275345,,,18415681.337944273,498144.4557226475,18257366.994493
kenny mclean__1992-01-08,Kenny McLean,DEF,1200000.0000000005,1590135.7070634223,,,,1465757.9658366996,,1649537.4635122414,,,,,,,,,1568477.045470788,93784.58912826145,1590135.7070634223
kenny nagera__2002-02-21,,,,,588841.404074411,540640.8947487911,639818.5854844799,,609059.4132324944,,,,,,,,542531.0073130652,,584178.2609706484,42914.61973571187,588841.404074411
kenny tete__1995-10-09,,,,,8553795.80755211,,,,,9724297.60689821,,9684922.796275832,,10017933.703930823,,10619051.479288349,,,9720000.278789064,751388.5733223043,9724297.60689821
kenzo goudmijn__2001-12-18,,,,,1858859.1074704798,,,,1818298.8274720097,,2140930.1578120273,1827072.6379924424,,,,,,,1911290.1826867398,154081.71295656066,1842965.8727314612
kepa arrizabalaga__1994-10-03,Kepa Arrizabalaga,GK,9249999.999999987,9941207.697657852,9815028.619724812,,,,,,,,,,,,,,9878118.158691332,89222.0816503181,9878118.158691332
kerem akturkoglu__1998-10-21,,,,,,18773559.906912986,,,,19860753.090213824,,,,,19161758.456912708,,,,19265357.151346505,550950.78870099,19161758.456912708
kerem demirbay__1993-07-03,,,,,,2332751.7291258653,,,,,,2706849.328487046,,,,,,,2519800.5288064554,264526.9493338992,2519800.5288064554
kerim mrabti__1994-05-20,,,,,1960154.8176658272,2403170.0444770833,,,,,1886006.2595527167,1956305.5839532737,,,,,,,2051409.176412225,236971.08437964224,1958230.2008095505
kervin arriaga__1998-01-05,,,,,,,,,,,3525586.714509675,,,3838672.922810943,,,,,3682129.8186603086,221385.3809858106,3682129.8186603086
kevin akpoguma__1995-04-19,,,,,,,,2832120.469747033,,,,,,2912994.240833565,,2835073.5173689527,,,2860062.742649851,45863.79560768807,2835073.5173689527
kevin appin__1998-01-20,,,,,,,,1189735.451894659,,,,,,,,,,,1189735.451894659,,1189735.451894659
kevin behrens__1991-02-03,,,,,,,944078.5591729388,1042657.1291802442,,914038.963398773,,855428.0460892447,996076.6043761309,,,,,897010.3286092738,941548.2718044342,68351.77562771426,929058.7612858559
kevin boma__2002-11-20,,,,,,,,,1807637.218925492,,,,,,,,,,1807637.218925492,,1807637.218925492
kevin castano__2000-09-29,Kevin Castaño,MID,6000000.0,5562683.44194239,,,,,,,5664650.420925845,,,,,,,6043326.01754569,5756886.626804641,253248.8097244096,5664650.420925845
kevin chamorro__2000-04-08,,,,,1466290.926280056,,,,,,1296179.5459682615,1298015.7223774474,,,,,,,1353495.3982085884,97688.10700716,1298015.7223774474
kevin danois__2004-06-28,,,,,,,,,,10085333.569290502,,,,,,,,,10085333.569290502,,10085333.569290502
kevin danso__1998-09-19,,,,,,,,25649040.891518682,,,28309184.071031887,31386424.1032025,,,25266704.804363925,,,,27652838.46752925,2833095.4704621504,26979112.481275283
kevin de bruyne__1991-06-28,,,,,,,,31287068.91136062,,,,,34745816.987941034,31039504.009629935,,,,,32357463.302977193,2072075.5508674115,31287068.91136062
kevin denkey__2000-11-30,,,,,,8654528.228850683,,,,,,9820612.360745892,,,,12156457.328688657,,,10210532.639428413,1783228.875626707,9820612.360745892
kevin diks__1996-10-06,,,,,7611995.364260417,7034123.928901683,,6486693.685840119,,,,9289459.267212244,,,7794358.739369149,,,,7643326.197116722,1053858.7078101577,7611995.364260417
kevin gadellaa__2003-04-08,,,,,,388333.19898156286,,360698.7158076221,,368485.7736375501,,376138.8811514299,,,,,,,373414.14239454124,11775.303854993297,372312.32739449
kevin hoog jansson__2000-09-29,Kevin Höög Jansson,DEF,700000.0000000006,842137.0859859637,,,,,,,,773003.60442951,,,,,,,807570.3452077368,48884.75361560356,807570.3452077368
kevin keben__2004-01-26,,,,,,2445847.649334339,,,,,2543779.4293570844,,2501267.44371204,,,,,,2496964.8408011543,49107.46051734322,2501267.44371204
kevin kelsy__2004-07-27,Kevin Kelsy,FWD,2700000.0,1905417.951564747,,,,,1894608.112868951,,,,,1923516.9561815974,,1955658.6515307243,,,1919800.4180365046,26715.37102229284,1914467.4538731722
kevin mac allister__1997-11-07,,,,,8238182.1473310795,7583614.980229624,,,,,,,,,,7859607.25855834,7891731.75436857,,7893284.035121904,268319.56458582525,7875669.506463455
kevin mbabu__1995-04-19,,,,,,,,,,,,1838822.0303401288,1890543.651041403,,1789681.3129664091,,1770056.9655268048,,1822275.9899686864,53924.28173793729,1814251.6716532689
kevin mcdonald__1988-11-04,,,,,124616.08316177993,,,,,,,,,,167226.44284399366,,,,145921.2630028868,30130.074280091194,145921.2630028868
kevin mouanga__2000-07-24,,,,,,,,,,,,,,,,,1121732.5713709164,,1121732.5713709164,,1121732.5713709164
kevin muller__1991-03-15,Kevin Müller,GK,700000.0000000006,756040.0919644439,739237.7980684246,,,,771281.9465567123,684333.0682655805,,,,,670400.6842103181,,,682695.7465944288,717331.5559433181,43312.642616608144,711785.4331670025
kevin ndoram__1996-01-22,,,,,,,812393.9365676502,,,914148.1881957114,862820.8178019635,,,,,,849542.3000471339,,859726.3106531148,42092.69310440449,856181.5589245488
kevin nisbet__1997-03-08,,,,,1748698.0726195897,,,,,,,1893363.1028814202,1683363.5685912338,,1980689.6980066334,,,,1826528.6105247193,135137.35250305245,1821030.587750505
kevin paredes__2003-05-07,Kevin Paredes,DEF,7249999.999999998,8111081.324078351,,,,6794217.324970094,7122054.392392441,,,6652161.850758676,,,,,,,7169878.72304989,657597.0774083063,6958135.858681267
kevin piscopo__1998-02-06,,,,,1177693.1433573472,1092403.7684476234,,,,1247551.1881132687,855167.5534934287,,,,,1145721.7704536053,,,1103707.4847730547,149858.2332667052,1145721.7704536053
kevin prieto__2003-06-27,Kevin Prieto,DEF,800000.0000000005,787118.2832556006,811816.4210512029,,,,,,743023.8401538552,,,,,,842329.732647003,,796072.0692769155,41960.06407073694,799467.3521534018
kevin rodriguez__2000-03-04,Kevin Rodríguez,FWD,1749999.9999999998,1789325.253091612,,,,1795182.3329522691,,,1915803.8138103182,1889642.825066478,,,,,,1606342.2432544031,1799259.2936350158,121536.10886727872,1795182.3329522691
kevin ruegg__1998-08-05,,,,,,,643117.0607447431,,621309.0404187229,,537912.7659782952,,,,535173.0616573781,,,,584377.9821997848,55959.27964027566,579610.903198509
kevin schade__2001-11-27,Kevin Schade,MID,27999999.99999999,28777751.145354215,,,,,,,,29694558.36264336,,,,,29090360.342009295,,29187556.616668954,466067.81188380107,29090360.342009295
kevin sessa__2000-07-06,,,,,,1890502.979715981,,,,,1745981.9218095073,,1897810.0194777034,,,,,,1844764.9736677306,85626.61215030155,1890502.979715981
kevin sibille__1998-09-15,,,,,,,,,399482.40938374423,,,,,410747.28635705635,,381087.7324354375,,,397105.8093920794,14971.922232887802,399482.40938374423
kevin stoger__1993-08-27,,,,,2903182.8377698148,,,,3033104.2510147295,2744670.6621752214,,,,3222721.0391999595,,,,,2975919.697539931,202441.5492001156,2968143.544392272
kevin theophilecatherine__1989-10-28,,,,,,,,,520456.066434894,,603872.116592449,,,,,,,,562164.0915136714,58984.05472620434,562164.0915136714
kevin trapp__1990-07-08,,,,,,3021523.715829129,,,2346384.332310411,,,2665596.7588633257,,,,2174932.3824154367,,,2552109.2973545757,373190.96389423835,2505990.545586868
kevin tshiembe__1997-03-31,,,,,856678.457969924,,,,,,742856.6219715987,,,,868723.460840403,,,,822752.8469273086,69453.76588182607,856678.457969924
kevin van den kerkhof__1996-03-14,,,,,,,,,,,,,,,1726737.6872730018,,,,1726737.6872730018,,1726737.6872730018
kevin vogt__1991-09-23,,,,,1987595.3048749552,,,1905035.5864347317,2300478.7400305565,,,,2088699.7761079848,,,,2106484.2597899125,,2077658.733447628,148754.61587498282,2088699.7761079848
kevin volland__1992-07-30,,,,,,,1255457.5567956974,,,,,,,,,,1325173.5972026275,1408190.1949365446,1329607.116311623,76462.78020797516,1325173.5972026275
kevin yakob__2000-10-10,,,,,,,,,,1391450.3493925312,,,,1268459.0413405243,,,,,1329954.695366528,86967.98795057769,1329954.695366528
kevin zeroli__2005-01-11,,,,,,1765116.7097191804,,,,,,,,,,,,,1765116.7097191804,,1765116.7097191804
keyshawn wongasoij__2006-10-01,,,,,,,,,265423.93385504035,,,,271411.31502005365,,285228.30690413585,,,298347.81992326584,280102.8439256239,14721.44235998712,278319.81096209475
khaled narey__1994-07-23,,,,,,,,,,,1957537.9762279156,2729845.832161842,,,,,,,2343691.904194879,546104.1220945225,2343691.904194879
khalil fayad__2004-06-09,,,,,,,2550012.250477909,,,2959207.8911421704,,,2896057.751531544,,,,,2989168.438749622,2848611.582975311,202813.9322662194,2927632.821336857
khalis merah__2007-02-24,Khalis Merah,MID,4700000.000000004,4503137.791552232,,,,5331864.830999394,,,,,3886991.4623256954,,5267964.188808765,4300570.245654221,,,4658105.703868062,626965.422548188,4503137.791552232
khayon edwards__2003-09-12,,,,,,,,,,,,,,,559895.6515118459,,,518892.24626682285,539393.9488893343,28993.78590049583,539393.9488893343
khephren thuram__2001-03-26,,,,,,,33588856.11896813,,41166034.265634075,,,36979411.4932891,26804695.00921839,38134298.84154453,,37622325.901608996,,30558196.197054464,34979116.832473956,4958484.143517031,36979411.4932891
khusniddin alikulov__1999-04-04,,,,,1244929.6828698898,,,,1215074.8701523806,,,1176626.4306076432,,1161910.730137566,,,,,1199635.4284418698,37605.46364563108,1195850.6503800119
khvicha kvaratskhelia__2001-02-12,,,,,,,,107606038.90735333,,,,,,,,106196727.66798873,,78782219.57040095,97528328.71524768,16249892.171803147,106196727.66798873
kialonda gaspar__1997-09-27,,,,,,,,,,3674432.081882563,,3288893.6470531034,,,,3243089.5758498297,,,3402138.4349284987,236922.72128978485,3288893.6470531034
kian fitzjim__2003-07-05,,,,,,,,,,,,,,4389339.141267972,,,,,4389339.141267972,,4389339.141267972
kieffer moore__1992-08-08,,,,,,2430708.5831202893,,,,,,,1534724.774225047,,,,,,1982716.678672668,633556.2271031773,1982716.678672668
kieran dowell__1997-10-10,,,,,,,,,,1952284.3100053594,,,,,,,,2035716.5492036974,1994000.4296045285,58995.50210672289,1994000.4296045285
kieran ohara__1996-04-22,,,,,,223843.06505801197,,,,,,,,,,204727.97326324534,233601.32810445194,220709.6131008127,220720.49488163053,11992.041460182916,222276.33907941234
kieran trippier__1990-09-19,,,,,,4651158.789185304,,,3990480.669288209,,,,,,,,,,4320819.729236756,467169.97876081476,4320819.729236756
kiernan dewsburyhall__1998-09-06,,,,,,,,,,,,20389872.85711501,,,,,,,20389872.85711501,,20389872.85711501
kieron bowie__2002-09-21,,,,,,,,,1087758.8556569293,,,,,,,,,,1087758.8556569293,,1087758.8556569293
kijana hoever__2002-01-18,,,,,,,4995572.493420126,,4430675.485088721,,,,,,4461191.88330915,5285165.235786184,3735903.96996468,,4581701.813513773,595578.566074437,4461191.88330915
kilian fischer__2000-10-12,,,,,4160043.0028931485,,,4199425.908786965,,,,,,,4573213.513516745,,,,4310894.141732286,228027.0662206684,4199425.908786965
kilian jakob__1998-01-25,Kilian Jakob,DEF,549999.9999999998,613609.9609031989,608741.7458286135,,,,,649901.7106962167,,,,526403.5761434613,,,652750.7413701444,503920.2927679107,592554.6712849243,63007.327874858434,611175.8533659063
kilian ludewig__2000-03-05,Kilian Ludewig,DEF,462500.00000000006,516647.54421318043,,,,,470358.72356595437,,,,,,522444.973688077,,,,503150.41382240393,28545.99375631013,516647.54421318043
kiliann sildillia__2002-05-16,,,,,,,,,,4018532.8031696775,,,,4182049.9877528944,,4115215.9464092976,3748488.6513354178,,4016071.847166822,190600.03372053523,4066874.3747894876
killian phillips__2002-03-30,,,,,1164056.3019402174,1094467.162584557,,,,,,,,,,,,1126112.759458228,1128212.0746610009,34842.03527789136,1126112.759458228
killian sardella__2002-05-02,,,,,5960724.0010966435,,,,,,,,,6711873.353366782,,,,,6336298.677231712,531142.8006740977,6336298.677231712
kingsley coman__1996-06-13,,,,,31227243.09394373,,,,,,,,,,,,,,31227243.09394373,,31227243.09394373
kingsley schindler__1993-07-12,,,,,,,,,734416.9437622693,,,720744.5641846753,,,,,648641.8517933983,,701267.7865801143,46085.2498090248,720744.5641846753
kingstone mutandwa__2003-01-05,,,,,,,,,,,1296185.89183445,1381896.8450804495,,,,1272042.331146483,,,1316708.3560204608,57731.119945109145,1296185.89183445
kion etete__2001-11-28,,,,,,,,1172526.7608878273,1003295.8141124417,,,,1169926.793585681,,,1210205.5185324685,,,1138988.7217796044,92315.33221375979,1171226.777236754
kirian rodriguez__1996-03-05,,,,,,,,7115301.905328327,7759352.737662977,,,6511131.680716966,,,,,,7445863.51516303,7207912.459717825,533787.4900798028,7280582.710245678
kiril despodov__1996-11-11,Kiril Despodov,MID,6749999.999999997,6955455.066147706,,,,6756842.936460483,6508804.002634372,,,6877450.474585771,,,,,7624963.844494314,,6944703.2648645295,416140.8010007653,6877450.474585771
kjell peersman__2004-05-21,,,,,,,513632.8019481054,,,,,,550534.4505445402,,,,587189.2493510158,,550452.1672812204,36778.29273546894,550534.4505445402
kjell scherpen__2000-01-23,,,,,,,,,,,,,,,5289751.65036706,,,4478892.895999556,4884322.273183309,573363.7237977387,4884322.273183309
kjell watjen__2006-02-16,,,,,,,,,,,,,,,2356438.967976988,,2874582.553795008,,2615510.7608859977,366382.8431602359,2615510.7608859977
kjetil haug__1998-06-12,,,,,1723424.7049005297,,,,,,,1682404.768012663,1371592.2027403521,,,,,,1592473.891884515,192385.5484566215,1682404.768012663
ko itakura__1997-01-27,,,,,,,,,,10271360.783223497,,9629435.319293322,,,,,9765067.71846519,,9888621.27366067,338328.51795492246,9765067.71846519
kobbie mainoo__2005-04-19,,,,,,,,,,,23000030.32742847,22594439.289278753,26138834.84304361,,25319030.84845021,23638058.77342588,,,24138078.816325385,1526897.980913556,23638058.77342588
kobe cools__1997-07-25,,,,,1249483.6172067646,,1281581.750227761,,,1223751.217437943,,1188920.0760354018,,,,,,1450657.91376008,1278878.91493359,101871.32694236038,1249483.6172067646
kobe corbanie__2005-05-10,,,,,,,1419942.318346833,,,,,,,,,,,,1419942.318346833,,1419942.318346833
kodai sano__2003-09-25,,,,,,9229516.527004,17104765.757257767,,,,,,,,11418739.268642519,,,10202264.882993968,11988821.608974563,3526255.231528517,10810502.075818244
koen casteels__1992-06-25,,,,,,9257593.605258517,,,,,,,,,,,10689161.565920373,,9973377.585589446,1012271.4127133954,9973377.585589446
koen kostons__1999-09-18,Koen Kostons,MID,999999.9999999997,1225236.0705553582,,,,,,,1300930.4657942385,1261181.575224319,,,,,,,1262449.3705246386,37863.1198706286,1261181.575224319
koen van langendonck__1989-06-09,Koen Van Langendonck,GK,139999.9999999999,191511.62326322647,,,,,,,161095.76208287702,,,,159116.04614587154,,,,170574.47716399166,18159.09920352151,161095.76208287702
koffi kouao__1998-05-20,,,,,,,,,,,,,,,,,,1766115.36701176,1766115.36701176,,1766115.36701176
kofi balmer__2000-09-19,,,,,,,,448405.5494812733,,445219.7799911343,,,,,,478080.35989663936,,,457235.2297896824,18122.551384754035,448405.5494812733
koji miyoshi__1997-03-26,,,,,1408428.2387289575,,,,,,,,,,,,,,1408428.2387289575,,1408428.2387289575
kojo peprah oppong__2004-06-04,,,,,,,2718277.165882923,,,3192470.8085332313,,2952606.329598347,,,,2753618.0777763436,2817421.0478332737,3181834.184683821,2936037.93571799,210340.1290689877,2885013.6887158104
koki ogawa__1997-08-08,,,,,1526524.1594509054,,,,,,,,,,,,,,1526524.1594509054,,1526524.1594509054
koki saito__2001-08-10,,,,,,3170458.8970447555,,,,,,,,,,,3184564.6883139117,,3177511.7926793336,9974.30066042231,3177511.7926793336
kolbeinn finnsson__1999-08-25,,,,,,,532269.8515012326,,,,,902207.3607616752,,,,839380.3442821378,,,757952.5188483485,197955.3188363772,839380.3442821378
konan ndri__2000-10-27,,,,,,,,,,,,,,1524553.2500508004,,,,,1524553.2500508004,,1524553.2500508004
koni de winter__2002-06-12,,,,,,,,,,,,,,11560687.214929963,10190219.500978528,,,,10875453.357954245,969067.0139322854,10875453.357954245
konrad de la fuente__2001-07-16,,,,,,,,,,,,,,,1334223.9602279817,,,,1334223.9602279817,,1334223.9602279817
konrad laimer__1997-05-27,Konrad Laimer,DEF,28999999.999999948,27637594.30690682,,,,29681779.13265082,,,,,,25433157.27895189,26991636.8550795,,,,27436041.893397257,1760019.1040654369,27314615.58099316
konstantinos chrysopoulos__2003-05-21,,,,,,,,,,,,,,,818072.9831297407,,,1154757.804794844,986415.3939622923,238072.12052197798,986415.3939622923
konstantinos doumtsios__1997-09-20,,,,,377283.88494925504,,,,,,,,,,,,440797.1117263488,,409040.4983378019,44910.63334912202,409040.4983378019
konstantinos karetsas__2007-11-19,,,,,,,,,,,9408962.52591416,,,7613733.802120279,,,,7257317.428380056,8093337.918804832,1153216.9084743832,7613733.802120279
konstantinos koulierakis__2003-11-28,,,,,,,10947984.173837144,11457997.237260671,,11950850.993184514,,,10196547.251140716,,,,,11132244.449718952,11137124.8210284,649152.0542543259,11132244.449718952
konstantinos laifis__1993-05-19,,,,,,,950650.7238407314,1238583.344944086,,,917027.0878573516,,,1220825.0666127012,,,,,1081771.5558137174,171521.84348288734,1085737.8952267163
konstantinos mavropanos__1997-12-11,,,,,9232776.071907552,9935111.015252907,,,,,,,,,,10796139.098021176,10276928.292149488,9796754.355979452,10007541.766662115,579740.0881346131,9935111.015252907
konstantinos thymianis__2001-02-28,,,,,1470711.0128026835,,,,,,,,1242741.7007425337,,,,,,1356726.3567726086,161198.64646016416,1356726.3567726086
konstantinos tzolakis__2002-11-08,,,,,,,18272922.91692885,,,18692264.351703864,,,,26048105.309633065,,20832983.514925607,,,20961569.023297846,3571551.8197267163,19762623.933314733
koray gunter__1994-08-16,,,,,,,979075.5950882455,,,,1123640.8735273443,,1057322.0049805667,1082560.4873621266,,,,1189719.8230521388,1086463.7568020844,78167.52476774591,1082560.4873621266
korede osundina__2004-02-13,,,,,,,953537.9894754867,,,,,,,,,,778783.118696879,,866160.5540861828,123570.35417293232,866160.5540861828
korey smith__1991-01-31,,,,,,,,,,,347588.1059526302,357259.37438416557,,339042.80927975266,333016.28600550396,,,,344226.6439055131,10546.654390483836,343315.4576161915
kosta barbarouses__1990-02-19,Kosta Barbarouses,MID,512499.9999999997,376262.2623589422,,453299.7253261036,,,,,,398509.30190497753,,,,,,,409357.09653000784,39647.80777387722,398509.30190497753
kosta nedeljkovic__2005-12-16,,,,,,,,,,6331267.259114349,6211979.1833226085,,,6613151.125964829,,,,6813821.645495858,6492554.803474411,272330.8082522148,6472209.1925395895
kostyantyn vivcharenko__2002-06-10,,,,,,,,,2046946.7373871552,,1793129.3496317654,2026420.5841884266,1931372.6594921553,,1966723.3839740988,,,,1952918.5429347202,100537.6004864581,1966723.3839740988
kota takai__2004-09-04,,,,,,6255896.307702201,,5876748.1987586515,,,,,,,,6074212.175175306,6835354.337105052,,6260552.754685302,413298.6371349935,6165054.241438754
kotaro uchino__2004-06-19,,,,,,,,,431476.5918998789,,426522.0452801358,,,,412011.48559400043,,398232.9897135471,,417060.77812189056,15025.669530316984,419266.7654370681
krepin diatta__1999-02-25,,,,,4282804.091972377,,,,,,,,,,,,,,4282804.091972377,,4282804.091972377
kristers tobers__2000-12-13,,,,,,,,,,1585496.029579868,1349162.304308615,,,,,,1556660.7228783665,,1497106.3522556166,128931.9577154979,1556660.7228783665
kristian arnstad__2003-09-07,,,,,,,,3355967.7917462923,3597861.95268925,,3654707.7472707788,,3623417.2355382782,,,,,,3557988.6818111497,136672.10276097964,3610639.5941137644
kristian bilovar__2001-02-05,,,,,,,1534360.9533793097,,,,,,,,,1739655.5765660172,,,1637008.2649726635,145165.2201964579,1637008.2649726635
kristian dennis__1990-03-12,,,,,161201.12899754083,,,,146676.49171081575,,202528.15989832647,,,,197195.95733256568,,,,176900.43448481217,27255.846266581964,179198.54316505324
kristian hlynsson__2004-01-23,,,,,,,,,,,,2307065.739604391,1943665.580342457,,,,,,2125365.659973424,256962.71689838503,2125365.659973424
kristian pedersen__1994-08-04,Kristian Pedersen,DEF,812499.9999999993,743317.9897164807,,723909.7942547492,,,,,,,675429.0600567344,,,695180.5918304152,,,709459.3589645949,30095.217732490044,709545.1930425821
kristian thorstvedt__1999-03-13,,,,,,,,,,,,,,,,,,7145591.768782728,7145591.768782728,,7145591.768782728
kristijan jakic__1997-05-14,,,,,5161265.990623533,5418613.839544281,4203576.999102893,4418599.608223257,4717452.661071087,,,,,5171003.7300193515,4344988.540571676,4682138.205932665,,,4764704.946886092,442364.03700917074,4699795.433501876
kristijan trapanovski__1999-08-14,,,,,,,,,547746.8055662018,,,,,,524407.4414181699,,,,536077.1234921858,16503.42265765556,536077.1234921858
kristjan asllani__2002-03-09,,,,,,,,,,,,,,,,6762697.474880955,,,6762697.474880955,,6762697.474880955
kristoffer ajer__1998-04-17,,,,,,,9172629.750816667,,,,8184111.001724845,10803008.43536208,,9657857.003436465,,,,,9454401.547835015,1088296.5399545683,9415243.377126567
kristoffer askildsen__2001-01-09,,,,,,,,,,1572940.5747000368,,,,1369101.757396235,,,,,1471021.1660481358,144135.80998456408,1471021.1660481358
kristoffer klaesson__2000-11-27,,,,,,933196.3003532281,,,,,,,842828.038185702,,921643.159498029,,,,899222.4993456531,49179.46932456607,921643.159498029
kristoffer lund__2002-05-14,,,,,2885457.6613295814,,,,,,,,,,,,,,2885457.6613295814,,2885457.6613295814
kristoffer nordfeldt__1989-06-23,,,,,,,,,,,,,201489.50400348046,,,,,,201489.50400348046,,201489.50400348046
kristoffer peterson__1994-11-28,Kristoffer Peterson,MID,899999.9999999995,1325721.2790423941,,,,1094990.8202784588,,,,,1241751.46923051,,1126444.7839321096,,,,1197227.0881208682,106388.54365389321,1184098.1265813098
krisztian keresztes__2000-01-04,Krisztián Keresztes,DEF,337500.00000000006,274480.52722178766,,297717.2975480977,232979.6713869219,,,,301188.1937193261,,,,,,,,276591.42246903334,31399.28059148465,286098.91238494264
krys kouassi__2007-03-08,Krys Kouassi,MID,287499.9999999999,338940.6576486927,,,315341.5986392001,,,,,,303756.56700491585,297545.61645916145,,,,279913.20120996353,307099.52819238673,21927.940190575922,303756.56700491585
krystian bielik__1998-01-04,,,,,,,,,1893953.2957341955,,1708193.3757356706,,,,,2385346.2636518837,,1680365.5911629596,1916964.6315711774,326330.82295568945,1801073.3357349331
krzysztof koton__2003-05-17,,,,,801257.3468872212,806393.4538444205,582210.3938652397,,721875.6782589656,,,,644918.7859018656,,,,,,711331.1317515426,97874.30886719721,721875.6782589656
krzysztof piatek__1995-07-01,,,,,,,,,,,4989628.143938121,,,,,,,,4989628.143938121,,4989628.143938121
kwadwo baah__2003-01-27,,,,,1731678.661459404,,1906680.773990125,,,1716122.580465212,,,,,,,,1335808.3423450382,1672572.5895649449,240559.7151524273,1723900.620962308
kyan vaesen__2001-04-13,,,,,,,,,1283352.895131031,,,,1112423.7854055427,1241497.827502867,,,1214676.9051365622,,1212987.8532940007,72755.39473358316,1228087.3663197146
kye rowles__1998-06-24,,,,,,,,,,,,,,,,,1469076.4874005874,,1469076.4874005874,,1469076.4874005874
kyle edwards__1998-02-17,,,,,468103.9330745936,,,,,,,,,,,,,,468103.9330745936,,468103.9330745936
kyle jameson__1998-09-11,,,,,,,,,217310.0945726891,,,,,,,,,,217310.0945726891,,217310.0945726891
kyle john__2001-02-13,,,,,,519761.09797656676,,,,478505.6385635671,354442.1395421051,,,,,,,,450902.95869407966,86046.61792567371,478505.6385635671
kyle knoyle__1996-09-24,Kyle Knoyle,DEF,425000.0000000002,474045.9366817115,441806.99299716885,,,,,,445501.0300687772,,423357.7266962297,,,,477748.87661688,,452492.1126121535,22990.927118239033,445501.0300687772
kyle walker__1990-05-28,,,,,,,2222329.8323873393,,,,,,2005195.8478550937,,,,,,2113762.8401212166,153536.91288880585,2113762.8401212166
kyle walkerpeters__1997-04-13,,,,,,11093953.46038834,8488365.780406736,,10399662.62109393,,,11493393.667282162,,,,,,10376780.597446784,10370431.225323591,1154079.0915983368,10399662.62109393
kylian kaiboue__1998-08-20,,,,,,1552599.5200986695,,1353969.994957702,,,1354221.0771805488,,,1397654.630037432,,1377985.8380066117,,,1407286.2120561928,83255.27660596186,1377985.8380066117
kylian mbappe__1998-12-20,,,,,,,,,120935268.62155917,,,,,,,129757402.87532294,,,125346335.74844106,6238190.95537448,125346335.74844106
kyliane dong__2004-09-27,Kyliane Dong,DEF,999999.9999999997,885978.7147099025,,,,,,,,,,,,,977704.1365794004,963603.4497806514,942428.7670233181,49392.95138670718,963603.4497806514
kyogo furuhashi__1995-01-20,,,,,4501181.875617685,,,,,,3669543.9325117413,4853550.980733205,,,3903677.4225491085,,3723779.984326721,,4130346.839147692,521909.4282786139,3903677.4225491085
kyriani sabbe__2005-01-26,,,,,,,,,,,,,,,6249747.977491114,,,4686041.706800787,5467894.8421459505,1105707.3077890577,5467894.8421459505
ladislav krejci__1999-04-20,,,,,,20082874.11551859,,,,,,20406788.591101594,,,,,,,20244831.353310093,229042.1222092277,20244831.353310093
lado akhalaia__2002-07-01,Lado Akhalaia,FWD,187500.0,332341.83620115265,,,307620.3584823915,,,332594.32508077205,,,,,,,,,324185.5065881054,14346.394546427342,332341.83620115265
lameck banda__2001-01-29,,,,,,,2605409.514168829,,,,,,,,,,,1559049.8206428746,2082229.667405852,739888.03485248,2082229.667405852
lamine camara__2004-01-01,Lamine Camara,MID,19249999.99999997,23190909.877341446,24841041.57264569,,,,,21022681.743641663,,,,26796502.978899587,,,25693429.016824167,,24308913.03787051,2260386.923423234,24841041.57264569
lamine diack__2000-11-15,,,,,1196248.1080697784,,,,1182066.915551536,,,,,,1252796.6866527242,,,,1210370.570091346,37420.02245014807,1196248.1080697784
lamine fomba__1998-01-26,,,,,,,1309385.0706923387,1444337.4737685292,,,,,1530605.2913081504,,,1427555.7584956829,,,1427970.8985661753,91039.285057184,1435946.6161321062
lamine gueye__1998-03-13,,,,,,579728.574207178,,,,,,543630.345089536,549095.467614059,542589.2857862043,583200.6639700122,,,,559648.8673333979,20105.21310523689,549095.467614059
lamine sy__2002-08-10,,,,,,,1454828.8303715151,,,,1556048.7578037642,,,,,,,,1505438.7940876395,71573.29707855356,1505438.7940876395
lance duijvestijn__1999-01-15,,,,,,,,,,1233489.6434968526,,,1268440.2086949875,1192362.1709444567,,,,,1231430.6743787657,38080.788757124275,1233489.6434968526
lapo nava__2004-01-22,,,,,,,397493.6726233315,400083.07358034764,,,,,,,,,,,398788.37310183956,1830.9829759170611,398788.37310183956
largie ramazani__2001-02-27,,,,,,,,,,,6673455.052428175,,,,,,,,6673455.052428175,,6673455.052428175
lars dietz__1997-01-07,Lars Dietz,DEF,525000.0000000003,532949.019957049,,,,,,,565267.8364933362,597805.8321323908,583575.1789530016,,,,564689.3174681541,,568857.4370007864,24363.36581681531,565267.8364933362
lars kramer__1999-07-11,,,,,,1918584.9449133663,,,,,,1816304.2588234688,1585699.8837622895,,1850920.974101553,1997866.7794962176,2120670.76761122,1855226.3702881143,1877896.2827137471,166033.0504338768,1855226.3702881143
lars lokotsch__1996-05-17,Lars Lokotsch,FWD,537500.0000000003,662082.6509436166,,643048.2041419942,787789.3995044384,,704502.0001317001,,,,,,,,,,699355.5636804373,64308.67719774527,683292.3255376583
lars olden larsen__1998-09-17,,,,,,,,,,,,,,877251.7704653556,,,,1087336.5364488026,982294.1534570791,148552.3626508843,982294.1534570791
lars unnerstall__1990-07-20,,,,,,,,,1188949.8291373167,1320134.3062527732,,,,,,1219554.4935334625,,1217951.2098054572,1236647.4596822523,57407.423332730825,1218752.8516694598
lasse berg johnsen__1999-08-18,,,,,,,,,,2387276.8051428553,,,,,,,,,2387276.8051428553,,2387276.8051428553
lasse gunther__2003-03-21,,,,,,,1301379.1309360382,,,1275688.6823515375,,,,1571592.292160873,,,,,1382886.7018161498,163927.87943980476,1301379.1309360382
lasse nordas__2002-02-10,Lasse Nordås,FWD,1400000.0000000007,1064642.3680241972,,,,,,,1082292.5829423012,,979340.1287613242,1005105.2398842982,,,,,1032845.0799030302,48608.646726072686,1034873.8039542476
lasse rie__2001-07-27,,,,,,1166512.5559117682,1154097.9042244463,,,1124616.581195385,,,,,,,1092514.087745007,1147404.60376179,1137029.1465676795,29171.588350614547,1147404.60376179
lasse wilhelm__2003-03-20,,,,,,659352.9744674696,673300.5392858088,,,,,,,619793.4547489224,,,724365.0951390937,,669203.0159103236,43197.11693019164,666326.7568766392
lassina traore__2001-01-12,Lassina Traoré,MID,3449999.999999999,2572975.4343912066,,,2730520.627505222,,,,,,,,,2943094.7914946363,,2593040.5293285707,2709907.845679909,170498.77161383565,2661780.578416896
lassine diarra__2002-11-11,,,,,642018.2942158732,685448.3905942882,628115.067292352,,,,,,,,,,,,651860.5840341711,29907.030809854983,642018.2942158732
lassine sinayoko__1999-12-08,,,,,6198882.23972353,,5015572.51466281,,,,,,,,,6078208.328680161,,,5764221.027688834,651150.132645063,6078208.328680161
laszlo benes__1997-09-09,László Bénes,MID,2750000.0,3056090.7876714426,,2635084.7119620265,2329880.331222815,,,,2484714.387409036,,2550322.11064355,,,,,,2611218.4657817744,272646.18755880895,2550322.11064355
laurent abergel__1993-02-01,,,,,4476259.000105508,,,,,,,,4203266.485423853,,4930793.159309531,,,,4536772.881612963,367518.99637313065,4476259.000105508
laurent lemoine__1998-04-24,,,,,,,,971439.4527310092,,,925856.4352082035,,959200.8065437316,,,786937.9182060913,,,910858.653172259,84829.78857359274,942528.6208759676
laurin ulrich__2005-01-31,,,,,,2071537.474515589,,,,,1677533.323913526,,1984047.6134984936,,,,,,1911039.4706425362,206899.63597205814,1984047.6134984936
laurs skjellerup__2002-08-12,,,,,,,,,,,899343.0832043308,,960218.1459243391,,,957690.8418991523,,,939084.0236759408,34439.85450876593,957690.8418991523
lautaro blanco__1999-02-19,Lautaro Blanco,DEF,4250000.000000002,4679591.770407537,,,,,,,,,,,,,4867602.560663155,4762099.15451803,4769764.495196241,94239.49489953934,4762099.15451803
lautaro giannetti__1993-11-13,Lautaro Giannetti,DEF,1699999.9999999988,1460384.1690666813,,,,1395010.3321160267,,,,,,,,,,,1427697.250591354,46226.283419991574,1427697.250591354
lautaro martinez__1997-08-22,,,,,,,,90777568.65221374,,,,,,,,85895949.03007057,,113820712.83724834,96831410.17317754,14914250.108281523,90777568.65221374
lautaro valenti__1999-01-14,,,,,,,1433080.6508586723,,,,,,1487571.8695205399,1424681.4794960772,,,,,1448444.6666250965,34144.399609752356,1433080.6508586723
lawrence agyekum__2003-11-23,,,,,1312836.7405958239,,,1233765.4042953663,,,,,,,,1440562.0343782452,,987880.6710457698,1243761.2125788014,190680.150820026,1273301.0724455952
lawrence ofori__1998-06-28,,,,,,,,2277992.9929295112,,2197171.7617942616,2224027.0805085003,,2219470.8767279782,,2031907.933630302,,2233494.559663041,,2197344.200875599,85301.61804478295,2221748.978618239
lawrence shankland__1995-08-10,,,,,,,,3708395.7066027448,,,,,,,3382868.7621634887,,,,3545632.2343831165,230182.30987193447,3545632.2343831165
lawrence thomas__1992-05-09,,,,,,,,,593845.3964676324,,,,,,,647820.9950640067,,,620833.1957658195,38166.51178609934,620833.1957658195
lawrence vigouroux__1993-11-19,,,,,,,,,,1943293.6193623214,,,,,,,,,1943293.6193623214,,1943293.6193623214
layton stewart__2002-09-03,,,,,,,730856.8859097778,,,721725.7856732736,,,,801369.5248831477,,775193.8087362453,,,757286.5013006111,37536.97596330197,753025.3473230116
lazar carevic__1999-03-16,,,,,1506349.3883338985,1485371.3090249225,1041461.8691157486,,,,,,,1245034.4884914057,,,,1867846.327731064,1429212.6765394076,310554.1973139221,1485371.3090249225
lazar jovanovic__2006-11-30,,,,,,,,,,,,1278883.4209421447,,,,1571792.533818903,,,1425337.977380524,207118.01998649162,1425337.977380524
lazar rosic__1993-06-29,,,,,,,1060292.3061598295,886975.6854998699,,,,,,915985.7610295117,993791.1638245063,,,,964261.2291284294,78310.40985100441,954888.462427009
lazar samardzic__2002-02-24,,,,,,12449109.322255481,11542290.099937756,,,14935070.14149001,,,,,,,,,12975489.854561083,1756572.3586523773,12449109.322255481
lazaros rota__1997-08-23,Lazaros Rota,DEF,4750000.000000003,5673218.061127257,,,,,,,,,,4756852.598589371,,,,,5215035.329858314,647968.2326056861,5215035.329858314
leander dendoncker__1995-04-15,Leander Dendoncker,DEF,4750000.000000003,4139451.977110181,,,,,,,,4355207.349960622,3389692.3178888825,,,,3788674.2475587404,,3918256.4731296063,422699.7118261982,3964063.112334461
leandre kuavita__2004-05-31,Léandre Kuavita,MID,1299999.9999999993,1036214.1366295303,,1047502.6269097711,,,,1016697.3084577182,,1064364.3503521963,,,,,,1041512.1652760847,1041258.1175250601,17332.278546791396,1041512.1652760847
leandro barreiro__2000-01-03,,,,,,,,,,,,,,,8142759.353655753,,,,8142759.353655753,,8142759.353655753
leandro cabrera__1991-06-17,,,,,,,3130871.376901007,2576719.290433449,,,,,2440924.835364941,,2533094.466892471,,,,2670402.4923979673,312154.67579998623,2554906.87866296
leandro chichizola__1990-03-27,,,,,,,,,,,281565.7460688962,,,,,,,,281565.7460688962,,281565.7460688962
leandro gonzalez pirez__1992-02-26,,,,,,,,,,,,,,,,,1620456.033828373,,1620456.033828373,,1620456.033828373
leandro paredes__1994-06-29,Leandro Paredes,MID,12750000.000000002,15482371.172790244,14187097.423075052,,,,,15906071.88033485,13180095.895855706,15663235.580357114,,,,,,,14883774.390482593,1161771.1932689464,15482371.172790244
leandro sanca__2000-01-04,,,,,,,,,,838622.857509763,,,,,,,,,838622.857509763,,838622.857509763
leandro trossard__1994-12-04,,,,,,,,31548884.262766782,,29754027.546588648,,,25601010.5018659,,,,,,28967974.103740443,3050854.073888726,29754027.546588648
leart pacarada__1994-10-08,,,,,1820581.2015559783,,,1845859.0827654025,1824325.2131137745,,,1869582.0508103208,1748391.2486656862,1889389.7290298257,,1580654.0541845562,,,1796968.940017935,105405.83369470322,1824325.2131137745
lee nicholls__1992-10-05,,,,,,,399788.52041157533,,,,,,379640.51882674795,,,,,,389714.5196191616,14246.788547988745,389714.5196191616
leeroy owusu__1996-08-13,,,,,,821762.4598840597,,,,814513.0294638926,917162.9381240393,,824272.123681392,,783681.6004297934,,,698134.4975925032,809921.1081959467,70785.34192972152,818137.7446739762
leif davis__1999-12-31,,,,,,,7889126.271186966,,,,,,8875209.001978327,,,,,8011199.114787832,8258511.462651041,537552.1705336575,8011199.114787832
leighton clarkson__2001-10-19,,,,,2308754.884208755,,,,2006508.9056717984,,,,,,,2124513.1288345186,,2102273.357584246,2135512.5690748296,126333.78776147054,2113393.2432093825
lennard hartjes__2003-04-07,Lennard Hartjes,MID,899999.9999999995,909939.9518518765,,,,,,,,,,,,,916311.4360482957,,913125.6939500861,4505.319681510969,913125.6939500861
lennard maloney__1999-10-08,,,,,,,,,,,,,2852110.22122901,,,,,,2852110.22122901,,2852110.22122901
lennart grill__1999-01-25,,,,,,,,,,,,710567.1719668756,716958.513821467,,741412.0845945221,,,,722979.2567942882,16280.023593667498,716958.513821467
lennon miller__2006-08-25,,,,,,,4490554.462013079,,,,,,,,,,,4490110.049144689,4490332.255578884,314.24735288503456,4490332.255578884
lenny pintor__2000-08-05,,,,,,,,,,,,,,874555.6899797556,,845015.5347904182,,,859785.612385087,20888.044051683406,859785.612385087
lenny vallier__1999-04-24,Lenny Vallier,DEF,899999.9999999995,914685.2177937051,,,1017359.8523304532,,928494.4117196142,,,,,,,,869229.9918185686,958876.6942754276,937729.2335875537,54992.5114372125,928494.4117196142
leny yoro__2005-11-13,Leny Yoro,DEF,41749999.99999995,30221145.380236965,,,,,,,32092324.741058894,,,,30166506.747297466,,,,30826658.956197772,1096439.124748136,30221145.380236965
leo castledine__2005-08-20,,,,,,,,,,,,,,1790833.6555925035,,,,,1790833.6555925035,,1790833.6555925035
leo greiml__2001-07-03,,,,,,,,,,1856620.5852431005,,,,,,1893488.8503863164,,,1875054.7178147086,26069.800293351575,1875054.7178147086
leo leroy__2000-02-14,Léo Leroy,MID,1749999.9999999998,2565265.1843391634,2393989.0869577476,,,,2254671.7735284097,,,,,,,,,,2404642.014941774,155570.49966410417,2393989.0869577476
leo oppermann__2001-08-28,,,,,,,,,,,,,,,,373098.43660448503,,,373098.43660448503,,373098.43660448503
leo petrot__1997-04-15,,,,,,,,1449329.7890860608,,,,,1419841.6171482517,,,1364082.6360834232,,,1411084.6807725786,43292.98124153002,1419841.6171482517
leo sauer__2005-12-16,Leo Sauer,MID,6999999.999999995,9056319.647081647,,7663574.04920105,5517068.499569492,,,9106350.491208224,,,,,,9546975.839626111,,,8178057.705337306,1647161.60247298,9056319.647081647
leo stigard__1999-11-28,Leo Østigård,DEF,8000000.000000002,9060398.253388653,,,,,,,7564458.951323823,,8278071.750327891,,8534964.543696115,,,,8359473.37468412,622030.8121486423,8406518.147012003
leo weinkauf__1996-07-07,,,,,509196.1584490633,,,,,559932.3872817508,,,,,,,552743.1887700588,,540623.911500291,27453.57700185607,552743.1887700588
leon avdullahu__2004-02-23,,,,,,6727202.405764669,,,7607937.441903264,,6854330.5258664265,7644099.132848576,,,,,,,7208392.376595734,485242.2827228461,7231133.983884845
leon bailey__1997-08-09,Leon Bailey,MID,20249999.999999974,22342655.168187637,20562316.725470003,,,,,,,,,20669506.125489693,,,21194470.991801996,15541398.42512461,20062069.48721479,2623885.36508219,20669506.125489693
leon dajaku__2001-04-12,Leon Dajaku,MID,887500.0000000002,641266.9073659531,,,,,,,,,,,,,,617461.4479991326,629364.1776825428,16833.001747539605,629364.1776825428
leon goretzka__1995-02-06,,,,,18480702.41643276,,19999422.468269974,18717033.665783614,,,,,,,,,,,19065719.516828783,817198.8839948494,18717033.665783614
leon guwara__1996-06-28,,,,,,,,,,,354697.1861979969,382576.53358029027,,374201.9263954607,,,,,370491.88205791597,14305.167749997127,374201.9263954607
leon klanac__2007-03-01,,,,,,,,,,262110.47610523616,,,233772.62891763757,,246941.6335228374,,,,247608.24618190373,14180.679642910029,246941.6335228374
leon klassen__2000-05-29,,,,,,773827.2073823278,,,,775953.7580708484,,,,,,,,,774890.4827265881,1503.6984123898774,774890.4827265881
leon mccann__2000-03-16,,,,,,252391.31231410502,,,,,,239293.05250068972,268048.0275868154,,,,,,253244.13080053672,14396.444789566174,252391.31231410502
leon opitz__2005-04-11,,,,,,980945.7919850532,,,1051739.4427883662,,1691398.511241705,1040275.5244949718,,,1092408.708425192,,,1161785.5077626857,1169758.9144496622,262487.88075177645,1072074.0756067792
leon reichardt__2004-06-28,,,,,,,,439563.9335301396,,,,,,,,481989.62882424536,,,460776.78117719246,29999.496839016367,460776.78117719246
leonardo balerdi__1999-01-26,Leonardo Balerdi,DEF,24999999.999999963,28517846.375147793,,,29330858.535211936,,,28042632.362189516,,,,,,,,,28630445.757516414,651452.7104075501,28517846.375147793
leonardo bertone__1994-03-14,,,,,,1257950.4477436687,,,,,,,1310150.708204303,1384834.747377443,1423052.734527011,1270105.7900739796,,,1329218.8855852808,72171.77248074327,1310150.708204303
leonardo candellone__1997-09-15,,,,,,,1127358.10843908,,,1315815.0476806494,1425514.6719842274,,1268716.229022062,,1340067.8872004228,,,1230888.3472782264,1284726.7152674447,101754.76640658418,1292265.6383513557
leonardo cerri__2003-03-04,,,,,,,1958441.9129324765,,,,,,2127266.309786667,,,,,,2042854.1113595718,119376.87584532703,2042854.1113595718
leonardo koutris__1995-07-23,,,,,,,,,1317894.4533398887,,,,,,,,,,1317894.4533398887,,1317894.4533398887
leonardo loria__1999-03-28,Leonardo Loria,GK,412500.00000000006,413618.4490131398,,,,,,,,,,,,459961.32310310006,,,436789.88605811994,32769.36052868524,436789.88605811994
leonardo mancuso__1992-05-26,,,,,,,,,,,,,1074627.6417551395,,,,1177443.3099943302,,1126035.4758747348,72701.65622415808,1126035.4758747348
leonardo marson__1998-01-05,,,,,338871.1793842009,,348018.8423081987,,,,,,,347403.00984216586,,,,,344764.34384485515,5112.910416464753,347403.00984216586
leonardo mendicino__2006-06-25,,,,,,,,605449.5396175324,,,,,,,,,,568350.3442288119,586899.9419231722,26233.09263592895,586899.9419231722
leonardo pavoletti__1988-11-26,,,,,,,,,,,,,,,385046.7925554197,,,,385046.7925554197,,385046.7925554197
leonardo spinazzola__1993-03-25,,,,,,,,,,8605616.343423253,,,,,,,,,8605616.343423253,,8605616.343423253
leonel montano__1999-10-02,,,,,,,,,548546.8232992615,,,,,,,,,,548546.8232992615,,548546.8232992615
leonidas stergiou__2002-03-03,,,,,,,,,3382573.2262419323,,,,,,,,,,3382573.2262419323,,3382573.2262419323
leopold zingerle__1994-04-10,,,,,,,,633840.2160108681,623786.0217172519,,,671237.3984384474,,,,,,,642954.5453888557,25004.230405914142,633840.2160108681
lequincio zeefuik__2004-11-26,Lequincio Zeefuik,FWD,1075000.0,1057407.593681917,,,,,,,995649.080434113,,,,,,1137925.1359799213,,1063660.6033653172,71343.84411421916,1057407.593681917
leroy sane__1996-01-11,,,,,,,,,,37118186.431541845,,,34171782.047684126,,,,,,35644984.23961298,2083422.519943565,35644984.23961298
lesley ugochukwu__2004-03-26,Lesley Ugochukwu,MID,17749999.999999993,16525484.93668142,,,,16334650.58508954,18065181.848756187,,,,,,,,,,16975105.790175717,948843.3999109782,16525484.93668142
levent mercan__2000-12-10,,,,,,,,,,,,3658485.377510964,,,,,,,3658485.377510964,,3658485.377510964
levi colwill__2003-02-26,,,,,,34385249.45913027,,,,34846818.75938,,,,33799701.97462445,,32787210.783664696,34547186.65025706,,34073233.52541129,813801.8221940307,34385249.45913027
levi smans__2003-03-25,,,,,,,,,,,,,,,,,,1541507.1374989254,1541507.1374989254,,1541507.1374989254
lewin blum__2001-07-27,,,,,,2586631.4294728558,,,,2624381.6991602774,2852545.3712721015,,,,,,2785913.923693428,,2712368.1058996655,127292.27865037866,2705147.811426853
lewis baker__1995-04-25,Lewis Baker,MID,2000000.0000000016,1953239.6796374044,,,,,,,,,,,,,1802150.0851874661,,1877694.8824124353,106836.47680227671,1877694.8824124353
lewis brunt__2000-11-06,,,,,1343264.635458303,,,,,,1122976.044526238,1450830.4499140156,,1278537.9910764138,,,,,1298902.2802437425,137131.24125761626,1310901.3132673583
lewis dobbin__2003-01-03,,,,,,,,,,,,4066505.8628082345,,,,,,,4066505.8628082345,,4066505.8628082345
lewis dunk__1991-11-21,Lewis Dunk,DEF,4500000.000000002,5379848.129959035,,,5004116.765004879,,,4860600.53220513,,5113666.092574596,,,,,4640584.756516073,,4999763.255251942,276510.7497089321,5004116.765004879
lewis ferguson__1999-08-24,,,,,,,,19151572.484630432,,,,,,,,,,,19151572.484630432,,19151572.484630432
lewis gibson__2000-07-19,,,,,,,,2647180.777563101,,,,,,,,,,,2647180.777563101,,2647180.777563101
lewis holtby__1990-09-18,,,,,435627.04872816,,,,,,,,,,,483147.5879737769,446677.8164631168,,455150.8177216845,24867.533558725183,446677.8164631168
lewis jamieson__2002-04-17,,,,,326071.70282327855,,,,,340858.89215155353,,,251384.86631680667,,,333743.45319994586,263938.4730355916,,303199.47750543524,42132.187987081656,326071.70282327855
lewis koumas__2005-09-19,,,,,,,,,,,,3634952.633140222,,,,,,2438878.5765974903,3036915.6048688563,845752.0761826677,3036915.6048688563
lewis mayo__2000-03-19,,,,,,,,,,,,,1153474.8400717038,,,,,,1153474.8400717038,,1153474.8400717038
lewis miley__2006-05-01,Lewis Miley,DEF,17999999.999999985,32644836.155331317,,30394941.674238924,,,,,,22165301.236888148,,,26899113.52648338,,27980352.5210011,20160785.005683374,26707555.019937705,4774873.879137134,27439733.02374224
lewis miller__2000-08-24,Lewis Miller,DEF,1200000.0000000005,1446927.8038384516,,,1246123.36414446,1405337.1920269611,,,,,,,,,1476259.9568880762,,1393662.0792244873,102572.94562017125,1426132.4979327065
lewis montsma__1998-04-25,,,,,638949.6448071637,660746.1662518965,,,,,,599995.9489167967,,,,,,,633230.586658619,30776.256207428687,638949.6448071637
lewis morgan__1996-09-30,,,,,,,,3284310.175326477,3205032.4924230366,,,2802048.3639225033,,,,,,,3097130.343890672,258604.46424624178,3205032.4924230366
lewis neilson__2003-05-15,Lewis Neilson,DEF,825000.0000000006,867911.2501532459,,,,,833373.5898409724,,,863076.7787976604,941748.0887623973,898806.171663282,,,875653.8603374616,,880094.9565925031,36856.17668971061,871782.5552453537
lewis obrien__1998-10-14,,,,,,,,,2748031.424615852,,3292473.071263556,2720938.500751506,,,2671050.30090765,3017937.273860429,,,2890086.114279798,262215.7125889844,2748031.424615852
lewis orford__2006-02-18,,,,,,,,,,740582.4654385028,,,620274.365830362,,,,,,680428.4156344323,85070.67306458304,680428.4156344323
lewis richards__2001-10-15,,,,,,,,,,338546.8815533546,,,,,,,,,338546.8815533546,,338546.8815533546
lewis warrington__2002-10-10,,,,,,410715.70279396366,,,,,351343.05379749514,,,,,,,,381029.3782957294,41982.80272241155,381029.3782957294
liam boyce__1991-04-08,Liam Boyce,MID,230000.0000000001,235901.35312234965,,151606.16394391735,,,,190306.06766241894,,,,,,,,,192604.5282428953,42194.57216795693,190306.06766241894
liam cooper__1991-08-30,,,,,,871148.0216184105,,826229.3956329591,,,860097.8234935453,825127.4222721052,,854978.9082157017,,986032.4853240182,944065.153756088,,881097.0300446898,61021.3001211979,860097.8234935453
liam delap__2003-02-08,Liam Delap,FWD,31999999.999999955,40105760.07883636,,,,,,,,,42843145.93468495,40132754.236971036,,33668361.52664037,,,39187505.44428318,3897064.871270631,40119257.1579037
liam donnelly__1996-03-07,,,,,,,,,,503192.883447382,,,,,,,,,503192.883447382,,503192.883447382
liam gibbs__2002-12-16,,,,,,,,,,,1488980.341772104,,,1661906.753642281,,,,,1575443.5477071926,122277.43847966014,1575443.5477071926
liam gordon__1996-01-26,,,,,,,532114.8311313412,431092.2600633225,,,,,,,,450008.9093714213,,,471072.000188695,53704.099586351505,450008.9093714213
liam henderson__1996-04-25,,,,,,,,,,1283630.8684419487,,1179686.4479955765,,,,1082134.7542790524,,,1181817.3569055258,100764.95712931956,1179686.4479955765
liam henderson__1996-08-23,,,,,233578.86337609406,,,237975.9304647801,,196718.7738390665,,,,,194218.24777775127,,,193854.6066050412,211269.28441254664,22453.77734535633,196718.7738390665
liam kelly__1990-02-10,,,,,,,,,220734.72268377972,,,,178431.811098469,,,,191614.32855322026,,196926.954111823,21646.063727456156,191614.32855322026
liam kelly__1995-11-22,Liam Kelly,MID,387499.99999999977,410691.96362785535,,,,,,,,412376.3566029664,,,469033.7933811928,,393590.642956391,,421423.1891421014,32855.36304887351,411534.16011541086
liam kelly__1996-01-23,,,,,,,,,,,,,,,723437.2030718045,,,,723437.2030718045,,723437.2030718045
liam lindsay__1995-10-12,,,,,,,,,,,,1544217.361734657,1590924.5331787346,,,,,1503872.290744774,1546338.0618860554,43564.85114222664,1544217.361734657
liam millar__1999-09-27,,,,,,,,,,,,,2240031.0151511226,,,,,,2240031.0151511226,,2240031.0151511226
liam morrison__2003-04-07,,,,,,,,,,,,,1620032.810263595,,,,,,1620032.810263595,,1620032.810263595
liam polworth__1994-10-12,,,,,404880.63384537864,,,,,,,,,,383156.89410937077,401269.48350775737,,,396435.6704875023,11640.641230857635,401269.48350775737
liam scales__1998-08-08,,,,,,,,,,,,,5381958.353526829,,,,,,5381958.353526829,,5381958.353526829
liam shaw__2001-03-12,,,,,,687359.1890467762,,,704620.2201895781,,643364.0154252669,,,,,,,,678447.8082205404,31585.442639045876,687359.1890467762
liam shephard__1994-11-22,Liam Shephard,DEF,205000.0,204224.10581623015,,207160.9059053255,,,232462.4847335862,,,,,,243007.81293781096,,,,221713.8273482382,19031.949800859456,219811.69531945584
liberato cacace__2000-09-27,Liberato Cacace,DEF,2550000.0,3767915.5734951403,,,,,,3476212.6856384324,,4168943.127164991,,,,,,2417420.905752291,3457623.0730127133,749360.5669203779,3622064.1295667863
liel abada__2001-10-03,Liel Abada,MID,5800000.0,4826073.12321399,,,,,,,,,,5146144.479804568,,,,,4986108.801509279,226324.6267087755,4986108.801509279
lilian brassier__1999-11-02,,,,,,,,,,,11232769.25271438,,,,,,,11077343.679444296,11155056.46607934,109902.47682908323,11155056.46607934
lilian raolisoa__2000-06-16,Lilian Raolisoa,DEF,1949999.999999999,2270057.9936848585,,,,2112395.813110834,2231849.120828826,2273645.023396846,,,2680810.2079022825,,2255314.3894600174,,,2377923.893579358,2314570.920280432,179364.68957676922,2270057.9936848585
lindon selahi__1999-02-26,,,,,,1294083.3178521928,,,,1401355.4665568247,1865343.2971203232,,,,,,1500912.853988226,,1515423.7338793916,248097.7063920625,1451134.1602725254
lino tempelmann__1999-02-02,,,,,1610569.2793162356,,,1720786.0078263264,1739676.0101957733,1718025.9887811162,,,1513069.606024046,,,,,1691508.4165569337,1665605.884783405,87460.14199868096,1704767.202669025
linus gechter__2004-02-27,,,,,2002919.2171953206,,,,,,,,,,,,,,2002919.2171953206,,2002919.2171953206
lion lauberbach__1998-02-15,Lion Lauberbach,FWD,1575000.0000000002,2421058.9689243,,,,2380702.6123090126,,,,,,,2235536.8937955783,,,,2345766.1583429636,97570.62545565722,2380702.6123090126
lionel carole__1991-04-12,,,,,473085.58362093335,,,,,,,,,,445544.76623330626,,,,459315.1749271198,19474.29873421149,459315.1749271198
lirim qamili__1998-06-04,,,,,,,,,1370966.4725506094,,,,,,1374219.8573425089,,,,1372593.1649465591,2300.4904481613016,1372593.1649465591
lisandro lopez__1989-09-01,,,,,,,,,,,,,,,,,617440.6076768314,,617440.6076768314,,617440.6076768314
lisandro magallan__1993-09-27,,,,,,,1390071.6218361298,,,,1669284.0720163044,,,1600953.555997907,1529401.8914481201,,,,1547427.7853246154,119442.95398546057,1565177.7237230134
lisandro martinez__1998-01-18,,,,,28460908.732500657,,,,,,28130040.819329116,,24076549.63943869,,,,,,26889166.397089485,2441409.052792094,28130040.819329116
lisandru olmeta__2005-07-21,,,,,,,,,,,,,,690247.4305835124,,,649716.0230178639,688316.3023911188,676093.2519974983,22863.74795406294,688316.3023911188
lisandru tramoni__2003-04-18,,,,,877833.6031466682,,,,,,,,,,,,707361.2833585457,,792597.443252607,120542.13332678305,792597.443252607
livano comenencia__2004-02-03,,,,,,,571155.5935909785,618362.4462703306,668165.4107389944,,,,,,,,,,619227.8168667678,48510.69784567885,618362.4462703306
lloyd jones__1995-10-07,,,,,,,,,,,,,1116058.3868561292,,,1133530.2760183788,,,1124794.3314372539,12354.49130676646,1124794.3314372539
lloyd kelly__1998-10-06,,,,,,,,,,,,,,,13022117.286004594,,,12313110.834011108,12667614.060007852,501343.27010960825,12667614.060007852
logi tomasson__2000-09-13,,,,,,,,,,,,,1768458.125629149,2009386.4562898963,,,,,1888922.2909595226,170362.05639016925,1888922.2909595226
lohann doucet__2002-09-14,,,,,,1384983.6462270904,,,,,,,,,,,,,1384983.6462270904,,1384983.6462270904
loic bade__2000-04-11,,,,,,,,20032114.42540548,22054491.144010536,,,,,,20186862.77367356,,,,20757822.78102986,1125610.2324913216,20186862.77367356
loic nego__1991-01-15,,,,,,,,744844.99324632,,,,,823262.6765185025,641684.0288323903,,,,,736597.2328657376,91069.8659675688,744844.99324632
loick ayina__2003-04-20,Loick Ayina,DEF,337500.00000000006,449854.87147449376,,,,,,,,480162.27948120027,508684.08979487035,,,,436496.8176720196,,468799.51460564596,32260.68554858711,465008.575477847
lois openda__2000-02-16,Loïs Openda,FWD,41749999.99999995,37763595.16361531,,,,,41279463.090102285,34557248.74856257,,,,,,41325090.80000344,,,38731349.4505709,3244484.670850385,39521529.1268588
lorenco simic__1996-07-15,,,,,,,893357.9469892966,,,,1024802.1905584268,,,,,,,,959080.0687738617,92945.1159756682,959080.0687738617
lorenz assignon__2000-06-22,,,,,,,,8454238.227903357,,,,,,8428994.270019488,,,9237951.51895177,,8707061.338958206,459937.60638005065,8454238.227903357
lorenzo amatucci__2004-02-05,Lorenzo Amatucci,MID,2449999.9999999995,3313474.5287014195,,,,,,,,,,,,,3425010.254067535,,3369242.3913844773,78867.66775094075,3369242.3913844773
lorenzo andrenacci__1995-01-02,,,,,,,381730.6748745737,,,,432435.85309742304,,393347.24338432425,397516.02459044295,,,379698.0021438969,,396945.55961813213,21223.838000207055,393347.24338432425
lorenzo bernasconi__2003-11-16,,,,,,,,,,2187100.2777215485,,,1905571.3786865843,,,,,,2046335.8282040665,199070.99360760604,2046335.8282040665
lorenzo carissoni__1997-02-07,,,,,656092.5372916195,,,,,,,,,,,,,,656092.5372916195,,656092.5372916195
lorenzo colombo__2002-03-08,,,,,6920069.526311497,,,6227416.736550258,,,,,,,,6438108.742358998,,,6528531.668406918,355069.2903607796,6438108.742358998
lorenzo crisetig__1993-01-20,,,,,1049250.5368643876,923624.6481364486,,,,,,,,,,,,,986437.5925004181,88830.91781211233,986437.5925004181
lorenzo dickmann__1996-09-24,Lorenzo Dickmann,DEF,1200000.0000000005,1138008.8814645088,,,,1237275.6042346496,,,,,,1127061.78675293,,,1275804.7909000919,,1194537.765838045,73437.89828887433,1187642.242849579
lorenzo ignacchiti__2004-04-25,,,,,855539.7954864412,952761.774116308,1043503.5952641473,,,,903846.2515915066,,,,,,,,938912.8541146007,80232.47313682144,928304.0128539073
lorenzo lucca__2000-09-10,,,,,,,,,,,10863300.445861524,,,,,,,,10863300.445861524,,10863300.445861524
lorenzo melgarejo__1990-08-10,,,,,,,,1096777.4365351452,1235492.509040941,,1063558.738935826,1149686.7938746542,,,1192978.324912902,,,,1147698.7606598935,69703.7624094715,1149686.7938746542
lorenzo montipo__1996-02-20,,,,,4718075.026079802,,,,4754194.554599045,,4566140.712245071,,,,,,,,4679470.097641306,99793.87396443392,4718075.026079802
lorenzo moretti__2002-02-26,Lorenzo Moretti,DEF,499999.99999999977,559664.5033757248,,,528670.9048504469,563655.0303132415,,,530866.8855915564,,619293.4972393617,,,,,555652.0330880497,559633.8090763969,32794.942960728775,557658.2682318873
lorenzo palmisani__2004-06-12,,,,,666657.5895553539,,,775585.702761493,,,,,572535.7943582229,695471.1988828907,,,,631532.3907185368,668356.5352552995,75454.98288901996,666657.5895553539
lorenzo pellegrini__1996-06-19,Lorenzo Pellegrini,MID,22750000.000000004,18391710.306165345,,,,,,,,,18286735.898790333,,,,,,18339223.10247784,74228.11530590983,18339223.10247784
lorenzo pirola__2002-02-20,,,,,,,,,11780147.769434739,,,,12794618.973478884,,,,,,12287383.371456811,717339.4676980964,12287383.371456811
lorenzo scipioni__2004-11-24,,,,,,,,,,,,,,,,,,2106208.318923774,2106208.318923774,,2106208.318923774
loris benito__1992-01-07,,,,,,,,859818.6553951736,815723.682964235,,,,,,,,,,837771.1691797043,31179.85402215056,837771.1691797043
loris mouyokolo__2001-05-22,,,,,899033.8095660277,,,,961997.1441663939,,,,,,,955444.101490957,,,938825.0184077928,34615.61523204883,955444.101490957
louie barry__2003-06-21,,,,,,,,,,2175421.650513068,,,,,,2445316.8796307817,2083192.9915527306,1357298.6997473317,2015307.555360978,464804.1268241461,2129307.3210328994
louis appere__1999-03-26,,,,,462427.5746693745,,,459605.0348163202,,,,522011.53598966275,,,,,,,481348.04849178577,35243.88024073136,462427.5746693745
louis bostyn__1993-10-04,,,,,,,,,290794.36719612684,269566.98763512354,,,,,,297416.4345948056,,,285925.9298086853,14549.026975595812,290794.36719612684
louis fortin__2002-01-12,,,,,336394.24214920896,428860.34490475216,347017.29275099596,,,,398972.07289156324,402448.960919893,294055.7976056206,,398195.4123691991,,,,372277.7319416047,47505.42913594826,398195.4123691991
louis leroux__2006-01-23,,,,,,,,3877051.4368318096,5044928.541974303,,,,,,,4609191.78588292,,,4510390.588229678,590174.1189448155,4609191.78588292
louis mafouta__1994-07-02,,,,,996058.0560933145,1043958.1534341982,1045505.8410566766,867304.1413884254,,,,,,,,,,,988206.5479931538,83806.30166659175,1020008.1047637564
louis moult__1992-05-14,,,,,,,,,,,,,198217.05375219753,,254082.31370015783,,260020.60631093715,,237439.99125443082,34097.57981896785,254082.31370015783
louis mouton__2002-06-03,,,,,,,3222947.7110327813,3226150.0849227114,3134256.221415677,2892422.061675871,,,3058180.5620139893,3378522.6760563366,,3362854.181985258,,,3182190.499871804,171474.58136836343,3222947.7110327813
louis munteanu__2002-06-16,,,,,4033703.5790988007,,,,,4403331.321626153,,,,,,,,,4218517.4503624765,261366.28325576594,4218517.4503624765
louis patris__2001-06-07,Louis Patris,DEF,2199999.9999999995,2421846.5745947463,,,,,,,,,,,2375525.319242792,,,,2398685.9469187693,32754.073772440428,2398685.9469187693
louis schaub__1994-12-29,,,,,,,,979024.987409772,1043851.7044619184,,,,,914724.1615520491,,862605.447990188,,,950051.5753534819,78597.6551466985,946874.5744809106
louis thompson__1994-12-19,,,,,,443072.7332458583,,,,,,,,,,481004.7275391403,,,462038.7303924993,26821.970388709153,462038.7303924993
louis verstraete__1999-05-04,,,,,,,,,,,,,,1714991.2436343634,,1546147.0975889552,,,1630569.1706116593,119390.84063235993,1630569.1706116593
louka prip__1997-06-29,,,,,1067653.2018838187,1127546.295681062,,,,,,1272248.006430872,,,,,,,1155815.834665251,105186.18558392384,1127546.295681062
loum tchaouna__2003-09-08,,,,,,,,,,,,6835880.067254802,,6878146.0541489385,,,,,6857013.06070187,29886.56594638552,6857013.06070187
lovro golic__2006-03-05,,,,,,,,,822174.4944694571,,,,,,748534.1905728846,,,797658.7303714381,789455.8051379266,37499.1943418098,797658.7303714381
lovro majer__1998-01-17,,,,,,,,,,12836846.950189201,13649540.186786268,12383753.385720398,,,,,,,12956713.50756529,641350.1774545931,12836846.950189201
lovro stubljar__2004-08-09,,,,,,530254.770206134,,,,514473.36770501477,,,,,,524704.4267289377,494091.3319422054,,515880.9741455729,15929.314610948819,519588.8972169762
lovro zvonarek__2005-05-08,,,,,,1156627.864514331,,,,,,,,,,,,,1156627.864514331,,1156627.864514331
lubomir satka__1995-12-02,Ľubomír Šatka,DEF,1699999.9999999988,1768896.655665439,,,,,,,,,,,,1514267.7917664,,,1641582.2237159195,180049.79634883703,1641582.2237159195
luc de fougerolles__2005-10-12,,,,,,,,1222119.5128898625,,,,1384557.0944652676,,,1105970.651633363,,1296902.8192825327,,1252387.5195677564,118045.83838669879,1259511.1660861976
luc ihorst__2000-03-07,,,,,476297.688143528,,,,,,,,500575.0220723235,,512559.8539250364,,,,496477.521380296,18475.072414804596,500575.0220723235
luc marijnissen__2003-01-09,,,,,,,,,,1036615.4487906843,,,,,965218.969393706,,,,1000917.2090921951,50484.93473444905,1000917.2090921951
luca bazzoli__2000-11-01,,,,,,,,,,804898.8560947828,,,,,,,786964.0508588738,,795931.4534768283,12681.822401571299,795931.4534768283
luca belardinelli__2001-03-14,,,,,,,1154405.2081676822,,,1157119.5300660837,1042178.4408960738,,1076564.338442499,1156464.5842071055,,,,1218287.3622768146,1134169.9106760432,63702.092416216154,1155434.896187394
luca connell__2001-04-20,,,,,,,,,,,,,,,,,1173019.6275444545,,1173019.6275444545,,1173019.6275444545
luca dandrea__2004-09-06,,,,,942450.093215797,,,,,,,,,,,,,,942450.093215797,,942450.093215797
luca itter__1999-01-05,,,,,,1217902.8479945057,,,,,,1174803.4689269317,939422.4054868816,,1049605.5610598808,,,,1095433.57086705,126145.41181287807,1112204.5149934064
luca kerber__2002-03-10,,,,,,,1951034.1607386973,,,2259416.842771019,,2466481.2387822974,,,2324209.302199068,,,2056284.4157179045,2211485.192041797,207333.77238407594,2259416.842771019
luca kilian__1999-09-01,,,,,,,,,,1168710.281200789,,1105351.7887468939,1195911.3071086355,1036194.2316657454,984621.9996756448,,,,1098157.9216795417,88480.2463627445,1105351.7887468939
luca kjerrumgaard__2003-02-09,,,,,,1640054.9444007273,1824822.850362846,,,,,1677379.4335543187,,,,,,,1714085.7427726306,97700.10041309746,1677379.4335543187
luca koleosho__2004-09-15,,,,,,,6639353.642560305,7319969.4677589955,7091538.910262232,,7069628.229238864,7466917.332540336,,,,6966721.881384305,,,7092354.910624173,287616.53962810314,7080583.569750547
luca lezzerini__1995-03-24,,,,,,,,,,,,,,,,,830892.5573961245,,830892.5573961245,,830892.5573961245
luca lipani__2005-05-18,Luca Lipani,MID,3200000.0000000023,1722548.2139660784,,,,,1953073.1918345762,,,,,,,,,,1837810.7029003273,163005.77508369362,1837810.7029003273
luca mazzitelli__1995-11-15,,,,,,,,2321427.6555944784,,2623089.836948812,,,,,,,,1905503.3309979609,2283340.2745137503,360306.2375658784,2321427.6555944784
luca moro__2001-01-25,,,,,,1579413.5891722438,,,,,,,,,,,,,1579413.5891722438,,1579413.5891722438
luca netz__2003-05-15,Luca Netz,DEF,5050000.000000004,4610698.861844408,5174377.396626665,,,,,,,,,,,,,,4892538.129235537,398580.9143538311,4892538.129235537
luca oyen__2003-03-14,,,,,,,,,1757093.2191449585,1710191.319479397,,,,1473794.5656217234,,,,1743073.033703669,1671038.034487437,132956.76196213067,1726632.176591533
luca palmiero__1996-05-01,,,,,,,,,,,,,,,,623280.9508257804,,,623280.9508257804,,623280.9508257804
luca pellegrini__1999-03-07,Luca Pellegrini,DEF,4000000.0000000005,5270100.845829995,,,,5728105.736489959,,,,5062155.201508285,,,,,5195823.125739432,,5314046.227391918,289137.9511122543,5232961.985784713
luca philipp__2000-11-28,,,,,,,,,,1067955.3057149465,,,,,,1029021.486265922,,,1048488.3959904342,27530.36774989792,1048488.3959904342
luca plogmann__2000-03-10,,,,,,,,,,883646.0365142195,,,,,,,781071.2216371763,,832358.6290756979,72531.34717851196,832358.6290756979
luca raimund__2005-04-09,Luca Raimund,MID,850000.0000000005,883908.7200724216,,,909513.4414222228,882916.9312499259,845358.1620283149,,,,,,,,,,880424.3136932213,26420.740430703197,883412.8256611738
luca ranieri__1999-04-23,Luca Ranieri,DEF,7249999.999999998,7290847.214495579,,,,,,,6858446.28445921,,8073338.355605234,,,,,7818417.684666871,7510262.384806723,543145.6168645419,7554632.4495812245
luca ravanelli__1997-01-06,,,,,1556734.696490141,,1489450.1559197858,1467550.3533236743,,,1524184.7448528619,,1645764.9753683277,,,,,,1536736.9851909583,69762.81976899916,1524184.7448528619
luca ross__2006-08-11,,,,,204188.26300039428,,,,172747.68769787133,217593.64201748942,,203603.87648871721,209952.0479281812,210337.15316195702,,,,,203070.44504910175,15697.696866865383,207070.15546428773
luca schuler__1999-03-22,,,,,,,,,,,,,916927.1413574156,,,,,,916927.1413574156,,916927.1413574156
luca valzania__1996-03-05,,,,,,,,,,,,,,,1015731.8024626707,,,,1015731.8024626707,,1015731.8024626707
luca vignali__1996-01-11,Luca Vignali,DEF,1099999.9999999998,1092358.3168579997,,1182644.4059065767,854857.3438478815,,1128650.9963875096,,,,,,,,,,1064627.7657499919,144683.00382198414,1110504.6566227546
luca waldschmidt__1996-05-19,,,,,,,,3863349.0021645087,,,,,,4541317.166970443,,,,,4202333.084567476,479395.886762875,4202333.084567476
luca wollschlager__2003-02-08,Luca Wollschläger,FWD,462500.00000000006,428076.50936617795,,432053.61324232945,,443187.9915634025,,,445704.32242708805,,473875.6041947768,,440901.4919093398,,,417335.0764607138,440162.0870234041,17841.437613979855,440901.4919093398
luca zanimacchia__1998-07-19,,,,,,,,,,,1629082.1701747156,2115272.102499565,,,,,,,1872177.1363371403,343788.1980915297,1872177.1363371403
luca zidane__1998-05-13,Luca Zidane,GK,1749999.9999999998,1150345.0970808624,,,,,,,,,,1105025.185081638,,,,,1127685.1410812503,32046.017097429194,1127685.1410812503
lucas alario__1992-10-08,Lucas Alario,FWD,1499999.9999999986,1571044.2777774595,,,,,,,,1544798.8641863156,,,,,,,1557921.5709818876,18558.309925343437,1557921.5709818876
lucas beltran__2001-03-29,,,,,11467893.573234415,,10196589.414996546,,12002393.21463889,,,,,,10050725.666990802,,,,10929400.467465162,957491.4628091571,10832241.49411548
lucas bergstrom__2002-09-05,,,,,1095963.841477605,1317400.1816353165,,,,,,,,,,,,,1206682.0115564608,156579.13772664874,1206682.0115564608
lucas bergvall__2006-02-02,,,,,,,,,,,24525021.407041073,,,,,,,,24525021.407041073,,24525021.407041073
lucas boye__1996-02-28,,,,,,,,,4822067.43226491,,,,4435386.650599887,,,,,,4628727.041432398,273424.60286985285,4628727.041432398
lucas buades__1997-12-28,,,,,866198.607329294,,,,,,,,,,,,,,866198.607329294,,866198.607329294
lucas castro__1989-04-09,Lucas Castro,MID,437499.9999999996,486847.9645898572,,548995.5291784706,,,,,,,609768.5906961834,,,,,,548537.3614881705,61461.59385190995,548995.5291784706
lucas cepeda__2002-10-31,Lucas Cepeda,MID,4349999.999999996,5043068.88362218,,,,,,4432483.989335227,4908400.6171092335,5179976.613229714,,4172821.4763205126,,,,2998624.008351739,4455895.931328101,809709.3458845187,4670442.30322223
lucas chaves__1995-08-09,,,,,,,,,,,,,,1905624.6389524115,,1671319.491508101,1539081.3222618904,1387833.7937584133,1625964.8116202042,219485.601959204,1605200.4068849958
lucas chevalier__2001-11-06,Lucas Chevalier,GK,42000000.00000003,35620754.66401186,,,37504405.14411645,,35724377.2596137,,,,39746461.64324408,,,31657479.69149725,,,36050695.68049667,2973366.6512677036,35724377.2596137
lucas copado__2004-01-10,,,,,1192876.0932877401,,,,1296519.2994292416,,,1090346.2556523099,1565816.008809871,,,,,1393709.356032175,1307853.4026422673,183421.3410886485,1296519.2994292416
lucas da cunha__2001-06-09,,,,,,,7243371.281110038,,9263644.58421318,,8851039.4161366,,,9484580.280677855,,,9423608.503938016,,8853248.81321514,933277.1342526639,9263644.58421318
lucas digne__1993-07-20,,,,,,,,,11227119.103678634,,,,,,12800618.426551936,,,,12013868.765115285,1112632.0413961525,12013868.765115285
lucas gournadouath__2003-08-05,Lucas Gourna-Douath,MID,7500000.000000002,2740598.821935207,,,2557676.67759647,,,2499920.593291265,,,3257693.530933953,,,,,,2763972.4059392237,344764.73185366753,2649137.7497658385
lucas hernandez__1996-02-14,Lucas Hernández,DEF,23249999.999999963,25428674.345682576,,,,23176191.42288601,,,,,,22483502.701880217,,,,,23696122.823482934,1539888.1449181244,23176191.42288601
lucas hey__2003-04-13,,,,,,,,3181060.3167394483,,,,,,,,,3758920.8393731574,,3469990.578056303,408609.0941342981,3469990.578056303
lucas hgsberg__2006-06-23,,,,,5360448.050134926,,,,,,,,4098026.407401432,,,4515831.548893143,,,4658102.002143167,643123.4425920572,4515831.548893143
lucas lissens__2001-07-25,,,,,,,1081540.7490296687,,,,,,1031657.0428216171,,980213.8692337801,,,,1031137.2203616886,50665.43993527543,1031657.0428216171
lucas lund__2000-03-19,,,,,1023176.400869577,974701.4076805981,,954458.4684564526,,,,,,,,,881272.0227677443,1083710.1835226784,983463.69665941,75808.43651623819,974701.4076805981
lucas martinez quarta__1996-05-10,,,,,7263862.299767124,,,,,,,,6908465.477827902,6705768.461244775,,,,6210044.16345608,6772035.100573969,439974.36387228384,6807116.969536338
lucas masoero__1995-02-01,,,,,,,,,955427.5238810595,,949061.6616310956,,,,,,,1003342.8873382615,969277.3576168055,29672.820677329084,955427.5238810595
lucas michal__2005-06-22,,,,,1584220.4524289602,1672437.562086201,,,,,,1704466.5927831237,,,1830069.0896676804,,1844374.0445923156,1750645.0258176331,1731035.461229319,98723.95294688042,1727555.8093003784
lucas mincarelli__2004-01-05,Lucas Mincarelli,DEF,2000000.0000000016,2556091.269740069,,,,,,,,,,,,,,,2556091.269740069,,2556091.269740069
lucas noubi__2005-01-15,,,,,,,,,,,,,,1395518.1361688734,1371409.8034326555,1550358.6451158796,,,1439095.5282391363,97107.74330441393,1395518.1361688734
lucas perrin__1998-11-19,,,,,,,,,,1962267.3988163532,,,,2201331.623031409,,,,,2081799.510923881,169043.93408156722,2081799.510923881
lucas pirard__1995-03-10,Lucas Pirard,GK,462500.00000000006,477428.07217291236,,570681.7373579956,,,,578691.430035726,,,,,528094.9110465496,,,507926.9498049388,532564.6200836245,42566.50454527906,528094.9110465496
lucas possignolo__1994-05-11,,,,,,,,,,,1049731.7555866588,,,,,,,,1049731.7555866588,,1049731.7555866588
lucas ribeiro costa__1998-10-09,Lucas Ribeiro Costa,MID,1150000.0000000005,1463854.0157393394,,,,1455372.2520661522,,,,,,,1540795.2946491616,,,,1486673.854151551,47062.010368281655,1463854.0157393394
lucas robertone__1997-03-18,,,,,,,2609092.8460444356,,,,,,,,,2418522.998781372,,,2513807.922412904,134753.23128939702,2513807.922412904
lucas stassin__2004-11-29,,,,,,7935276.706947036,,,,,,,,,9893114.95518822,,,9547813.01151939,9125401.557884881,1045038.8646793192,9547813.01151939
lucas torreira__1996-02-11,,,,,,31344442.497211657,,26598189.73898686,,,,27230137.46028072,,,,,25926759.650758967,28253773.77338835,27870660.62412531,2122624.5109605854,27230137.46028072
lucas tousart__1997-04-29,,,,,,,,,,,3939066.3442338672,,4010302.6134394533,,3759635.8049483104,,3709643.0964423004,,3854661.9647659827,143071.72328641402,3849351.074591089
lucca brughmans__2008-06-27,,,,,,627499.9034939952,,,,,,701298.6150501544,,,,,,,664399.2592720748,52183.569384190196,664399.2592720748
luciano valente__2003-10-04,,,,,19076938.960941404,,,,,,,,15082974.789720267,,,,16363815.60447939,,16841243.118380353,2039335.7309481383,16363815.60447939
lucien agoume__2002-02-09,,,,,,,,,10371961.608379258,,,,,,,,,,10371961.608379258,,10371961.608379258
luck zogbe__2005-03-24,,,,,,,,,,,,,,,,,,2426988.3495312505,2426988.3495312505,,2426988.3495312505
ludovic ajorque__1994-02-25,,,,,,6519838.3733546045,5785067.809204914,7138104.899146926,,,,,,,,,,,6481003.693902147,677353.9997193627,6519838.3733546045
ludovic blas__1997-12-31,,,,,,,,10658089.584372371,,,,,9967532.822426556,,,,9981282.685730822,,10202301.697509916,394783.7547862475,9981282.685730822
ludovit reis__2000-06-01,Ludovit Reis,MID,4550000.0,3075056.2988428785,,2735199.0737930634,,,2425560.245074947,,2408108.4822725463,,,2830066.7327204705,,,,,2694798.166540781,282491.63656029664,2735199.0737930634
ludwig augustinsson__1994-04-21,,,,,,,,2613443.1766280024,2450787.2454782426,,2319662.403338766,,,,,,,,2461297.6084816703,147172.13216656636,2450787.2454782426
ludwig vraa__2005-06-23,,,,,,,,,499113.6323459814,,,,,,,,,,499113.6323459814,,499113.6323459814
luigi cherubini__2004-01-15,,,,,,,,,,,1615580.3273185415,,,,1693978.9752377628,,,,1654779.6512781521,55436.21557953801,1654779.6512781521
luis asue__2001-07-09,,,,,,,1681382.7628944789,,1775542.8295455545,,,,,,,,,,1728462.7962200167,66581.22164595286,1728462.7962200167
luis binks__2001-09-02,,,,,,,,,,,,1762450.3575348144,,,,2168232.5552977403,,,1965341.4564162772,286931.3437229456,1965341.4564162772
luis diaz__1997-01-13,Luis Díaz,MID,74249999.9999999,56833328.00765315,,,79620286.60519761,,,,,,,,,,,,68226807.30642538,16112812.946940789,68226807.30642538
luis gorlich__2000-04-01,,,,,,,,453889.03673027916,,494513.79837094614,,,,,,,,,474201.41755061265,28726.04444020276,474201.41755061265
luis hasa__2004-01-06,Luis Hasa,MID,1550000.0000000012,1643542.8520332985,,1884726.0054201863,1530456.4429269594,,1593944.1555409941,,,,,,1735885.1401934538,,,1508493.5626362748,1649508.026458528,141399.99222750956,1618743.5037871464
luis palma__2000-01-17,,,,,,,,,,,3235576.005000821,,,,,,,,3235576.005000821,,3235576.005000821
luis suarez__1987-01-24,,,,,,,,3539501.997730194,,,,,,,4256326.085589725,,,,3897914.0416599596,506871.1734433355,3897914.0416599596
luis vazquez__2001-04-24,,,,,,,,,,,,2477109.570574397,,,,,,,2477109.570574397,,2477109.570574397
luka gagnidze__2003-02-28,,,,,,,,,703566.7326273257,712383.2881697037,,,,,,,,,707975.0103985147,6234.246210723314,707975.0103985147
luka gugeshashvili__1999-04-29,,,,,,,,,,,1044794.7415225111,,,,1056070.6694561057,1062874.2763921875,,,1054579.895790268,9131.49494157593,1056070.6694561057
luka ilic__1999-07-02,,,,,,,,,,,1715678.1629175022,,,,,1833112.8087366887,2003028.2612864913,,1850606.4109802274,144471.58664511953,1833112.8087366887
luka ivanusec__1998-11-26,,,,,3349262.7912885714,2905892.4771465673,,,,,2781529.6576672476,,,3164080.52982815,,,,2505259.211735745,2941204.9335332564,329004.7804942059,2905892.4771465673
luka jovic__1997-12-23,,,,,,,9250276.729228424,,10378200.567934925,,10877324.54255997,,,,11857536.33255294,,,,10590834.543069065,1084576.4769285896,10627762.555247448
luka kulenovic__1999-09-29,,,,,,1384565.6639233476,,,,,1562965.6483525727,,1465042.3243985702,,,,1409101.9574817775,,1455418.8985390668,79213.53757436655,1437072.140940174
luka lochoshvili__1998-05-29,,,,,,,,,,,,,,,,1481507.5385053903,,,1481507.5385053903,,1481507.5385053903
luka modric__1985-09-09,,,,,10805715.562229903,,,,,,,,,,,,8261505.238434745,,9533610.400332324,1799028.3727203785,9533610.400332324
luka sucic__2002-09-08,,,,,,,7570013.847697168,,,9254267.22148601,,,7518131.66236955,,,,9344198.167504365,,8421652.724764273,1014228.1270658837,8412140.53459159
luka tunjic__2005-11-19,,,,,936347.8805323762,,882065.113548489,,862415.9135488663,,,,,,,,,,893609.6358765772,38294.13704929901,882065.113548489
luka zahovic__1995-11-15,Luka Zahović,MID,1099999.9999999998,976977.7069273047,,,,,,,,948238.3735524035,,829578.2116508491,,953757.3456412847,929232.9224930581,946382.6156788233,930694.529323954,51874.02923166191,947310.4946156135
lukas boeder__1997-04-18,,,,,,,684038.0834446588,,741040.3590522133,,,,,,773276.9445807048,,,,732785.129025859,45188.551661960155,741040.3590522133
lukas daschner__1998-10-01,,,,,,,,,,,,,,,,,2201546.454365171,,2201546.454365171,,2201546.454365171
lukas engel__1998-12-14,,,,,,,1046090.0623451055,,,,,1919674.8856527288,,1703629.7953078004,,1845162.6532514908,,,1628639.3491392813,398568.7992882764,1774396.2242796456
lukas frode__1995-01-23,,,,,,486001.30737582274,,,,,,,467391.4180261029,,,,504588.807352114,,485993.84425134654,18598.695786032462,486001.30737582274
lukas gortler__1994-06-15,,,,,,,1549775.5865353504,,,,1345801.5937784396,,,1810134.9942969773,,1731337.8698130625,,,1609262.5111059574,206722.43618011184,1640556.7281742063
lukas hinterseer__1991-03-28,,,,,,,,,333314.10052280733,,337515.3154076737,,,,,287675.40516711405,,,319501.6070325317,27642.23029190917,333314.10052280733
lukas hornicek__2002-07-13,,,,,,,,4511362.241509384,,,,,,,,,,,4511362.241509384,,4511362.241509384
lukas hradecky__1989-11-24,,,,,,3918945.2361677927,,,,,2975757.2456972636,,,3072886.4976373627,,,,,3322529.6598341395,518789.1456706312,3072886.4976373627
lukas jager__1994-02-12,,,,,,,,490911.5585278564,,,,480014.74006901187,,,,,,,485463.14929843415,7705.214225607731,485463.14929843415
lukas jensen__1999-03-18,,,,,,1123283.658404792,,,,,,,,,,,,,1123283.658404792,,1123283.658404792
lukas klostermann__1996-06-03,,,,,,,,,,10128945.900180936,12600519.155679611,,10719517.553546367,,10285593.32206359,12022779.258696316,11205277.035421591,,11160438.704264736,984196.801772055,10962397.294483978
lukas lerager__1993-07-12,,,,,,1359000.1061450806,1427920.676879083,,,,,,1245286.5788287523,,,,1614182.0361246702,,1411597.3494943965,154631.54995164205,1393460.391512082
lukas muhl__1997-01-27,,,,,,,,,527690.7630825996,,,,,,,,,,527690.7630825996,,527690.7630825996
lukas nmecha__1998-12-14,,,,,,,,,11234215.358007032,11308273.656076996,9997122.471817944,,,,,,10115455.067051861,,10663766.638238458,703766.3110361627,10674835.212529447
lukas podolski__1985-06-04,,,,,,365560.2897221871,,,,,330796.3413259543,491705.3309801246,422427.17649452045,320942.9959357172,395339.5793103201,458920.83661092486,,450605.9022989018,404537.30658483127,62137.79679328859,408883.37790242024
lukas spendlhofer__1993-06-02,,,,,472730.3021304507,,,,,,,,,,,,,,472730.3021304507,,472730.3021304507
lukas ullrich__2004-03-16,,,,,7598329.93863749,6797982.389069931,,,7611268.056401545,,,,6307645.280365664,,7709512.174679029,7381160.915399972,,,7234316.4590922715,560549.6368047644,7489745.427018732
lukas watkowiak__1996-03-06,,,,,,,,,,,260337.69026360923,,,,,218558.4753861238,,259952.19278458244,246282.78614477185,24010.731087539763,259952.19278458244
lukas willen__2003-04-25,,,,,,,,,861378.7669868353,,,,693612.7642840411,,,,802341.4884974089,,785777.6732560951,85100.69269535806,802341.4884974089
lukas zima__1994-01-09,,,,,740194.1964906732,709866.9818045625,,,716073.9261131071,,,,,,,783486.2093458635,762881.255907073,857834.3769140667,761722.8244292244,54678.605615488676,751537.7261988731
luke berry__1992-07-12,,,,,634164.0543946653,689545.5001437444,,,,611354.5559187669,,,,,,,,,645021.3701523922,40210.28374428145,634164.0543946653
luke bolton__1999-10-07,,,,,370892.9333148989,,,456497.50471063843,,,,,624112.3429933465,,,,400395.2038428781,249191.3672514815,420217.87042264873,136898.7948512758,400395.2038428781
luke brattan__1990-03-08,Luke Brattan,MID,437499.9999999996,392377.8258447222,,460793.80434232944,,465673.27028459974,,,435783.9742371389,,,,,,,,438657.2186771976,33515.83309382019,448288.8892897342
luke garbutt__1993-05-21,Luke Garbutt,DEF,299999.99999999977,358125.04961820034,,,,,,,,,,,,332426.74437305296,,,345275.8969956266,18171.445903845535,345275.8969956266
luke harris__2005-03-04,,,,,,,,,,,,,,,1827844.089463026,,,,1827844.089463026,,1827844.089463026
luke le roux__2000-03-10,,,,,,,,,,,,,,,,1084679.5575549172,,,1084679.5575549172,,1084679.5575549172
luke mccowan__1997-12-09,,,,,,2862441.1417914205,,2734164.690102766,2967213.295213766,,,,,,,3734204.006396694,,,3074505.7833761615,450006.2575318707,2914827.218502593
luke mcgee__1995-09-02,,,,,,,,,170443.00956810432,,,,,,176846.41337228435,,,,173644.71147019434,4527.89025261144,173644.71147019434
luke mcnally__1999-09-20,,,,,2925153.6657352843,2886822.9605546133,,,,,,,,,,,,,2905988.313144949,27103.901560914837,2905988.313144949
luke onien__1994-11-21,Luke O'Nien,DEF,1600000.0000000012,2335467.3717174684,,3016733.5773484833,,,,,,,,,,,,2285700.4104386135,2545967.119834855,408454.38025400194,2335467.3717174684
luke plange__2002-11-04,,,,,,,781518.3519832506,,,590118.3048754473,,,,,,,,,685818.328429349,135340.27122935234,685818.328429349
luke shaw__1995-07-12,,,,,,,,,14463694.238527888,,,,,,,,,11056263.708909586,12759978.973718736,2409417.2339151707,12759978.973718736
luke southwood__1997-12-06,,,,,,,516838.4166504526,,430125.49923751317,,,,,,,,,569851.502245063,505605.13937767624,70537.07442070275,516838.4166504526
luke thomas__2001-06-10,,,,,,1887887.9097249636,,,2102460.497037311,,,,,,,,,,1995174.2033811375,151725.73154530345,1995174.2033811375
lundrim hetemi__2000-02-18,,,,,,,527001.2342703333,,,,,513204.1399067943,,490290.31138078694,,,,512798.9687465275,510823.6635761105,15197.596783932624,513001.55432666093
lutsharel geertruida__2000-07-18,,,,,,20224869.853983562,,,,,,,,17180837.694782756,19218728.21387848,,20669284.841547314,,19323430.151048027,1551943.224397437,19721799.03393102
luuk brouwers__1998-05-03,,,,,,,,,1229840.6329208135,,,,,1265012.4224211238,,,1190354.0812864674,1207843.590972231,1223262.681900159,32181.954739642515,1218842.1119465223
luuk de jong__1990-08-27,,,,,,,,,,,,,,,,,4458136.429557698,,4458136.429557698,,4458136.429557698
luuk koopmans__1993-11-18,,,,,351755.57650499453,,,,,,335397.8485556803,,,,,,,,343576.7125303374,11566.660357764807,343576.7125303374
lyall cameron__2002-10-10,Lyall Cameron,MID,2100000.000000001,2014138.7504669183,1928456.2677768862,,,1653079.9563650447,,,,,,,1688270.2018738647,,1759205.9848551669,,1808630.2322675765,156298.7614477316,1759205.9848551669
lyes houri__1996-01-19,,,,,,1034746.3685683953,,,,1046716.689111371,,,,1005975.0146880622,,1080656.139084607,,,1042023.5528631088,30913.625700345852,1040731.5288398832
lyle foster__2000-09-03,,,,,,,,,,,,,,,,,,4906865.439362489,4906865.439362489,,4906865.439362489
lynden gooch__1995-12-24,Lynden Gooch,DEF,1050000.0000000007,978144.7275897963,,,,,,,,,,,,,,579673.4417558288,778909.0846728126,281761.7483213215,778909.0846728126
lyndon dykes__1995-10-07,,,,,,,,,1728129.720464292,1587790.3395050562,,,,,,,,1814664.562455028,1710194.8741414587,114495.51211403932,1728129.720464292
lynnt audoor__2003-10-13,,,,,,,1616318.1289613494,2212459.6152164936,,,,2415690.9394168924,,,,,,,2081489.561198245,415468.517232119,2212459.6152164936
maarten paes__1998-05-14,,,,,,,,,,2314826.972457467,,,,,,,,1949489.040726236,2132158.006591852,258332.9289518214,2132158.006591852
maarten vandevoordt__2002-02-26,,,,,,,12607682.255906004,,,,,,,11546619.300053228,,,,,12077150.777979616,750284.8113493407,12077150.777979616
maas willemsen__2003-04-29,,,,,,887489.3532444269,,,1059322.6076141142,,967310.9405166275,,,,,982755.5645311043,,,974219.6164765683,70439.69021695782,975033.2525238659
macaulay tait__2005-08-27,,,,,,341061.7405913364,,,,,,,,,383534.70543526305,,,,362298.22301329975,30032.921458238376,362298.22301329975
mads agger__1999-12-21,,,,,,,,,,,,,805407.2019571229,,,659336.9082236433,,,732372.0550903832,103287.29522885426,732372.0550903832
mads emil madsen__1998-01-14,,,,,,,,,,,,,,,,,,2038793.896315664,2038793.896315664,,2038793.896315664
mads enggard__2004-01-20,,,,,,1112454.6667578304,,,,,,,,,,,,,1112454.6667578304,,1112454.6667578304
mads frkjr__1999-07-29,,,,,,2456928.9873361476,,,,3326567.92572639,,2616489.814592166,,,,,,,2799995.575884901,462951.12497092684,2616489.814592166
mads hansen__2002-07-28,,,,,,1823418.898177243,,,,,,,,,,,,,1823418.898177243,,1823418.898177243
mads hermansen__2000-07-11,,,,,8352478.211084607,,7571287.118971536,,,,,,,,,,,,7961882.665028071,552385.5186356774,7961882.665028071
mads kikkenborg__1999-10-07,Mads Kikkenborg,GK,850000.0000000005,869706.4226520914,,801693.5455208116,,,,,,780079.5702969598,,,823033.572497022,,,,818628.2777417211,38302.18231563997,812363.5590089168
mads larsen__2001-09-20,,,,,,,,,1281464.4704537385,,1320930.481003043,,,,1218963.0419675054,1356895.2647513286,,1365669.163050372,1308784.4842451974,60233.53253655491,1320930.481003043
mads pedersen__1996-09-01,,,,,,1798851.933050901,,,,,2343819.3091424853,1915573.378769631,,,,,1949856.0708920646,,2002025.1729637703,236853.06617760597,1932714.7248308477
mads roerslev__1999-06-24,,,,,6184483.8140841015,,,,5171382.9749848,,,,5783357.334241227,,5090571.379219064,,,4636586.878430187,5373276.476191876,610249.616206971,5171382.9749848
mads sndergaard__2002-12-26,Mads Søndergaard,MID,1400000.0000000007,1159346.7102469776,,,,,,1209927.1460377167,,,,,,,,,1184636.9281423471,35765.76914300231,1184636.9281423471
mady camara__1997-02-28,,,,,,,,4239476.581733928,,,,,,3647623.8715033834,,,4534521.4544899855,,4140540.635909099,451650.38659239444,4239476.581733928
maghnes akliouche__2002-02-25,,,,,,,,33166979.07470236,,,,,,,,,,,33166979.07470236,,33166979.07470236
magnus christensen__1997-08-20,,,,,,,,,,,,,,384591.07577127573,,,,,384591.07577127573,,384591.07577127573
magnus jensen__1996-10-27,,,,,701069.3075465226,955099.9244382054,744485.0073789571,783080.2788786999,,,,,,,792120.811874365,,,,795171.06602335,96380.68845386442,783080.2788786999
magnus knudsen__2001-06-15,,,,,,2405255.3617875976,,,,2549581.4772669165,,,,,,,2600123.795555582,,2518320.2115366985,101125.549052098,2549581.4772669165
magnus kofod andersen__1999-05-10,,,,,,,,,,2037525.3161319045,1675443.2281042947,,,,1962964.6730226239,,,,1891977.7390862743,191194.18979108953,1962964.6730226239
magnus mattsson__1999-02-25,Magnus Mattsson,MID,2849999.999999999,2299662.8853932256,2215771.028355151,2325460.5749012367,,,,,,,2117018.1528866165,,,,,,2239478.160384057,94116.343384031,2257716.956874188
magnus westergaard__1998-05-27,,,,,,,,691155.8575964991,721856.5303891856,,,751467.1427123912,,746820.1123872143,,,,,727824.9107713226,27688.829520870975,734338.3213881999
magomed ozdoev__1992-11-05,,,,,,,,,3011661.2133637317,,,,,,2729924.9087692355,,,2740638.6257227017,2827408.249285223,159657.64000362443,2740638.6257227017
mahamadou diawara__2005-02-17,Mahamadou Diawara,MID,2499999.9999999995,1943425.2772136424,,,,2107968.572501787,,,,,,1926115.1890618657,,,,,1992503.0129257652,100369.97247239076,1943425.2772136424
mahamadou doumbia__2004-05-15,,,,,,,,,,2984418.628441748,2800719.707518556,2420192.787338741,,2296270.254617382,,,,,2625400.344479107,321490.1578773144,2610456.2474286486
mahamadou nagida__2005-06-28,Mahamadou Nagida,DEF,1400000.0000000007,1742420.0317041206,,,,,1678036.393985067,,,,1658341.0792631272,1970960.1592048348,1606051.7302043368,,,,1731161.8788722972,142660.17012078772,1678036.393985067
mahdi camara__1998-06-30,,,,,,,,,,,,,,,,13750148.408146972,,,13750148.408146972,,13750148.408146972
maher carrizo__2006-02-19,,,,,,,8864840.784204952,,,7283736.9333464205,8965546.733684381,,7887839.131471957,,,,,8362515.328444409,8272895.782230425,700874.407721375,8362515.328444409
mahir emreli__1997-07-01,,,,,,,,,,,,1424747.6317975419,,1624066.5068599246,,1526664.343167248,,2152072.6229082397,1681887.7761832387,323847.9361716641,1575365.4250135864
mahmoud dahoud__1996-01-01,Mahmoud Dahoud,MID,3249999.9999999986,3487382.5560078807,3024207.3843470872,,,,,,,3036168.017474166,,3638323.5323330862,,,,,3296520.372540555,313685.344174458,3261775.2867410234
mahmut kucuksahin__2004-04-07,Mahmut Kücüksahin,MID,337500.00000000006,390390.52782840625,,,,,,433877.37826030987,,411168.91353962006,,,,,,,411812.2732094454,21750.562610430497,411168.91353962006
mai traore__1999-11-24,Maï Traoré,FWD,362499.9999999997,331221.9890939584,,,,,319916.1160181551,,350899.4806616741,,,,,,,320555.645695708,330648.3078673739,14462.37510800761,325888.8173948332
maidine douane__2002-08-23,,,,,,1354134.484516906,,,,,1423780.5743365407,1388906.132707874,,,,,,,1388940.397187107,34823.05755289237,1388906.132707874
maik nawrocki__2001-02-07,,,,,,,1855069.698121527,2242802.342352547,,,1886979.7359419442,,,,,2144339.942260696,,,2032297.9296691786,190956.14141331144,2015659.8391013201
majeed ashimeru__1997-10-10,,,,,,,,,,,,,,,1523965.5890611315,,1400710.6995942008,1398053.7949620248,1440910.0278724525,71940.49255343567,1400710.6995942008
majid hosseini__1996-06-20,,,,,,,1458060.9675799485,,,,,,,,,,,1205491.4409755813,1331776.204277765,178593.62498302417,1331776.204277765
makan aiko__2001-01-07,,,,,,,,,,,,,,878700.6664324097,,,,,878700.6664324097,,878700.6664324097
maksim paskotsi__2003-01-19,Maksim Paskotši,DEF,2349999.999999999,1890931.5018620947,,,1126329.3486925662,,1642144.6739629263,,,1474203.772639408,,1616624.6131968,,,,,1550046.782070759,280359.4330960944,1616624.6131968
maksym dyachuk__2003-07-21,,,,,,,,1219621.1998219064,1095121.7686939468,,,,,,,1242635.7825768797,,,1185792.917030911,79362.21147627001,1219621.1998219064
maksymilian stryjek__1996-07-18,,,,,,,,,642708.3312176903,,,579017.3597744711,,,,,,,610862.8454960807,45036.317807858984,610862.8454960807
malachi boateng__2002-07-05,Malachi Boateng,MID,974999.9999999999,994231.6692172431,,,,,,,,,,1028283.16188334,,,947675.0928588568,1023321.2920613148,998377.8040051886,36988.5720076467,1008776.4806392789
malamine efekele__2004-07-19,,,,,1016499.3431376412,,,,,,,1016264.648515525,,,,,,1013442.3016452383,1015402.0977661349,1701.2851078004028,1016264.648515525
malang sarr__1999-01-23,Malang Sarr,DEF,7750000.000000002,9994129.646852959,,,,,,9426628.869012987,,,,,,,9377116.005898762,10971161.142201098,9942258.915991452,740853.3858540702,9710379.257932972
malcolm jeng__2005-03-09,,,,,,,,,,,,1420698.015256006,,,,,,,1420698.015256006,,1420698.015256006
malcolm viltard__2002-10-24,Malcolm Viltard,DEF,875000.0,1011573.1693865227,989030.2938386257,,937051.5524684632,,,,,,,,965765.1162453278,933025.1706035973,974131.1053152794,,968429.401309636,30210.65471028704,969948.1107803036
malcom bokele__2000-02-12,Malcom Bokele,DEF,3200000.0000000023,1981657.675098903,,,,,2239265.3799846754,,,,1876537.3476235005,,1879658.6874200332,,2225369.1009796117,,2040497.6382213447,180208.46203502902,1981657.675098903
malek el mala__2005-04-02,,,,,,,459366.29687226797,,426872.51178421685,,424165.83835695573,,,,,,415351.5753888331,429705.6217225316,431092.368824961,16695.019246153606,426872.51178421685
malick fofana__2005-03-31,,,,,,,,,,,21095931.64963104,,,21677599.701638546,20360594.8774754,,,,21044708.742914993,659994.898727695,21095931.64963104
malick mbaye__2004-04-06,,,,,1184256.6377642325,,,,,,,1438346.752835482,,,,,1294832.7694004802,,1305812.0533333982,127400.37343347905,1294832.7694004802
malik dijksteel__2001-07-08,,,,,,,232885.3109014413,,,,,228111.42659576255,,,,,,,230498.36874860193,3375.6459651454734,230498.36874860193
malik sellouki__2000-03-21,Malik Sellouki,MID,825000.0000000006,1087505.4412211953,,,,996402.121231749,,1084146.9235735193,,,,,,,,,1056018.1620088213,51656.30792698596,1084146.9235735193
malik tchokounte__1988-09-11,,,,,316107.572395796,,,396689.5685827818,,,,414756.4045545894,347396.765080985,,354398.40052371105,302023.0326250137,,,355228.62396047945,44013.37410556161,350897.582802348
malik tillman__2002-05-28,,,,,,40795297.608588785,,,41928572.8225717,,,,,46271835.4862316,,,,,42998568.63913069,2890810.4515696694,41928572.8225717
malo gusto__2003-05-19,Malo Gusto,DEF,30000000.00000005,30875074.2608359,,,,28668084.26575591,,,31944284.82490945,,,,31472553.25207305,,,,30739999.150893576,1448909.4832983515,31173813.756454475
malte amundsen__1998-02-11,,,,,,,,1180228.2029674428,,,,,,,,,1131174.3782882022,,1155701.2906278225,34686.29207382703,1155701.2906278225
malthe hjholt__2001-04-16,,,,,,,1186423.8702196917,,1216793.4622221887,,,,,,,,,,1201608.6662209402,21474.544446834407,1201608.6662209402
mamadou camara__2001-02-07,,,,,,,,,814655.4035503174,989612.3344680227,,,,,,851398.5517219518,,,885222.0965800973,92252.4040831127,851398.5517219518
mamadou coulibaly__1999-02-03,,,,,,,,,,,,,,1093347.2003608178,1066020.0972210085,,1036915.8726586672,,1065427.723413498,28220.327188088166,1066020.0972210085
mamadou coulibaly__2004-04-21,,,,,,,,,,,,,,,,,,1513761.612050656,1513761.612050656,,1513761.612050656
mamadou diakhon__2005-09-22,,,,,,2415928.9302441203,,,2659210.7771242233,2738169.328134397,2943133.3218341586,2528068.4792331285,2262693.233350866,2734538.003093604,,,,,2611677.439002071,227418.57493426686,2659210.7771242233
mamadou fall__1991-12-31,Mamadou Fall,MID,1200000.0000000005,1148926.2986002923,,,1071781.2430165343,1225132.326799651,,,,1341252.9846644907,,1235234.5509753407,,1281561.1619647716,,,1217314.7610035131,95632.11089991446,1230183.4388874958
mamadou fofana__1998-01-21,,,,,1628011.1861129943,,1786588.504608057,,,,,,,,1649660.873839608,,,,1688086.854853553,85989.00219175816,1649660.873839608
mamadou loum__1996-12-30,,,,,,,,,,,983854.2396694507,,,,,,,773818.3444658879,878836.2920676693,148517.80579102633,878836.2920676693
mamadou sangare__2002-06-26,Mamadou Sangaré,MID,12050000.00000001,13743396.258060116,,,11166093.867392762,,,,,,,,,,,,12454745.062726438,1822427.9976091872,12454745.062726438
mamadou sarr__2005-08-29,,,,,15437429.952005113,,,,,,,,,,,15399720.73785624,,,15418575.344930675,26664.44103788413,15418575.344930675
mamadou thierno barry__2005-03-20,,,,,,,425087.6194024242,,,,,,,640383.2668668549,,,,,532735.4431346395,152237.01228204725,532735.4431346395
mamadou traore__1994-10-03,Mamadou Traore,DEF,812499.9999999993,619321.6486190477,,,,,683751.1564026261,,788211.51768266,,644217.7682211053,,,,,,683875.5227313598,74444.51057704056,663984.4623118658
mandela keita__2002-05-10,Mandela Keita,DEF,9249999.999999987,6497087.966398952,,,,,7040278.142702468,,,,5758342.588459927,,,,,5938016.389166899,6308431.271682061,580515.8440793972,6217552.177782925
mannou berger__2004-10-15,,,,,,,,,312227.0863083479,,,,,326227.84949812904,298204.7156894532,,,299408.1628132247,309016.9535772887,13111.740777381206,305817.6245607863
manolis siopis__1994-05-14,,,,,,,,,,,,1940023.526670114,,,,1989741.8867926048,,,1964882.7067313595,35156.18959208815,1964882.7067313595
manolo portanova__2000-06-02,,,,,,,,1564224.7798911035,,,,,,,,1551102.5685882422,,,1557663.6742396727,9278.804596416014,1557663.6742396727
manor solomon__1999-07-24,Manor Solomon,MID,10250000.000000004,11896412.632229118,,,10506590.544610262,,,,,,10968549.637781132,,,,,,11123850.938206838,707806.6326644198,10968549.637781132
manuel akanji__1995-07-19,Manuel Akanji,DEF,23750000.000000026,22525141.73271745,,,,,,,22200069.210776478,26647898.205979437,27811742.05306395,,,,,,24796212.800634332,2853061.5630299062,24586519.969348446
manuel de luca__1998-07-17,,,,,1764029.4761549912,1699610.7035813679,,,,,,,,,,,,2073376.2188745874,1845672.1328703156,199810.67952502865,1764029.4761549912
manuel gasparini__2002-05-19,,,,,,,,,325429.8701909701,,,,,,,,,,325429.8701909701,,325429.8701909701
manuel lazzari__1993-11-29,Manuel Lazzari,DEF,7500000.000000002,8855263.68451819,8523321.181983221,,,,,,,,,,,9153963.363920266,,,8844182.743473893,315467.08362426574,8855263.68451819
manuel locatelli__1998-01-08,,,,,42542709.455174364,,,,,,,,,35807869.46632088,,,,,39175289.46074762,4762251.026324631,39175289.46074762
manuel neuer__1986-03-27,,,,,,,,,,,3395626.841863317,,,3290832.145855031,,,3350848.8094861796,,3345769.2657348425,52581.68313594172,3350848.8094861796
manuel ugarte__2001-04-11,,,,,,,,21864627.2119284,,,,21554973.69284635,23337832.756904677,,,,,,22252477.887226477,952611.0015744161,21864627.2119284
manuel wintzheimer__1999-01-10,Manuel Wintzheimer,MID,537500.0000000003,395010.652428956,,,,,,480782.3063730208,,,,,,,,411941.7646234716,429244.9078084828,45428.44074075019,411941.7646234716
marash kumbulla__2000-02-08,,,,,12520079.279247612,,,,,,,,,,,,,17907760.757959764,15213920.018603688,3809666.108470529,15213920.018603688
marc bola__1997-12-09,Marc Bola,DEF,1650000.0000000007,2237240.314108783,,,,2513166.9075958543,2436644.959130559,,,2428834.6869095145,,,,,2420394.9425642346,,2407256.362061789,102010.33802439574,2428834.6869095145
marc guehi__2000-07-13,Marc Guéhi,DEF,48499999.99999994,37250135.57388976,,,,,36242542.581880584,38398398.7714373,36910517.34955664,,,,38773963.555635795,33436955.242873512,,,36835418.84587894,1912043.3423192387,37080326.4617232
marc leonard__2001-12-19,,,,,1871288.2707459803,1738301.4634154523,,,,,,,,1688127.5982779127,,,,,1765905.7774797818,94649.12361432772,1738301.4634154523
marcandre ter stegen__1992-04-30,,,,,,11186620.083184,,,,,,,,,,13649418.439041417,,9404942.677293457,11413660.399839625,2131326.8407395417,11186620.083184
marcaurele caillard__1994-05-12,,,,,,524253.6925235804,,,,576122.713287364,512499.90675039485,,454886.32604777714,,479281.51350060606,,,,509408.8304219445,46262.905115155896,512499.90675039485
marcel benger__1998-07-02,,,,,811793.2677153755,,976298.2210990904,,,,,,,,792761.4514476605,,,,860284.3134207088,100920.62518988899,811793.2677153755
marcel hartel__1996-01-19,,,,,,,5076063.064412225,,,,,,4049132.4921220867,,,,,5222144.760360134,4782446.772298149,639255.3015856467,5076063.064412225
marcel lotka__2001-05-25,,,,,1157163.4927701636,,,1170213.0821173205,,,1186037.465867065,,,,1037927.6816497775,,,,1137835.4306010816,67643.38058085412,1163688.2874437422
marcel sabitzer__1994-03-17,Marcel Sabitzer,MID,13000000.000000013,14998999.979662541,,14194601.144021267,,,,,,17095931.03687732,,,,,,,15429844.053520376,1497881.4201327283,14998999.979662541
marcel schuhen__1993-01-13,,,,,977409.0685418333,,980916.328510444,,1067458.2350624802,,1041265.9156486673,,,,,,,,1016762.3869408562,44736.694520705205,1011091.1220795556
marcel sobottka__1994-04-25,,,,,,,,,,,,,,,,,,1191479.342316711,1191479.342316711,,1191479.342316711
marcel wenig__2004-05-04,Marcel Wenig,MID,700000.0000000006,524219.01138148486,437271.31658762536,,458129.39661178814,,,,,,,,,,,,473206.5748602995,45392.36043041354,458129.39661178814
marcelo diaz__1986-12-30,,,,,,,,,247337.72296370903,,288829.77407491114,,,,,,,,268083.7485193101,29339.31070606983,268083.7485193101
marcelo saracchi__1998-04-23,Marcelo Saracchi,DEF,2000000.0000000016,2503625.235466252,,,,,2201751.6652932707,,2394459.0651060897,,,,,2149816.780818903,,1965492.1846686767,2243028.9862706386,211104.5254054406,2201751.6652932707
marco bizot__1991-03-10,,,,,,,,,,,1761641.5969241483,,,,1863996.2784682033,,,,1812818.9376961756,72375.68940599085,1812818.9376961756
marco bleve__1995-10-18,,,,,,,,,,,,650857.7242487912,,,,626160.4130381892,597398.4666497201,,624805.5346455668,26755.370065746753,626160.4130381892
marco brescianini__2000-01-20,,,,,,,,,,,2913377.9400542188,,,,,3256130.248062439,,,3084754.094058329,242362.4812599526,3084754.094058329
marco burki__1993-07-10,,,,,475133.65886869165,,,,,,498431.5302462571,,,501025.081709671,,562554.4323031644,545684.3503486181,,516565.8106952805,36227.86309846892,501025.081709671
marco carnesecchi__2000-07-01,,,,,,,,,,,26557424.946114045,,,,,,,,26557424.946114045,,26557424.946114045
marco curto__1999-01-05,Marco Curto,DEF,1499999.9999999986,1235865.4695975627,1077876.8602503468,,,1170785.7952486745,,,1013782.5471239397,,,,,,,,1124577.6680551309,98279.6860371105,1124331.3277495108
marco dalessandro__1991-02-17,,,,,,,,,,626663.0532562721,609971.3199988456,,,612122.0701089143,,,,587434.3788620263,609047.7055565146,16204.332202893234,611046.6950538799
marco festa__1992-06-06,,,,,,,,,497700.5351360017,,,,,,,,,,497700.5351360017,,497700.5351360017
marco friedl__1998-03-16,,,,,12609477.081181053,,,,13120467.395026268,,,11278845.404329106,,,,,,,12336263.293512143,950724.5760387911,12609477.081181053
marco frigerio__2001-07-16,,,,,,,890481.6058017794,,,,,880286.2368454216,940625.0842022061,820655.0040951255,,,865540.9745913006,885799.0182325147,880564.6539613913,38853.45387180782,883042.6275389681
marco ilaimaharitra__1995-07-26,,,,,1605301.799852356,,,1705793.623525763,1710691.5352025623,1737226.5051221892,,,,1865967.414718779,,,,,1724996.1756843298,93437.91461123699,1710691.5352025623
marco imperiale__1999-05-01,Marco Imperiale,DEF,725000.0000000006,917765.6690310361,,919872.3235526424,,902106.7672703628,,898970.8421627166,,860983.4495082074,,,,,,,899939.8103049931,23655.33223169995,902106.7672703628
marco john__2002-04-02,Marco John,DEF,1650000.0000000007,1296810.8990083789,,,,1342164.5485380732,,,,,1146995.5224812971,,,,1423838.8377728604,,1302452.4519501524,116204.4022659887,1319487.7237732261
marco kana__2002-08-08,,,,,,,,1971688.4792422492,2146616.518763433,,,,,,,,,,2059152.4990028413,123692.80296509762,2059152.4990028413
marco olivieri__1999-06-30,,,,,636278.9321066323,,,,,677714.8571563378,,,,671535.8152509432,,,,,661843.2015046377,22353.83730162465,671535.8152509432
marco palestra__2005-03-03,Marco Palestra,DEF,5900000.000000006,4907232.8379377145,5075427.043744514,,,,,,,,3987633.6773949447,,6437023.238707042,,,,5101829.199446054,1010402.4943184424,4991329.940841114
marco pasalic__2000-09-14,,,,,,,3009312.692520273,,,,,,,3339981.5754116965,,,,,3174647.133965985,233818.20941990594,3174647.133965985
marco pellegrino__2002-07-18,,,,,,,,,,,,,,,,,2346324.419556217,,2346324.419556217,,2346324.419556217
marco perrotta__1994-02-14,,,,,,,,,,,,600124.3751958209,,,607850.1463571575,,,,603987.2607764893,5462.945178076556,603987.2607764893
marco pissardo__1998-01-08,,,,,,,,169568.2764658625,,198262.64755307033,190089.18698627973,,,,,,197526.91015484222,203204.69772726568,191730.34377746406,13245.589795160955,197526.91015484222
marco pompetti__2000-05-22,,,,,1275183.7706873575,,1269122.118384176,,,,,,,1252479.6081158565,,,1272999.6322144812,,1267446.2823504678,10287.827508476445,1271060.8752993285
marco rente__1997-02-25,Marco Rente,DEF,1150000.0000000005,1123661.6734341534,,,993361.6970950785,,,,1002088.2708735387,,,,,,,,1039703.8804675903,72840.38387007543,1002088.2708735387
marco reus__1989-05-31,Marco Reus,MID,4799999.999999999,3872656.6713126604,,,,,,3435543.872824798,,,,,4073065.6477370793,,,,3793755.3972915127,326002.39516519906,3872656.6713126604
marco richter__1997-11-24,,,,,,,,,,,,,,,2262997.475473945,,,2830102.6922306926,2546550.083852319,401003.94441496313,2546550.083852319
marco sala__1999-06-04,,,,,,,1418097.4754575877,,,,,,1646513.7020265977,,,,,,1532305.5887420927,161514.66273998978,1532305.5887420927
marco schuster__1995-10-10,,,,,530161.3017866984,,,,,,,,551105.8485505573,,,,,,540633.5751686278,14810.03104560337,540633.5751686278
marco silvestri__1991-03-02,,,,,,,,,482236.289531122,,509004.64017059613,,,,,,,,495620.4648508591,18928.082258351402,495620.4648508591
marco sportiello__1992-05-10,,,,,,,,,,,,3080134.243015337,,2660711.3904135637,,3724050.5055635716,,2171632.5036683255,2909132.160665199,658015.2592412297,2870422.8167144503
marco tilio__2001-08-23,,,,,,,,,,,,,1242720.1546511461,,,,,,1242720.1546511461,,1242720.1546511461
marco varnier__1998-06-08,,,,,,,1356098.6911196052,,1383589.8292116213,,,,,,1389530.2691002418,,,,1376406.2631438228,17835.92772066165,1383589.8292116213
marcos acuna__1991-10-28,,,,,,,5663109.952831517,,,4420359.776250219,5843249.936510058,,,,5495430.5030899085,,5074603.472894301,,5299350.728315201,567831.5821620736,5495430.5030899085
marcos lopez__1999-11-20,,,,,,2162632.5934792263,,,,,,,,,,,2304052.3157785046,2001427.9988196972,2156037.636025809,151419.91084912006,2162632.5934792263
marcos peano__1998-10-15,,,,,,1156220.7336532094,,1073054.6493290113,,,,1137225.5240534504,,,,,,,1122166.9690118905,43580.03505516805,1137225.5240534504
marcos rojo__1990-03-20,,,,,,,,,,,,,,,1310185.0514399516,,,,1310185.0514399516,,1310185.0514399516
marcos senesi__1997-05-10,Marcos Senesi,DEF,18500000.000000034,18643754.22250986,,18142257.163822167,18265272.41912695,,,16013187.418444771,,17006177.012639157,,15186903.06759632,,,,,17209591.884023204,1386014.3457213938,17574217.088230662
marcus bettinelli__1992-05-24,,,,,,,,686560.5657187586,740866.7162531152,,666157.3817975093,,,,,,,,697861.5545897944,38615.48168542447,686560.5657187586
marcus bundgaard__2001-08-05,,,,,,,,707123.5190139436,,,,714252.756225144,,823410.2869949616,732626.9422660673,,716085.9913637168,,738699.8991727666,48267.09546681235,716085.9913637168
marcus dackers__2003-01-09,,,,,,,,429407.11443397135,,,400606.3728936206,,,,,,447431.68752583984,,425815.0582844773,23618.418091341777,429407.11443397135
marcus edwards__1998-12-03,,,,,8100247.124741302,,,8024959.161299791,,,,,,,,,,9415946.297852963,8513717.527964685,782259.3139556593,8100247.124741302
marcus forss__1999-06-18,,,,,,,1672729.4974129417,2313488.167045306,2103083.860997222,,,,1830622.8182948735,,,2373602.896549193,,1877499.8212108924,2028504.5102517381,280858.0069382531,1990291.8411040572
marcus fraser__1994-06-23,Marcus Fraser,DEF,425000.0000000002,415590.0656883637,,378809.36839658656,,,,,,,,,,,,,397199.7170424751,26007.880471785284,397199.7170424751
marcus ingvartsen__1996-01-04,Marcus Ingvartsen,FWD,5349999.999999998,4585123.797907758,,4557148.723671813,,,4292580.854079605,,,4719036.126790042,,,,,,,4538472.375612305,178504.03336252703,4571136.2607897855
marcus linday__2003-06-02,,,,,,,,2326752.0657828003,2242915.6303693694,,,,,,2267842.2398196165,,,,2279169.978657262,43050.84466172552,2267842.2398196165
marcus lindberg__2000-06-27,,,,,,,1155610.6243380033,1169184.6360085756,,,,1201244.2454850315,,,,,1046170.1352847334,,1143052.4102790859,67362.37044187175,1162397.6301732894
marcus mathisen__1996-02-27,Marcus Mathisen,DEF,1450000.0000000002,1498197.0099318528,,,,,1274914.4751842443,1182392.900674404,,,,,,,,,1318501.4619301672,162351.24858209307,1274914.4751842443
marcus mccoy__2005-08-24,,,,,,,,,,,390665.76462106605,,,402109.1399204551,,,,,396387.45227076055,8091.688273860647,396387.45227076055
marcus mcguane__1999-02-02,,,,,,,,978251.1090779994,,909229.0554175635,988468.1549976812,,,,,959796.8781338914,,,958936.2994067839,35198.215238968776,969023.9936059454
marcus muller__2002-08-20,,,,,762260.9286663638,800441.5425776325,,,,,736791.695746983,793272.7906334839,,,,,,776380.4124630502,773829.4740175026,25487.15510697911,776380.4124630502
marcus pedersen__2000-07-16,,,,,,,,,3476303.097055592,,,,3183064.508968873,,,,,,3329683.8030122323,207350.99414168787,3329683.8030122323
marcus rashford__1997-10-31,,,,,,29854682.066998422,,,,29773241.72303125,,,,,30508987.803384334,,,,30045637.19780467,403334.1916756562,29854682.066998422
marcus tavernier__1999-03-22,,,,,,,,,,,15486407.57508454,,17479513.89744355,,,,,,16482960.736264046,1409338.9961658388,16482960.736264046
marcus thuram__1997-08-06,,,,,60805426.58350988,,,,,,54108977.38441244,,,,57362511.16313391,,,,57425638.37701874,3348670.8934848807,57362511.16313391
mardochee nzita__2000-02-24,,,,,861530.4290605002,,,930181.6425878617,,,,1121306.9213872624,1034291.4395750829,,,,,,986827.6081526768,114376.06026403655,982236.5410814723
marek rodak__1996-12-13,,,,,3539124.540202403,,,,,3847556.2611678476,3387710.3830297496,3401611.0861190013,,,,,,,3544000.5676297504,213597.14493259633,3470367.813160702
marin pongracic__1997-09-11,,,,,4806360.055842432,4663587.626111286,4269188.959318551,5316800.608173046,,,,,4730400.851409307,,,,,5418923.982258377,4867543.680518833,430820.1620649994,4768380.453625869
marin sverko__1998-02-04,,,,,,,,,,,,,,,,890870.0776975899,,,890870.0776975899,,890870.0776975899
mario dorgeles__2004-08-07,,,,,,2349516.6593912477,,2255538.647417923,,,2267640.723743818,,,,,,,2010415.819086298,2220777.9624098213,146321.9134491044,2261589.68558087
mario engels__1993-10-22,,,,,,,,604725.962086767,,,,601721.1893707381,682530.3603772558,,,588715.3477002766,,,619423.2148837594,42641.35655416426,603223.5757287525
mario gotze__1992-06-03,,,,,,11133291.806605982,,10353643.528259132,,,,11001143.920791496,,,12337970.999002067,,12272598.951902708,11591018.331784176,11448277.923057593,773149.8276632804,11362155.069195079
mario lemina__1993-09-01,Mario Lemina,DEF,9750000.000000004,10012305.938884305,,,8148157.675980158,,,10546415.73612501,,,,,,,,,9568959.783663156,1259097.808263705,10012305.938884305
mario mitaj__2003-08-06,Mario Mitaj,DEF,3049999.999999998,1884964.7988170625,,,,,,1840258.6007433115,1505163.2986178058,,,1825580.3211810975,,1894645.3411611235,1751970.4996430553,,1783763.8100272426,145674.7717379704,1832919.4609622045
mario pasalic__1995-02-09,,,,,13490959.661014881,,,,14417416.076137187,,,,13936294.001831934,,,,14799427.907057047,,14161024.411510263,569440.1448519841,14176855.03898456
mario sampirisi__1992-10-31,,,,,,919037.886967923,,,,819047.8979851181,,,829632.7141468804,,,863379.0077068148,,,857774.3767016841,45004.89937765411,846505.8609268477
mario stroeykens__2004-09-29,,,,,,,,10162398.81544591,,,7553433.3321429705,,7348495.259295997,,12511310.433619494,,,,9393909.460126093,2441299.9508056245,8857916.07379444
marios vrousai__1998-07-02,,,,,1583513.6062367659,1920800.1497983334,,,,,1926516.1465695375,,1768401.044744298,,,,,,1799807.7368372336,161723.75246230979,1844600.5972713158
marius adamonis__1997-05-13,,,,,,,,783853.938438829,,,,,,,,,791258.9536328675,,787556.4460358482,5236.136458494049,787556.4460358482
marius broholm__2004-12-26,,,,,,,,,,,,2748731.8305259706,,,,,2511804.3849401367,,2630268.1077330536,167533.00342294987,2630268.1077330536
marius bulter__1993-03-29,,,,,,,,,,,,,,,,4859552.977279961,,,4859552.977279961,,4859552.977279961
marius funk__1996-01-01,Marius Funk,GK,449999.99999999994,479040.89514438604,,,404579.57459927327,,,,,,,438215.02001099405,480019.7559793931,,,498920.99143475114,460155.24743375956,38157.82451715632,479040.89514438604
marius gersbeck__1995-06-20,,,,,,686958.3006829704,586677.8679683642,,,,,,,,,,,,636818.0843256672,70908.9739928194,636818.0843256672
marius louer__2007-03-11,,,,,,,,,266438.8827468575,,,,,,,,,,266438.8827468575,,266438.8827468575
marius marin__1998-08-30,,,,,1359356.282986613,,,,,,,,,,1596069.2238485545,,,,1477712.7534175836,167381.32567808905,1477712.7534175836
marius mouandilmadji__1998-01-22,,,,,,,,,3229862.255433681,,2703571.947041827,,,,3215408.8799862703,,,,3049614.360820593,299768.6426493471,3215408.8799862703
marius muller__1993-07-12,,,,,2287271.3371094894,,,,,,,2442971.1449294593,,,,,,1954184.3422323144,2228142.2747570877,249700.45881762027,2287271.3371094894
marius stefanescu__1998-08-14,Marius Ștefănescu,MID,1150000.0000000005,1070551.1311832587,,1224133.59428979,,,,,,1094712.898283598,,1060639.2112181855,,1109414.251157814,,,1111890.217226529,65641.73984662148,1094712.898283598
marius wolf__1995-05-27,Marius Wolf,DEF,3299999.9999999986,4414723.411090235,,,4476380.140688047,,,,,4097782.5756585547,,,3843120.026116402,,,4438080.345921385,4254017.299894925,274953.06449896254,4414723.411090235
mariusz stepinski__1995-05-12,,,,,,867657.7696340132,,,,,,,823831.9186817048,,,,,,845744.844157859,30989.556399648176,845744.844157859
mark brink__1998-03-15,Mark Brink,MID,1299999.9999999993,1283200.5698753386,,1322139.1260848765,1579055.1286371197,,1293282.764757221,1239123.7272353382,,,,,1271476.1420929343,,1306710.715028347,,1327855.4533873107,113887.61169988656,1293282.764757221
mark flekken__1993-06-13,,,,,,,,,,,,,,,,5960593.407443373,,,5960593.407443373,,5960593.407443373
mark gillespie__1992-03-27,Mark Gillespie,GK,139999.9999999999,236316.5308901752,,,,,,,194505.24792836982,,,147482.43988067613,,,,,192768.0728997404,44442.51640243902,194505.24792836982
mark helm__2001-10-21,,,,,,,,,,523693.5924588982,,,,,,527623.8939086971,,407700.2634128561,486339.24992681714,68131.70676952678,523693.5924588982
mark hoekstra__2006-02-10,,,,,,,,,,,,,,,,213787.27442999056,,,213787.27442999056,,213787.27442999056
mark kosznovszky__2002-04-17,,,,,,,,,,,,,,,,918469.9943028446,829603.4867531146,,874036.7405279796,62838.11010877961,874036.7405279796
mark mckenzie__1999-02-25,,,,,,,,,5786660.903637701,,,5925182.626046727,,6140581.150746136,5632009.62409491,6156430.672583244,,,5928172.995421744,226365.9363603793,5925182.626046727
mark ohara__1995-12-12,,,,,,744479.3882107544,,,778671.5138400006,810966.166113662,,849284.0960200425,,849463.560979082,,,,,806572.9450327083,45599.47205777428,810966.166113662
mark omahony__2005-01-14,,,,,775083.5220206317,,,,765533.4246668647,778838.5067323761,,,,,,,,,773151.8178066242,6859.658378542553,775083.5220206317
mark oxley__1990-09-28,,,,,,,112507.83746981187,107502.84397677107,,,,,,102226.50420188913,,103106.4138301591,92177.49287824697,,103504.21847137561,7535.5768848585785,103106.4138301591
mark travers__1999-05-18,,,,,,,,,,,,,,4070325.461592791,,,,,4070325.461592791,,4070325.461592791
marko divkovic__1999-06-11,,,,,788635.9208956508,,,,,,,,,,,,,,788635.9208956508,,788635.9208956508
marko dmitrovic__1992-01-24,Marko Dmitrović,GK,3950000.0000000005,4965491.481377426,,5412762.8196207695,,,5283241.587970164,5071792.589747966,4182389.0767716332,,,,,,,,4983135.511097592,480627.0703648612,5071792.589747966
marko grujic__1996-04-13,,,,,,2473500.7302113315,,,,2726205.9908441873,,2398023.5329134758,,,,,,,2532576.751322998,171881.9758617825,2473500.7302113315
marko jankovic__1995-07-09,,,,,,,,,,1079352.2959563907,,,,,,1141039.4511761589,,,1110195.8735662748,43619.40576800521,1110195.8735662748
marko jevtovic__1993-07-24,,,,,,,,,,,,1138353.7732077725,,,1151141.0542985797,,,,1144747.413753176,9041.973172248261,1144747.413753176
marko livaja__1993-08-26,,,,,9859735.20599562,9094402.087719966,,,,,,,,,,,,,9477068.646857793,541172.2377993606,9477068.646857793
marko milovanovic__2003-08-04,,,,,,1864629.1837660875,,,,1531657.6303145976,,1617236.125084144,1577325.9542767762,,,1791815.3534567726,1616109.98761916,,1666462.37241959,131194.25337208313,1616673.056351652
marko pjaca__1995-05-06,,,,,,1491710.8331070712,,,,,,,,,,1429350.2026520076,1604325.9885930477,,1508462.341450709,88682.53035554069,1491710.8331070712
marko rog__1995-07-19,,,,,,,1696607.9089227163,,,,,,,,,,,,1696607.9089227163,,1696607.9089227163
markus jensen__2005-07-15,,,,,,,,,,,,,,,660325.8873686655,,,,660325.8873686655,,660325.8873686655
markus kolke__1990-08-18,,,,,,231119.18615621477,234148.55163217644,,170448.0099496674,,,,198855.29804893097,,,,,214258.16127181842,209765.84141176156,26151.456243138262,214258.16127181842
markus solbakken__2000-07-25,,,,,,,,,,,,,,,,,1591468.40246028,,1591468.40246028,,1591468.40246028
markus walker__2006-11-23,,,,,,,,,,,,,381415.1776877837,,376353.7630922739,354340.11860607803,399886.84181184263,,377998.9752994946,18736.7496511226,378884.4703900288
marley ake__2001-01-05,,,,,,1745756.8868242677,,,,,,,,1806264.4211221666,,1854657.3851635475,,,1802226.2310366605,54562.440093995785,1806264.4211221666
marley watkins__1990-10-17,,,,,,,271085.5060557077,,,,260773.07632576665,,,,275521.6257893471,,,,269126.73605694046,7566.869415483042,271085.5060557077
marlon fossey__1998-09-09,,,,,2550276.7059621867,,,,,2101689.2117438833,,,,,,,2035422.1336664537,,2229129.350457508,280088.46704205166,2101689.2117438833
marnon busch__1994-12-08,,,,,,,,2205733.221438929,,,,,2052105.2423028925,,,,1993958.9798709147,,2083932.4812042452,109415.776741701,2052105.2423028925
marshall munetsi__1996-06-22,,,,,,4324777.376723823,,,,5841090.220196865,,,,,,,,,5082933.798460344,1072195.0940200435,5082933.798460344
marten de roon__1991-03-29,,,,,,,,,,,,8763221.16223828,,,,,,,8763221.16223828,,8763221.16223828
marten winkler__2002-10-31,,,,,1753730.847037675,,,,,,,,,1723808.8800258825,,,,,1738769.8635317788,21158.025780478714,1738769.8635317788
martial godo__2003-03-14,,,,,,,4017305.161501181,,,4003659.1970715593,,,,,,4243683.38338118,,,4088215.91398464,134811.54852877688,4017305.161501181
martin adeline__2003-12-02,,,,,,,,,,,1485180.7701545078,,1572209.856612148,1372004.534318457,,,,,1476465.0536950373,100386.82958302644,1485180.7701545078
martin aguirregabiria__1996-05-10,,,,,,,,,1056391.6085025026,,,,,,,,,,1056391.6085025026,,1056391.6085025026
martin baturina__2003-02-16,,,,,,24993661.313033894,,,,,24974058.170699757,,,23487536.76996546,,,,,24485085.4178997,863958.0716353789,24974058.170699757
martin boyle__1993-04-25,,,,,,,,,,,,,,1016818.8841151544,,1095474.2239084882,,,1056146.5540118213,55617.72414439842,1056146.5540118213
martin degaard__1998-12-17,Martin Ødegaard,MID,77250000.00000004,84280577.05478178,,,,,,84832472.58501369,,,81469133.72518098,79379842.40816157,,,85902772.09236589,110605311.92061159,87745018.29768592,11452816.824619329,84556524.81989774
martin delavallee__2004-03-18,,,,,,,,2231420.2053727363,2209708.359461685,,,,,,,,,,2220564.2824172108,15352.59347578168,2220564.2824172108
martin dubravka__1989-01-15,,,,,,1625491.376217157,,,,,,1442072.4873115446,,1351925.0127059664,,,,,1473162.9587448891,139408.04091459344,1442072.4873115446
martin erlic__1998-01-24,,,,,3456066.6100475495,,,,2876824.7315535336,,,,,2669438.4091656636,,3185850.693511423,,,3047045.1110695424,345508.01981456444,3031337.7125324784
martin frese__1998-01-04,Martin Frese,DEF,1749999.9999999998,1797185.015046739,,,,1737494.1944394573,,2051208.6256342628,,1635235.5949690323,1824731.4786285132,,,,,,1809170.981743601,153589.62703562432,1797185.015046739
martin georgiev__2005-09-24,,,,,,,,,,,,,,3190134.1877800846,,,,,3190134.1877800846,,3190134.1877800846
martin hansen__1990-06-15,Martin Hansen,GK,100000.00000000004,126767.92602083614,,,,,,,,,,,138113.24425768247,,,,132440.5851392593,8022.351459993446,132440.5851392593
martin linnes__1991-09-20,,,,,,,,,686828.2850422651,,,,,806372.7626346544,771751.081122004,,,,754984.0429329745,61510.736525696055,771751.081122004
martin minchev__2001-04-22,,,,,,,,,,,,1247234.8278762703,,,,,,,1247234.8278762703,,1247234.8278762703
martin olsson__1988-05-17,,,,,181532.89748507866,,,218014.4671354762,229860.07721580914,,189295.35028762784,193572.65400340172,,,,190946.30138722438,,,200536.957919103,18938.42089805842,192259.47769531305
martin palumbo__2002-03-05,,,,,,,,,,,,,,,,,,572706.1313248012,572706.1313248012,,572706.1313248012
martin payero__1998-09-11,,,,,3489753.5176229132,,,,3491557.2397272615,,,,,,,,,,3490655.3786750874,1275.4241313607117,3490655.3786750874
martin remacle__1997-05-16,,,,,,,,841589.1119318393,,,,994105.9148186166,,889080.716932439,,,,,908258.5812276317,78046.05467219108,889080.716932439
martin satriano__2001-02-20,,,,,,,,,,,,,,,,7911085.337080115,8608521.173738915,,8259803.255409515,493161.6095439508,8259803.255409515
martin sourzac__1992-03-25,,,,,,,,223838.53136552678,,232089.8565745602,,,,255514.41564398786,,,,231704.7765446193,235786.89503217355,13690.267205859634,231897.31655958976
martin terrier__1997-03-04,,,,,15563402.880044227,,,,,,,,,,17123287.025346033,14540218.449680723,,,15742302.785023661,1300793.8724673642,15563402.880044227
martin turk__2003-08-21,Martin Turk,GK,749999.9999999998,736500.7330283223,,,,713288.7444799389,784799.7178124785,,,809740.1315173989,,,,,,,761082.3317095346,44040.049423585144,760650.2254204005
martin valjent__1995-12-11,,,,,,,,,,6155287.354563415,,5858569.598187722,,,7736086.4816047205,,,5934610.051403581,6421138.37143986,885618.1883174632,6044948.702983499
martin vitik__2003-01-21,,,,,,,6029298.445307486,,,,7177788.227788484,,,,,8235828.670098682,8613776.584344814,,7514172.981884867,1161596.904701831,7706808.448943583
marton dardai__2002-02-12,,,,,,,,1983783.9557196207,1903313.3500983997,,1256265.0121226592,,,,,,,,1714454.1059802265,398838.0797889984,1903313.3500983997
marvelous nakamba__1994-01-19,,,,,,1296409.396671845,,,,,,,,,,1173386.8800767493,,,1234898.1383742972,86990.05572302686,1234898.1383742972
marvin cuni__2001-07-10,Marvin Çuni,FWD,1249999.999999999,1324631.7752607975,1327911.6942628021,,,1408366.4933245115,1269235.4711097195,1406663.9768616098,,,,,,,,,1347361.882163888,59659.460045777334,1327911.6942628021
marvin ducksch__1994-03-07,,,,,,5399832.982432987,,,5895479.248700348,,,,,,6190009.705410449,,,,5828440.645514595,399331.24611238844,5895479.248700348
marvin elimbi__2003-02-20,Marvin Elimbi,DEF,1124999.9999999995,1152863.9109235108,,1242971.1065873192,,,,,,,,1130597.3895819373,,,,1167149.1213654568,1173395.3821145562,48761.34631497369,1160006.5161444838
marvin friedrich__1995-12-13,,,,,,2892265.4135234286,2972094.9306766223,2701528.9378853277,2887201.7560737142,,,,,2773264.901819726,2565323.5494555025,,2848459.3419672092,,2805734.118771647,137438.60262297015,2848459.3419672092
marvin mehlem__1997-09-11,Marvin Mehlem,MID,2250000.000000001,2060796.3729897023,,2121204.764311125,,,,2320403.6570889493,,,1813441.5907537942,2374556.5761066084,,,,2161738.9718885175,2142023.6555231162,200637.55817903776,2141471.8680998213
marvin obuz__2002-01-25,Marvin Obuz,MID,950000.0000000008,1045780.7885644041,,,951445.4565821771,,,,,1122635.1758830557,,,,1071745.8781120635,987494.9986014982,916207.6480024628,1015884.9909576102,77850.9054089245,1016637.8935829512
marvin peersman__1991-02-10,Marvin Peersman,DEF,375000.00000000006,461021.84806752024,,,415048.05093413626,,,,,465447.9847464358,,435453.2229537393,,,,579976.9750279933,471389.61634596495,64030.86059427849,461021.84806752024
marvin pieringer__1999-10-04,,,,,,,,,,,,,,,,,,5834387.690360926,5834387.690360926,,5834387.690360926
marvin schulz__1995-01-15,,,,,,882117.4987760253,,,,,,,,,874590.2554447291,,817232.0081092714,,857979.9207766753,35488.85935198417,874590.2554447291
marvin schwabe__1995-04-25,Marvin Schwäbe,GK,7750000.000000002,7051038.099796021,,8020094.0914843185,,,,,,,,,,,,6994831.485985995,7355321.225755445,576395.7131312059,7051038.099796021
marvin senaya__2001-01-28,,,,,,2477930.953362719,2076267.4091335894,,,,2579600.558762004,,,,2608149.2641346413,,2472110.1969431634,2850509.0797177157,2510761.2436756394,253380.5413035332,2528765.7560623614
marvin stefaniak__1995-02-03,,,,,,,,,785056.2506725127,779287.3720785319,737589.4523284247,,,828566.5782665625,,,,,782624.9133365079,37219.52851056436,782171.8113755223
marvin wanitzek__1993-05-07,,,,,,3004463.296472558,,,,,,,,,,,3394171.1712509426,,3199317.23386175,275565.0809375938,3199317.23386175
marvin young__2005-10-02,,,,,,,,,,1866380.928434427,2435429.532582003,,,,,2921500.5441828663,,,2407770.335066432,528103.3272851892,2435429.532582003
marwin hitz__1987-09-18,,,,,,,,,459369.76571407693,,,,,428229.24668836774,542333.3677777755,,,,476644.12672674004,58980.846668163555,459369.76571407693
maryan faryna__2003-08-28,,,,,1538741.625398528,,,,,,,1424552.2607175189,,,,,,,1481646.9430580235,80744.07410532526,1481646.9430580235
maryan shved__1997-07-16,,,,,,,,,,,,,,,,1531388.674722914,,,1531388.674722914,,1531388.674722914
mason burstow__2003-08-04,,,,,,,,,,,,,1326485.7147705262,,,,1116710.755256068,,1221598.235013297,148333.29639580686,1221598.235013297
mason greenwood__2001-10-01,Mason Greenwood,MID,46000000.00000004,57568451.62941705,,47104698.88791083,,,60977545.18691936,,64782974.31586572,,,,,,52011027.13070337,,56488939.430163264,7039524.345253725,57568451.62941705
massadio haidara__1992-12-02,Massadio Haïdara,DEF,1800000.000000001,1810958.786613189,,1746187.944825203,,,,,,,,2120031.9130583345,,,1717084.2872060018,,1848565.7329256819,185181.66884769156,1778573.365719196
massamba ndiaye__2001-10-08,,,,,,518060.0188823955,,,,,,,498255.7718511402,,468278.0093351732,,,,494864.600022903,25063.66201129449,498255.7718511402
massamba sow__2004-06-13,,,,,,912026.0148992286,,,,,,1014191.5587090398,1040438.7718321906,,,,,,988885.448480153,67843.63232440036,1014191.5587090398
massimiliano mangraviti__1998-01-24,,,,,977916.7891806506,1012073.6208120122,,1026003.7754873373,985773.5296774451,,,,,,972303.0211725944,,,,994814.147266008,23155.380639880183,985773.5296774451
massimo bertagnoli__1999-02-26,,,,,,,915970.7216713296,,,883283.4335242007,946042.5429963053,,,,,,,,915098.8993972786,31388.6366539079,915970.7216713296
massimo coda__1988-11-10,,,,,,,972619.5733560338,,860951.1394950704,896708.7789396376,,,959657.4126802376,919921.9398159953,869186.2805515033,,,,913174.1874730797,46202.31306707894,908315.3593778164
massimo decoene__2004-02-11,,,,,,,,,,,,,,,,,,295761.9193970051,295761.9193970051,,295761.9193970051
massire sylla__2005-01-07,,,,,713672.2927128634,523721.1956526487,,548224.956053198,662294.0538846308,,586580.9749469146,607984.3723112787,,690722.5975334375,,,593158.3574751079,,615794.85007126,67428.74582886872,600571.3648931934
matai akinmboni__2006-10-17,,,,,303049.358920772,,,,,,,,,,330045.1246964198,,,,316547.2418085959,19088.8890432843,316547.2418085959
matei ilie__2002-12-11,Matei Ilie,DEF,1487499.999999999,1874107.8814833055,1714993.8985552473,1958624.0197307419,,,,,,,,,,,,1669819.4588370034,1804386.3146515745,135092.07883133908,1794550.8900192764
matej hanousek__1993-06-02,,,,,,,541483.3260555652,,,,473133.7891346485,,,,487181.89957510994,,,,500599.6715884412,36096.29141168436,487181.89957510994
matej kovar__2000-05-17,,,,,,,6389732.601459809,6742602.863932814,,,,,,,,7191461.607744677,,,6774599.0243791,401821.06165818253,6742602.863932814
matej maglica__1998-09-25,,,,,,,1538482.9484987708,,,,,,,,,,,,1538482.9484987708,,1538482.9484987708
matej rodin__1996-02-13,Matej Rodin,DEF,600000.0000000003,590935.8441719247,,,,,,,,,771534.5341783187,,,,,,681235.1891751217,127702.55837692833,681235.1891751217
matej sin__2004-06-02,,,,,,,,,,,,9731125.295484012,,8773375.782604707,,,,,9252250.53904436,677231.1752350689,9252250.53904436
matej vydra__1992-05-01,,,,,,2622876.77575424,,,,,,,2482682.4182509235,,,3043454.9986516577,,,2716338.06421894,291835.10937417374,2622876.77575424
mateja stjepanovic__2004-02-20,,,,,1250028.6141532534,1116736.238999302,,,,,,1159285.8634075294,1037692.3131324316,,,,,,1140935.7574231292,88473.73105453327,1138011.0512034157
mateo biondic__2003-07-24,,,,,839415.1782328624,,555357.3893244081,,,698079.3052747365,,,,780999.7827474962,,,,,718462.9138948759,123233.13117848687,739539.5440111163
mateo chavez__2004-05-12,,,,,,,,,4555751.069701166,,,3320996.3081359467,,,4073816.6524617397,,,,3983521.3434329503,622310.0211521976,4073816.6524617397
mateo joseph__2003-10-19,,,,,,,,,5191934.375433873,,,,,5030394.067021053,,,,,5111164.221227463,114226.24751367138,5111164.221227463
mateo kovacic__1994-05-06,,,,,,,22600762.306172755,,,,,,,,,,22836775.29928745,,22718768.802730102,166886.38787953474,22718768.802730102
mateo pellegrino__2001-10-22,,,,,,,,2643629.72402932,2501468.97112915,,2954405.128077428,,2589121.8905356317,,,,,,2672156.4284428824,197067.70738318042,2616375.8072824758
mateo retegui__1999-04-29,,,,,,,,,,,,,37697748.924316235,,,,,,37697748.924316235,,37697748.924316235
mateus uribe__1991-03-21,Mateus Uribe,MID,4250000.000000002,2525207.208598884,,,,,,,,,,,,2706658.06869826,,,2615932.638648572,128305.13362840044,2615932.638648572
mateusz kowalczyk__2004-04-16,,,,,2077863.6951345822,,,,,,,,,,,,,,2077863.6951345822,,2077863.6951345822
mateusz lis__1997-02-27,,,,,,3648746.0851364774,,,3230762.721446882,,,,,,,,,,3439754.40329168,295558.87088807585,3439754.40329168
mateusz praszelik__2000-09-26,,,,,,,1182737.644757175,1297669.3108676334,1247672.7858059704,,,,974531.3441024157,,,,,,1175652.7713832986,142097.3168024851,1215205.2152815727
mateusz wieteska__1997-02-11,,,,,2513567.601206971,,,2622244.6446091686,,,,,,,,,,2475660.2092988705,2537157.485038337,76086.20856103124,2513567.601206971
mateusz zukowski__2001-11-23,,,,,,1111601.9024252875,683486.8129139578,,,,,961399.2248852309,,,991780.9058111757,1065995.0132965415,1054374.5171950925,,978106.3960878811,154031.8837901418,1023077.7115031341
mathew ryan__1992-04-08,,,,,3636668.3885098766,,,,,,,,,,,3603200.9142758683,,,3619934.6513928724,23665.077980053276,3619934.6513928724
mathias de amorim__2004-12-10,Mathias de Amorim,MID,1600000.0000000012,2439341.2113190806,,,,,2487377.712344466,,,,,,2190466.145339889,,,,2372395.023001145,159375.2294210229,2439341.2113190806
mathias delorge__2004-07-31,Mathias Delorge,MID,7750000.000000002,6229090.559270646,5305069.474095294,,5973640.405913898,,,,,,,,,,,,5835933.479759946,477154.2094493522,5973640.405913898
mathias fixelles__1996-08-11,,,,,830317.8962279696,,,,916156.742673081,,,,,,,,,,873237.3194505253,60697.23041056907,873237.3194505253
mathias greve__1995-02-11,,,,,,,1180167.4087791394,,,,1115000.2973573692,,505411.46732044825,1086083.7651186069,1193622.0346073261,,,,1016056.9946365781,288926.4403595081,1115000.2973573692
mathias honsak__1996-12-20,,,,,,3143693.544977583,3289243.2252831184,3013814.180660674,3528288.097865297,,,,3423987.030935477,,2949335.3586967597,,3104617.5392704164,,3207568.4253841895,214193.37192570744,3143693.544977583
mathias jensen__1996-01-01,,,,,,,,11932591.959433297,,,9648407.33373929,,,,,10248311.607764727,,,10609770.300312437,1184214.5670772432,10248311.607764727
mathias jensen__2005-04-14,,,,,399599.31501895806,,420691.57060519565,392076.3320706222,,,,,,,,,,,404122.4058982586,14834.140771357252,399599.31501895806
mathias kjl__2001-06-27,Mathias Kjølø,MID,2050000.000000001,2714311.138608265,,,2966971.6835544356,,,,,,,,,,,2730037.6608713507,2803773.494344684,141552.34931511836,2730037.6608713507
mathias kvistgaarden__2002-04-15,,,,,5850714.994451326,,,,,,,6074776.455441587,,,,,,,5962745.724946456,158435.3784687782,5962745.724946456
mathias lvik__2003-12-06,Mathias Løvik,DEF,3400000.000000002,2073177.6243454935,,2194339.506286681,,,,,,,2544439.908103421,,,,,2122508.7254771637,2233616.4410531903,213103.60832301545,2158424.1158819227
mathias olesen__2001-03-21,,,,,,,,,,1078080.0020757783,,1118771.3396046152,,,1057068.4179944352,,,,1084639.9198916096,31370.161381810765,1078080.0020757783
mathias olivera__1997-10-31,,,,,,,,,10458313.318148732,10531511.417012129,,10156384.554614658,,,9750222.909696825,,11604746.462051893,,10500235.732304847,689824.7016206944,10458313.318148732
mathias pereira lage__1996-11-30,,,,,,,2679073.246844993,,,3220595.008145652,,,,,,3357289.7561623203,,,3085652.6703843214,358680.1977639897,3220595.008145652
mathias rasmussen__1997-11-25,,,,,2859129.2806198765,,,,3197463.4323785873,2739371.588083351,3018308.7965164525,,,,,,,2665451.684379912,2895944.956395636,214990.7339981128,2859129.2806198765
mathias ross__2001-01-15,,,,,,,773474.6289504771,,,846518.504747319,,,647871.2857508098,,,,,856801.5432720344,781166.49068016,96295.2461914844,809996.5668488981
mathias tomas__2001-01-30,Mathías Tomás,MID,850000.0000000005,910482.4713095919,,,,926395.9050917105,,,,,,934137.764345274,,,,,923672.0469155255,12060.587658732664,926395.9050917105
mathieu cafaro__1997-03-25,,,,,,2350936.443425842,,,,2339268.2040222166,,,,,,,,,2345102.3237240296,8250.691206811656,2345102.3237240296
mathieu maertens__1995-03-27,,,,,,,,,1299080.297636651,,,,,1480207.2280221984,1368197.496771376,,,1284723.6097162338,1358052.1580366148,89217.98275204605,1333638.8972040135
mathieu michel__1991-09-04,,,,,,,,238674.37490386065,,,247922.05235192657,,,,,,261031.0810847307,234371.30232930783,245499.7026674564,11797.144946992365,243298.2136278936
mathieu patouillet__2004-02-20,,,,,928994.5324983418,,780745.5256085478,,849709.8135978312,,,,,,,,766301.6399698949,,831437.8779186539,74528.76080881749,815227.6696031895
mathijs tielemans__2002-04-26,,,,,1750053.5064160256,1850203.9776491085,,,,2177455.1780470186,,,,,,,,1901209.996698157,1919730.6647025773,182929.1649599097,1875706.9871736327
mathis amougou__2006-01-18,,,,,,4956217.032180113,6536565.579111701,,,,,,,,,,,,5746391.305645907,1117475.1741736329,5746391.305645907
mathis clairicia__2002-08-30,,,,,,,,1474289.645438257,,,,,,1425359.9259526595,1579627.53397889,,,,1493092.368456602,78833.87924117479,1474289.645438257
mathis hamdi__2003-10-18,,,,,271328.4389701496,242899.82832188503,281933.41856408643,,285500.8432959587,,,,,,,,,,270415.63228801993,19306.09295703379,276630.928767118
mathis lambourde__2006-01-09,,,,,1081398.4837370773,,,,,,1316821.8538709916,1147247.7663936217,,,1127067.2177008463,,,1137216.1703220296,1161950.2984049134,90164.52239896517,1137216.1703220296
mathis servais__2004-11-23,,,,,1854824.9040677904,,,,,,,,1471667.233381125,,,,2003469.0783233142,,1776653.7385907432,274383.57987497904,1854824.9040677904
mathys tel__2005-04-27,,,,,,,,,28555743.088905174,,,,,,,,36862218.71518157,,32708980.902043372,5873565.243100812,32708980.902043372
matias dituro__1987-05-08,,,,,,,,,,,620259.3950445876,521086.4456042621,,,,560740.8446086318,,,567362.2284191605,49916.93618250308,560740.8446086318
matias fernandezpardo__2005-02-03,,,,,,,,,,13279961.737571953,12298337.201734189,,12465757.653742298,,,,,,12681352.197682813,525126.1161591236,12465757.653742298
matias galarza__2002-03-04,,,,,,,6369043.309264013,,,,,,,,,,,,6369043.309264013,,6369043.309264013
matias gonzalez__2002-02-28,,,,,,,,,955322.888139645,,927761.4619948223,,,,1004269.8744984436,,,874996.4209254024,940587.6613895784,53973.059299253466,941542.1750672336
matias kranevitter__1993-05-21,,,,,,,,,1433203.5483732247,,,1427719.2757422961,,,,,1646717.6419634738,,1502546.8220263317,124885.70095324566,1433203.5483732247
matias lacava__2002-10-24,Matías Lacava,MID,1299999.9999999993,1093929.5554577261,,1160145.9478581478,,,1174164.8746178604,,,,,1105796.6160112992,,,,,1133509.2484862583,39568.23552845567,1132971.2819347235
matias moreno__2003-09-24,Matías Moreno,DEF,3499999.9999999995,2686389.941263977,,,,,2516284.8159130663,,2183125.0003746636,2296797.8768856064,2531612.5334934224,,,,,,2442842.0335861472,200855.33370469805,2516284.8159130663
matias perez__2005-04-13,,,,,,,,1611724.9712374047,,,,,1879899.0300616748,,,,1444668.6269809403,,1645430.8760933399,219564.20919191875,1611724.9712374047
matias rocha__2001-02-13,Matías Rocha,DEF,999999.9999999997,1015921.9936876509,1138998.7429237436,,,,1053251.0784701114,,,,,,1051069.8456949927,1145013.6930357937,,,1080851.0707624583,57798.05330980007,1053251.0784701114
matias soule__2003-04-15,,,,,31794078.55122427,,,,,,,,31715111.06662978,,,,25677991.513734277,22647527.47304057,27958677.151157223,4554519.277269361,28696551.290182028
matias vargas__1997-05-08,Matías Vargas,MID,7750000.000000002,8712365.233551124,9517939.98374049,,,9822931.756948678,9972694.396408059,,12148884.134075886,,,,,,,,10034963.100944849,1278091.8237037435,9822931.756948678
matias vecino__1991-08-24,,,,,5054308.623723444,,4150674.129129672,4952247.0644527925,,,,,4802521.18356468,,,,,,4739937.750217646,406223.49853539595,4877384.124008736
matija frigan__2003-02-11,Matija Frigan,FWD,7249999.999999998,8515805.03053753,7977124.3185005495,,,,,,,,,8836440.851169065,,,8294933.614919736,,8406075.95378172,362218.41481211514,8405369.322728634
matija mitrovic__2004-12-12,Matija Mitrović,MID,1699999.9999999988,2429814.2928915103,,,,,,,,,,,1966228.7943430855,2160429.76776391,,,2185490.9516661684,232806.62752601143,2160429.76776391
matisse didden__2001-10-08,Matisse Didden,DEF,2250000.000000001,1785403.6778718291,,1853734.7471774344,,2072421.8435530383,,,,,,,,,,,1903853.422867434,149929.21028752543,1853734.7471774344
matisse samoise__2001-11-21,,,,,,,2193801.4036355214,,2470756.3763695513,,,,,,,,,,2332278.8900025366,195836.73930356788,2332278.8900025366
mats deijl__1997-07-15,,,,,2054797.8343728126,,,,,,,,2361780.2939421935,,,,,,2208289.064157503,217069.37886683436,2208289.064157503
mats egbring__2006-09-17,,,,,,,,,519702.8210881166,598216.8919332159,,586682.5246907026,,549866.6972429011,504515.2002074181,,,,551796.8270324708,40746.586299576404,549866.6972429011
mats knoester__1998-11-19,,,,,,,,,,,,,931987.8012480604,,,,,,931987.8012480604,,931987.8012480604
mats kohlert__1998-05-02,,,,,2177659.904139911,2289604.9700194416,,,,,,2415660.9093626216,,,,,,,2294308.594507325,119070.20065594693,2289604.9700194416
mats rits__1993-07-18,,,,,,,,,,,,1395371.533243059,1267106.5978756885,,,,,,1331239.0655593737,90697.0055867219,1331239.0655593737
mats rots__2006-03-11,,,,,,,,,,,,,2508291.059449747,,2864388.031864359,,3117557.624148248,,2830078.9051541183,306078.86867046653,2864388.031864359
mats seuntjens__1992-04-17,,,,,,,,460585.3032625596,,,,,,,,,,513780.91423874005,487183.10875064984,37614.977250618744,487183.10875064984
mats wieffer__1999-11-16,,,,,,,,,,,,25715086.0520536,,24025043.687103473,,,24463252.13237113,,24734460.623842735,877055.4903860317,24463252.13237113
matt butcher__1997-05-14,,,,,,402136.86347108823,,404424.6187546545,416172.6338494667,,,,,,,,,338288.98343171657,390255.77487673145,35185.92235125781,403280.7411128713
matt clarke__1996-09-22,,,,,,,,2375569.3889171993,,,1895395.738429115,,,,,,2207704.698270705,,2159556.608539006,243680.862121694,2207704.698270705
matt crooks__1994-01-20,,,,,,1720040.4334555096,1845227.7113335952,,,,,,,,,1832594.8147962643,,,1799287.653195123,68920.16320406286,1832594.8147962643
matt dibleydias__2003-10-29,,,,,,306007.97912079876,,297409.3698080985,,,303498.0904881682,272630.2522379701,,,,,278077.0049009199,,291524.5393111911,15211.816559867702,297409.3698080985
matt doherty__1992-01-16,,,,,,,,,,,,,1774967.4519573257,,,,,,1774967.4519573257,,1774967.4519573257
matt grimes__1995-07-15,,,,,,,,,,,3045035.637195615,,3131931.8532477664,,,3172272.393729526,,,3116413.2947243024,65022.43687606659,3131931.8532477664
matt lendfers__2006-03-10,,,,,,,,,,284521.00051223906,277666.92425124213,,,,,,,,281093.96238174057,4846.563802920662,281093.96238174057
matt macey__1994-09-09,Matt Macey,GK,375000.00000000006,237544.56006687426,,,307781.3065413373,,,,,,273261.69996471977,286015.3553095442,,273409.20441203006,317908.12874703103,,282653.3758402561,28614.950467930128,279712.2798607871
matt miazga__1995-07-19,,,,,2860867.462444307,2881784.725584377,,,,,,,,,,,,3138993.420025846,2960548.5360181765,154891.30203371868,2881784.725584377
matt oriley__2000-11-21,,,,,,,15362233.538787138,,,,,,13901170.851403097,,17187390.628034458,,13042218.15743218,,14873253.293914218,1815853.0802458748,14631702.195095118
matt phillips__1991-03-13,,,,,,,,,584554.0660156853,,513453.10347429954,,485324.0630712599,,,,,434079.51485956943,504352.68685520353,62757.43256731514,499388.5832727797
matt ritchie__1989-09-10,,,,,,,,,374775.4651466321,,,,220588.08562774,,244092.1775112288,,351621.606715713,,297769.33375032846,76742.4127408053,297856.8921134709
matt targett__1995-09-18,,,,,3108589.0620912774,,,,,,3433759.096500625,3412236.500414288,,,3017329.4072042517,3418084.4368400495,,3545164.644953224,3322527.191333953,208822.4750198117,3415160.468627169
matt turner__1994-06-24,,,,,,,,3048302.9561453513,,,2630588.9737149314,,,,2385130.3776536947,3249688.6474062335,,,2828427.7387300525,392198.3306492085,2839445.9649301413
matte smets__2004-01-04,Matte Smets,DEF,14250000.000000017,13983800.002215508,13078680.52911659,12687151.89867227,,,,15605019.258807508,,,15333720.367444234,,,,,,14137674.411251223,1306980.0846444317,13983800.002215508
matteo bianchetti__1993-03-17,Matteo Bianchetti,DEF,999999.9999999997,1199254.2097841885,,1293293.4472725487,,,,,,,,1098042.6721195036,,,,1285127.1713758172,1218929.3751380146,91127.87818876264,1242190.690580003
matteo bignetti__2004-05-06,,,,,,,,,399623.3768361326,,,430668.12099941977,346758.98972781707,,,,,,392350.16252112313,42424.76060678254,399623.3768361326
matteo cotali__1997-04-22,Matteo Cotali,DEF,899999.9999999995,781574.7618948636,,,,,,,,,1016677.2765063625,,,,748934.7699755726,,849062.2694589328,146073.38980373958,781574.7618948636
matteo darmian__1989-12-02,,,,,,,4034990.588461722,,,3845189.4672770444,,,4053922.9256067495,,,,,,3978034.327115172,115435.80872719716,4034990.588461722
matteo gabbia__1999-10-21,Matteo Gabbia,DEF,19000000.000000015,19845684.872889467,18101181.362910915,,,,,,,20038052.790217075,,,,,19030850.61097479,,19253942.40924806,883858.249047679,19438267.741932128
matteo guendouzi__1999-04-14,,,,,,,44844519.50597069,,,,45272643.96325521,,,,,38766176.949696526,,,42961113.472974144,3639222.714190169,44844519.50597069
matteo lovato__2000-02-14,Matteo Lovato,DEF,2700000.0,1272686.1292049491,,,,,1272298.1935645107,,,,,1238788.8169566356,,,,,1261257.7132420319,19459.601710420484,1272298.1935645107
matteo palma__2008-03-13,,,,,,,,,,,,,1043317.5531358371,,,,,1226797.7717286162,1135057.6624322266,129740.10678054419,1135057.6624322266
matteo perez vinlof__2005-12-18,Matteo Pérez Vinlöf,DEF,1450000.0000000002,1561369.179306631,,,,1523357.4060786637,1587607.3252729275,,,,,,,,,,1557444.636886074,32304.249782736362,1561369.179306631
matteo pessina__1997-04-21,,,,,8427534.61998504,,,,,,,,,8362961.6757856365,,,,7693556.2237848155,8161350.83985183,406406.5309472886,8362961.6757856365
matteo politano__1993-08-03,,,,,,,19731039.287831068,,,16625539.317064127,10823182.816005802,,,,15701262.947862903,,,,15720256.092190975,3691774.9557416663,16163401.132463515
matteo prati__2003-12-28,,,,,,,,,,5304682.428434366,,,4236861.10741828,,,,,,4770771.767926323,755063.6971860519,4770771.767926323
matteo ricci__1994-05-27,,,,,,,832940.0807360961,,857140.5863821629,,,,842222.7884017408,,803194.097518683,,,,833874.3882596707,22753.497390564833,837581.4345689185
matteo rover__1999-02-20,,,,,,,,,1134466.2478434283,,,1157639.78827164,,,,,,,1146053.018057534,16386.167580889087,1146053.018057534
matteo ruggeri__2002-07-11,,,,,,,14961058.980603505,,,,,,,,,,15722087.588316286,,15341573.284459896,538128.4891906644,15341573.284459896
matteo tramoni__2000-01-20,,,,,5833673.8280369835,,,,,,,,,,,5344465.008949429,,,5589069.418493206,345922.87339307286,5589069.418493206
matthew cox__2003-05-02,,,,,,,,,,,,,,,1083991.9216582244,,,,1083991.9216582244,,1083991.9216582244
matthew garbett__2002-04-13,Matthew Garbett,MID,800000.0000000005,770714.9425296468,,,,747350.72529031,,762538.9188393196,,,708539.7506699428,780178.3693890022,,,,,753864.5413436443,28055.145876732266,762538.9188393196
matthew hoppe__2001-03-13,,,,,714300.0466640398,,,,,,,,,,,,722925.0495921818,,718612.5481281108,6098.7980582430155,718612.5481281108
matthew pennington__1994-10-06,,,,,,,,,,,,,,,,567733.9969185194,,,567733.9969185194,,567733.9969185194
matthias bader__1997-06-17,,,,,1466373.5321718508,,,,,,,,,,,,1435245.2568627326,,1450809.3945172918,22011.01455771926,1450809.3945172918
matthias ginter__1994-01-19,Matthias Ginter,DEF,14000000.00000001,16354944.95611537,,14609383.590490049,16485752.466998944,,14551461.888534406,14360584.040648505,,,,,,,,,15272425.388557455,1052957.578861975,14609383.590490049
matthias kobbing__1997-05-28,Matthias Köbbing,GK,77500.00000000006,142282.9634142616,,,,,162925.78367276402,150185.0768648201,,,,,155164.52365203112,,,,152639.5869009692,8669.206407123344,152674.8002584256
matthias phaeton__2000-01-08,,,,,,,783846.4924118357,,,1143181.0416259053,,,,1042241.6488513686,,,998306.0348661615,788504.9040459043,951216.0243602351,159562.81690593605,998306.0348661615
matthias verreth__1998-02-20,,,,,,,,,,,,,,,,,,635838.0210918017,635838.0210918017,,635838.0210918017
matthieu epolo__2005-01-15,,,,,,,,,6589153.768819247,,,7235026.988776085,,,,,,,6912090.378797666,456701.33361827047,6912090.378797666
matthieu udol__1996-03-20,,,,,,,,,,,,,,,,7440458.6519385325,,,7440458.6519385325,,7440458.6519385325
matthis abline__2003-03-28,,,,,,,,,,,,,13425929.94807638,,,,,11734136.41816984,12580033.18312311,1196278.6773644413,12580033.18312311
mattia bani__1993-12-10,,,,,,,,,,,,2617248.686457078,,,,2380264.6048338152,2236972.9240219947,,2411495.405104296,192051.90974850254,2380264.6048338152
mattia compagnon__2001-11-06,,,,,1032553.4218411054,1335168.343119157,,,,,,,993810.4965399096,,,,,,1120510.7538333908,186905.49495321445,1032553.4218411054
mattia felici__2001-04-17,Mattia Felici,DEF,1949999.999999999,3371019.981512877,,,,,,,,,,,,,,,3371019.981512877,,3371019.981512877
mattia finotto__1992-12-28,,,,,,,,,,892524.7107472909,,,,,,,,,892524.7107472909,,892524.7107472909
mattia perin__1992-11-10,,,,,,,,,,5766538.686859419,,,,5328384.329775572,,,6365974.602251266,,5820299.206295419,520880.0615031908,5766538.686859419
mattia valoti__1993-09-06,Mattia Valoti,MID,1249999.999999999,1148054.7732600225,,,,,1233999.656177024,,1202240.0303674352,,,,,,1212696.9635866166,1218012.8183263892,1203000.8483434976,32787.001966276795,1212696.9635866166
mattia viti__2002-01-24,,,,,4517194.293384089,,4305058.75572426,,,5314008.8430225,4078176.5846709777,,,,,,,,4553609.619200457,537694.819763079,4411126.524554174
mattia zaccagni__1995-06-16,,,,,,,29054557.790501036,,,,,33073086.838685483,,,,,,,31063822.31459326,2841529.1403663447,31063822.31459326
mattia zanotti__2003-01-11,Mattia Zanotti,DEF,3750000.0000000023,4658857.818359887,,,,,,4741634.097867666,,,,,,,4461705.829505062,,4620732.581910872,143805.8034219813,4658857.818359887
mattias kait__1998-06-29,Mattias Käit,MID,812499.9999999993,735547.5525867316,,807305.3017292551,,,703926.5282492875,,630414.8566139819,,801054.4089657062,,700334.0301882795,,719471.0359566879,,728293.3877557043,61404.644140592995,719471.0359566879
mattias svanberg__1999-01-05,,,,,,,,,8377791.641629244,,8392252.901167637,,,9168193.74616034,,,,,8646079.429652406,452222.071148422,8392252.901167637
mattie pollock__2001-09-28,,,,,,,,2288375.1521668816,,,,,2652455.2299979017,,,,,,2470415.191082392,257443.49192924032,2470415.191082392
mattijs branderhorst__1993-12-31,,,,,905707.3858004241,,,,,,,,,,,902187.1011183574,877082.9713174524,,894992.4860787446,15609.648948628137,902187.1011183574
mattis hoppe__2003-07-23,,,,,,,,,474016.4244159927,485421.6585157559,,,455633.30603529775,,,,,,471690.46298901545,15029.772396641403,474016.4244159927
matty cash__1997-08-07,,,,,29748114.513035133,,,29755931.742819358,,27267091.228054896,,,,,,,,,28923712.49463646,1434681.4255917966,29748114.513035133
matty james__1991-07-22,,,,,,,,,,844875.7113659827,,,,,789382.5308126968,,758724.9910640334,896853.6928993402,822459.2315355133,61082.33784214815,817129.1210893397
matty kennedy__1994-11-01,,,,,,,,548847.9625354076,583700.4190091189,,,,,521936.05147102475,508676.89654810145,,,379480.1427250088,508528.29445773235,77636.55620872792,521936.05147102475
matus bero__1995-09-06,,,,,,3176363.375813467,,,,,,,,,,3763318.6141332807,,2982639.266894499,3307440.418947082,406510.70616747765,3176363.375813467
matvey safonov__1999-02-25,,,,,17828901.21729927,,,,,,,,19176911.339918584,,18022522.637805663,,,,18342778.39834117,728838.5533080468,18022522.637805663
matviy ponomarenko__2006-01-11,,,,,,1756882.8711760994,,,1776422.9148264348,,,1565853.8840509106,,,,,1683097.345854924,,1695564.2539770922,95355.99913667528,1719990.1085155117
maurice malone__2000-08-17,,,,,,,1909495.499819638,,,,,1955822.648448913,,1772353.8047068783,,1794221.7168092385,,1813264.2398603584,1849031.581929005,79408.94604509819,1813264.2398603584
maurice multhaup__1996-12-15,Maurice Multhaup,MID,437499.9999999996,369299.5992066068,,,372569.5874566327,,,,,,,,,,,,370934.59333161975,2312.230865993644,370934.59333161975
mauricio benitez__2004-02-03,,,,,903444.3554824776,,,,,,,,,,,,,,903444.3554824776,,903444.3554824776
mauro arambarri__1995-09-30,,,,,,,14168191.14974981,,,,,,,,17020167.260151558,,15577261.52035272,,15588539.976751363,1426021.5062402189,15577261.52035272
mauro icardi__1993-02-19,Mauro Icardi,FWD,12499999.999999985,12148240.042335728,,,,,,,,11742898.265167365,11617365.572384557,,,13017894.893555084,,,12131599.693360683,632803.7122092072,11945569.153751547
mauro vigorito__1990-05-22,Mauro Vigorito,GK,104999.99999999997,157965.66014588677,,154919.56333490528,,,,,,,,,,,,,156442.611740396,2153.9157111957256,156442.611740396
mawouna amevor__1991-12-16,,,,,,,,,,,,327081.8166444728,403060.1698550899,323988.62503765523,,316299.75987712335,307382.6031480397,,335562.59491247626,38493.41421357354,323988.62503765523
max aarons__2000-01-04,,,,,,,,,3016013.607729972,,,3151850.8285271763,,,,,,,3083932.218128574,96051.41996323757,3083932.218128574
max albk__2006-02-19,,,,,327627.7300694196,293414.5285770884,292137.59493815666,,,288876.8987872814,,,,284297.1318473449,,316691.72864218947,,301239.3980970802,300612.14442265156,15897.104725722327,293414.5285770884
max anderson__2001-05-17,,,,,,,,,,514727.68625481887,,,,,,,,475901.0336235608,495314.35993918986,27454.589366337088,495314.35993918986
max balard__2000-11-20,,,,,,,,954879.9609673386,,,,,,,,,,,954879.9609673386,,954879.9609673386
max bruns__2002-11-06,,,,,1859763.6043285874,,1929945.0032401076,2094318.6809936045,,,,,,2065245.7125642786,,,,2231439.914437365,2036142.5831127886,145567.82633774358,2065245.7125642786
max christiansen__1996-09-25,Max Christiansen,MID,912500.0000000001,590093.7176559877,676040.6466905461,,,,,,,594508.6290816471,,,,,,,620214.3311427269,48397.375873673205,594508.6290816471
max de ligt__2004-07-20,Max de Ligt,DEF,225000.00000000015,230712.71306816858,,,,,,,,,,,,,,,230712.71306816858,,230712.71306816858
max ejdum__2004-10-15,,,,,1080655.0763196764,,,,1060145.6887433066,,,,1112326.3674855991,,,1218009.041315616,,,1117784.0434660497,70179.71349222987,1096490.7219026377
max geschwill__2001-07-07,,,,,,,,,,,,,,1584383.5633028955,,,,,1584383.5633028955,,1584383.5633028955
max meyer__1995-09-18,,,,,,1622028.717901767,,,,,,1636228.1737782957,,,,,,,1629128.4458400314,10040.531539452651,1629128.4458400314
max moerstedt__2006-01-15,Max Moerstedt,FWD,4949999.999999997,2430842.983068516,,2544907.670854678,,,,2351640.463378076,2261395.932575135,,,,,,,,2397196.762469101,120371.40081635893,2391241.723223296
max reinthaler__1995-03-22,Max Reinthaler,DEF,349999.9999999997,337867.3331344065,,,328011.87070608407,,,,,357670.9221504648,,,,,,315434.27877699985,334746.1011919888,17828.68335054411,332939.6019202453
max sanders__1999-01-04,,,,,334543.3937421877,,,,,,,390319.78742073546,,413898.7333249702,,,347271.9584224662,354774.6779152956,368161.710165131,32896.20507988133,354774.6779152956
max schmitt__2006-01-18,,,,,,,363617.9505425411,368821.88689888763,331777.0820370742,,371908.3902993837,,403897.8038973908,,,,,357235.0972705334,366209.7018243018,23377.585872310683,366219.9187207144
max scholze__2005-04-30,,,,,,,556422.3961258025,,,,,,524278.7388100483,,573679.6838709518,,610276.4772459399,493282.4563168357,551587.9504739156,45003.009384152756,556422.3961258025
max watters__1999-03-23,,,,,,,307541.56908115256,,,,,,,,,,,,307541.56908115256,,307541.56908115256
maxence caqueret__2000-02-15,,,,,,,16552887.84267624,,15655642.263249367,,,,,,,,,,16104265.052962802,634448.433602394,16104265.052962802
maxence lacroix__2000-04-06,,,,,28010411.088395588,,32621495.646050278,,,28402558.078275107,,,,,,,,35200019.74830517,31058621.14025654,3461214.365946125,30512026.862162694
maxence maisonneuve__1999-02-11,,,,,,,,,,811326.1515400443,,,,,,,,638259.0128124062,724792.5821762253,122376.94739486591,724792.5821762253
maxence prevot__1997-04-09,,,,,,,,604878.7494200887,,,,,,,,,586304.0626987257,574435.2385400308,588539.350219615,15344.35470789939,586304.0626987257
maxence rivera__2002-05-30,,,,,,,,,,,,,,,,,1403704.377460023,,1403704.377460023,,1403704.377460023
maxi moralez__1987-02-27,,,,,,,,,,,,502997.1350635901,,,,557979.5087372988,,,530488.3219004445,38878.40927041213,530488.3219004445
maxi oyedele__2004-11-07,Maxi Oyedele,MID,3499999.9999999995,2657112.8997889394,,,,,,,,,,,,,,,2657112.8997889394,,2657112.8997889394
maxim dal__2006-01-26,Maxim Dal,DEF,324999.9999999999,303753.23786020774,,,,,,,,,,,,,,,303753.23786020774,,303753.23786020774
maxim de cuyper__2000-12-22,,,,,,,,,28088874.76806385,,27048408.404887762,,,,27390008.969285827,,,32343390.06450533,28717670.55168569,2455629.417973773,27739441.868674837
maxim dekker__2004-04-21,,,,,,,,,,1749112.2793339093,,1528274.883957852,,,,,,,1638693.5816458806,156155.61980998487,1638693.5816458806
maxime bernauer__1998-07-01,,,,,,,1659028.9222085304,1888604.0023757552,,,2012260.9251861155,,,,,,,,1853297.949923467,179243.13093313223,1888604.0023757552
maxime busi__1999-10-14,Maxime Busi,DEF,1499999.9999999986,1262599.9043808428,1274904.1763418668,,,,,,,,,,,1250897.2002368914,,,1262800.4269865337,12004.744162736677,1262599.9043808428
maxime delanghe__2001-05-23,Maxime Delanghe,GK,1400000.0000000007,873785.1029329898,,925769.3605254998,,,,1012931.0879871144,,,,,,942568.4735701857,,,938763.5062539475,57464.04289575879,934168.9170478428
maxime dupe__1993-03-04,Maxime Dupé,GK,1499999.9999999986,1649342.0697029864,,,1740399.3234428775,,,,,,,,,,,,1694870.696572932,64387.20159570112,1694870.696572932
maxime esteve__2002-05-26,,,,,16209763.643386858,,,,17165929.910797738,,,,,,,,16871504.76132358,,16749066.105169391,489700.82818415377,16871504.76132358
maxime lopez__1997-12-04,,,,,,,,,,6798271.496535047,,,,,,,,,6798271.496535047,,6798271.496535047
maxime sivis__1998-04-01,,,,,,,,,,,,,884247.0247920826,,,,935970.6154655488,,910108.8201288157,36574.101712525226,910108.8201288157
maximilian arnold__1994-05-27,,,,,,12152924.37866295,,,,,,11943886.22817714,,,,11750537.223704811,,11517797.948256522,11841286.444700357,271124.29246672516,11847211.725940976
maximilian bauer__2000-02-09,,,,,,,1967251.8921071552,,2103975.916668768,,,2178370.3905222076,,,2287152.879968972,,,2308122.108178415,2168974.6374891037,139940.4297215718,2178370.3905222076
maximilian beier__2002-10-17,Maximilian Beier,MID,26250000.00000004,26910534.888292447,,,20993588.81745016,23125567.88603189,,,,,19293756.609588653,,25909718.80641103,,21544254.147807676,,22962903.52593031,2954568.6296720393,22334911.016919784
maximilian breunig__2000-08-14,Maximilian Breunig,FWD,1200000.0000000005,1408270.0384561985,,,1397829.9123842143,,1371654.116294232,1345881.0780786325,,,,1267140.0911607372,1478452.6768471352,,,,1378204.6522035247,70373.01246523637,1384742.014339223
maximilian ibrahimovic__2006-09-22,,,,,,,,,,,,,1196616.2702705087,,,,1189289.8733337845,,1192953.0718021467,5180.544955622027,1192953.0718021467
maximilian kilman__1997-05-23,,,,,,9970029.32315894,,11645621.052715752,,,,,,,,10938557.445370328,9920979.397824764,15747011.917523015,11644439.827318558,2403296.458837003,10938557.445370328
maximilian mittelstadt__1997-03-18,,,,,,21976975.209160384,23385851.152010832,,,,,20512565.876475204,,22324856.564170253,,,20819358.555153996,28499224.21198586,22919805.261492755,2925634.457008127,22150915.88666532
maximilian schmid__2003-03-05,,,,,,552809.3306682619,,,480839.76647341484,,,,503866.88377599866,530441.1749278469,,,,,516989.2889613806,31320.994651590096,517154.0293519228
maximilian ullmann__1996-06-17,,,,,,910384.0484446321,,,,,,945263.6051529298,867916.8872823435,,,,1080363.3614513536,,950981.9755828148,91869.91410307551,927823.8267987809
maximilian wittek__1995-08-21,,,,,,,,,,,,2417349.307094657,2203832.599567918,,,,,,2310590.9533312875,150979.11178878174,2310590.9533312875
maximilian wober__1998-02-04,,,,,5937013.150052449,,,,,,,,7012949.829534397,,,,,,6474981.489793424,760802.1221890228,6474981.489793424
maximiliano caufriez__1997-02-16,,,,,,,1205978.6589020335,,,,1188277.5045462118,,,,,,,,1197128.0817241226,12516.606279831292,1197128.0817241226
maximiliano lovera__1999-03-09,,,,,,,,,,,,,,1792859.8373669619,,1993463.1403931812,,,1893161.4888800716,141847.9558982596,1893161.4888800716
maximiliano villa__1997-03-03,Maximiliano Villa,DEF,850000.0000000005,942754.7180697687,,,,,,,,,,,,,,,942754.7180697687,,942754.7180697687
maximo perrone__2003-01-07,,,,,,,10245746.420428062,,,,,,,,,10854997.818960963,,,10550372.119694512,430805.79535000207,10550372.119694512
maxwel cornet__1996-09-27,Maxwel Cornet,MID,9599999.999999998,5194349.717516451,,5258293.019091213,4879776.56641294,,,,4663223.463093128,5555165.912313132,4880196.227367942,,,4424469.075880736,,,4979353.425953648,383660.70466285385,4880196.227367942
maxwell woledzi__2001-07-02,,,,,,,,,,1479653.5524837228,1321653.3022864328,1485757.7637943,,,,,,,1429021.5395214853,93033.69886311576,1479653.5524837228
mayckel lahdo__2002-12-30,,,,,,,1811345.5776603285,,,,,1753041.6845355183,,,,,,,1782193.6310979235,41227.07819812901,1782193.6310979235
mayssam benama__2005-03-09,,,,,,,,752879.0237390767,,746250.4583599088,708985.4419131357,,,,,,,,736038.3080040404,23661.733718089876,746250.4583599088
mbala nzola__1996-08-18,M'Bala Nzola,FWD,5150000.000000002,5800015.495535726,,5810436.813038039,,,,,,5348451.010017841,5570994.591600814,,,,,,5632474.477548105,219233.2791384304,5685505.04356827
mbaye niang__1994-12-19,,,,,1668926.6555822045,1551916.270328354,,1663397.251458807,1607382.639094868,,1668455.0122536283,,,,1688533.4184416118,,,,1641435.2078599122,51690.695376744836,1665926.1318562175
medon berisha__2003-10-21,,,,,3180480.182263544,3383368.6239010408,,3441230.839211653,,,,,,,,,2667110.4386691963,,3168047.521011359,352176.48711209284,3281924.4030822925
mees de wit__1998-04-17,,,,,,,,,,,,,1549923.5853773737,,,1557386.6445774192,,,1553655.1149773966,5277.179768748767,1553655.1149773966
mees hilgers__2001-05-13,,,,,3878488.3065677597,,3630880.5330630513,,,,3563744.312911993,,,,,,,,3691037.7175142677,165771.25962125833,3630880.5330630513
mees hoedemakers__1998-02-18,Mees Hoedemakers,MID,1099999.9999999998,1355776.5010616526,1216341.0788575879,,,,1412245.9552822115,,1295289.1040853604,1297841.0161254853,1264718.2054041158,,,,,,1307035.3101360688,68823.93898047421,1296565.060105423
mehdi boukamir__2004-01-26,Mehdi Boukamir,DEF,762499.9999999997,635275.7769742254,,,601337.8956776513,,,,,,,,,,,,618306.8363259383,23997.706003911673,618306.8363259383
mehdi leris__1998-05-23,Mehdi Léris,MID,1749999.9999999998,1908451.6401269615,1566049.3451710113,,1325276.1972885847,,,1549233.634186583,1453522.5040563212,,,,1640022.246592215,,,,1573759.261236946,196606.93362630194,1557641.4896787973
mehdi loune__2004-05-14,,,,,,,,594287.1699984276,,,,,,,,,,,594287.1699984276,,594287.1699984276
mehdi taremi__1992-07-18,,,,,,7159660.897327085,,6534529.340654468,,,,,,,,,,,6847095.118990777,442034.76285690995,6847095.118990777
melih bostan__2004-04-08,,,,,806802.5575692679,,,,,,684445.3803764393,,800528.1002841573,,,735481.8793085782,,,756814.4793846107,58028.886283767155,768004.9897963677
melih ibrahimoglu__2000-07-17,,,,,,625922.8250964242,,660238.0967876456,,,,,623106.6060273735,,643945.4304680912,,,,638303.2395948836,17293.395780426403,634934.1277822577
melker ellborg__2003-05-22,Melker Ellborg,GK,649999.9999999995,910975.6974667201,,,808809.7698710315,,851044.7408179838,,,,,976544.2633683243,,,927439.9806806567,,894962.8904409433,65798.66229308557,910975.6974667201
melle meulensteen__1999-07-04,,,,,,,3087532.5550527726,3500102.8648666134,,3257350.667829712,3869117.7241038308,,,,,,3609184.308375626,,3464657.624045711,304520.849810709,3500102.8648666134
melvin bard__2000-11-06,,,,,,,,,13470123.72268187,,,11949713.860979939,10420655.381094119,13271581.286597311,,,,,12278018.56283831,1410184.8063676225,12610647.573788624
melvin zinga__2002-03-16,,,,,,,,,,872653.5790409636,,,792912.4139989883,,,,,,832782.996519976,56385.51854089634,832782.996519976
menno koch__1994-07-02,Menno Koch,DEF,562500.0000000003,614795.2739066533,637954.6974088408,,,,,,,632832.5312401588,,,,,,,628527.5008518844,12165.101282825139,632832.5312401588
mergim berisha__1998-05-11,,,,,,,4719202.90395831,,,4661304.74947089,,,,4415187.9213597905,,,4987452.183511356,,4695786.939575086,234905.4791231074,4690253.8267145995
mergim vojvoda__1995-02-01,Mërgim Vojvoda,DEF,3900000.000000001,7278247.995312327,5668601.669629274,,,,,5566792.661710728,,4795571.383860092,,,,,,5735339.850433975,5808910.7121892795,904091.9609482662,5668601.669629274
merih demiral__1998-03-05,,,,,,,,,,,17442373.958596587,,,,,,,,17442373.958596587,,17442373.958596587
merlin rohl__2002-07-05,Merlin Röhl,MID,12750000.000000002,11571636.460195515,,12099417.173124166,19205573.618034355,,,11136706.505734032,,,,,,,,,13503333.439272018,3821818.9474021727,11835526.816659842
mert gunok__1989-03-01,,,,,,,,669739.9590381646,,605775.8236069959,,,,596438.7675432638,,,,,623984.850062808,39899.15603110396,605775.8236069959
mert komur__2005-07-17,Mert Kömür,MID,4999999.999999999,5443645.333770268,,,,,,,,,,5290852.872342982,5697336.364321112,,,,5477278.190144788,205318.2507319193,5443645.333770268
mert muldur__1999-04-03,,,,,,,,4854797.110897748,,,,,,,,,4914194.633199666,4131520.7889999026,4633504.177699105,435743.6268166786,4854797.110897748
meschack elia__1997-08-06,Meschack Elia,MID,2849999.999999999,1804450.6959049979,,,,1964762.4166364188,,,,,,1650959.0324141488,,,,,1806724.0483185218,156914.04362176912,1804450.6959049979
metehan altunbas__2003-01-07,,,,,,313998.50749709376,309410.02831909043,,,,,271479.79778820096,,,,,,265825.2893901624,290178.40574863687,25033.076585634273,290444.9130536457
metehan mimaroglu__1994-07-07,,,,,1097826.5085094122,1160626.8999623924,,,,,1056566.8658323453,949096.8535896653,,,,,,,1066029.2819734537,88924.13071736596,1077196.6871708788
mexx meerdink__2003-07-24,,,,,6877810.018211279,,,,,,,,,,,,,,6877810.018211279,,6877810.018211279
micah hamilton__2003-11-13,,,,,,,,1072239.2540526525,,,,,,,,,1011880.5644670133,,1042059.9092598329,42680.0387095393,1042059.9092598329
michael brouwer__1993-01-21,,,,,,494842.3336794406,,,,472878.7860170279,,,,,,,,,483860.5598482343,15530.573491005958,483860.5598482343
michael cuisance__1999-08-16,,,,,,,,,2266373.377097667,,,,,2279288.083004297,2273401.075277486,,,,2273020.845126483,6465.743452185884,2273401.075277486
michael duffy__1994-07-28,,,,,,,,,1198599.0245212538,,,,,,1112879.4377950453,,1056865.462437578,1031538.7796892914,1099970.676110792,74016.14943612578,1084872.4501163117
michael folorunsho__1998-02-07,,,,,,8565026.205519758,,,9090090.604797576,,,,,,10714057.681192212,,,,9456391.497169849,1120364.3731716364,9090090.604797576
michael frey__1994-07-19,,,,,2049891.9269554801,,,,,,,,,,2094710.8201264031,,,,2072301.3735409416,31691.743286435096,2072301.3735409416
michael golding__2006-05-23,,,,,,,,,717377.0577821779,,616743.0499703798,,,597867.1438763454,,,,,643995.7505429677,64247.07889717032,616743.0499703798
michael gregoritsch__1994-04-18,,,,,,,,,4756227.346028079,,,,,,4417644.674181668,,,,4586936.010104874,239414.10325485692,4586936.010104874
michael kayode__2004-07-10,,,,,,,24988363.076531008,26864302.532390468,,,,,,25193912.511625793,,,,,25682192.706849087,1028883.0702747748,25193912.511625793
michael keane__1993-01-11,,,,,,,4203056.273987045,5076637.442172968,,,,,,4920862.531297605,,,,,4733518.749152538,465949.8727154928,4920862.531297605
michael lansing__1994-06-13,,,,,,,417784.673165353,,,503257.7747240991,,423904.64249792066,,,,,,,448315.6967957909,47679.52864142123,423904.64249792066
michael obafemi__2000-07-06,,,,,,,,,,,,,,1652135.7640679362,,,1376311.567323259,,1514223.6656955977,195037.15993349365,1514223.6656955977
michael olise__2001-12-12,Michael Olise,MID,109250000.0000001,112227906.078104,,,,,,,116193665.80655113,115819452.78177592,95148811.87768805,,,,,,109847459.13602978,9960853.478810426,114023679.42993996
michael opoku__2005-07-20,Michael Opoku,MID,312500.00000000023,426050.1368955552,,,,,,,409776.41390858096,,,,,385593.43483643525,,,407139.9952135238,20356.797710515155,409776.41390858096
michael rose__1995-10-11,,,,,,736089.6507276652,,641688.053861427,617833.4926070627,,580641.444188117,,,,,779297.7839396221,,,671110.0850647788,83389.96994195122,641688.053861427
michael santos__1993-03-13,,,,,1428213.521882485,,,,,1525566.7005934434,1661736.204078679,,,,,,,,1538505.4755182024,117297.78215056474,1525566.7005934434
michael steinwender__2000-05-04,,,,,,,,,,,,,,1547054.9645087165,,,,,1547054.9645087165,,1547054.9645087165
michael svoboda__1998-10-15,,,,,,1054716.4525207786,,,,,,,,,,1115138.5217644467,,,1084927.4871426127,42724.85489552085,1084927.4871426127
michael verrips__1996-12-03,,,,,,656542.498197024,,,730046.5706914051,,735931.4040963344,,,,682442.636679895,,,,701240.7774161648,38229.6550074749,706244.60368565
michael woud__1999-01-16,,,,,,,,,,275880.7947444003,,,279085.6726858275,257932.095897765,,,,,270966.1877759976,11401.029513711403,275880.7947444003
michael zetterer__1995-07-12,,,,,4967708.837727332,,3836630.9376046364,,,4799128.1695861425,,,,,,,4313383.500449243,,4479212.861341839,510354.46147480485,4556255.835017692
michal sadilek__1999-05-31,,,,,,,,,,,,,,6949613.362794643,,,,6846332.0414918205,6897972.702143231,73030.92266313263,6897972.702143231
michalis kosidis__2002-02-09,Michalis Kosidis,FWD,899999.9999999995,1214795.257139659,,,,,,,,,,,,,,,1214795.257139659,,1214795.257139659
michel aebischer__1997-01-06,Michel Aebischer,MID,4349999.999999996,4919163.861594053,,,,,,5090587.32503417,,,,,,4326253.119464427,5742700.8402855,4561254.5705408715,4927991.943383804,544713.6157432875,4919163.861594053
michel stocker__1999-04-14,,,,,,460766.3757376137,,476677.0186197906,512033.4297046128,,469684.21770285757,,493287.0556635869,,,,,515291.1676775899,487956.54418434185,22608.420036229836,484982.03714168875
michele castagnetti__1989-12-27,,,,,,631636.7485842052,,,,,,,,,,559778.3917671425,,,595707.5701756738,50811.53139026762,595707.5701756738
michele cerofolini__1999-01-04,,,,,,,,,,,,851015.77236057,,,,837274.5556544559,,786934.7128235815,825075.0136128692,33737.47422917279,837274.5556544559
michele collocolo__1999-11-08,,,,,,,,2789247.5617755023,2741494.864588705,,,,,,,,2825759.5610885103,,2785500.6624842393,42257.12022577061,2789247.5617755023
michele di gregorio__1997-07-27,,,,,,18797372.776336458,,,,,,,,,,,,,18797372.776336458,,18797372.776336458
michele rigione__1991-03-07,,,,,,,,350363.1427709907,,387721.2108593965,,389900.85400540615,,,,,,,375995.06921193114,22224.636124497578,387721.2108593965
michy batshuayi__1993-10-02,,,,,3642767.645304803,,,,,,,,,,,,,,3642767.645304803,,3642767.645304803
mickael biron__1997-08-26,,,,,,,,,,,1046850.5854842941,,,,,,,,1046850.5854842941,,1046850.5854842941
mickael nade__1999-03-04,Mickaël Nadé,DEF,1400000.0000000007,1621969.9707889257,1600937.619767309,,,1914765.534468491,,,,,,,,,,,1712557.7083415752,175432.59006696535,1621969.9707889257
mickel miller__1995-12-02,Mickel Miller,DEF,499999.99999999977,818215.40161502,,,669022.7115684389,,,,,,,,,,,615583.4757567949,700940.5296467511,105018.97294019538,669022.7115684389
micky van de ven__2001-04-19,,,,,,,45884387.41242737,,,,,,,43626408.19424128,,,,46493338.42034028,45334711.342336304,1510440.3552782487,45884387.41242737
miguel almiron__1994-02-10,,,,,,,,,,,,,,,,,,4442014.105857614,4442014.105857614,,4442014.105857614
miguel borja__1993-01-26,,,,,,,,1763009.463621022,,1985998.296808407,,,,,,,,,1874503.8802147144,157676.9160756758,1874503.8802147144
miguel chaiwa__2004-06-07,,,,,,,,401678.9893805365,401069.7178746503,,,389608.5071999559,,,,,,502566.3161165913,423730.88264293346,52849.39754296313,401374.3536275934
miguel de la fuente__1999-09-03,Miguel de la Fuente,FWD,2050000.000000001,1670421.2041156422,,,1535797.171366816,,,,,1760869.9470855216,,1619561.9340989564,,,,,1646662.564166734,94222.0405144697,1644991.5691072992
miguel freckleton__2003-08-06,,,,,298123.0069844147,,,340914.6740038446,,,,,,,353024.36685450666,358001.5410611892,,,337515.8972259888,27224.533780714166,346969.52042917564
miguel trauco__1992-08-25,,,,,,1316820.4580053773,742740.331631308,,,,,,,1324002.5141338508,,,1182489.4735293854,,1141513.1943249805,273699.25101697317,1249654.9657673812
miha zajc__1994-07-01,,,,,,,1557319.3681061817,,,,,,,2065048.0532467517,,,,,1811183.7106764666,359018.3962658265,1811183.7106764666
mihai popa__2000-10-12,,,,,,,,,,,,,,,,,,510745.71303183434,510745.71303183434,,510745.71303183434
mihai popescu__1993-05-07,,,,,,1044097.4836031096,,998875.1339749662,,,,,,795214.5238635597,,,,,946062.3804805451,132580.43638081173,998875.1339749662
mihailo ivanovic__2004-11-29,,,,,1928353.378578317,,2025560.6473046828,,,,,2358923.560294151,,,,,,,2104279.1953923833,225821.00811367907,2025560.6473046828
mihailo ristic__1995-10-31,,,,,,2882133.9759662836,2633821.9769359883,,,,,,,,2811316.0391985904,,,,2775757.3307002876,127918.05395703847,2811316.0391985904
mihajlo cvetkovic__2007-01-10,,,,,,,5054532.999018768,,4577182.381500705,,,3987932.6076738685,2625382.70403197,,,,,,4061257.6730563277,1051964.459132413,4282557.494587287
mijat gacinovic__1995-02-08,,,,,,,,1704541.3306554526,,2129203.5633488484,,1839125.8617050336,,,,,1647418.41137605,,1830072.2917713462,215005.38519322153,1771833.596180243
mika biereth__2003-02-08,,,,,21392794.391430773,21142823.935893457,,,,,,,20313462.471219927,,,20957060.38991143,,,20951535.297113895,461327.2119433322,21049942.162902445
mika godts__2005-06-07,Mika Godts,MID,13750000.000000024,11241718.214833641,,,,11305163.73425641,,,,,,,,,,10847473.083146214,11131451.677412087,247970.1897096152,11241718.214833641
mika schroers__2002-02-04,Mika Schroers,MID,600000.0000000003,881062.5770012774,,,,,,,,892849.8633101363,,,,1010376.5880075814,,,928096.3427729984,71500.09857705863,892849.8633101363
mikael anderson__1998-07-01,Mikael Anderson,MID,1800000.000000001,2529129.581173483,,,,,2483815.705628226,,,,,2170878.049679844,,,2419398.04679361,2333492.169280774,2387342.7105111876,141593.54703064222,2419398.04679361
mikael egill ellertsson__2002-03-11,,,,,,,1761105.4459259016,2563629.757606052,,,,2659195.422911932,,,2578909.792831874,,,,2390710.1048189397,421824.10292265005,2571269.7752189627
mikael ishak__1993-03-31,,,,,,2006614.4954929885,2127399.221960072,2145211.8240690283,2065310.5356420474,,2185547.7478963262,,,,,2479354.6708636233,2810758.5195029248,,2260028.1450610016,285733.5716565501,2145211.8240690283
mikael mandron__1994-10-11,Mikaël Mandron,MID,387499.99999999977,386040.44026210037,404948.6705233591,,,,,,,,,,382076.79342311766,,,,391021.96806952567,12222.618581721797,386040.44026210037
mikael uhre__1994-09-30,,,,,,,1582735.457907865,2107693.57368052,,,,,1902861.241620909,,,,1922598.8129885169,1741464.118343908,1851470.6409083437,198538.68361887356,1902861.241620909
mikayil faye__2004-07-14,,,,,,,3056216.994139937,,3596857.575159827,,2858977.4035573783,,,,,,,,3170683.9909523805,382025.9244219686,3056216.994139937
mike eerdhuijzen__2000-07-13,Mike Eerdhuijzen,DEF,2550000.0,3477955.7597432784,,,,,,3633133.9273542934,,3495003.837559771,,,,,,,3535364.508219114,85098.78805148788,3495003.837559771
mike maignan__1995-07-03,,,,,,,,,,,44483257.729336,,,38575779.767316364,,,39208954.1151747,,40755997.20394236,3243390.3105877866,39208954.1151747
mike penders__2005-07-31,,,,,,,13707380.634882864,,,,,,,,,12185215.574079169,,12751006.752740374,12881200.987234136,769389.0576973663,12751006.752740374
mike te wierik__1992-06-08,,,,,,347278.7315069285,,300366.9001528149,,,,323536.18936209177,,371014.53753444715,280772.84170683165,,,,324593.8400526228,35978.565121842345,323536.18936209177
mike tresor__1999-05-28,Mike Trésor,MID,3799999.9999999995,4808075.568953921,,4399999.085723039,4323535.441278008,,,,,,,4796733.559199592,,,,,4582085.913788639,256351.9037785439,4598366.322461315
mike van der hoorn__1992-10-15,,,,,,,,1776819.8999871342,,,,2096221.9369930895,,2086294.8426988223,,,2110519.343206519,,2017464.0057213912,160737.23621314645,2091258.389845956
mike van duinen__1991-11-06,,,,,,,,,,,,232617.53358913853,,,,,,,232617.53358913853,,232617.53358913853
mike vestergard__1997-11-19,Mike Vestergård,MID,399999.9999999999,425797.318584092,446062.90392338095,,412952.6842574223,,,449413.43581501173,,,,,,,,426231.16904376145,432091.5023247337,15293.005383270594,426231.16904376145
mikel gogorza__2006-09-27,,,,,,,2509416.589581201,,2526500.182298356,,,,,,,,2591823.596701179,1774558.645966453,2350574.7536367974,385649.25596174324,2517958.3859397788
mikel villanueva__1993-04-14,,,,,,1009564.5196777078,,,,,,1162403.48553512,,,,,,,1085984.0026064138,108073.46918731529,1085984.0026064138
mikesteven bahre__1995-08-10,Mike-Steven Bähre,MID,537500.0000000003,685768.2479611193,713502.5939449323,,636727.6895223196,,,,,848119.6312206483,,,,675042.0023675872,,,711832.0330033214,81010.16889305293,685768.2479611193
mikey johnston__1999-04-19,,,,,,,,3220799.888529571,,,3111717.437029096,,,,,,,,3166258.662779333,77132.94116443851,3166258.662779333
mikey moore__2007-08-11,Mikey Moore,MID,11500000.000000019,7880458.682117138,,10397005.510124182,,6682229.240495682,,,,,,7658916.040211352,,,,,8154652.3682370875,1582941.7934625386,7769687.361164245
mikkel damsgaard__2000-07-03,,,,,,31809141.510767777,,,31937762.982401256,,,,,30327180.34475895,,,,,31358028.27930933,895053.8915989219,31809141.510767777
mikkel desler__1995-02-19,,,,,,,,2364748.0832330775,,,,,,,,2241630.615950713,,,2303189.349591895,87057.19599787291,2303189.349591895
mikkel duelund__1997-06-29,Mikkel Duelund,MID,649999.9999999995,784788.0674630253,,752986.2493952925,,,719742.624180671,795190.3130610489,,777198.8701827399,,,,,,,765981.2248565556,30164.47127387288,777198.8701827399
mikkel fischer__2004-03-23,,,,,,,,,,,,,,,,668941.1614811686,,619914.7051835296,644427.9333323492,34666.93970560641,644427.9333323492
mikkel kaufmann__2001-01-03,,,,,,,,,,,,,,1896532.2401895036,,,,1444236.6306905625,1670384.4354400332,319821.2925776039,1670384.4354400332
mikkel kirkeskov__1991-09-05,,,,,,,,,,,416168.0471589752,,,,382138.0664129598,357241.59453582903,402451.7555558138,,389499.8659158944,25649.79207459462,392294.9109843868
mikkel maigaard__1995-09-20,,,,,,,,,,979486.8163636456,,,946822.8175189537,,,1005711.3608608866,,,977340.3315811619,29502.892772146155,979486.8163636456
mikkel rygaard__1990-12-25,,,,,,618775.9426406217,,730295.1937652873,570091.3572894642,,,,,656135.0664182712,,,,,643824.390028411,67559.20239685755,637455.5045294464
mikki van sas__2004-02-29,,,,,,,,,,622618.2345769576,549256.674950726,,,,,,,,585937.4547638418,51874.45629012965,585937.4547638418
milan aleksic__2005-08-30,,,,,747249.2092774892,,,,,,,,,,,,,646825.7351421377,697037.4722098135,71010.1195514189,697037.4722098135
milan borjan__1987-10-23,,,,,1108776.248652019,,,,,,,,,1165424.8687734413,,1055442.2423432737,,902388.3276912608,1058007.9218649988,113048.46201237758,1082109.2454976463
milan iloski__1999-07-29,,,,,,1409244.4118222045,,,,,1268575.6549984445,1353065.060991606,,,,,,,1343628.3759374183,70807.57766789144,1353065.060991606
milan skriniar__1995-02-11,Milan Škriniar,DEF,16500000.000000013,18446346.218942013,,,15425427.918867156,,,,,,,,,,,,16935887.068904586,2136111.815393469,16935887.068904586
milan smit__2003-02-13,,,,,,,,,,,,,,,,,,1680346.1781309086,1680346.1781309086,,1680346.1781309086
milan van ewijk__2000-09-08,,,,,,,,,,5586827.556100366,4904722.26812381,,,,5978061.506316665,,,,5489870.443513613,543198.6665318449,5586827.556100366
milan zonneveld__2003-10-08,,,,,,934464.0490154214,,918993.734031987,,,908175.5434708049,,893859.8201641244,,,,,,913873.2866705845,17158.103957977448,913584.638751396
mile svilar__1999-08-27,,,,,,34238600.14245096,38133587.92748972,,,39935620.20851102,,,,,,,,,37435936.09281724,2911880.486917201,38133587.92748972
milos kerkez__2003-11-07,,,,,,36492577.032096356,,41539650.086191826,,,44060193.60703199,,,43285379.764459655,,,,50116836.09333231,43098927.31662243,4906247.307204381,43285379.764459655
milos pantovic__2002-08-24,,,,,,,,,,4375255.589132086,3459286.6037899884,,,,,,,,3917271.096461037,647687.8808919588,3917271.096461037
milot rashica__1996-06-28,,,,,,,,,,8162285.920154931,,,,,,,,,8162285.920154931,,8162285.920154931
milutin osmajic__1999-07-25,,,,,,,,,,,2057589.3631606712,,,,,,,,2057589.3631606712,,2057589.3631606712
mimeirhel benita__2003-11-17,,,,,,747945.5907511461,,719452.0420176546,,,,922710.1048507936,,,1069496.0852876806,,917833.7690603579,835928.5401033914,868894.3553451708,129290.84175580363,876881.1545818746
mingyang yang__1995-07-11,,,,,,,654380.245173652,,671972.2433907537,710929.2234259038,,,,,,,,,679093.9039967699,28939.337806589057,671972.2433907537
mipo odubeko__2002-10-21,,,,,425317.00953568314,,355639.4362359338,,,,,,,354866.888700518,,425119.9953594571,,,390235.832457898,40395.81917544305,390379.71579769545
mirko antonucci__1999-03-11,,,,,,,,,1234136.1903184988,,,,,1198744.7419541592,,,,1045181.780501611,1159354.2375914229,100447.2554267918,1198744.7419541592
mirko maric__1995-05-16,,,,,1580128.9782738485,,1636351.8353558637,,1713805.56206962,1487767.9833737328,,,1606058.1569559549,,,,,,1604822.503205804,82438.5582297733,1606058.1569559549
mirko pigliacelli__1993-06-30,Mirko Pigliacelli,GK,1150000.0000000005,973841.0781644128,,,760139.9010399937,,,947766.9390949557,,1063959.8844032385,,1015999.0819774179,,946796.873597263,,,951417.2930462137,103885.68960399782,960804.0086296842
mirko topic__2001-02-05,,,,,,,,,,,,2151898.9769016476,2264638.1249186154,2279911.3352123536,,,,,2232149.479010872,69917.27293563574,2264638.1249186154
mirnes pepic__1995-12-19,,,,,470764.1238561857,,480954.89532344206,,504450.1633199377,,,538066.8517575692,,534432.5392093529,,,507005.280305859,,505945.6422953911,27235.680116652828,505727.72181289835
miro muheim__1998-03-24,Miro Muheim,DEF,4000000.0000000005,4788976.419819444,,,,,,,,,,,,,,,4788976.419819444,,4788976.419819444
miroslav stevanovic__1990-07-29,,,,,1877658.6564306845,,,,,,1587716.4165049708,,,,1772212.2982580329,,,,1745862.4570645627,146756.12839495277,1772212.2982580329
mirza catovic__2007-05-01,,,,,,,,768181.7828581742,,785291.425790343,,,,,,,,,776736.6043242586,12098.344541017035,776736.6043242586
mitch pinnock__1994-12-12,,,,,521990.0969133704,,,,503379.67549656465,,,,447746.41259353835,,,,,,491038.72833449114,38629.72169183383,503379.67549656465
mitchel bakker__2000-06-20,,,,,,9091061.9004118,,,7983939.551179167,,,,9805215.140812956,,,,,,8960072.197467973,917676.3700003177,9091061.9004118
mitchell van bergen__1999-08-27,Mitchell van Bergen,MID,1299999.9999999993,1425482.107837552,,,,1474090.6690251378,1558825.572889893,,,,,,,,,,1486132.7832508609,67482.43700630743,1474090.6690251378
mithat pala__2000-08-15,,,,,,,,,,,,,,,,756927.3788225595,,,756927.3788225595,,756927.3788225595
mj williams__1995-11-06,,,,,,,,324662.53588404594,,,,265343.766548515,261237.7670857676,,,,,,283748.02317277616,35492.43328792084,265343.766548515
modibo sagnan__1999-04-14,Modibo Sagnan,DEF,2849999.999999999,2557328.153668517,,2673817.684924179,,,,,,,,,,,2633829.792176846,,2621658.543589847,59190.85395705891,2633829.792176846
mohamad sylla__1993-12-01,,,,,501812.35651154513,,,,,435658.6222455603,,470221.8937878794,,,,,461721.022284386,,467353.4737073427,27275.93906778526,465971.4580361327
mohamed abdelmonem__1999-02-01,,,,,,5157218.587062038,,,,,,4910571.291603156,,,,5412308.899129751,,,5160032.925931648,250880.64309364834,5157218.587062038
mohamed achi__2002-01-16,,,,,546841.8158259883,461394.3087760913,,,,489056.79009592254,500072.2922769785,,,,,420633.6611311071,,,483599.7736212175,46793.40977371969,489056.79009592254
mohamed amoura__2000-05-09,,,,,,,,,,33490064.57274097,,,,,,,,,33490064.57274097,,33490064.57274097
mohamed badamosi__1998-12-27,,,,,529087.9816703157,544739.9567829646,,579505.5308628958,,,,,,,,,,,551111.1564387254,25805.550864818433,544739.9567829646
mohamed bamba__2001-12-10,,,,,,,2355866.284343494,,,2081944.0902565387,,,,,,,,,2218905.187300016,193692.24095638376,2218905.187300016
mohamed bayo__1998-06-04,,,,,4932657.404424148,,4571872.231621473,4955932.327244942,,,,5271953.141220736,,,,5682500.068696373,,,5082983.034641534,416864.5780156029,4955932.327244942
mohamed bechikh__2005-07-13,,,,,,457750.7896279355,,459292.6902141612,,,,482936.61953440664,,,476533.8982273755,,,,469128.4994009697,12539.265468070873,467913.2942207684
mohamed berte__2002-03-25,Mohamed Berte,MID,2150000.0,2060195.5858990145,,2255467.6042718436,1987372.6604418056,,,,,2099759.6051534037,,,,,,1979637.2279614285,2076486.5367454991,111984.73655736941,2060195.5858990145
mohamed bouldini__1995-11-27,,,,,,,694955.4954549766,,761574.3759173733,676647.5752759824,,826436.3808984697,,,,,713282.494170555,,734579.2643434714,60303.69389520234,713282.494170555
mohamed daramy__2002-01-07,Mohamed Daramy,MID,6849999.999999996,5239741.5292239515,,,,,,,,,,,,,,,5239741.5292239515,,5239741.5292239515
mohamed hamdaoui__1993-06-10,,,,,458797.62912840786,515486.61295262596,480953.6547503667,,497059.57197214605,,,,,,,,,548566.8743882529,500172.8686383598,34159.448914442306,497059.57197214605
mohamed hassan fofana__2005-05-06,Mohamed Hassan Fofana,MID,150000.00000000006,218734.81433853123,,,,249829.75594777052,,,208767.31572358115,,,,,,,,225777.29533662763,21417.94582231669,218734.81433853123
mohamed ihattaren__2002-02-12,,,,,,3684159.4663575743,,,,,,4043147.17545449,,,,4178290.3193529462,,,3968532.320388337,255375.91393451876,4043147.17545449
mohamed jaouab__2002-05-14,Mohamed Jaouab,DEF,1050000.0000000007,1086712.3113319457,1126802.291237645,,,,,,973216.1209582072,,,,,,,1219375.5028787868,1101526.5566016461,101997.1677024118,1106757.3012847954
mohamed kaba__2001-10-27,,,,,,,,,,1815217.1552876418,,,1837670.8024901291,,,,,,1826443.9788888856,15877.126199249149,1826443.9788888856
mohamed kone__2002-03-07,,,,,1240054.5509470694,,,1161115.8441055934,,,,,1103834.8552130915,,,1118513.5993191672,,,1155879.7123962305,61149.30930664388,1139814.7217123802
mohamed nassoh__2003-01-26,,,,,,,,,,,,,,,,,1894213.7945861933,,1894213.7945861933,,1894213.7945861933
mohamed ofkir__1996-08-04,,,,,,,,,,251819.52271618551,,,226243.53103266074,,,257177.19137189767,,,245080.08170691467,16531.42112263496,251819.52271618551
mohamed salah__1992-06-15,,,,,,70006338.68676893,,,,,,70316256.38153341,,66851510.273342445,79073932.18493274,75722693.91861337,,,72394146.28903817,4910163.809716407,70316256.38153341
mohamed sankoh__2003-10-16,,,,,,,,729922.8759702372,,797030.0755514842,,,579787.8133603017,,,,,544835.9278882444,662894.1731925668,120180.00891246958,654855.3446652694
mohamed simakan__2000-05-03,,,,,,,,,,,31858895.407688726,,,,34912523.041808315,,,,33385709.224748522,2159240.8073045947,33385709.224748522
mohamed toure__2004-03-26,,,,,,1493532.1075399246,,1706660.5196052995,1514149.7649354879,,,,1546701.6384783261,,,1465199.6335884475,,,1545248.7328294972,95007.22244874276,1514149.7649354879
mohamedali cho__2004-01-19,,,,,,,10015040.92492512,7937880.939144488,9104493.585481223,7856300.648276337,,8252158.252130518,,,,8834858.698764786,,7710953.617191281,8530240.952273393,834749.1300844636,8252158.252130518
mohammed el adfaoui__2008-02-28,Mohammed El Âdfaoui,MID,1299999.9999999993,451267.0066988673,,,,506057.8960602602,,,,,,,,542106.7478445261,529564.1207626933,,507248.9428415868,40201.28315529415,517811.00841147674
mohammed fuseini__2002-05-16,Mohammed Fuseini,MID,3750000.0000000023,3493077.276546119,,,,3190701.5324122976,,,,,,,,3920752.0253542867,,,3534843.611437568,366812.9640687592,3493077.276546119
mohammed kamara__1997-10-31,,,,,,,,,,,1123537.7873588605,,1164135.5464715555,,,,,629057.7062809699,972243.6800371287,297900.15768452565,1123537.7873588605
mohammed kudus__2000-08-02,,,,,,,,,,36345636.863065,,,,,,,38669942.79200692,,37507789.82753596,1643532.4839069296,37507789.82753596
mohammed salisu__1999-04-17,Mohammed Salisu,DEF,11500000.000000019,14069095.226524638,,,,,,,,,,,,,,,14069095.226524638,,14069095.226524638
moise adilehou__1995-11-01,,,,,423295.24168759724,,428626.8839033025,404286.30540842516,398907.76645800634,,,,,,393014.6311399746,,,,409626.16571946116,15550.01769516071,404286.30540842516
moise bombito__2000-03-30,Moïse Bombito,DEF,11749999.999999994,13358121.499291424,11232132.395738637,,13591332.714890664,,,12806822.253581582,,,,11286658.72656166,,,,,12455013.518012794,1128171.7386313756,12806822.253581582
moise kean__2000-02-28,,,,,,,47791420.95780495,,45993851.34352212,,,,,,,,,,46892636.15066353,1271073.6639142768,46892636.15066353
moises caicedo__2001-11-02,,,,,,,,,104630893.44164166,,,,,,,107092293.9712353,,,105861593.70643848,1740473.0056918268,105861593.70643848
moncef zekri__2008-09-20,,,,,,,,,927176.2571908381,,,,,,696798.9965985122,,,,811987.6268946752,162901.32319601404,811987.6268946752
montassar talbi__1998-05-26,,,,,,3314906.4540708107,,,,,,,4060934.872977737,,,,3657000.750295681,,3677614.0257814093,373441.1343155437,3657000.750295681
mor ndiaye__2000-11-22,Mor Ndiaye,MID,587500.0000000002,606587.6756312526,,,,,604494.7559131355,,,645529.8768825273,,,644989.9850563986,,,,625400.5733708285,22948.58190961524,625788.8303438255
morgan gibbswhite__2000-01-27,,,,,,,,39957572.325769484,,44474535.037362196,,,,32223206.995107237,,,,32738461.47101553,37348443.95731361,5919141.755552366,36348016.898392506
morgan guilavogui__1998-03-10,,,,,,,,,4515598.31920632,4439253.918619312,,,3092103.5277727223,4482269.047121468,4251918.360853514,,,,4156228.6347146677,603545.9797927713,4439253.918619312
morgan poaty__1997-07-15,,,,,,1153213.4607722585,,,,,,,,,,,,892621.5768409789,1022917.5188066186,184266.28824998546,1022917.5188066186
morgan rogers__2002-07-26,,,,,,,,,,,,,,49399933.63753503,,,,,49399933.63753503,,49399933.63753503
moritz broschinski__2000-09-23,,,,,,,,,,,1768010.910036555,,1724893.75514842,,1927393.4422312484,,2019744.1421283742,,1860010.5623861495,137569.0815845487,1847702.1761339018
moritz jenz__1999-04-30,Moritz Jenz,DEF,6749999.999999997,9123939.293543547,,,9392469.430518191,,,,,9012117.406320455,9353845.951272922,,,8618723.773669835,8028985.876435997,,8921680.288626825,518880.1628375083,9068028.349932
moritz nicolas__1997-10-21,,,,,5338096.056812519,,,,,,5163057.006308846,,,,4919814.831109864,,,4635649.519284847,5014154.35337902,305109.8611798529,5041435.9187093545
moritzbroni kwarteng__1998-04-28,Moritz-Broni Kwarteng,MID,1249999.999999999,1211418.7267026603,1143068.24125983,,,,,,,,,1233174.5366310102,,,,,1195887.1681978337,47018.16775004354,1211418.7267026603
morlaye sylla__1998-07-27,Morlaye Sylla,MID,3149999.9999999995,3314019.415477307,,,,,,3506018.1890326957,,,,,3075035.985363067,3030070.4353046683,,,3231286.0062944344,221528.30088346152,3194527.700420187
mortadha ben ouanes__1994-07-02,,,,,,,,,,,,,,,,,1349618.780837316,,1349618.780837316,,1349618.780837316
morten frendrup__2001-04-07,,,,,,,,,12195179.065011183,10238710.009937033,,11009516.02759612,,10762796.199872874,,9772405.777138961,,,10795721.415911233,916884.7419935453,10762796.199872874
morten hjulmand__1999-06-25,,,,,,,34857809.46849869,,,,34098795.1109312,,,,,,,,34478302.28971495,536704.1992539224,34478302.28971495
mory diaw__1993-06-22,,,,,,,,,,,1059885.799565992,,,,,,,,1059885.799565992,,1059885.799565992
mory gbane__2000-12-25,,,,,,,,1851909.50083456,,1879432.8735504046,,,,,1736837.8942971413,1594384.505091178,,,1765641.1934433212,129806.58774858012,1794373.6975658508
mory konate__1993-11-15,Mory Konaté,DEF,1050000.0000000007,1394752.2362836914,,,,,,,,,,1176775.3553826767,1287916.0721188458,1167189.4390981619,,,1256658.2757208438,107133.78780441202,1232345.7137507612
moses odubajo__1993-07-28,,,,,931409.9990115823,,,964894.1415617224,,,,1052684.4828623196,1078134.3977599873,,,,1132107.422180511,,1031846.0886752245,82460.82790588199,1052684.4828623196
moses opondo__1997-10-28,Moses Opondo,MID,462500.00000000006,505405.71463581757,,,,482043.77271319967,,,,,,520326.18287443736,,,,,502591.8900744849,19295.69740731799,505405.71463581757
moses simon__1995-07-12,,,,,,,,,,,7135135.572391125,,,6883879.612872284,8569259.230224365,,,,7529424.805162591,909243.7038308793,7135135.572391125
mostafa mohamed__1997-11-28,,,,,,,2235107.114761787,,,2691319.741543495,,,,,,2445613.4292576555,,,2457346.761854313,228332.52840787786,2445613.4292576555
mouctar diakhaby__1996-12-19,Mouctar Diakhaby,DEF,4500000.000000002,6296498.337963966,6122813.025102594,,,,,,,,,,,,,6614411.729017197,6344574.364027918,249300.6210064585,6296498.337963966
mouez hassen__1995-03-05,,,,,645158.1721451525,,526016.9845667005,,,,,,,,,,,,585587.5783559266,84245.54165534183,585587.5783559266
mouhamadou drammeh__1999-05-15,,,,,,,401324.7321600419,,,,,,,,,,416267.929657003,,408796.3309085225,10566.43628271104,408796.3309085225
mouhamed belkheir__1999-01-02,,,,,,,,,,,,,,1851502.6710182943,1671438.3320662682,,,,1761470.5015422814,127324.71512285064,1761470.5015422814
mounaim el idrissy__1999-02-10,Mounaïm El Idrissy,MID,825000.0000000006,886412.1361582994,,,,,,,,,,,,,,,886412.1361582994,,886412.1361582994
moussa cisse__2003-04-29,,,,,,,,,,,921412.9463172986,,,1001807.9788127645,,,,,961610.4625650316,56847.87265125682,961610.4625650316
moussa diaby__1999-07-07,,,,,,43195617.66966817,50434944.16212157,,,,,50550622.91252502,54162012.37764751,,,43301211.18165822,,,48328881.6607241,4874036.239565826,50434944.16212157
moussa diakite__2003-11-04,,,,,1950866.753918612,,,,,,,,,,,2045305.4505378297,,1976794.184004345,1990988.7961535957,48793.25891283448,1976794.184004345
moussa diarra__2000-11-10,,,,,,2775616.0737563274,,,,,2546559.281244833,,,,3196342.9374488993,,,,2839506.097483353,329569.6456234417,2775616.0737563274
moussa djitte__1999-10-04,Moussa Djitté,FWD,1249999.999999999,890285.1256783168,835474.5238514079,826303.1399248835,,,,,826186.183510228,,,,,908215.1354374654,,909789.426137917,866042.2557567031,40944.287745208894,862879.8247648624
moussa kyabou__1998-04-18,,,,,,586389.2064521087,,,,,620551.818133431,,,,,,,,603470.5122927699,24156.614382905784,603470.5122927699
moussa mane__2003-11-19,,,,,,,,,,565785.9626632077,,,510929.7457881198,,,,579466.156838978,622587.5883954369,569692.3634214356,46049.74506198764,572626.0597510928
moussa ndiaye__2002-06-18,Moussa N'Diaye,DEF,4150000.000000003,4691867.3211116195,,,,5021528.773052053,5652028.139681396,5315557.920887687,5046791.5253966125,,,,,,4944085.652833171,5558069.527933274,5175704.122985116,346597.89850231324,5046791.5253966125
moussa niakhate__1996-03-08,,,,,,12251495.64061607,,,11898572.62584886,,,12211051.318165172,,,,,,,12120373.1948767,193146.4602845044,12211051.318165172
moussa sissoko__1989-08-16,,,,,,,,658056.9325863267,,,,,,,,,,,658056.9325863267,,658056.9325863267
moussa soumano__2005-07-09,,,,,,,,,,,,,,,1302410.712878611,,,1295703.006351364,1299056.8596149874,4743.064771625523,1299056.8596149874
moussa sylla__1999-11-25,,,,,,,,,,2514383.393464047,,,,2043675.8369616028,,2476884.6137283156,,,2344981.2813846553,261610.90907996753,2476884.6137283156
moustapha mbow__2000-03-08,,,,,,,,,,,3308888.873982295,,,,2447018.640622375,,,2773251.795333736,2843053.103312802,435154.2734877621,2773251.795333736
muhamed buljubasic__2004-07-04,,,,,,,,,,,,,319164.2199156867,387655.2536967589,,,,,353409.7368062228,48430.47443707304,353409.7368062228
muhammed cham__2000-09-26,,,,,4192280.4594125245,,3663622.4930101354,,,,4912255.000465091,,3349521.0953813656,,,5212378.45770086,,,4266011.501193996,793962.2982811795,4192280.4594125245
muhammed damar__2004-04-09,,,,,,,,,,5130793.222913052,,4438249.658172374,,4635338.352625593,4944929.770764228,,,,4787327.751118812,309711.273683844,4790134.061694911
muhammed kadoglu__2007-01-01,Muhammed Kadıoğlu,DEF,275000.0000000002,336614.8782249983,,,358714.02644658583,,326671.97878387454,,,352101.2372177336,,,,,,,343525.53016829805,14560.591507469013,344358.05772136594
muhammed sengezer__1997-01-05,,,,,1401795.317409132,,,,,,,1248407.7342813816,1391259.9989914538,1287555.7900514158,,,,,1332254.7101833457,76039.08860913689,1339407.8945214348
muharrem cinan__1998-05-13,,,,,,,,,,,,,,256331.631627223,236554.8955139298,,,,246443.26357057638,13984.264215446496,246443.26357057638
mukhammadali urinboev__2005-04-24,,,,,,,1160028.7064167205,,,,,,,,,,,609691.1788142048,884859.9426154627,389147.39770917763,884859.9426154627
mukhtar ali__1997-10-30,,,,,,1278398.2725138755,,,,,,1314242.8596391128,951183.089953083,1209342.0796272182,,1297554.5731073192,,,1210144.1749681218,150164.2622213844,1278398.2725138755
munashe garananga__2001-01-18,Munashe Garananga,DEF,2199999.9999999995,1698440.4147053254,,,,,1737003.5639418587,,1898460.9880247486,,,,,,,,1777968.3222239774,106116.16749389328,1737003.5639418587
musa barrow__1998-11-14,,,,,,19991010.32354138,,,,19337817.125287574,,19799960.572215375,7939648.80268536,18731086.08370362,,20844252.411965985,,,17773962.553233214,4868718.560868257,19568888.848751474
musa toure__2005-11-12,,,,,,,,,287874.6625315525,,,324570.9733414877,335209.56428277906,350147.4638354666,,,,,324450.6659978215,26544.916743991536,329890.26881213335
mustafa eskihellac__1997-05-05,,,,,1700663.9550946008,,,2042067.3400565763,,,,,,,,,,,1871365.6475755884,241408.64862665426,1871365.6475755884
mustapha bundu__1997-02-28,,,,,,,,1758473.604957364,,,,,,,1785487.8019827856,,,,1771980.7034700748,19101.921904985033,1771980.7034700748
mustapha isah__2004-07-23,,,,,,,,,758807.1287277736,,673847.7867679499,,,,,,,,716327.4577478617,60075.32682493806,716327.4577478617
myenty abena__1994-12-12,,,,,,,,1283614.131206909,,,1121624.1537426095,,,,,1185849.0107989232,,,1197029.098582814,81571.64931434624,1185849.0107989232
mykola kovtalyuk__1995-04-26,Mykola Kovtalyuk,FWD,437499.9999999996,485272.9799775701,,,,,421194.6305701891,447438.93888369924,,385648.819613474,,,,,,,434888.84226123313,42064.14753224336,434316.78472694417
myles lewisskelly__2006-09-26,,,,,,,,,,,26786097.082133792,,,,,36712023.67262694,,,31749060.377380367,7018690.001697574,31749060.377380367
myles peartharris__2002-09-18,,,,,,,771050.7216411614,1902538.151048628,,,,1295517.9163487575,1548118.7270069718,,,,,,1379306.3790113796,475837.6989770307,1421818.3216778645
myron boadu__2001-01-14,Myron Boadu,FWD,6749999.999999997,7920884.264425062,,,,,,,,6877784.879466865,,,,,,,7399334.571945963,737582.6485554577,7399334.571945963
myron mauasam__2004-04-01,,,,,,,141408.46756944834,,,,,,,,273241.045785923,,293747.1641880978,325627.6027505868,258506.070073514,80986.01295853038,283494.1049870104
myron van brederode__2003-07-06,Myron van Brederode,MID,4250000.000000002,4768522.406626719,4783762.874084195,,4328512.4130955115,,,,4618018.881069294,,,,5041700.438363651,,,,4708103.402647873,261183.04609773002,4768522.406626719
myrto uzuni__1995-05-31,,,,,,3919931.8341219127,3522503.3017797708,,,,,,,,5069484.734792879,,5522693.108474461,4431208.299890847,4493164.255811974,816500.3965692205,4431208.299890847
myziane maolida__1999-02-14,Myziane Maolida,MID,2950000.000000002,4053848.997244142,,,,,,4816855.022798303,3657387.3511724803,,,3971033.489976338,,4412721.359365638,,,4182369.24411138,445090.03108989494,4053848.997244142
naatan skytta__2002-05-07,,,,,,5351053.656643782,,4964446.339498554,4655376.6442089435,,,,,,,4821260.5564668495,,,4948034.299204532,296880.4711285871,4892853.447982702
nabil alioui__1999-02-18,,,,,,,,,,,,,,1261484.3199395174,,,,,1261484.3199395174,,1261484.3199395174
nabil bahoui__1991-02-05,,,,,,,,266098.03984353907,,,,,,,,,,,266098.03984353907,,266098.03984353907
nabil bentaleb__1994-11-24,,,,,,,,7254417.127883481,,8198721.588878208,,,,,,,,9077065.640856197,8176734.785872628,911523.1566395985,8198721.588878208
naby keita__1995-02-10,Naby Keïta,MID,2100000.000000001,2038899.9271688298,,,,,,2322682.284842094,1961839.8767741348,,,,,,,,2107807.362928353,190034.17295919565,2038899.9271688298
nachon nsingi__2001-04-24,Nachon Nsingi,FWD,850000.0000000005,1190293.2407596135,,,,1260252.860076641,1245709.880202584,,,,1257829.5952771958,,,,,,1238521.3940790086,32775.46009473068,1251769.7377398899
naci unuvar__2003-06-13,,,,,,,,,,,,,,,,,2033215.0600711978,,2033215.0600711978,,2033215.0600711978
nadiem amiri__1996-10-27,,,,,,,,16981451.57014173,,,,,,,17778945.194196828,,17952769.763157506,,17571055.50916535,517955.9333357639,17778945.194196828
nadir zortea__1999-06-19,,,,,,,,,,,,,,,,,4755612.092235063,,4755612.092235063,,4755612.092235063
nahitan nandez__1995-12-28,,,,,,,,,,7385466.150461262,,,,5964346.486147624,,,,,6674906.318304444,1004883.3515137233,6674906.318304444
nahki wells__1990-06-01,,,,,,,,,,787348.8494001442,,,,,,,,722787.4999115118,755068.1746558279,45651.768025966616,755068.1746558279
nahuel estevez__1995-11-14,,,,,,1856014.8674888015,1874616.8959983336,,,1899057.9891956227,,,,1990720.2500569844,,,1866405.0735916712,,1897363.015266283,54552.48766897844,1874616.8959983336
nahuel molina__1998-04-06,,,,,,,,9085380.98032141,,10627685.37615181,11849755.685562542,,,,,,,,10520940.680678586,1385275.3156874639,10627685.37615181
nahuel noll__2003-03-17,,,,,,,,912833.4352138776,,,,,,1055060.8082886767,1074285.71220438,,,,1014059.9852356449,88190.19250814687,1055060.8082886767
nahuel tenaglia__1996-02-21,Nahuel Tenaglia,DEF,6000000.0,8024454.348776603,,,,,,,7324528.944878686,,,,,,8244338.325830403,,7864440.539828564,480328.6776908492,8024454.348776603
nail mouthasebtaoui__2005-11-17,,,,,,,,,,448971.5742039205,438399.55342585663,,,,,,,,443685.5638148886,7475.547583014035,443685.5638148886
nais djouahra__1999-11-23,,,,,,,,,1611866.2542848303,,1360639.4168336135,,1336701.2689316536,,1693605.0220021997,,,,1500702.9905130742,178962.5978787673,1486252.835559222
nampalys mendy__1992-06-23,,,,,,,1636916.39909307,1962640.5752368232,,,,2079104.5059767123,1872831.3930591873,,,,,,1887873.2183414483,187407.88373922685,1917735.9841480053
nando pijnaker__1999-02-25,,,,,,,610276.9925057853,,,,,803436.5162871568,,,,,,846420.5914445983,753378.0334125134,125778.92753051665,803436.5162871568
nando verdoni__2003-07-09,Nando Verdoni,GK,212500.00000000017,248435.1798447194,,,,258344.27364241547,242759.0083014668,,,238224.18675020072,,,,,,,246940.66213470057,8674.466564080241,245597.0940730931
naouirou ahamada__2002-03-29,,,,,,,1845338.9461573395,,,,,1849095.9088634525,,,,,,,1847217.427510396,2656.5738061574657,1847217.427510396
nasser djiga__2002-11-15,Nasser Djiga,DEF,4650000.000000001,2972900.7036406347,,,,3130898.1754767788,,3041518.8846855317,,,,2750057.9648429137,,,,,2973843.932161465,162610.97071561386,3007209.794163083
nassim boujellab__1999-06-20,,,,,,,,,,429301.74229925766,,,452096.30463672604,,433415.20290565235,,,,438271.08328054537,12148.36197602937,433415.20290565235
nassim chadli__2001-07-28,,,,,,,,832315.8287016784,,873275.637829916,,,,,,,887139.6749090346,,864243.713813543,28506.05666906793,873275.637829916
nathan ake__1995-02-18,,,,,,21105203.05946169,,,,,,,18642620.98897099,,,,21662973.301955055,,20470265.78346258,1607168.6383130196,21105203.05946169
nathan baxter__1998-11-08,,,,,,764950.6407344423,,,,,,753349.7616313355,,,,,,,759150.2011828888,8203.060281532129,759150.2011828888
nathan bishop__1999-10-15,,,,,,,,,,,440770.913935872,503783.10132305673,,511732.08929344715,,477250.362147664,,,483384.11667500995,32006.427055283348,490516.73173536034
nathan broadhead__1998-04-05,Nathan Broadhead,MID,2849999.999999999,7092648.975268638,,,,,,,,,5000101.545470804,,5572708.937250545,,,3250858.634212257,5229079.523050561,1587110.6952358987,5286405.241360675
nathan buayikiala__2004-02-29,,,,,,,,,,,712396.2001651868,,,,,,,,712396.2001651868,,712396.2001651868
nathan collins__2001-04-30,,,,,,,,23039721.848346114,,,28258383.134804033,26385288.09747193,,,,,,,25894464.36020736,2643726.037525527,26385288.09747193
nathan de cat__2008-07-19,,,,,,,,2662486.0846090093,,2572214.4160526255,,,,,,2795198.683099996,,2828289.1658937335,2714547.087413841,118898.94540254687,2728842.383854503
nathan moriahwelsh__2002-03-18,,,,,,,,,,372859.96029760735,,,,317959.9177474715,,,,,345409.9390225394,38820.19237463107,345409.9390225394
nathan ngoumou__2000-03-14,,,,,,,2594222.9338043183,,3028950.7559719887,,,,,,,2973520.917708962,,,2865564.8691617562,236617.73212315768,2973520.917708962
nathan ngoy__2003-06-10,,,,,,,,7077862.239548009,,,,6686418.357476996,,,,,6258092.18784465,,6674124.261623219,410023.2834999476,6686418.357476996
nathan patterson__2001-10-16,,,,,,,,3008442.473367962,,,,,,3037940.1806558347,,,,,3023191.327011898,20858.028852710613,3023191.327011898
nathan redmond__1994-03-06,,,,,,,,,,,,,,,,1402488.4150300717,,,1402488.4150300717,,1402488.4150300717
nathan rodes__1997-12-11,,,,,,,661680.7338677756,,,,,761174.4416325556,,,720451.7420289381,,,,714435.6391764231,50018.94232533198,720451.7420289381
nathan tella__1999-07-05,,,,,,,,12905774.778143087,,,,13125387.158812687,,,,11690072.427813135,,9394971.242633116,11779051.401850507,1710154.086678921,12297923.60297811
nathan trott__1998-11-21,,,,,,,,1712702.326661799,,1662337.2654310875,,,1371326.4469995862,,,,,,1582122.0130308243,184283.03731492997,1662337.2654310875
nathan wood__2002-05-31,,,,,,1860141.3962740097,,,,,,,,,1865324.9978187873,,,1706943.9016719018,1810803.4319215666,89982.3257590316,1860141.3962740097
nathan zeze__2005-06-18,Nathan Zézé,DEF,5500000.000000001,5204572.455606899,4788616.2298933305,,,5106268.726588842,,,,,,6055317.451458271,,,,6115753.801969136,5454105.733103296,596943.7611456614,5204572.455606899
nathanael mbuku__2002-03-16,,,,,,,2456603.1761589684,2569978.3517661975,,2250419.9502197606,,2457237.944104973,,,,,,,2433559.855562475,133218.96453653858,2456920.560131971
nathandylan saliba__2004-02-07,,,,,,,3287075.468692991,,3218702.1544650956,3530053.5293867467,2871282.11151389,,,3293792.0685802065,,,,,3240181.066527786,237511.6059759804,3287075.468692991
nathaniel adjei__2002-08-21,,,,,,,,,1310259.7536777416,,,,,1293749.2341496062,,,,,1302004.4939136738,11674.700319257476,1302004.4939136738
nathaniel atkinson__1999-06-13,,,,,1179500.8828120702,1271922.8255113717,1213379.1330145139,1019487.7573228509,,1147510.3612509905,,,784132.9109353627,,,,,,1102655.6451411934,177314.31696138388,1163505.6220315304
nathaniel brown__2003-06-16,,,,,,23766585.952125352,,,,,22959969.720473923,,,,,,21428595.758796234,,22718383.81046517,1187569.9347667277,22959969.720473923
nathaniel chalobah__1994-12-12,Nathaniel Chalobah,MID,1499999.9999999986,1964389.8934366703,1917699.754324805,2063793.4500570989,1852836.0989916304,1989310.5680193107,1962363.089293401,,,,,,2048783.7282600775,,,,1971310.9403404277,72935.41240410795,1964389.8934366703
nathaniel clyne__1991-04-05,,,,,,,,,,,,,,623882.5147856408,,,,,623882.5147856408,,623882.5147856408
nathaniel mendezlaing__1992-04-15,,,,,,578061.5344351449,444570.40539720963,467603.77059057343,,,523220.4533744872,,,549744.7740131131,,,,,512640.1875621056,55745.89465748479,523220.4533744872
nayef aguerd__1996-03-30,,,,,24999470.06118355,,,,20910436.98252868,,21932328.28395241,,,,,,,,22614078.44255488,2128059.0543143535,21932328.28395241
nazar voloshyn__2003-06-17,,,,,,,,,,4519041.928421968,,,,,,,,,4519041.928421968,,4519041.928421968
nazariy rusyn__1998-10-25,,,,,957474.6554029642,,625764.0764676329,,,,,,,,,,,,791619.3659352986,234554.79975648833,791619.3659352986
neal maupay__1996-08-14,,,,,,,,,,,,,,,,,6792047.64017547,,6792047.64017547,,6792047.64017547
necip uysal__1991-01-24,Necip Uysal,DEF,349999.9999999997,459297.998403163,,,,,,,,446213.6872425664,,,,,,,452755.84282286465,9252.00514881269,452755.84282286465
neco williams__2001-04-13,,,,,,23410416.102614246,,,,,,,17860550.99787085,,,,,,20635483.55024255,3924347.2502346435,20635483.55024255
nectarios triantis__2003-05-11,,,,,,,,,,,,,,3824212.3113601515,,,,,3824212.3113601515,,3824212.3113601515
nediljko labrovic__1999-10-10,Nediljko Labrović,GK,2800000.000000002,3170203.563013122,,3182468.133207288,3093941.2821117635,,,,,,3029839.4296970353,,2995968.2065668292,,,,3094484.1229192074,82703.13852446704,3093941.2821117635
nedim bajrami__1999-02-28,,,,,,,2457574.3577262973,,,,,,,,3998361.5914907474,,,2212476.686913156,2889470.878710067,968115.2703722533,2457574.3577262973
nehemiah fernandez__2004-12-11,,,,,,,,,,,580779.7111901838,,,,,,,,580779.7111901838,,580779.7111901838
nehuen perez__2000-06-24,,,,,,,,,10623434.986732483,,,,,11316752.642677065,,,,,10970093.814704774,490249.6160347756,10970093.814704774
neil el aynaoui__2001-07-02,,,,,,,,,16674254.179316329,,,,,,,17389296.8119472,,,17031775.495631766,505611.49437077064,17031775.495631766
neil farrugia__1999-05-19,,,,,,471231.7384404874,,,,,,,,,,,408804.9501066495,,440018.3442735685,44142.40535855406,440018.3442735685
nelson deossa__2000-02-06,,,,,,9300056.968661765,,8105910.915624567,,,,,,,,,,,8702983.942143166,844388.7718297528,8702983.942143166
nelson weiper__2005-03-17,Nelson Weiper,MID,6950000.000000006,4817930.29683235,,4286197.221710604,,4462990.64930442,,,,,,,5083216.058312186,4586531.933441315,,,4647373.231920174,311125.13255617366,4586531.933441315
nemanja matic__1988-08-01,,,,,2114590.1026890012,1707253.9453856086,,,,,,,,,1785204.247980446,,,,1869016.0986850187,216215.18448195938,1785204.247980446
nemanja mijuskovic__1992-03-04,,,,,,,,,,,,,,,,275550.4518594871,,,275550.4518594871,,275550.4518594871
neraysho kasanwirjo__2002-02-18,,,,,,,,,,1896296.7064315432,2077004.5869930042,1921523.9280445857,,,,,,2173299.5700809984,2017031.1978875329,131294.91938479783,1999264.2575187949
nesta elphege__2001-01-09,,,,,,,,,,696948.9265131505,,710325.3038391289,,,,,,,703637.1151761396,9458.52711490936,703637.1151761396
nesto groen__2004-07-22,Nesto Groen,FWD,324999.9999999999,274765.9385649665,282000.68716972944,,272636.3876389899,,,,,,,,274563.6946612853,,284667.8756350406,,277726.91673400236,5270.8840878261635,274765.9385649665
ngalayel mukau__2004-11-03,Ngal'ayel Mukau,MID,11749999.999999994,8038558.501712349,,,8657480.71544506,,8775035.171172744,,7113194.543277401,9458216.192166353,,,,8724028.781365165,,,8461085.650856512,799485.2542293468,8690754.748405114
ngolo kante__1991-03-29,,,,,,,,,,,,,,,18080945.046240926,,,,18080945.046240926,,18080945.046240926
nhoa sangui__2006-02-27,,,,,2359379.5622117976,,2859737.850591864,3450615.7328271284,,,,,,,,,,,2889911.0485435966,546243.4543505108,2859737.850591864
niall ennis__1999-05-20,,,,,1006618.6497134577,,,,,,930990.3376693845,,961573.2053046176,,,,,961149.9374997097,965083.0325467924,31173.21211841512,961361.5714021637
niall huggins__2000-12-18,,,,,,,1186959.4044951408,1041507.6093093848,,,,,,,1366742.140913135,,,,1198403.0515725536,162918.9765825392,1186959.4044951408
niccolo belloni__1994-07-10,,,,,,,,,,,,,,,,511608.3165629582,,,511608.3165629582,,511608.3165629582
niccolo fortini__2006-02-13,Niccolò Fortini,DEF,5450000.0,2685638.989226196,2468324.3844637,,,,,,2551460.1817430514,2735340.5324372794,,,,,,,2610191.021967557,122379.53282636627,2618549.585484624
niccolo pierozzi__2001-09-12,,,,,,2076137.730796936,,2209280.7255232222,,,,,,,2142336.067974827,,,,2142584.841431662,66571.84598120734,2142336.067974827
niccolo squizzato__2002-01-07,,,,,,,,,,,,,950781.3957227737,,,,,,950781.3957227737,,950781.3957227737
nicholas bonfanti__2002-03-28,Nicholas Bonfanti,FWD,1450000.0000000002,1629287.8796890392,,1455458.1762218752,,,1335432.0902158576,1357674.521191926,,,,,,,,,1444463.1668296745,133792.26359582468,1406566.3487069006
nicholas mickelson__1999-07-24,,,,,,,,,,716418.9915573783,,,,674414.7174894495,749748.6822028742,,,,713527.4637499008,37750.12926675803,716418.9915573783
nicholas opoku__1997-08-11,,,,,,,,,,,,995734.7525613982,,904680.356602869,,,,,950207.5545821337,64385.18083912097,950207.5545821337
nicholas pennington__1998-12-18,,,,,,,,552294.5847906641,,,,,,,,,,,552294.5847906641,,552294.5847906641
nicholas pierini__1998-08-06,Nicholas Pierini,MID,1425000.0000000007,2206902.352428783,,,,,1978016.52276857,,,,,1782902.8837675224,,,,,1989273.9196549586,212223.78305635566,1978016.52276857
nick batzner__2000-03-15,Nick Bätzner,MID,1200000.0000000005,1056744.0319629458,1023750.6739861051,,,,1028669.291953465,1043998.9482426583,,,,,,,,,1038290.7365362935,15023.242080321392,1036334.1200980616
nick fichtinger__2004-04-06,,,,,,,989972.3902805038,,,,,1095969.0812559798,,,,,,,1042970.7357682418,74950.97897209405,1042970.7357682418
nick olij__1995-08-01,,,,,4646989.91049247,,,,,4509195.6418384975,,,,,,,4422724.360367854,,4526303.30423294,113107.30890453444,4509195.6418384975
nick pope__1992-04-19,,,,,,,,,,,6010880.290146799,,,,,,5855193.82285289,5258601.513461032,5708225.20882024,397090.25371565967,5855193.82285289
nick powell__1994-03-23,Nick Powell,MID,687500.0000000002,509372.39317711204,,,,,,,,,,583283.6139864684,,,,,546328.0035817903,52263.12544007215,546328.0035817903
nick suman__2000-02-28,,,,,,,,,,180268.6049234095,179699.03400087572,,,,,188550.03938740777,,,182839.22610389767,4953.901899340118,180268.6049234095
nick verschuren__2005-01-13,,,,,1279419.5474006538,,,,,,,1329283.360136414,1166428.0225459745,,,,,,1258376.9766943473,83441.9413836437,1279419.5474006538
nick viergever__1989-08-03,,,,,,,465482.8827402681,,,,,,,,,,,,465482.8827402681,,465482.8827402681
nick woltemade__2002-02-14,,,,,,,44141057.96945707,,,,,,,,,,,,44141057.96945707,,44141057.96945707
nicky beloko__2000-02-16,,,,,1108359.1994015914,,,1120395.9348041995,1119897.4742890492,,,,,,,1218309.2722757696,,,1141740.4701926524,51347.82161255224,1120146.7045466243
nicky cadden__1996-09-19,,,,,,,801881.7986436989,,,,,,,849176.0581756246,,,770294.1424348619,,807117.3330847285,39700.72132084759,801881.7986436989
nicky devlin__1993-10-17,,,,,584223.6712983175,,,,,662916.4547312785,,,,,723371.3675643093,701423.1209778707,,,667983.653642944,61175.724968490445,682169.7878545746
nicky hogarth__2001-07-04,Nicky Hogarth,GK,134999.99999999997,124684.69735982205,,135031.20031533396,146206.26255963507,114386.49925949036,,,,,131681.40205414433,146545.48294272902,127268.9165597051,,,122327.31076748988,131016.47147729371,11305.07567217081,129475.15930692472
niclas eliasson__1995-12-07,,,,,6972949.586328018,7755899.530665611,,,6878760.637394794,,,,,,,,6991377.984147659,,7149746.934634021,407100.54851901485,6982163.7852378385
niclas fullkrug__1993-02-09,,,,,,,,,,10340090.209946146,,,9074070.999332864,,10270321.452162435,,,,9894827.553813815,711651.5377509224,10270321.452162435
niclas thiede__1999-04-14,,,,,,,,,,,,,,803909.1071410321,,,,,803909.1071410321,,803909.1071410321
nico gonzalez__1998-04-06,,,,,,,15557320.055323139,16078927.324730793,,,,,,,,14542452.169112602,,,15392899.849722177,781322.2631957844,15557320.055323139
nico mantl__2000-02-06,,,,,,,1981705.1828976744,,,,,,2069402.2723876138,1885536.0519860366,,,,,1978881.1690904417,91965.6351126763,1981705.1828976744
nico neidhart__1994-09-27,,,,,,493315.1319907139,473674.0512296497,,,,,493928.266697581,,457955.2844508765,,,,,479718.1835922053,17291.219184556547,483494.5916101818
nico oreilly__2005-03-21,,,,,32550224.277224537,,,28129239.28829942,,,,,,27011425.72814932,,,,,29230296.431224424,2928961.8409598754,28129239.28829942
nico schlotterbeck__1999-12-01,Nico Schlotterbeck,DEF,57749999.99999994,55546264.36280747,,,,,,,,,,,54919399.309270985,59243990.37230507,,,56569884.68146118,2336957.6126214,55546264.36280747
nicola bellomo__1991-02-18,,,,,,,,495420.02669611125,,,,,,,,,,,495420.02669611125,,495420.02669611125
nicola leali__1993-02-17,,,,,1095342.847876543,,,930205.9501464977,,967940.228337895,,,,,,,985977.3059819888,,994866.5830857311,70900.22347367002,976958.7671599418
nicola mosti__1998-02-07,,,,,1016349.6735527959,,,,,,,,,,953219.746919756,,,,984784.710236276,44639.5992180317,984784.710236276
nicola ravaglia__1988-12-12,,,,,102670.00226477474,,,,,,,,136515.1552758638,,,,,148028.8770206214,129071.3448537533,23577.841609854506,136515.1552758638
nicola zalewski__2002-01-23,,,,,,,,,11029040.125524713,,,,,,,,,,11029040.125524713,,11029040.125524713
nicolae stanciu__1993-05-07,,,,,3058452.2463946375,,4283705.936666285,,,,,,,,,,4472548.660004617,3723793.2014943976,3884625.011139984,635963.3401945106,4003749.569080341
nicolai fl__1995-09-25,Nicolai Flø,GK,425000.0000000002,374582.7750221219,,,,,,361939.05770593573,,,,,,,,,368260.9163640288,8940.458253681018,368260.9163640288
nicolai larsen__1991-03-09,,,,,433331.041143191,,,434905.2517516067,,,,420815.47888896574,,,,472672.2089537169,,,440430.9951843701,22399.46080249534,434118.1464473988
nicolai poulsen__1993-08-15,Nicolai Poulsen,MID,899999.9999999995,893564.1251257107,,1041488.9335673505,,,,,966847.0362143711,,1054530.4110785772,,,1023807.0825490548,,1135875.9184758253,1019352.2511684817,82346.33745152224,1032648.0080582027
nicolai remberg__2000-06-19,Nicolai Remberg,MID,3600000.0000000014,3921368.0160597675,,,,,,3587503.8105825367,,,,,,,,,3754435.9133211523,236077.64368840872,3754435.9133211523
nicolai vallys__1996-09-04,Nicolai Vallys,MID,4550000.0,2413879.657692118,,,,,,,,,,,,,,1874456.6166184861,2144168.137155302,381429.6902714347,2144168.137155302
nicolas burgy__1995-08-07,Nicolas Bürgy,DEF,850000.0000000005,714980.6204337626,657024.0298700872,,,,,,,,,,,623673.2657869908,,,665225.9720302802,46202.94519343116,657024.0298700872
nicolas capaldo__1998-09-14,,,,,,,,,,,,,,3887998.6392556448,,,,,3887998.6392556448,,3887998.6392556448
nicolas closset__2004-07-10,,,,,,,,199563.05081562122,,,,,,,,206913.78660554223,,,203238.41871058173,5197.755123763805,203238.41871058173
nicolas cozza__1999-01-08,,,,,,,,,,2271284.1895935517,,,,,,,,,2271284.1895935517,,2271284.1895935517
nicolas dominguez__1998-06-28,,,,,,,,,,17627336.24513519,,,19021949.87449804,,,17561306.697918966,,,18070197.60585073,824902.5766312446,17627336.24513519
nicolas fonseca__1998-10-19,,,,,,,,,,,3835808.461687159,,3684891.459140924,3357837.3487905283,,,,,3626179.0898728706,244334.7149295656,3684891.459140924
nicolas freire__1994-02-18,,,,,,,,,,,,1036421.5350171603,,,,,,,1036421.5350171603,,1036421.5350171603
nicolas haas__1996-01-23,,,,,,1329012.5572230257,,,,,,,,,,,,1134732.4576160116,1231872.5074195187,137376.77588171756,1231872.5074195187
nicolas jackson__2001-06-20,Nicolas Jackson,FWD,34499999.99999998,35808255.7520523,,,,,,,,,,,,,,,35808255.7520523,,35808255.7520523
nicolas janvier__1998-08-11,,,,,,,,1340424.947073959,,1181918.9451629585,,,1313354.1805905136,,,,,,1278566.0242758102,84786.20185669776,1313354.1805905136
nicolas kuhn__2000-01-01,Nicolas Kühn,MID,14499999.99999999,15211025.557946447,,,,,15147276.84353737,15260216.787087293,,,14092994.185818681,,,,,,14927878.343597447,558506.4740599699,15179151.20074191
nicolas lemaitre__1997-01-12,,,,,1136172.7009519157,,,,,,,,,,,,,,1136172.7009519157,,1136172.7009519157
nicolas madsen__2000-03-17,,,,,,,,,,,,,2813340.2449177266,,,,,,2813340.2449177266,,2813340.2449177266
nicolas milanovic__2001-11-14,,,,,,,,,,,,2084001.856249476,,1851469.2445102418,,,2059239.8185466712,,1998236.9731021298,127706.16369155928,2059239.8185466712
nicolas oroz__1994-04-01,Nicolás Oroz,MID,1625000.0000000012,1985837.6258471755,,,,,2115372.221263717,,,,,,,,,,2050604.9235554463,91594.79081729233,2050604.9235554463
nicolas otamendi__1988-02-12,Nicolás Otamendi,DEF,2800000.000000002,3118085.9207525356,,3448592.756962433,,3070306.4417718486,,,,,,,,,3612176.8363403506,,3312290.488956792,261267.31075914094,3283339.338857484
nicolas pallois__1987-09-19,,,,,,,,,,,,,,573902.8834273362,,,,587350.1483643862,580626.5158958612,9508.652225400107,580626.5158958612
nicolas pepe__1995-05-29,,,,,,,,20226843.920312796,,19626856.546377905,,17988129.40432888,,,,,,,19280609.95700653,1158825.1362944108,19626856.546377905
nicolas raskin__2001-02-23,Nicolas Raskin,MID,13249999.99999999,13792914.142225511,,12685211.25811249,,,,14290865.799671428,11338445.6477454,13234224.086602528,,,,,,,13068332.186871473,1138685.2781991053,13234224.086602528
nicolas saintruf__1992-10-24,,,,,,,,,,,,476669.90917351743,,,,470012.09704449883,,,473341.00310900813,4707.784104295094,473341.00310900813
nicolas seiwald__2001-05-04,,,,,,,,,20156208.103306986,,,20083736.162877668,,,,,,18082811.039536133,19440918.435240265,1176713.567201928,20083736.162877668
nicolas sessa__1996-03-23,,,,,,,435531.9506603718,,,,,,,,,,,,435531.9506603718,,435531.9506603718
nicolas tagliafico__1992-08-31,,,,,,6241450.4976675315,,7199615.526918911,,,5765268.837377225,,,,,,,6366872.8607728705,6393301.930684134,596748.0024285165,6304161.679220201
nicolas valentini__2001-04-06,,,,,,5864248.4159789495,,,,,,,5300004.003308064,,,,5839258.894275021,5636337.1185811795,5659962.108035804,260773.34376470218,5737798.0064281
nicolo barella__1997-02-07,,,,,,,,,,,87693906.85152236,73722065.37078132,,,,,,,80707986.11115184,9879583.856695483,80707986.11115184
nicolo bertola__2003-03-23,,,,,,3174734.7124984334,,,,,,,,3051843.8468571166,,2489649.7513171234,,,2905409.436890891,365263.7791046584,3051843.8468571166
nicolo brighenti__1989-08-01,,,,,255147.5326676851,221006.45398601383,206758.24423565326,,,,,,,,,,,230541.54029285323,228363.44279555135,20355.51905620499,225773.99713943352
nicolo calabrese__2004-11-16,,,,,426278.21696735366,,,,,,,,508244.47236182855,,,,,,467261.34466459113,57958.89501790163,467261.34466459113
nicolo cambiaghi__2000-12-28,,,,,,6045325.260358841,,,,,,6490315.861152406,,,,,,,6267820.5607556235,314655.8713854055,6267820.5607556235
nicolo casale__1998-02-14,,,,,,,,,,,7859694.652895493,,,,,,,,7859694.652895493,,7859694.652895493
nicolo cavuoti__2003-04-04,,,,,,,,,814830.5084024542,802588.3454007498,,,,,,,,,808709.426901602,8656.516474896225,808709.426901602
nicolo fagioli__2001-02-12,,,,,,,,,,,14049720.87615106,,13470126.853428384,,,11751390.788751367,12634410.277606834,,12976412.19898441,1002228.9236578745,13052268.565517608
nicolo rovella__2001-12-04,,,,,,22786236.208310004,,,,,,21675359.633626368,,22443746.476637695,,22505192.212985236,,,22352633.632889826,475495.157404672,22474469.344811466
nicolo savona__2003-03-19,,,,,,,,,,,,,,,,14216851.998419685,,,14216851.998419685,,14216851.998419685
nicolo tresoldi__2004-08-20,Nicolò Tresoldi,FWD,7750000.000000002,7231382.544287106,5181715.131005458,,,,,,6011866.894790429,,,,,6552217.132010327,,,6244295.4255233295,866459.5896619724,6282042.013400378
nicolo zaniolo__1999-07-02,Nicolò Zaniolo,MID,16999999.999999974,6795646.09678655,,,,,,,,,6856611.171960057,6964407.154322249,,,,,6872221.474356285,85456.62520143257,6856611.171960057
nidal celik__2006-07-17,,,,,,,1088867.1598060718,858154.6510852926,,,,,,,,,899002.4027926429,,948674.7378946691,123116.08780303609,899002.4027926429
niek schiks__2004-02-03,,,,,,,,,,,587084.9395729433,,,,,606256.4166568205,,,596670.6781148819,13556.281451372062,596670.6781148819
niels devalckeneer__2004-05-17,,,,,,330122.140657394,,,,,,,,,,345133.51410682464,,,337627.82738210936,10614.64396101609,337627.82738210936
niels martens__2004-05-07,,,,,196327.03741814228,,182033.64329850234,,,,,,,,,,,,189180.3403583223,10106.955908169324,189180.3403583223
niels nkounkou__2000-11-01,,,,,4440170.772573439,,,,,3765413.5936372653,,,,,,,,,4102792.1831053523,477125.3768800734,4102792.1831053523
nigel lonwijk__2002-10-27,,,,,1146180.9341086897,,,,,,,,,1041997.9880230947,,,,,1094089.4610658921,73668.46766111667,1094089.4610658921
nigel ogidi nwankwo__1998-08-04,Nigel Ogidi Nwankwo,DEF,249999.9999999998,276210.81654037273,,,,,,,,,,292607.09406167245,,,369351.2385910113,,312723.0497310189,49721.96003086667,292607.09406167245
nihad mujakic__1998-04-15,,,,,,,,1160719.8852687308,,,1102595.0075124002,,,1173975.585735404,,,,,1145763.492838845,37967.97325049297,1160719.8852687308
nik prelec__2001-06-10,,,,,,,,2045092.944722655,1929963.882329765,,,2161025.046287613,,,,,,,2045360.6244466777,115530.81455488344,2045092.944722655
nikita contini__1996-05-21,,,,,,,,,,,,,,,,,,817336.7740412825,817336.7740412825,,817336.7740412825
nikita haikin__1995-07-11,,,,,,,,,,2851140.2949582944,2326150.7080711727,,,,,,,,2588645.501514734,371223.6969402079,2588645.501514734
niklas dorsch__1998-01-15,,,,,,,,,3958696.9464236815,4710032.625159045,,,,,,3964998.0039698193,,,4211242.5251841815,431976.38674613944,3964998.0039698193
niklas hauptmann__1996-06-27,,,,,,,1400445.3802031826,1128603.9279529233,,,1142035.5139170417,,,1115792.0452868866,,,1145125.9319876786,,1186400.5598695425,120221.7225725954,1142035.5139170417
niklas hult__1990-02-13,,,,,,,,476094.35799513466,,,,472111.99692974414,,,449305.02676738217,,,,465837.12723075366,14455.018478439953,472111.99692974414
niklas kolle__1999-11-17,,,,,458439.7222645687,450353.8242228632,,449312.2095698274,448624.87017279584,,,,,,,,456264.55411131243,,452599.03606827353,4449.377400094126,450353.8242228632
niklas lomb__1993-07-28,,,,,,,364221.6870161785,,,,,,,412521.95438580256,,406056.47549886856,436188.2438733069,,404747.09019353916,29961.182945540037,409289.21494233556
niklas pyyhtia__2003-09-25,,,,,,,,,2474529.459510229,2408290.7140447027,,,2412125.510044802,2305126.884009992,,2170539.5518905516,,,2354122.4239000557,119268.23729341762,2408290.7140447027
niklas schmidt__1998-03-01,,,,,,,2358543.7352965167,2911544.492518817,,,,,,2591858.843224842,,,,,2620649.023680059,277622.2527826117,2591858.843224842
niklas sule__1995-09-03,,,,,,,,,,13373560.3239076,,,,12884937.523988783,,,,,13129248.923948191,345508.4952649534,13129248.923948191
niklas vesterlund__1999-06-06,,,,,,,,,937778.3659521805,1001243.3791531613,,,,945500.548875946,,,1045007.2480590787,,982382.3855100916,50422.87485098329,973371.9640145537
niklas wiemann__1999-02-23,,,,,513510.7692168334,,,,,,577577.8860251642,,584608.4788664633,,,,,552277.3505487506,556993.6211643028,32141.84161793538,564927.6182869574
niko hamalainen__1997-03-05,,,,,,,550790.0080099083,,,,519946.9922711559,,,,,534785.8927416798,529676.7782063135,,533799.9178072644,12891.071040881583,532231.3354739966
nikola cavlina__2002-06-02,,,,,,,1453035.4018159243,1238581.763733689,,,,,1242631.5171151387,,,,,,1311416.2275549173,122662.51674570248,1242631.5171151387
nikola katic__1996-10-10,,,,,,,,1587838.5617927571,,,,,,1688074.279914621,,,,,1637956.420853689,70877.35600107328,1637956.420853689
nikola krstovic__2000-04-05,,,,,12025865.602157393,,,,,,,,,,,12825493.700970363,,,12425679.65156388,565422.4510979573,12425679.65156388
nikola maras__1995-12-19,,,,,1009649.0947481692,1090783.061247596,,,1091550.4059566087,,,,,,,,948474.3897726685,,1035114.2379312606,69375.77809074755,1050216.0779978826
nikola milenkovic__1997-10-12,Nikola Milenković,DEF,30250000.000000015,28618008.678459026,28232435.743246943,,,,,,,,,,,,,,28425222.210852984,272641.23713046534,28425222.210852984
nikola mileusnic__1993-07-17,,,,,220637.8105730909,,155936.4717482871,,235882.29562063937,,,,,,,,,,204152.1926473391,42446.029112894576,220637.8105730909
nikola mituljikic__2003-01-20,,,,,903635.8275630723,,,,,,1210099.3640452442,,,,966314.996440934,945043.7892566992,,,1006273.4943264874,138353.69425431386,955679.3928488166
nikola moro__1998-03-12,Nikola Moro,MID,5500000.000000001,7336235.811190197,,,,6949665.492258521,,,,,,,,,,,7142950.651724359,273346.4939220348,7142950.651724359
nikola sekulov__2002-02-18,,,,,,,1229333.0555234908,,,,1273687.1927733363,,,,,,,1434925.4435190237,1312648.563938617,108192.1847119075,1273687.1927733363
nikola stojanovic__1995-02-17,Nikola Stojanović,MID,195000.00000000006,177713.91126167143,,,,166227.59664521948,,196465.19394563674,,,,,,,,,180135.5672841759,15263.564002029452,177713.91126167143
nikola storm__1994-09-30,,,,,,,,,,,,,,2932799.8361485656,,,3130540.512201083,,3031670.1741748243,139823.7729531473,3031670.1741748243
nikola stulic__2001-09-08,,,,,,,,,3898802.1934021297,3977692.0967230964,,,,,,,3342199.595085374,,3739564.6284035333,346381.4826018479,3898802.1934021297
nikola vlasic__1997-10-04,,,,,,18441635.31354361,,,,,,,,,,,16239550.313626187,,17340592.813584898,1557109.236190788,17340592.813584898
nikolai alho__1993-03-12,,,,,,432783.78867243615,,,,523768.1358426617,,433842.6000837147,,,,,461144.47213494295,,462884.7491834389,42658.83880009515,447493.53610932885
nikolai baden frederiksen__2000-05-18,,,,,692707.7946223257,,,,,,,731686.5652812276,650083.4012984404,,,,662408.8695492944,,684221.657687822,36360.00664010355,677558.33208581
nikolai hopland__2004-07-24,,,,,,,,,,,,1829590.6933941718,,,,,,,1829590.6933941718,,1829590.6933941718
nikolaos athanasiou__2001-03-16,Nikolaos Athanasiou,DEF,1150000.0000000005,1710695.2696408236,,,,1742993.8910458968,,,,,,,,,,,1726844.58034336,22838.57421850424,1726844.58034336
nikolaos vergos__1996-01-13,,,,,,,,,,,,,,,,553128.8759225708,,481600.8129106577,517364.8444166143,50577.97840086241,517364.8444166143
nikolas agrafiotis__2000-04-25,Nikolas Agrafiotis,FWD,737500.0000000005,726348.2954182156,690550.6884167371,690216.614604073,,,,,,,,,,714735.3101674716,,,705462.7271516244,18046.242495762577,702642.9992921044
nikolas dyhr__2001-06-18,,,,,,,,,1480644.633311422,,,,1894542.5253286317,1586891.6985566958,,,,1968622.8000248512,1732675.4143054003,235686.6117006396,1740717.1119426638
nikolas ioannou__1995-11-10,,,,,,,,1464872.8092648147,,,1407797.8496030965,,1368438.281904788,,,,,,1413702.9802575663,48487.70403744341,1407797.8496030965
nikolas nartey__2000-02-22,Nikolas Nartey,DEF,1450000.0000000002,2903079.806630804,2965248.1711252388,,,,,2757741.5034000566,,,,,,,,,2875356.4937187,106495.0273332944,2903079.806630804
nikolas sattlberger__2004-01-18,,,,,,,,3919515.383418541,,,,,,,,,,,3919515.383418541,,3919515.383418541
nils de wilde__2003-01-27,,,,,,,,,,,,,1115956.7701362409,,,,,,1115956.7701362409,,1115956.7701362409
nils rossen__2004-08-01,,,,,,,,976518.5676279265,,994786.6953190144,,,,,,,,,985652.6314734705,12917.516969949998,985652.6314734705
nils zatterstrom__2005-03-29,,,,,,,,,1188873.4497181617,,1036080.0416738399,,,,1015330.1928941665,,,1054824.3523370638,1073777.009155808,78408.08954666,1045452.1970054519
nilson angulo__2003-06-19,,,,,,,,,3542305.2526362697,,,,3264578.2698684623,,3970590.1506976704,,,,3592491.224400801,355671.43234938296,3542305.2526362697
nnamdi ofoborh__1999-11-07,,,,,,,,,,423466.1916743517,430862.8480105183,,,,,411225.2750008655,,,421851.43822857854,9917.869728189526,423466.1916743517
noa lang__1999-06-17,,,,,,,,,,,,25440518.878586948,,,20901936.113713752,,,,23171227.496150352,3209262.6500182264,23171227.496150352
noah adedejisternberg__2005-06-19,,,,,,4893470.0173010025,,,,,4202242.171764416,4166126.415266095,,,,,,,4420612.868110505,409904.2566530448,4202242.171764416
noah atubolu__2002-05-25,,,,,,,,12100021.546276875,,,,,14298846.416875938,,,12018782.260042444,12965524.02682214,,12845793.56250435,1059216.9397359707,12532772.786549509
noah cadiou__1998-10-26,,,,,,,,,,,,,,,,,,2170134.5219502435,2170134.5219502435,,2170134.5219502435
noah edjouma__2005-10-04,Noah Edjouma,MID,2499999.9999999995,1531398.1657053735,,,,,,,,,,,,,,,1531398.1657053735,,1531398.1657053735
noah fatar__2002-02-15,,,,,,,,,,,,,515394.8562714171,,,462450.5181372488,,,488922.68720433296,37437.30052010393,488922.68720433296
noah ganaus__2001-01-19,,,,,,,,,,,,,1097321.5975331413,,,,,1489268.8088900826,1293295.203211612,277148.53101765027,1293295.203211612
noah jean holm__2001-05-23,,,,,1554807.502552504,,,,1294932.5944379682,,,,,,,,,,1424870.048495236,183759.30978801916,1424870.048495236
noah katterbach__2001-04-13,,,,,,2006491.60851072,,2099638.265209922,,,,1777967.7792932729,,,,,1817261.3016895738,,1925339.738675872,153150.3022995175,1911876.455100147
noah konig__2003-05-17,,,,,,,,,,,,,,,556588.6135614724,559199.1944905762,,,557893.9040260243,1845.9594778055557,557893.9040260243
noah lahmadi__2005-01-05,,,,,,,462029.45185269945,,,,492131.6779966753,,,517918.77901487774,,,,523654.51939391595,498933.6070645421,28164.653801792436,505025.2285057765
noah loosli__1997-01-23,,,,,,,1040536.8368968758,,,,,,,1271032.726414823,,,,,1155784.7816558494,162985.20651376573,1155784.7816558494
noah mbamba__2005-01-05,,,,,,,,,,1939325.5154575699,,,,,,,,,1939325.5154575699,,1939325.5154575699
noah nartey__2005-10-05,Noah Nartey,MID,1350000.0,1872183.140182181,1709646.1543336385,,,,,,,,,,1747669.5671326735,,1910217.0634673792,,1809928.981278968,96378.00537426013,1809926.3536574272
noah naujoks__2002-05-02,,,,,,,,,,,919415.495839374,,1091917.0464630497,,1169761.6439449359,,,,1060364.72874912,128120.88054904851,1091917.0464630497
noah ohio__2003-01-16,,,,,,,,,,,,,,1650696.6796107246,,,1487620.1897472313,2090552.7552751838,1742956.5415443797,311874.70438710245,1650696.6796107246
noah okafor__2000-05-24,,,,,,,,13386237.695392739,,,,,13930245.081486294,,,13317173.19186715,13281392.743694415,,13478762.17811015,304118.0067340661,13351705.443629945
noah raveyre__2005-06-22,,,,,,,,711594.5170187885,748425.8618503067,,,,700936.1531830316,,,,,613092.0903885558,693512.1556101707,57343.96090653449,706265.33510091
noah sadiki__2004-12-17,,,,,,,,,20802805.02782777,,,,16749801.9077237,17799452.69039061,,,,,18450686.541980695,2103517.9390692087,17799452.69039061
noah shamoun__2002-12-08,Noah Shamoun,MID,512499.9999999997,488819.64671362407,,,,,,,,,349079.89537897625,,,,,387994.3061343733,408631.2827423246,72119.43655080194,387994.3061343733
nobel mendy__2004-09-03,,,,,,,,,,,5491193.588220676,,,,6302585.098937095,,,,5896889.343578886,573740.4394247769,5896889.343578886
nodar lominadze__2002-04-04,,,,,831987.8797483119,,751526.2535675917,,,,,789914.6067848069,,,,804558.1536019372,,,794496.7234256619,33537.42313861322,797236.380193372
noe dussenne__1992-04-07,,,,,,,,,,1055532.66644518,,,942464.5369659744,,,,,,998998.6017055772,79951.24109082493,998998.6017055772
noe lebreton__2004-04-22,,,,,,1225685.5859458777,,1099950.7810350277,,,,,,,1222001.9727845958,,,,1182546.1132551671,71553.36421089429,1222001.9727845958
noe sow__1998-12-18,,,,,,,523054.74773736246,558826.3812906593,,,507587.0362008201,,,,508721.1632786577,,,541189.343059614,527875.7343134227,22005.48511367632,523054.74773736246
noel aseko__2005-11-22,Noël Aséko,MID,1924999.9999999995,1920151.4919310198,2059486.5443373572,,,,,,,,,,,,,,1989819.0181341884,98524.76041350412,1989819.0181341884
noham kamara__2007-01-22,Noham Kamara,DEF,1499999.9999999986,2301767.4768151673,,2123475.9056080114,,,,,,,,,2130481.3537226454,,,,2185241.5787152746,100975.15918190783,2130481.3537226454
nohan kenneh__2003-01-10,,,,,,584529.5434421452,,,,502023.31967989047,,,474192.19643869257,,,565915.2001160572,,,531665.0649191963,52120.0170207051,533969.2598979739
noni madueke__2002-03-10,,,,,,,,,,,,,50737152.90143236,,43664522.98235242,42591615.34877343,,,45664430.41085273,4425739.23738987,43664522.98235242
nordan mukiele__2006-02-12,,,,,,,,,,,,968511.2450734662,,1005243.0266488816,,,,,986877.135861174,25973.291837039316,986877.135861174
nordi mukiele__1997-11-01,,,,,,,,20946116.52869226,21316407.134101775,,17520709.76292293,,,,,,19399500.883034203,,19795683.57718779,1729023.1052242573,20172808.70586323
nordin bakker__1997-10-31,,,,,,,,,,,,,,,,,566850.5632604575,606408.9679081397,586629.7655842986,27972.016179297527,586629.7655842986
nordin bukala__2005-09-18,Nordin Bukala,MID,737500.0000000005,856519.5006045642,989479.4644478322,,,,,,,,,,,,,752386.0119258582,866128.3256594181,118838.43421384547,856519.5006045642
nordin jackers__1997-09-05,,,,,,,,,,,,1455907.5184873717,,,,1499358.0138464156,,,1477632.7661668938,30724.1399142945,1477632.7661668938
nordine kandil__2001-10-31,,,,,1639305.9764301844,,1481543.1615838818,,,,,,,,,,,,1560424.569007033,111555.15619689832,1560424.569007033
nouha dicko__1992-05-14,Nouha Dicko,FWD,637500.0000000003,954056.2743480956,,,,,958300.2459839464,,,,764137.582648336,,,1072615.3906376665,,,937277.3734045111,127824.43524884664,956178.2601660211
noussair mazraoui__1997-11-14,Noussair Mazraoui,DEF,21250000.000000034,21402817.564962216,,21989435.23122244,,,,,19687334.37515482,24287136.83452774,18569961.506316993,,,,23048504.25458555,,21497531.62779496,2111200.3276280523,21696126.39809233
novatus miroshi__2002-09-02,,,,,,,,,,2557077.8523204713,1627348.091533509,,3092787.8910946646,2161438.43809224,,,,,2359663.0682602213,619683.4761836258,2359258.1452063555
nunzio lella__2000-07-28,,,,,,1051124.1895484421,,,,,,1257206.9894605705,,,,,,,1154165.5895045064,145722.5453037764,1154165.5895045064
nurettin korkmaz__2002-06-27,,,,,,291979.4713845074,,,308285.14705657726,,,,345769.35122697154,306634.7068629284,,,,294774.30269386125,309488.59584496915,21499.80258459059,306634.7068629284
obed nkambadio__2003-02-07,,,,,,,,,,,4855909.815333397,4721415.126101014,4482003.098526745,,,,4848943.951863275,4592316.275453702,4700117.653455626,162841.29030461752,4721415.126101014
obed vargas__2005-08-05,,,,,,,,,,,,,,3184589.463323383,,,,,3184589.463323383,,3184589.463323383
obinna nwobodo__1996-11-29,Obinna Nwobodo,MID,2750000.0,3293502.2892833077,,3205563.608872901,,,,,,2567497.7107215733,,2987793.0924392845,,,,,3013589.1753292666,323969.4261223586,3096678.350656093
odilon kossounou__2001-01-04,Odilon Kossounou,DEF,24500000.000000007,21603682.90029788,,,,,,,29285664.054032024,,,28260072.49408537,,,,,26383139.816138428,4170775.206090645,28260072.49408537
odin bailey__1999-12-08,,,,,,,,,,,,,,,,695854.0304190422,,,695854.0304190422,,695854.0304190422
odsonne edouard__1998-01-16,,,,,,7358971.895312397,8770944.461944798,8208471.414500223,,,7005943.279161868,,,,,8024199.716823671,,,7873706.153548593,699592.1021114383,8024199.716823671
odysseas vlachodimos__1994-04-26,Odysseas Vlachodimos,GK,5750000.000000005,6144478.423252122,,,4283817.921033018,,,,,,,,,,,,5214148.17214257,1315685.658605095,5214148.17214257
odysseus velanas__1998-06-05,Odysseus Velanas,MID,700000.0000000006,920178.560086128,,876707.7067123669,,,,,,,394059.01305207814,825908.7319749586,,,,,754213.5029563828,243173.93816234233,851308.2193436627
ofosu boakye__2007-07-10,,,,,,,,,,251553.40133457657,,269725.26378480456,,,,,,,260639.33255969058,12849.447165345398,260639.33255969058
ogulcan ulgun__1998-05-11,Oğulcan Ülgün,MID,974999.9999999999,631985.155934623,,,,,,,,,,,,,,,631985.155934623,,631985.155934623
ogun bayrak__1998-10-10,Ogün Bayrak,DEF,999999.9999999997,1061264.6170319212,,1320931.9048440738,,1235455.7809210941,,,1218857.5102256143,,1335384.7980785086,,,,1326754.6971412613,,1249774.884707079,104895.48331712176,1278193.8428825838
ogun ozcicek__1999-01-24,,,,,,,,,,,,,,,852386.5267374092,,,,852386.5267374092,,852386.5267374092
oguz aydn__2000-10-27,,,,,9716330.100981878,8987561.544857403,,8207227.948057664,,9464134.639542816,,,,,,,,,9093813.55835994,663824.2949693914,9225848.09220011
ohi omoijuanfo__1994-01-10,Ohi Omoijuanfo,MID,1200000.0000000005,614664.2518354018,,,,,579388.4141230988,,,,,,,,,,597026.3329792502,24943.78405840554,597026.3329792502
okan kocuk__1995-07-27,,,,,,,1633047.0043956914,,,2039907.0873539536,1639601.1883454083,,,,1828925.8137447627,,,,1785370.2734599542,192472.57743235838,1734263.5010450855
okay yokuslu__1994-03-09,,,,,,,2908873.7624225,,,,3216246.8271119613,3382504.7013925733,,,,,,,3169208.430309011,240293.62177919352,3216246.8271119613
ola aina__1996-10-08,,,,,,,16156250.009097533,,,,,,,19282322.737196885,,18550805.614179607,,,17996459.45349134,1635101.6557829045,18550805.614179607
ola brynhildsen__1999-04-27,,,,,,,,,1851867.9259611077,,,,,,,,,1869009.269947842,1860438.5979544749,12120.76057167106,1860438.5979544749
ola solbakken__1998-09-07,,,,,,,,,,,,,,1273179.320991308,,,,1375080.171528841,1324129.7462600744,72054.78242376639,1324129.7462600744
ole pohlmann__2001-04-05,,,,,2756920.645210997,,,,2759849.148320931,,,,,,2450990.4944040957,,,,2655920.095978675,177480.28125330707,2756920.645210997
ole romeny__2000-06-20,Ole Romeny,MID,1050000.0000000007,1317620.5206017452,,,,,,,,,,,,,1348283.9449627532,,1332952.2327822493,21682.315300069524,1332952.2327822493
oleksandr nazarenko__2000-02-01,,,,,,,,,,,,1097910.9978246961,,,1058008.3729752165,,,,1077959.6853999563,28215.416618209896,1077959.6853999563
oleksandr pikhalyonok__1997-05-07,,,,,,,,,,,,,,,,,6036945.151709613,,6036945.151709613,,6036945.151709613
oleksandr romanchuk__1999-12-16,,,,,,,,,,,,,,,1874055.8122701645,,1617346.281170741,,1745701.0467204526,181521.0502356213,1745701.0467204526
oleksandr safronov__1999-06-11,Oleksandr Safronov,DEF,324999.9999999999,432109.2696834542,,,,,,,,,,,,,,,432109.2696834542,,432109.2696834542
oleksandr svatok__1994-09-27,,,,,,,,,,,,,,,,1444152.7758129167,,,1444152.7758129167,,1444152.7758129167
oleksandr syrota__2000-06-11,,,,,,,,1336583.801031629,,,,1258564.3912104457,,,,1260891.7509993536,,,1285346.647747143,44387.9325765485,1260891.7509993536
oleksandr tymchyk__1997-01-20,,,,,,,,,2548369.6753903558,,,,,,2435446.7553048944,,,,2491908.2153476253,79848.56254381631,2491908.2153476253
oleksandr yatsyk__2003-01-03,,,,,,2978905.2792596803,,,,2707135.3725266536,,,,,,,,,2843020.325893167,192170.34397335874,2843020.325893167
oleksandr zinchenko__1996-12-15,Oleksandr Zinchenko,DEF,12249999.999999987,12415664.490135118,,,9156428.39931455,11209771.991642874,,,9159686.254402824,,,,,,,,10485387.783873841,1609794.8351938163,10184729.123022849
oleksandr zubkov__1996-08-03,Oleksandr Zubkov,MID,10499999.999999994,10922648.238632284,,,,,,,,,,,,,12447370.966230951,7054632.330107873,10141550.511657037,2779926.7514986927,10922648.238632284
oli mcburnie__1996-06-04,Oli McBurnie,FWD,4349999.999999996,5548831.846414521,,,,4673749.869065392,,4818718.412801585,,,,,,,,4325730.205481437,4841757.583440734,514780.10309802444,4746234.1409334885
oliver abildgaard__1996-06-10,,,,,,1597392.9327910182,,,,,,1609109.8449025112,,,,,,,1603251.3888467648,8285.108008603533,1603251.3888467648
oliver antman__2001-08-15,,,,,,,,,,,,,,,,,8209666.046389846,,8209666.046389846,,8209666.046389846
oliver arblaster__2004-01-08,,,,,,,,,,,,,3416960.2173851244,,4105064.276141512,,,,3761012.2467633183,486563.04610862833,3761012.2467633183
oliver batista meier__2001-02-16,,,,,,1564181.4752635886,,1688095.2177088263,,,,,,,,,1435854.7550829535,,1562710.4826851229,126126.66494759548,1564181.4752635886
oliver baumann__1990-06-02,,,,,,,,,,,,,3594964.9239336993,,4133473.845238995,,,,3864219.3845863473,380783.30998442735,3864219.3845863473
oliver braude__2004-02-21,,,,,2185781.875156458,,,,,,,2193805.338754272,,,,,1947509.4833548912,2118570.7738186466,2111416.8677710667,114360.28377058958,2152176.324487552
oliver bundgaard__2001-06-15,,,,,,,,,,,,,,,1122280.25645565,,,,1122280.25645565,,1122280.25645565
oliver burke__1997-04-07,,,,,3101698.1653763186,,1698304.4430403141,,,2840541.542197661,,,,,2940174.5319428905,,,948542.4302812866,2305852.2225676943,939818.1209717665,2840541.542197661
oliver christensen__1999-03-22,Oliver Christensen,GK,1699999.9999999988,2106903.6947925403,,2033646.6564083935,1514174.3788015652,,1931245.8075379157,,,,,,,,,,1896492.6343851034,264864.16121953045,1982446.2319731545
oliver edvardsen__1999-03-19,,,,,,,,,3658226.3384978855,,,,,,,,,,3658226.3384978855,,3658226.3384978855
oliver hjer__2007-01-24,,,,,,,,,,341953.84712104325,315837.3939114166,,,,,,,,328895.6205162299,18467.12116506819,328895.6205162299
oliver norwood__1991-04-12,,,,,767244.4464995154,,,,,,,,,,,784350.7801949264,,,775797.6133472209,12096.00455726504,775797.6133472209
oliver olsen__2000-08-13,,,,,,2063452.8461078363,,,2151606.347389553,2105262.8322462304,2041315.1993753344,,,,,2087607.5534329333,,,2089848.955710378,42157.048660887274,2087607.5534329333
oliver provstgaard__2003-06-04,,,,,,,,,1807889.301703642,,,,1610116.128540365,,1822322.1775540786,,,,1746775.8692660285,118570.6140986573,1807889.301703642
oliver scarles__2005-12-12,Oliver Scarles,DEF,5650000.000000001,4226145.835674041,,4925086.556447885,,,,,,5246264.775309978,,,,,,3861427.831229981,4564731.249665471,633408.6818304261,4575616.196060963
oliver skipp__2000-09-16,,,,,,,,,6227982.690631702,,,,,,5558205.274169753,6394566.690540658,,,6060251.551780704,442691.0953516864,6227982.690631702
oliver sonne__2000-11-10,,,,,,,,,,,,2838288.4715067446,,,,2526191.345217599,,,2682239.9083621716,220685.99438788914,2682239.9083621716
oliver sorg__2007-07-31,,,,,,,,,333558.3650749516,,,,,,,,,,333558.3650749516,,333558.3650749516
oliver srensen__2002-03-10,Oliver Sørensen,MID,6350000.0,4983845.358597857,,4361268.969914125,4129893.992732621,,,,,,,,,,,,4491669.440414867,441657.61155660707,4361268.969914125
oliver villadsen__2001-11-16,,,,,,,,1145486.5806627795,1242390.4524727373,,,,,,1363080.0502585538,,,,1250319.0277980233,109013.192929564,1242390.4524727373
oliver zanden__2001-08-14,,,,,,,,,,,,,1062239.3512369918,,,,,,1062239.3512369918,,1062239.3512369918
olivier aertssen__2004-08-07,,,,,,,,1173338.5944183364,,,1110520.893830768,,,,,1232060.3056327787,,,1171973.2646272944,60781.20802825006,1173338.5944183364
olivier boscagli__1997-11-18,Olivier Boscagli,DEF,16500000.000000013,20428687.992128115,,,,,22316534.865833193,,,18728663.30294721,22111878.316781636,20145630.5724723,20874205.39442435,,,21212365.49345594,20831137.991148967,1227882.669752092,20874205.39442435
olivier deman__2000-04-06,,,,,2422411.9974878076,,,,,,,2585082.3734686873,,,,,,2136571.996745296,2381355.455900597,227056.42297117782,2422411.9974878076
olivier giroud__1986-09-30,Olivier Giroud,FWD,3149999.9999999995,2681912.5144402864,2896252.79281045,,,3007570.55574355,,,3098850.654962539,4648484.48844767,3525391.177421782,3907012.520480896,,,,,3395067.8149010246,688649.7124142965,3098850.654962539
olivier kemen__1996-07-20,,,,,,2301412.6453507207,2155818.610865964,,1981661.4049246993,,2504025.818306041,,,,,,,,2235729.619861856,221535.201971054,2228615.628108342
olivier ntcham__1996-02-09,,,,,,3263649.3050671685,,3455142.905647295,,,,,,,,,,,3359396.1053572316,135406.42352403564,3359396.1053572316
oliwier zych__2004-06-28,,,,,,,,,1448850.5708398423,,,1228074.589647081,,,,,,1283364.735969799,1320096.632152241,114880.07928172266,1283364.735969799
ollie oneill__2003-01-08,,,,,,850471.9163926418,713181.252878859,,,,,871898.0061467704,,,,,838356.623114977,793740.711985688,813529.7021037873,62947.15544021005,838356.623114977
ollie watkins__1995-12-30,,,,,,,,,,,,30681204.232008174,,,,,34919690.74065581,,32800447.48633199,2997062.5522324373,32800447.48633199
oluwaseun adewumi__2005-02-23,,,,,,,,723149.1713023749,,,,,,735359.3278857518,,794795.1913279792,,,751101.2301720353,38329.4098841933,735359.3278857518
omar alderete__1996-12-26,,,,,,20385403.66573667,,,,,,,,,,,,,20385403.66573667,,20385403.66573667
omar bogle__1993-07-26,,,,,,,,,,,289969.44172406034,,,270472.0267475471,,287108.2998563896,,251301.70418432108,274712.8681280795,17818.31546880107,278790.16330196836
omar fayed__2003-07-04,,,,,,,,,,1152091.2489965805,1586685.5922551688,,,1167104.492341098,,,,,1301960.4445309492,246693.44676919267,1167104.492341098
omar marmoush__1999-02-07,,,,,,,40763866.299114235,,,,,56406720.043449216,38147768.133141845,,,,,,45106118.158568434,9873636.342499625,40763866.299114235
omar richards__1998-02-15,,,,,2452751.251487542,,,2829981.2716367696,,,2649482.04447843,,2437714.5103195235,2708287.447691093,,2472526.663221272,,,2591790.5314724385,161820.81621637693,2561004.353849851
omari forson__2004-07-20,Omari Forson,MID,1849999.9999999995,1686297.470533087,,,,,,,1497906.6104423245,,1512336.9775504363,,1714769.560829654,1512700.6223081013,,,1584802.2483327207,106293.80776472822,1512700.6223081013
omer ali sahiner__1992-01-02,,,,,,,,626380.133435834,652319.1381272713,,664494.0645087302,,637550.2537825889,,,635582.9777354614,,,643265.3135179771,15078.304827997425,637550.2537825889
omer hanin__1998-05-14,,,,,,,208788.0691433358,,,228853.44177008735,229352.41202759178,,,,,,,225670.5209207531,223166.110965442,9723.103214775272,227261.98134542024
omri gandelman__2000-05-16,,,,,,,,,,3239712.8389535686,,3323381.0392971723,,,3516606.0287461663,3646740.232798772,,,3431610.0349489194,184430.08640960426,3419993.534021669
ondrej duda__1994-12-05,Ondrej Duda,MID,4000000.0000000005,4456180.7201216575,4178500.700041044,,4262259.532090617,,,,4948759.57528009,,4388379.73661519,,,4996633.351136925,,,4538452.269214254,350262.73631767556,4422280.228368424
ondrej lingr__1998-10-07,,,,,,,,2486108.9110898464,,,,,,2423699.432931688,2362542.0735530024,,2418974.969017064,,2422831.3466479005,50512.28178784354,2421337.200974376
onel hernandez__1993-02-01,,,,,,,1630519.1201405623,,,,,,1584783.0206923282,,,,1525221.6605054124,1301201.0646504858,1510431.2164971973,145996.9281232626,1555002.3405988703
onur bulut__1994-04-16,,,,,,,1046207.6376017705,,,,954951.9437367163,,896193.6247626633,,,,,,965784.4020337166,75591.38592849151,954951.9437367163
onur ergun__1992-11-15,Onur Ergün,MID,487499.9999999996,703695.0662776316,786022.9955850698,,,,696396.5013764187,,,,,,,,711016.477392179,,724282.7601578247,41590.65398683458,707355.7718349053
onuralp cevikkan__2006-01-02,Onuralp Çevikkan,GK,899999.9999999995,705563.6959628052,702072.276989211,,,,,,,,,,649412.046540332,,,,685682.6731641161,31459.756330489225,702072.276989211
or israelov__2004-09-02,,,,,364732.30874049617,,,,,341466.89663172094,,,,,,,,,353099.60268610856,16451.130669214577,353099.60268610856
orbelin pineda__1996-03-24,,,,,,,,,,8615194.000771273,,,6611769.175696809,,,,,,7613481.588234041,1416635.2794076263,7613481.588234041
orel mangala__1998-03-18,,,,,,8620876.278180568,,,,,,7972460.500438337,,,,,9298623.237888593,8781634.66512347,8668398.670407742,546685.0739194806,8701255.47165202
orest lebedenko__1998-09-23,,,,,,,995857.9119844428,,,,,,1110962.593078719,,,,,,1053410.2525315809,81391.30054807765,1053410.2525315809
orestis kiomourtzoglou__1998-05-07,,,,,,,,,718438.6487881017,,678691.3279302175,,,,,,,,698564.9883591596,28105.60011260745,698564.9883591596
orji okwonkwo__1998-01-19,,,,,,,1108650.5778604005,,,,,,,,,,,,1108650.5778604005,,1108650.5778604005
orkun kokcu__2000-12-29,,,,,34635493.11908167,,,,,,,,36312824.50987334,38190504.64100505,,,,,36379607.42332002,1778446.428318355,36312824.50987334
orri oskarsson__2004-08-29,Orri Óskarsson,FWD,9249999.999999987,6781177.97575885,,,,,,,,,,7509513.174303701,,6956868.317231322,,,7082519.822431291,380077.9734858434,6956868.317231322
ortwin de wolf__1997-04-23,,,,,,,,,,,2008953.9863019085,,1794903.0323872925,,,,,,1901928.5093446006,151356.88103247416,1901928.5093446006
osame sahraoui__2001-06-11,,,,,,,10481902.698428726,,,,,,,,,10264378.201246759,,,10373140.449837742,153813.04703156283,10373140.449837742
osaze de rosario__2001-07-19,,,,,285145.465288954,,,,,,343882.91644373833,264089.7309299466,,,,,,,297706.0375542129,41352.92124303543,285145.465288954
osaze urhoghide__2000-07-04,,,,,,,,,,2051068.6080621514,1485105.2763056273,,,,,,,,1768086.9421838894,400196.5097879699,1768086.9421838894
oscar bobb__2003-07-12,Oscar Bobb,MID,20999999.99999998,30561757.001838684,,,20188332.380215712,,34828643.72208249,,,25269162.705611154,,,28013314.544986885,,,,27772242.070946984,5509387.585201576,28013314.544986885
oscar cortes__2003-12-03,Óscar Cortés,MID,2700000.0,1643535.9575566247,1701423.0694192539,,,,,,,,,1487788.645001856,,,,,1610915.8906592447,110489.67552369037,1643535.9575566247
oscar gloukh__2004-04-01,,,,,19296453.713352475,20427982.960816555,,,20832189.563145343,21017794.000576604,16288012.007016474,,14539035.01918582,,,,,,18733577.87734888,2697577.96232525,19862218.337084517
oscar hedvall__1998-08-09,,,,,,673290.4447816454,,,,711451.5960667529,726787.3549562806,,,,,,,,703843.131934893,27548.07424108978,711451.5960667529
oscar hjlund__2005-01-04,Oscar Højlund,MID,6999999.999999995,8012196.606247606,8619646.329776986,,,,,,,,,7415207.736137053,7539048.049617262,8463735.05706281,7308430.0464347005,,7893043.970879403,559151.2629830198,7775622.327932434
oscar perea__2005-09-27,,,,,,,1782346.5335631804,,,,,,,,,,,1850815.1954730751,1816580.8645181279,48414.65513525568,1816580.8645181279
oscar pettersson__2000-02-01,Oscar Pettersson,MID,700000.0000000006,734964.7484417948,,,,,,,,,,,,699373.9376157161,,,717169.3430287554,25166.5036830478,717169.3430287554
oscar priestman__2003-03-25,,,,,692579.1450956676,,703671.3435666189,,,,,,,,708057.2963418006,,746528.0419375127,,712708.9567353999,23468.107697928925,705864.3199542097
oscar schonfelder__2001-02-05,Oscar Schönfelder,DEF,537500.0000000003,532794.6828678777,560652.2515438818,,,609963.5100599386,447652.1342180435,,624336.1138421462,558728.6398061166,,,,,,578633.2133505681,558965.7922412247,58222.86411798455,560652.2515438818
oscar schwartau__2006-05-17,,,,,1805775.5539121153,,,,,,,,,1849573.580950095,,,,,1827674.5674311053,30969.881921147276,1827674.5674311053
oscar trejo__1988-04-26,,,,,,,576091.0688031473,,,471357.7208000149,,,,,579961.5606476906,,,,542470.1167502842,61615.54041084588,576091.0688031473
oscar uddenas__2002-08-17,,,,,,,,,,768470.9073157485,692142.0934760841,,,,,,,,730306.5003959163,53972.62186595233,730306.5003959163
oscar ustari__1986-07-03,,,,,173921.02885850365,162633.3600301948,144795.82736814278,,,156183.2423940265,,,,,,,157205.83548309383,,158947.8588267923,10591.70056784715,157205.83548309383
oscar vilhelmsson__2003-10-02,Oscar Vilhelmsson,FWD,2150000.0,1985701.21028456,,,1574801.2460332543,,,,,,,,1919560.1855496797,,1959806.1570252408,,1859967.1997231836,192048.43478544173,1939683.1712874603
oskar annell__2005-02-15,,,,,,,,184647.0063543828,,168125.85473381513,,,,,,,,,176386.43054409896,11682.218343914512,176386.43054409896
oskar boesen__2005-05-05,,,,,,,650114.2142127597,,610880.0103358644,,,,,,,,544302.858060133,,601765.694202919,53491.25014096193,610880.0103358644
oskar fallenius__2001-11-01,,,,,,1040575.0433204587,,,,1158459.227764084,,1232875.2344400953,,1101116.174873052,,1272271.818587837,1185927.7979898218,1229438.7336600493,1174380.5758050568,81336.89392460088,1185927.7979898218
oskar pietuszewski__2008-05-20,,,,,,,,,,,,1397147.1546079475,,,,,,,1397147.1546079475,,1397147.1546079475
oskar sivertsen__2004-02-15,Oskar Sivertsen,MID,950000.0000000008,894579.1869125149,908843.606227131,,,,,,,,966804.1589301302,,,,,771183.1411414159,885352.523302798,82271.86450584461,901711.3965698229
oskar zawada__1996-02-01,Oskar Zawada,FWD,825000.0000000006,983452.0649412192,845720.9255168542,876064.4357268444,,,919665.4227601752,,,945078.252675542,,,,,,,913996.220324127,54595.51974883934,919665.4227601752
osman bukari__1998-12-13,,,,,,,,,,,,2092771.1348229556,,1675262.9324804982,,,,,1884017.0336517268,295222.8810773568,1884017.0336517268
otar kakabadze__1995-06-27,Otar Kakabadze,DEF,950000.0000000008,1094301.4914724226,,,,,,,,,,,1024909.2346030923,,,,1059605.3630377576,49067.73539414224,1059605.3630377576
otar mamageishvili__2003-01-15,,,,,,,,,,,,,,,1156231.1127887925,,,,1156231.1127887925,,1156231.1127887925
othmane maamma__2005-10-06,,,,,,,1528145.3802905262,,1651753.678703076,,,,,1336941.6396015675,,,,,1505613.56619839,158610.898035174,1528145.3802905262
otto stange__2007-02-09,Otto Stange,MID,2000000.0000000016,1074237.0674677074,1079591.9345882793,,,1114987.7747483845,,,,,,1082047.215731579,,,,,1087715.9981339877,18471.30092903145,1080819.5751599292
oumar diakite__2003-12-20,Oumar Diakité,FWD,5250000.0,6868406.703231673,,,4673918.284264514,,,,,,,,,,,,5771162.493748093,1551737.6422870231,5771162.493748093
oumar ngom__2004-03-09,,,,,,,,,1448054.2982540159,,1114542.321418776,,,1311792.1713772446,,,,,1291462.9303500121,167682.79042195977,1311792.1713772446
oumar solet__2000-02-07,,,,,,20882616.564297765,,,,,,19834362.400859423,,,,,18842095.26871321,19293697.971521202,19713193.0513479,878828.9239685071,19564030.186190315
ousmane camara__2001-11-03,,,,,,1048451.122159903,741077.1145677175,,,,,,,,,,,920487.5487970806,903338.5951749004,154402.91478327732,920487.5487970806
ousmane camara__2003-03-06,,,,,3035085.34374561,,,,,,,,,,,,,,3035085.34374561,,3035085.34374561
ousmane dembele__1997-05-15,,,,,,,66041266.89482179,,104445411.40444875,125382610.62050301,,,,,,109978753.97775048,,,101462010.72438101,25220757.245380588,107212082.69109961
ousmane diao__2004-06-08,Ousmane Diao,DEF,4449999.999999997,3692852.6217725133,,,,,,,3205374.4800243727,4030865.7163912863,,3391876.4225968462,,,,3059764.885076204,3476146.825172244,390021.6449893137,3391876.4225968462
ousmane diomande__2003-12-04,,,,,29502851.970515117,,,31171359.137186207,27844479.157088194,,,,,29787481.100349873,28457125.353513,,,,29352659.34373048,1284122.786856961,29502851.970515117
ousmane sow__2000-07-05,,,,,1731459.8816417782,,1547981.790466487,,,,,,,1838490.5664718926,1814838.6984426945,,,,1733192.7342557132,131731.78990525415,1773149.2900422364
ousmane toure__2005-02-18,,,,,,,1159999.4534379484,,,,,1247671.5530216366,1070149.1441054535,1070471.4223466795,,1242384.7496958808,1298979.7819221118,,1181609.3507549518,97031.63015883125,1201192.1015669145
oussama el azzouzi__2001-05-29,,,,,,1574844.2418461097,,,1713404.8339710846,,,1513486.7357484302,1365905.2911097314,,,1589419.0622331607,,,1551412.0329817035,126576.4094404622,1574844.2418461097
oussama targhalline__2002-05-20,,,,,,8153680.684350388,,,,,,,,7740725.748329697,,7780640.875664749,,,7891682.4361149445,227773.16766110552,7780640.875664749
ousseynou ba__1995-11-11,Ousseynou Ba,DEF,3049999.999999998,2957176.474705025,,,,,,,,,,,,,,,2957176.474705025,,2957176.474705025
ousseynou niang__2001-10-12,,,,,,,,,4199052.052381385,,,,4416539.680676641,,,,4745348.852763591,3480932.491068462,4210468.26922252,535697.5038463845,4307795.866529013
ovie ejaria__1997-11-18,,,,,,,393291.328258541,,,,,,,,,,,,393291.328258541,,393291.328258541
ovie ejeheri__2003-04-23,,,,,,,,,416280.74998217035,,,,,,,421608.76650340756,427587.69930021174,367325.1731560542,408200.597235461,27638.909117814754,418944.75824278896
owen beck__2002-08-09,,,,,,3259080.287145805,,,3073833.013639712,,,,,,,,,,3166456.6503927587,130989.60329247764,3166456.6503927587
owen dodgson__2003-03-19,,,,,,,718026.8460873796,,,,,863961.025379749,,633942.4670907287,,,,618864.0749516268,708698.603377371,112327.13861467942,675984.6565890542
owen elding__2006-03-07,,,,,,,,,,,,,576797.4927902899,670601.0751274669,,,,649118.4872149061,632172.3517108876,49144.24326624944,649118.4872149061
owen jochmans__2003-01-28,,,,,261048.6246594812,,227306.26924312624,,,,,,,,,,,261436.80847251503,249930.56745837416,19594.178318253813,261048.6246594812
owen maes__1998-09-24,,,,,,,,,,,,755061.0028872262,726037.6008852884,,,,,,740549.3018862572,20522.64436867339,740549.3018862572
owen wijndal__1999-11-28,Owen Wijndal,DEF,3149999.9999999995,2193103.504797399,,,,,,,,,,,2198412.8350487747,2323766.1167973843,,2171681.828095733,2221741.0711848224,68991.19402916856,2195758.1699230867
owura edwards__2001-04-10,,,,,397428.1172754106,,,354460.2174513666,,391830.7663787991,355380.01225069177,,,400741.08650210634,377791.3998162418,,,,379605.266612436,20670.105426237013,384811.08309752046
ozan kabak__2000-03-25,,,,,,,,,,,,,,,,7055997.800046197,,6032090.638142335,6544044.219094266,724011.6974876929,6544044.219094266
ozan kokcu__1998-08-18,,,,,621208.4030958482,,,,,,,,,,638781.4042720986,,681480.2533930654,629236.5775784361,642676.6595848621,26847.804052977295,634008.9909252673
pablo galdames__1996-12-30,,,,,1139437.482992994,,,,,,,1007945.4862177179,,1117452.614579216,,,,,1088278.527929976,70433.52754796774,1117452.614579216
pablo pagis__2002-12-29,,,,,,,2102422.0781767564,2958389.07961728,,,,,,,,,,,2530405.578897018,605260.0711905096,2530405.578897018
pablo rosario__1997-01-07,,,,,,,7892688.296775978,,,,,,,8827673.94589926,,10624978.157945821,,,9115113.466873685,1388638.9307614798,8827673.94589926
pablo sabbag__1997-06-11,,,,,,,1520296.5669697155,,1860032.0793314583,,2036738.3276863997,,,,,1645989.4688932232,,,1765764.1107201993,228701.95745133364,1753010.7741123408
pachanga kristensen__2006-12-07,,,,,,,,252441.97194850555,242387.01723334182,257521.47058935062,,,,,,,,,250783.48659039932,7702.327561107167,252441.97194850555
paddy barrett__1993-07-22,,,,,,,,,438357.57603617955,,404619.0258867749,,,418739.9572010951,,,,,420572.18637468317,16943.737467111085,418739.9572010951
paddy mcnair__1995-04-27,,,,,,,,2051819.4887226676,,,,2409493.1806127313,,,,,2510197.069002579,,2323836.5794459926,240894.77270873883,2409493.1806127313
pal alexander kirkevold__1990-11-10,,,,,412204.44808411016,362791.5815359663,,,,370917.82667671243,,331346.1680320073,,,,377470.13124573434,,332549.81849528156,364546.6623449687,30357.942856990252,366854.70410633937
panagiotis retsos__1998-08-09,,,,,,9598522.732876446,,,,,,,,,,,,,9598522.732876446,,9598522.732876446
panos katseris__2001-07-05,Panos Katseris,DEF,2449999.9999999995,2302615.028122061,,2197453.950594243,,,,,,,,,,,,,2250034.4893581523,74360.11103680423,2250034.4893581523
pantelis hatzidiakos__1997-01-18,,,,,,,,,,,,,2076915.5410668692,,2200289.763774719,2246591.9565452123,,,2174599.0871289335,87707.06723111637,2200289.763774719
paolo ghiglione__1997-02-02,,,,,1172310.770482763,962226.9999740919,,,,,,,,,1100696.9550943351,,,,1078411.5751837299,106800.1698318172,1100696.9550943351
papa amadou diallo__2004-06-25,,,,,,,,2155791.9145350894,,,,,2239358.861290125,,2463434.4509764356,,,,2286195.07560055,159079.24372844902,2239358.861290125
pape demba diop__2003-09-04,,,,,,,,,,,,2590314.7283127373,,,2397499.0266494663,,,,2493906.877481102,136341.29016534123,2493906.877481102
pape gueye__1999-01-24,,,,,,,,,,,,,,,,,,15909183.26835518,15909183.26835518,,15909183.26835518
pape habib gueye__1999-09-20,,,,,,,,,,,,,1347376.4564020683,,,,,1315972.6442233925,1331674.5503127305,22205.848546650333,1331674.5503127305
pape matar sarr__2002-09-14,,,,,,,,,39811619.47219899,,45138568.31747178,,,,38456756.53820684,,,,41135648.10929254,3532200.594142945,39811619.47219899
pape moussa fall__2004-07-04,,,,,,,,,,,,,670956.5055136606,,,,,,670956.5055136606,,670956.5055136606
pape sy__1997-05-02,Pape Sy,GK,474999.99999999977,537820.763289995,515135.1218424672,,,,,571578.3686084513,,,,,,,556264.5148723578,623793.6450157227,560918.4827257989,40982.31140902374,556264.5148723578
parfait bizoza__1999-03-03,,,,,512383.954447211,,,499660.0444751303,,,,467280.6945184978,,,482579.075749206,,,,490475.94229751127,19703.54240546531,491119.56011216814
paris brunner__2006-02-15,,,,,,,,,,,,,1537777.5452742432,,,1738445.2160816467,,,1638111.380677945,141893.47079282484,1638111.380677945
paris maghoma__2001-05-08,,,,,1192024.7955418183,,,,,1260219.4717854504,,,,,,1324552.6895289621,,,1258932.3189520768,66273.32225699311,1260219.4717854504
pascal gregor__1994-02-18,,,,,,504432.51669656334,,,,,,521525.226240299,,,448628.5715488455,481648.7708999659,,,489058.7713464184,31516.830962495667,493040.6437982646
pascal gro__1991-06-15,,,,,,,,6428624.287179236,,6156562.662373276,5476113.285259377,,,,,,5594409.445361157,,5913927.420043262,453709.7745702083,5875486.053867217
pascal klemens__2005-02-23,,,,,2126924.327755661,,,,,,,,,,,,,,2126924.327755661,,2126924.327755661
pascal kuiper__2004-03-17,,,,,225946.89329006587,,,,,,,,,,,255322.8345575602,,,240634.86392381304,20771.927273982994,240634.86392381304
pascal stenzel__1996-03-20,,,,,,,,1663976.3641734843,1800743.5958225788,,,,,,,,,,1732359.9799980316,96709.03694318612,1732359.9799980316
pascal struijk__1999-08-11,,,,,,,,11713512.78883835,12070416.417954158,,10783732.023313459,,,10795493.527311761,,,12052895.764811981,,11483210.10444594,648963.7911969518,11713512.78883835
pasquale mazzocchi__1995-07-27,,,,,,1822486.0231170733,2139263.808614894,,,,,,,,,2118932.520934672,,,2026894.1175555463,177314.2468011518,2118932.520934672
pathe ciss__1994-03-16,,,,,,,,,6035357.644427439,5666787.188417573,,,,,,,,6586649.367970751,6096264.733605254,462945.8526406368,6035357.644427439
pathe mboup__2003-10-19,,,,,,,3868991.0609366484,,,,,,,,,,,3317161.3353202147,3593076.1981284316,390202.5410436921,3593076.1981284316
patric pfeiffer__1999-08-20,,,,,,1737155.3825465227,,,,,,,1860025.8688188973,,,,,,1798590.62568271,86882.5540508847,1798590.62568271
patrick bamford__1993-09-05,,,,,,,,2347128.667480228,,2503590.0168623105,,2240865.1670272085,2744024.679242466,,,2732548.430877022,,,2513631.392297847,225405.8210706544,2503590.0168623105
patrick bauer__1992-10-28,Patrick Bauer,DEF,487499.9999999996,390947.6664105875,,,,,,,,,,,,,320423.1677165898,,355685.4170635886,49868.351266307574,355685.4170635886
patrick berg__1997-11-24,,,,,9642697.3016998,,8470273.709855352,,,,,,,,,,,,9056485.505777575,829028.6722162988,9056485.505777575
patrick brouwer__2001-03-19,,,,,,,,,,,,,505067.6373222744,,,499635.809252504,,,502351.7232873892,3840.8824623740566,502351.7232873892
patrick cutrone__1998-01-03,,,,,,,,,7184678.397189158,,,6188146.426474149,,6317980.8198827645,6711061.276038142,6616702.268942106,,,6603713.837705264,388442.92437571293,6616702.268942106
patrick dorgu__2004-10-26,,,,,,,,,,,,,,,,,,7448144.086292995,7448144.086292995,,7448144.086292995
patrick drewes__1993-02-04,,,,,,,,,,,,947124.1090661049,,,,,,,947124.1090661049,,947124.1090661049
patrick egelund__2000-08-02,,,,,,,,,,,,,,,,574173.9818235927,,575627.8527111147,574900.9172673537,1028.041963536513,574900.9172673537
patrick enrici__2001-05-02,,,,,,,,,525074.9493944763,,572228.843569644,,,,,,529688.9747065,,542330.9225568734,25994.93350750107,529688.9747065
patrick erras__1995-01-21,,,,,795808.078658621,,,,,,,,,,786106.9222362567,,,836849.7704459793,806254.9237802856,26936.250497346056,795808.078658621
patrick kammerbauer__1997-02-11,,,,,,,,,538096.8049039259,,,540259.6530862108,,,,,,567110.4269670664,548488.961652401,16162.88049556349,540259.6530862108
patrick mainka__1994-11-06,Patrick Mainka,DEF,4500000.000000002,5412893.992446461,,,,,6691347.765773733,5383037.3747852845,,,,,,,,,5829093.0443351595,746883.6976978916,5412893.992446461
patrick mortensen__1989-07-13,,,,,,657118.5611821291,,,,,,,,,551237.3591431953,,,775356.5521592629,661237.4908281957,112116.35632509325,657118.5611821291
patrick pentz__1997-01-02,,,,,,1676145.3909850733,,,,,,1815615.3555611637,,,,,1795747.2753904017,,1762502.6739788793,75444.48553056887,1795747.2753904017
patrick pflucke__1996-11-30,Patrick Pflücke,MID,2900000.0000000014,3777554.7617977005,2667320.4838450616,,,,,3903427.1689857454,,,,,4312265.946574121,,3552958.089064685,,3642705.290053462,611126.3844761521,3777554.7617977005
patrick roberts__1997-02-05,Patrick Roberts,MID,2800000.000000002,3000217.4365517995,2872480.3514730157,3138410.18801491,,,,3191168.187448789,2538642.8048297716,,,,2492165.4658461236,2821250.422256005,,,2864904.9794886303,272918.5163094741,2872480.3514730157
patrick sussek__2000-02-08,,,,,,,,,,,665196.4081742809,,,,,,,593775.9371751188,629486.1726746999,50501.899359044655,629486.1726746999
patrick twumasi__1994-05-09,Patrick Twumasi,MID,749999.9999999998,591624.1191744898,693380.7664991006,,,,668132.8736586791,,589830.7775412434,634259.8978168552,788175.476432223,,,,,567916.0953461312,647617.143781246,76677.90347022506,634259.8978168552
patrick van aanholt__1990-08-29,Patrick van Aanholt,DEF,625000.0000000002,791587.9991119258,,,,,,,,631708.646733708,,,,,,,711648.322922817,113051.77423835143,711648.322922817
patrick wimmer__2001-05-30,,,,,,14137012.115738632,,15031574.27725063,,,,,,,,13639237.24718945,15372131.300775364,,14544988.735238519,797446.1305901806,14584293.196494631
patrik carlgren__1992-01-08,,,,,,633826.9211256171,779984.4880767425,,,577580.1911391097,,,,636691.4763554051,,,,509065.72998755274,627429.7613368855,99868.25225677088,633826.9211256171
patrik gunnarsson__2000-11-15,,,,,,,,,,892098.6560158596,,,,,,,,725353.188210152,808725.9221130058,117906.85101753898,808725.9221130058
patrik mijic__1998-11-04,,,,,,,1104210.3267473292,1005013.0929709481,,,,,921587.0243639109,,,1037291.152495052,,1046130.4114891561,1022846.4016132792,66974.57098634196,1037291.152495052
patrik schick__1996-01-24,,,,,,,,,49923969.54772644,,,,,,39552639.307727724,43713123.971594356,,40159284.25056663,43337254.269403785,4759163.093075784,41936204.1110805
patrik walemark__2001-10-14,Patrik Wålemark,MID,2750000.0,2503073.9470842103,,,2512183.7350686206,,,,,,,,,,,,2507628.8410764155,6441.592858948255,2507628.8410764155
patrizio masini__2001-01-27,,,,,,,,,,,,,1683320.3995840389,,1717617.6387108248,,,,1700469.019147432,24251.81036252689,1700469.019147432
patryk dziczek__1998-03-25,,,,,1311277.959279119,,,,1433358.8103247047,,,,1315835.903169158,,,,,,1353490.8909243273,69205.18134601689,1315835.903169158
patryk klimala__1998-08-05,Patryk Klimala,FWD,1849999.9999999995,1254492.918313947,,,909700.8993122582,,,,,1191377.948176329,,,1167175.8026710819,,,,1130686.8921184042,151852.5447241467,1179276.8754237054
patryk szysz__1998-04-01,Patryk Szysz,MID,775000.0000000007,747429.9967824875,,,,816029.3823395948,,,462532.466911124,,,,,,,,675330.615344402,187453.34861553353,747429.9967824875
patson daka__1998-10-09,Patson Daka,FWD,8249999.9999999935,3352784.5346150454,,,2749419.7798182466,,,,,,,2956392.451971932,,,2847704.5854358394,,2976575.3379602656,264668.3629157295,2902048.5187038854
paul argney__2006-05-23,,,,,,,,,,,,,,,,431520.9301420336,,,431520.9301420336,,431520.9301420336
paul bernardoni__1997-04-18,,,,,,,,1375964.302188607,,,,,,,1472855.4498383126,1318167.6584016662,,,1388995.803476195,78162.92742882116,1375964.302188607
paul gladon__1992-03-18,,,,,,,,,,,,,,,371322.5988561326,352655.9852941925,,,361989.2920751625,13199.28903143661,361989.2920751625
paul izzo__1995-01-06,,,,,,,,,,,,1076864.448055163,,1138289.4124225385,,1143236.368567505,1071025.1052295968,1037084.1617546426,1093299.899205889,45946.18294857668,1076864.448055163
paul joly__2000-06-07,Paul Joly,DEF,2100000.000000001,2431934.6377269314,,,,,2747049.129581054,,2539398.747188191,2400128.0565197803,,,,,,,2529627.642753989,156718.05201486705,2485666.6924575614
paul mcginn__1990-10-22,,,,,140906.04563458572,,,,,,163561.56585701054,,,,,,,,152233.80574579813,16019.871980585549,152233.80574579813
paul nebel__2002-10-10,,,,,,,,,,,,,,12556229.699280525,,,13546159.421752514,,13051194.56051652,699986.019658061,13051194.56051652
paul onuachu__1994-05-28,,,,,,,6514320.605984326,,,,6518691.7209660895,,,,,6472212.538801036,,5633498.796195577,6284680.915486758,434626.9307349874,6493266.572392682
paul pogba__1993-03-15,,,,,,,,,7314326.155654131,,,8839551.439577295,,,,,8123665.9858376505,,8092514.527023025,763089.6747560753,8123665.9858376505
paul reverson__2005-06-20,,,,,,,,735585.656654536,803328.6382967283,,,,,871533.5719789404,702258.9201078553,,,,778176.696759515,75112.4308903703,769457.1474756321
paul seguin__1995-03-29,,,,,,,1607941.7363474928,,,,,,,,,,,,1607941.7363474928,,1607941.7363474928
paul wanner__2005-12-23,Paul Wanner,MID,11749999.999999994,9593154.263312789,5882780.577956853,8030281.086382469,,,,,,,,,7832091.036721572,,,,7834576.741093421,1521009.4820634834,7931186.061552021
paul will__1999-03-01,,,,,,993128.4715748725,,,,,971667.8516086806,,,890966.2014207364,,,,,951920.8415347631,53867.80732409868,971667.8516086806
paulo dybala__1993-11-15,,,,,,31621553.658338595,,,,,25554826.647144992,,,,,,29061025.483072385,,28745801.92951866,3045622.854790592,29061025.483072385
paulo gazzaniga__1992-01-02,Paulo Gazzaniga,GK,3299999.9999999986,3207102.3383611566,,,,3102390.964096192,,,2753377.998511726,3308667.014947355,2923152.5043138317,,,3649454.3948090305,2644879.911663294,,3084146.4466717984,344895.0275266473,3102390.964096192
paulos abraham__2002-07-16,,,,,,,,,,,,,1948805.8307825467,,,,2050959.0683584698,,1999882.4495705082,72233.24701009566,1999882.4495705082
pavao pervan__1987-11-13,,,,,,242723.98853481378,278742.8366727518,205733.95525980013,,,,,,210357.01402892108,,,,,234389.44862407167,33839.73403875271,226540.50128186744
pavel kaderabek__1992-04-25,,,,,2510909.6055641784,2141106.225955282,,,,,,2194214.603248463,,2162433.918827558,,,,,2252166.08839887,173870.39004976812,2178324.2610380105
pavel sulc__2000-12-29,,,,,,16823905.099268578,,17040214.874222234,,,13712118.933193026,16832135.38721384,,,,,,6834489.4581330195,14248572.75040614,4369119.250937094,16823905.099268578
pavlo isenko__2003-07-21,,,,,,,,,1483428.1640192973,,,,,,,,,1137385.7471014431,1310406.9555603703,244688.9395807972,1310406.9555603703
pavlos pantelidis__2002-09-16,,,,,2263193.062980267,,,,2157229.497625995,,,2130302.87846186,,2176843.957004868,,,,,2181892.3490182473,57460.19510275381,2167036.7273154315
paxten aaronson__2003-08-26,,,,,,,,,,,,,,,,,,9770807.087206699,9770807.087206699,,9770807.087206699
pedro bravo__2004-11-26,Pedro Bravo,MID,1949999.999999999,2132783.157419222,,,,,,,,,2224702.351961248,,,,,,2178742.754690235,64996.68578187218,2178742.754690235
pedro silva torrejon__1997-01-25,,,,,1541216.9731668422,,,,,,,,1487573.1666331135,,,,1462277.8196952303,,1497022.653165062,40309.01988999214,1487573.1666331135
peer koopmeiners__2000-05-04,,,,,,,,,,,,3861334.2024520524,,,,,,,3861334.2024520524,,3861334.2024520524
pelle clement__1996-05-19,Pelle Clement,MID,950000.0000000008,857416.9419925768,,,2515403.7914891117,,,,690359.4082025078,827511.3950833875,,,,882506.9190059593,,,1154639.6911547086,764304.528359681,857416.9419925768
pelle mattsson__2001-08-04,,,,,,,,2876296.525749918,,3685611.262262104,,,,,,3232393.3970252406,,,3264767.0616790876,405627.4476737084,3232393.3970252406
pepijn reulen__2008-06-01,,,,,,,,,551026.6792339731,,582049.1141432121,,494274.5570021668,,,,,,542450.1167931174,44511.361333968205,551026.6792339731
percy liza__2000-04-10,,,,,846779.6693989536,,938724.0504306112,,,,,1001080.1969405791,,,,,,,928861.305590048,77621.63681441231,938724.0504306112
perr schuurs__1999-11-26,,,,,,,9578280.907720877,,9962742.810347367,,10357902.081058847,,,,,,,,9966308.599709032,389822.81823868013,9962742.810347367
pervis estupinan__1998-01-21,Pervis Estupiñán,DEF,19499999.99999998,21534547.559792634,,,15743192.737186149,,18786724.06658003,,,,,,,,,,18688154.78785294,2896935.3802533178,18786724.06658003
petar filipovic__1990-09-14,,,,,,257368.67084232141,,,,,,276609.46791382716,,277579.65506648674,,,221252.116890795,,258202.47767835757,26333.22799070001,266989.06937807426
petar musa__1998-03-04,,,,,,,,,,7886003.743842752,,,,,,,,,7886003.743842752,,7886003.743842752
petar ratkov__2003-08-18,,,,,,,,,,4944304.106368569,4363702.817052837,4580167.858301052,4125810.300255172,,,3122168.9601827934,3861369.523320344,,4166253.9275801275,632515.0579723321,4244756.558654005
petar stojanovic__1995-10-07,Petar Stojanović,DEF,1249999.999999999,1317035.818082042,,,,,1507837.1277679785,,,,,,,,1494819.5154017333,,1439897.4870839177,106600.2197013418,1494819.5154017333
petar sucic__2003-10-25,,,,,,,19404470.488904864,,17687584.69148535,,20049630.2191252,,19563322.307089884,,,16886566.471872244,,,18718314.83569551,1357843.3779207307,19404470.488904864
peter ankersen__1990-09-22,Peter Ankersen,DEF,375000.00000000006,485382.16845117096,,,,,,,452618.18128654116,,,436603.3279390377,,472008.6926360682,,,461653.0925782045,21443.163828046323,462313.4369613047
peter gulacsi__1990-05-06,,,,,,6216273.90327746,4088700.140299982,5843643.714116844,,6537082.789603169,,6063864.504173801,,,,,,,5749913.010294251,962302.9575897892,6063864.504173801
peter therkildsen__1998-06-13,Peter Therkildsen,DEF,649999.9999999995,772506.7850647797,,,,,,767781.023585641,,809180.4157082564,,,,,,888076.8284048912,809386.2631908921,55627.74876009725,790843.600386518
petko hristov__1999-03-01,Petko Hristov,DEF,1200000.0000000005,1325486.3979886821,,,,1301344.979793068,,1418732.1172817696,,,,,,,,,1348521.1650211732,61991.01048643012,1325486.3979886821
petros bagalianis__2001-02-06,,,,,331419.3923685494,362373.58009248436,,,,352503.9841717178,,365701.6151822429,,,341578.85004770604,,,,350715.4843725401,14313.553868665645,352503.9841717178
phil foden__2000-05-28,,,,,,,,,82902785.91771473,79915382.29640995,,,54431753.2854909,,,,,,72416640.49987186,15646829.429141516,79915382.29640995
phil neumann__1997-07-08,,,,,2669325.779645668,,2713269.209034968,,,,,,,,,,,,2691297.4943403183,31072.696909766462,2691297.4943403183
philip billing__1996-06-11,,,,,,,10859465.943903472,11304349.879161127,,,,,,,,,10376017.553595526,,10846611.125553375,464299.6461754194,10859465.943903472
philip brittijn__2004-04-09,,,,,,,1458404.2920026837,,,1557368.3345753695,1340877.2245662767,,,,,,,,1452216.6170481099,108378.11434625479,1458404.2920026837
philip otele__1999-04-15,Philip Otele,MID,3799999.9999999995,2791066.5683947476,,,,,,3058346.512553919,,,,,,,,,2924706.5404743333,188995.46099011195,2924706.5404743333
philip zinckernagel__1994-12-16,,,,,,,9282841.373289349,,,,6748566.880552716,,,,7784928.452291641,,,,7938778.902044568,1274122.9421844515,7784928.452291641
philipp hofmann__1993-03-30,,,,,,,,2006616.7195598872,,,,,,,,,,,2006616.7195598872,,2006616.7195598872
philipp kohn__1998-04-02,,,,,,,7902304.262934014,7936580.95032623,,,,,,,,,,,7919442.606630122,24237.278091647495,7919442.606630122
philipp sander__1998-02-21,,,,,,,4935741.357532867,6228736.385540985,,6277412.29176346,,,4871875.609618509,,,5587452.866857959,,,5580243.702262756,675242.067992052,5587452.866857959
philipp schulze__2003-01-29,,,,,,641709.9520731537,,,,,,,,,,761762.6214804519,,728572.6678469963,710681.7471335339,61993.7467889791,728572.6678469963
philippe rommens__1997-08-20,Philippe Rommens,MID,2550000.0,1660230.711038586,,,,,,,,,,,,,,,1660230.711038586,,1660230.711038586
philippe sandler__1997-02-10,,,,,,,,5060873.578533843,,,4337750.723240163,,,,,,,,4699312.150887003,511325.07460913964,4699312.150887003
phillip cancar__2001-05-11,Phillip Čančar,DEF,387499.99999999977,497411.5553945184,454480.1044481896,,563832.7201725637,,,,426002.86025996116,,,,,,,,485431.8100688082,59944.48865234656,475945.829921354
phillip menzel__1998-08-18,,,,,,826434.9137475535,675579.5714742251,,,,,,,,,,,,751007.2426108893,106670.83549968812,751007.2426108893
phillip tietz__1997-07-09,,,,,4146765.5888239876,,,,,4469128.084486448,,,,,,,,,4307946.836655218,227944.7066831449,4307946.836655218
pierluigi gollini__1995-03-18,,,,,,,,,,,2327631.3650028454,2805681.8057640847,,2985604.5616029827,,,,,2706305.910789971,340057.1396654984,2805681.8057640847
piero hincapie__2002-01-09,,,,,,,,,,,,58539637.144203626,,,,,59856312.07651518,,59197974.6103594,931029.7732558405,59197974.6103594
pieros sotiriou__1993-01-13,Pieros Sotiriou,FWD,1249999.999999999,1079270.2716914911,1039584.349455406,,,,,,595899.6235391063,,,,,,,,904918.0815620011,268352.470931549,1039584.349455406
pierre dwomoh__2004-06-21,,,,,,,,2512120.20591129,,2222772.6105437055,,,,,,,2294903.2545568063,2039800.0976118576,2267399.042155915,195309.77757192674,2258837.932550256
pierre kalulu__2000-06-05,,,,,,,,,26249921.977340072,,,31007322.1463615,,,29428221.42601528,,29187894.837201715,,28968340.096729644,1983846.4315260341,29308058.131608497
pierre landry kabore__2001-07-05,,,,,,,421062.5264605419,,,,,,,,,,751575.4426115453,,586318.9845360436,233707.92428011532,586318.9845360436
pierre leesmelou__1993-05-25,Pierre Lees-Melou,MID,9750000.000000004,8564075.324673748,,,,,,,,,,,,,,,8564075.324673748,,8564075.324673748
pierreemerick aubameyang__1989-06-18,,,,,,,,,,,,,,11561808.672738679,9410677.123854656,10209029.58101566,,,10393838.459202997,1087408.6059268112,10209029.58101566
pierreemile hjbjerg__1995-08-05,,,,,,,,,,,,21334457.446340133,,,,,20191013.798444703,25661694.37027494,22395721.87168659,2885619.1909414623,21334457.446340133
pierreyves hamel__1994-02-03,,,,,,,,,,860677.2781947324,,,,,,726742.3588282362,807950.424257947,,798456.6870936385,67470.28190571153,807950.424257947
pierrick capelle__1987-04-15,,,,,,,,,,,,246905.08969210452,,,,,,,246905.08969210452,,246905.08969210452
pieter gerkens__1995-02-17,Pieter Gerkens,MID,999999.9999999997,1422863.4755948184,,1575116.343893182,,1429977.3472693264,,,,,,1689765.1877363836,,,,1313703.762666028,1486285.2234319476,146860.74990658075,1429977.3472693264
pietro ceccaroni__1995-12-21,,,,,,,,,,,,,,,,,,1450270.389918372,1450270.389918372,,1450270.389918372
pietro comuzzo__2005-02-20,,,,,,,,,,,,,,15342590.01014777,12364864.878197104,,,,13853727.444172438,2105569.6333119236,13853727.444172438
pietro iemmello__1992-03-06,,,,,,,,,,,1081132.4864892508,,,,,,,,1081132.4864892508,,1081132.4864892508
pietro pellegri__2001-03-17,Pietro Pellegri,FWD,2400000.000000001,2072464.1982104226,,1932875.0563841674,,,,,,,,,,,1778630.3051558516,,1927989.853250147,146977.84895740837,1932875.0563841674
pietro terracciano__1990-03-08,,,,,1447101.0140888414,1863105.3694287485,1599752.2140530553,,,,,,,1662968.4939917484,,,,,1643231.7728905983,172328.8360463856,1631360.3540224019
pim saathof__2003-12-28,,,,,226378.66414114737,,,,,,223541.74193043643,,228875.1855019139,,,,,,226265.1971911659,2668.5316456971486,226378.66414114737
piotr zielinski__1994-05-20,,,,,,,,,,14274602.266407587,14439469.196297502,,,,16180367.2406157,,,,14964812.90110693,1055923.5485425936,14439469.196297502
pontus almqvist__1999-07-10,,,,,,,,,,2251077.519283476,2906746.241460815,2620261.9362435597,,,,,,,2592695.2323292834,328702.4652842434,2620261.9362435597
pontus dahlberg__1999-01-21,,,,,,,871883.6212042395,,908854.1363345601,822244.4150951516,,,,,,,,,867660.7242113171,43459.010545013974,871883.6212042395
pontus jansson__1991-02-13,,,,,,877310.0935328009,,,,,,1002311.6531858279,,,,,986270.1629728986,,955297.3032305092,68013.49872921266,986270.1629728986
pontus rodin__2000-08-16,,,,,,,,,940479.0353157165,,927922.0947437201,,,907319.6474051684,,,,,925240.2591548683,16741.577979532736,927922.0947437201
poyraz yldrm__2005-01-15,,,,,,,,,,,,,881233.5566860891,845267.6744503301,732126.4220237465,785782.811534579,799145.5539164096,903156.0953177095,824452.018988144,64049.21045711616,822206.6141833698
precious ugwu__2006-02-08,Precious Ugwu,DEF,912500.0000000001,1047740.2498902933,,,1287127.1087032086,923900.7798952489,,,,,1082457.7763944601,,943143.0446983324,,,,1056873.7919163087,145233.4814460838,1047740.2498902933
predrag rajkovic__1995-10-31,,,,,9168618.168133175,,,9158720.234816236,,,,,,,10022099.099573208,,,,9449812.500840873,495639.4411136537,9168618.168133175
prince amoako junior__2007-02-19,,,,,,,,1766139.415577655,,,,,1623810.3557012854,,,1830256.0094214494,,1680316.1821160393,1725130.490704107,91300.2347862829,1723227.7988468471
prince ampem__1998-04-13,Prince Ampem,MID,1400000.0000000007,1327248.9902462107,1261682.0703702967,,,,,,,,,,1273210.5623743285,,1302610.4002319018,,1291188.0058056843,29578.45156806348,1287910.4813031151
prosper obah__2003-11-24,Prosper Obah,MID,2400000.000000001,7111710.220380859,,,,5235758.425914344,6180769.268966812,,2983098.7719692015,,4077108.796175134,5334109.559964507,,6052814.128575453,,4490766.848404929,5183267.002543905,1311455.4472480596,5284933.992939426
prosper peter__2007-08-09,,,,,1394745.3493367373,1598647.1046918735,,1955371.3322997082,,,,,,,1663479.0869978645,,,,1653060.718331546,231795.83037069946,1631063.095844869
qazim laci__1996-01-19,Qazim Laçi,MID,2649999.999999999,2412531.109287972,,,1858676.6877060605,,,,,2529993.795173133,1851977.936773753,,2377094.300979458,,,2384628.296585899,2235817.021084379,299813.0025929375,2380861.2987826783
quentin beunardeau__1994-02-27,Quentin Beunardeau,GK,425000.0000000002,404101.90218082606,,,412611.1674520447,,,,,,,,,,,,408356.5348164354,6016.959176193906,408356.5348164354
quentin boisgard__1997-03-17,Quentin Boisgard,MID,649999.9999999995,602765.864277076,,,,,614325.6060350707,640901.3009022452,,,,668318.6988939445,,,626984.9440181406,,630659.2828252955,25404.050436808462,626984.9440181406
quentin braat__1997-07-06,,,,,,,,,,850251.309754056,,,,,,,,,850251.309754056,,850251.309754056
quentin lecoeuche__1994-02-04,,,,,463809.26537938934,,397761.3287151573,,432831.5731576909,,,,,452478.4231750154,,,,,436720.14760681323,28954.29807621609,442654.99816635315
quentin merlin__2002-05-16,Quentin Merlin,DEF,13000000.000000013,13378723.56615612,,,,,,,,12247967.943899017,12558751.50459448,,,13447312.72426593,,14838207.805605885,13294192.708904287,1006234.7946281617,13378723.56615612
quentin ndjantou__2007-07-23,,,,,,,,,,,,5502214.675433639,,,,,,,5502214.675433639,,5502214.675433639
quilindschy hartman__2001-11-14,,,,,,,18595352.676427588,,,,22265932.04483013,,,,22995120.38702213,,,20555622.832584538,21103006.985216096,1959629.8428113104,21410777.438707333
quinten timber__2001-06-17,,,,,,,,,29297408.08978705,,,,,,,,31798201.382416975,,30547804.736102015,1768327.8955644532,30547804.736102015
rabbi matondo__2000-09-09,,,,,1508844.7180372658,,,,,1513456.4706549603,,,,,,,,,1511150.594346113,3261.001549126548,1511150.594346113
rabby nzingoula__2005-11-25,,,,,,,,,,,3262011.4821792976,3699598.9999847473,2980455.9055922376,,,,,,3314022.1292520943,362381.7436210146,3262011.4821792976
rachid ghezzal__1992-05-09,,,,,,,,,,,,,1366371.7592739766,,,,,,1366371.7592739766,,1366371.7592739766
radek vitek__2003-10-24,Radek Vítek,GK,1949999.999999999,3712013.0380437383,,,3010085.980957261,,,,,,,2770212.1046526646,,,,,3164103.707884555,489426.5467769012,3010085.980957261
radinio balker__1998-09-03,,,,,,,,,,,1000444.6260356437,,,,,984725.5760826842,,,992585.1010591639,11115.046815547761,992585.1010591639
radovan pankov__1995-08-05,,,,,982538.1549940824,1021886.5248011192,,878409.2610201044,972497.9691913937,,,983313.5680067858,,,,,,,967729.0956026971,53375.992175134736,982538.1549940824
radu dragusin__2002-02-03,Radu Drăgușin,DEF,15000000.00000001,13952791.688155703,,,,,14685065.417130664,,,,,,14519176.069835264,,,,14385677.725040546,383956.45532263303,14519176.069835264
raf smekens__2004-01-29,,,,,,,,,,,,,,,302250.82139755646,,,,302250.82139755646,,302250.82139755646
raffaele celia__1999-03-04,Raffaele Celia,DEF,612499.9999999997,548408.3163476288,,619353.2796294459,601282.2694382457,,,,,583413.9903029256,,,,,617457.8232525428,,593983.1357941577,29311.91526258932,601282.2694382457
raffaele di gennaro__1993-10-03,,,,,,,631653.1720991587,,,660159.2664070437,,,,,,,,,645906.2192531012,20156.852590248673,645906.2192531012
raffaele pucino__1991-05-03,,,,,,,,,,,,488070.4019460731,455582.7795369778,,,,,494553.0344187481,479402.0719672663,20881.215238908997,488070.4019460731
raffaele russo__1999-02-25,Raffaele Russo,MID,487499.9999999996,502110.93050667614,,,,,,,,,,,,487203.865197642,,,494657.3978521591,10540.886967608774,494657.3978521591
rafik belghali__2002-06-07,,,,,1888516.19401958,,,,,2016688.2720247044,,,,,,,,1787848.6420451698,1897684.3693631515,114694.96781306677,1888516.19401958
rafik el arguioui__2005-07-31,,,,,,,,,,,,,,,457670.0491778643,495199.97962456907,,,476435.01440121664,26537.668316324434,476435.01440121664
rafik guitane__1999-05-26,,,,,,,,3579586.2834289283,,,,,,,3650295.455098188,4192883.3497851416,,,3807588.3627707525,335543.0181114664,3650295.455098188
rafik messali__2003-04-28,,,,,,,,,856542.1709428255,,,,,,,951452.784705762,,,903997.4778242938,67111.9385983497,903997.4778242938
rafiki said__2000-03-15,Rafiki Saïd,MID,2050000.000000001,1940376.781430912,,,,2061116.0846153751,,,,,,,,2061544.1197570344,1867035.5220782312,1303512.797603445,1846717.0610969993,314790.98675367224,1940376.781430912
rafiu durosinmi__2003-01-01,Rafiu Durosinmi,FWD,8000000.000000002,12490713.965601752,,,11673383.814739965,,,,,,,,,,,,12082048.890170857,577939.6921425933,12082048.890170857
ragnar oratmangoen__1998-01-21,,,,,,,,,673120.8816163946,672222.5777058275,,,,659790.4277735173,,,,,668377.9623652465,7450.573820320409,672222.5777058275
raheem sterling__1994-12-08,,,,,,12034983.72831296,,,,,12456223.00990737,,,,,,,,12245603.369110165,297861.1525175573,12245603.369110165
rahim alhassane__2002-01-01,,,,,,,,2044957.475091024,,,,,1980420.7321937617,,2482494.917288172,2379401.919877218,,2022242.979210985,2181903.6047322317,231409.71639124566,2044957.475091024
ramazan civelek__1996-01-22,,,,,,,,,,850168.6467852436,,,,826879.8033478212,,,829177.2667044399,,835408.5722791683,12834.112125013711,829177.2667044399
rami kaib__1997-05-08,Rami Kaib,DEF,525000.0000000003,589899.1285756885,,,,590775.321842709,,,,,,596815.9321746902,,,,,592496.7941976958,3766.051421386716,590775.321842709
ramiro funes mori__1991-03-05,Ramiro Funes Mori,DEF,762499.9999999997,707588.1908064566,,,,,,,,,712814.0697396673,,,,,,710201.130273062,3695.254431333236,710201.130273062
ramiz zerrouki__1998-05-26,,,,,3581246.942000407,,,,3630358.9181964416,,,,,,,,,,3605802.930098424,34727.411405688516,3605802.930098424
ramon arias__1992-07-27,,,,,476757.18262732093,,440432.2158930315,,,,,,,501170.7206441326,,,,,472786.7063881617,30563.294996190747,476757.18262732093
ramon hendriks__2001-07-18,,,,,,,3837316.3562148055,,,,,,,,,,3975795.456786161,,3906555.906500483,97919.51106661925,3906555.906500483
ramon pascal lundqvist__1997-05-10,,,,,1034934.0502758217,,,964210.0451185284,,,,1010159.5067806628,,987603.8734728562,,,1009262.8489622462,,1001234.0649220232,26628.809867008928,1009262.8489622462
ramy bensebaini__1995-04-16,Ramy Bensebaini,DEF,12249999.999999987,14983063.793162856,,,,,,,17099972.729590375,,,,16209937.89711349,,15447396.20593911,,15935092.65645146,926767.1903787613,15828667.0515263
ramzi safuri__1995-10-21,,,,,1476124.1604070573,,,1654009.5319692786,,,,1525202.7720510364,1388269.5350540334,,,,,,1510901.4998703515,110954.19080573966,1500663.4662290467
randal kolo muani__1998-12-05,,,,,,,,,,,,,20006753.480894018,,,,,,20006753.480894018,,20006753.480894018
randy nteka__1997-12-06,Randy Nteka,MID,1450000.0000000002,2409430.4842142607,2308993.2069789986,,2064847.7337520886,,,,,2490444.56820658,,,,,,1940800.7282735836,2242903.344285102,232564.8333625024,2308993.2069789986
rani khedira__1994-01-27,,,,,,,,,,,4734709.893624236,,4487408.633232138,,4441445.980929008,,,4413324.870388117,4519222.344543375,146867.7793184616,4464427.3070805725
raoul bellanova__2000-05-17,,,,,,14862929.294174159,,,,,,,14209912.807709007,,,,,,14536421.050941583,461752.38580612256,14536421.050941583
raphael guerreiro__1993-12-22,Raphaël Guerreiro,DEF,11749999.999999994,14726137.98147713,,,10350390.289621064,,,,,,,12109212.824275829,14099845.314286955,,,,12821396.602415245,1989602.0340519215,13104529.069281392
raphael le guen__2006-09-01,,,,,,,,,566659.4136633736,,,,513246.73732486996,,,,,604691.668124191,561532.6063708115,45937.53320526097,566659.4136633736
raphael onyedika__2001-04-19,,,,,20445666.54146255,,,,,,,,,,,,,,20445666.54146255,,20445666.54146255
raphael sallinger__1995-12-08,,,,,,,,,1166162.1112338922,,,1099669.5391985993,,,989849.4135799388,,,,1085227.0213374768,89039.2137214285,1099669.5391985993
rares burnete__2004-01-31,Rares Burnete,FWD,800000.0000000005,759036.7837092605,,676126.8086481867,,,,,,,,,,744042.2842065676,,,726401.9588546716,44180.332729026915,744042.2842065676
rares ilie__2003-04-19,,,,,,,,2737440.39249955,,,,,2687461.0475370195,2480596.3761359765,2450030.053983473,2815230.0489152027,,2505958.8322997927,2612786.125228503,153280.33899693048,2596709.9399184063
rasmus falk__1992-01-15,,,,,,,,1258594.4506812938,,,,,,1164750.7009452088,,,,,1211672.5758132513,66357.55181035903,1211672.5758132513
rasmus hjlund__2003-02-04,,,,,,,,,,,21917881.64411104,,,,,,,,21917881.64411104,,21917881.64411104
rasmus kristensen__1997-07-11,,,,,18859059.491955467,18473793.018338595,,,18270191.980146438,20448448.201796114,,,,,,,,16358132.92217757,18481925.122882836,1463286.8583148897,18473793.018338595
rasmus lauritsen__1996-02-27,Rasmus Lauritsen,DEF,1550000.0000000012,918238.3049216475,,,,,,,,,,,,,1117272.5809557203,,1017755.4429386839,140738.48627224797,1017755.4429386839
rasmus nicolaisen__1997-03-16,,,,,,6911533.902256534,7153232.897966942,,,,,,8185446.39199094,,,,,,7416737.73073814,676601.326887304,7153232.897966942
rasmus vinderslev__1997-08-12,,,,,,1005106.0471632069,1121547.8536157913,,,914495.2859085298,,916832.7672471494,,897015.7393120732,,,,,970999.53864935,94112.19544851214,916832.7672471494
rasmus wikstrom__2001-03-18,,,,,,1539555.8018315423,,,,1526684.4431853394,,,,1472543.6632432546,,,1688457.1835719896,,1556810.2729580316,92442.87061093477,1533120.1225084409
rassoul ndiaye__2001-12-11,,,,,2256009.8886588435,,,,2724125.965904939,,,2621494.0506388117,2123912.135797579,,,2561316.403733833,2621800.50591043,,2484776.4917740724,237979.42867261224,2591405.227186322
raul florucz__2001-06-10,,,,,,3185702.114147094,3035350.753277853,,,,3695510.342241843,,,,,3438380.3759807204,,2480670.8603478842,3167122.889199079,458720.8835411094,3185702.114147094
raul jimenez__1991-05-05,Raúl Jiménez,FWD,4500000.000000002,4735427.334227453,4527659.983083143,,,,,,,,,,,4649813.266462447,,,4637633.527924348,104417.80295295967,4649813.266462447
raul oprut__1998-01-04,,,,,,,,,,,1262321.475678665,,,,,1234976.6712728667,,,1248649.073475766,19335.696625559856,1248649.073475766
raul paula__2004-01-25,,,,,,,978819.4345490444,,,,,,,,,,,,978819.4345490444,,978819.4345490444
rav van den berg__2004-07-07,,,,,,,,3249171.81010382,,3770775.0586492973,,,,,,4752700.58315898,3658683.0714447303,,3857832.630839207,637311.0738799053,3714729.0650470136
rayan aitnouri__2001-06-06,Rayan Aït-Nouri,DEF,37250000.00000006,45217363.71514897,42392750.19952675,41264867.61823397,,,45241291.92183071,,,,,,,,,,43529068.3636851,2016587.4386151277,43805056.95733786
rayan cherki__2003-08-17,,,,,,,,84549963.97005215,83639977.16136563,,,,84958650.59949553,,,77081812.83172904,,,82557601.14066058,3691898.4999654507,84094970.56570889
rayan fofana__2006-02-12,Rayan Fofana,FWD,4250000.000000002,3823418.7814603527,,,,,,,,,,,4713625.512428519,,5056043.044497828,3493572.3849418885,4271664.930832147,734150.4844102379,4268522.146944436
rayan philippe__2000-10-23,,,,,3715939.9944338975,,,,,,,,,,,,,3535840.8175572013,3625890.4059955496,127349.3492556274,3625890.4059955496
rayan raveloson__1997-01-16,,,,,,,,,,,,,,1866189.7279648837,,,1605849.8299102192,4172104.0199976102,2548047.8592909044,1412484.6992009622,1866189.7279648837
rayane bounida__2006-03-03,,,,,,,,,,,1494503.8468679995,1581566.1010658406,,,,,,,1538034.97396692,61562.31032868037,1538034.97396692
razvan marin__1996-05-23,,,,,,,,4273405.214580238,,3946821.374864315,4037314.0025249906,,5116217.77403402,,4052360.0158170736,,,,4285223.676364128,479815.50486825296,4052360.0158170736
razvan sava__2002-06-21,,,,,,,,,,,,,,3526812.375618722,,,,,3526812.375618722,,3526812.375618722
rdvan ylmaz__2001-05-21,,,,,,3808561.562083031,,,,,,,,,,,,,3808561.562083031,,3808561.562083031
reda belahyane__2004-06-01,,,,,,,,,3466242.017092061,,,,,,2997190.4983966607,,,,3231716.2577443607,331669.5095953664,3231716.2577443607
reda khadra__2001-07-04,,,,,3538967.3509536134,,,,,,,,,3601076.9564051894,,3884489.6144957603,3720667.2559400517,,3686300.2944486537,152129.44949293352,3660872.1061726203
reda laalaoui__2005-05-11,Reda Laalaoui,MID,787499.9999999994,591617.1330057753,,,518645.14849326044,,,587368.6671437712,,,,,696672.5367608648,,612546.1786117711,,601369.9328030886,63917.98900654978,591617.1330057753
reece james__1993-11-07,,,,,,,,,,,,,,569495.5720187823,736931.2379141309,,,,653213.4049664566,118394.89476708617,653213.4049664566
regan charlescook__1997-02-14,,,,,,,,,,,779701.6486454781,,,,,,,,779701.6486454781,,779701.6486454781
regan hendry__1998-01-21,Regan Hendry,MID,375000.00000000006,383525.55273209256,,,,,,,,,,,,,,,383525.55273209256,,383525.55273209256
reggie cannon__1998-06-11,,,,,,,,,,,1524410.0245111575,,1671414.5966582033,,1658323.003325822,,,,1618049.208165061,81357.6670666152,1658323.003325822
rein van helden__2002-07-24,,,,,2866404.497613865,,,,,,,,,,,,,3008035.841265928,2937220.1694398965,100148.48352493606,2937220.1694398965
reiss nelson__1999-12-10,,,,,,,,8254666.69340603,,,7547230.561745493,,6265866.923604607,,9234456.734489016,,,,7825555.228311286,1248897.1576879858,7900948.627575761
rekeem harper__2000-03-08,Rekeem Harper,MID,337500.00000000006,276432.934675154,,,,,,,,,,,,,,,276432.934675154,,276432.934675154
remi matthews__1994-02-10,,,,,243345.22619480416,255760.05393441927,,247756.3133154918,,225308.08370776297,204424.21043825,,,,217637.7904090148,,243982.586753513,,234030.60925046515,18563.914257838533,243345.22619480416
remi oudin__1996-11-18,,,,,,,,,,,,,,1720548.3592020373,,,,,1720548.3592020373,,1720548.3592020373
remko pasveer__1983-11-08,,,,,,,,,,310268.12901982147,,526870.3612732496,473991.0677531359,,,,,,437043.1860154024,112929.14250967801,473991.0677531359
remo freuler__1992-04-15,,,,,11306892.992195113,,,,,,,,,,,,,,11306892.992195113,,11306892.992195113
remy cabella__1990-03-08,Rémy Cabella,MID,1899999.9999999993,1648762.9739419648,,1684670.8605347802,,,,,,,,,,,,,1666716.9172383724,25390.71010785728,1666716.9172383724
remy descamps__1996-06-25,,,,,,,,,,,4188524.565066289,,,4461500.76524389,,,,,4325012.665155089,193023.32224811782,4325012.665155089
remy labeau lascary__2003-03-03,,,,,5108198.616581236,5023958.4011749765,,,,,,,,,,,,4892765.5415009875,5008307.5197524,108565.94782255928,5023958.4011749765
remy riou__1987-08-06,,,,,,129439.09165457067,,,,114827.28376814206,102840.00531688677,,,,,,,,115702.12691319984,13321.105862361108,114827.28376814206
remy vita__2001-04-01,,,,,1597681.7542036597,1944893.5915360304,,,,2000018.8292126236,,,1544085.5226621563,,,,1586324.8931594659,,1734600.9181547873,218916.89573519575,1597681.7542036597
renan ribeiro__1990-03-23,,,,,192263.81429271802,200284.92438445994,,227235.7876324221,,,,180849.01516012033,148923.77615349588,,,,,209170.2623525191,193121.26332928924,26748.646113104307,196274.36933858896
renat dadashov__1999-05-17,Renat Dadashov,FWD,1350000.0,909677.7950254823,,908016.9925049131,,,,889766.768571733,,,,,,,,1671988.476710663,1094862.508203198,384856.36743765755,908847.3937651977
renato steffen__1991-11-03,,,,,,2496039.1076608454,,,,,,,2496302.514267254,,,2804058.2952121133,2222046.1789648244,,2504611.5240262593,237805.29077996998,2496170.81096405
rene mitongo__2008-01-18,René Mitongo,FWD,700000.0000000006,848359.8519414671,,,,,922012.4764564459,,,,,,,,,,885186.1641989565,52080.27024672801,885186.1641989565
reo hatate__1997-11-21,,,,,,8071929.6289899275,6904589.668801392,,,,,,,8827750.502704266,,,8188760.650042102,6883680.51796459,7775342.193700457,854358.3380628327,8071929.6289899275
rhian brewster__2000-04-01,,,,,,,,,,,,1821891.7512893367,2037749.0031954984,,,1852752.1617889015,,2110197.1717827497,1955647.5220141215,140361.80488751276,1945250.5824922
rhys healey__1994-12-06,,,,,,,,,,,,611110.7601258946,,,661399.7451985113,710102.3285127291,580480.951595339,,640773.4463581184,56999.99410494777,636255.2526622029
rhys norringtondavies__1999-04-22,,,,,1276162.9940310507,,,1493539.8741082067,1420147.38104937,,,,,1315372.5276797249,,,,,1376305.6942170882,99007.33579532319,1367759.9543645475
rhys williams__2001-02-03,,,,,,,,493816.03447256226,,,,502804.1188096311,,,,,,,498310.0766410967,6355.53538461797,498310.0766410967
ricardo pepi__2003-01-09,,,,,,12456719.51831673,,,,,,,,,,13754265.558237191,,,13105492.538276961,917503.6037295082,13105492.538276961
riccardo brosco__1991-02-03,,,,,404497.9142777708,,,,,,383743.11918110756,,,,,,,369453.3269809801,385898.12014661945,17621.401663080425,383743.11918110756
riccardo calafiori__2002-05-19,,,,,,,,33598920.14408922,,,27486435.14348033,35203160.15622959,,,,,,,32096171.81459971,4071934.507937861,33598920.14408922
riccardo capellini__2000-03-01,Riccardo Capellini,DEF,749999.9999999998,782472.0823567662,,,,,,,739974.2576479316,,,,736236.216520199,,745657.1037121005,,751084.9150592494,21280.24094003494,742815.680680016
riccardo ciervo__2002-04-01,,,,,983562.6176255156,1146122.9026353518,,,980738.4287391102,,,1036173.5885109513,,,,,,,1036649.3843777322,77306.57010896382,1009868.1030682335
riccardo marchizza__1998-03-26,,,,,,,1534605.4869737572,,,,,1297918.3892775706,1187482.3144762712,,,,,,1340002.0635758664,177346.83801244842,1297918.3892775706
riccardo orsolini__1997-01-24,,,,,,,,,,,,29127912.114258025,,,,,,,29127912.114258025,,29127912.114258025
riccardo pagano__2004-11-28,,,,,,,,,680550.034574576,,739964.0593105762,,,,,,,658002.6182202807,692838.9040351444,42340.07192794622,680550.034574576
riccardo sottil__1999-06-03,Riccardo Sottil,MID,6250000.000000005,7085670.073484673,,,,,,,,,,,,,,6002075.7235664725,6543872.898525573,766216.9128825883,6543872.898525573
riccardo tonin__2001-01-30,Riccardo Tonin,FWD,412500.00000000006,520198.7197735635,,,,532861.0095103988,,490073.777237741,,510389.59453082806,567203.5601262349,,,,,,524145.33223575325,28703.836630058755,520198.7197735635
richard king__2001-11-27,,,,,,,,,334578.41251565213,,,,,,333109.15504868684,334993.8421316041,,,334227.1365653143,990.2310059239059,334578.41251565213
richard neudecker__1996-10-29,,,,,,444782.0366025901,513234.2238974754,,,,,,409937.20314379985,,,,,435861.26353410305,450953.6817944921,44072.24273419503,440321.6500683466
richard rios__2000-06-02,,,,,19734810.063401297,,26801242.111212112,22150764.534391347,,,,20942892.74137454,,,21335848.04826108,22557512.191208962,,,22253844.948308222,2436740.079371169,21743306.291326214
richard taylor__2000-10-02,,,,,,,,,,892509.6226833821,,,,,859476.9819659252,,,,875993.3023246536,23357.60425181266,875993.3023246536
richie sagrado__2004-01-30,,,,,,,,,,,1971815.801860658,,1565029.3081702928,,,,,1292485.2276606984,1609776.77923055,341868.775095691,1565029.3081702928
richonell margaret__2000-09-07,,,,,,,,,,777056.2048122039,,,,,,,902690.233428957,1211786.3066469186,963844.2482960265,223723.99404417194,902690.233428957
rick meissen__2002-02-24,,,,,,,1413442.2250118006,,,,,,,,,,,,1413442.2250118006,,1413442.2250118006
rick van drongelen__1998-12-20,,,,,,,,5502816.946770925,,,,,5946214.041981165,,,5654859.194913204,5894565.47602363,,5749613.914922231,207805.81117795818,5774712.335468417
ricky van wolfswinkel__1989-01-27,,,,,,690048.3469782542,,,,,,704633.633626782,584889.2124241684,,,,,629091.3164951742,652165.6273810946,55517.360515401364,659569.8317367141
rico henry__1997-07-08,,,,,,8811827.712069176,,,9288968.931538958,9822165.334512033,,,,,,,,,9307653.992706722,505427.9142113179,9288968.931538958
rico lewis__2004-11-21,,,,,,,36224389.01390535,21197054.128452763,,,,,,26239086.714686975,,,,,27886843.285681695,7647975.20444642,26239086.714686975
rico richards__2003-09-27,,,,,,,,,,328532.3710903193,209656.43777455098,,,,,,,,269094.40443243517,84057.9785674596,269094.40443243517
ridgeciano haps__1993-06-12,Ridgeciano Haps,DEF,937499.9999999995,1076507.7806991297,,,,,,,,,1132256.5825978878,,1255080.7626815576,,,1195810.6149828723,1164913.9352403618,77388.22570284782,1164033.5987903802
ridle baku__1998-04-08,,,,,15317629.519400204,15672721.655912489,,,,,,,,,,,,,15495175.587656345,251088.05767385603,15495175.587656345
riechedly bazoer__1996-10-12,Riechedly Bazoer,DEF,3900000.000000001,4343075.918515834,,,,,,4493113.955553681,,4640946.544234036,,,,,,,4492378.806101183,148936.67362330997,4493113.955553681
rigoberto rivas__1998-07-31,,,,,,,,,,,1057497.8777122276,887201.2611261058,,,,908337.7910868743,,,951012.3099750694,92822.78991133766,908337.7910868743
rijad sadiku__2000-01-18,,,,,,504122.00051649596,,,,572981.027623214,,,483467.5156417383,,,,555835.180241092,,529101.4310056351,42215.86797444281,529978.590378794
rijk janse__2002-04-16,,,,,,,,,240409.86845255332,,,,,,,252314.25815389745,,,246362.06330322538,8417.674683707733,246362.06330322538
riley harbottle__2000-09-26,,,,,,,387796.8833249818,,,,,,,435114.7780379185,442278.15220391273,,,,421729.93785560434,29604.351448632704,435114.7780379185
riley mcgree__1998-11-02,,,,,,,2780285.519330159,,,,2248096.8036730248,,,,,,,,2514191.161501592,376314.2497121189,2514191.161501592
ringo meerveld__2002-12-21,,,,,3810004.3348539434,,,,,,,,,,,,,,3810004.3348539434,,3810004.3348539434
rio hillen__2003-03-05,,,,,754364.4387837867,798819.6414958291,724232.4289143169,,,,,801828.0269738829,,860777.8159064178,,,,,788004.4704148466,51967.64248253756,798819.6414958291
rio ngumoha__2008-08-29,,,,,6841365.418062911,8147552.131822744,,,8194972.427419338,,,,6555391.890359013,,,,,7172156.6525750775,7382287.704047817,752760.7138034266,7172156.6525750775
ritsu doan__1998-06-16,,,,,,,,22642496.863154106,,25285967.134873867,,,,,,22128471.967897315,,,23352311.988641765,1694202.4869089187,22642496.863154106
rjan nyland__1990-09-10,,,,,,,,,968597.363968653,,,910769.157105549,775571.8346892095,,,,,,884979.451921137,99063.3403864744,910769.157105549
rob holding__1995-09-20,,,,,,,,,,,,,,,2114894.0578119354,,,2638308.160191636,2376601.1090017855,370109.66116135614,2376601.1090017855
robbie brady__1992-01-14,,,,,,,,,,,1144607.773934794,,,,1143479.5134734036,,,,1144043.6437040986,797.8006231937095,1144043.6437040986
robbie deas__2000-02-27,Robbie Deas,DEF,800000.0000000005,900437.1021157276,,,,,,,1013275.8906772326,,,,,851151.1125159241,,,921621.3684362947,83112.51878098096,900437.1021157276
robbie gotts__1999-11-09,,,,,,,416879.8288826197,,,444898.02339307574,355944.27404654375,,,,,,,406710.4169683731,406108.1358226531,37136.95607691102,411795.1229254964
robbie muirhead__1996-03-08,,,,,,,,,,,,,,300402.8488776094,275941.36306959554,,,,288172.1059736025,17296.882492745106,288172.1059736025
robbie ure__2004-02-26,,,,,,1580099.0457478517,,,,,1730904.4435289528,,,1680623.8712436594,,,,1616613.2459997495,1652060.1516300533,67000.47841062197,1648618.5586217046
robbin weijenberg__2004-11-08,,,,,339186.7458596586,,285363.121634937,384339.8609894423,386969.44320002233,,,411552.26053741004,,,,385503.2193641074,,,365485.775264263,45718.9725222408,384921.54017677484
robert andrich__1994-09-22,,,,,,,9666370.686589576,,,,14522922.094644811,,,,,,,,12094646.390617194,3434100.433816932,12094646.390617194
robert bozenik__1999-11-18,,,,,,,,,,2425657.4911699933,,,,,,2409884.0757448385,,,2417770.783457416,11153.489009599482,2417770.783457416
robert glatzel__1994-01-08,,,,,,2023969.4308354424,,,,,,,,,,,,,2023969.4308354424,,2023969.4308354424
robert gumny__1998-06-04,,,,,,,,,,,,,,1455403.3267442512,,,,1633094.7616157567,1544249.044180004,125646.81855640929,1544249.044180004
robert ivanov__1994-09-19,Robert Ivanov,DEF,299999.99999999977,414490.3389368812,402717.9332761384,,,370102.5750741646,,,,,,,340538.15312809503,,,,381962.2501038198,33394.02466083057,386410.25417515147
robert leipertz__1993-02-01,,,,,380246.6512371127,,,,,,,,387151.39912696223,,,,,,383699.0251820375,4882.3940552961085,383699.0251820375
robert lewandowski__1988-08-21,,,,,,24217951.062266596,25725938.403351784,,30500589.570223033,,,,,24941446.529230867,,,28070978.54877428,26525130.46081059,26663672.429109525,2304282.868777416,26125534.432081185
robert ljubicic__1999-07-14,,,,,,2341211.304827569,1870616.3716420163,,,,,,,,2596962.3283232558,,,,2269596.6682642805,368430.5963466731,2341211.304827569
robert mudrazija__1997-05-05,,,,,590297.3902533923,,,582331.2994569116,,,,,,,,,,,586314.344855152,5632.876821739216,586314.344855152
robert muhren__1989-05-18,,,,,275191.0284885333,,,,,,,,211453.79172550284,,,,,,243322.41010701808,45069.03232923133,243322.41010701808
robert street__2001-09-26,,,,,611453.4144919727,,,,,608097.0767565232,,,,,,,,,609775.2456242479,2373.2891726885923,609775.2456242479
robert voloder__2001-05-09,,,,,479597.3776288754,,,,,,,424652.471244305,,,,,,,452124.92443659017,38851.91589618973,452124.92443659017
robert wagner__2003-07-14,,,,,,,,,,,1704224.5695593217,,1263402.236771718,,,,,,1483813.4031655197,311708.4608125876,1483813.4031655197
robertjan vanwesemael__2002-03-26,,,,,,,,2074017.9306927063,1761469.7279386946,,,,,,,,1733830.8496718567,,1856439.5027677526,188934.52866451643,1761469.7279386946
roberto gagliardini__1994-04-07,,,,,2078879.2882959263,2216583.858049921,2068108.8682366128,,,2474266.3554416355,2089936.6017889702,,1785050.7915185734,2131001.9275613157,2272010.858288944,,,,2139479.818647737,197304.73590224635,2110469.264675143
roberto insigne__1994-05-11,,,,,,,,,,,2211333.8102447665,,,,,,,,2211333.8102447665,,2211333.8102447665
roberto pereyra__1991-01-07,,,,,,,2004390.8626806051,,,,,,,,2167041.656914683,,,,2085716.259797644,115011.4795682943,2085716.259797644
roberto piccoli__2001-01-27,Roberto Piccoli,FWD,14250000.000000017,10750434.230259897,,,,,,10372742.389228692,,,,,10054041.017692713,,10687939.60016004,11502215.53886321,10673474.55524091,540157.7061730841,10687939.60016004
roberto rosales__1988-11-20,,,,,332416.5174837044,,,,321316.5074198933,,241960.7920047987,,,,,,296960.53456986754,,298163.587869566,40288.63558173555,309138.5209948804
roberts uldrikis__1998-04-03,Roberts Uldriķis,FWD,612499.9999999997,631778.8628446492,573885.9738415359,673876.5722775464,,597112.072266697,,606455.9573785057,,583861.8760034448,,,,,,,611161.8857687298,36640.19326448082,601784.0148226013
robin bormuth__1995-09-19,,,,,,,549950.7880942881,557419.2932181862,,,,,,,,506081.1473142353,,,537817.0762089032,27736.645963453964,549950.7880942881
robin fellhauer__1998-01-21,,,,,,,,2802614.053628314,3462175.433044055,,,,,3618869.485964179,,,,,3294552.990878849,433175.7092018473,3462175.433044055
robin gosens__1994-07-05,,,,,15021358.973812886,,,13075774.700856833,14503977.855003143,,,,16870637.99637619,,14518891.382899579,,,,14798128.181789726,1367125.4547360707,14518891.382899579
robin hack__1998-08-27,Robin Hack,MID,11749999.999999994,9636758.31735705,,,,,8853948.954403648,,,9758735.829627723,,,,9731194.838148374,,,9495159.484884199,430653.12849814707,9683976.577752713
robin himmelmann__1989-02-05,,,,,,,,,,,,,,,159331.41394453813,,,,159331.41394453813,,159331.41394453813
robin hranac__2000-01-29,,,,,,,,4820679.414545437,4936300.679217264,,,,4915079.876382459,,,,,,4890686.656715053,61549.50109777395,4915079.876382459
robin knoche__1992-05-22,Robin Knoche,DEF,1625000.0000000012,1052522.6736658008,,,910360.361144698,995376.6815239371,,,,,,,1029585.398831054,1099123.6768807026,,1043273.8044765049,1021707.0994204497,64127.22273974108,1036429.6016537794
robin koch__1996-07-17,,,,,18096859.229720015,,,,,,,,18914923.09851119,18300354.565258946,18798587.444816682,,,,18527681.084576707,391846.67510894017,18549471.005037814
robin le normand__1996-11-11,Robin Le Normand,DEF,27250000.00000005,21205294.668457046,,,,,21782951.237349194,,27870644.70664193,,23371287.452308204,,,,19787061.50611323,,22803447.914173923,3110185.6577062085,21782951.237349194
robin lod__1993-04-17,Robin Lod,MID,2449999.9999999995,1998550.8290380994,,1855761.0604788926,1088340.674003136,,,,,,,,2199054.447913375,,,1307077.8141013356,1689756.9651069678,471815.59530556866,1855761.0604788926
robin mantel__2000-11-15,,,,,,241748.40019572826,234553.23637734086,,,,246433.14527445732,,,,,,,,240911.59394917547,5983.998861267357,241748.40019572826
robin mirisola__2006-12-08,Robin Mirisola,FWD,2150000.0,2379627.471619497,,,,,1736452.7886087648,,1486194.1106417875,,,,,,,2009112.0001868454,1902846.5927642237,382926.6823543879,1872782.394397805
robin olsen__1990-01-08,,,,,,367764.12629075,,,,,,,261105.67071764584,,,,,,314434.89850419795,75418.91720662605,314434.89850419795
robin propper__1993-09-23,Robin Pröpper,DEF,2050000.000000001,1886709.3163657566,,,,,,,,,1615805.945737316,,,,,,1751257.6310515362,191557.6104176629,1751257.6310515362
robin risser__2004-12-02,,,,,9415226.362506561,,,,,,11076312.187201357,,9459578.862275578,,,,,,9983705.8039945,946484.7159501408,9459578.862275578
robin roefs__2003-01-17,,,,,,,,,,,22167305.07402155,,,19688600.662163563,21749442.63089566,,,,21201782.789026927,1327005.0365909808,21749442.63089566
robin strm__2002-08-09,Robin Østrøm,DEF,1350000.0,1513927.1953113007,,,,,1382199.2584107062,,1328623.060135277,,,,,,1486148.7210531412,,1427724.5587276062,87059.24666495863,1434173.9897319237
robin van cruijsen__2006-02-20,,,,,,,,,,,,,,,,,,1046285.1501857522,1046285.1501857522,,1046285.1501857522
robin yalcn__1994-01-25,,,,,,,,,,,,824759.6763255296,,,,,826675.6472537378,,825717.6617896337,1354.7960358923049,825717.6617896337
robin zentner__1994-10-28,Robin Zentner,GK,5500000.000000001,4836223.767675683,,,4929996.810996849,,,,4463753.644699301,,,,,,,4328320.37430613,4639573.649419491,289141.3478556602,4649988.706187492
robin ziegele__1997-03-13,,,,,471706.61531276256,,,469021.46522667544,,,,,,,,,500491.46741698054,,480406.5159854728,17445.81506409834,471706.61531276256
rocco ascone__2003-09-12,,,,,,,,,,,896034.6811637878,1200967.8798208884,,,,,,,1048501.2804923381,215620.33257934044,1048501.2804923381
rocco reitz__2002-05-29,,,,,13285458.83679486,,,,,,,,,15825468.20955856,,,,14374557.667723367,14495161.571358928,1274292.305403655,14374557.667723367
rocco robert shein__2003-07-14,,,,,,,,1172622.45863773,,1206256.2487805309,1161870.9421713068,,,,,1150227.7425575478,,1382090.9438720671,1214613.6672038366,95928.4741046241,1172622.45863773
rocco vata__2005-04-18,Rocco Vata,MID,1275000.0000000002,2261055.159519046,,2414281.182725579,,,2283900.8733607107,2391395.983497341,,,,2324673.7811422376,,,,2135624.9102236815,2301821.9817447662,100794.19121476843,2304287.3272514744
rockson yeboah__2004-08-02,,,,,,488269.961945677,,,535050.0716788884,,,,,527116.7740607497,,,451320.692696725,,500439.37509551004,38601.9149375662,507693.3680032133
rocky bushiri__1999-11-30,,,,,,1121470.2406102102,,,,,,,,,,,,,1121470.2406102102,,1121470.2406102102
rodrigo abascal__1994-01-14,,,,,,,,,,,,,,,,,1384457.8586604514,,1384457.8586604514,,1384457.8586604514
rodrigo battaglia__1991-07-12,Rodrigo Battaglia,DEF,2599999.9999999986,2623675.5753698577,,,,,,,,,,,,,,,2623675.5753698577,,2623675.5753698577
rodrigo de paul__1994-05-24,,,,,,,,14747216.98482426,,,,,,,,,,,14747216.98482426,,14747216.98482426
rodrigo guth__2000-11-10,,,,,,1575759.468519556,,,,,,,,1473014.7926547092,,1445577.2604641125,,,1498117.1738794593,68625.42517837114,1473014.7926547092
rodrigo huescas__2003-09-18,,,,,,,,,5315168.446692245,,3291358.8030517623,,4375748.996097579,4328051.133174491,,,,3857826.595755195,4233630.794954253,746314.5748195432,4328051.133174491
rodrigo rey__1991-03-08,,,,,,,,1419377.1471394754,,,,1459018.1051820223,,,,,,,1439197.6261607488,28030.3902446163,1439197.6261607488
rodrigo zalazar__1999-08-12,Rodrigo Zalazar,MID,19499999.99999998,18672764.71347329,,,,,18793784.927152596,,,,,18735448.91876005,18355386.24873934,,,,18639346.20203132,195650.28661731165,18704106.81611667
roger fernandes__2005-11-21,,,,,,10103706.649825677,7663960.272822956,,,10266739.084348088,,,,,,,,,9344802.00233224,1457932.2972694577,10103706.649825677
roger martinez__1994-06-23,,,,,,,,2913355.829347351,,,,3719215.217325108,,,,,3385770.7766390694,,3339447.2744371765,404921.8917768684,3385770.7766390694
roggerio nyakossi__2004-01-13,Roggerio Nyakossi,DEF,600000.0000000003,553770.9220713149,,,460560.37275978643,,,,543599.3692749353,,540256.5976214093,,,,,,524546.8154318614,43043.04171054501,541927.9834481723
roland idowu__2002-01-21,,,,,339170.906684732,,,,,,384055.9215267771,,,,,,,,361613.4141057546,31738.49836846891,361613.4141057546
roland sallai__1997-05-22,Roland Sallai,DEF,11749999.999999994,10342547.799504366,,,,9782296.839865986,,,,,,9054083.076679626,,,11388604.2012095,,10141882.97931487,984410.3133418029,10062422.319685176
rolando mandragora__1997-06-29,,,,,,,,,,,7957393.792735662,7945045.643068362,,,,,,,7951219.717902012,8731.460364854442,7951219.717902012
romain del castillo__1996-03-29,,,,,,,,,,,,,,7852955.945670569,7651090.6144419955,,,,7752023.280056283,142740.3445981931,7752023.280056283
romain faivre__1998-07-14,Romain Faivre,MID,6999999.999999995,7911364.859273695,,,,,,,,,,9205019.592582155,,,8597092.234128414,,8571158.895328088,647217.1550560483,8597092.234128414
romain matthys__1998-07-10,Romain Matthys,GK,587500.0000000002,553094.2987608418,640384.1843939328,,,,602928.9272892209,,503198.2255757843,582707.359088845,,,,,,619822.9644850226,583689.3265989412,49610.37442818427,592818.1431890329
romain perraud__1997-09-22,,,,,,8736682.4905485,,,,,,8861490.475581024,,8692364.16437565,,,,,8763512.376835058,87697.25984371723,8736682.4905485
romaine mundle__2003-04-24,,,,,5263298.560563931,,,4294659.584174081,,,3874114.784650488,,,,5159051.115384902,,4951384.706088898,,4708501.75017246,599427.4994066809,4951384.706088898
roman kvet__1997-12-17,Roman Květ,MID,1600000.0000000012,1795259.1853606452,1662728.7167030124,,,,,,,,,1558471.5767969023,,1747724.102072145,,,1691045.8952331762,104004.23305235333,1705226.4093875787
roman neustadter__1988-02-18,,,,,,,,,191943.46551233955,191892.41539537843,,,,,232645.2328217019,,,,205493.7045764733,23513.927066043136,191943.46551233955
roman yaremchuk__1995-11-27,,,,,5066636.161733969,,3577246.464853625,,,,4827814.3302994445,,,,,,,,4490565.65229568,799920.5713099247,4827814.3302994445
romano floriani mussolini__2003-01-27,,,,,,,,,,2879777.3464368517,,2844827.203394412,,,,,,,2862302.274915632,24713.48314874887,2862302.274915632
romano schmid__2000-01-27,,,,,,17079268.829485204,,,,,,,,,16057385.46082554,,,,16568327.145155372,722580.6595610011,16568327.145155372
romario rosch__1999-07-01,,,,,954172.6932235286,,1038408.3908681071,678037.9250316041,,,,,,887634.7893525577,829758.6113316811,,,,877602.4819614956,135957.0089431296,887634.7893525577
romejayden owusuoduro__2004-07-02,,,,,3474194.534024463,,,,,3690997.905849032,2950874.481833822,,,3516664.901512958,,,3030511.9353903458,3260220.180828134,3320577.3232397926,291108.6046941466,3367207.357426299
romelu lukaku__1993-05-13,,,,,,,,23604482.015786022,,,,,25004017.549935177,,27349377.41698178,,,25979263.76986769,25484285.188142665,1579861.7861017745,25491640.659901433
romeo beney__2005-01-19,,,,,,,,,,,,,,,,753822.260990106,,,753822.260990106,,753822.260990106
romeo lavia__2004-01-06,,,,,,,,,28416842.520678148,,,,31219865.4854948,,,,29204120.403114665,,29613609.469762538,1445681.6409917132,29204120.403114665
romeo vermant__2004-01-24,Romeo Vermant,FWD,5750000.000000005,6764581.276735149,,,,,5894895.070972138,,,,,,,6740767.222697648,,,6466747.856801645,495382.15933575097,6740767.222697648
ronael pierregabriel__1998-06-13,,,,,2565603.9001677805,,,,2721561.2092340486,,,,,,2840232.7929105274,,2486850.9030945036,,2653562.2013517153,158112.92856654417,2643582.554700915
ronald araujo__1999-03-07,,,,,,,39485225.520522006,,,,,,,,33658382.464613184,,,34003620.17289545,35715742.71934355,3269028.557551946,34003620.17289545
ronald koeman jr__1995-05-23,Ronald Koeman Jr.,GK,775000.0000000007,947650.6931823094,,900697.4561669865,812398.1504426418,,,998146.2249197464,,906942.2046334834,,,,,,888845.2426461955,909113.3286652273,62051.82798010003,903819.830400235
ronnie stutter__2005-01-06,,,,,439318.0176477227,,,,,482283.49121443194,,500685.1273256512,,,,,,,474095.54539593525,31492.259050450863,482283.49121443194
ronrobert zieler__1989-02-12,,,,,,,,,,,,535456.6972203407,,,550628.5201277533,,,,543042.608674047,10728.098860792808,543042.608674047
ronthorben hoffmann__1999-04-04,,,,,,,,,,,1437372.0747683316,1677582.9751971238,,,,,,,1557477.5249827276,169854.75660812555,1557477.5249827276
roony bardghji__2005-11-15,,,,,12697207.063374287,,,,,,10287323.366115345,,,,13379565.465460334,12293439.443606723,13257056.381779924,,12382918.344067324,1250572.366747104,12697207.063374287
rory mckenzie__1993-10-07,Rory McKenzie,MID,212500.00000000017,208245.7505484111,,,,203303.5982744838,,,,,,,194972.57367743918,,,206766.45855285708,203322.0952632978,5939.160229314183,205035.02841367043
rosen bozhinov__2005-01-23,,,,,1182234.6283071602,,,,,1107453.4593462057,1057682.3347315255,,1014840.4553192403,,1027957.5719673361,,,1062056.043345003,1075370.7488360787,61402.40418608373,1059869.189038264
ross barkley__1993-12-05,,,,,8232217.675675265,,,,,,,,,,,,,7855536.748191241,8043877.211933253,266353.6381675911,8043877.211933253
ross doohan__1998-03-29,,,,,,,241920.32665243364,295347.1957642093,,230768.8156156304,,,,250515.59860200417,,,,,254637.98415856936,28317.897706835192,246217.96262721892
ross fitzsimons__1994-05-28,,,,,222556.68660673915,,,,,215972.64017864043,,,216736.1151934453,,,,,235092.21960038954,222589.41539480357,8838.627753319288,219646.4009000922
ross maciver__1999-02-28,,,,,,,279761.1705705359,,,,,,,,273305.451979384,,,,276533.31127495994,4564.882393235556,276533.31127495994
ross mccrorie__1998-03-18,,,,,,,,,,,,,,,1814197.998312033,,,,1814197.998312033,,1814197.998312033
ross stewart__1996-07-11,,,,,,2267963.123202922,,,2346399.290835177,,,,2106371.827875414,2531713.3717428627,,,,,2313111.903414094,176705.5208580185,2307181.2070190497
ross sykes__1999-03-26,,,,,3256869.6718618646,,3382590.408582557,3419300.8251293884,,,,,,,3470061.3407184966,,,2736580.996786642,3253080.6486157896,299277.7943604493,3382590.408582557
ross tierney__2001-03-06,,,,,590092.5598514946,,,,,,,,,,,629891.4248529569,,,609991.9923522258,28142.047326061936,609991.9923522258
roy kortsmit__1992-08-26,Roy Kortsmit,GK,349999.9999999997,302468.0283762296,,303894.4475228682,292441.40422969736,,,,,300255.89943594567,301888.70733168843,,,,,306094.15447425656,301173.773561781,4709.462984444448,302178.367853959
roy steur__2005-02-01,Roy Steur,GK,312500.00000000023,300625.7624366952,,,,,,,,286163.08670643374,,,,,,,293394.4245715645,10226.65608297,293394.4245715645
royer caicedo__2006-05-05,,,,,,433949.7347330588,,,462413.6077898762,,,,,,,,414698.3266450647,,437020.5563893332,24005.40507709844,433949.7347330588
rozangelo daal__2004-02-10,,,,,,,3325641.5764283463,,,,,,,,,,,,3325641.5764283463,,3325641.5764283463
ruben aguilar__1993-04-26,Ruben Aguilar,DEF,5500000.000000001,5530619.920600275,,4818584.546204368,,,,,,,,,,,,,5174602.233402321,503485.041680048,5174602.233402321
ruben bentancourt__1993-03-02,,,,,,,,,,1238205.2804100055,1233767.4288628772,,1190403.5512339484,,,,,,1220792.0868356104,26410.621984320875,1233767.4288628772
ruben botta__1990-01-31,,,,,,,,,,,,,,,,1748113.0388146013,,,1748113.0388146013,,1748113.0388146013
ruben kluivert__2001-05-21,,,,,,2358257.1056748345,,,,,,,,,,2826003.6013406594,,3301373.702565666,2828544.80319372,471563.4338165749,2826003.6013406594
ruben loftuscheek__1996-01-23,,,,,,,,,20987558.157616846,,,,,,,23075845.928278975,,,22031702.04294791,1476642.4437041292,22031702.04294791
ruben roosken__2000-03-02,,,,,738162.6187141273,,,730743.5921184422,,,,,,,695654.6298536077,,,,721520.2802287258,22705.382421416136,730743.5921184422
ruben van bommel__2004-08-03,Ruben van Bommel,MID,10750000.000000006,9384731.668731097,,10333664.088605994,9956014.45336456,,,10343803.270445677,9936895.375073234,,9051202.50848716,,,9898097.648094095,9310525.218639802,,9776866.778930202,478341.3638894955,9917496.511583664
ruben vargas__1998-08-05,,,,,,,12124552.772604354,,,13860481.836692618,,,11330188.44653905,14423216.11011007,,,,,12934609.791486524,1449545.6807684486,12992517.304648485
ruben yttergard jenssen__1988-05-04,,,,,,230399.580359004,,,192840.22101314677,,,,,,,,,,211619.9006860754,26558.477690477976,211619.9006860754
rudy camacho__1991-03-05,,,,,,,,,,,,,,637070.8115430198,,,613536.2390983272,,625303.5253206736,16641.455767968204,625303.5253206736
runar alex runarsson__1995-02-18,Rúnar Alex Rúnarsson,GK,637500.0000000003,435931.9030928844,,,310996.2820482444,,,,,,,,,441804.01834132324,429732.7043066691,,404616.2269472802,62607.600494579,432832.30369977676
runar norheim__2005-02-14,Runar Norheim,DEF,1899999.9999999993,1674005.4651442838,,,1403551.7331020704,,,,,,,,,1544259.981352714,,,1540605.7265330227,135263.89199489186,1544259.981352714
rushian hepburnmurphy__1998-08-28,,,,,380134.4439584907,,,,,,,,407871.81658836006,,,,,357594.8799730387,381867.0468399632,25183.209156378896,380134.4439584907
ruslan malinovskyi__1993-05-04,,,,,,3667789.549267017,,3675756.885422054,,,,,4041466.77600125,,,,,,3795004.4035634403,213479.8477189522,3675756.885422054
ruslan neshcheret__2002-01-22,,,,,,,,,2083087.8424284633,,2001141.5687711816,2519816.894970108,,,2055377.3906637144,,,,2164855.924208367,239075.4758407082,2069232.6165460888
ryan alebiosu__2001-12-17,,,,,,,,,,,,1794137.0044292042,,1905481.3176477156,,,,,1849809.1610384597,78732.31892336835,1849809.1610384597
ryan allsop__1992-06-17,,,,,,,,,,,,,,622697.7524236996,,,644599.2804670214,,633648.5164453605,15486.71899778018,633648.5164453605
ryan astley__2001-10-04,,,,,,,,595696.5311462592,,,,,,,,,,,595696.5311462592,,595696.5311462592
ryan edmondson__2001-05-20,Ryan Edmondson,FWD,287499.9999999999,386107.10726209905,,,,,,,,,,,,,,,386107.10726209905,,386107.10726209905
ryan flamingo__2002-12-31,,,,,11162579.951266155,,,,,,,12046842.108422302,,10985729.303703707,12501184.01092684,,12649694.189573854,,11869205.912778571,761571.4104768048,12046842.108422302
ryan fraser__1994-02-24,,,,,,,,2371963.388675177,,,3074744.6204360933,2267028.175784603,,,,,,,2571245.394965291,439188.4017860339,2371963.388675177
ryan fulton__1996-05-23,,,,,,,,,,,260066.19025128256,270275.5542501075,,,,,,,265170.872250695,7219.110515170919,265170.872250695
ryan giles__2000-01-26,,,,,2888620.939159148,2652332.2607714953,,,,,,,,,,,2388713.5566823906,,2643222.252204345,250078.1716898956,2652332.2607714953
ryan gravenberch__2002-05-16,,,,,78925110.91245988,,92975916.7214133,,73323822.2704219,73861383.27329424,97684893.0076906,,71943401.82671069,77343226.68492903,,,,,80865393.52813138,10257225.772296134,77343226.68492903
ryan hardie__1997-03-17,,,,,,,,,,,,,,,1718541.9222499037,1732226.0944769266,,,1725384.008363415,9676.170976652538,1725384.008363415
ryan howley__2003-11-23,,,,,,,,296040.5952122359,,306124.38346418494,,,,,,,,,301082.48933821043,7130.315053002428,301082.48933821043
ryan ledson__1997-08-19,,,,,,1032984.1195102935,1182842.8692119753,,,,,1204535.9013097747,,,,,1050494.165010976,,1117714.2637607548,88463.68561043967,1116668.5171114756
ryan longman__2000-11-06,,,,,,,,,,1523604.2711889062,,,933082.8286391691,,,,,,1228343.5499140376,417561.7164629813,1228343.5499140376
ryan mcgowan__1989-08-15,Ryan McGowan,DEF,139999.9999999999,173661.92140978193,,189717.68359058577,,,,,,,,,164337.60092857925,,,,175905.735309649,12837.95834996743,173661.92140978193
ryan mullen__2001-05-18,,,,,,,,227942.29191701664,,,,289901.6441274063,,,,,,,258921.96802221145,43811.878105892225,258921.96802221145
ryan naderi__2003-07-10,,,,,,,879658.8160088429,956787.4341656578,,,838805.3665355662,,,,,,,771289.5035365212,861635.2800616471,77593.69511803045,859232.0912722045
ryan one__2006-06-26,,,,,,,,,,,,,,589021.3357873159,,,520509.2886458199,,554765.3122165678,48445.333126724225,554765.3122165678
ryan porteous__1999-03-25,,,,,,,,2196451.1118565863,,,,,,2626700.8278721953,,2196084.181234051,,,2339745.3736542775,248510.78082968364,2196451.1118565863
ryan sessegnon__2000-05-18,,,,,,,13419180.18228804,13806474.792620631,14722893.619980747,15600591.061757658,14254044.96868026,15012743.152834395,,13190397.24890155,,13712241.60789409,,,14214820.829369672,838240.9929655616,14030259.880650446
ryan strain__1997-04-02,,,,,,,624977.612873007,,,,,,,,643064.064373119,633595.8164705073,,,633879.1645722111,9046.554403557795,633595.8164705073
ryan sweeney__1997-04-15,,,,,371398.776046895,404664.6959861069,,,,409556.11462466785,,,,,347477.41846566164,406113.6154246972,379334.4589244105,,386424.17991207313,24691.51203615893,391999.5774552587
ryan teague__2002-01-24,,,,,1614048.8470094816,,,1875249.8637619065,,,,,,1814946.5221168667,1943966.6181865304,,,,1812052.9627686965,142137.33185916895,1845098.1929393867
ryan thomas__1994-12-20,,,,,666210.0503432896,,,,624570.9022820945,,,628865.4631734454,,649944.6312957422,,566863.1363734574,,,627290.8366936058,37713.671455856434,628865.4631734454
ryan trevitt__2003-03-12,,,,,,,,1012331.1054433468,,,,,823531.9673889054,,,,881593.7766308091,,905818.9498210205,96702.75536196893,881593.7766308091
ryan yates__1997-11-21,,,,,,,10588750.04501774,,,,,,,11724694.904390836,,,,,11156722.474704288,803234.3131167156,11156722.474704288
ryotaro ito__1998-02-06,Ryotaro Ito,MID,3499999.9999999995,3905665.8157014446,,,,,,,,,3397751.2619090932,3710314.6756692757,,3951576.5515146195,,,3741327.076198608,251805.59453894466,3807990.2456853604
saba goglichidze__2004-06-25,,,,,,,,2893256.285565558,3051058.4496174874,,,,,,,,,,2972157.3675915226,111582.98028703139,2972157.3675915226
saba sazonov__2002-02-01,,,,,,,,,,,,,,,,,5528662.90798009,,5528662.90798009,,5528662.90798009
sabah kerjota__2001-08-14,,,,,490157.1826825816,,,,,,,,,405998.0372341748,,,,,448077.6099583782,59509.50244543342,448077.6099583782
sabit abdulai__1999-05-11,,,,,,,,,533884.0782780136,,416803.3099406033,,,,,,499545.6456786665,,483411.0112990945,60184.89344130663,499545.6456786665
sacha boey__2000-09-13,,,,,,12801721.616534488,12006474.758473737,,,,11941897.123366436,,,,,,,12012296.036508413,12190597.383720769,408663.3329029614,12009385.397491075
sadibou sane__2004-06-10,,,,,,,2953845.3106655795,,,3010100.5556944055,,,,,3206474.0667834403,,,,3056806.6443811418,132632.63604680545,3010100.5556944055
sadik fofana__2003-05-16,,,,,,,912616.4433350925,,,,,,,,,,,1006969.6674661798,959793.0554006362,66717.80460990603,959793.0554006362
sadio mane__1992-04-10,,,,,15994091.170514133,,,,,,,,17682759.03695046,,,,,,16838425.103732295,1194068.499528947,16838425.103732295
sael kumbedi__2005-03-26,,,,,,,,,,,,,,6332287.494773786,7188851.609320755,,,,6760569.55204727,605682.2939172128,6760569.55204727
said ahmed said__1993-04-20,,,,,181186.21999438328,211485.78860156372,,,,,,,,195372.85725720943,,,,,196014.95528438548,15159.986208855405,195372.85725720943
said bakari__1994-09-22,,,,,,,,,,,,604883.2481304017,,,,,,561626.5510406137,583254.8995855077,30587.10384392152,583254.8995855077
said benrahma__1995-08-10,,,,,,,7613557.8185824165,,,,,,,8692941.680983892,7804687.093638579,,,,8037062.197734963,575991.3387856066,7804687.093638579
said el mala__2006-08-26,,,,,,10741999.010133073,,,,11247987.169877369,13935406.717880197,,10504843.073915672,,8527645.647309914,,9652813.347103978,7044700.867981601,10236485.119171688,2178723.2294033263,10504843.073915672
saidou sow__2002-07-04,,,,,,2949646.4472974236,,,3297419.0192966564,,,,,3305049.83071022,2743386.8586446308,,,3076453.7872123327,3074391.1886322526,238785.56996302787,3076453.7872123327
saidy janko__1995-10-22,,,,,983576.5730314853,,1192741.7686971503,,,,906946.0903567722,971394.654179066,,,,,,,1013664.7715661185,124028.90837153565,977485.6136052756
saimon bouabre__2006-06-01,,,,,1062645.3604469812,,988757.451636768,,,,1121639.0404860692,,,,,,,,1057680.6175232728,66579.76920959224,1062645.3604469812
salem mbakata__1998-04-19,,,,,,,,,,850725.6806380913,836809.4795236757,,922782.0081727242,856698.8654639607,,874353.4477334577,,864642.5786718702,867668.6767006301,29836.26874642143,860670.7220679154
salih malkocoglu__2005-02-23,,,,,,,455709.1847432817,,,,,,,,,,,,455709.1847432817,,455709.1847432817
salih ozcan__1998-01-11,,,,,5296153.283537188,,,,,5519276.114862217,,,,,,,,5460368.728551747,5425266.0423170505,115629.1416568203,5460368.728551747
salih ucan__1994-01-06,Salih Uçan,MID,1499999.9999999986,1466009.056851485,,,1570103.0030623558,,,,,,,,,,,,1518056.0299569205,73605.53524617443,1518056.0299569205
salis abdul samed__2000-03-26,,,,,,3057700.5730014327,,,,,,,,,,,,,3057700.5730014327,,3057700.5730014327
salvatore esposito__2000-10-07,,,,,,,4243655.679629282,,,,3531754.7403456303,,,,,,3992714.4136432875,3523787.442663973,3822978.069070543,355952.3080495952,3762234.576994459
sam adekugbe__1995-01-16,,,,,,1036956.9380835842,,,,,,,,,,1215994.9211714414,,,1126475.9296275128,126598.97193138627,1126475.9296275128
sam beukema__1998-11-17,,,,,,,12117842.959776442,,,,15021302.60823601,,,,11970496.783879023,,,,13036547.450630492,1720426.5461272027,12117842.959776442
sam byram__1993-09-16,,,,,,1774018.2700458404,,,,,1791770.2255161332,,1584952.0037050855,,,,,,1716913.4997556864,114626.176376469,1774018.2700458404
sam clucas__1990-09-25,,,,,,,,515622.0450683564,,,319807.7794800635,,,,,,,,417714.9122742099,138461.59505054555,417714.9122742099
sam cosgrove__1996-12-02,,,,,,,,425373.9380210095,,,,,,,,,,434106.3687200534,429740.15337053145,6174.76096353553,429740.15337053145
sam curtis__2005-12-01,,,,,,,707313.0873510593,,,,,670626.8732489556,,,,,,762888.2441480025,713609.4015826724,46451.833330023524,707313.0873510593
sam dalby__1999-12-07,,,,,704373.7061003102,,,,,,,,670557.5728678189,,,,665931.2574220491,,680287.5121300594,20987.121137267786,670557.5728678189
sam de laat__2006-06-12,,,,,312648.56208293256,,364880.2781998078,,276564.7865233897,,,,,,,,,,318031.20893537666,44403.11005847973,312648.56208293256
sam field__1998-05-08,,,,,,2060076.6236968762,,2157907.877114991,,,1715004.125596936,,,2026312.9732938407,1784561.2103454343,,1846789.2832489682,,1931775.3488828412,174596.0463784615,1936551.1282714044
sam foley__1986-10-17,,,,,,,,,119644.83744213307,,133853.82156489455,,,109181.97079732522,,,,,120893.54326811763,12383.234825932544,119644.83744213307
sam gallagher__1995-09-15,,,,,1323441.463012557,,,,,,,,1388949.0632228432,,,,,1094304.8847393086,1268898.470324903,154709.40991760444,1323441.463012557
sam greenwood__2002-01-26,,,,,2471725.125246075,,,,2516341.520392418,,,,2570968.515212427,,,,,,2519678.3869503066,49705.770508284215,2516341.520392418
sam hart__1996-09-10,Sam Hart,DEF,159999.99999999997,247198.8894890995,,,161461.19372222654,,,,233147.8562171957,,,242245.09177018996,,,,,221013.25779967793,40125.53175292396,237696.47399369284
sam hutchinson__1989-08-03,,,,,,148119.75253707723,,,,,,134990.82082182766,,117501.57997012207,,,,,133537.384443009,15360.744800152648,134990.82082182766
sam johnstone__1993-03-25,,,,,,3816783.6153773414,3608167.860334383,,4471796.313015316,,,,,,,,,,3965582.5962423463,450632.19880503847,3816783.6153773414
sam karssies__2003-02-26,Sam Karssies,GK,262500.00000000023,278671.9693052059,,,,,,,,278273.9477150011,,,279243.8757173963,,,,278729.9309125345,487.55486193931785,278671.9693052059
sam kersten__1998-01-30,,,,,,,,689893.0915190063,,,,,,,,,,,689893.0915190063,,689893.0915190063
sam lammers__1997-04-30,,,,,,,,,,,,2731700.51781207,,,,,,,2731700.51781207,,2731700.51781207
sam larsson__1993-04-10,,,,,,1325946.6663901545,,,,,,,,,,,,,1325946.6663901545,,1325946.6663901545
sam mccallum__2000-09-02,,,,,,1749031.5729996876,,,1691247.9616907574,,,,,,,1677600.3497626085,,,1705959.9614843512,37920.141306848855,1691247.9616907574
sam nicholson__1995-01-20,,,,,,,384082.7215895168,,377610.1711111832,,,,330398.0169585372,,,,,,364030.3032197457,29305.656225216153,377610.1711111832
sam sanna__1999-03-08,,,,,,1318527.3310363158,,,,1365750.048317126,,,1115503.835330502,,1304250.3460911936,,,1600541.241307868,1340914.560416601,173693.88484136303,1318527.3310363158
sam schreck__1999-01-29,,,,,767828.9688102747,,,,,,,747423.6129242773,,,,772229.6976642329,,,762494.0931329284,13235.601002637595,767828.9688102747
sam stubbs__1998-11-20,,,,,485478.7146155184,,,484154.85904552415,,,,,,,,483882.8938968792,,,484505.48918597394,853.7371158930536,484154.85904552415
sam vokes__1989-10-21,,,,,268000.54039754433,,,304764.1509340502,,,,,,,,,,341473.4399801754,304746.0437705899,36736.45313815521,304764.1509340502
sam walker__1991-10-02,,,,,221756.88390963437,,,,,235708.70569269275,,,,,,,,,228732.79480116355,9865.427792706765,228732.79480116355
samed onur__2002-07-15,,,,,,,,,,,,,,,,470079.8574345753,,,470079.8574345753,,470079.8574345753
samet karakoc__2002-10-22,,,,,,,,,,,,578979.5940996504,,,,,,551964.3020631631,565471.9480814068,19102.696194735076,565471.9480814068
samet yalcn__1994-03-03,,,,,,,,,,,,233180.7319203492,,,,248343.26893924476,,,240762.000429797,10721.532746053108,240762.000429797
sami lahssaini__1998-09-18,,,,,,,,823163.0387814774,,,,,1168720.933035649,882205.9120150389,,,,,958029.9612773884,184836.49370524398,882205.9120150389
sami ouaissa__2004-10-02,,,,,2552882.639036922,,,,,,,2807555.776899346,,,,2829325.62265181,,2337535.159505418,2631824.799523374,232899.26897702005,2680219.207968134
samir el mourabet__2005-10-06,,,,,3979158.2667761478,,3383735.5952845146,,,,,,,,,,,,3681446.931030331,421027.40868394385,3681446.931030331
samir lagsir__2003-05-20,,,,,,,,,,,408298.39105867397,,,350984.7436141273,,,,394856.99715352384,384713.3772754417,29973.04312249118,394856.99715352384
samson baidoo__2004-03-31,Samson Baidoo,DEF,9999999.999999996,8958755.16014235,,,9173554.78706189,,,10691255.312461887,,,,,,,9515789.498160154,,9584838.68945657,772455.0835979019,9344672.142611023
samson lawal__2004-04-25,,,,,,,,194524.25456192074,,,,,,228328.74144242803,199897.63663076406,211876.07697820378,,207331.98163770672,208391.73825020468,12992.35027720251,207331.98163770672
samuel amoameyaw__2006-07-18,,,,,,,,3753247.93606498,,,,,4241227.58699301,,,,,,3997237.761528995,345053.7202522542,3997237.761528995
samuel ballet__2001-03-12,,,,,,,1049934.4656026838,,1092130.7287714258,,,,,,,,,,1071032.5971870548,29837.263827349587,1071032.5971870548
samuel bastien__1996-09-26,Samuel Bastien,MID,625000.0000000002,902712.4767569264,,,923172.8681711188,,,,,,,,,,,,912942.6724640226,14467.681514706452,912942.6724640226
samuel chukwueze__1999-05-22,Samuel Chukwueze,MID,16500000.000000013,25568940.935216743,,,,,,24299326.58405295,,,,,,,,,24934133.759634845,897752.917199677,24934133.759634845
samuel dahl__2003-03-04,,,,,4900975.35231165,5356178.894852932,,5073386.399211975,,5545522.73834522,,,,,,5384325.123387146,,,5252077.701621784,259634.29560699497,5356178.894852932
samuel edozie__2003-01-28,,,,,,,,,4973311.654414469,,,,,4853768.500135487,,,,4598683.442774357,4808587.865774771,191357.1047285537,4853768.500135487
samuel essende__1998-01-23,,,,,2312565.978478302,2292639.9225925826,,,2454154.8748159157,,,,1952838.2107272318,2198969.821335285,2344395.717824015,,2602617.548514987,,2308311.7248983313,203211.29067672245,2312565.978478302
samuel gigot__1993-10-12,Samuel Gigot,DEF,4250000.000000002,6237079.078069949,,,,5804271.047115278,6262457.1323626125,,,5714835.623150868,,5631850.780579325,6259617.03399776,6532829.96630791,,,6063277.237369101,342425.9881399392,6237079.078069949
samuel giovane__2003-03-28,,,,,,,,,,,1482440.5141396367,,1274203.2802814008,,,,,,1378321.8972105188,147245.96015668754,1378321.8972105188
samuel gueulette__2000-05-19,,,,,,,,533310.8236722095,,629119.4219752857,,,537104.741767862,,,,,,566511.6624717857,54253.083932300106,537104.741767862
samuel ilingjunior__2003-10-04,,,,,,,,,,,2514538.069948915,,,,,,4875160.125479191,,3694849.0977140525,1669211.8632839848,3694849.0977140525
samuel loric__2000-07-05,,,,,,960083.429516749,985083.4855671423,,,,,,1165903.2609985794,,,,,,1037023.3920274902,112311.02425912848,985083.4855671423
samuel mraz__1997-05-13,,,,,,,1218477.9225323985,1222245.9128112511,,,,,,1320338.3770821372,,1288674.3293972053,,,1262434.135455748,50294.767356386226,1255460.1211042283
samuel sahinradlinger__1992-11-07,,,,,,736046.7219407307,,785433.7593870927,,,,823384.3212949956,,,,,,,781621.600874273,43793.41822279543,785433.7593870927
samuel souprayen__1989-02-18,,,,,,,,,209674.39136519597,,,202733.0524758002,,,,,,,206203.7219204981,4908.267799205641,206203.7219204981
samuel yohou__1991-08-06,Samuel Yohou,DEF,362499.9999999997,429806.8482457347,,,,,400782.2271082631,,,,384244.865318208,339659.3199465539,,,,390010.8559876817,388900.82332128834,32642.40494785677,390010.8559876817
samuele angori__2003-10-07,,,,,2813233.5513661765,,2880627.59318302,,,,,,,,,,,,2846930.5722745983,47654.78398025991,2846930.5722745983
samuele birindelli__1999-07-19,,,,,,,,,,,4351185.757258158,,,,4164683.0188024333,,,,4257934.388030296,131877.35107190418,4257934.388030296
samuele di benedetto__2005-07-16,,,,,,,,,,,686065.2306715609,,,,,,,687486.1651865178,686775.6979290394,1004.7524311480404,686775.6979290394
samuele mulattieri__2000-10-07,,,,,,,2722506.3636311656,,,,,,,,,,,,2722506.3636311656,,2722506.3636311656
samuele perisan__1997-08-21,Samuele Perisan,GK,999999.9999999997,1202373.4959230996,1124611.8336833592,1183642.4325452815,1057774.7060206267,1250099.8274821236,,,,,,,,,,,1163700.4591308981,74340.97581623113,1183642.4325452815
samuele ricci__2001-08-21,,,,,,,,,,,21180455.9478436,,,,,,22922809.25977541,,22051632.603809506,1232029.8420898237,22051632.603809506
samy benchamma__2000-06-25,Samy Benchamma,MID,587500.0000000002,502022.0312007851,,531462.3709192881,,,,495128.37060919066,,,,,532848.8846477708,,508931.81499368686,,514078.69447414426,17215.403844839857,508931.81499368686
samy mmaee__1996-09-08,,,,,,,,,,,615307.984151356,822075.9572267991,,767070.0597459562,,865462.3957327902,,,767479.0992142254,109144.79507249955,794573.0084863777
sana fernandes__2006-03-10,,,,,,1044867.9120950254,1239694.5019948846,,1202693.1134764242,,987347.1007492557,1072228.374707244,,,,,,,1109366.2006045668,107381.66378858291,1072228.374707244
sander svendsen__1997-08-06,Sander Svendsen,MID,974999.9999999999,1301951.0583812424,,,1377571.8254525373,,1257522.0298877035,,,,1481406.807938915,,1330753.6532029896,,,,1349841.0749726775,85526.49597853127,1330753.6532029896
sander tangvik__2002-11-29,,,,,2398020.8583323634,,,,,2454173.828804189,,,,,2257032.6521299034,2568511.011597918,,,2419434.5877160933,129439.21548617694,2426097.343568276
sander van de streek__1993-03-24,Sander van de Streek,DEF,1024999.9999999995,1156741.1069666964,,,,,,,,1054072.16179691,,,,,,,1105406.6343818032,72597.90734682583,1105406.6343818032
sanders ngabo__2004-07-04,Sanders Ngabo,MID,899999.9999999995,989279.3646132384,1157791.833132651,1075314.7476545707,,,,,,,1254335.1229160253,,,1162398.4272975312,1206659.0612454715,1284642.9287295018,1161488.78365557,102407.91271741857,1162398.4272975312
sandi lovric__1998-03-28,,,,,,,,,,,,,,3922545.5004200283,3558153.5263330783,3903967.245422247,,,3794888.7573917843,205229.0552236815,3903967.245422247
sandro kulenovic__1999-12-04,,,,,,,,,2335004.802163597,,2437253.8165915655,,,,,,,,2386129.3093775813,72300.97147165753,2386129.3093775813
sandro tonali__2000-05-08,,,,,,,,,,,,,,,62706482.340187445,,,,62706482.340187445,,62706482.340187445
sanoussy ba__2004-01-05,,,,,,,,,,,,763197.6082451353,700853.4568679001,,,722930.400910663,,,728993.8220078995,31611.265543927748,722930.400910663
santiago arzamendia__1998-05-05,Santiago Arzamendia,DEF,2050000.000000001,2731920.2545384346,,,,,2854610.025266637,,,,2982382.716194903,2507566.7355608447,,2612021.8167192806,,2119410.5887352936,2634652.0228358987,303610.2102105608,2671971.0356288576
santiago ascacibar__1997-02-25,,,,,,8789113.500939174,,,,,9739576.014756583,9264514.616520548,,,,9462174.699649982,,,9313844.707966572,400426.95112610084,9363344.658085264
santiago bueno__1998-11-09,Santiago Bueno,DEF,8999999.999999996,11377393.11854855,,,,10779942.078519879,,,12553528.993771717,,,,,,11012896.486727128,,11430940.169391818,787746.1499348253,11195144.802637838
santiago castro__2004-09-18,,,,,20760343.31465881,,,,20168298.284549933,,,,,17793536.916913908,,,,,19574059.50537422,1570135.2952635018,20168298.284549933
santiago colombatto__1997-01-17,,,,,,,3222125.459152232,,,2664952.1147281565,,3196381.746608466,,,,,2755402.6735862475,,2959715.4985187757,290688.3114724479,2975892.2100973567
santiago gimenez__2001-04-18,,,,,,,,,,,,,,35276472.704701476,,31335088.62584408,,,33305780.66527278,2786979.409420759,33305780.66527278
santiago hezze__2001-10-22,,,,,,16883076.854661327,,,,16709215.309840593,,16856389.143713024,,,,,,,16816227.102738317,93630.66454588271,16856389.143713024
santiago hidalgo__2005-02-17,Santiago Hidalgo,MID,3000000.000000001,4061251.0996033982,3904492.364389424,,,,,,,,3832446.31399688,,,4256779.784293233,4245141.29824139,,4060022.1721048653,192979.56586126122,4061251.0996033982
santiago mourino__2002-02-13,,,,,17922009.869028926,,,17775402.43543952,,,,,,19008852.544300918,,,,,18235421.616256457,673810.0513035612,17922009.869028926
santiago pierotti__2001-04-03,Santiago Pierotti,MID,2499999.9999999995,3144284.385364975,2765916.6138521237,,3208598.092663165,,,,2832629.258027014,,2991391.2813454303,,2880889.61156502,,,,2970618.2071362883,176760.17720096998,2936140.4464552253
santino andino__2005-10-25,,,,,,,,,,,,2666505.0310412426,,2122493.0142700025,,,,,2394499.0226556226,384674.58610591374,2394499.0226556226
sargis adamyan__1993-05-23,,,,,,,,,,771322.7433031944,,737356.0679978315,522939.3526998025,,707174.4300948164,,,786987.7934932167,705156.0775177723,106440.48259247332,737356.0679978315
sasa kalajdzic__1997-07-07,,,,,4364304.6526701255,,,4155877.5017348398,,,,,,,,,,,4260091.077202482,147380.2518097326,4260091.077202482
sasa lukic__1996-08-13,,,,,,,,,,13592422.95380164,,10272485.943095623,12582031.964192994,,,,14651008.993992476,,12774487.463770684,1869706.0596090262,13087227.458997317
sascha britschgi__2006-08-27,,,,,,,,,,,604803.1397862637,,,731368.7178185445,,,,,668085.9288024041,89495.37849142088,668085.9288024041
saud abdulhamid__1999-07-18,Saud Abdulhamid,DEF,5250000.0,7098002.137304775,,7229210.985948457,,,6273972.243717925,,,,5135802.437616721,,,6334381.263031695,6426695.7729579955,,6416344.140096262,747300.7443367349,6380538.517994845
saulo decarli__1992-02-04,Saulo Decarli,DEF,289999.9999999999,294091.99721324514,,311432.4547178098,,326572.1415282604,,,,,,,350197.2170614152,,,355112.73929765803,327481.30996367766,25752.41187833078,326572.1415282604
savaarangel cestic__2001-02-19,,,,,,,,,,,487440.4680346688,,486918.651426613,,,510281.95916458097,510765.6807846893,,498851.689852638,13480.944896759916,498861.2135996249
scott arfield__1988-11-01,Scott Arfield,MID,162500.00000000012,158428.06903748596,,,,,179179.849795755,,151853.63541127634,150897.32190967572,,,,,,,160089.71903854827,13159.627800506642,155140.85222438115
scott bain__1991-11-22,,,,,,,,,283044.5733176918,271120.79460384673,,,,,,,222785.57008550936,,258983.6460023493,31910.337662976348,271120.79460384673
scott banks__2001-09-26,,,,,568434.4947948963,,584808.789591471,,,527270.0299085586,,,539031.187321495,,,,,,554886.1254041053,26413.077173007438,553732.8410581957
scott malone__1991-03-25,,,,,261284.51430011922,,,,,,,227126.6042628612,,,,,,,244205.55928149022,24153.28981850519,244205.55928149022
scott mckenna__1996-11-12,,,,,,3825961.0561413015,,4059577.2321058637,4108314.5033721067,,,,,,3796633.9478479624,3776249.810672586,,,3913347.3100279644,157678.06378869203,3825961.0561413015
scott mctominay__1996-12-08,,,,,,45243633.884622574,,,,,45979497.40597507,,,,,,,,45611565.64529882,520334.0859761644,45611565.64529882
scott pittman__1992-07-09,,,,,,,,,,,,,,,,240497.3790686498,,282754.95227797877,261626.1656733143,29880.616572803483,261626.1656733143
scott robertson__2001-07-27,,,,,418569.9414501717,379250.4083646824,,,,,,390974.2855051484,342252.36225091235,,451016.434931529,,,,396412.6865004887,41018.20939729612,390974.2855051484
scott tanser__1994-10-23,,,,,,,395387.86956729315,,,,,,,,,,,,395387.86956729315,,395387.86956729315
scott twine__1999-07-14,Scott Twine,MID,2900000.0000000014,3202746.3101377953,,,,,,,,,,,,,,,3202746.3101377953,,3202746.3101377953
scott wootton__1991-09-12,,,,,,,,,,307711.4288350793,,,,,354067.72443783167,,326176.2680643488,,329318.47377908655,23337.344066275786,326176.2680643488
scott wright__1997-08-08,,,,,,,1509794.0775900164,,1586068.205672677,,,,1417179.0269860772,,,1392370.4501290624,,,1476352.9400944584,88901.36817702699,1463486.5522880468
sead haksabanovic__1999-05-04,,,,,,,,,,,2337920.240237819,2042160.184855894,,,,,,,2190040.2125468566,209133.94076466808,2190040.2125468566
sead kolasinac__1993-06-20,,,,,7310719.440306221,,8551907.74038811,,,,,,,,,,,,7931313.590347165,877652.6637173074,7931313.590347165
seamus coleman__1988-10-11,,,,,460461.8306645889,,,,,,,,438672.05994924664,,,,,394885.5086839165,431339.7997659173,33397.38059601729,438672.05994924664
sean clare__1996-09-18,,,,,,415205.50822434004,,,,,277588.38025418244,,279358.03998713027,,392816.76782596624,,,,341242.17407290475,73056.97557078933,336087.4039065483
sean klaiber__1994-07-31,Sean Klaiber,DEF,1749999.9999999998,1125530.3571723592,,,,,,,,1122544.4284200892,,1170231.712214682,1145907.511424075,,,982679.3332438123,1109378.6684950036,73355.9560129831,1125530.3571723592
sean longstaff__1997-10-30,,,,,,,11971938.007608593,,,,,,,,,11694661.830359107,,,11833299.91898385,196063.8651945944,11833299.91898385
sean maguire__1994-05-01,,,,,,,,162079.35540517283,,,,,,,,,,,162079.35540517283,,162079.35540517283
sean mcloughlin__1996-11-13,,,,,,,,,,,,1352614.4324516691,1462499.1638546598,,1424331.729669061,,,,1413148.4419917967,55789.45233044674,1424331.729669061
sean murray__1993-10-11,,,,,,,167374.46660366302,,,,,118977.01864789828,,163988.3269254066,,,,,150113.27072565595,27017.885382972116,163988.3269254066
sean raggett__1994-01-25,,,,,,464155.2617186473,553960.579198764,,,,,,,,,491645.17730873125,,,503253.6727420475,46014.30904180931,491645.17730873125
sean steur__2008-01-11,,,,,,,,,,1263400.7775913128,,,,,,,,,1263400.7775913128,,1263400.7775913128
sebastiaan bornauw__1999-03-22,,,,,,,,7033974.310552943,,,,,,,,,7998093.917628655,7582593.549688665,7538220.59262342,483589.0545452742,7582593.549688665
sebastian boselli__2003-12-04,,,,,,,,,,,3011482.680935738,,,,,,2503614.811373473,,2757548.7461546054,359116.8145142426,2757548.7461546054
sebastian coates__1990-10-07,,,,,,,,3596716.671853998,,,3959749.5444512535,,,4499103.18366455,,3929875.724405579,,,3996361.281093845,373374.69241278135,3944812.6344284164
sebastian cristoforo__1993-08-23,,,,,750804.8691255599,,,,,,,743767.2801703321,,,806486.4519205412,,,,767019.5337388112,34360.00782375091,750804.8691255599
sebastian driussi__1996-02-09,Sebastián Driussi,MID,10250000.000000004,4623629.581146391,,,,,,4759151.638360061,,,,,,,,,4691390.609753226,95828.56565613707,4691390.609753226
sebastian holmen__1992-04-29,,,,,,,,938350.0534539445,,,893703.6137991742,953223.5923645879,,,834893.80552953,,,,905042.7662868092,53167.096511643715,916026.8336265594
sebastian jrgensen__2000-06-08,,,,,1410039.1940601852,,,,,,,,,,,,,,1410039.1940601852,,1410039.1940601852
sebastian jung__1990-06-22,,,,,,,,567575.5633162628,,,,,,,,,,,567575.5633162628,,567575.5633162628
sebastian kerk__1994-04-17,Sebastian Kerk,MID,587500.0000000002,560686.5954437458,,,456789.6741000647,,617134.929084112,,584882.1274842102,,,,,,,651266.7673802933,574152.0186984852,73933.39542638772,584882.1274842102
sebastian lomonaco__1998-09-17,,,,,1359882.6151466207,,,,,,,,,,1393541.5181522039,,,,1376712.0666494123,23800.438562548155,1376712.0666494123
sebastian muller__2001-01-23,,,,,,,,,,394733.579412434,,399740.3186654711,,,409034.2385818674,,,,401169.3788865909,7256.643370509884,399740.3186654711
sebastian nanasi__2002-05-16,,,,,,,,12807562.043976465,,14766925.271576574,,13144619.208346637,10083408.117870795,,,,,,12700628.660442617,1943192.1682964286,12976090.626161551
sebastian otoa__2004-05-13,,,,,,,1373291.364999871,,,,1211877.3577856116,,,,1166096.3055336603,,,1253253.896362494,1251129.7311704091,88880.8362350153,1232565.6270740528
sebastian revan__2003-07-14,,,,,,,,,840881.5066756257,,,,,,,,,,840881.5066756257,,840881.5066756257
sebastian schonlau__1994-08-05,Sebastian Schonlau,DEF,1650000.0000000007,1634505.7866492048,,,,,,1466547.679731058,,1479867.9378588044,1235103.7340167263,1571614.4215647033,,,1581995.0279487649,,1494939.0979615438,142467.06962603267,1525741.179711754
sebastian sebulonsen__2000-01-27,,,,,,,3183253.5097126984,,2700408.1174968323,,,,,,,,2581268.5432754257,,2821643.390161652,318778.87078303355,2700408.1174968323
sebastian stolze__1995-01-29,Sebastian Stolze,DEF,525000.0000000003,476009.50057406013,,,,,,,,,,,,,,,476009.50057406013,,476009.50057406013
sebastian szymanski__1999-05-10,,,,,,,,,,,13199984.279633896,,,,,,,10875403.953271845,12037694.11645287,1643726.512183444,12037694.11645287
sebastian tounekti__2002-07-13,,,,,,,,5603659.309857424,5692111.616969513,,,,,,,,,4471350.910934541,5255707.2792538265,680710.7587298926,5603659.309857424
sebastian vasiliadis__1997-10-04,,,,,,,615648.4590323947,,,709026.0226143731,,,,803507.9465942958,,,,,709394.1427470213,93930.2847918554,709026.0226143731
sebastian walukiewicz__2000-04-05,,,,,,,,,,,,,,,,2872727.834835901,,,2872727.834835901,,2872727.834835901
sebastiano desplanches__2003-03-11,,,,,2202333.9842999917,,,,,,1748161.6194349586,,,2001566.7843732515,,,,,1984020.7960360674,227594.003725539,2001566.7843732515
sebastiano esposito__2002-07-02,Sebastiano Esposito,MID,8249999.9999999935,10728393.83454796,9807216.645579135,,,,,,,,,10007110.71721733,,,,,10180907.065781476,484557.25301536714,10007110.71721733
sebastiano luperto__1996-09-06,,,,,8986217.852906656,,,8583276.547116384,8578649.21910603,,,8865102.317269156,,,,,,,8753311.484099556,205070.19417685745,8724189.432192769
sebastien haller__1994-06-22,,,,,,4211333.474261682,,,,,,,,,3702798.5955026792,,,3634105.996414962,3849412.6887264415,315308.8320110787,3702798.5955026792
sefer emini__2000-07-15,Sefer Emini,MID,1050000.0000000007,1103997.36809007,1057921.5700482638,,,,1106586.9084727524,,,,,,,,,,1089501.948870362,27380.041540487353,1103997.36809007
seiji kimura__2001-08-24,,,,,,,427908.8966173497,,,,,,423764.83098062436,,,474133.306997543,,472546.3301039119,449588.3411748572,27485.611981405247,450227.6133606308
seiya maikuma__1997-10-16,Seiya Maikuma,DEF,3550000.0000000014,4346928.9007521095,,,,,,4000118.902964057,,,,,,,,,4173523.901858083,245231.7012192235,4173523.901858083
seko fofana__1995-05-07,,,,,6383609.010016528,,,,,,6794709.516451334,,,,,,,,6589159.263233931,290691.955849275,6589159.263233931
sekou doucoure__2005-04-26,,,,,,,,,,,887192.8066787104,,791241.1337908445,,,,820850.1607463886,,833094.7004053146,49133.77093292619,820850.1607463886
sekou koita__1999-11-28,,,,,,,,,,,,,,2785638.154619412,,,,,2785638.154619412,,2785638.154619412
sekou mara__2002-07-30,Sékou Mara,FWD,4150000.000000003,3328569.823974664,3596661.1374010947,,,3383977.282028673,,2880191.6400253116,,,,,,,,,3297349.970857436,301157.33300596086,3356273.5530016683
sekou sidibe__2001-05-05,,,,,,,642436.4084963572,,,,,,,,,,,,642436.4084963572,,642436.4084963572
sem scheperman__2002-06-24,Sem Scheperman,MID,1150000.0000000005,1059548.8205586507,1215495.2953239935,,,,,,,1200334.5563136323,,,,1102638.2906534495,,,1144504.2407124315,75557.78178065244,1151486.4234835408
sem steijn__2001-11-12,,,,,21696912.155879267,,,,,21351229.07996127,,19235331.014831502,,21886505.848692853,,,,,21042494.524841223,1224986.3302691795,21524070.61792027
sem van duijn__2004-03-18,Sem van Duijn,MID,562500.0000000003,616452.8650796635,,,,621773.9540598643,,,,669057.1853029672,,675923.8659447191,,,,,645801.9675968034,31020.68752588697,645415.5696814158
semi ajayi__1993-11-09,,,,,,1646040.1140392725,1766910.4616469077,,,,,1473861.226906394,,,,,,,1628937.2675308578,147271.3278765354,1646040.1140392725
semih guler__1994-11-30,,,,,1180808.454148146,,1142227.2100762562,,,,,,,1125563.58165971,,,,,1149533.0819613708,28337.798204291925,1142227.2100762562
semih klcsoy__2005-08-15,Semih Kılıçsoy,MID,9249999.999999987,3989522.3293346777,3503996.18089023,,3862652.9656047155,,,,,,4158797.993279022,,,3105452.5995610985,,,3724084.413733949,421241.78881907446,3862652.9656047155
semir telalovic__1999-12-23,,,,,,,,,,,807822.9129072141,,,,,,,,807822.9129072141,,807822.9129072141
semm renders__2007-12-17,,,,,,,,923895.3012738805,,,,,,,911084.558689039,,,,917489.9299814597,9058.562953776745,917489.9299814597
semuel pizzignacco__2001-09-01,,,,,,,,,,1048507.245816519,1054138.0550844932,,957864.5784232918,,,,,,1020169.9597747681,54031.443736658905,1048507.245816519
senne lammens__2002-07-07,,,,,,,,,,32050299.26063812,,,,,,,,,32050299.26063812,,32050299.26063812
seny dieng__1994-11-23,,,,,1101508.879206676,,989258.921754907,944167.8416362749,,,,,,,1134323.607336893,,,,1042314.8124836877,90216.98157422474,1045383.9004807915
seny koumbassa__2007-06-20,Seny Koumbassa,DEF,412500.00000000006,424227.3149452731,,,,456896.3012791329,,,,593129.717158019,,,,,,,491417.7777941416,89586.85519590064,456896.3012791329
sepp van den berg__2001-12-20,Sepp van den Berg,DEF,21500000.00000001,20029806.85029829,,,22495579.563280255,,,21124846.742634054,,,,,,,,28819388.623522904,23117405.444933876,3932888.4575975854,21810213.152957156
serdar dursun__1991-10-19,,,,,,,,906856.2914137741,1066778.6205347686,,,,989711.3299600192,,,,,,987782.0806361873,79978.6180181056,989711.3299600192
serge gnabry__1995-07-14,,,,,,,,27352982.626392435,,,,,,,,,28771057.385838646,,28062020.00611554,1002730.278633898,28062020.00611554
sergio cordova__1997-08-09,Sergio Córdova,MID,1299999.9999999993,1181655.833129711,,,,,,1236064.4469822273,,,,,,,,1124659.950478583,1180793.4101968405,55707.255275179115,1181655.833129711
sergio kalaj__2000-01-28,,,,,,,,,,,,393255.4958103824,,,,,414801.28958554537,,404028.39269796386,15235.176884464627,404028.39269796386
sergio pena__1995-09-28,,,,,,2814226.622908914,3026913.27155221,,,2863431.6953791664,,,,,,2826230.2928450443,2744192.9748503203,,2854998.971507131,105348.97670264481,2826230.2928450443
sergio romero__1987-02-22,,,,,,,283944.64090826176,,,,289781.92188195465,400847.97091514315,,,,,,345175.6064114314,329937.53502919775,54736.66752076251,317478.76414669305
serhou guirassy__1996-03-12,Serhou Guirassy,FWD,56500000.00000009,51438119.49696974,,,,55705384.12926965,,,,,59236526.40420255,,,58886886.08237006,,,56316729.028202996,3619645.357567065,57296135.10581985
serxho ujka__1998-08-27,Serxho Ujka,MID,625000.0000000002,737756.5343828186,812034.4949343047,736930.0817028016,,,,,,,733436.5607052,,784746.396467401,,746030.2370746136,,758489.0508778566,32354.407656311403,741893.3857287162
seydou fini__2006-06-02,Seydou Fini,MID,1400000.0000000007,1821348.5576090096,,,,,,2028363.1906170617,,,,,2053051.6598708304,,,,1967587.8026989673,127247.07356903772,2028363.1906170617
shafiq nandja__2007-01-15,,,,,,,,345802.19747966685,,,,,,,,,,,345802.19747966685,,345802.19747966685
shamal george__1998-01-06,,,,,,,,,409916.6314112183,,,418722.4285902085,,,,,,446958.4344652973,425199.16482224135,19351.611755582264,418722.4285902085
shandre campbell__2005-07-15,,,,,,1515790.5086982707,,1853138.3853462345,,1662405.239170014,,,,1592469.186832418,,,,,1655950.8300117343,144452.32900836004,1627437.2130012158
shane blaney__1999-01-20,,,,,,,276187.5818727047,,281400.3595091246,,,,281449.0117576413,,,,,,279678.98437982355,3023.741119930447,281400.3595091246
shane duffy__1992-01-01,,,,,,,,,,,,,,,965866.1180205237,,,,965866.1180205237,,965866.1180205237
shangyuan wang__1993-06-02,,,,,,,687048.051499807,,,,,,,,669035.2103113106,,616004.139596368,,657362.4671358286,36932.357825712614,669035.2103113106
shaocong wu__2000-03-20,Shaocong Wu,DEF,637500.0000000003,578250.9299331333,,,,,,,,,,,608946.6055926504,,570766.1853878079,,585987.9069711972,20231.948300157143,578250.9299331333
shaq moore__1996-11-02,,,,,,1471768.1440607405,,1473276.1807685154,,1606340.5025953464,1539286.9429502678,1610881.2702155493,,1529208.4775054038,,,,,1538460.2530159706,61050.16208526092,1534247.710227836
shaqueel van persie__2006-11-16,Shaqueel van Persie,FWD,812499.9999999993,608407.2072973894,508533.19838461233,649082.5360313472,,,714677.4696185987,,591062.8816124194,,,,,,527486.8025338425,599269.349943725,599788.4922031335,69922.73224327748,599269.349943725
shaquil delos__1999-06-16,Shaquil Delos,DEF,950000.0000000008,1149687.8630477458,1088367.7507261008,,,1177409.0552925228,,,,,,,,,,,1138488.223022123,45564.9254608216,1149687.8630477458
shaquille pinas__1998-03-19,,,,,,,,,2709899.933096649,,,,,,,,,,2709899.933096649,,2709899.933096649
shaun rooney__1996-07-26,Shaun Rooney,DEF,612499.9999999997,437593.34399761714,,,458157.2131554683,,,,396322.3942679908,,,,,450819.8796692373,,,435723.20777257835,27611.082401808635,444206.6118334272
shawn adewoye__2000-06-29,,,,,,,,,1271877.7018597196,1205412.946644668,,,,1155806.526833663,,,,,1211032.3917793501,58239.27403993497,1205412.946644668
shayne lavery__1998-12-08,,,,,,,,623024.4675377003,,604154.3064334439,,,,,,,,,613589.386985572,13343.218878902333,613589.386985572
shea charles__2003-11-05,,,,,,,,,,,,,,,6228975.3599668415,,,4395480.969435592,5312228.164701217,1296476.3168121425,5312228.164701217
sheraldo becker__1995-02-09,Sheraldo Becker,MID,2250000.000000001,2737595.862035757,2368044.824267032,,,,,,,,1812220.327074681,,,,,,2305953.671125823,465801.946807791,2368044.824267032
sherel floranus__1998-08-23,,,,,,,622176.9240673196,,,,,,,,,,,,622176.9240673196,,622176.9240673196
shihao wei__1995-04-08,,,,,,,,,1378161.446870243,,1288403.764390552,1330063.6337259554,,,1424888.0975508739,,,,1355379.2356344059,59096.26181646451,1354112.5402980992
shiloh t zand__2003-05-14,,,,,,,1082230.2006112558,1475219.9726842758,,,,,,,,,,,1278725.0866477657,277885.7327697881,1278725.0866477657
shinta appelkamp__2000-11-01,,,,,1548545.670075778,,,,,,,,1610258.1644273116,1511637.8705454173,1609109.9956771545,,1451227.743775361,,1546155.8889002046,67603.39982184455,1548545.670075778
shio fukuda__2004-04-08,,,,,,,,,,,1294354.421057306,,,,,1330471.1400582746,998743.1105967305,1283205.9623520442,1226693.6585160887,153300.1818268988,1288780.191704675
sho fukuda__2001-03-23,,,,,,,1278822.6382482818,,1159718.7660207723,,914669.7935627486,,,,,,,,1117737.0659439343,185670.86720632212,1159718.7660207723
shola ogundana__2005-02-22,,,,,,1522299.8191401924,,,,,,,,,,,,,1522299.8191401924,,1522299.8191401924
shola shoretire__2004-02-02,,,,,,,,,,,,,,,,,1704908.4264178604,,1704908.4264178604,,1704908.4264178604
shon weissman__1996-02-14,,,,,,,1276550.367078424,,,1448415.7259237128,,,,,1687618.576139484,,,2195805.4347532503,1652097.5259737177,399750.747049637,1568017.1510315984
shunsuke mito__2002-09-28,,,,,,,,,,,,,2445776.552058741,1586645.9110360218,,,,1926462.908763977,1986295.123952913,432679.19416911935,1926462.908763977
shurandy sambo__2001-08-19,,,,,,,,1864056.4081301605,,,,1596310.9497755026,1896875.4970067497,,2071495.5656053522,,,1452284.155059741,1776204.5151155014,248375.89455583575,1864056.4081301605
shuto machino__1999-09-30,,,,,4935572.140079932,,,,,4629466.34098958,,,,5194620.014165346,,,,,4919886.165078286,282903.1741335348,4935572.140079932
sidi sane__2003-04-21,,,,,719169.887382896,,,,684336.3201261827,,,,,,672109.7213763635,,739444.2994078271,719863.0075699902,706984.647172652,27826.104812001813,719169.887382896
sidiki cherif__2006-12-15,,,,,2969655.503251887,3974867.737993373,,3667509.77662988,3311272.6150684063,,,3448196.0107260556,,,,,,,3474300.32873392,377433.26982939465,3448196.0107260556
sidney raebiger__2005-04-17,Sidney Raebiger,MID,625000.0000000002,680629.3859588143,,,,,,789466.4516452848,,,,,,,,655653.0278890221,708582.9551643737,71151.66630403521,680629.3859588143
sidny lopes cabral__2002-09-18,Sidny Lopes Cabral,DEF,1275000.0000000002,1962099.3959897747,,1889342.4359376659,,1981479.45268771,,,1689219.5120892625,,,,,,,1702410.0268047166,1844910.1647018262,140449.79680443477,1889342.4359376659
siebe horemans__1998-06-02,Siebe Horemans,DEF,3249999.9999999986,2131870.9485271373,,,,,,,,,,,,,,,2131870.9485271373,,2131870.9485271373
siebe schrijvers__1996-07-18,Siebe Schrijvers,MID,2250000.000000001,3143173.1711779316,,,,,3593936.660185285,,,,3242236.7062318735,,,,,,3326448.84586503,236887.51360448755,3242236.7062318735
siebe van der heyden__1998-05-30,,,,,,3172391.482146326,,2978263.9261658858,,,,3164466.7347763786,,,3196730.2945974073,,,,3127963.1094214995,100739.21148430883,3168429.108461352
siemen voet__2000-02-03,Siemen Voet,DEF,749999.9999999998,858145.624570379,,,,,,,,,,,,742133.6710807371,,728838.2905011008,776372.5287174056,71128.90544795428,742133.6710807371
sigurd haugen__1997-07-17,,,,,,712828.1348020429,,,,,,730594.4712112274,,,,,710348.0971905219,645593.7470333254,699841.1125592793,37271.99667157193,711588.1159962823
sikou niakate__1999-07-10,Sikou Niakaté,DEF,6250000.000000005,4844456.7232444575,,,,4715281.244747838,,,6254293.868979378,,,,,5422099.886654255,5346135.462798645,6541705.997104886,5520662.19725491,738486.6014794204,5384117.67472645
sil swinkels__2004-01-06,,,,,,,,,,,,,,801879.5177233184,,,,,801879.5177233184,,801879.5177233184
silas ostrzinski__2003-11-19,,,,,,,,,,751649.2819519487,,,,,,,,,751649.2819519487,,751649.2819519487
silvan hefti__1997-10-25,,,,,1114932.928049982,,,,,,,,,,,,,,1114932.928049982,,1114932.928049982
silvan widmer__1993-03-05,,,,,1650916.7945026394,1708252.9039229949,,,,,,,,,1907224.4528885798,,,,1755464.7171047379,134518.1044125728,1708252.9039229949
silvere ganvoula__1996-06-29,,,,,,,1515568.8348711666,,,,,,,,,1343773.085245159,,,1429670.960058163,121477.93953957628,1429670.960058163
silvinho esajas__2002-07-08,,,,,483247.7254964159,,,,,,,,,,,,531648.7329000407,,507448.22919822834,34224.680551363366,507448.22919822834
simen bolkan nordli__1999-12-25,,,,,,,,2632385.1228362396,,,,3095220.193031167,,2905424.2964144093,,3142841.0335028623,,,2943967.6614461695,231658.66828781407,3000322.244722788
simen juklerd__1994-05-18,,,,,,,612266.2327076842,,,578569.1796344673,,591356.1218150684,526246.5737867055,,592491.2663016448,,,,580185.8748491141,32470.788175422233,591356.1218150684
simon adingra__2002-01-01,,,,,,,21637106.98445032,18169249.016393688,,,21411590.34700891,,,,,15899840.217335269,17812872.94635491,,18986131.90230862,2473840.5438137124,18169249.016393688
simon asta__2001-01-25,,,,,,,,,1330428.5839274155,,,,1080288.9416752215,,,,,,1205358.7628013184,176875.43728010342,1205358.7628013184
simon ebonog__2004-08-16,,,,,,,,1892307.394281121,1858389.2501204363,,,1799463.2194434828,,,,,,,1850053.2879483467,46980.0638496944,1858389.2501204363
simon elisor__1999-07-22,,,,,,,,1619425.1802118092,1639238.7892350876,,,,,1680012.1235469312,,,,,1646225.364331276,30891.80472802342,1639238.7892350876
simon graves__1999-05-22,Simon Graves,DEF,1150000.0000000005,1261656.767928625,,,,1262212.5530061875,,,1335275.7481731728,1304718.505798732,,,,,,,1290965.8937266795,35769.06017546762,1283465.5294024597
simon hedlund__1993-03-11,,,,,,,,,,,,,,1206943.0275535134,970100.489059593,1005534.7365678194,926951.1076496316,,1027382.3402076394,123944.88179427848,987817.6128137062
simon janssen__2000-09-25,Simon Janssen,DEF,637500.0000000003,791276.7538299559,,,902841.4793135647,,,,,,,769520.9718049004,,,,,821213.0683161403,71524.30792642284,791276.7538299559
simon lorenz__1997-03-30,Simon Lorenz,DEF,725000.0000000006,594572.797260496,,541201.6665675791,,,,,,,,,,579969.0042539205,549090.070015087,,566208.3845242707,25247.225588935595,564529.5371345037
simon mignolet__1988-03-06,,,,,,,,,,531925.7045851088,,,598610.7524676662,,,,,,565268.2285263875,47153.44956150594,565268.2285263875
simon moore__1990-05-19,,,,,,,,,168303.53268970727,178738.66908250022,,,,,173661.66916320715,,,,173567.95697847157,5218.199341173534,173661.66916320715
simon murray__1992-03-15,,,,,346129.7084715926,,,,382564.6768648377,,,,,,,,,,364347.19266821514,25763.41322318116,364347.19266821514
simon ngapandouetnbu__2003-04-12,,,,,,,891810.5122503454,,,1137249.9069879402,,,,,1077459.4090075276,1021807.4681821712,,,1032081.8241069961,104723.53156114405,1049633.4385948493
simon olsson__1997-09-14,,,,,1313022.0118097733,,,,,,,,,,,,,,1313022.0118097733,,1313022.0118097733
simon piesinger__1992-05-13,,,,,,,,,580099.7962439391,466880.0672387183,,,472388.637248499,512004.515919328,,,538903.2106398799,605508.4721955424,529297.4499143178,56417.82898006872,525453.863279604
simon power__1998-05-13,,,,,272515.4637838278,,211675.58724131054,242848.572025436,,276427.69056986703,,,,,,,275819.7326295563,,255857.40924999956,28374.217394860207,272515.4637838278
simon simoni__2004-07-14,,,,,,,,,,,,841784.1647029518,,891877.4992556024,841183.463737454,,900333.4589197638,913865.7764879402,877808.8726207424,34075.59139711181,891877.4992556024
simon sohm__2001-04-11,,,,,,7021738.938300584,,,7726361.73785735,6450026.01317601,,,,6968492.0339033725,,,7250011.151926959,,7083325.975032856,463499.6168510207,7021738.938300584
simon straudi__1999-01-27,,,,,,,,,,,,,600289.823419928,647381.8726405846,,,,,623835.8480302563,33299.10734389697,623835.8480302563
simon thern__1992-09-18,,,,,,,445692.92559721606,503064.35210571246,,,,,,,449782.05800994264,,,,466179.778570957,32008.34382786443,449782.05800994264
simon wver__1996-01-21,,,,,,281000.41759956494,,300759.6995307994,,,,,,,,,274555.3860281624,267697.1945508463,281003.17442734324,14247.144362736299,277777.90181386366
simone bastoni__1996-11-05,,,,,,1306990.1962673725,,1508187.733445063,,,,,,,,,,,1407588.9648562176,142268.14289637748,1407588.9648562176
simone canestrelli__2000-09-11,,,,,1913092.753057279,,,,,,1880301.856795039,,,2152974.665829709,,,2161049.0831150087,,2026854.5896992588,150923.70552049618,2033033.7094434937
simone colombi__1991-07-01,Simone Colombi,GK,230000.0000000001,304315.05816104996,,,,,,,277737.49725543807,,,331071.69910058647,,,,293188.9534455331,301578.30199065193,22480.4763209812,298752.00580329157
simone ghidotti__2000-03-19,,,,,,,998985.7107159642,,,,,992722.0316914695,,1081528.9267459745,1080631.1023199111,,1133604.5026509361,,1057494.4548248511,60258.6915176888,1080631.1023199111
simone pafundi__2006-03-14,Simone Pafundi,MID,6650000.000000001,3955027.684276864,,,,,,,,,,3635403.5735122617,,,,3347495.671483885,3645975.643091004,303903.9537970103,3635403.5735122617
simone perilli__1995-01-07,,,,,578442.849968118,,,580654.3200574555,,,525537.6315870377,,,,,561219.4974081977,,,561463.5747552023,25477.529042180147,569831.1736881579
simone pontisso__1997-03-20,,,,,,941484.6955054712,,,,1021803.5252318643,1089157.6828022404,,,,959375.0485464135,1005805.8560588197,,,1003525.3616289617,58031.20011553285,1005805.8560588197
simone romagnoli__1990-02-09,Simone Romagnoli,DEF,587500.0000000002,416157.1875290822,,,,422086.4426585993,,,382816.52454202465,,,,,,,,407020.05157656875,21169.484105231637,416157.1875290822
simone scaglia__2004-07-12,,,,,,,784039.297477454,,,,,,,,,,,,784039.297477454,,784039.297477454
simone scuffet__1996-05-31,Simone Scuffet,GK,1650000.0000000007,1838062.3266279579,,,,,,,,,,,1997140.8986723255,,,,1917601.6126501416,112485.53703404512,1917601.6126501416
simone verdi__1992-07-12,,,,,,,,,1431124.4200315247,,,,,,,,1548330.7371231685,1591420.518376616,1523625.225177103,82954.69562690641,1548330.7371231685
sinaly diomande__2001-04-09,,,,,,4032472.0792270154,3749967.6836668462,,4161655.3865034133,,,,,,,4226726.016923068,,,4042705.2915800856,211197.20496876418,4097063.7328652143
sindre walle egeli__2006-06-21,Sindre Walle Egeli,MID,1575000.0000000002,2462980.1853751703,,,,,1950275.0057949396,2476036.793221342,2889347.309576781,,,,,,,,2444659.823492058,384483.8350042319,2469508.489298256
siriki dembele__1996-09-07,,,,,1702685.7752177261,,,,,,2043706.5020886702,,,,1993554.3646669106,1608427.36812136,1721995.468981249,,1814073.8958151832,192432.20690295217,1721995.468981249
sivert heltne nilsen__1991-10-02,,,,,,,387423.68817527697,,,,,,,,414682.8422664202,,392051.8044338715,,398052.77829185623,14586.779489466977,392051.8044338715
sivert mannsverk__2002-05-08,,,,,,,,,,,,,,,2230015.8412415595,1971726.3014489631,,,2100871.0713452613,182638.28509689748,2100871.0713452613
skelly alvero__2002-05-04,,,,,,1864815.1401529727,,,,,,1770686.3202624095,,,,1709734.1852322042,,1691746.3785552722,1759245.5060507148,78066.94344418048,1740210.2527473068
slobodan rubezic__2000-03-21,,,,,,1467535.3964344037,1730231.9656056303,1183703.1369075957,,1196582.8782775456,,,,1238915.2634344723,,1321583.4225233078,,1576434.0844483068,1387855.163947323,209750.24755893357,1321583.4225233078
sofiane alakouch__1998-07-29,Sofiane Alakouch,DEF,537500.0000000003,817433.1016044364,,,,,,,,,,,,,,765464.6241920476,791448.862898242,36747.262786240026,791448.862898242
sofiane boufal__1993-09-17,,,,,,2627048.469103157,,,,2637880.520834314,2505158.861911453,,,,,,,2889655.734430905,2664935.8965699575,161446.74751422362,2632464.4949687356
sofiane diop__2000-06-09,,,,,,8745335.715179699,,,,,,,,,,,,,8745335.715179699,,8745335.715179699
sofus berger__2003-06-02,,,,,795052.3073930553,,774223.9976670559,,,,,,,,,,,,784638.1525300556,14727.839047907873,784638.1525300556
sofyan amrabat__1996-08-21,,,,,,,10904816.182916535,,,,9990936.87951471,,9715520.034271516,,12044817.752757456,10175229.419739835,,,10566264.05384001,936537.961603701,10175229.419739835
soichiro kozuki__2000-12-22,Soichiro Kozuki,MID,899999.9999999995,750197.9633550952,,,,,,731565.9829977468,,696079.3192591361,793599.6681852526,,676899.8655718483,,,,729668.5598738159,45893.94136251102,731565.9829977468
solly march__1994-07-20,,,,,4091295.6083023315,4169849.697974111,,,,3597103.105545856,,,,,,,4877755.762495047,4357879.980103258,4218776.83088412,463337.47572677996,4169849.697974111
sondre rjaster__2003-11-28,,,,,,,,,,,,,,,,,,3251533.699524574,3251533.699524574,,3251533.699524574
sondre tronstad__1995-08-26,,,,,,,,,,2422246.770388179,,,,,,,,,2422246.770388179,,2422246.770388179
soner dikmen__1993-09-01,,,,,,,,,,,,,718691.2590274975,,,,,748627.4752233089,733659.3671254031,21168.101475124793,733659.3671254031
soner gonul__1997-06-11,Soner Gönül,DEF,737500.0000000005,562755.4217373689,,,,,,,,,,,673452.687428313,,619926.715321904,,618711.6081625287,55358.635477398086,619926.715321904
sonny perkins__2004-02-10,,,,,,550598.9844021841,,,,,501003.9229349584,,,,536920.3442778247,,,,529507.7505383225,25614.98467586221,536920.3442778247
sontje hansen__2002-05-18,,,,,,,,,2144228.3503282294,,,,,,,2148665.534903305,1867510.8513660673,1655641.1306279125,1954011.4668063784,238453.26794870573,2005869.6008471483
sota kawasaki__2001-07-30,,,,,2799540.4474471924,,,,,,2624871.1449224427,,,,,,,,2712205.7961848173,123509.84828037502,2712205.7961848173
sotirios papagiannopoulos__1990-09-05,,,,,,,690855.5501563067,,,,,,,,,686302.5440768243,,,688579.0471165655,3219.461473585568,688579.0471165655
sotiris alexandropoulos__2001-11-26,Sotiris Alexandropoulos,MID,2449999.9999999995,1776150.5508225302,,,,,,,1596144.155632908,,,,,,1590922.3793383467,,1654405.6952645949,105466.45973025972,1596144.155632908
sotiris kontouris__2005-02-24,,,,,,,1017844.3645783198,1015450.252917372,,1048749.8162782579,,,,1111262.6866368575,,,1279209.0303743323,,1094503.230157028,110245.68220484203,1048749.8162782579
soualiho meite__1994-03-17,,,,,,,,,3173575.0268248236,,,,,,,,3545581.2933800807,,3359578.160102452,263048.1537251127,3359578.160102452
souffian el karouani__2000-10-19,,,,,,8122743.829093671,,,,,,8563931.304209983,,,,,,,8343337.566651827,311966.6554293151,8343337.566651827
souleyman doumbia__1996-09-24,,,,,,,,764968.926180227,,760390.5669297116,,,,717134.1718006333,,,836282.775649016,,769694.1101398971,49347.342962004375,762679.7465549693
soumaila coulibaly__2003-10-14,,,,,,5304978.439837103,,,,,,,4943398.27734874,,,5160096.046103939,,,5136157.587763261,181974.835669864,5160096.046103939
soungoutou magassa__2003-10-08,,,,,,9770991.3462077,9745654.444763443,,,,,,8830335.631097984,,,9723245.859857973,,,9517556.820481775,458562.4381660734,9734450.152310707
sren tengstedt__2000-06-30,,,,,,,,,,,,,,,1015340.4489072813,,,,1015340.4489072813,,1015340.4489072813
stan henderikx__2003-07-08,,,,,,,,775280.6347620002,,706131.9918384367,731642.5450298057,,892248.1340970807,854998.0969437093,,,,,792060.2805342065,79552.34881798935,775280.6347620002
stanis idumbo__2005-06-29,,,,,2424511.0603518146,,,,,,,,,2210559.7662478196,2446371.287815592,,,3148820.8862464423,2557565.7501654173,408274.23290213174,2435441.174083703
stanislav lobotka__1994-11-25,,,,,,,,,,,,,,22657341.564881306,,,,,22657341.564881306,,22657341.564881306
stanley mills__2003-10-25,,,,,1806769.399213802,,,,,,,,,,,,,,1806769.399213802,,1806769.399213802
stanley nsoki__1999-04-09,,,,,,,,,,,,,,,,,2829077.8715274055,,2829077.8715274055,,2829077.8715274055
stav lemkin__2003-04-02,,,,,,,1951488.1053714445,,,,,,,,,,,,1951488.1053714445,,1951488.1053714445
stavros gavriel__2002-01-29,,,,,,,,,,,1156944.7755298659,,,,,,,,1156944.7755298659,,1156944.7755298659
stavros pilios__2000-12-10,,,,,1933809.3230766074,2176451.31978303,1923472.1807206804,2075290.9617641298,,,2105674.7944361335,2038671.2447127255,1921875.0520988011,,1946205.38401189,,,,2015181.2825755,97729.754810536,1992438.3143623078
stavros pnevmonidis__2006-08-07,Stavros Pnevmonidis,MID,1600000.0000000012,1795004.2210914528,,,,,,,1762852.7963824086,,,,,,1558685.3796378965,,1705514.1323705863,128169.57712141861,1762852.7963824086
steeven assengue__2005-06-14,,,,,,418345.33456670376,,,,,,443442.97730755253,,,,,,,430894.1559371281,17746.713373851493,430894.1559371281
stefan bajic__2001-12-23,,,,,,,,,,,,827068.5612018148,825667.1063713944,,,796605.8634929246,,912984.438631462,840581.4924243989,50269.54273694939,826367.8337866046
stefan bell__1991-08-24,,,,,,,,,1105967.335094077,1186577.66360469,,,1392615.6409620335,,,,,,1228386.8798869336,147826.995974497,1186577.66360469
stefan de vrij__1992-02-05,Stefan de Vrij,DEF,12249999.999999987,11670392.480045088,,10167357.68847693,12744209.648339067,,,,10495357.884944255,,,,,,,,11269329.425451335,1176080.6236862517,11082875.18249467
stefan drazic__1992-08-14,,,,,,,,,,,,,,,,,846230.0482477833,,846230.0482477833,,846230.0482477833
stefan drljaca__1999-04-20,,,,,,,,,752072.6954754939,,,816407.1780352272,,,,,854773.0445275874,816797.3162683813,810012.5585766725,42612.411860475164,816602.2471518043
stefan gartenmann__1997-02-02,,,,,,,,,,2129479.3279650514,1702460.4538039104,1849279.7017363606,1772397.9438804665,,,1886177.6031333434,,,1867959.0061038267,162477.22906795275,1849279.7017363606
stefan knezevic__1996-10-30,,,,,,,,,1209509.8392434206,,,,,,1238324.6618742652,,,,1223917.250558843,20375.156480957772,1223917.250558843
stefan kutschke__1988-11-03,,,,,,,,,,,,201416.10406191475,,,,,214941.61167562148,,208178.8578687681,9563.978152642301,208178.8578687681
stefan lainer__1992-08-27,Stefan Lainer,DEF,1899999.9999999993,1406362.5324830876,,,,1441890.7472790142,,1387679.5613638593,,,,,,,,1205474.9962238646,1360351.9593374566,105671.21701448972,1397021.0469234735
stefan mitrovic__1990-05-22,,,,,,,,,,,471299.82656791277,427641.665803197,,,,,,,449470.7461855549,30870.981530862973,449470.7461855549
stefan ortega__1992-11-06,,,,,5999131.184561757,,,6979460.199118056,,,,,5963972.0145338485,,,,,5863018.090280416,6201395.37212352,521908.2653023543,5981551.599547803
stefan posch__1997-05-14,,,,,,,15222863.261206137,,,,14197505.709193422,,,,,,,,14710184.48519978,725037.2781690293,14710184.48519978
stefan savic__1991-01-08,,,,,,,,,,,,,,3399223.4882017835,,,,,3399223.4882017835,,3399223.4882017835
stefan schimmer__1994-04-28,,,,,1251994.193816761,,,,,1270694.5715399133,,,,,1421991.661873505,,,,1314893.4757433932,93219.85912892816,1270694.5715399133
stefan schwab__1990-09-27,,,,,,863040.4268984091,,818292.180267274,,,,,,,,,,,840666.3035828415,31641.788639083723,840666.3035828415
stefan smarkalev__2007-05-14,,,,,,424375.93783536024,,,,,363705.3438512803,415911.81126271666,,350482.47012461803,,,,,388618.8907684939,36961.87821512368,389808.57755699847
stefan velkov__1996-12-12,,,,,,,,,726013.2317027083,,,,,,,,730451.0058696026,,728232.1187861555,3137.9802067854143,728232.1187861555
stefano mazzini__1998-12-06,,,,,,,,,,180663.13262298162,,,215089.07059853914,,190899.1343976709,191699.93415634637,,,194587.8179438845,14561.873514656743,191299.5342770086
stefano moreo__1993-06-30,,,,,,1468034.2052890807,1333589.4429477144,1354076.1033617558,,,,,,,1386310.6116690235,,1421637.928557351,,1392729.6583649851,53710.63541662849,1386310.6116690235
stefano russo__2000-06-29,,,,,,,,,,,,,,,,,1123622.9283884661,,1123622.9283884661,,1123622.9283884661
stefano sabelli__1993-01-13,,,,,,,,,,,,1391147.214583336,,,,,1231575.5527344171,,1311361.3836588766,112834.20417857716,1311361.3836588766
stefano turati__2001-09-05,,,,,,,,,4154523.157181476,,,,3175407.1282377653,,3736750.5498636835,,,,3688893.6117609744,491309.2350313091,3736750.5498636835
stefanos kapino__1994-03-18,,,,,,,,,,,,,,,,663609.5869817041,647553.6590212645,,655581.6230014843,11353.255539069523,655581.6230014843
stefanos tzimas__2006-01-06,,,,,,,,,,,,,,,,,4384301.515383668,,4384301.515383668,,4384301.515383668
stefen tchamche__2006-01-08,,,,,271866.0510724224,,,316951.0368163467,286171.6306722115,,,265439.61790325935,,,,278037.18540380563,,260828.58925671637,279882.351854127,20263.00364420871,274951.61823811405
steffen tigges__1998-07-31,Steffen Tigges,FWD,1350000.0,1064428.8780259532,993290.0066228855,,,,1005696.1743181162,,,,,,,,,1223575.49021184,1071747.6372946987,105867.30173609547,1035062.5261720347
stelios andreou__2002-07-24,Stelios Andreou,DEF,2900000.0000000014,3311997.990856647,,3228024.218960688,,3407391.143369716,,,,,,,,,,,3315804.45106235,89744.02624944852,3311997.990856647
stephan ambrosius__1998-12-18,,,,,,1223951.472375191,,,,,,,,,,,,,1223951.472375191,,1223951.472375191
stephan el shaarawy__1992-10-27,,,,,,,8347045.76368965,,,,8001489.206055863,,,,,10316457.35872935,10174435.534972427,,9209856.965861823,1205483.5902400732,9260740.649331039
stephane diarra__1998-12-09,,,,,,1490866.4833582065,,,,,,1412433.5055897783,,,,1153630.4236968523,1294970.820896555,,1337975.308385348,146915.1194516793,1353702.1632431666
stephen dukemckenna__2000-08-17,,,,,,303845.14012120385,,,,367944.98810087156,,,,315684.6851091227,328477.2323283649,,355079.15054800437,,334206.2392415135,26793.87723196628,328477.2323283649
stephen humphrys__1997-09-15,Stephen Humphrys,MID,712500.0000000002,683647.459326184,,,,,,,,,,,,,,,683647.459326184,,683647.459326184
stephen kingsley__1994-07-23,Stephen Kingsley,DEF,534999.9999999995,789684.6648356967,,,,,,,,,689625.9727686326,,,,,,739655.3188021646,70752.17967727764,739655.3188021646
stephen odonnell__1992-05-11,,,,,,,,,,,185994.30190188636,,,222527.16982963448,,218789.39444162758,,,209103.62205771613,20100.32959334941,218789.39444162758
stephen welsh__2000-01-19,,,,,,,,,,,,,1536567.3743219278,,,,,,1536567.3743219278,,1536567.3743219278
stephy mavididi__1998-05-31,Stephy Mavididi,MID,6749999.999999997,6192962.198781164,6475305.742840497,,,,5999501.176508221,,,,,,,,,,6222589.706043295,239281.92206179505,6192962.198781164
steve cook__1991-04-19,,,,,,889960.7266038597,,,,,,810064.2747701617,1234966.5253131203,,,,,,978330.5088957138,225814.9562049646,889960.7266038597
steve mounie__1994-09-29,,,,,,,,,3600385.3775994796,,,,,3078645.212516268,,2873158.490156812,,2978780.6550266244,3132742.4338247958,322854.1906993909,3028712.9337714463
steve ngoura__2005-02-22,,,,,,,,1517486.2151585761,,,,,,,,,,,1517486.2151585761,,1517486.2151585761
steven baseya__2005-01-14,,,,,655799.604049735,707835.6107200404,,,,,641119.1948411447,,,,,695876.948998059,,,675157.8396522448,31783.060688893034,675838.276523897
steven benda__1998-10-01,Steven Benda,GK,1099999.9999999998,1124124.9228211723,,,,,,,,,,,,,,1166228.4704500057,1145176.696635589,29771.704040358916,1145176.696635589
steven berghuis__1991-12-19,,,,,,,,,5279592.84507301,,,,,,,,5157890.993567994,,5218741.919320501,86056.20448215502,5218741.919320501
steven bergwijn__1997-10-08,,,,,20085348.473307554,,,,21294951.902359623,,,,22870019.25926319,,,,,16823671.777372576,20268497.853075735,2563974.254245204,20690150.18783359
steven moreira__1994-08-13,,,,,,,,1379313.3805132888,1667957.6262931423,,,,,,,,,,1523635.5034032157,204102.30354141095,1523635.5034032157
steven nzonzi__1988-12-15,,,,,450037.2774043627,,,339576.45860536426,,397648.99550704757,,,502992.88024879876,458865.5059392035,415628.0331397335,431474.6823011009,504270.25684756844,498444.0690804145,444326.4621192882,55167.74071874227,450037.2774043627
steven skrzybski__1992-11-18,,,,,,,,1282752.1507894248,,,,1302080.0437995296,,,,,1345480.4333249647,,1310104.2093046398,32124.75340768674,1302080.0437995296
stevie may__1992-11-03,,,,,225748.2419730118,,,,,,,,162314.50432915168,187697.0828901424,176846.4067515594,,204727.6912067668,,191466.78543012642,24641.89272384318,187697.0828901424
stian gregersen__1995-05-17,,,,,,1508105.2073942062,,1414739.9398375633,,1534076.3395048177,,,1202271.0087540546,,,1272313.2074200925,,,1386301.1405821468,145209.19714234996,1414739.9398375633
stije resink__2003-05-28,,,,,,4367447.879464612,,,,5014393.754561944,,,,,,4654899.263530159,,,4678913.632518905,324140.80083323165,4654899.263530159
stijn spierings__1996-03-12,,,,,,,,1792552.7647599494,,2096886.1706721284,,2142662.396932162,1902311.0611122092,,,,,1946094.369263005,1976101.3525478907,143498.31360564326,1946094.369263005
stijn van gassel__1996-10-18,Stijn van Gassel,GK,999999.9999999997,876392.8827822576,893110.8936766303,,,918153.3100849374,853460.1553669871,,,,,,,,872842.2370916479,,882791.8958004921,24275.52991312672,876392.8827822576
stipe perica__1995-07-07,,,,,,884153.1393322338,,,978347.2512003195,1008010.2562250405,,,916485.6689209188,,,,,,946749.0789196282,56525.81113645967,947416.4600606192
stipe radic__2000-06-10,,,,,1164324.231466661,,,,,,,1468719.9838429915,,,,,,,1316522.1076548262,215240.30066968448,1316522.1076548262
stiven shpendi__2003-05-19,Stiven Shpendi,MID,1949999.999999999,1305016.4054714686,1295184.608438019,,,,,1261560.6584832203,,,,,,,,1100727.3825495217,1240622.2637355574,95101.08500257123,1278372.6334606195
stole dimitrievski__1993-12-25,,,,,2765842.52244494,3259249.904364993,2903664.939809389,,3534363.1237341724,,,,,3299821.148611482,,3190125.173385667,,,3158844.4687251076,279826.9251803144,3224687.5388753302
stoppila sunzu__1989-06-22,,,,,317624.4878895061,,318877.7560769525,,,,197498.79211533623,,,,,,,,278000.3453605983,69719.20629541215,317624.4878895061
strahinja pavlovic__2001-05-24,,,,,11783740.461026626,,11259900.28216102,,14565945.12170914,,12645000.456941124,11749149.329693347,,,,,,,12400747.130306251,1309059.823324485,11783740.461026626
stratos svarnas__1997-11-11,,,,,,,,,1708440.2413493854,,,,,,,,,1629424.5843333388,1668932.412841362,55872.50689595694,1668932.412841362
streli mamba__1994-06-17,,,,,,517456.3154764806,,557577.2568987821,,554273.2587564166,,,461027.80325592525,,,609308.7662047652,571363.8685834781,,545167.8781959746,50763.50457001985,555925.2578275993
stuart armstrong__1992-03-30,,,,,,,,,,1276617.914470436,,,,,1034778.6763969093,,1149103.8221081486,,1153500.137658498,120979.54356340444,1149103.8221081486
stuart findlay__1995-09-14,Stuart Findlay,DEF,1024999.9999999995,1071067.4621495665,,970020.7844635894,,984558.6965243252,,,,,,,,,,,1008548.9810458272,54628.36334186109,984558.6965243252
suat serdar__1997-04-11,,,,,,,,,,,,,8144653.973261864,,,,,,8144653.973261864,,8144653.973261864
sullay kaikai__1995-08-26,,,,,,,,,,,,,222903.64320080663,,,408443.2393731124,403390.9329618339,,344912.6051785843,105693.05347178431,403390.9329618339
svante ingelsson__1998-06-14,,,,,,,,,,,,1396835.4048612353,1066089.0754501075,,,,,,1231462.2401556713,233872.97237916815,1231462.2401556713
svar atli magnusson__2000-06-16,,,,,,,,1010870.7657504916,,,,,,,875594.5766138383,,,847166.1367811803,911210.4930485034,87470.97526668923,875594.5766138383
sven botman__2000-01-12,Sven Botman,DEF,35499999.999999955,36381581.931681216,37806612.059637085,,,,,,,34994853.88358335,,36001651.07475693,,,,,36296174.73741464,1164602.2848561513,36191616.50321907
sven bouland__2006-02-22,,,,,,,449416.43411503785,,,,,,,,,,439440.7260349399,,444428.5800749889,7053.890830574713,444428.5800749889
sven jansen__2004-10-23,,,,,,,,,,186991.82436192947,,190219.6263030445,,,178438.82495440854,,,,185216.75853979416,6087.689554230762,186991.82436192947
sven kohler__1996-11-08,,,,,,,,831653.1101399856,,,,,,,,,847405.650318004,783899.632928996,820986.1311289952,33069.500934681906,831653.1101399856
sven mijnans__2000-03-09,,,,,9217062.485591365,,,,9912826.44187298,,,10690606.451304412,8371634.752960379,,,10473854.179875871,9614390.508449031,,9713395.80334234,851995.5046317918,9763608.475161005
sven sonnenberg__1999-01-19,,,,,592082.0891931782,,,,562142.1784680769,,,,,,,,,,577112.1338306275,21170.713901839015,577112.1338306275
sven ulreich__1988-08-03,,,,,473751.69919254736,,,376024.7325287287,,,,439129.2810293504,444072.1780709393,401343.27333839517,413292.35758646805,,,,424602.25362440484,34740.322252300386,426210.81930790923
svenn crone__1995-05-20,Svenn Crone,DEF,512499.9999999997,489622.3221258121,527130.6203646857,,,,,,,,,602732.487042337,534429.5624398226,,,,538478.7479931643,47119.24318382348,530780.0914022541
sverre nypan__2006-12-19,,,,,,,,,8111729.725233459,,,,,,,,,3698329.606346312,5905029.665789885,3120745.1521546165,5905029.665789885
sverrir ingi ingason__1993-08-05,,,,,,,,,1470705.6669263558,1403256.135815457,,,,,,,,,1436980.9013709063,47694.020836369564,1436980.9013709063
syb van ottele__2002-02-02,,,,,1276577.003833028,,,,,,,,,,,,,,1276577.003833028,,1276577.003833028
sydie peck__2004-09-13,,,,,3180845.8259167476,,,,,,,,,4507455.359355327,,3296393.4379376853,,,3661564.874403253,734837.2929161093,3296393.4379376853
sydney van hooijdonk__2000-02-06,,,,,,1529670.1534146795,,,,,,,,,1951296.735941755,,,1964404.3559028949,1815123.7484197766,247296.92396239354,1951296.735941755
szymon czyz__2001-07-08,,,,,,,,,1053060.210562821,1161998.8449382058,,,,,,,,,1107529.5277505135,77031.2471000365,1107529.5277505135
taha altkardes__2003-08-22,,,,,,,,,,1882885.2141409009,,,,,1784902.6374991545,1786927.9780060966,,,1818238.6098820504,55994.759421686584,1786927.9780060966
taha emre ince__2007-07-26,Taha Emre İnce,DEF,312500.00000000023,348884.91204754804,,,,,,,,,,,353162.4770301441,,,,351023.69453884603,3024.6952061597676,351023.69453884603
taha sahin__2000-10-22,,,,,1960291.8528610417,,,1883859.6292485239,,1946654.4320958273,,1833420.585221318,,,1835209.1186082466,,,,1891887.1236069917,59945.47124376374,1883859.6292485239
tairyk arconte__2003-11-12,,,,,,,,933501.1084411611,,,,1126852.0917134667,841007.2111448444,,,1136054.7830957721,,,1009353.798598811,146005.9273555988,1030176.6000773138
taishi brandon nozawa__2002-12-25,,,,,,,,,,,,,365598.7502671815,,,,470136.32163230615,,417867.5359497438,73919.2256010523,417867.5359497438
taiwo awoniyi__1997-08-12,,,,,,,,7000228.417885648,,,,,,,,,,,7000228.417885648,,7000228.417885648
tajon buchanan__1999-02-08,,,,,6004560.421076914,5870418.952875987,,,,,,,,6906039.98956053,,,6339425.614167466,6437275.150328408,6311544.025601862,405845.23315656534,6339425.614167466
takahiro akimoto__1998-01-31,,,,,,,1147873.0065949345,,,,1207261.2693138272,,,,,,,,1177567.1379543808,41993.84329141723,1177567.1379543808
takayuki seto__1986-02-05,,,,,81876.71329840108,,,,,,,,,,119105.86622063663,83794.74769318741,,,94925.77573740837,20962.521218062608,83794.74769318741
takefusa kubo__2001-06-04,,,,,,,,26530661.71910343,,,,,,32872713.919603758,29014165.03339764,26489251.403164156,,,28726698.018817246,3005596.331379436,27772413.376250535
takehiro tomiyasu__1998-11-05,,,,,12591926.871626025,12671263.08222667,,,,,,,,,,,,9518615.276343614,11593935.076732105,1797717.3760053348,12591926.871626025
takuma asano__1994-11-10,,,,,,,,,,3559308.5691585955,,,,,,,3904254.9254609784,,3731781.747309787,243913.9076870059,3731781.747309787
takumi minamino__1995-01-16,,,,,9879008.69554975,,11917804.122710686,10505444.56858918,10690385.432055432,,,,,,,,10366033.569055974,,10671735.277592206,758708.9302584718,10505444.56858918
talha sararslan__2004-01-18,,,,,,,,,297843.1163535957,,,281489.3010929785,357637.21569999564,,,,,,312323.2110488566,40085.921238474555,297843.1163535957
talha ulvan__2001-04-20,,,,,,,225643.41660257417,,284026.83871133655,,,,210984.47331356478,261800.70189861543,,,279960.1635573318,250661.13331566527,252179.45456651467,29264.603738308633,256230.91760714035
tamas nikitscher__1999-11-03,,,,,,1894548.1313478865,1504591.945364896,,,,,,,,,,,1254544.1890025684,1551228.0885717839,322540.6314626071,1504591.945364896
tammer bany__2003-10-19,,,,,,967622.6438847901,,,,,1094253.3242306318,908381.0382544629,,756225.1272954692,,,,392713.73204115947,823839.1731413028,269900.73716306017,908381.0382544629
tammy abraham__1997-10-02,,,,,,,15985951.861310687,,,,,,,,15277696.522690946,,,,15631824.192000818,500812.1527495931,15631824.192000818
tanguy coulibaly__2001-02-18,,,,,3062834.938702818,,,,,,,,,2823069.973591212,3269775.5807633335,2677483.923268498,,,2958291.104081465,261463.45793010455,2942952.456147015
tanguy ndombele__1996-12-28,,,,,2898922.3867865354,,,,,,3285730.258218323,,,,3041947.653839616,3499879.6021605153,,,3181619.9752512476,265552.52150449675,3163838.9560289695
tanguy nianzou__2002-06-07,,,,,3703366.0750794327,3473459.8246196066,,,,,,,,3602560.432130157,,,,3168313.9713877235,3486925.0758042303,232316.30065268304,3538010.128374882
tanguy zoukrou__2003-05-07,,,,,968295.1083896772,,,976358.1288610523,,,,,951335.4703101336,,942866.9358636528,,,,959713.910856129,15326.293055672706,959815.2893499054
tani oluwaseyi__2000-05-15,,,,,,2207650.0557499286,,,,,2664644.290687085,,,,,2581706.353307764,,,2484666.899914926,243461.34051946492,2581706.353307764
tanner tessmann__2001-09-24,,,,,,,,,,,,,,,,,,11063162.907168197,11063162.907168197,,11063162.907168197
taras mykhavko__2005-05-30,Taras Mykhavko,DEF,4799999.999999999,3535588.6096136635,,,4858803.341236309,,,4995540.436765792,,,,,,,,,4463310.795871922,806334.6696504568,4858803.341236309
taras stepanenko__1989-08-08,,,,,,,,,,,456131.3304469935,466962.8481065885,,444167.2343892043,468725.07327995176,,,,458996.6215556845,11346.426093453952,461547.089276791
tarek buchmann__2005-02-28,,,,,,,521230.23179878475,,,,,,,,,,,,521230.23179878475,,521230.23179878475
tarik muharemovic__2003-02-28,,,,,5755458.759907685,,,,7236934.216841331,,,,,5992427.048312164,,,5718872.680077304,,6175923.176284621,717658.4003286123,5873942.904109925
tariq lamptey__2000-09-30,,,,,,,,,,3589495.8362937425,,,,,,,,,3589495.8362937425,,3589495.8362937425
tark cetin__1997-01-08,,,,,,,,,,,,,918551.2134424542,,,,,,918551.2134424542,,918551.2134424542
taskn ilter__1994-07-05,,,,,458057.27315952355,,405739.2216859605,,,,453422.9611943804,,,,,,,,439073.15201328817,28960.876974772687,453422.9611943804
tatsuhiro sakamoto__1996-10-22,,,,,,,3455546.799212571,,,,,,,3373073.428153415,,,,3806447.3366650366,3545022.521343674,230125.32407977534,3455546.799212571
tawanda maswanhise__2002-11-20,,,,,,,,,,1284432.4377507975,,,,,,,,,1284432.4377507975,,1284432.4377507975
tayfur bingol__1993-01-11,,,,,,465362.56431861693,,,,470255.90899955883,,,,,,454696.53400044143,,,463438.33577287244,7956.162970489196,465362.56431861693
taylan antalyal__1995-01-08,,,,,,,1150949.6953369651,1262179.9030166985,,,,,,1109204.807498201,,,,,1174111.4686172882,79073.98920214015,1150949.6953369651
taylor booth__2001-05-31,,,,,,,,,,,,,,,,,,1529078.1249942495,1529078.1249942495,,1529078.1249942495
taylor gardnerhickman__2001-12-30,,,,,,,,,,,2399179.828623954,,,,,2316736.440039878,2060828.330256154,,2258914.866306662,176431.1052611561,2316736.440039878
taylor harwoodbellis__2002-01-30,Taylor Harwood-Bellis,DEF,15000000.00000001,10616432.031903472,,,,,,,,,,8907098.130857117,,,,,9761765.081380295,1208681.592741932,9761765.081380295
taylor perry__2001-07-15,,,,,,298190.2392270795,,263492.7542398228,,,,,,285232.5578941462,323804.5398868083,280687.0173250443,,,290281.42171458027,22480.68711680953,285232.5578941462
taylor richards__2000-12-04,,,,,,,,,588716.8557999036,,501909.16948516964,,,559383.6301925587,,,,,550003.218492544,44157.53269347874,559383.6301925587
tayo adaramola__2003-11-14,,,,,,926291.1176969056,935073.9824635218,830091.8513687692,906119.6223924428,,,,,951495.5966055882,,,1077239.3254737852,,937718.5826668354,80467.92184799448,930682.5500802137
tayyip talha sanuc__1999-12-17,,,,,1528012.5833538994,,1415975.982500043,,,1539502.103744499,,,,,,,,,1494496.8898661472,68243.32890399417,1528012.5833538994
teddy okou__1998-05-15,,,,,,1431625.2495387583,,,,,,,,,,,,,1431625.2495387583,,1431625.2495387583
teddy teuma__1993-09-30,,,,,,,,,,3446501.54199034,,,,,,3888713.2204857697,,3452324.4577489006,3595846.40674167,253646.81060768067,3452324.4577489006
teemu pukki__1990-03-29,Teemu Pukki,FWD,1150000.0000000005,850688.5441423114,686257.528098028,,,,746888.3539397717,,,,,,,911502.0872238512,,,798834.1283509906,101250.1914357571,798788.4490410415
teenage hadebe__1995-09-17,,,,,,,,1207344.6860192518,,,,,1325348.2440230432,,,,,,1266346.4650211474,83441.11606862098,1266346.4650211474
teji savanier__1991-12-22,Téji Savanier,MID,6250000.000000005,2870533.559541553,2946061.5059704953,3241199.901876779,,3211057.827453935,,3306619.9421908245,,3420550.8678157073,,3051551.5540124383,,,,,3149653.594123105,199648.32247024614,3211057.827453935
telasco segovia__2003-04-02,,,,,2984167.096652027,3024029.366341801,,,,,2074159.40089856,,,,,,,2070321.4878519126,2538169.3379360754,538256.6923194414,2529163.2487752936
telli siwe__2004-12-14,,,,,,723689.9945546947,,,,,,,,,,,,,723689.9945546947,,723689.9945546947
telmo arcanjo__2001-06-21,,,,,2253278.3280777163,,1980863.5720680696,,2279324.284466917,,,2184698.4512527124,,2146082.0080548637,2094408.6302676098,,,,2156442.5456979815,109598.36682679212,2165390.229653788
tendayi darikwa__1991-12-13,,,,,,408970.6473554125,,,399534.4190820811,,,,,,413145.0546255329,416942.30749024876,410408.1712659048,,409800.119963836,6493.10781408261,410408.1712659048
terem moffi__1999-05-25,,,,,,,,,,5379040.0581036825,,,,,,,,,5379040.0581036825,,5379040.0581036825
terrence boyd__1991-02-16,,,,,448508.1929115689,,,,,,,,,,,420072.2618161737,,,434290.2273638713,20107.23970690738,434290.2273638713
terry taylor__2001-06-29,,,,,605189.8167530136,,,,,,,,,,546237.7491171733,,,,575713.7829350934,41685.40679027074,575713.7829350934
terry yegbe__2001-01-25,,,,,,2061681.1894375894,,,2368024.4843953946,,,,,,,,,,2214852.836916492,216617.42123569472,2214852.836916492
tete yengi__2000-11-28,,,,,,,,,288249.43146460905,294618.45984662033,,329309.261624152,,,,,,,304059.0509784605,22097.985968670593,294618.45984662033
teun koopmeiners__1998-02-28,,,,,,,,,,20988707.448816255,,,,,,21481684.854729127,23488853.563129395,,21986415.288891595,1324291.2280182734,21481684.854729127
thelo aasgaard__2002-05-02,,,,,,,,,,,,,2157275.3232166455,,,2267650.095239067,,,2212462.7092278562,78046.74976897344,2212462.7092278562
theo bair__1999-08-27,,,,,,,,2202497.5638914616,,,,,2177704.4122995744,,,1988192.34132177,,,2122798.105837602,117229.30082591668,2177704.4122995744
theo corbeanu__2002-05-17,,,,,,,,,2410917.396103695,2179311.4325962677,,,,,1957004.0559161566,,,,2182410.9615387064,226972.54329500024,2179311.4325962677
theo de percin__2001-02-02,Théo De Percin,GK,899999.9999999995,1090846.0857954342,,1209591.4557584838,,1136517.007644553,,1157674.8614583442,,,,,,,,1131227.3684867155,1145171.3558287062,43378.72294589538,1136517.007644553
theo defourny__1992-04-25,,,,,,,,198592.45638639777,163183.9408334544,,,195915.42067028896,,,,189179.9126067512,,,186717.9326242231,16181.349510864999,192547.66663852008
theo guivarch__1995-11-17,,,,,,,562929.2660634938,,,,,,,565858.6749090533,535044.7459932881,,,,554610.8956552785,17007.96926422029,562929.2660634938
theo hernandez__1997-10-06,,,,,,38932763.4787503,,,,36565188.80705056,36026839.57366781,,38689153.6917695,,,,,,37553486.387809545,1471906.7137719528,37627171.24941003
theo le bris__2002-10-01,Théo Le Bris,DEF,2849999.999999999,3437301.7359725884,,,,,,3483944.7961756946,,,,,,,,,3460623.2660741415,32981.62416490874,3460623.2660741415
theo leoni__2000-04-21,Théo Leoni,MID,3499999.9999999995,2221899.786682628,,,,2158316.998085608,,,,,,,,,,,2190108.392384118,44959.82098370376,2190108.392384118
theo sainteluce__1998-10-20,Théo Sainte-Luce,DEF,1249999.999999999,1587541.710748379,,1729525.0108292063,,1398257.8339458653,1486518.411443883,,1215009.8046100242,,,,,,,,1483370.5543154716,194110.29239186857,1486518.411443883
theo sander__2005-01-08,,,,,,797290.5124257023,,797421.0950432691,,,,,,907880.0103224011,,,,818895.2775724158,830371.723840947,52660.40188195844,808158.1863078424
theo vermot__1997-01-27,,,,,,,,,,181921.4242787178,,229249.20120027408,177893.58510611628,,,,,,196354.73686170272,28558.540057069495,181921.4242787178
theo zidane__2002-05-18,,,,,,1249775.0679128128,,,,1144775.1867785796,,,,,,,,,1197275.127345696,74246.12797379773,1197275.127345696
therence koudou__2004-12-13,,,,,,,,,,,,,,,2847720.10952288,,,2705555.9634154313,2776638.036469156,100525.23175417211,2776638.036469156
thiago almada__2001-04-26,,,,,,33244931.061318915,32345011.130075995,,39909563.36881485,39621314.685215786,,,27377836.157838464,,,,,,34499731.2806528,5301783.484123797,33244931.061318915
thiago borbas__2002-04-07,,,,,,,,,,,,3703918.8984627984,,,,,4603043.452244512,,4153481.175353655,635777.0691103782,4153481.175353655
thiago fernandez__2004-04-03,,,,,,,,6613840.666397,,6758592.531846001,,,,,,6820655.619683262,6156981.549173484,,6587517.591774937,299818.9250274128,6686216.5991215
thibault de smet__1998-06-05,,,,,,1987649.1281676444,,,1991573.6917613277,1854626.4334827117,,,,,,,,1801545.5107937031,1908848.6910513467,95754.82640826289,1921137.7808251781
thibault klidje__2001-07-10,,,,,,,,,2024231.9916076167,,2051881.716922957,,1826507.0578961305,2033648.5769838134,,2059862.3956307268,,,1999226.3478082488,97585.14664527377,2033648.5769838134
thibault vlietinck__1997-08-19,,,,,,,,738644.0812144314,,,,,,745733.967586298,,,,,742189.0244003647,5013.306731388938,742189.0244003647
thibaut courtois__1992-05-11,,,,,,,,,,,26617267.44473645,,,,,,,33120144.32379266,29868705.884264555,4598228.338401857,29868705.884264555
thibaut vargas__2000-05-22,Thibaut Vargas,DEF,1350000.0,1455378.3484029102,1420692.2930892843,,,,,,,,,,,,,,1438035.3207460972,24526.74492487651,1438035.3207460972
thibo baeten__2002-06-04,,,,,,,,,,,,,741789.570441772,,,,,,741789.570441772,,741789.570441772
thibo somers__1999-03-16,,,,,,,,,3502508.5608190317,3043026.2682430684,2841707.274730299,,,,,3299057.968409363,,,3171575.0180504406,289313.222143837,3171042.118326216
thierno balde__2002-06-10,,,,,,,,861178.3209770692,,,,,,,,,,,861178.3209770692,,861178.3209770692
thierno barry__2002-10-21,,,,,,19775323.529414006,,17901968.539514173,19614742.380153973,,,,,,,,20227182.65059628,,19379804.274919607,1018770.4953149287,19695032.95478399
thierry lutonda__2000-10-27,,,,,859304.2693762543,,,,,896362.0543442784,,,,,,,,768219.0938162864,841295.1391789397,65942.40791074814,859304.2693762543
thierry small__2004-08-01,Thierry Small,DEF,1749999.9999999998,2466537.6212011366,,,,2096812.6228475557,,,2033137.506302904,,,,,2190464.626620729,,,2196738.0942430813,191120.72393366866,2143638.6247341423
thijmen blokzijl__2005-02-25,,,,,,,,,,2753887.315603401,,,,,,3125787.0591417644,,,2939837.187372583,262972.83057751466,2939837.187372583
thijmen nijhuis__1998-07-25,,,,,424766.40881514293,,,443343.4034229818,460797.1683729919,,,,,,,,,,442968.99353703886,18018.29752365356,443343.4034229818
thijs dallinga__2000-08-03,,,,,,,,,,,,,13855812.890588602,,,,,,13855812.890588602,,13855812.890588602
thijs oosting__2000-05-02,,,,,,1003117.139470877,,,,,853108.7503845867,,,,,846958.4759442923,,,901061.4552665852,88436.29615563576,853108.7503845867
thilo kehrer__1996-09-21,,,,,,,,,,11985619.052804578,,10884589.215759799,,,,11631312.64344933,,,11500506.970671237,562049.1691470692,11631312.64344933
thom van bergen__2004-01-06,Thom van Bergen,MID,2150000.0,1791484.2368265183,,1739618.6896213214,,,1529863.3230879495,1702571.8309797002,,1720210.6908015546,,,1612760.7896651556,,1786842.4812691782,1743572.3401038009,1703365.5477943975,89650.759874308,1729914.690211438
thomas battistella__2001-07-29,,,,,974008.8798091252,,,934570.1621873016,,,,,,,,870265.7726755759,938115.6128944162,,929240.1068916047,43164.025225587684,936342.8875408589
thomas beelen__2001-06-11,,,,,,7392716.541495097,,8612408.05280662,,,7021462.3155345535,,7095306.261215005,,,7075020.423394838,8704879.763435254,,7650298.892980228,792280.3917255457,7244011.4013550505
thomas bruns__1992-01-07,,,,,,,,,,,,406320.40565205924,416816.8991324079,,,,,,411568.6523922336,7422.141718634929,411568.6523922336
thomas buitink__2000-06-14,,,,,656399.9178575465,668620.7551006875,604343.8300718182,,,,,,664387.8002983718,,633274.9553134503,,,,645405.4517283748,26708.443747743793,656399.9178575465
thomas callens__1998-09-06,,,,,530185.6726859217,,,541699.3582955364,,,,,,,,,,,535942.515490729,8141.40517100853,535942.515490729
thomas carrique__1999-02-26,,,,,,825875.6862172397,,,,,759602.6617174832,,839082.0021987862,,,,,,808186.7833778365,42590.07341602164,825875.6862172397
thomas claes__2004-03-26,,,,,,2088570.3109434827,1734270.000350378,,,,,,,1832463.1083799705,,,,1418306.15712329,1768402.3941992803,277094.24722663534,1783366.5543651744
thomas delaney__1991-09-03,,,,,,,1446857.8316515973,,,,,,,,,,1745040.7008414818,1353146.1767367744,1515014.9030766177,204644.49490455462,1446857.8316515973
thomas foket__1994-09-25,Thomas Foket,DEF,3600000.0000000014,1289132.0879976195,,1248278.805737289,,,,1315103.828085683,,,,,,,,1128215.0112793427,1245182.4332749837,82687.23991290774,1268705.4468674543
thomas gundelund__2001-11-06,Thomas Gundelund,DEF,875000.0,1142255.812759279,,,,,,,,,,,,,1090666.2942209651,866825.3911441944,1033249.1660414794,146417.2948939108,1090666.2942209651
thomas henry__1994-09-20,,,,,,,,,1833635.7725211142,,,,,1692182.6969470237,,,,2058044.199947128,1861287.5564717555,184491.53289816185,1833635.7725211142
thomas isherwood__1998-01-28,Thomas Isherwood,DEF,749999.9999999998,958605.7007773009,,,866551.5530394423,,815542.1437439047,,,810842.6441431441,,,,,,,862885.510425948,68618.8725474836,841046.8483916735
thomas jrgensen__2005-09-30,,,,,,2157838.786432305,,,,,,1799826.7082913208,,,,,,,1978832.7473618127,253152.76820017796,1978832.7473618127
thomas kastanaras__2003-01-09,,,,,,717519.105781312,,,,,,,,658307.3684565268,,,,,687913.2371189194,41869.02098819223,687913.2371189194
thomas keller__1999-08-05,,,,,,,,1290922.8583148182,,,,1271860.3562465108,,1107439.9450033256,,1174328.754703921,,,1211137.978567144,85947.72696975406,1223094.555475216
thomas kristensen__2002-01-17,Thomas Kristensen,DEF,6950000.000000006,5134324.706250884,4532404.92786571,,,4959088.839450808,,,,,,,,,,,4875272.824522467,309589.5640548386,4959088.839450808
thomas lemar__1995-11-12,,,,,,9969787.036905972,,,,,6748123.237202924,,,,,9519959.69081242,,,8745956.654973773,1744732.0522632848,9519959.69081242
thomas meiner__1991-03-26,,,,,232314.44725052055,,,,,,,,,,,247544.91869777834,,235131.11637979688,238330.1607760319,8103.531878955363,235131.11637979688
thomas mikkelsen__1983-08-27,Thomas Mikkelsen,GK,37500.00000000001,106353.04853752474,,122121.57244140493,,,,,,94477.79821069265,,,108957.96511400735,,,104353.94976128616,107252.86681298318,9954.917604826198,106353.04853752474
thomas monconduit__1991-02-10,,,,,,,419483.69679586863,,,456462.104780131,,,,,,,462881.0462422453,449429.3085593212,447064.0390943915,19190.02461952695,452945.7066697261
thomas muller__1989-09-13,,,,,,,,5751193.189957608,,5090323.9467598945,5175028.046560092,,,,,,,,5338848.394425864,359603.7665713842,5175028.046560092
thomas oude kotte__1996-03-20,Thomas Oude Kotte,DEF,950000.0000000008,1187582.5957996435,,,,,,,,958237.4551122951,1138988.9159159604,,1144039.4314483814,,,,1107212.0995690702,101683.95446326832,1141514.173682171
thomas ouwejan__1996-09-30,,,,,,,1295388.4492462573,1480688.9060478471,,,,,,,,,,,1388038.6776470523,131027.20956136908,1388038.6776470523
thomas partey__1993-06-13,,,,,,,,,,,,,,,,10618986.990208276,,,10618986.990208276,,10618986.990208276
thomas robinet__1996-08-18,,,,,,,,,1016004.2209232175,993363.76790052,,,,,,,,,1004683.9944118687,16009.217861484853,1004683.9944118687
thomas santos__1998-10-10,,,,,,,481941.6866760941,,,692618.0125175684,558030.1779857571,,,,703633.3312109595,698765.6959001824,,,626997.7808581123,101399.52750840569,692618.0125175684
thomas strakosha__1995-03-19,,,,,,3419010.220923446,3312675.05031521,,3556719.286362835,,,,,,3181405.987411006,,,,3367452.6362531246,159262.87373119663,3365842.6356193284
thomas van den belt__2001-06-18,,,,,,,2242459.291940025,,,,,,,,2506596.923432205,,,,2374528.107686115,186773.5103946737,2374528.107686115
thomas van den keybus__2001-04-25,,,,,,,,,1588382.9372279826,,1424111.4570756305,,,,,,,,1506247.1971518067,116157.47757127945,1506247.1971518067
thore jacobsen__1997-04-19,,,,,,,,,,657627.0644369377,,,,,,,,,657627.0644369377,,657627.0644369377
thorgan hazard__1993-03-29,,,,,,3068950.245277603,,,2580403.115196814,,,3045397.9286588347,,,,,,,2898250.4297110834,275515.6336988478,3045397.9286588347
tiago cukur__2002-11-30,Tiago Çukur,FWD,649999.9999999995,810222.7272586671,707661.3550276328,,,,,,687156.6375126417,,,801901.4964956584,674851.750656065,,,,736358.7933901331,64767.34917064144,707661.3550276328
tibe de vlieger__2005-11-05,Tibe De Vlieger,MID,749999.9999999998,959067.5699698338,977758.3016016422,,,1026299.3508470625,,,,,,,,,,,987708.4074728462,34702.75990633959,977758.3016016422
tidiam gomis__2006-08-08,Tidiam Gomis,MID,3249999.9999999986,5793375.532331589,5955408.129282619,,,,,,,,,,4987199.156600767,,,,5578660.939404991,518588.3926652597,5793375.532331589
tidjany toure__2002-07-15,,,,,1801925.40875854,1912136.0858571453,,,,1833395.9450945,,,,,1821668.6541237577,,,,1842281.5234584857,48346.38823689073,1827532.2996091289
tijjani noslin__1999-07-07,,,,,,,,5889723.487780712,,,,,,,6697527.415818426,,7243371.190898246,,6610207.364832461,681035.3291254337,6697527.415818426
tijjani reijnders__1998-07-29,,,,,,,78208527.20684929,,,,86909632.70150977,,,,,,,,82559079.95417953,6152610.699093956,82559079.95417953
tijmen holla__2006-07-25,,,,,,,,211332.75416787644,,,,197793.98544486516,220404.8513295713,,,,,,209843.86364743765,11378.726213879629,211332.75416787644
tijn van ingelgom__2007-03-05,,,,,,,,,,,,,394900.9749560397,433147.9102635467,,,422646.04226970655,417224.828079567,416979.93889221497,16135.350889249708,419935.4351746368
tijs velthuis__2002-01-12,,,,,,,1000739.8361025794,,,991923.7933913366,,1104096.5581788674,,998746.1677713953,,1157729.0220137925,,,1050647.0754915944,75756.6021821853,1000739.8361025794
tika de jonge__2003-03-11,Tika de Jonge,MID,1800000.000000001,1774468.3441008164,,,,1768466.5417112014,,,,,,,,,,,1771467.442906009,4243.91516903838,1771467.442906009
till cissokho__2000-02-08,,,,,860437.8364082228,,784059.7277853081,,,,,,,,,939668.2019367993,,,861388.58871011,77808.59370528093,860437.8364082228
tim breithaupt__2002-02-07,,,,,,,,,,1924489.0590734035,1836710.38728843,1820053.7661233707,1999921.3178624383,,,,,1962357.605309867,1908706.4271315015,78247.07780311143,1924489.0590734035
tim chow__1994-01-18,,,,,,,,,,1404657.4931858052,,,1355328.874228827,,1576846.2586941784,1580344.709259228,1630677.5821659153,,1509570.9835067908,121448.71332485277,1576846.2586941784
tim civeja__2002-01-04,Tim Civeja,MID,674999.9999999998,713011.4065800266,,684718.775683425,,,,,,,,669344.5634640127,,,,613978.4989413304,670263.3111671987,41654.06863059712,677031.6695737189
tim drexler__2005-03-06,,,,,,,,,2590577.387325634,2138269.8011548445,,2420449.8903569523,2057217.069376242,,2330771.265163015,,2641554.0356947435,,2363139.9081785716,235681.8808322163,2375610.577759984
tim freriks__1998-10-02,,,,,,,531247.6367906723,,,576662.8831624337,,,,,606677.9616135941,,597018.7054247591,481151.63926135213,558551.7652505623,52106.00682468342,576662.8831624337
tim handwerker__1998-05-19,,,,,,1157818.7466044961,1276879.8027149588,,,,1073503.2402684016,,,,1181359.1150266796,1127137.9886388313,,1045413.9920330811,1143685.4808810747,82724.15753074503,1142478.3676216637
tim iroegbunam__2003-06-30,,,,,,13493346.193586051,,,,,,,,11876098.39887638,,,12363546.291403333,,12577663.627955256,829612.7305751706,12363546.291403333
tim jabolfolcarelli__1999-12-06,,,,,1952288.0826962963,,,,,,,,,,,1816191.0709305552,1733222.166714017,1867872.0217470257,1842393.3355219737,91889.28424445911,1842031.5463387906
tim kleindienst__1995-08-31,,,,,,,,,21948631.805864796,20545652.05924172,,,,,,20779940.279361513,,23290469.666840676,21641173.452827174,1259179.4078278427,21364286.042613156
tim lemperle__2002-02-05,,,,,,,7665551.072350128,,,,,,,8819467.274440965,,,,,8242509.173395546,815941.9714194575,8242509.173395546
tim oermann__2003-10-06,,,,,,4824951.947828515,,,,,,3918601.8890390047,,,,,,,4371776.91843376,640886.272698889,4371776.91843376
tim paterok__1992-08-05,,,,,,,,,210914.51576931425,,,,226989.48938399844,218000.73813193894,,,186989.405318944,,210723.53715104892,17135.58035995312,214457.6269506266
tim ream__1987-10-05,,,,,,,,,490309.1118522675,,591042.8303160615,,,,,,,,540675.9710841645,71229.49541988525,540675.9710841645
tim schreiber__2002-04-24,,,,,,1297787.526920874,,,,,,,,,,,1216071.9106238945,1080667.6518298297,1198175.6964581993,109660.68530237254,1216071.9106238945
tim siersleben__2000-03-09,,,,,2712111.2494012597,,,,,,2856798.504166399,,2967207.2040948537,2921487.326887411,,,,,2864401.0711374804,111172.43423048609,2889142.915526905
timjustin dietrich__2002-11-08,,,,,,278661.14323430957,303809.4276665635,,,275564.5973833294,,,,288855.40085220337,,,,,286722.64228410146,12727.877890069638,283758.27204325644
timo baumgartl__1996-03-04,Timo Baumgartl,DEF,1499999.9999999986,1453568.2363924074,,,,,,,,,,,,1278849.0107024934,1407986.521208439,1617962.3226568538,1439591.5227400484,140057.75247546707,1430777.3788004234
timo becker__1997-03-25,Timo Becker,DEF,1200000.0000000005,1582674.9295331421,,,,,,,,,,,,,,,1582674.9295331421,,1582674.9295331421
timo horn__1993-05-12,,,,,,,,,,,,1393145.9053511217,1422561.0706017867,1462081.8450687276,,1665162.995229667,,,1485737.9540628258,122905.87588197134,1442321.457835257
timo hubers__1996-07-20,,,,,,3081538.217256616,,3093110.0480141877,,2899346.1758672157,,,3840942.1812784676,,,,,,3228734.1556041213,417674.3750502337,3087324.1326354016
timo letschert__1993-05-25,,,,,,,1836055.7093230283,,,2093437.4950128894,,,,2088039.8780126157,,,,,2005844.3607828442,147066.05043560395,2088039.8780126157
timo schlieck__2006-03-02,Timo Schlieck,GK,587500.0000000002,437551.2295745416,,,635603.8046192158,,,533313.7340863341,580863.6791077264,,,567067.2824226104,,,,,550879.9459620857,73299.31121521672,567067.2824226104
timo stavitski__1999-07-17,,,,,,712933.8246627082,600248.5787807974,,,,,,,630823.1059169288,662663.9809253224,,,,651667.3725714392,48141.73295035306,646743.5434211256
timo werner__1996-03-06,,,,,8760057.916788038,8187498.519391038,,,,,7644984.943470731,,,,,7534138.941708765,,,8031670.080339643,563292.1005676761,7916241.731430884
timon vanhoutte__2004-01-29,,,,,355707.7010479393,,,,,,,381714.8861949146,,,,363757.50634327193,,,367060.0311953753,13314.40658145653,363757.50634327193
timon wellenreuther__1995-12-03,,,,,,,,5031390.090617166,,,4242806.82976481,,,,,,,,4637098.460190988,557612.5712789007,4637098.460190988
timothe cognat__1998-01-25,,,,,,,,,,,,,,,,,3482411.130714725,,3482411.130714725,,3482411.130714725
timothe nkada__1999-07-20,,,,,,,,,,,,,1901567.0270328436,,,,,,1901567.0270328436,,1901567.0270328436
timothee kolodziejczak__1991-10-01,,,,,,,,,529669.6599861743,,,,,,,,,,529669.6599861743,,529669.6599861743
timothee pembele__2002-09-09,,,,,,,3039679.738645029,,3846916.990469747,,,,3679839.3798679914,,,4121769.935047623,3461224.3337912434,,3629886.075564327,408759.64365790423,3679839.3798679914
timothy castagne__1995-12-05,,,,,,,,4860204.517603084,,,,,,,,,,,4860204.517603084,,4860204.517603084
timothy tillman__1999-01-04,,,,,,,1315323.2669394119,,,,,,1333777.473984172,,,1827972.7185976382,1772300.963538146,,1562343.6057648421,275621.9887563971,1553039.218761159
timothy weah__2000-02-22,,,,,,,,10827459.206480233,13299595.577371825,,,,9464171.960272577,,,,12982249.113618487,8066256.257913447,10927946.423131313,2246490.775380844,10827459.206480233
tin jedvaj__1995-11-28,,,,,,,2078973.8204513225,,,2141035.0727646253,,,1829272.9253726033,,,,,,2016427.2728628505,165024.12580604377,2078973.8204513225
tino anjorin__2001-11-23,,,,,,,,2130585.9083774257,,1763205.0221368521,,,,,1986159.358762216,,,1518860.1571724778,1849702.6116122429,267366.43574515905,1874682.190449534
tino livramento__2002-11-12,,,,,,39253192.97265581,34207198.6620712,39452109.92824449,,,,37899980.84053818,,,,,,,37703120.60087742,2430494.6122946893,38576586.906596996
titouan thomas__2002-01-12,,,,,1059232.474313277,,,,,,,,1105936.9429350216,1091747.9012237927,,1019049.4159057873,,1175404.274174862,1090274.2017105483,58161.80328067566,1091747.9012237927
tjaronn chery__1988-06-04,Tjaronn Chery,MID,950000.0000000008,850596.9557496919,,901138.5800657902,,,,,784714.0442612534,,,,,,,,845483.1933589118,58380.485255498555,850596.9557496919
tobe leysen__2002-03-09,Tobe Leysen,GK,3600000.0000000014,2439093.41458208,,,,,,,1987082.9615043069,1931598.7477595194,,,,,,,2119258.374615302,278371.09060861944,1987082.9615043069
tobi oluwayemi__2003-05-08,,,,,,,,,,222405.15727766848,,209956.19672324785,,217618.42578707467,,210185.83288305037,,196433.63321188372,211319.84917658503,9839.983355287959,210185.83288305037
tobias anker__2001-03-06,,,,,,,,,,,,1032035.1851260285,,,,,,,1032035.1851260285,,1032035.1851260285
tobias bach__2003-06-04,,,,,758932.6603198409,,,742194.5686750888,,,,,,731374.4378196006,,,,,744167.22227151,13884.611211762222,742194.5686750888
tobias bech__2002-02-19,,,,,,,,,1774778.3435881273,,,,,,,,,1631889.1086545868,1703333.7261213572,101037.94698006417,1703333.7261213572
tobias hedl__2003-01-15,Tobias Hedl,FWD,725000.0000000006,862091.4260580466,,,,,963186.3485991621,,,,,,,,,832541.7653426874,885939.8466666321,68509.57712398675,862091.4260580466
tobias heintz__1998-07-13,,,,,,,,,,,,,,,,,1628426.5525019525,,1628426.5525019525,,1628426.5525019525
tobias klysner__2001-07-03,,,,,926193.5417207831,877584.6938310642,,,852081.9150613634,,,,839349.1248658736,,,,,,873802.3188697711,38375.10091557941,864833.3044462138
tobias lauritsen__1997-08-30,,,,,2910703.744200934,,,,,,2864589.0001067226,,,,,,,3583183.098410914,3119491.947572857,402229.7290477919,2910703.744200934
tobias lauritsen__2004-06-18,,,,,,,,,863609.8885072399,,,,,908013.2867037568,896321.0371564024,923426.6264208166,,,897842.7096970538,25378.33042520366,902167.1619300796
tobias lawal__2000-06-07,,,,,,,,,,3194785.8243251857,,,,,,,,,3194785.8243251857,,3194785.8243251857
tobias mohr__1995-08-24,,,,,,,,1234577.9402660308,,1369136.1210315886,,,,,,1254028.743422023,,1378555.0947296775,1309074.4748623301,75309.85790799693,1311582.432226806
tobias raschl__2000-02-21,,,,,,,,931128.8777062573,989760.654284956,,,,,,1033241.9364583679,1041071.7076248867,,1050348.7718223548,1009110.3895793647,49396.33090113771,1033241.9364583679
tobias salquist__1995-05-18,,,,,,,,,,,,,,,,,996229.5310107456,947886.4309701913,972057.9809904684,34183.733862255605,972057.9809904684
tobias sippel__1988-03-22,,,,,,,,,,,87092.64902727125,,,89672.05569458002,,86259.7725856908,,,87674.82576918068,1779.0773796881056,87092.64902727125
tobias slotsager__2006-01-01,,,,,,,,,,,,2647844.6452630647,,,,,,,2647844.6452630647,,2647844.6452630647
tobias sommer__2001-11-27,,,,,,752816.508561876,,,,,682007.8941179459,,,,836635.2589297477,761439.0341484721,,,758224.6739395105,63237.11391576118,757127.771355174
toby collyer__2004-01-03,,,,,,3771675.725403996,,3792525.01482181,,,,,,,3651121.444451691,3312379.9318241654,,2755994.6582804746,3456739.354956427,436349.6580968685,3651121.444451691
toby sibbick__1999-05-23,,,,,,,367162.069344629,687308.1981692957,,,,,,,,,,,527235.1337569624,226377.49866254383,527235.1337569624
tochi chukwuani__2003-03-24,,,,,,,,1999636.8102372373,1998632.9053673323,,1801952.4877998056,2360981.3494379744,,,,,,,2040300.8882105874,233120.6456058297,1999134.8578022849
tochukwu nnadi__2003-06-30,,,,,,,,625430.503984558,,,,,,,,,592506.2576437558,,608968.380814157,23280.95785303767,608968.380814157
tolcay cigerci__1995-01-24,Tolcay Ciğerci,MID,787499.9999999994,788440.3715795715,814475.0885312835,791278.4113823146,,,,881842.2648640976,,,,,,,,,819009.0340893168,43481.80506554007,802876.7499567991
tom aldred__1990-09-11,Tom Aldred,DEF,362499.9999999997,302623.19336154114,,,,,,,,,,,,,253896.35154449733,,278259.7724530192,34455.08027463591,278259.7724530192
tom anderson__1993-09-02,,,,,,,,,,,,,293052.613623212,,,,,286730.79741105327,289891.70551713265,4470.199113032477,289891.70551713265
tom bischof__2005-06-28,,,,,,29400441.260666437,,,,27496721.090330787,30345528.7843393,,29089312.539645642,,,,,,29083000.91874554,1184774.0308702358,29244876.90015604
tom bradbury__1998-02-27,Tom Bradbury,DEF,237499.99999999983,310536.41708972555,318705.79813033546,315458.75889373495,,,,,,,,,,342571.1212774461,,,321818.0238478105,14237.180240959025,317082.2785120352
tom cairney__1991-01-20,,,,,2103780.115385341,,,,,,1463927.2699632202,,1208213.948630913,,,,,,1591973.7779931582,461309.6800662227,1463927.2699632202
tom cannon__2002-12-28,,,,,,,,,,,,3680172.1283440767,2739792.7468780074,,,,3207029.7345180665,,3208998.203246717,470192.78112650616,3207029.7345180665
tom davies__1998-06-30,,,,,1933816.8603839185,,,,,,,2207376.874089681,,,2299015.6558274548,,2064309.523961139,,2126129.7285655485,160516.47835098297,2135843.19902541
tom davies__2003-11-11,,,,,,,,,,,,,,,,,,266684.7778550077,266684.7778550077,,266684.7778550077
tom de graaff__2004-12-10,Tom de Graaff,GK,899999.9999999995,903106.4534975729,,,,820181.5339066002,,,,,,,811888.4571883647,830238.5169298156,,,841353.7403805883,41846.58891014626,825210.025418208
tom edwards__1999-01-22,,,,,391768.2879719729,,,,,,,,,,354520.03922790266,388802.99580957985,386160.54238598974,,380312.96634886134,17347.182563842845,387481.76909778477
tom gaal__2001-03-03,,,,,1111152.5129188006,,,,,1096546.3304452593,1028200.6203303437,,,,,,,,1078633.1545648011,44282.225820241816,1096546.3304452593
tom grivosti__1999-06-15,Tom Grivosti,DEF,275000.0000000002,240188.02538202197,,,,,252467.04157268087,,,279856.7584826084,257931.76696983475,,,256218.73022044517,,,257332.46452551824,14374.86973717078,256218.73022044517
tom heaton__1986-04-15,,,,,,,,,129278.09621053541,,,,,,,,117625.19667346196,,123451.64644199869,8239.844283150216,123451.64644199869
tom hendriks__2002-05-14,,,,,,,,,,,,,,,,253200.5646183159,,,253200.5646183159,,253200.5646183159
tom hulsmann__2004-04-11,,,,,,,,,,,,,,,1103346.8827570167,,,,1103346.8827570167,,1103346.8827570167
tom ince__1992-01-30,,,,,,,,,1366898.6517967463,,,1064098.6482284553,955799.4658435838,979431.050843603,,,,,1091556.9541780972,189357.97038996062,1021764.8495360292
tom james__1996-04-15,,,,,,,818126.7456389599,,443337.4139426119,,,,,,,,,,630732.0797907859,265016.07795886195,630732.0797907859
tom king__1995-03-09,,,,,,,,,,,,,,386902.67318248807,,429829.7951798152,,,408366.2341811516,30354.05906113223,408366.2341811516
tom krau__2001-06-22,Tom Krauß,MID,4500000.000000002,5573956.657512492,,,,,,5817829.342610576,,,,5804088.685370923,,,,5294811.644390483,5622671.582471118,245536.14769803305,5689022.671441708
tom lawrence__1994-01-13,,,,,,,,,2041937.9247542236,,,,,,,,,,2041937.9247542236,,2041937.9247542236
tom louchet__2003-05-04,,,,,4514640.467930273,,,,,,3779719.1046502884,,,,4348071.000539583,3696256.035209056,4640789.111481128,,4195895.143962066,431719.94681283005,4348071.000539583
tom lowery__1997-12-31,,,,,,,,,421547.70631244505,,478684.4087862473,,,,,,465395.0600483364,,455209.05838234286,29899.275323152346,465395.0600483364
tom mcgill__2000-03-25,,,,,,419872.4013420115,,,,,,435206.1439775557,,,,,,,427539.2726597836,10842.593398562556,427539.2726597836
tom mcintyre__1998-11-06,,,,,,594546.8680140934,,,,657397.6403724884,,,,598175.0776393826,,,639567.3786733425,605923.0732760259,619122.0075950666,27838.6444093074,605923.0732760259
tom moustier__2002-05-02,,,,,,,,815633.3704951933,,,,,,,,,,718981.8778395953,767307.6241673944,68342.92586857513,767307.6241673944
tom negrel__2003-04-13,,,,,,,,274902.6199661209,,,312123.9359321323,,,,,,317613.77109122154,,301546.7756631582,23237.208247215676,312123.9359321323
tom pettersson__1990-03-25,Tom Pettersson,DEF,387499.99999999977,443054.9689784447,,,,,,554905.4210595432,,,,,,,,,498980.1950189939,79090.2131453257,498980.1950189939
tom sang__1999-06-29,,,,,,,,,,,,,,,405456.2255819346,,389668.4509968208,,397562.33828937775,11163.642468978602,397562.33828937775
tom sparrow__2002-12-06,Tom Sparrow,MID,312500.00000000023,410144.1435875261,,375280.35741279257,309036.83117932046,,400943.81444669806,,,,,,,408685.6903122093,,,380818.16738770937,42499.64985368344,400943.81444669806
tom trybull__1993-03-09,Tom Trybull,DEF,337500.00000000006,296079.0209867554,358562.6584940943,,,,,,,,,,,,,,327320.8397404249,44182.60379464148,327320.8397404249
tom van de looi__1999-07-02,,,,,,2048157.0922751972,,,1917817.8863465136,,,,,,,,,,1982987.4893108555,92163.73636664197,1982987.4893108555
tom vandenberghe__1992-08-17,,,,,,,574441.6461317868,427794.64455286344,,,496104.2792569512,456483.1954346534,,,,,,,488705.94134406367,63649.66066955625,476293.73734580225
toma basic__1996-11-25,,,,,,,2705331.980736521,,,,2880717.3812075127,2841143.5118068475,,,,,3016765.8244763827,2959912.66322695,2880774.272290843,119485.54856629665,2880717.3812075127
tomas alarcon__1999-01-19,,,,,,,,,,979434.2958361312,,,,,,,1073244.556461425,807789.3031405745,953489.3851460436,134616.03423049834,979434.2958361312
tomas chory__1995-01-26,,,,,,,,,5274878.989889372,5076553.600231689,,,6238645.610798786,,,,,,5530026.066973283,621642.5688965619,5274878.989889372
tomas cvancara__2000-08-13,,,,,,,,,4051429.54632808,3894498.49920738,,,3325799.1559531195,,,,,,3757242.4004961937,381790.9026338771,3894498.49920738
tomas kalas__1993-05-15,,,,,,,,,,,,907272.2059012384,,,,,,,907272.2059012384,,907272.2059012384
tomas muro__2002-05-05,Tomás Muro,MID,837499.9999999995,816139.4648662357,,831635.8268388232,,,,,,,644924.426553156,741620.3368677825,,,,,758580.0137814994,85353.1201926835,778879.9008670091
tomas ostrak__2000-02-05,,,,,,758729.4535348819,,,,,,,,,,,,,758729.4535348819,,758729.4535348819
tomas soucek__1995-02-27,,,,,,,,,,8099487.425910476,5468044.048233771,,,,,,8169875.478914237,,7245802.31768616,1539986.0284938246,8099487.425910476
tomas suslov__2002-06-07,,,,,,,,4962080.158830856,,,,,,,,,4880029.187201961,,4921054.673016408,58018.7984417367,4921054.673016408
tomasz kedziora__1994-06-11,,,,,,,2702373.332691876,3241706.596441522,,3137974.383837092,,,,2723846.427146474,,,2649964.0150848343,,2891172.9510403597,276410.0197444408,2723846.427146474
tommaso augello__1994-08-30,,,,,,,,,,3060745.479852551,,,,,,,,2423082.9305191636,2741914.2051858576,450895.5127423397,2741914.2051858576
tommaso baldanzi__2003-03-23,,,,,,,9035696.15702999,,,9387785.396398526,,10558637.28948041,,,,,,8537794.473808393,9379978.32917933,859670.8198110702,9211740.776714258
tommaso barbieri__2002-08-26,,,,,,3083839.075610665,,2710131.0862852163,,2826066.2482217615,,,,,,2923302.102068328,,,2885834.6280464926,158170.33716756117,2874684.175145045
tommaso biasci__1994-11-10,,,,,1004555.9948188036,,,,,,1082037.729610175,,,,,,,,1043296.8622144893,54787.860089076275,1043296.8622144893
tommaso cassandro__2000-01-09,,,,,,1056262.8351084904,,,1000267.5229819397,,,,1117390.7400557054,,1042089.9203614452,,,,1054002.754626895,48485.51467768303,1049176.3777349677
tommaso corazza__2004-06-29,,,,,,,,,1830987.8890042703,2014314.5035583023,,,,2088124.2663163254,,,,,1977808.886292966,132398.16540735867,2014314.5035583023
tommaso del lungo__2003-11-21,Tommaso Del Lungo,DEF,875000.0,1284610.8057927836,,,,,,,,,,,,1358946.8577038194,,,1321778.8317483016,52563.52639292862,1321778.8317483016
tommaso martinelli__2006-01-06,,,,,,,,,,,1568227.8043132748,1510316.455841384,,,,,1711708.1324824442,,1596750.797545701,103681.35180579542,1568227.8043132748
tommaso pittino__2005-01-14,,,,,,,438433.76778571535,,,,,,532414.0432947195,,,,,484596.7078483254,485148.1729762534,46992.564640883065,484596.7078483254
tommaso pobega__1999-07-15,Tommaso Pobega,MID,7750000.000000002,6463196.375876437,,,,,,,,,,,,7670062.852028655,,6594989.347843586,6909416.191916225,662027.0787665171,6594989.347843586
tommi oreilly__2003-12-15,,,,,,,,,,533491.1873928664,,,,,,,520049.65198870545,,526770.4196907859,9504.60083384124,526770.4196907859
tommy doyle__2001-10-17,,,,,,,7048793.116447851,,,,,,,,,6811175.312240544,6610114.2893639,,6823360.906017433,219593.13480778312,6811175.312240544
tommy st jago__2000-01-03,,,,,1577991.8494785333,,,1440923.509924629,,1587554.1146163323,,1652518.6521827837,,,1647922.8982881499,1567810.69890845,,,1579120.2872331466,76706.9463971754,1582772.9820474328
tomoki iwata__1997-04-07,Tomoki Iwata,DEF,1749999.9999999998,2616581.1384951235,,,,2659210.015608015,2842653.516229458,,,,,,,,,,2706148.2234441987,120123.17224319595,2659210.015608015
toni borevkovic__1997-06-18,,,,,,3211783.2464147615,3562672.050807217,,2867006.2730017365,,3608552.918115759,3386876.717457275,,,,3302544.2683786373,,2736252.5881910855,3239384.008909496,331439.37751716125,3302544.2683786373
tonni adamsen__1994-11-15,Tonni Adamsen,MID,1249999.999999999,1603801.0798539105,1476295.5291636235,1608737.9573197444,1711175.3605307972,,,,1552455.4264019541,,,1504550.6048076681,,,,,1576169.3263462828,84518.90259663848,1578128.2531279323
tonny vilhena__1995-01-03,,,,,,1921384.1013479542,,,,2030777.6559436815,1907713.8574527928,,1881957.313139424,2133608.5662391717,,,2011942.8687098138,,1981230.7271388061,95350.61522281136,1966663.485028884
tony miettinen__2002-09-23,Tony Miettinen,DEF,487499.9999999996,568224.4841414233,,624630.7987260257,,,,,,,,,,,,,596427.6414337244,39885.287544514074,596427.6414337244
tony springett__2002-09-22,,,,,741247.2971546622,758918.1454107319,,,,,662260.6578535412,,,,,,,,720808.7001396451,51468.14219664256,741247.2971546622
tony strata__2004-09-07,Tony Strata,DEF,800000.0000000005,859800.4078948741,,993450.1232170032,386878.97907387494,,,897637.6274659062,,,,,955714.6301350554,,,,818696.3535573427,246830.10404004273,897637.6274659062
tony yogane__2005-09-24,Tony Yogane,MID,462500.00000000006,505573.3404805403,506537.3680780964,,,,554371.2821773532,,,,,571829.3960578899,,490390.01629156823,,,525740.2806170896,35245.706564044245,506537.3680780964
toon raemaekers__2000-09-09,,,,,1397133.0656148684,,,,,,,,,,,,,1587803.6808251387,1492468.3732200037,134824.48498819297,1492468.3732200037
torben musel__1999-07-25,,,,,,,,,674165.9050938142,,588585.4090793608,703272.2456439375,569703.7684327648,,,,645126.9983042881,,636170.8653108331,56366.3934030522,645126.9983042881
torbjrn heggem__1999-01-12,Torbjørn Heggem,DEF,5500000.000000001,5774190.762758105,,5593020.348693977,,,5326986.976489191,,,,,,,,,,5564732.695980425,224939.88104679232,5593020.348693977
toyosi olusanya__1997-10-14,,,,,501598.0614405976,,424184.4046567511,,,,,,,,,,,,462891.2330486743,54739.721668305836,462891.2330486743
trai hume__2002-03-18,,,,,,,,,,,,,19543849.468177795,,,,20002968.16317668,,19773408.81567724,324645.9426032308,19773408.81567724
travis hernes__2005-11-04,,,,,,546032.0061406182,,,,,764463.7107247349,682054.6637379194,,,,,,,664183.4602010909,110307.01396000062,682054.6637379194
trent alexanderarnold__1998-10-07,,,,,,,,,,,,,,93305865.68066147,,,,,93305865.68066147,,93305865.68066147
trent sainsbury__1992-01-05,,,,,427366.675636804,,,,,,,511639.38939585816,575001.6972431549,,561969.5870931912,,,503613.7955667083,515918.22898714326,58358.09488703011,511639.38939585816
trevan sanusi__2007-04-25,,,,,,,,,,849373.0574748442,,935652.7732118564,,,862639.9437543277,,895896.3448671022,,885890.5298270326,38516.28547780634,879268.1443107149
trevis dago__2005-01-21,,,,,,,,,,789019.7618159854,691776.7622749533,,,,,,,,740398.2620454694,68761.18439838415,740398.2620454694
trevoh chalobah__1999-07-05,,,,,,,,,,26136684.356160387,,,25778213.934247434,23103821.997862723,,,24611675.428278383,,24907598.929137234,1367455.472791512,25194944.68126291
trey nyoni__2007-06-30,,,,,,,,,2187211.9576365678,2506802.509296645,,2242912.8038472557,,,,2333289.553162034,,,2317554.2059856257,139789.08168467117,2288101.178504645
tristan crama__2001-11-08,,,,,,,,,,2321477.7468227707,,,,,,,,2674468.407451135,2497973.077136953,249602.08982583575,2497973.077136953
tristan degreef__2005-01-19,,,,,,,,,,,,,,,2032108.9523260253,,,,2032108.9523260253,,2032108.9523260253
tristan gooijer__2004-09-02,,,,,998650.5104126446,,880562.3315205114,,,,,,,,946593.8074420198,,,,941935.5497917252,59181.74568029831,946593.8074420198
tristan muyumba__1997-03-07,Tristan Muyumba,MID,1099999.9999999998,1130668.9325853966,1109054.8091360342,,,,1116769.5550509326,,,,,,,979559.2220430903,,958718.5349767886,1058954.2107584486,82683.79565048563,1109054.8091360342
tristan schenkhuizen__2004-07-12,,,,,,,,,,,229842.03351793264,,248797.62153152257,,,,,252070.42571699174,243570.026922149,12000.881800466237,248797.62153152257
tristan van gilst__2003-02-18,,,,,,574333.5369108525,,,,560138.2992877384,562057.8986551014,,,,,,,,565509.9116178975,7701.5250383058965,562057.8986551014
troy parrott__2002-02-04,Troy Parrott,FWD,15499999.999999987,8841245.55947121,,8620478.282087421,,,,,,,,9390111.827272985,,,,,8950611.889610538,396301.2668347571,8841245.55947121
true grant__2005-11-02,True Grant,GK,487499.9999999996,284954.5381611036,,,,,,,,,,,,,,319660.13913233636,302307.33864672,24540.565791913108,302307.33864672
tsuyoshi watanabe__1997-02-05,,,,,,,6871986.798950157,6927584.985983616,,,,,,,6686632.520409741,,,,6828734.768447838,126164.87733700858,6871986.798950157
tudor baluta__1999-03-27,,,,,,,988039.0299194277,,,,,,,,,,,,988039.0299194277,,988039.0299194277
tugbey akgun__2003-04-09,,,,,217800.51284815182,252997.2636508895,,,251194.07829647817,241561.02466895504,,,,,247662.45638523987,264502.8132783821,,256681.74401984928,247485.69902113514,14914.322703641585,251194.07829647817
tunahan tasc__2002-04-29,,,,,,,,,,,,,,,,,,816580.7490130238,816580.7490130238,,816580.7490130238
tunmise sobowale__1999-03-19,,,,,,310393.34343142057,,,,,,298993.1232291984,271005.0207801047,340317.8516834767,288119.74777135253,,,250596.0241856209,293237.518513529,31249.89490223248,293556.43550027546
tuomas ollila__2000-04-25,,,,,1401514.5476972067,,,,,1547249.2435640427,,,,,,,1445518.920332442,,1464760.9038645637,74748.51732668435,1445518.920332442
tuur rommens__2003-03-26,,,,,,,,,,,2850681.950690081,,,,,3019488.6037872294,2672127.671688011,,2847432.742055107,173703.25933837472,2850681.950690081
tygo land__2006-01-11,,,,,,2633201.4413980367,,,,2220002.927719525,,,,2474048.065582521,2248268.5896077417,,2515777.323535815,,2418259.6695687277,178202.6277844429,2474048.065582521
tylel tati__2008-01-19,,,,,2160180.1307227253,,,,,,,,2189101.9555768264,,,,,,2174641.043149776,20450.818478624486,2174641.043149776
tyler adams__1999-02-14,Tyler Adams,MID,22249999.999999985,20734055.203820117,,,,,,,,20423726.26535646,21827151.56447792,,,20932714.55150043,,18285298.075840425,20440589.13219907,1313052.6489844176,20734055.203820117
tyler dibling__2006-02-17,Tyler Dibling,MID,19499999.99999998,18826844.776813358,,,22061560.6497348,19874516.320074372,,,,,,,,22165128.778781187,19633794.06078065,18974663.310666557,20256084.649475154,1491428.8654234353,19754155.190427512
tyler onyango__2003-03-04,,,,,,,,627284.7352776274,,546845.052243681,,560889.9230097876,,,,,,,578339.9035103653,42965.24195501924,560889.9230097876
tyler roberts__1999-01-12,,,,,,,1045033.4197934294,,,,,,645614.7195214161,,973303.279874938,,,1361587.492331224,1006384.727880252,293775.4847915753,1009168.3498341837
tyreece johnjules__2001-02-14,,,,,,,618650.6096525375,,,,,,645652.2293038439,,,,,,632151.4194781907,19093.028358458712,632151.4194781907
tyrell malacia__1999-08-17,Tyrell Malacia,DEF,5500000.000000001,8577424.318581382,,,,,,,,,7810126.885909869,,9412732.58629533,9961083.825266797,9945977.59733226,,9141469.042677127,933167.2821117132,9412732.58629533
tyrese campbell__1999-12-28,,,,,,,,,,,,,2907848.4270391366,,,,2461674.692081794,2190585.19125881,2520036.1034599137,362175.61776581634,2461674.692081794
tyrese francois__2000-07-16,,,,,679215.7136645468,,,,,,545180.1034870379,,,,,,,591616.5175828309,605337.4449114719,68063.08899824241,591616.5175828309
tyrese noslin__2002-09-11,,,,,1297621.177166367,1378041.8785852506,,1121629.1618495015,,,,1351373.794157973,988479.0455447682,,,,,,1227429.0114607722,166781.42838516278,1297621.177166367
tyrhys dolan__2001-12-28,,,,,,,,,,,,10720433.825384114,,,,9482888.61172054,,,10101661.218552327,875076.6126064683,10101661.218552327
tyrick mitchell__1999-09-01,,,,,,,,,,,,,,,21217394.577416282,,,,21217394.577416282,,21217394.577416282
tyrique george__2006-02-04,,,,,,,,,,,,,7095559.170463788,,,,,6008625.3673387505,6552092.26890127,768578.262890598,6552092.26890127
tyrique mercera__2003-12-19,,,,,,829787.2965733717,748022.3411252998,,751602.1271646569,,,,,823003.727751616,837938.4759096828,,,,798070.7937049255,44388.07388929492,823003.727751616
tyrone mings__1993-03-13,Tyrone Mings,DEF,6499999.999999999,8590284.317271898,,7970242.674795086,,,,8601925.512387471,,,10195291.096029324,,,,,,8839435.900120946,950846.6176241064,8596104.914829684
tyronne ebuehi__1995-12-16,,,,,,,,,,,,,,,,,,2190019.202762057,2190019.202762057,,2190019.202762057
uchenna ogundu__2006-05-12,Uchenna Ogundu,FWD,462500.00000000006,610738.2038550626,,,,,651631.286212764,,,624639.6232375646,,,,,,,629003.0377684637,20792.80130128654,624639.6232375646
ufuk akyol__1997-08-27,,,,,826192.617303578,738742.6298720744,,,,,,,,,,,,836753.9786253439,800563.0752669987,53797.87346970457,826192.617303578
ugo raghouber__2003-07-13,,,,,,2852342.4355376544,,,,,,,,,2866761.107966409,,,,2859551.7717520315,10195.541050079903,2859551.7717520315
ugur kaan yldz__2002-08-06,,,,,,,186010.07688135662,,,,,,,,,,,,186010.07688135662,,186010.07688135662
ugurcan cakr__1996-04-05,Uğurcan Çakır,GK,16250000.0,15120740.000003884,,,,,,,,,,,,,13513289.581424393,15570810.80904071,14734946.796822995,1081654.1486253205,15120740.000003884
ugurcan yazgl__1999-04-09,,,,,,,,,,,,,,,,,,921556.0189687437,921556.0189687437,,921556.0189687437
ulisses garcia__1996-01-11,,,,,,,,,3947454.344713487,,,,,,,,,3308726.3243331364,3628090.334523312,451648.91454480536,3628090.334523312
umit akdag__2003-10-06,,,,,,,,,,,1526844.4177842168,,,,,,,,1526844.4177842168,,1526844.4177842168
umut bozok__1996-09-19,,,,,,1023943.5592931601,,1041109.0840709029,,,1092007.9224544377,,,,,,,,1052353.5219395002,35397.986106177435,1041109.0840709029
umut gunes__2000-03-16,,,,,1877471.9775810866,1746253.7025468007,,,,,1827071.4996295637,1933198.710757228,,2038016.179176073,,,,,1884402.4139381505,109997.95293149255,1877471.9775810866
umut meras__1995-12-20,,,,,,,,,,860523.7538185803,,820995.5830528594,988052.6138485557,,,,,,889857.3169066651,87306.10704384056,860523.7538185803
umut nayir__1993-06-28,,,,,,1407906.960244889,,,1389400.5465288789,,,,,,1338187.6076780208,,,1567382.5561986328,1425719.4176626054,98938.7127110201,1398653.753386884
umut tohumcu__2004-08-11,Umut Tohumcu,MID,5400000.000000005,4038347.3468694547,,4160683.82454043,3690667.6705368888,,,3082872.685546899,,,4121083.857409454,,,,4150227.9348779204,,3873980.553296841,425686.06712142075,4079715.6021394543
urko gonzalez de zarate__2001-03-20,Urko González de Zárate,MID,7750000.000000002,10607908.649644539,9662868.888036747,,,,,,,,,10202860.076590503,,,,,10157879.204757264,474122.87107677787,10202860.076590503
uros radakovic__1994-03-31,Uroš Radaković,DEF,775000.0000000007,814435.3486050183,716218.0814803982,,606286.8054450429,687117.5293759755,814301.0129970779,,,,,767591.0742612861,,676254.2614519154,,,726029.159088102,77202.23570990002,716218.0814803982
uros spajic__1993-02-13,,,,,,,,,,,,,,,,710354.1799346905,734459.1032633315,,722406.6415990109,17044.754745663846,722406.6415990109
vaclav cerny__1997-10-17,,,,,,,,,,,,,,,12349815.219805345,,,,12349815.219805345,,12349815.219805345
vaclav hladky__1990-11-14,,,,,,,,,291920.4594493671,288358.7175949148,,,,,,,269589.90183987573,345071.47200280975,298735.1377217418,32406.84384416808,290139.5885221409
vaclav jemelka__1995-06-23,Václav Jemelka,DEF,2900000.0000000014,3640523.4408115116,,2984361.250164098,,,,,,,,,3471794.5139908325,3008936.5028377688,,,3276403.9269510526,330448.30654955783,3240365.5084143006
valdemar birks__2001-03-17,,,,,,,,,,,786349.9086239646,958572.3468770161,,,,,,,872461.1277504903,121779.65396121418,872461.1277504903
valdemar byskov__2005-01-25,,,,,,,,,,,,,2375548.769787274,,,2558792.1169334874,,,2467170.443360381,129572.61337440817,2467170.443360381
valdemar lund__2003-05-28,,,,,,,,,,,,,1419677.8927028736,,,1431769.3904452727,,1542666.5810627206,1464704.6214036222,67787.17758417715,1431769.3904452727
valentin atangana__2005-08-25,,,,,5826072.972478033,,,4222586.510840973,,,,,,,,,4283131.402259547,3802346.1331151887,4533534.254673435,887821.7715328793,4252858.95655026
valentin barco__2004-07-23,,,,,,,,,20511744.292416107,18802850.058327034,16176567.04174593,,,,,,,,18497053.79749636,2183706.473758681,18802850.058327034
valentin carboni__2005-03-05,,,,,7681791.212972893,,,,,,,,7294005.817615339,,,,,,7487898.515294116,274205.6827024333,7487898.515294116
valentin cojocaru__1995-10-01,,,,,,,,,,,,1297375.7346728854,,,1252463.9810744817,,,,1274919.8578736836,31757.405524410548,1274919.8578736836
valentin gendrey__2000-06-21,,,,,6047988.479084975,,,,,,,,,,,,,,6047988.479084975,,6047988.479084975
valentin gheorghe__1997-02-14,,,,,,485210.11479503894,,,,,491976.00961165427,520426.4472530446,,,,,508635.34827675944,,501561.9799841243,15970.545675162088,500305.67894420685
valentin gomez__2003-06-26,,,,,,,,,,13575524.376517609,,,,,14670824.09119536,,12779001.5750283,,13675116.680913756,949835.2901900241,13575524.376517609
valentin mihaila__2000-02-02,,,,,,,1573919.066657821,,,,,2366855.2845756914,1837982.219620364,2230320.136086608,,,2449699.334518244,,2091755.2082917455,372679.2481638181,2230320.136086608
valentin rongier__1994-12-07,,,,,,,8369657.873266039,10794232.332620239,,,,,10981000.783126911,,,,,,10048296.996337729,1456740.3998847345,10794232.332620239
valentin rosier__1996-08-19,,,,,,,,,7753924.122851742,8163000.165053562,,,,,8230404.501797211,,8772957.962701617,,8230071.688101033,418704.6337660124,8196702.333425387
valentin vada__1996-03-06,,,,,1455822.7027265201,1232102.08231285,,,1345430.7218223917,,,,,,1419745.1357262603,,,,1363275.1606470055,98790.52941626044,1382587.928774326
valentyn morgun__2001-08-10,,,,,,288472.40947607905,,,,,318728.55389129475,,304911.05762138375,280253.125269318,,,,,298091.2865645189,17157.3975767595,296691.7335487314
valentyn rubchynskyi__2002-02-15,,,,,,,,,,,,,1768702.1530061103,,1823978.438009589,,1694442.777832645,,1762374.4562827814,64999.243255102585,1768702.1530061103
valeri qazaishvili__1993-01-29,Valeri Qazaishvili,MID,3099999.9999999986,3022805.7345519294,2657520.74477825,,,3173457.0865205666,,,,2659052.38123929,3160759.868934965,,,,,,2934719.163205,259172.0367753868,3022805.7345519294
valerio mantovani__1996-04-18,,,,,,,,,822787.6127619783,,,,,,760907.0119024242,,,,791847.3123322013,43756.19249168883,791847.3123322013
valeriy bondar__1999-02-27,,,,,7892007.508406133,,5232341.080790071,,,,7738083.214642474,,,,7481524.5524866935,7450026.987697292,6935546.990122737,5059497.452868023,6827003.969573346,1187410.5865186919,7450026.987697292
valmir sulejmani__1996-02-01,,,,,,335716.3388705614,,,,,319137.08772743936,,,,,,,,327426.7132990004,11723.300910296412,327426.7132990004
valon berisha__1993-02-07,,,,,,,,1092812.6032128164,,1072600.5435612102,,1161765.0570737394,,,,,970230.8192998641,,1074352.2557869074,79217.26303389408,1082706.5733870133
valy konate__2006-11-14,,,,,685982.8861381208,,,,,658340.1309043608,,,,595349.3752432863,,,654087.4760750628,619195.7348179731,642591.1206357607,35504.1174074556,654087.4760750628
vangelis pavlidis__1998-11-21,,,,,,,33864019.916892864,,31704689.511573005,,36733154.783707365,,28576200.464598116,,,,,31741678.2653082,32523948.58841591,3015835.5186580303,31741678.2653082
vanja milinkovicsavic__1997-02-20,Vanja Milinković-Savić,GK,16500000.000000013,14281106.288982062,,,,,,13594843.895332906,,12616186.920584457,,,,12654361.565060467,,,13286624.667489972,802752.8036008672,13124602.730196686
vasilije adzic__2006-05-12,,,,,3824821.284073478,,,,,,,,,,,,,4242662.618409648,4033741.951241563,295458.4409691409,4033741.951241563
vasilije janjicic__1998-11-02,Vasilije Janjičić,MID,337500.00000000006,434226.82215729565,436900.15716042067,,498594.6371529593,426921.507762788,,,,,,501025.2640066248,,,,,459533.67764801777,36958.00693054986,436900.15716042067
vasilios barkas__1994-05-30,Vasilios Barkas,GK,2849999.999999999,1960539.45811157,,2213602.189647694,,,,,,,,,1831154.439884776,,,,2001765.3625480135,194528.28000610086,1960539.45811157
vasilios zagaritis__2001-05-04,Vasilios Zagaritis,DEF,1749999.9999999998,1202712.3372820294,,,,,,,,,,1028762.5000265689,1058677.0790807807,,,,1096717.3054631262,93005.00302518882,1058677.0790807807
vaso vasic__1990-04-26,Vaso Vasić,GK,75000.00000000004,161766.36243807655,,171366.25392547442,152443.06971605757,,120962.77058629306,119187.8145485192,,129696.52287849298,,,,,,,142570.46568215228,22246.471396306148,141069.7962972753
vedat muriqi__1994-04-24,,,,,,,12879700.979303954,,,,,,,,14204496.468700085,,14270883.04010123,,13785026.829368422,784737.5136386782,14204496.468700085
veljko birmancevic__1998-03-05,,,,,,,,,,,,,,,,9363720.679918705,,,9363720.679918705,,9363720.679918705
veljko milosavljevic__2007-06-28,,,,,,,9031158.224127213,,8548691.196608962,9342850.027488725,,10762074.38813312,,,,,,,9421193.459089506,951750.499814878,9187004.125807969
vetle dragsnes__1994-02-06,Vetle Dragsnes,DEF,1050000.0000000007,1106660.1701825247,,999244.6840220233,1165990.1823751722,,,,1209764.4490075074,,,,1058776.800789207,,,,1108087.257275287,83623.05827716063,1106660.1701825247
veysel sar__1988-07-25,,,,,,,,,,,,,,,188543.5664676346,,,,188543.5664676346,,188543.5664676346
vic chambaere__2003-01-10,,,,,,,,,,,,694407.378079329,,712714.2209179325,,,775988.5583063998,,727703.385767887,42806.29088095335,712714.2209179325
vicente taborda__2001-06-14,,,,,,,,,,,,,,2488073.1026312136,2650143.610012098,,,,2569108.356321656,114601.15479936791,2569108.356321656
vicko sevelj__2000-09-19,Vicko Ševelj,MID,925000.0000000007,878364.2403971048,,,988656.3480197081,,,902901.6798088201,735429.5774778303,,,,,,,,876337.9614258659,105167.05690580895,890632.9601029624
victor bak__2003-10-03,Victor Bak,DEF,1725000.0000000005,1828358.7417633508,,1985434.6495488933,1828343.8726507367,,,,1879715.3926621922,,,,,,,,1880463.164156293,74051.47598726979,1854037.0672127716
victor boniface__2000-12-23,,,,,,,45135045.02414853,,,,,,,39520678.30052431,36146394.26792025,,,,40267372.530864365,4540608.418436693,39520678.30052431
victor edvardsen__1996-01-14,,,,,,1905950.4620631598,,,,,,1808154.1450220516,,,1915871.4681809468,,,,1876658.691755386,59533.69871721387,1905950.4620631598
victor froholdt__2006-02-25,,,,,25634326.753892306,,27791609.860898875,,,,,,,,,,,,26712968.307395592,1525429.5139035292,26712968.307395592
victor garcia__1994-06-11,,,,,,561769.0458052584,,,,,,,,,575722.2919531956,669029.9745086932,,,602173.7707557158,58317.98397330758,575722.2919531956
victor jensen__2000-02-08,Victor Jensen,MID,2250000.000000001,1643998.402281835,1650623.095931632,,,,1751071.308924873,,,,,,1597367.0136762985,1586720.2465345296,,,1645956.0134698339,65085.72467180997,1643998.402281835
victor kristiansen__2002-12-16,,,,,4571146.651401591,,,,,,,,,,,,,,4571146.651401591,,4571146.651401591
victor lindelof__1994-07-17,Victor Lindelöf,DEF,6000000.0,7075547.220898604,,,,,,,,,,,7571227.135078999,6393702.118962947,7168428.275614638,,7052226.187638797,488897.6471994497,7121987.748256621
victor loturi__2001-05-21,Victor Loturi,MID,674999.9999999998,952944.5060584939,890561.7450852484,,,,,,,,,,,,894435.5551381524,,912647.2687606317,34952.140155670924,894435.5551381524
victor nelsson__1998-10-14,,,,,,5193495.009498094,,,,,4763005.888587593,,,4932935.871176686,,,,,4963145.589754124,216828.7137995566,4932935.871176686
victor osimhen__1998-12-29,,,,,,,,,,87896399.80471435,110504792.25813675,,,,87774570.36942361,,,,95391920.81075823,13088272.351290956,87896399.80471435
victor torp__1999-07-30,,,,,,,,,,,,3869032.725746475,,,,,,,3869032.725746475,,3869032.725746475
vid belec__1990-06-06,,,,,,381945.7606590911,,,,,296272.2338749319,,,,,,,,339108.9972670115,60580.331757246306,339108.9972670115
viggo gebel__2007-11-22,,,,,,,806864.9368092489,,,,,,1122148.0875038884,,,,,,964506.5121565687,222938.85385003977,964506.5121565687
viktor claesson__1992-01-02,,,,,,,,,1137134.1417248538,,,,,,,,,,1137134.1417248538,,1137134.1417248538
viktor damjanic__2005-11-03,,,,,1516394.343165458,,,,,,,,,1452330.2819739878,,1556637.4849991312,1486002.6270514892,,1502841.1842975167,44394.51297980792,1501198.4851084736
viktor gyokeres__1998-06-04,,,,,,,,,84646786.29930973,,,,,,,,,,84646786.29930973,,84646786.29930973
viktor tsukanov__2006-02-04,,,,,,,1421458.4435671885,1557043.478793359,,1569760.6970715323,,,,,,1619199.3884570415,,,1541865.5019722802,84630.37792387091,1563402.0879324456
viktor tsygankov__1997-11-15,,,,,,,,,,,11675715.98671254,,,,,,,10872667.522004548,11274191.754358545,567841.0150164664,11274191.754358545
viljami sinisalo__2001-10-11,,,,,,,,,,2117761.2492474327,,,1934624.904207332,,,,,,2026193.0767273824,129496.9514595745,2026193.0767273824
viljar myhra__1996-07-21,Viljar Myhra,GK,712500.0000000002,603108.6236031308,,,,,,,,,,,,,610497.8287089292,,606803.2261560301,5224.957037888334,606803.2261560301
villads westh__2004-04-25,,,,,,,,,,,372897.1006235221,,,,,,,,372897.1006235221,,372897.1006235221
ville koski__2002-01-27,,,,,,619265.719063679,,,,1036597.9736672813,,681056.812599073,,,,717137.808220355,,,763514.5783875971,186487.14177632736,699097.310409714
vince osuji__2006-04-06,,,,,,,1429404.6234926586,,,,1397436.8917956075,,,,,,,,1413420.7576441332,22604.59986213696,1413420.7576441332
vincent janssen__1994-06-15,,,,,5607063.895445596,,,,5088243.6612486085,6122579.9508725945,,6766360.270134455,,,,,,,5896061.944425313,717593.1609497651,5864821.923159095
vincent marchetti__1997-07-04,,,,,,,,,,1737882.0856860627,,1747715.9724713096,,1839733.487509728,1753792.6613167084,,,,1769781.0517459523,47093.46613168806,1750754.316894009
vincent sierro__1995-10-08,Vincent Sierro,MID,4750000.000000003,5804271.592545211,,5150517.214583245,5788053.918278095,,5752950.911098468,,,,,,,,,,5623948.409126255,316346.7559993008,5770502.414688282
vincent thill__2000-02-04,,,,,505148.7570291673,584038.767250594,,,,,,,,,,576131.6054484899,,,555106.3765760837,43444.834158240235,576131.6054484899
vincent vermeij__1994-08-09,,,,,,,949671.0364213102,933622.961186969,,788205.7580797279,886292.6250849593,,,,,,,,889448.0951932415,72659.45511203569,909957.7931359641
vincenzo fiorillo__1990-01-13,,,,,,,,,189264.7614681521,,,197145.0515377782,,,,,,,193204.90650296514,5572.20654594962,193204.90650296514
vincenzo grifo__1993-04-07,,,,,10021306.188511264,,,,,,,,,9817002.117925288,,11050147.16584535,,,10296151.824093968,660921.152522438,10021306.188511264
virgil misidjan__1993-07-24,,,,,,1459983.5536312296,,,,,,,,,,,,,1459983.5536312296,,1459983.5536312296
virgil van dijk__1991-07-08,Virgil van Dijk,DEF,33750000.00000005,31409626.728257902,,,,,,,31693594.62298152,34812816.70373067,,,39307401.985809915,,,,34305860.010195,3673532.5822969684,33253205.663356096
virgiliu postolachi__2000-03-17,,,,,712287.2620968049,,,726711.4953568289,,,,,,,,768246.326419728,805582.5533272418,,753206.9093001509,42213.01790452582,747478.9108882784
vital nsimba__1993-07-08,Vital Nsimba,DEF,1312500.0000000012,530191.5949986478,564616.4885692461,,568850.9164761265,560351.1650298677,,,567008.3941306958,,,562374.1112369276,,,,,558898.7784069186,14393.004364997974,563495.2999030869
vitaliy mykolenko__1999-05-29,,,,,,16870482.092023328,,,,12775255.270865314,,11844539.755253643,,15137596.815053217,,12646743.644498458,,,13854923.515538791,2086017.0963140659,12775255.270865314
vitaly janelt__1998-05-10,,,,,,16659938.72987885,,,,,,,,,,,,,16659938.72987885,,16659938.72987885
vitezslav jaros__2001-07-23,,,,,,4035871.0290390886,,,,,,,,,3835348.3432080317,,,4854109.189523621,4241776.187256914,539690.7597244416,4035871.0290390886
vito van crooij__1996-01-29,Vito van Crooij,MID,1099999.9999999998,1295004.5013005065,,1146180.8406246356,,,,,,,,,,,,,1220592.6709625712,105234.21966491408,1220592.6709625712
vitor reis__2006-01-12,,,,,,,5850005.671256173,6772825.119935544,,,,,,,,,7159749.3058455875,,6594193.365679101,672896.0356610988,6772825.119935544
vivaldo semedo__2005-01-28,,,,,1231536.6196460587,,,,,,994109.2927780559,,,1024846.3718761397,,,,,1083497.4281000847,129123.55975212126,1024846.3718761397
vlad chiriches__1989-11-14,,,,,,,260029.02340469687,,258133.13871562647,,,259957.70845302715,,259563.0229598129,,308728.01534665807,,,269282.1817759643,22064.132307523647,259957.70845302715
vlad dragomir__1999-04-24,,,,,,,788256.7879047578,727235.5113989438,699800.6835206429,947244.7507526152,648026.90002822,,,,793600.4492581043,,,,767360.8471438806,103825.2233790587,757746.1496518508
vladimir coufal__1992-08-22,,,,,,,3557749.7449288056,,,4143977.482697248,3708636.8591689514,,,,3166260.605218861,,,,3644156.1730034663,404074.80538186285,3633193.3020488787
vladimir rodic__1993-09-07,,,,,,,,354802.2249378456,406099.18858809397,,,,,,380632.2052502158,,,,380511.20625871845,25648.695883040193,380632.2052502158
vladimir screciu__2000-01-13,,,,,,1435648.655394364,,,,1647520.4627015234,,,1511186.8373421996,,,1410805.7653819039,,2052648.8935465505,1611562.1228733084,263236.77674542577,1511186.8373421996
vladislav blanuta__2002-01-12,,,,,,,,1808113.1697268458,,2103919.604250867,1787457.9169990628,,,1998014.5623659478,,,,,1924376.3133356809,152667.55914960953,1903063.8660463968
vladyslav dubinchak__1998-07-01,,,,,,,,,,,,,,2033289.2384906518,,,,,2033289.2384906518,,2033289.2384906518
vladyslav kochergin__1996-04-30,,,,,1724139.8367555996,,1892308.8910172337,,1890785.297840075,,1838567.6172757833,,,,,1823460.7565870027,,1636367.0248367805,1800938.2373854124,101317.32631548677,1831014.186931393
vladyslav krapyvtsov__2005-06-25,,,,,,,,,1018401.7712900204,1041734.8159943046,,,,,,,,917822.9958167804,992653.1943670352,65846.61498585895,1018401.7712900204
vladyslav vanat__2002-01-04,Vladyslav Vanat,FWD,13249999.99999999,11415274.892003577,,,11624627.672915043,,,,,,,,12254740.4536668,,11509642.76365207,12097604.348723756,11780378.02619225,372997.4215157119,11624627.672915043
vladyslav veleten__2002-10-01,,,,,1913353.994845128,,,1575021.1431332484,,,,,,,,,,,1744187.5689891882,239237.4537436526,1744187.5689891882
volkan babacan__1988-08-11,,,,,,,161119.93382643978,,,,,,,,174302.66701015102,200013.65642683138,,,178478.75242114076,19780.297809915905,174302.66701015102
volodymyr brazhko__2002-01-23,,,,,,,16202853.0792879,,,,,,,,,,11972854.728428043,,14087853.903857972,2991060.518300917,14087853.903857972
vontae daleycampbell__2001-04-02,Vontae Daley-Campbell,DEF,369999.99999999977,255476.59122198934,221033.45039113704,226024.34398712448,181112.81026944233,,,207795.39349054135,,202646.32955352607,216002.93953975834,,198896.39188104746,223121.4564170504,,,214678.85630573521,20840.214173155025,216002.93953975834
wagane faye__1993-11-20,,,,,,728320.8299966181,,,,,922493.3533908228,,,,,,,,825407.0916937204,137300.70801214568,825407.0916937204
wahid faghir__2003-07-29,,,,,,,,,,,,,,,842806.9639954977,740649.6642131353,,,791728.3141043165,72236.11942381547,791728.3141043165
waldemar anton__1996-07-20,,,,,,29284060.059262857,,,26777575.63178844,28501232.515513983,30575466.9063194,,,,,,,31846856.39634621,29397038.301846184,1940819.3786343145,29284060.059262857
walid cheddira__1998-01-22,,,,,,2992221.2827455713,,,3750082.136041527,,,3653718.448473253,3521594.958886691,,,,,,3479404.2065367606,338023.3016033393,3587656.703679972
walid ouldchikh__1999-11-06,,,,,,,,1229972.5127928916,1038007.535882757,985438.9336681926,,,1158853.9479957344,,1163213.758546509,1004102.4949888377,962841.8035333398,,1077490.1410583232,104707.34624872419,1038007.535882757
walter montoya__1993-07-21,,,,,,1034787.0140964431,1123542.6824451748,,,,,,,,,,,,1079164.8482708088,62759.73495813241,1079164.8482708088
waniss taibi__2002-03-07,,,,,,,,1492449.8335807323,,1783579.3642449924,,,,,,,,1477885.2598638409,1584638.1525631885,172441.97859267594,1492449.8335807323
warmed omari__2000-04-23,,,,,,5167537.305558038,6531010.708414943,,6412168.41569475,,,,,,,,,,6036905.47655591,755236.1453167396,6412168.41569475
warner hahn__1992-06-15,,,,,,850181.0753532002,,,,,1022608.2968194288,886245.8282828974,,,998267.0761958193,,,,939325.5691628364,84012.52614084611,942256.4522393583
warren bondo__2003-09-15,,,,,,5677665.759103368,,,,,,,,,6032812.857194282,5992538.308442534,,,5901005.641580061,194463.4596725478,5992538.308442534
warren kamanzi__2000-11-11,,,,,3000859.5161513304,,3005698.723817239,,,,,,,,,2991791.325561285,,3332919.5356516736,3082817.2752953824,166834.4582975611,3003279.119984285
warren ohora__1999-04-19,Warren O'Hora,DEF,712500.0000000002,633838.6404437933,,,,644679.7256648389,,,,,,,,,,,639259.1830543161,7665.804875222641,639259.1830543161
warren zaireemery__2006-03-08,Warren Zaïre-Emery,DEF,50000000.00000009,43154662.41218348,,,,,,,,,,,,,,,43154662.41218348,,43154662.41218348
wassim bouziane__2006-12-22,,,,,1213327.6236341067,,,,,,,,,,,,,,1213327.6236341067,,1213327.6236341067
wataru endo__1993-02-09,,,,,,,,,,,,9481890.489605479,,,,9766666.231864106,9482421.765371535,,9576992.82894704,164262.200137736,9482421.765371535
wes burns__1994-11-23,Wes Burns,MID,1749999.9999999998,2443224.4700012794,1976506.252485509,,2360235.3788099075,,,,,,,2843196.4406052944,,,,,2405790.6354754977,355474.09339149337,2401729.9244055934
wesley hoedt__1994-03-06,,,,,,,,,2143609.5181680373,,,2163160.0048796074,1938270.0743614463,,,2024827.5963787956,,,2067466.7984469717,105616.9156138067,2084218.5572734163
wesley said__1995-04-19,,,,,,,,,7516479.3095849315,,,,6110685.651792227,,,,,,6813582.480688579,994046.228374262,6813582.480688579
wessel dammers__1995-03-01,,,,,,,1396680.538486828,,,,,,,,1562025.173767079,1309084.9007588828,1451631.4997665302,,1429855.52819483,105875.92194322529,1424156.0191266793
weston mckennie__1998-08-28,Weston McKennie,MID,20749999.99999997,16289462.415085247,16445367.727946347,18107026.609477676,,,,,,,,,17130133.24713254,,,15280114.052535366,16650420.810435435,1049035.6066745324,16445367.727946347
wilder cartagena__1994-09-23,,,,,,,,1263272.7995207147,,,,,,,,,,,1263272.7995207147,,1263272.7995207147
wilfred ndidi__1996-12-16,,,,,,,,7708513.02924766,,,7100020.705729714,9301479.008690445,,,,,,,8036670.91455594,1136824.6844549899,7708513.02924766
wilfried gnonto__2003-11-05,,,,,,8882085.969759686,,,,,,,,,,10765584.640226224,,,9823835.304992955,1331834.6822427358,9823835.304992955
wilfried kanga__1998-02-21,,,,,1908382.9577529687,,,,,,,,1929473.7353101354,,2212174.98151957,,,,2016677.2248608915,169634.1205902381,1929473.7353101354
wilfried singo__2000-12-25,Wilfried Singo,DEF,26999999.999999993,23939595.946398646,,,,,,,,,23198893.505445816,,,27713032.603386223,,,24950507.35174356,2420912.9168520053,23939595.946398646
wilfried zaha__1992-11-10,,,,,,,,,9688998.138564294,,,,,,,8789773.706440872,,,9239385.922502583,635847.6937630945,9239385.922502583
wilguens paugain__2001-08-24,,,,,,,,,,,,,326026.273324211,,,,425783.48891354294,,375904.881118877,70539.00361550497,375904.881118877
wilitty younoussa__2001-09-09,,,,,952652.10836283,,,,,986591.567286728,,,,,,,,884041.4880299133,941095.0545598237,52242.73928833488,952652.10836283
will collar__1997-02-03,,,,,,,448171.84188241046,456985.1336628701,,,,,,,,460699.34148375713,452697.6323293153,,454638.48733958823,5410.641476547277,454841.38299609267
will dennis__2000-07-10,Will Dennis,GK,775000.0000000007,951499.492615039,,,,899870.3252549537,,,,,,,,,,,925684.9089349963,36507.334347331474,925684.9089349963
will ferry__2000-12-07,,,,,,,,,,1448681.1047661137,,,,,,,,,1448681.1047661137,,1448681.1047661137
will fish__2003-02-17,,,,,,1732792.7430951085,,,,1879433.7541251134,,,,1794808.3707328287,,,,,1802344.9559843503,73610.43823341624,1794808.3707328287
will hughes__1995-04-17,,,,,,,,,,,,,7097859.234277583,,7924645.392555478,,,,7511252.31341653,584626.099109474,7511252.31341653
will keane__1993-01-11,,,,,,1222726.9142635553,1110275.9898790456,,,1552593.7034511012,,,,1213138.0315470146,1183451.8526913044,,1607101.699284932,,1314881.3651861588,209705.08079120904,1217932.472905285
will mannion__1998-05-05,,,,,550211.1645487611,,,,,554217.510434195,,,,,,,,,552214.3374914781,2832.914343369173,552214.3374914781
will norris__1993-08-12,,,,,454719.70090995636,,,,,475581.82116448483,,,,,,,,,465150.7610372206,14751.746701906308,465150.7610372206
will smallbone__2000-02-21,Will Smallbone,MID,3200000.0000000023,3622270.8358088844,,,3436936.939335543,,,,,,,,,3427358.8988179,,,3495522.2246541097,109871.93698705641,3436936.939335543
willem geubbels__2001-08-16,,,,,,,,4366057.370037277,,4939934.90500962,,5468859.378771429,,,,,,,4924950.551272775,551553.6834794082,4939934.90500962
willi orban__1992-11-03,Willi Orban,DEF,17749999.999999993,17639222.016557246,,14769810.485115219,,,,15195815.66170225,,,,,19133872.912491124,,,,16684680.268966459,2065037.4218449017,16417518.839129748
william balikwisha__1999-05-12,,,,,1580936.2752887823,,,1576942.6563146575,1462897.9206319072,,1650539.7007571957,1517702.6612442373,1428962.8077968052,,1761351.4798593505,,1646441.5168342404,1860077.2701783974,1609539.1432117303,138422.01099517808,1580936.2752887823
william bving__2003-03-01,,,,,,,,,,3854266.7628494776,,,,,,3500525.1289686575,3610635.351136974,5180424.051102948,4036462.8235145146,776831.3723955944,3732451.0569932256
william clem__2004-06-20,William Clem,MID,2250000.000000001,1703535.6418889947,,,,,,1637346.2029052794,,,1884977.1700312416,,,,,1784704.505586721,1752640.880103059,106841.24784200896,1744120.0737378579
william madsen__2002-04-05,,,,,,532526.7804695108,,,,,453452.4432359363,,,,,515875.4796866764,,,500618.23446404113,41686.63276243342,515875.4796866764
william martin__2007-04-23,William Martin,MID,437499.9999999996,440747.4214957763,,,,,441836.45826320566,,,629580.8012406945,376786.6448233308,,,,402274.09631272807,421971.8807139803,452199.5504749526,90328.3149326578,431359.6511048783
william mikelbrencis__2004-02-25,,,,,,,2684764.619397909,,,,,,,2344078.9112142385,,,,,2514421.7653060737,240901.17451001462,2514421.7653060737
william osula__2003-08-04,,,,,,,,6359486.193490547,6060087.114372638,,6381128.23828834,5522803.299685635,,,5980741.404388419,,,,6060849.250045116,349168.2784794857,6060087.114372638
william saliba__2001-03-24,William Saliba,DEF,97750000.00000007,118325062.87250175,,,,,113415353.1289205,114206452.15802297,,,,110448385.37477973,,,112798420.0060401,,113838734.70805302,2873079.000155491,113415353.1289205
william troostekong__1993-09-01,,,,,,,,1538286.4823044545,,,,,1647403.828352692,,,,,,1592845.1553285732,77157.61533578788,1592845.1553285732
willian pacho__2001-10-16,Willian Pacho,DEF,80999999.99999987,96369062.419238,95696986.15637343,,,,,96327971.65164797,107093899.66822216,,96249979.52345037,104188312.46561646,,,,,99321035.3140914,4986892.763307611,96348517.03544298
williot swedberg__2004-02-01,Williot Swedberg,MID,10750000.000000006,11912063.13461798,,,,,,10811573.158263683,,,,9778036.087503811,,9765699.700094718,,,10566843.020120047,1022017.1220239378,10294804.622883748
willy boly__1991-02-03,,,,,,,1140388.7457559553,,,,,,,,1203757.7540637765,1339356.9187047752,1232018.2483111974,,1228880.4167089262,83019.73156391578,1217888.001187487
willy kambwala__2004-08-25,,,,,,,,,,,,,5219133.434988116,,,,,,5219133.434988116,,5219133.434988116
willy kumado__2002-10-16,,,,,,,,,,802467.3754534108,,,,,783657.6194995261,,832155.1202898385,,806093.3717475919,24451.232741329204,802467.3754534108
wilson odobert__2004-11-28,,,,,,25085645.736325774,26505701.515073717,,,25809275.994221106,,,,23723485.880996928,,,,,25281027.28165438,1189255.0670267805,25447460.86527344
wladimiro falcone__1995-04-12,Wladimiro Falcone,GK,12750000.000000002,14751168.504036406,,,,13304851.350005317,,,,,,,,,14342077.209950784,,14132699.021330835,745545.2681852892,14342077.209950784
wojciech szczesny__1990-04-18,Wojciech Szczęsny,GK,2449999.9999999995,5045920.6370187765,,,,,,,,,,,,5128054.55114743,,,5086987.594083103,58077.447645764616,5086987.594083103
wout faes__1998-04-03,,,,,,,3471590.0700739133,,,,,,,3828505.774411027,,,,,3650047.92224247,252377.51484874584,3650047.92224247
wout weghorst__1992-08-07,,,,,7995398.170025228,,,7604421.850467462,,,7269373.829546626,,,,6931319.704667869,,,,7450128.388676797,455690.05111388705,7436897.840007044
wouter burger__2001-02-16,,,,,,,8905989.366541503,,8825689.67005079,,8925991.34084916,,,,,,,,8885890.125813818,53085.6939260303,8905989.366541503
wouter george__2002-03-03,,,,,,623710.8477267863,477092.8719393018,,574894.3616010597,,,,442278.8620937407,,,,553137.827784736,541976.3553058656,535515.1877419149,66011.63125764538,547557.0915453008
wouter goes__2004-06-10,,,,,,,,,,,,,,16851124.68417901,15154327.39797262,,,,16002726.041075815,1199816.8673754712,16002726.041075815
wouter prins__2004-02-06,,,,,,919509.1036839103,916492.9546187434,,,,,,,,,,859394.3737125351,,898465.4773383964,33870.158586917074,916492.9546187434
woyo coulibaly__1999-05-26,,,,,,,,3257190.836499631,,,,,3443712.7605406344,,3463345.6879298473,,,,3388083.0949900374,113780.2727145927,3443712.7605406344
wylan cyprien__1995-01-28,,,,,,,,1045512.1726309571,,972269.7650466015,,,1046332.7287019165,,,,,,1021371.555459825,42525.37706363688,1045512.1726309571
xander martle__2003-08-27,,,,,320868.7650302939,,,,,,,,,,325968.18049486325,,,,323418.4727625786,3605.8312550845353,323418.4727625786
xander severina__2001-04-12,,,,,,,,,1200682.508568323,,,,,,,,,,1200682.508568323,,1200682.508568323
xaver schlager__1997-09-28,Xaver Schlager,MID,14000000.00000001,14107888.163845485,16289991.468998274,,15593073.674194014,,,16894979.220584854,,,,,,,,,15721483.131905656,1200065.6244928292,15941532.571596144
xavi simons__2003-04-21,,,,,,43882559.88156358,,47121015.65044312,50356381.65514198,,,,,,,,42172008.66516612,,45882991.4630787,3620176.9541314533,45501787.766003355
xavier chavalerin__1991-03-07,Xavier Chavalerin,MID,950000.0000000008,389893.3374991768,,,,,460853.38289206364,,407171.214420339,,,433080.95339238114,,389650.9725872174,,,416129.9721582356,30648.315570306102,407171.214420339
xavier mbuyamba__2001-12-31,,,,,,,,,,,1894682.2608813061,,,,2320845.2334741307,,,2163168.8963548043,2126232.1302367467,215469.17023261864,2163168.8963548043
xavier simons__2003-02-20,,,,,,,,1481357.2337057046,,,,,,,,1484532.1114440286,,1067850.5121547186,1344579.9524348173,239659.98268477328,1481357.2337057046
xherdan shaqiri__1991-10-10,Xherdan Shaqiri,MID,6250000.000000005,5344854.464987675,,,,,,,,,,3936896.021364071,,,,2704653.3559581935,3995467.947436646,1321074.7431250869,3936896.021364071
xian emmers__1999-07-20,,,,,,,,,,,,,,497492.53070820967,530012.1136924294,532652.9699710571,546428.1117355588,,526646.4315268137,20725.757930203483,531332.5418317432
xizhe zhang__1991-01-23,,,,,,243516.58688539348,,,,,230811.3533336174,,,,,,,,237163.97010950543,8983.956801019722,237163.97010950543
yacine adli__2000-07-29,,,,,,,14941191.071752254,17323244.3098084,14360750.430610826,,,,,14687222.023039678,,,,,15328101.958802788,1351146.316583747,14814206.547395967
yadaly diaby__2000-08-09,,,,,,,,,,764680.1420309732,,,,768685.8734071469,,,,,766683.00771906,2832.4798197041255,766683.00771906
yahia fofana__2000-08-21,,,,,4069236.2856865125,4153638.301240071,3330355.159803303,3539706.1700152955,,4294134.511586851,,,,,,,3657966.8841622095,,3840839.552082374,384760.311606006,3863601.5849243607
yaimar medina__2004-11-05,,,,,,,,,5380409.787626085,,3964956.9586168337,,,,,,,,4672683.373121459,1000876.2938421243,4672683.373121459
yakou meite__1996-02-11,,,,,,,,,,,1282849.8846041716,,,,,,,1139192.2968072803,1211021.0907057258,101581.25450008368,1211021.0907057258
yalcn kayan__1999-01-30,,,,,1299073.3538041054,,1397439.0520780901,,,,,,,,,,,,1348256.2029410978,69555.05228568446,1348256.2029410978
yan dhanda__1998-12-14,,,,,,,,,,859098.9176545562,,,,855138.4164686835,,,,,857118.6670616199,2800.497245427955,857118.6670616199
yan diomande__2006-11-14,,,,,,,,11541098.410847288,,12099343.821024522,,,,,,11480259.294063978,,,11706900.50864526,341224.5076282581,11541098.410847288
yan valery__1999-02-22,,,,,,,2279462.3865561783,,2629577.485385168,,2606797.993664438,,,,,,,,2505279.2885352615,195894.5666049388,2606797.993664438
yangel herrera__1998-01-07,,,,,,,,,,25495976.937104505,27593094.04230121,,,,25189856.83565868,,,,26092975.9383548,1308125.805673191,25495976.937104505
yanis begraoui__2001-07-04,,,,,,3137496.1732529043,,,,,,2869765.7099187905,,,,,,2930442.0007912605,2979234.6279876516,140376.06847614492,2930442.0007912605
yanis issoufou__2006-10-28,,,,,,,,,688533.4344269831,590816.670438184,,,,,,,,859943.0051290196,713097.7033313956,136234.35134406126,688533.4344269831
yanis massolin__2002-09-20,,,,,,,971242.6438775734,,,,,1005657.4646321536,992961.4947151049,,,,834635.2790859225,,951124.2205776887,78948.6260389177,982102.0692963392
yanis zouaoui__1998-04-28,,,,,,,,,1774849.5829597134,,1733926.9385571803,,,,,,,1985897.8437039347,1831558.1217402762,135219.18517018436,1774849.5829597134
yankuba minteh__2004-07-22,Yankuba Minteh,MID,36499999.99999996,41748175.993613265,40640805.80060531,,,,,35478184.25931758,,,,,,,,,39289055.35117871,3346434.0790127353,40640805.80060531
yann bodiger__1995-02-09,Yann Bodiger,MID,1124999.9999999995,825141.6024879299,,883375.4783526026,,841095.2235969726,,,911063.8927928073,,,,,,804016.0398938128,,852938.4474248249,43621.407441294294,841095.2235969726
yann gboho__2001-01-14,,,,,7908382.963883756,,,,,,9667198.87383542,,,,,7875423.253295335,,,8483668.363671504,1025099.9643923335,7908382.963883756
yann karamoh__1998-07-08,,,,,,,,2280389.800993209,,,,,,,,,,1347534.5706150287,1813962.1858041189,659628.2592657502,1813962.1858041189
yann lienard__2003-03-16,,,,,,,,,,966213.0104934846,,,,,,,1012277.0128146557,,989245.0116540701,32572.168409892955,989245.0116540701
yann sommer__1988-12-17,,,,,,,,8065927.551218743,,9554601.78206965,,,,8286514.894488677,,,8560787.699870912,7285515.3365422,8350669.452838036,823612.4362316844,8286514.894488677
yannick agnero__2003-02-20,,,,,,1569746.0508345403,1417022.385395966,,1359921.9571042818,,,,,1380233.6109520653,,,1503918.7009886783,,1446168.5410551063,88376.84727379904,1417022.385395966
yannick cappelle__2003-07-07,Yannick Cappelle,DEF,1099999.9999999998,895331.8809376202,,,,,,,,,,,,,,1112359.3968765938,1003845.6389071071,153461.62822451978,1003845.6389071071
yannick carrasco__1993-09-04,Yannick Carrasco,MID,17749999.999999993,16226934.817888409,,,,,13742791.626435502,,,,,12418066.940626869,,15360712.123876696,,,14437126.37720687,1694611.7195745297,14551751.875156099
yannick gerritsen__2006-02-14,,,,,,,,227068.77907894526,,,,,,,,,,,227068.77907894526,,227068.77907894526
yannick leliendal__2002-04-23,,,,,,,,,,,,1478887.714176449,,,,,,1475847.9041936889,1477367.809185069,2149.4702523282363,1477367.809185069
yannik engelhardt__2001-02-07,,,,,,,,,2626720.2709461846,,,,2666226.2879397036,,,,2582144.0635243175,,2625030.2074700687,42066.582361475645,2626720.2709461846
yannik keitel__2000-02-15,,,,,,,,,,,,,2994417.213886632,2553413.0605637007,,,,,2773915.1372251664,311837.0273460767,2773915.1372251664
yannis nahounou__2004-05-16,,,,,,,527903.2465658286,,,,,,563020.2002251642,,485396.3447750027,513886.9459945731,,,522551.68439014215,32259.03979243476,520895.0962802009
yarek gasiorowski__2005-01-12,Yarek Gąsiorowski,DEF,11500000.000000019,11442305.402375083,,,,,11183941.230769444,11959362.311553584,,,9231281.76340232,,,,12043694.780540917,,11172117.097728271,1142298.7797557765,11442305.402375083
yari verschaeren__2001-07-12,,,,,,,,,,,,,3512016.264853026,3738108.312010483,,,,,3625062.2884317543,159871.21971738662,3625062.2884317543
yaser asprilla__2003-11-19,,,,,,,,,,,,,,6621992.235085983,,,6811685.812881095,,6716839.023983539,134133.61520646195,6716839.023983539
yasin ayari__2003-10-06,,,,,30378831.257365577,,,,,,29223290.883343093,30054823.129775044,26754628.338327073,30311422.006490402,,,,,29344599.123060238,1519166.3083795852,30054823.129775044
yasin ozcan__2006-04-20,,,,,3055505.4894814817,,2515506.324006245,,4081660.1512491135,,3342463.47182481,,,3974082.960072617,,,,,3393843.6793268537,651605.3806082219,3342463.47182481
yasir subas__1996-01-01,,,,,,295932.40072623466,,289296.34895717574,,,272533.682485969,,,,,,,,285920.81072312646,12059.050443504322,289296.34895717574
yassin belkhdim__2002-02-14,,,,,,,,4232852.78504867,4116817.914520914,,,,,,,,4145718.2373806373,,4165129.645650074,60403.848162599155,4145718.2373806373
yassin oukili__2001-01-03,,,,,,,,1038248.0174630119,,989925.86585472,,,,,,,,,1014086.9416588659,34168.921083747635,1014086.9416588659
yassine benzia__1994-09-08,,,,,,,,,,,,,,,,,3470687.674583952,,3470687.674583952,,3470687.674583952
yassine kechta__2002-02-25,,,,,,,,6460350.149759901,,,,,,,,,,,6460350.149759901,,6460350.149759901
yassir zabiri__2005-02-23,,,,,,,,,,,,,,,,,956431.7328726184,,956431.7328726184,,956431.7328726184
yaya fofana__2004-06-12,,,,,1581179.8119341976,1632003.5235347669,1705747.0202439893,,1456797.9095576308,,,1479330.1620946517,1495367.5380225666,,,1480167.6444535016,,,1547227.6585487577,94377.09040040626,1495367.5380225666
yeferson paz__2002-06-13,,,,,,,,,2154820.802955266,,,,,1898313.261294372,,1796302.4389420908,2072652.5523373247,1840995.0563738577,1952616.8223805823,154221.8435317729,1898313.261294372
yehvann diouf__1999-11-16,,,,,14323600.304193564,,,,,,,,13381930.871450055,13829540.061212106,13259453.935450424,,,12641602.552744677,13487225.545010164,631416.4800769892,13381930.871450055
yerry mina__1994-09-23,,,,,,5613946.142723086,,,,,6176717.480551083,,,7191746.382342575,,,,,6327470.001872249,799630.0025945408,6176717.480551083
yerson mosquera__2001-05-02,,,,,,,,,,,,6216223.034163407,6811173.223548727,,5577549.156228354,,6497384.1480598515,,6275582.390500085,524984.917064258,6356803.591111629
yevgen cheberko__1998-01-23,,,,,,1364968.6896890793,,,,1309220.418689909,1371215.1428256475,,,,,1372549.7226441854,,,1354488.4934622054,30359.08378632635,1368091.9162573633
yhoan andzouana__1996-12-13,,,,,,,,,486303.0217563593,,361821.87764834537,,,,,,,,424062.44970235234,88021.46112863651,424062.44970235234
yigit efe demir__2004-08-02,,,,,,,,,,1052238.5602706887,980420.9971154155,,,,,,,,1016329.7786930521,50782.68591538683,1016329.7786930521
yigit emre celtik__2003-04-07,,,,,,,,,,,,,,204635.0185124371,,,,216022.94462302804,210328.98156773258,8052.479776450209,210328.98156773258
yira sor__2000-07-24,,,,,,,,,3795146.6628385647,,,,,,,,,,3795146.6628385647,,3795146.6628385647
ylber ramadani__1996-04-12,,,,,1413661.5016116085,,,,,,,1448692.9079666883,1264577.1228367174,,,,,,1375643.844138338,97768.41153114123,1413661.5016116085
ylies aradj__2005-06-05,,,,,,576594.8573512143,,,,,705498.6475129211,,,,,,,,641046.7524320676,91148.74414399068,641046.7524320676
yllan okou__2002-12-23,Yllan Okou,DEF,1650000.0000000007,1757166.440327957,,,1543692.8161886707,,,,,,1664735.7291091494,,,,,,1655198.3285419259,107055.91323217547,1664735.7291091494
yoan severin__1997-01-24,,,,,,,,,,,,,1111683.1014571695,,1037138.7879020118,,,,1074410.9446795906,52710.78961374832,1074410.9446795906
yoann barbet__1993-05-10,,,,,,1116217.6039609811,,,,,,,1046664.0437873416,,,,1221480.6818443604,,1128120.7765308945,88014.08054005641,1116217.6039609811
yoann cathline__2002-07-22,,,,,,10147610.84397017,,11812287.146856287,,,,11738130.028449003,,,,,,,11232676.006425152,940425.2360675527,11738130.028449003
yoann salmier__1992-11-21,,,,,688513.6335775307,,,,,,,906583.0434757794,,,,,,,797548.338526655,154198.35850840044,797548.338526655
yohan boli__1993-11-17,Yohan Boli,FWD,2199999.9999999995,1648446.527520936,1712422.4768521355,,,,1856742.2214484748,,,,,1783335.109745769,,2025987.9140968334,,1613620.8864164115,1773425.8560134266,152122.50087978283,1747878.7932989523
yonis njoh__2004-01-17,,,,,,,1334696.75338436,,,,,1389788.6162716877,,1300559.1502114052,1543431.2735027464,1340536.179838911,1230433.7489653435,1224209.6810527218,1337665.0576038822,108644.0514788856,1334696.75338436
yoram zague__2006-05-15,,,,,,,,1379833.612659851,,,,,,,,,,,1379833.612659851,,1379833.612659851
yorbe vertessen__2001-01-08,,,,,,3698939.5186313926,,,,,,,,,,,,,3698939.5186313926,,3698939.5186313926
youba diarra__1998-03-24,,,,,,,,,881120.856339714,,852600.7773030192,,,,,,,,866860.8168213665,20166.741286823217,866860.8168213665
younes bakiz__1999-02-05,,,,,,,,,1264764.7490508482,,,,1030370.338372948,,,,,,1147567.5437118981,165741.87726256772,1147567.5437118981
younes ebnoutalib__2003-09-13,,,,,4296693.431937099,3144709.299965594,,,,,,,,3246486.714071361,3726729.5212845695,,,3164678.206631211,3515859.4347779667,496943.22229445784,3246486.714071361
younes namli__1994-06-20,Younes Namli,MID,1400000.0000000007,1485154.3362892368,,,,,,,,,,,,,,,1485154.3362892368,,1485154.3362892368
younes taha__2002-11-27,,,,,,,,,,,,,,2062564.498222136,,,,2210649.809206893,2136607.1537145143,104712.1275914406,2136607.1537145143
youri baas__2003-03-17,,,,,,,,,11490961.675171085,,,,11200266.33384003,12053388.787236672,,11621370.413450317,,12772615.692845572,11827720.580508733,611031.6473550467,11621370.413450317
youri regeer__2003-08-18,Youri Regeer,DEF,6000000.0,6669719.3640309535,,,,,,,8289257.912644432,,,,,,,4756138.576434657,6571705.2843700135,1768597.786619017,6669719.3640309535
youri tielemans__1997-05-07,Youri Tielemans,MID,44500000.000000075,49159733.308867924,,,,,,53454720.40133071,,46086586.23222024,,,,,,,49567013.31413963,3700913.1353659052,49159733.308867924
yousef salech__2002-01-17,,,,,,,,1932896.3876902512,1648093.255724284,,,,,1821798.3740843495,,,,,1800929.339166295,143543.8729386046,1821798.3740843495
youssef ait bennasser__1996-07-07,,,,,,,,1271065.4926339735,,,1314736.7086512458,,,,,,,,1292901.1006426096,30880.212988475832,1292901.1006426096
youssef chermiti__2004-05-24,,,,,4155031.932589256,,,,,2747730.211161739,2712791.3522227816,,3278699.9811226125,,,,,,3223563.3692740975,672799.865777927,3013215.0961421756
youssef el arabi__1987-02-03,,,,,,,,,,,,,,,,,,451363.25640382414,451363.25640382414,,451363.25640382414
youssef ennesyri__1997-06-01,,,,,21790493.132005315,,,,,,,,,,,,28945531.20515192,,25368012.168578617,5059375.941169892,25368012.168578617
youssef hamdaoui__2008-03-20,Youssef Hamdaoui,MID,437499.9999999996,559546.0549871941,,,,,,680757.4958071046,,,531789.8882576474,,,539994.4387717531,,,578021.9694559248,69472.88730617518,549770.2468794736
youssef maleh__1998-08-22,,,,,,,,2772382.4055464235,,,,,,,,,,,2772382.4055464235,,2772382.4055464235
youssef maziz__1998-06-24,Youssef Maziz,MID,1899999.9999999993,2412487.615804941,,,,,,,,,2899530.2357270336,,,2244693.9905622653,,,2518903.947364747,340141.07913093653,2412487.615804941
youssouf fofana__1999-01-10,,,,,,,,,,,33400674.944477893,,28875573.13940104,,,27015589.40840677,,,29763945.8307619,3283935.726350771,28875573.13940104
youssouf ndayishimiye__1998-10-27,,,,,,,,,11698330.954383561,,,,,,,,,,11698330.954383561,,11698330.954383561
youssouph badji__2001-12-20,,,,,,,,,844889.3307830447,635461.2094751532,,,783813.6050619511,,683929.4798631242,,708778.9710009802,727268.5772116751,730690.195565988,74310.79690035978,718023.7741063277
yuki kobayashi__2000-07-18,,,,,,761322.5097076244,,716120.7312534736,,,,,,,,,,,738721.620480549,31962.48406662207,738721.620480549
yukinari sugawara__2000-06-28,,,,,6188912.759603607,,,,,,,7196282.044012497,7924726.698063459,,,,,,7103307.16722652,871633.9558684608,7196282.044012497
yuning zhang__1997-01-05,,,,,,,,,,,726900.3081511097,,,,695882.415368597,,,,711391.3617598533,21932.962324632,711391.3617598533
yunus akgun__2000-07-07,,,,,,,,,,,,20079110.5274899,,21998810.45740657,,21743700.450120933,,,21273873.811672468,1042528.0609544064,21743700.450120933
yunus emre cift__2003-09-01,,,,,929554.2012420732,,,,,,,,,,,,,,929554.2012420732,,929554.2012420732
yunus emre konak__2006-01-10,,,,,,,978516.6124940962,,,,,,,1016717.474994949,989948.2008374626,,,,995060.7627755026,19606.89141934505,989948.2008374626
yunus musah__2002-11-29,,,,,12976199.17914094,,12117809.262576507,,,10283238.471242081,12325890.02438899,,8251212.736723622,,,,,,11190869.934814427,1923555.7535259344,12117809.262576507
yussuf poulsen__1994-06-15,,,,,2949991.667981622,,,,,,,,3155364.489256945,,,,,2887614.8492667438,2997657.002168437,140094.4520353185,2949991.667981622
yusuf akcicek__2006-01-25,,,,,1146627.1901269148,,,,1550045.1742794346,,,,,,,1522277.9485762853,,,1406316.7709942115,225325.90511098944,1522277.9485762853
yusuf baras__2003-03-31,,,,,,,,,,896833.7433977803,856017.1089522858,,,851836.8408430426,,,861396.6265897157,,866521.0799457061,20583.795183033708,858706.8677710008
yusuf demir__2003-06-02,,,,,,,,,,,,,,,859024.98480709,923462.8258359082,882847.9450983335,,888445.2519137772,32581.531913086434,882847.9450983335
yusuf kabadayi__2004-02-02,,,,,,,,,,,,1818815.5145770311,1666278.840157379,,,,,2111552.4393892894,1865548.9313745666,226285.55792938735,1818815.5145770311
yusuf sar__1998-11-20,,,,,,,,,,4445766.132787055,,,4284410.217588051,,,,,,4365088.175187553,114095.86182177732,4365088.175187553
yusuf yazc__1997-01-29,,,,,,4171202.2503107605,4068286.6725420104,,4573551.5583175775,,,4866808.201729189,,,,,,,4419962.170724885,369151.3824219056,4372376.904314169
yuto tsunashima__2000-08-15,,,,,,,414795.5052275133,485166.291326159,,,,,,,,,,,449980.89827683615,49759.66004778037,449980.89827683615
yvan neyou__1997-01-03,,,,,,,,,,,,4308232.671115882,,,4547498.131745729,,,,4427865.401430805,169186.22971508765,4427865.401430805
yvandro borges sanches__2004-05-24,,,,,,,,,,,,,952729.5027794153,,,,,,952729.5027794153,,952729.5027794153
yves bissouma__1996-08-30,,,,,,,,,,,,,,,,,13595667.27512193,,13595667.27512193,,13595667.27512193
zac williams__2004-03-27,,,,,,,,,,,,,,,,563532.962228536,463130.721753548,,513331.841991042,70995.10508618646,513331.841991042
zach abbott__2006-05-13,,,,,,,,,835233.5752810467,1082158.1200146105,,880920.4033047211,810579.052788857,,,,,,902222.7878473088,123445.86414709488,858076.9892928839
zach booth__2004-02-17,,,,,,,,941971.2133357612,,,,,,915893.2252577058,947890.6852922349,,,,935251.7079619006,17024.19385807527,941971.2133357612
zach hemming__2000-03-07,,,,,,,,501070.540066701,,485823.0489620235,,,413277.22307747026,,,,462592.26315828395,,465690.76881611964,38357.169828797974,474207.65606015373
zach robinson__2002-06-11,,,,,,,355972.94294829224,,,,,370216.56767318654,,,,,,,363094.7553107394,10071.76363164913,363094.7553107394
zacharie boucher__1992-03-07,,,,,241602.3942684691,,263839.41943542863,,,,237434.21473623053,262145.6062543662,,,272116.5452419145,,,,255427.6359872818,15077.3790353189,262145.6062543662
zachary athekame__2004-12-13,,,,,,2223497.950624896,,,,2584526.68977976,2240551.794172152,,,,,,2474560.601262683,,2380784.2589598726,177678.64949788328,2357556.1977174175
zachary braultguillard__1998-12-30,,,,,508177.93876633106,,,441655.1575862838,467352.70151233586,,,,,,,,,,472395.2659549836,33546.84331052333,467352.70151233586
zack steffen__1995-04-02,,,,,,1678383.2216185485,,,2042557.6471721274,,,,1581215.829969505,,,,,,1767385.5662533937,243207.99963781878,1678383.2216185485
zafer gorgen__2000-06-21,,,,,,,803615.3426685905,,,,,,,,,,,,803615.3426685905,,803615.3426685905
zaid romero__1999-12-15,Zaid Romero,DEF,2900000.0000000014,2844959.837199467,,,,,,,,,2838530.3419121224,2556230.0642119953,2779304.791672968,,,3400081.7490761853,2883821.3568145474,311579.06449801393,2838530.3419121224
zaidu sanusi__1997-06-13,,,,,,,,,,,,,1197135.622514534,,,,,,1197135.622514534,,1197135.622514534
zak jules__1997-02-07,,,,,,,,,,,486956.73021665093,,,,,,,,486956.73021665093,,486956.73021665093
zak sturge__2004-06-15,,,,,,,1396324.1337106964,1167069.0860964553,,,,,,,,,,,1281696.6099035759,162107.79878927465,1281696.6099035759
zak swanson__2000-09-28,,,,,,,1966638.7809465115,,,,1555575.12681693,,,,1668381.505118245,,1497442.438732857,,1672009.4629036358,208846.19354594892,1611978.3159675875
zak vyner__1997-05-14,,,,,,,1607994.9686639623,,,,,,1470592.7471592897,,,,,,1539293.8579116259,97158.0425760501,1539293.8579116259
zakaria aboukhlal__2000-02-18,,,,,,7765807.319008132,,8226810.709059419,,,,7952560.588203546,6339842.051780992,7179075.693999227,,7538911.181150256,,,7500501.2572002625,671444.6918548876,7652359.250079194
zakaria el ouahdi__2001-12-31,Zakaria El Ouahdi,DEF,19499999.99999998,20482774.10051512,,,,,,20755326.17992132,,,,,,,,,20619050.14021822,192723.4235746197,20619050.14021822
zakaria labyad__1993-03-09,Zakaria Labyad,MID,1099999.9999999998,1351480.4746576792,,,,1434753.6223827067,1432934.134255796,,,,,1401695.231391578,,1515884.2039929118,,,1427349.5333361342,59872.058348120234,1432934.134255796
zan celar__1999-03-14,,,,,,,,,,,,,,,,,1621182.880880148,,1621182.880880148,,1621182.880880148
zan majer__1992-07-25,Žan Majer,MID,987499.9999999999,530735.7547082155,,,,,,,,,,516039.59175321483,470155.88070922764,605326.1513871646,,,530564.3446394557,56123.4000229538,523387.67323071515
zan rogelj__1999-11-25,,,,,,,,1112593.9500300917,1134160.6248823283,,,,,,,1163187.443447506,,,1136647.3394533086,25388.249369789803,1134160.6248823283
zan zaletel__1999-09-16,,,,,,,,1119726.8621896764,1026917.8910367485,,,,1045216.4029074643,,1021626.161802161,1100250.1900626814,,1026650.612457205,1056731.3534093227,42475.84101077324,1036067.1469721064
zan zuzek__1997-01-26,,,,,709861.2615612069,,,,729042.9362141897,753541.6211029482,,743305.7947105947,,,,,,667046.2256460667,720559.5678470011,34114.90056874189,729042.9362141897
zander clark__1992-06-26,,,,,,,,519673.7657685974,,,,,,,591587.8935876531,,601438.8484957999,,570900.1692840168,44635.956817279206,591587.8935876531
zaydou youssouf__1999-07-11,,,,,,,7035846.451628776,,12237221.952027028,11381878.233773705,,,,,10892943.832639152,,,7488744.9364613015,9807327.081305992,2377976.670845279,10892943.832639152
zeki amdouni__2000-12-04,,,,,,,,,,14052291.9521253,,,,13227080.83484842,,12458164.529395968,,,13245845.77212323,797229.3598003094,13227080.83484842
zeki celik__1997-02-17,Zeki Çelik,DEF,9249999.999999987,10277747.580891827,,,,,,11401299.054329298,,9658162.264256641,9481504.703089658,,10604968.220801769,,,10167474.157280829,10265192.663441671,692610.1959874685,10222610.869086329
zeki yavru__1991-09-05,,,,,,,,836319.9369135215,,,798195.5813033652,,796372.9948817537,,901842.8126881066,,,,833182.8314466868,49339.322368372676,817257.7591084433
zeno debast__2003-10-24,Zeno Debast,DEF,25999999.999999985,23602693.67894054,,26293129.333447456,,,,,,29673134.35829686,,,,,,28305241.01212698,26968549.595702957,2638604.508944494,27299185.17278722
zeno ibsen rossi__2000-10-28,,,,,,,,297453.8757641026,,,,,,,,,,,297453.8757641026,,297453.8757641026
zeno van den bosch__2003-07-06,,,,,,,,9115873.904388128,11376353.244925419,,,,,11052127.875111092,,11043200.709632942,8945862.511364067,,10306683.64908433,1173903.694494607,11043200.709632942
zhenao wang__1999-08-10,,,,,297554.75276122114,,,,,337384.8002070784,,,,,,,,,317469.77648414974,28164.096643947596,317469.77648414974
zian flemming__1998-08-01,,,,,,,,,,,,9157326.695578221,7345023.638997414,,8552123.595267093,,,,8351491.309947575,922659.5133945311,8552123.595267093
zico buurmeester__2002-06-07,,,,,,2029879.1369739412,,,,,,,,2655529.757407171,,,,,2342704.447190556,442401.7963619076,2342704.447190556
zidan sertdemir__2005-02-04,,,,,,1489679.6959075728,1567835.468242779,,1541510.6969284297,,,1288966.5290596613,,,,,,,1471998.0975346107,126266.90920184806,1515595.1964180013
zidane iqbal__2003-04-27,,,,,,,,,,2120938.7483079275,,,,,,,,,2120938.7483079275,,2120938.7483079275
zie ouattara__2000-01-09,Zié Ouattara,DEF,775000.0000000007,1195484.4051735355,,,,,,,,,,,,,1020222.3438063054,1184205.4667118893,1133304.0718972434,98093.89142158658,1184205.4667118893
zion suzuki__2002-08-21,,,,,5302982.160111121,,,,,,,,,,,,,,5302982.160111121,,5302982.160111121
zlatko tripic__1992-12-02,,,,,,,4609054.321750659,,,4565155.216172664,,,,,,,,,4587104.7689616615,31041.35524222385,4587104.7689616615
zorhan bassong__1999-05-07,,,,,569035.9831859582,,730018.7858315796,,,716492.2080201247,,,,,,,,,671848.9923458876,89295.17465245315,716492.2080201247
zuriko davitashvili__2001-02-15,,,,,3783392.441783944,,,,,,,,,,,,,,3783392.441783944,,3783392.441783944
zvonimir sarlija__1996-08-29,Zvonimir Šarlija,DEF,1350000.0,1450298.7523454148,,,,,,,1723983.6701166425,,,,,,,,1587141.2112310287,193524.46126451774,1587141.2112310287
