player_id,player_name,position_group,actual_value,predicted_value_mean,predicted_value_median,predicted_value_std
aaron anselmino__2005-04-29,Aaron Anselmino,DEF,5750000.000000005,10378481.66469783,9880270.495369192,1180180.622798287
aaron bouwman__2007-08-28,,,,2187264.658387296,2187264.658387296,87365.38813662968
aaron connolly__2000-01-28,,,,1803542.738068142,1803542.738068142,
aaron cresswell__1989-12-15,,,,738610.23145525,738610.23145525,19882.869605438802
aaron donnelly__2003-06-08,,,,590853.5068711571,590927.5454074708,52271.31704031263
aaron escandell__1995-09-27,,,,6811267.438308015,6506227.496469762,749716.7815909284
aaron hickey__2002-06-10,Aaron Hickey,DEF,11749999.999999994,9564147.778508518,9272846.021710925,666846.9541788426
aaron mceneff__1995-07-09,,,,268164.6847353058,265304.16802364076,13015.076127139771
aaron mcgowan__1996-07-24,,,,457503.5029457214,457503.5029457214,
aaron meijers__1987-10-28,,,,168131.9024433043,168521.1564272699,14468.722516666225
aaron nemane__1997-09-26,,,,351834.9374920428,369653.6198490901,34356.605652664155
aaron ramsdale__1998-05-14,,,,8207779.423944479,8207779.423944479,411098.52208144317
aaron ramsey__2003-01-21,Aaron Ramsey,MID,9299999.999999993,3322671.3192838873,3403712.076556623,223466.88002440438
aaron rowe__2000-09-07,,,,263882.00062919006,262083.16245844334,5009.500314346379
aaron wanbissaka__1997-11-26,Aaron Wan-Bissaka,DEF,18500000.000000034,18172972.541301034,18132498.16846455,655555.7729583033
aaron zehnter__2004-10-31,,,,6934255.240519923,7446094.273124262,1329682.42342308
abakar sylla__2002-12-25,,,,3526987.5943768737,3580323.0282082087,256884.24726852297
abbosbek fayzullaev__2003-10-03,,,,1047561.1195074857,1047561.1195074857,
abdallah sima__2001-06-17,,,,7055482.8599846475,6983731.616730786,176931.4258219382
abdelhamid ait boudlal__2006-04-16,,,,3161810.005137518,3112493.75001185,341200.9526927689
abdelhamid sabiri__1996-11-28,Abdelhamid Sabiri,MID,2649999.999999999,3944973.72630251,3935578.66106305,291267.9436036737
abdelkahar kadri__2000-06-24,,,,5952287.065030721,5986283.616250062,220103.47913380084
abdellah baallal__2004-11-07,Abdellah Baallal,MID,299999.99999999977,452515.74377786816,443099.01708883396,17624.065766176685
abdellah zoubir__1991-12-05,,,,950198.8369117767,959183.9720603232,134777.4329455364
abdenego nankishi__2002-07-06,,,,543145.4239161749,590796.8466945118,99096.57261354785
abdou harroui__1998-01-13,,,,2048521.393814183,2048521.393814183,
abdoul kader ouattara__2005-05-26,Abdoul Kader Ouattara,MID,950000.0000000008,810736.0890850994,803716.6082060991,78236.45547289777
abdoul ouattara__2005-10-22,,,,3935579.674463717,4086585.3300217246,699301.3136114781
abdoulaye bamba__1990-04-25,Abdoulaye Bamba,DEF,337500.00000000006,388621.5868231731,389450.1497156978,17411.02063625318
abdoulaye camara__2006-12-21,,,,820986.297895019,820986.297895019,84055.91720614054
abdoulaye doucoure__1993-01-01,Abdoulaye Doucouré,MID,6650000.000000001,3600708.0272761006,3732509.6486532427,281597.45276680094
abdoulaye faye__2004-09-22,,,,2359799.9908055533,2359799.9908055533,
abdoulaye kamara__2004-11-06,,,,771305.0582263729,778033.2190391183,52224.803094869545
abdoulaye ndiaye__2002-04-10,Abdoulaye Ndiaye,DEF,6499999.999999999,6443034.132380857,6416219.243899223,96020.61419037286
abdoulaye toure__1994-03-03,,,,3466065.999869143,3462996.3693137546,349576.42671470414
abdoulie sanyang__1999-05-08,,,,1307286.6279584737,1307286.6279584737,26227.85733609417
abdoullah ba__2003-07-31,,,,858041.8054110598,858041.8054110598,27911.435640503678
abdukodir khusanov__2004-02-29,,,,30103868.561715692,30745469.57723764,3578959.98600068
abdul fatawu__2004-03-08,,,,12755194.523250217,12755194.523250217,40113.38439109797
abdul mumin__1998-06-06,,,,11230762.104562875,10939732.727779007,848897.619765649
abdulkadir omur__1999-06-25,,,,2998019.5874843816,3139710.758615402,741433.255238892
abdulkerim bardakc__1994-09-07,Abdülkerim Bardakcı,DEF,13249999.99999999,12016960.996454772,12823877.499605954,1874345.8762055459
abdullah yigiter__2000-02-20,,,,689347.498593193,689347.498593193,
abdurrahim dursun__1998-12-01,Abdurrahim Dursun,DEF,387499.99999999977,408345.0174414675,408343.24567243055,8047.332628748777
ablie jallow__1998-11-14,,,,1632729.4791937545,1564406.9731047205,207734.92916844416
aboubacar lo__2000-01-02,,,,801585.2968815393,807589.6587509076,16034.238129819953
aboubakary koita__1998-09-20,,,,4277669.21285191,4408610.163248512,953170.0223230174
abu francis__2001-04-27,,,,1949561.9433010237,1949561.9433010237,
abu kamara__2003-07-21,,,,2144473.756247331,2169570.0946830087,75340.38884037346
achraf hakimi__1998-11-04,,,,114284685.62570795,112018598.94829567,6849126.948311258
achraf laaziri__2003-07-08,,,,1073137.9879757238,1119013.3039569193,151375.33805413023
adam armstrong__1997-02-10,,,,4479371.697890293,4583450.336148635,331864.3523184146
adam aznou__2006-06-02,,,,1976119.9516747426,1948247.9065555201,228584.5083369915
adam boayar__2005-10-13,,,,718092.7215673417,695678.1550568612,47255.549575771554
adam carlen__2000-06-27,,,,889295.6356259097,888706.6242476417,51306.97286470356
adam daghim__2005-09-28,,,,2756197.4279731666,2734341.52787291,222337.08687901913
adam davies__1992-07-17,,,,572102.0328667371,572102.0328667371,11557.677858569601
adam frizzell__1998-02-21,,,,249907.23483326583,247796.52645247604,33443.34393046222
adam gabriel__2001-05-28,,,,1273596.411087437,1264823.2307987937,67473.08577527727
adam gnezda cerin__1999-07-16,,,,3801030.066658435,3835907.2863307884,109120.47751504507
adam hlozek__2002-07-25,,,,18433455.446797278,18718832.348861597,2495118.3113545743
adam idah__2001-02-11,,,,3126702.3877409487,3153265.490271562,138560.83645012064
adam jackson__1994-05-18,,,,475844.73144274385,454550.2680397986,48095.059917618935
adam jakobsen__1999-04-07,,,,1202121.032797892,1186865.901179331,68823.72351478908
adam karabec__2003-07-02,,,,5319994.56575861,5425353.097520122,304379.3877947683
adam lewis__1999-11-08,,,,380400.5945682503,380400.5945682503,28894.853484990384
adam marusic__1992-10-17,,,,6930291.429252542,6930291.429252542,
adam matthews__1992-01-13,,,,214076.1320525334,236251.86812954245,40464.174173839696
adam montgomery__2002-07-18,,,,623394.8534057069,623394.8534057069,
adam nagy__1995-06-17,,,,1216928.4775421668,1216928.4775421668,102987.86402766532
adam nhaili__2005-08-09,,,,326068.4178153656,311017.5949730495,34134.76332135763
adam obert__2002-08-23,,,,3156074.7158036116,3082230.088398359,319000.7176990831
adam phillips__1998-01-15,,,,667467.0273688554,670145.6893583813,16186.73095221645
adam reach__1993-02-03,,,,509026.70594502054,509374.3182885216,27963.748025609544
adam smith__1991-04-29,Adam Smith,DEF,800000.0000000005,1360772.1762510058,1342191.5719839204,119616.35818036027
adam srensen__2000-11-11,,,,890376.3152306427,894076.0757862754,32681.28351167026
adam stahl__1994-10-08,,,,1009413.6000435313,1009413.6000435313,32209.784972172605
adam taggart__1993-06-02,,,,1320850.05220231,1345153.3487931136,60052.81039941299
adam webster__1995-01-04,,,,5327839.376874743,5690355.682627674,651864.3486608256
adam wikman__2003-12-15,,,,601359.4030504865,601359.4030504865,43960.0822968663
adam zrelak__1994-05-05,,,,511796.1874192729,511796.1874192729,
adama bojang__2004-05-28,,,,879627.7849846602,902114.2982481313,46046.32139696636
adama camara__1996-10-18,Adama Camara,MID,2199999.9999999995,2158320.8094978323,2178385.754232347,172029.73548991894
adama diakhaby__1996-07-05,,,,500886.7690389768,511877.34341101715,23391.400420809558
adama traore__1990-02-03,Adama Traoré,DEF,175000.00000000012,129623.57795728237,129194.52213691575,22782.641737188602
adedire mebude__2004-05-28,,,,1052590.6375475419,1052590.6375475419,
adem arous__2004-07-17,Adem Arous,DEF,537500.0000000003,463606.53852522164,460697.68942253623,11695.911127085541
adem zorgane__2000-01-06,Adem Zorgane,MID,12499999.999999985,17908340.77409131,17447612.548747793,1031320.0154326943
ademola lookman__1997-10-20,,,,33727787.73079482,33212296.110354856,1944353.0861125288
ademola olaadebomi__2003-09-03,,,,652785.7428063224,652785.7428063224,
adil demirbag__1997-12-10,Adil Demirbağ,DEF,1849999.9999999995,1640385.0788312084,1640919.9506959384,72866.73149402087
adil lechkar__2001-09-02,,,,286255.2151643308,287991.8246464048,16647.722640359894
adilson malanda__2001-10-29,,,,2406781.262777328,2354787.3889241656,196137.4845429668
adnan januzaj__1995-02-05,,,,3170023.3741658605,3170416.0992308236,324889.63559867867
adnane abid__2003-08-23,,,,1306123.675778871,1361052.5856829265,106136.81745395127
adrian bajrami__2002-04-05,,,,1646244.171253601,1676346.8950934424,116035.83599385196
adrian balboa__1994-01-19,,,,1639853.7167294435,1639853.7167294435,
adrian beck__1997-06-09,,,,2163161.6972925765,2108547.784074604,139769.57676504532
adrian benedyczak__2000-11-24,,,,2607429.7597624823,2607429.7597624823,65003.990737451924
adrian blake__2005-07-15,,,,1698343.6361370976,1698343.6361370976,14782.432587932251
adrian fein__1999-03-18,,,,608057.6723805545,608464.9791168497,28648.868568518214
adrian grbic__1996-08-04,,,,1081918.0972807605,1081918.0972807605,
adrian palacios__2004-06-07,Adrián Palacios,DEF,725000.0000000006,571378.5469551712,560177.7449807639,68822.28777318749
adrian przyborek__2007-01-01,,,,1707175.6766674325,1667217.9062056101,155558.80528374048
adrian semper__1998-01-12,,,,1637778.4791582748,1657689.4957498387,85664.80672044014
adrian sporle__1995-07-13,,,,1360519.229093073,1360519.229093073,20773.40990394191
adriano bertaccini__2000-08-13,,,,15837642.111151958,14440848.43547842,3444685.892450988
adrien hunou__1994-01-19,Adrien Hunou,MID,999999.9999999997,474677.7966479839,483942.9130663841,29462.477787313128
adrien lebeau__1999-07-08,,,,989079.8496134623,989079.8496134623,27242.3347558242
adrien rabiot__1995-04-03,,,,33497715.154705565,32817111.83489658,2241746.190450641
adrien tameze__1994-02-04,Adrien Tameze,DEF,4000000.0000000005,2763830.87025429,2816504.95149326,145027.65598476463
adrien thomasson__1993-12-10,,,,8323740.977685044,8323740.977685044,
adrien truffert__2001-11-20,,,,22288295.618247043,22288295.618247043,1133906.369121677
adrion pajaziti__2002-11-16,,,,1991184.5926028662,1991184.5926028662,5514.541184506744
afeez aremu__1999-10-03,Afeez Aremu,MID,950000.0000000008,1192374.9949208985,1183786.1192454593,55420.83182360137
afimico pululu__1999-03-23,,,,2200745.1776118465,2200745.1776118465,80697.53747192197
agon mucolli__1998-09-26,,,,494149.9301319196,494720.58984541916,5079.216344368128
agustin albarracin__2005-08-29,,,,1521598.7428530632,1559592.3699762628,380761.4586761655
agustin alvarez__2001-05-19,,,,3867785.536178611,3867785.536178611,
agustin anello__2002-04-22,,,,1562260.1613316482,1562260.1613316482,7174.669470836385
agustin martegani__2000-05-20,Agustín Martegani,MID,2050000.000000001,2195310.2080639442,2119348.0164268217,235051.95220518258
agustin moreira__2001-05-28,,,,757677.3742581961,780403.5231965644,61451.00153012255
agustin rogel__1997-10-17,Agustín Rogel,DEF,1400000.0000000007,1209265.5935262993,1217908.9874784842,67373.61021436877
ahmad benali__1992-02-07,,,,814014.4092276231,814014.4092276231,
ahmed abdullahi__2004-06-19,,,,353641.9207821334,354046.89792232984,13914.225778114482
ahmed kutucu__2000-03-01,,,,2008182.2463306247,2036596.5195888712,208565.13237929213
ahmed sidibe__2002-02-10,Ahmed Sidibé,DEF,700000.0000000006,791435.6725647419,791435.6725647419,49635.0739910145
ahmed touba__1998-03-13,,,,2148236.478569552,2176535.895725586,74904.63185672981
ahmet arslan__1994-03-30,,,,667956.5733591238,669275.5476841369,81029.61700356264
ahmet gurleyen__1999-04-26,,,,1144206.8266698243,1126485.5523733497,61441.379557727654
ahmet oguz__1993-01-16,Ahmet Oğuz,DEF,925000.0000000007,1288351.377204802,1288351.377204802,
ahmet sagat__1996-05-27,,,,440426.03720234724,427378.80282410036,27077.320508312627
ahmet sivri__1999-07-06,,,,301183.19949084474,301183.19949084474,8845.797806133134
ahmetcan kaplan__2003-01-16,,,,3398588.287969694,3411253.8469612757,235720.3422510549
aidan denholm__2003-11-09,,,,564522.0656676961,564522.0656676961,
aidan keena__1999-04-25,,,,492857.4753310066,492857.4753310066,13336.741212662106
aidan nesbitt__1997-02-05,,,,224562.4159251467,227694.1182165907,11306.713428623207
aiden oneill__1998-07-04,,,,1618957.696918482,1618957.696918482,98753.01755415834
aiham ousou__2000-01-09,,,,2927668.38581095,2997020.2160482123,322442.6586065031
aimar sher__2002-12-20,,,,1419572.3357704347,1447819.0112195432,83070.57424563538
aime omgba__2002-10-22,,,,1202667.891513762,1262842.03565919,109988.77740419669
aimen moueffek__2001-04-09,,,,1828733.60372922,1817249.1468519669,51157.99640821492
ainsley maitlandniles__1997-08-29,Ainsley Maitland-Niles,DEF,11000000.000000013,10116896.733782891,11228349.90859279,2617512.5736521515
aissa mandi__1991-10-22,,,,3916577.335068172,3986608.253581811,248447.34333261146
aitor fernandez__1991-05-03,Aitor Fernández,GK,1200000.0000000005,2002065.61750609,2049770.379186722,171906.3558685867
ajdin hasic__2001-10-07,,,,1867371.4435258121,1938088.900405934,340753.24603328865
ajdin hrustic__1996-07-05,,,,893112.0449906611,895240.7637895569,25389.036609452138
akin famewo__1998-11-09,,,,1415668.2595633229,1342853.3346768524,217874.2639778811
akram afif__1996-11-18,,,,6219715.9491205355,3767969.0430516107,4619491.547923764
alaa bellaarouch__2002-02-01,,,,1579196.6838508304,1549256.0588908733,52607.3866089002
alaa ghram__2001-07-24,,,,1614051.6577858976,1614051.6577858976,19499.456380492535
aladji bamba__2006-07-14,,,,1339166.8345835817,1339166.8345835817,
alan forrest__1996-09-09,,,,1126316.192426775,1126316.192426775,116474.66329291248
alan matturro__2004-10-11,Alan Matturro,DEF,2950000.000000002,1969823.0087911664,2044323.5515220454,194521.92256407088
alan virginius__2003-01-03,,,,2111113.6993067763,2111113.6993067763,88825.46727635422
alasana manneh__1998-04-08,,,,1076206.8089893286,1076206.8089893286,151554.80761606124
alassana jatta__1999-01-12,Alassana Jatta,FWD,587500.0000000002,656794.0580317724,674075.2018642263,55772.97504229982
alassane sidibe__2002-06-09,,,,538730.3524759642,538730.3524759642,
alban lafont__1999-01-23,,,,3192128.4682941553,3192128.4682941553,424384.7208505241
albert adomah__1987-12-13,Albert Adomah,DEF,180000.00000000003,112379.5833593886,104494.18776613359,12174.56853995575
albert rusnak__1994-07-07,,,,3296843.83702395,3601405.7670203205,639535.0811290984
albert sambi lokonga__1999-10-22,,,,10538529.503659815,10538529.503659815,229419.71327345472
alberto brignoli__1991-08-19,,,,911180.762664869,911180.762664869,
alberto cerri__1996-04-16,,,,1092529.3903720398,1093907.424906352,5957.50463305367
alberto dossena__1998-10-13,Alberto Dossena,DEF,4250000.000000002,5128289.297491311,5157444.89173305,324691.9703220249
alberto paleari__1992-08-29,,,,559015.3912934639,531205.8366879354,51309.996333486706
albian ajeti__1997-02-26,,,,1194250.6922486066,1198582.8025738085,86780.28269549216
albian hajdari__2003-05-18,,,,4961643.4706854895,4928348.953688787,293087.21047241107
alec georgen__1998-09-17,,,,1239890.6878751693,1207224.4660006645,119854.66298591961
alec van hoorenbeeck__1998-12-30,,,,1129178.0773287853,1129178.0773287853,38194.64035613602
alejandro alvarado__2003-07-29,,,,975188.0929030699,1001886.5467829101,123869.69374269593
alejandro bedoya__1987-04-29,,,,258441.55581114718,258441.55581114718,
alejandro garnacho__2004-07-01,Alejandro Garnacho,MID,33750000.00000005,32291201.762633644,32035861.519660298,1203819.654926356
alejandro marques__2000-08-04,,,,2903066.8950304757,2912250.2074700063,118122.165759357
alejo sarco__2006-01-06,,,,1250008.168502112,1203416.062627856,108067.84801161206
alejo veliz__2003-09-19,,,,4374135.340525696,4374135.340525696,
aleksa terzic__1999-08-17,,,,2029496.3820677728,2069867.8894026782,266275.7717883872
aleksandar cirkovic__2001-09-21,Aleksandar Ćirković,MID,1050000.0000000007,1399534.4149400655,1452934.032288563,196449.35237798793
aleksandar dragovic__1991-03-06,Aleksandar Dragović,DEF,2750000.0,952662.1952807043,954245.1951725963,64325.31867051248
aleksandar jovanovic__1992-12-06,,,,691240.7737561887,691240.7737561887,
aleksandar palocevic__1993-08-22,,,,1130074.4033833386,1273313.7596032214,253920.25870896972
aleksandar pavlovic__2004-05-03,,,,42029936.38698886,42029936.38698886,1098964.4296873156
aleksandar pesic__1992-05-21,,,,1212455.9206165648,1240284.1586021455,113957.93259591066
aleksandar radovanovic__1993-11-11,,,,936662.2723714873,877665.7984268013,108856.07264121926
aleksandar stankovic__2005-08-03,,,,3450014.5306081236,3583588.570285624,251747.331689883
aleksandar vukotic__1995-07-22,Aleksandar Vukotić,DEF,850000.0000000005,1207162.7631823914,1207162.7631823914,
aleksey miranchuk__1995-10-17,,,,9782329.616680136,9920727.577307276,1587959.1066933244
alen halilovic__1996-06-18,,,,1645338.7617350097,1619262.5057283395,50464.51983972952
alen sherri__1997-12-15,,,,843135.7579622251,814638.2897887588,59307.970233094595
ales mateju__1996-06-03,,,,983173.1886129881,991563.6535392901,56555.653928554115
alessandro bastoni__1999-04-13,,,,71468987.20638075,71468987.20638075,7360842.921002448
alessandro bellemo__1995-08-07,,,,1720377.6137053177,1734594.6537870541,85355.18091871122
alessandro bianco__2002-10-01,,,,3462901.2265687473,3462901.2265687473,474237.57588771556
alessandro buongiorno__1999-06-06,,,,36215370.974835366,35093644.03040792,2366876.2475275923
alessandro circati__2003-10-10,,,,2818845.9426541626,2818845.9426541626,
alessandro confente__1998-06-07,,,,470608.9684430913,463102.8278554001,17551.540755646987
alessandro deiola__1995-08-01,,,,2049575.530945541,2049575.530945541,104604.34876328216
alessandro dellavalle__2004-05-11,,,,1280869.1289442345,1259878.9906458447,55315.23689150173
alessandro di pardo__1999-07-18,Alessandro Di Pardo,DEF,999999.9999999997,1189353.932025514,1172124.4978241608,73458.72483223713
alessandro fontanarosa__2003-02-07,,,,1078528.0277747635,1076070.1093554194,15034.582133235304
alessandro mallamo__1999-03-22,Alessandro Mallamo,MID,562500.0000000003,579438.3440177065,590596.3350055172,19816.177127879906
alessandro marcandalli__2002-10-25,,,,1581181.7637395947,1577319.5164123136,106738.88437674238
alessandro micai__1993-07-24,,,,438487.7529010515,435089.02421913383,42854.93679571888
alessandro murgia__1996-08-09,,,,728175.4409422763,728175.4409422763,
alessandro nunziante__2007-03-14,,,,260934.77252157533,258205.1225601866,21302.038460911564
alessandro plizzari__2000-03-12,,,,780221.6048914343,777726.577896323,10648.535641569675
alessandro schopf__1994-02-07,Alessandro Schöpf,MID,1400000.0000000007,1035270.9420453017,1035270.9420453017,77662.55645555057
alessandro sersanti__2002-02-16,,,,1663542.5098450352,1736661.58028935,185891.9087395481
alessandro sorrentino__2002-04-03,,,,722234.4292377223,722234.4292377223,1155.6652741761743
alessandro tripaldelli__1999-02-09,,,,582191.6434446234,587857.8287744661,17856.636693468714
alessandro vinciguerra__2005-08-18,Alessandro Vinciguerra,MID,487499.9999999996,674420.6747748202,643088.4797363317,86474.78745431668
alessandro vogliacco__1998-09-14,,,,2033578.849611009,2033578.849611009,14426.525646271713
alessandro zanoli__2000-10-03,,,,3772976.5717966906,3659282.7448812774,361156.48107702035
alessio castromontes__1997-05-17,,,,7917899.931852157,7744146.318348504,738378.1100049384
alessio romagnoli__1995-01-12,,,,19799026.761312917,19558430.417291377,527178.2104050653
alessio zerbin__1999-03-03,,,,4215800.006323678,3893067.0380493966,819015.0072230905
alex bangura__1999-07-13,,,,1354132.7139639182,1354132.7139639182,80597.99498005494
alex cairns__1993-01-04,Alex Cairns,GK,157500.00000000006,238972.4835315859,243265.8446786041,56142.40536744827
alex cochrane__2000-04-21,Alex Cochrane,DEF,1949999.999999999,2710618.947173521,2736939.9062086837,73907.0855128159
alex ferrari__1994-07-01,,,,1042816.2923923373,1043214.5145290676,24319.99876911404
alex freeman__2004-08-09,,,,5737591.844478203,5737591.844478203,182392.8738650943
alex gersbach__1997-05-08,,,,387958.34746509546,387192.1409463984,3491.2891398852325
alex gilbert__2001-12-28,,,,915614.3558711003,915614.3558711003,70112.55434823001
alex gogic__1994-04-13,,,,353198.60834181606,358425.89212095126,28595.09960228188
alex iwobi__1996-05-03,,,,23328786.007034287,23128328.957973562,1158828.138057408
alex kral__1998-05-19,,,,3287375.689108804,3287375.689108804,96533.6676640195
alex lowry__2003-06-23,,,,1160303.9587742998,1185456.7582866617,49100.649240270344
alex matos__2004-10-03,,,,1886026.1283789105,1881188.4968983107,149684.4925656482
alex meret__1997-03-22,,,,22412437.610058364,22472352.707147803,347080.9458777808
alex mighten__2002-04-11,,,,1286766.6851280844,1286766.6851280844,
alex mitchell__2001-10-07,Alex Mitchell,DEF,712500.0000000002,842618.8929790272,842618.8929790272,35806.334429058894
alex murphy__2004-06-25,Alex Murphy,DEF,850000.0000000005,1511083.0593146929,1477276.4655808015,118829.20323028631
alex palmer__1996-08-10,,,,2585490.711159319,2432377.7552521685,765068.2777512961
alex plat__1998-02-04,Alex Plat,MID,637500.0000000003,766485.6182462834,766485.6182462834,3440.729839158458
alex robertson__2003-04-17,,,,1875481.7911563592,1825743.6781588153,93107.86166773664
alex scott__2003-08-21,,,,27790735.20097011,27790735.20097011,
alex timossi andersson__2001-01-19,,,,1272105.9856601553,1303173.1847067848,110460.33485736155
alex toth__2005-10-23,,,,6705603.584676994,6705603.584676994,195452.33709176574
alexander bah__1997-12-09,,,,8831473.954053985,8831473.954053985,655141.3319556697
alexander brunst__1995-07-07,,,,422458.8445999482,421004.1002906658,6297.1274926865635
alexander busch__2003-07-25,,,,2015578.0507060438,1967384.2796447324,209973.1248875176
alexander callens__1992-05-04,,,,1318507.8823144508,1318507.8823144508,
alexander djiku__1994-08-09,,,,3523301.621992478,3523301.621992478,1374934.6166951866
alexander groi__1998-07-01,,,,403809.2264420272,400556.37000430096,10151.447083133178
alexander isak__1999-09-21,,,,93031141.61542936,93031141.61542936,1009819.8017811197
alexander jensen__2001-08-24,,,,1354020.6607525076,1354020.6607525076,14361.989316910871
alexander jeremejeff__1993-10-12,Alexander Jeremejeff,FWD,1200000.0000000005,1518697.3904795914,1524368.3854282899,75105.94744763627
alexander lind__2002-06-26,,,,2794849.656761717,2782949.197955943,60887.148205025034
alexander lyng__2004-11-26,,,,1023512.1852898167,1023512.1852898167,
alexander meyer__1991-04-13,,,,1160192.2740143412,1160192.2740143412,57684.66307736484
alexander nubel__1996-09-30,,,,12047264.635109458,12047264.635109458,399601.44739366317
alexander prass__2001-05-26,Alexander Prass,DEF,5250000.0,5306460.370725382,5306295.260131266,86541.06609544864
alexander ring__1991-04-09,,,,583685.1511939939,606425.1345374174,137048.39699428246
alexander rossipal__1996-06-06,,,,894031.3620159597,900810.1079172983,50911.58626544628
alexander rssinglelesiit__2007-01-20,,,,845772.9804640275,874915.1189439143,109589.3118256049
alexander schwolow__1992-06-02,Alexander Schwolow,GK,600000.0000000003,764244.2920926868,773827.2278612548,44553.349664588866
alexander simmelhack__2005-11-11,,,,721447.7565553542,721447.7565553542,45993.245023186464
alexander srloth__1995-12-05,,,,31392905.79160515,31392905.79160515,3472117.01465937
alexandre jankewitz__2001-12-25,,,,630824.1390999798,631880.6555916623,17215.81911797876
alexandre lacazette__1991-05-28,,,,5352742.0195041895,5352742.0195041895,253002.64802050756
alexandre lauray__1997-03-18,,,,542329.7251894393,542329.7251894393,19970.934714731626
alexandre mendy__1994-03-20,Alexandre Mendy,FWD,2400000.000000001,1267198.8849572507,1331989.1587491208,174891.2662362064
alexandre olliero__1996-02-15,,,,820222.0556975403,820222.0556975403,
alexandro calut__2003-04-22,Alexandro Calut,DEF,625000.0000000002,765625.0232097869,749931.1693015168,52118.42005401807
alexandros katranis__1998-05-04,Alexandros Katranis,DEF,775000.0000000007,800494.2732211001,805287.4064745742,55365.553594714955
alexandros kyziridis__2000-09-16,,,,3556511.1863089423,3556511.1863089423,249796.6911804495
alexandros paschalakis__1989-07-28,Alexandros Paschalakis,GK,375000.00000000006,500041.9281396669,494801.6117570973,60118.67325599859
alexandru cicaldau__1997-07-08,,,,1205402.1705021015,1222360.0047484576,107333.74987104567
alexandru mitrita__1995-02-08,,,,3586248.0294619417,3586248.0294619417,656659.8328304181
alexandru tirlea__2000-03-28,,,,333073.9256985348,333073.9256985348,
alexi pitu__2002-06-05,,,,673406.7577492744,673406.7577492744,49556.71272301433
alexios kalogeropoulos__2004-07-26,,,,2248941.495416469,2248941.495416469,120721.81108209839
alexis antunes__2000-07-31,,,,1978889.232239293,1978889.232239293,29396.64142852942
alexis beka beka__2001-03-29,,,,2225057.776147714,2218300.168504827,26928.02140424035
alexis blin__1996-09-16,,,,1533038.1830567508,1533038.1830567508,18098.001388975226
alexis claudemaurice__1998-06-06,,,,8729928.4285838,8857994.459549148,619985.1988602263
alexis flips__2000-01-18,,,,2052397.1655016392,2049255.66944562,60374.20810922945
alexis mac allister__1998-12-24,,,,78149796.9184936,79264266.6143297,3985838.998694137
alexis mirbach__2005-03-04,,,,274093.24820070586,272602.9531684016,11678.594459420032
alexis saelemaekers__1999-06-27,Alexis Saelemaekers,DEF,20249999.999999974,20901439.24998389,20901439.24998389,
alexis trouillet__2000-12-23,,,,1174399.7326699335,1171052.758417841,36354.003088090576
alexis vossah__2008-03-11,,,,2626049.4706526813,2626049.4706526813,
alfie devine__2004-08-01,,,,8157340.907123854,8157340.907123854,603992.4310265329
alfie dorrington__2005-04-20,,,,1462789.4552798357,1437049.4920913354,308832.9195019049
alfie gilchrist__2003-11-28,,,,2913622.616456647,2832591.9326819745,189450.80362810544
alfie jones__1997-10-07,Alfie Jones,DEF,2449999.9999999995,2302806.6091733743,2240299.1574382344,293460.14989540615
alfie mccalmont__2000-03-25,,,,726869.7441760743,726869.7441760743,16202.003344503579
alfons sampsted__1998-04-06,,,,1645159.7195397054,1644824.3927047304,52597.53715174359
alfonso trezza__1999-06-22,,,,2147831.515830827,2165362.3995713266,145695.70466162855
alfred duncan__1993-03-10,,,,1978483.6839152535,1934494.7196983004,99630.56016571901
alfred gomis__1993-09-05,Alfred Gomis,GK,825000.0000000006,586552.926169358,586552.926169358,50960.366877534274
alhassan yusuf__2000-07-18,,,,2920337.06785462,2943050.7873196825,65349.7955305398
ali abdi__1993-12-20,Ali Abdi,DEF,3550000.0000000014,3215516.065725194,3289021.23675521,265681.20963063516
ali coote__1998-06-11,Ali Coote,MID,412500.00000000006,504167.70864960435,510281.41923128924,32600.432832511207
ali emre yanar__1998-05-15,,,,180641.1907130125,183012.8122094594,5202.878976910215
ali fadal__2004-01-14,Ali Fadal,MID,299999.99999999977,376747.2864791237,360426.9615718504,37023.59371525791
ali maamar__2005-03-23,,,,516852.85218334524,536862.2159632291,107914.97884041558
ali mccann__1999-12-04,,,,2360000.7162941745,2360000.7162941745,37158.30633525478
ali sowe__1994-06-14,Ali Sowe,FWD,1699999.9999999988,1726781.539616043,1716063.4653732083,99868.73274700418
ali yavuz kol__2001-01-29,,,,468996.4860820851,480595.15311059455,61971.655374332746
alidu seidu__2000-06-04,Alidu Seidu,DEF,5750000.000000005,6471252.888987047,6492867.893838496,222859.21539987155
alieu fadera__2001-11-03,,,,3300177.962965075,3250761.4342876375,204341.83385941526
alimami gory__1996-08-30,Alimami Gory,MID,1450000.0000000002,1410616.258801315,1410616.258801315,23936.742192982612
alin tosca__1992-03-14,,,,315063.6537189831,299138.9672047389,40300.91093272736
aliou balde__2002-12-12,,,,1299899.652908378,1292032.1528546212,125768.35382483219
aliou thiare__2003-12-20,,,,1192633.4187925817,1192633.4187925817,30593.115327242856
alioune ndoye__2001-10-05,,,,868831.4700384873,868831.4700384873,
alistair johnston__1998-10-08,,,,14441041.721631052,14441041.721631052,132533.4453406268
allahyar sayyadmanesh__2001-06-29,,,,4239164.465933069,4229374.151961952,65005.30877792753
allan campbell__1998-07-04,,,,773042.5652778677,773042.5652778677,30563.623786261564
allan tchaptchet__2001-12-21,,,,816017.067486032,821837.9611733533,20076.104854652214
ally samatta__1992-12-23,,,,1241544.2836930216,1241155.2363157491,20200.528358616262
almugera kabar__2006-06-06,,,,1115935.041730339,1115935.041730339,1446.3684251078132
alonzo engwanda__2003-01-27,Alonzo Engwanda,MID,5199999.999999999,3161124.336957859,3126306.0092713786,133288.6051487257
alou kuol__2001-07-05,Alou Kuol,FWD,462500.00000000006,563834.3904977221,546136.2251321502,53089.88265052287
alouis diriken__2004-04-01,Alouis Diriken,DEF,262500.00000000023,264809.82392094604,263555.8420826793,13268.870056614205
alpha sissoko__1997-03-07,,,,1726693.4111780415,1726693.4111780415,160130.00278852807
alpha toure__2006-01-25,,,,1636552.2810716368,1636552.2810716368,41353.64431878574
alphadjo cisse__2006-10-22,,,,1620063.2736564735,1616144.9422931653,137746.28726219066
alphonse areola__1993-02-27,,,,3891250.9206882864,3891250.9206882864,166194.6482293353
alphonso davies__2000-11-02,,,,63607549.10817297,63607549.10817297,
altay bayndr__1998-04-14,,,,4885069.29950271,4937568.887085939,167066.74509170733
altin zeqiri__2000-07-18,,,,1174256.6861031023,1171167.6725638746,64483.9608962042
alwande roaldsy__2004-06-09,,,,722437.0379976276,737511.6921838515,66381.85718092784
amad diallo__2002-07-11,,,,32774444.143843535,32774444.143843535,4461706.829207124
amadou dante__2000-10-07,Amadou Dante,DEF,2100000.000000001,1319238.3588919218,1323975.9061051095,74758.2050283745
amadou diawara__1997-07-17,,,,1936691.0426172868,1936691.0426172868,162141.11279370857
amadou haidara__1998-01-31,,,,5610079.734798349,5175326.050047461,831274.8278381854
amadou onana__2001-08-16,,,,36394207.90932308,36815333.79364617,1470758.688637057
amadou sagna__1999-06-10,,,,802291.860394952,824122.4571617865,88189.03590783122
amady camara__2005-05-28,,,,780649.6969357827,757954.2730641579,41315.73437644775
amando lapage__2004-11-08,,,,761277.1597371488,761277.1597371488,15876.284150948277
amar dedic__2002-08-18,,,,6216524.69113549,6287391.479467902,412786.47674168565
amar fatah__2004-02-19,,,,813585.3617471086,813585.3617471086,
amara conde__1997-01-06,,,,1203884.7557099198,1203884.7557099198,41729.263284191235
amario cozierduberry__2005-05-29,,,,2369849.58726288,2385022.329314161,106970.02774431542
amath ndiaye__1996-07-16,,,,2074839.966001644,2122154.9932725723,119325.10242893097
amin cherni__2001-07-07,,,,1036201.6694206209,1030191.4535922486,34198.6792775004
amin nouri__1990-01-10,,,,192126.7900355072,200117.24324043715,30449.054980509816
amin sarr__2001-03-11,Amin Sarr,FWD,3449999.999999999,2711341.9460220896,2721126.082852038,60841.56179996143
amine adli__2000-05-10,,,,23965682.122461535,23965682.122461535,
amine boukamir__2006-10-23,,,,301273.2251952044,301419.923078474,22971.70605173615
amine boutrah__2000-10-26,,,,2504235.1487040254,2519066.7228128063,132829.01539162162
amine el ouazzani__2001-07-15,,,,2682671.1299967417,2687908.4033019473,123313.23631100863
amine gouiri__2000-02-16,,,,25134033.718693376,25270881.91645188,1578065.3573787583
amine harit__1997-06-18,,,,5504377.599522443,5633268.559913073,376017.02446198656
amine ouahabi__2008-07-04,,,,377098.497575783,377041.8010592686,18385.74260392247
amine salama__2000-07-18,,,,1300580.5740377286,1300580.5740377286,16247.437028780907
amine sbai__2000-11-05,,,,1944682.7980377201,1985286.1843051172,137744.35531565332
amir abedzadeh__1993-04-26,,,,653185.7121738662,687572.3887543243,61531.459837954164
amir abrashi__1990-03-27,,,,320907.8611632533,317154.74112041417,15183.244639261968
amir hadziahmetovic__1997-03-08,,,,2432710.2872497463,2253662.847453105,397956.4716783965
amir murillo__1996-02-11,,,,6721633.613633592,6721633.613633592,
amir richardson__2002-01-24,,,,6147062.801501334,6147062.801501334,9706.429813339337
amir rrahmani__1994-02-24,,,,22185147.28143742,22185147.28143742,2803509.3933169786
amourricho van axel dongen__2004-09-29,,,,1470301.0691814676,1499464.682266978,103596.3262405306
anan khalaili__2004-09-03,,,,8898941.717712427,10536696.634151444,3235789.7012798944
anass salaheddine__2002-01-18,Anass Salah-Eddine,DEF,4849999.999999997,8849023.427181862,8895312.389211535,645473.1872554381
anastasios bakasetas__1993-06-28,,,,3447765.177143409,3447765.177143409,288493.4097010299
anatoliy trubin__2001-08-01,,,,27933954.472600643,27630365.841437966,954374.8716994246
anders brset__2006-02-22,,,,310552.8529113903,310552.8529113903,17588.323576739283
anders christiansen__1990-06-08,,,,588185.4859067649,588185.4859067649,43241.18965692626
anders dahl__2002-05-01,,,,633255.9313892839,633255.9313892839,122.41315800645467
anders dreyer__1998-05-02,,,,11179205.650972344,11179205.650972344,
anders klynge__2000-10-14,,,,1363879.5181953157,1363879.5181953157,33016.843909246396
anders trondsen__1995-03-30,Anders Trondsen,DEF,487499.9999999996,562485.5001278947,562485.5001278947,22247.658415544167
anderson lucoqui__1997-07-06,,,,597038.7071402103,597038.7071402103,3401.8362540843264
andi zeqiri__1999-06-22,,,,2127324.1988993525,2133643.879115049,109508.02886137752
andras schafer__1999-04-13,,,,5106984.702734368,5106984.702734368,308573.5156431935
andre ayew__1989-12-17,,,,758270.1330073562,758270.1330073562,122577.36043713658
andre brooks__2003-08-20,Andre Brooks,MID,2800000.000000002,2918967.039972923,3007825.4540319545,275153.0767037987
andre onana__1996-04-02,,,,13681178.894402292,13681178.894402292,
andrea adorante__2000-02-05,,,,2186942.060277193,2186942.060277193,217769.32748669919
andrea belotti__1993-12-20,,,,4547705.261601703,4547705.261601703,642480.9493065403
andrea cagnano__1998-06-17,,,,681911.7227904843,681911.7227904843,45246.35507828412
andrea cambiaso__2000-02-20,,,,20784250.849698763,21959236.623713877,3422139.7800562587
andrea carboni__2001-02-04,,,,2465537.9575778497,2477770.992307918,60528.14355354363
andrea ciofi__1999-06-28,,,,1098205.4233482233,1078290.142199073,56689.808975137705
andrea cistana__1997-04-01,,,,1163390.6348892695,1170330.0238664674,67045.4029795172
andrea colpani__1999-05-11,Andrea Colpani,MID,14750000.0,10069864.698648259,10069864.698648259,1421853.2036965704
andrea favilli__1997-05-17,,,,1124850.3666478186,1124850.3666478186,112524.84454325362
andrea fulignati__1994-10-31,,,,935161.5467972743,935161.5467972743,
andrea ghion__2000-02-23,Andrea Ghion,MID,1175000.0,1441708.4830822605,1440822.410175537,54256.80161331509
andrea masiello__1986-02-05,,,,275781.80598688906,275781.80598688906,
andrea oliveri__2003-01-14,,,,803798.1834232553,842247.1544090003,58590.59349613222
andrea papetti__2002-07-03,,,,1527744.3957735717,1529117.1357137037,35483.07217194236
andrea petagna__1995-06-30,,,,1861508.260220038,1861949.3508885591,81091.62437019496
andrea pinamonti__1999-05-19,Andrea Pinamonti,FWD,11250000.000000019,11734421.447287358,11734421.447287358,
andrea tiritiello__1995-03-28,,,,725558.7791519054,725558.7791519054,
andreas christensen__1996-04-10,Andreas Christensen,DEF,14750000.0,19358716.330419965,19151561.049835797,2613682.157956787
andreas cornelius__1993-03-16,,,,1116863.8537661303,1116863.8537661303,39922.82767409477
andreas hancheolsen__1997-01-17,,,,5032918.698644915,5032918.698644915,22919.375942872884
andreas hansen__1995-08-11,Andreas Hansen,GK,1050000.0000000007,903943.9541410039,918127.1025326346,31342.158756569264
andreas kuen__1995-03-24,,,,696907.8538605414,685080.5958277466,45126.03086155772
andreas linde__1993-07-24,,,,472733.1570452746,472733.1570452746,29858.180647970912
andreas muller__2000-07-20,,,,1715902.6218491767,1727680.6851043932,59352.091747395985
andreas nibe__2003-05-31,,,,547950.0449181007,549561.2941844149,20799.90722858414
andreas ntoi__2003-02-02,,,,2981031.0035246797,2969877.816808263,35092.10038101384
andreas oggesen__1994-03-18,,,,374181.970881969,409135.4627201095,62702.20039151566
andreas poulsen__1999-10-13,Andreas Poulsen,DEF,999999.9999999997,1331775.7873863913,1320150.8133216521,25642.94304509785
andreas pyndt__2001-03-04,,,,614473.4632631338,614473.4632631338,860.9169719657172
andreas schjelderup__2004-06-01,,,,9210199.423355406,9210199.423355406,1946681.4921145062
andreas skov olsen__1999-12-29,,,,5895635.892275697,5895635.892275697,254230.55013478163
andreas tetteh__2001-05-25,,,,3026476.3291730233,3044735.7632205845,207973.5731085282
andreas verstraeten__2006-01-10,Andreas Verstraeten,DEF,649999.9999999995,382107.8269329584,386460.7356538362,13484.381895497265
andreas voglsammer__1992-01-09,,,,608998.1231377746,611026.8697883446,6042.434212124677
andreas weimann__1991-08-05,,,,1207210.0454883468,1207012.0382648993,161838.59793028558
andreaw gravillon__1998-02-08,,,,1456906.9660209336,1457885.562931796,92521.18933939663
andrei coubis__2003-09-29,,,,1205258.4677981953,1201006.0527506412,65239.685416460234
andrei girotto__1992-02-17,Andrei Girotto,DEF,4500000.000000002,3436187.128592515,3508295.339783296,234896.3360689634
andrei marginean__2001-07-03,,,,1009967.4610042823,983598.5798407015,87125.94244603491
andrei ratiu__1998-06-20,,,,16070267.96639053,15711882.17006482,948995.8625234254
andrej ilic__2000-04-03,,,,5944276.042947737,5944276.042947737,263678.84359205444
andrej kramaric__1991-06-19,Andrej Kramarić,MID,8000000.000000002,10463664.633620858,10245774.36728993,1130743.7766348254
andrejs ciganiks__1997-04-12,,,,818373.4206357892,818373.4206357892,115336.50131586629
andres cubas__1996-05-22,,,,3743547.1527756047,3743547.1527756047,
andres sfait__2004-12-09,,,,700875.8137064234,682225.1204910785,125561.69758313353
andres vombergar__1994-11-20,Andrés Vombergar,MID,3550000.0000000014,2603362.4378198925,2543047.395145254,253312.83360707894
andrew hjulsager__1995-01-15,,,,847348.9403918437,853355.6491210685,24082.14148383305
andrew moran__2003-10-15,,,,2674183.3357498655,2674183.3357498655,
andrew omobamidele__2002-06-23,Andrew Omobamidele,DEF,6099999.999999996,5021654.5040710615,4984980.715658715,232685.46086254154
andrew robertson__1994-03-11,Andrew Robertson,DEF,15249999.999999983,17130262.561602745,17130262.561602745,648411.4929852905
andrew shinnie__1989-07-17,,,,209845.84392036806,209845.84392036806,
andri fannar baldursson__2002-01-10,Andri Fannar Baldursson,MID,887500.0000000002,486025.7489678267,486025.7489678267,85007.28139614475
andrias edmundsson__2000-12-18,,,,848376.9801419913,856088.6224905867,80544.24473483137
andries noppert__1994-04-07,Andries Noppert,GK,525000.0000000003,439292.31199841644,439292.31199841644,2495.9356635911086
andrija bulatovic__2006-12-27,,,,3022339.3943356834,3041711.3451114865,38031.67112989811
andrija maksimovic__2007-06-05,,,,4278171.811257686,4278171.811257686,1188490.1880027114
andrija novakovich__1996-09-21,,,,860591.914806384,860591.914806384,45018.87478363923
andrija vukcevic__1996-10-11,,,,921062.714716661,916238.3868890936,54718.53392068557
andrija zivkovic__1996-07-11,Andrija Živković,MID,9249999.999999987,7317564.654541358,7662163.601045094,1050957.1632093887
andriy lunin__1999-02-11,Andriy Lunin,GK,24749999.999999993,20456985.165628485,20057667.469659854,1346929.52823245
andriy yarmolenko__1989-10-23,,,,668667.0343992829,669725.9174793251,86679.23241142217
andy diouf__2003-05-17,Andy Diouf,MID,13499999.999999993,10703150.385104842,10742878.485421007,1283310.8364542376
andy najar__1993-03-16,Andy Nájar,DEF,1050000.0000000007,1360838.6908643078,1388109.7888705381,119880.06588959687
andy pelmard__2000-03-12,,,,1828419.5501302881,1828419.5501302881,350819.87068355264
andy visser__2004-09-22,,,,372145.2492553301,372145.2492553301,22177.632059940115
anel ahmedhodzic__1999-03-26,,,,6941895.477681868,6941895.477681868,575539.3919131506
anfernee dijksteel__1996-10-27,,,,1454941.5214555878,1432229.1549681204,116087.14635735328
angel di maria__1988-02-14,Ángel Di María,MID,6499999.999999999,7575952.759985013,7575952.759985013,88317.97425288249
angel gomes__2000-08-31,,,,12111790.794456374,12464794.916696712,845829.1141016446
angel torres__2000-04-06,Ángel Torres,MID,700000.0000000006,1016413.4735175816,1009460.5013079245,35851.430515501255
angelo fulgini__1996-08-20,,,,3210127.63005355,3244302.5712201423,129033.1928622599
angelo stiller__2001-04-04,,,,44784146.38315592,44784146.38315592,312811.37366441527
angelos angelopoulos__2003-02-19,Angelos Angelopoulos,GK,437499.9999999996,521995.2916925709,521369.35024083726,26148.75469471304
angus gunn__1996-01-22,,,,1812508.4419047441,1812508.4419047441,64062.10344707115
anis slimane__2001-03-16,,,,1220568.7289692697,1220568.7289692697,
anl yigit cnar__2003-07-10,,,,411497.6089860165,411497.6089860165,11023.197641287394
anouar ait el hadj__2002-04-20,,,,6067444.015030303,6093953.780592787,501855.44983427983
anouar el azzouzi__2001-05-29,,,,1870571.8660509884,1872917.2635756976,92459.26123718767
anrie chase__2004-03-24,,,,1586405.2739087306,1613869.3539289315,64671.444788438865
anselmo garcia macnulty__2003-02-19,,,,1716351.5317230253,1739370.2227274096,60673.7561136379
ansgar knauff__2002-01-10,,,,14070959.147124445,14661838.063723488,1351250.3647248042
anssi suhonen__2001-01-14,,,,1066709.5729368578,1036670.39993112,131659.7815344322
ante budimir__1991-07-22,Ante Budimir,FWD,9750000.000000004,10023497.935932562,9851303.25045725,589676.3660274689
ante palaversa__2000-04-06,Ante Palaversa,MID,749999.9999999998,806910.7036123996,818636.4468950841,40125.96171092771
ante rebic__1993-09-21,,,,1823674.92266402,1837294.2044518278,36508.771366559486
antef tsoungui__2002-12-30,,,,898163.3058258604,898163.3058258604,99343.23003518843
anthony bermont__2005-02-10,,,,2554840.2834393047,2594186.4636576157,269277.4893218932
anthony briancon__1994-11-29,,,,1171654.9489309927,1170849.66212572,32719.171648003387
anthony caceres__1992-09-29,,,,683173.7952406668,683173.7952406668,
anthony caci__1997-07-01,,,,11773345.493981125,11721244.984950032,960526.8451739443
anthony dennis__2004-06-21,,,,2625287.551089966,2632817.513790069,167839.76736369083
anthony descotte__2003-08-03,,,,1271347.653723323,1253582.989926361,85265.62914217118
anthony lopes__1990-10-01,,,,1488089.8350965362,1488089.8350965362,157262.56028209708
anthony moris__1990-04-29,,,,786153.3277407829,786153.3277407829,
anthony musaba__2000-12-06,,,,3487634.1255532773,3963003.074857327,721090.978797362
anthony nwakaeme__1989-03-21,Anthony Nwakaeme,MID,700000.0000000006,992700.2093388357,992700.2093388357,150916.73779904927
anthony oyono__2001-04-12,,,,857232.1137479132,857232.1137479132,131073.98854813425
anthony racioppi__1998-12-31,,,,1171155.5733140423,1188762.6008781977,47976.95703157909
anthony ralston__1998-11-16,,,,1847589.71322593,1901858.6568027209,132816.71709033658
anthony ribelin__1996-04-08,,,,415047.8485412525,415047.8485412525,
anthony rouault__2001-05-29,,,,7713191.186980035,7713191.186980035,272011.0867175059
anthony valencia__2003-07-21,,,,1583363.8511831767,1581263.9231782816,82783.37936569548
antoine baroan__2000-06-24,,,,876554.9722098557,866799.7427951768,30274.391597244074
antoine bernede__1999-05-26,Antoine Bernede,MID,2000000.0000000016,2909028.5476285913,2956534.2137325774,175537.3587658996
antoine bernier__1997-09-10,,,,1535997.348598579,1593981.732663767,129597.9860905675
antoine colassin__2001-02-26,,,,876560.8731338638,861863.7455207596,78092.71652945
antoine griezmann__1991-03-21,Antoine Griezmann,MID,15749999.999999972,15780483.294033328,15597039.518744726,1528563.6020677632
antoine joujou__2003-03-12,Antoine Joujou,MID,2100000.000000001,2010913.465741789,2013445.57394682,87780.43176599727
antoine leautey__1996-04-14,,,,1625969.5979774827,1625969.5979774827,163360.99127279548
antoine makoumbou__1998-07-18,,,,3917111.115733495,3917111.115733495,234266.7915584254
antoine mendy__2004-05-27,,,,4694651.176520034,4782044.743274342,207153.03746120335
antoine rabillard__1995-09-22,,,,551087.5184279608,543881.8034764084,16159.168667801358
antoine semenyo__2000-01-07,Antoine Semenyo,MID,50749999.99999993,42905744.28200372,42905744.28200372,
anton gaaei__2002-11-19,Anton Gaaei,DEF,4300000.000000002,3096652.7839710866,3135409.1266747643,136727.4581096881
anton kade__2004-01-17,,,,3396755.826015627,3428059.976997661,213956.075575011
anton kresic__1996-01-29,,,,404583.34722073586,404583.34722073586,87613.90103742735
anton saletros__1996-04-12,,,,2399953.5333956424,2415592.634282946,44076.087582880005
anton stach__1998-11-15,Anton Stach,MID,18250000.00000002,15349722.837553944,15349722.837553944,
anton tanghe__1999-01-28,Anton Tanghe,DEF,1249999.999999999,1732108.7687419693,1635854.3821169136,170440.44332769723
anton tsarenko__2004-06-17,,,,967971.1286074547,967971.1286074547,
antonee robinson__1997-08-08,,,,27307418.217615634,27307418.217615634,
antoni milambo__2005-04-03,,,,10756704.854380954,10756704.854380954,732688.8623135887
antonin barak__1994-12-03,,,,3371638.794577576,3371638.794577576,
antonin bobichon__1995-09-14,,,,1205123.7268877854,1205123.7268877854,48852.22094211329
antonin kinsky__2003-03-13,,,,8717842.451362634,8514006.027103852,372572.4345451255
antonino gallo__2000-01-05,Antonino Gallo,DEF,4999999.999999999,7188543.300346255,6860305.5336937485,684497.3957390133
antonio barreca__1995-03-18,Antonio Barreca,DEF,837499.9999999995,855292.2890385382,855292.2890385382,78893.94368546846
antonio candela__2000-04-27,,,,1611407.4104232935,1611407.4104232935,
antonio caracciolo__1990-06-30,,,,608896.2145391406,613226.2074169504,29653.83722681775
antonio colak__1993-09-17,,,,1068813.647128148,1061864.317986092,76711.06646646664
antonio di nardo__1998-09-30,,,,362562.2420310883,355006.96682776086,16068.140463913367
antonio foti__2003-11-03,,,,1101940.548546194,1101940.548546194,25678.251873854977
antonio milic__1994-03-10,,,,1318451.844682066,1292474.926352575,98618.43128789814
antonio nusa__2005-04-17,,,,18991880.887624957,18991880.887624957,6035008.328378541
antonio palumbo__1996-08-06,,,,3646578.3092756197,3704102.786595915,217671.71687106608
antonio rudiger__1993-03-03,,,,28339169.774827633,28339169.774827633,
antonio sanabria__1996-03-04,,,,4992262.560812394,4992262.560812394,
antonio tikvic__2004-04-21,,,,897761.0918856476,897761.0918856476,
antonio vergara__2003-01-16,,,,1798146.5330414893,1817911.1847766733,137008.6972958781
antonios papadopoulos__1999-09-10,,,,2045244.8284931644,2045244.8284931644,
antonis tsiftsis__1999-07-21,Antonis Tsiftsis,GK,1050000.0000000007,1309611.6281124938,1332285.1219418668,57575.17090856675
antony evans__1998-09-23,,,,609813.813238973,609813.813238973,52431.73219432282
antwoine hackford__2004-03-20,,,,272055.0198592628,272055.0198592628,
apostolos konstantopoulos__2002-08-02,,,,1162138.4388501248,1162138.4388501248,48284.75918656712
aral simsir__2002-06-19,,,,8066775.3437025,7995294.481467456,333906.19092559064
arber zeneli__1995-02-25,,,,1436424.1699363317,1443628.574169938,112438.37311409904
arbnor mucolli__1999-09-15,,,,1143151.142926482,1019785.3803461166,269320.7951975762
arbnor muja__1998-11-29,,,,3492806.908383107,3492806.908383107,
archie brown__2002-05-28,,,,5251942.504164685,5281943.861468586,105530.5531694739
archie gray__2006-03-12,,,,16300501.309832422,15705582.746857483,1623786.5836583413
archie meekison__2002-05-04,,,,246249.62550922416,248372.93038691996,12612.58492916673
arda guler__2005-02-25,,,,49744041.68220967,54137402.833440326,9771581.159686117
arda kzldag__1998-10-15,,,,1524138.901448189,1622947.1492432232,208989.3517281822
arda unyay__2007-01-18,Arda Ünyay,DEF,837499.9999999995,1001112.110790645,1001112.110790645,66234.52005411476
ardian ismajli__1996-09-30,Ardian Ismajli,DEF,3299999.9999999986,3503264.930634674,3503264.930634674,260611.64279413575
ardon jashari__2002-07-30,,,,21335168.140483372,21335168.140483372,
argyrios liatsikouras__2006-12-20,,,,897509.3661063951,897509.3661063951,30053.553925456563
arif bosluk__2003-06-06,,,,562734.4144149275,568723.4144155981,62061.25777981894
arif kocaman__2003-09-14,,,,722498.7202658079,722416.051735256,66563.88830302797
arijanet muric__1998-11-07,,,,2682068.2012339346,2665898.1265251795,153051.72220478905
arijon ibrahimovic__2005-12-11,Arijon Ibrahimović,MID,3700000.000000002,5521385.346509948,5521385.346509948,487799.848300724
aritz elustondo__1994-03-28,,,,4888577.342814499,4900684.56162444,208146.00449346082
arkadiusz milik__1994-02-28,Arkadiusz Milik,FWD,6749999.999999997,8892195.323294466,9109449.738314815,478895.75411635137
armand lauriente__1998-12-04,Armand Laurienté,MID,19000000.000000015,24180442.948998105,24837015.70797731,2154122.143526151
armando izzo__1992-03-02,,,,2192867.0910309996,2190883.18808069,100848.0311956069
armando obispo__1999-03-05,,,,3545505.0416658847,3545505.0416658847,446583.2826924203
armel bellakotchap__2001-12-11,,,,5524867.400727324,5527621.391508994,286856.32528674137
armindo sieb__2003-02-17,Armindo Sieb,MID,3600000.0000000014,4039950.0177300517,4039950.0177300517,199464.36321981912
arnaud bodart__1998-03-11,,,,2652133.1861005235,2651247.5057847383,149628.45152835874
arnaud kalimuendo__2002-01-20,,,,18337678.266761485,17805938.554656003,1792402.8410219653
arnaud nordin__1998-06-17,,,,3246022.0968422755,3246022.0968422755,
arnaut danjuma__1997-01-31,Arnaut Danjuma,MID,4750000.000000003,5909208.508158809,5909208.508158809,1295472.089957163
arne engels__2003-09-08,,,,8785504.637238672,9313513.327421477,1763744.4572185043
arne maier__1999-01-08,,,,4399695.474082545,4420366.706628063,1635566.5735951315
arno verschueren__1997-04-08,,,,1426128.6574672824,1426128.6574672824,50482.89613974021
arnor ingvi traustason__1993-04-30,Arnór Ingvi Traustason,MID,999999.9999999997,642714.450078864,639028.8769248793,59422.90398976038
aron gunnarsson__1989-04-22,Aron Gunnarsson,MID,199999.99999999997,267108.20293760207,259202.6646316464,16816.640366760013
arouna sangante__2002-04-12,,,,6443081.134085175,6540468.970376794,373049.8681760634
arsen zakharyan__2003-05-26,,,,5418367.32658456,5418367.32658456,
arsene kouassi__2004-09-11,,,,4832559.864769142,4727939.42099674,257444.25301179642
arseniy batagov__2002-03-05,,,,8863256.434549801,8619288.592518603,468428.4628560426
artem bondarenko__2000-08-21,,,,14464296.789725125,14590724.98824612,531048.8649994052
artem dovbyk__1997-06-21,,,,28252434.57555594,28252434.57555594,1360872.1941317352
artem putivtsev__1988-08-29,,,,181281.17726435984,169442.50407729245,46162.9266656847
artem smolyakov__2003-05-29,Artem Smolyakov,DEF,787499.9999999994,787960.1665883339,741101.9071063672,148763.34241175695
artem stepanov__2007-08-10,,,,1542287.5144906028,1542287.5144906028,10099.094717793057
arthur atta__2003-01-14,,,,7256398.7201888,7256398.7201888,
arthur masuaku__1993-11-07,Arthur Masuaku,DEF,3299999.9999999986,4162467.9271224905,4107990.4507386135,218400.88518818884
arthur okonkwo__2001-09-09,,,,1671176.0087035531,1671176.0087035531,8457.596872653647
arthur piedfort__2005-02-01,,,,3566326.8918136656,3589709.6718853046,212614.46408060752
arthur theate__2000-05-25,,,,25578890.472597137,25578890.472597137,301529.1687855559
arthur vermeeren__2005-02-07,,,,23075161.546497297,23645044.74759391,1750607.8739699854
arthur zagre__2001-10-04,,,,1698690.7714559047,1664604.5702915492,73979.59841666467
artur jedrzejczyk__1987-11-04,Artur Jędrzejczyk,DEF,175000.00000000012,104054.24650010094,104054.24650010094,
arturo calabresi__1996-03-17,,,,1096936.098381734,1096936.098381734,39853.725612345144
arturo vidal__1987-05-22,Arturo Vidal,MID,600000.0000000003,270078.9670938799,279242.13928196195,45779.96769270752
arvin appiah__2001-01-05,,,,1138907.3317368373,1133551.5299359483,16464.069228004006
asbjrn bndergaard__2004-05-05,,,,666628.3955390247,666880.3477497059,21158.37246456557
aschraf el mahdioui__1996-05-24,,,,12856551.639855873,12642351.199615467,1210482.9216851948
ashley barnes__1989-10-30,Ashley Barnes,MID,437499.9999999996,703996.1261681018,656761.7942485239,103987.23469178069
ashley fletcher__1995-10-02,Ashley Fletcher,FWD,825000.0000000006,700619.7783672255,684667.5041621383,37005.31763514292
ashley hay__2003-07-10,Ashley Hay,FWD,249999.9999999998,343758.2032521836,343758.2032521836,25179.23919770866
ashley maynardbrewer__1999-06-25,Ashley Maynard-Brewer,GK,474999.99999999977,429911.06962012284,427629.53989639273,4525.3046337592905
ashley phillips__2005-06-26,,,,3759843.938792922,3704582.40044496,304349.62107633677
ashley westwood__1990-04-01,,,,836981.6332742781,838708.9407026938,15112.253841124817
ashley young__1985-07-09,,,,588690.4289366258,588690.4289366258,77864.04927532951
aske adelgaard__2003-11-10,,,,1149659.5596161913,1149659.5596161913,
aske andresen__2005-07-12,,,,618209.1656968333,621795.7815325013,9483.025213176265
asker beck__2003-07-07,,,,904434.1601495901,904434.1601495901,
asmir begovic__1987-06-20,,,,257897.7616341582,257897.7616341582,80319.28144453738
assan ouedraogo__2006-05-09,Assan Ouédraogo,MID,6999999.999999995,10514522.60064737,9920504.568076013,1126895.7413542734
assane diao__2005-09-07,,,,14202202.388087904,14229838.945674181,255634.96251498983
assane diousse__1997-09-20,Assane Dioussé,DEF,1050000.0000000007,1420411.9636967096,1401350.8282670402,44363.85520558504
aster vranckx__2002-10-04,,,,6356256.143516312,6334097.275520616,129856.58246878692
aston oxborough__1998-05-09,,,,380797.3371385984,380797.3371385984,
ataberk dadakdeniz__1999-08-05,,,,773442.1930878016,771785.3647932652,12725.83843168808
atakan karazor__1996-10-13,Atakan Karazor,MID,9249999.999999987,7751152.132343798,7641114.344084601,581994.2492908039
atli barkarson__2001-03-19,,,,447642.57172668015,505876.60618771735,142717.56295636168
atsuki ito__1998-08-11,,,,1996305.6945364391,1996305.6945364391,
attila mocsi__2000-05-29,,,,1408589.3342484154,1371438.7841021915,75486.26758598414
attila szalai__1998-01-20,,,,1712933.1807095695,1696814.0152499028,158841.4746637293
august erlingmark__1998-04-22,,,,871302.8128349687,885739.6068737133,35190.962645037034
august priske__2004-03-23,,,,4538943.67884317,4743128.459161273,376571.49331376643
augusto batalla__1996-04-30,,,,12523943.110920278,11950298.875221906,1341473.8940222973
augusto max__1992-08-10,,,,624917.8087407905,632613.5154185061,41961.066739602415
aurele amenda__2003-07-31,,,,4614855.793656015,4651241.883534787,191585.53843434123
aurelian chitu__1991-03-25,,,,508146.03799106576,508146.03799106576,12869.899340467384
aurelien nguiamba__1999-01-18,,,,422783.1540850395,419792.8079157392,17348.98334457982
aurelien platret__2003-02-20,,,,709859.4476184213,709859.4476184213,
aurelien scheidler__1998-06-04,Aurélien Scheidler,FWD,1650000.0000000007,1675423.4383002592,1668632.1190908568,88488.66478033793
aurelien tchouameni__2000-01-27,,,,57367637.53179281,56943699.43267973,911062.739930941
aurelio oehlers__2004-02-05,,,,982373.9894883055,1000150.077348748,69416.38257157031
auston trusty__1998-08-12,,,,6916443.892448281,7028366.092085334,313127.6623004831
awer mabil__1995-09-15,,,,888314.63949226,915074.7080074473,46948.93042421336
axel bjornstrom__1995-09-10,,,,402123.4654999579,402123.4654999579,15361.593271854059
axel borgmann__1994-07-08,,,,526888.067752935,526888.067752935,
axel camblan__2003-08-30,,,,855347.4865898956,842857.8706830164,38790.11172611794
axel disasi__1998-03-11,,,,12411734.689005472,12411734.689005472,482622.3809545382
axel gueguin__2005-03-24,,,,563020.6504605664,546592.7557282122,54390.87940469128
axel piesold__2005-03-31,,,,190665.82746292907,189844.17287149085,10207.112423014367
axel tape__2007-08-10,,,,2082679.1103682984,1952263.0700658024,229751.43127136226
axel willockx__2007-02-07,,,,233484.7265009818,232480.1864378971,6057.525527058849
axl de corte__2006-03-24,,,,671901.430065539,669136.501300621,16162.950009436156
ayanda sishuba__2005-02-02,,,,715895.1994697344,715895.1994697344,21333.05427083892
ayase ueda__1998-08-28,,,,16520204.421377268,16849629.617654286,2336847.617028566
ayden heaven__2006-09-22,,,,11308630.650662871,11336741.914888605,524504.6087530362
aymen sliti__2006-03-24,,,,1375019.4051127373,1375019.4051127373,93275.63062756245
aymeric laporte__1994-05-27,Aymeric Laporte,DEF,15000000.00000001,17736879.92105607,17736041.424182214,263578.21946958295
ayoni santos__2005-07-18,,,,752641.0474482914,771353.8421576603,137558.34585038797
ayoub el kaabi__1993-06-25,,,,11569301.586060282,11569301.586060282,
ayoub oufkir__2006-01-04,,,,1563545.3210931881,1646766.1045985154,165618.25858123676
ayumu seko__2000-06-07,,,,2763095.757054602,2763095.757054602,48425.79300230336
ayumu yokoyama__2003-03-04,Ayumu Yokoyama,MID,1249999.999999999,1236395.3556875703,1221474.4578598826,81942.56074272927
ayyoub bouaddi__2007-10-02,Ayyoub Bouaddi,MID,25250000.000000004,20916350.897390187,20549362.117480423,1342666.0102245559
aziz behich__1990-12-16,,,,496954.92321185226,480683.0189475001,33790.99488169851
azor matusiwa__1998-04-28,,,,6221200.100977806,6214765.33863174,211007.78121970125
azzedine ounahi__2000-04-19,Azzedine Ounahi,MID,15249999.999999983,20992706.2661319,20871401.915892098,1072043.6253059406
bachir gueye__2003-03-08,,,,920186.9793844984,908258.9940302536,48497.53127321506
badavi huseynov__1991-07-11,Badavi Hüseynov,DEF,349999.9999999997,346352.3686297739,351067.7769451746,50507.98420630769
badredine bouanani__2004-12-08,Badredine Bouanani,MID,8999999.999999996,8625661.373540403,8849533.94344632,506774.89981344587
bahadr gungordu__1996-01-16,,,,742963.1117287842,742963.1117287842,28756.146477586262
bahadr ozturk__1995-10-01,,,,502833.69882845297,520997.81586725253,55619.96418197045
bahmed deuff__2006-03-10,,,,982240.0164854176,988380.5536536184,11143.248619864178
baila diallo__2001-06-24,,,,968650.3965482091,968650.3965482091,29837.1276217133
bailey peacockfarrell__1996-10-29,,,,514933.2364271356,514933.2364271356,3454.00121950012
bailey rice__2006-10-04,,,,654146.3457109595,654146.3457109595,15003.094500455822
baily cargill__1995-07-05,,,,492279.9645838976,492367.911691505,10971.566895737858
bakary haidara__2005-06-01,,,,620028.2782535639,620028.2782535639,
bakery jatta__1998-06-06,,,,1216504.241424314,1240864.3711161092,155404.58054931372
bali mumba__2001-10-08,,,,1913686.044564642,1913686.044564642,492199.63759868674
balthazar pierret__2000-05-15,Balthazar Pierret,MID,1249999.999999999,1267275.292469663,1300285.9890975584,97015.8774760713
bamba dieng__2000-03-23,,,,2767428.581396004,2754881.9095411245,136396.2361559001
bambase conte__2003-07-07,,,,2020259.3127468152,2047170.835160718,48228.40418323794
bambo diaby__1997-12-17,,,,1365458.2023182074,1333273.1129473038,109298.34999983416
bamo meite__2001-12-03,,,,5421879.232659359,5421879.232659359,202339.2682408561
bandiougou fadiga__2001-01-15,Bandiougou Fadiga,MID,512499.9999999997,605155.7782722911,610000.0550307609,14824.663569259312
baptiste guillaume__1995-06-16,,,,740994.3795763981,740994.3795763981,61664.78894496211
baptiste mouazan__2001-09-27,,,,825115.8092134458,833401.3552430648,28275.536519435238
baptiste santamaria__1995-03-09,,,,4514122.726439072,4514122.726439072,437757.24013907555
bard finne__1995-02-13,,,,1210390.2103618118,1210390.2103618118,3308.2383866478567
barnabas varga__1994-10-25,,,,7574048.54073869,7574048.54073869,317005.7285043359
barry bannan__1989-12-01,Barry Bannan,MID,749999.9999999998,803601.3376307689,812822.2956174747,61362.557735134586
bars alper ylmaz__2000-05-23,Barış Alper Yılmaz,MID,26499999.999999996,25425984.110713687,25425984.110713687,
bart nieuwkoop__1996-03-07,Bart Nieuwkoop,DEF,2349999.999999999,2700475.6395878443,2910791.285477301,467087.22140753816
bart schenkeveld__1991-08-28,,,,979323.7342397444,979323.7342397444,52265.49370354047
bart van rooij__2001-05-26,,,,5417138.811292869,5417138.811292869,263340.49428133946
bart verbruggen__2002-08-18,,,,27931319.92377641,27972085.58152452,1819487.3951901488
bart vriends__1991-05-09,,,,301758.9468221579,309541.8137331827,14449.283601282594
bartol franjic__2000-01-14,,,,1665269.333888781,1665269.333888781,43315.781130339106
bartosz bereszynski__1992-07-12,,,,939332.5537753742,923761.575752642,49635.88336152532
bartosz salamon__1991-05-01,,,,402412.35409042705,402412.35409042705,20286.793154312454
bartosz slisz__1999-03-29,Bartosz Slisz,MID,3799999.9999999995,3752164.0302628987,3714089.2499648994,155863.8370089081
bartug elmaz__2003-02-19,,,,1610212.571439322,1601584.7115759149,41340.00286839955
bas kuipers__1994-08-17,,,,1259904.0803603923,1234142.6634368394,104950.75246938961
basar onal__2004-07-06,,,,2507085.2426317013,2507085.2426317013,
bastien meupiyou__2006-03-19,,,,855727.7863337992,842040.3195699512,38393.95927891976
batista mendy__2000-01-12,,,,12471310.01745779,12671148.158895267,1039740.8118190087
batuhan sen__1999-02-03,,,,844159.4335428069,853646.0804520138,46463.2105645674
batuhan yavuz__2005-05-04,Batuhan Yavuz,DEF,237499.99999999983,288325.26536574843,288325.26536574843,10594.07987953825
bazoumana toure__2006-03-02,Bazoumana Touré,MID,10499999.999999994,9616180.681335015,9799006.496531382,840366.5824227948
becir omeragic__2002-01-20,,,,5975992.755061396,5975992.755061396,1634050.8139272444
bedirhan cetin__2006-06-29,,,,296839.6577398904,294769.78976066597,36899.18762619749
ben amos__1990-04-10,Ben Amos,GK,172499.99999999985,146942.55799702177,146942.55799702177,2899.6703632294875
ben bobzien__2003-04-29,Ben Bobzien,FWD,1150000.0000000005,1211895.5734467614,1248507.760229835,79779.0972813305
ben brereton diaz__1999-04-18,,,,2567042.2375007686,2625471.1399700516,277667.5977159841
ben chilwell__1996-12-21,,,,9404040.576947546,9404040.576947546,
ben chrisene__2004-01-12,,,,1095173.262607226,1079930.2155816138,42087.840721202396
ben davies__1993-04-24,,,,4341575.054709809,4377646.788869347,140443.47212641372
ben davies__1995-08-11,,,,1850733.5907477934,1805627.4449126497,164118.09536488337
ben gannondoak__2005-11-11,,,,7386097.034581994,7057254.9845096,783181.681820056
ben garuccio__1995-06-15,,,,1014748.433250276,1014748.433250276,
ben gibson__1993-01-15,,,,676584.9909986833,676584.9909986833,2078.1328462228676
ben godfrey__1998-01-15,,,,2787045.003166344,2787045.003166344,62559.447733034394
ben hamed toure__2003-08-21,,,,1090108.6388256473,1137431.4125360143,162874.33819162793
ben hamer__1987-11-20,,,,165926.6769645238,165926.6769645238,12198.422087993411
ben johnson__2000-01-24,,,,4348322.585315516,4503295.864667487,454220.1095465405
ben lhassine kone__2000-03-14,,,,1134478.6487005886,1113194.491594116,72417.13171388888
ben mee__1989-09-21,Ben Mee,DEF,812499.9999999993,728888.017891064,728888.017891064,104013.83300483543
ben nelson__2004-03-18,,,,1501683.6368778956,1501691.4786746537,51978.72808648413
ben osborn__1994-08-05,,,,1018987.1299452588,1029642.7208734965,80238.8806924123
ben purrington__1996-05-20,,,,413380.3693823851,413380.3693823851,
ben sheaf__1998-02-05,,,,3564817.3453742093,3585114.473230261,214671.48658106316
ben wilmot__1999-11-04,Ben Wilmot,DEF,4150000.000000003,2266448.427695912,2293779.838382298,61693.36948401179
ben woodburn__1999-10-15,Ben Woodburn,MID,812499.9999999993,432499.0940755291,453586.0986767585,52399.873932230825
benedict hollerbach__2001-05-17,,,,7556297.610940458,7556297.610940458,34077.167693504874
benedikt gimber__1997-02-19,,,,2423027.278478043,2423027.278478043,122159.5435074735
benedikt saller__1992-09-22,,,,402725.23313552485,476193.6671123473,172606.7485489402
beni baningime__1998-09-09,,,,3368873.9972555563,3412362.2912815274,180860.68413560482
benie traore__2002-11-30,Bénie Traoré,MID,8249999.9999999935,10245228.684515681,10123976.59726341,508744.8492217166
benito raman__1994-11-07,Benito Raman,MID,2150000.0,2371794.15145254,2370679.3725022813,66513.34134098892
benjamin andre__1990-08-03,,,,6035165.605203954,6072426.1941926945,746283.9653369656
benjamin fredrick__2005-05-28,,,,838351.3689729547,830418.494768912,25792.076110743048
benjamin hadzic__1999-03-04,Benjamin Hadžić,MID,177500.00000000015,226071.54314344187,226578.87417604867,35546.030717710775
benjamin henrichs__1997-02-23,,,,15222810.10668226,15222810.10668226,6007279.488538118
benjamin kallman__1998-06-17,,,,3196786.895630514,3196864.831055896,14805.021275317345
benjamin lecomte__1991-04-26,,,,964380.4740645167,970020.857712029,16263.133981382212
benjamin leroy__1989-04-07,Benjamin Leroy,GK,139999.9999999999,147115.42238786063,142981.34763131206,12061.625353168698
benjamin mendy__1994-07-17,,,,620949.0985168037,642571.2794170893,54698.53494270504
benjamin nygren__2001-07-08,,,,4996524.498042738,5097473.772572491,486609.486054072
benjamin pauwels__2004-10-29,,,,1206529.6724768358,1206529.6724768358,729.2853297747124
benjamin pavard__1996-03-28,,,,26029739.08792429,28587695.379203968,4671716.6773410095
benjamin sesko__2003-05-31,,,,37977431.51335454,37386114.53228475,2658229.614083309
benjamin siegrist__1992-01-31,,,,567252.9694613032,566752.0746044978,3359.7230989923587
benjamin stambouli__1990-08-13,Benjamin Stambouli,MID,600000.0000000003,743672.9803552245,721276.1126150403,66645.06882460522
benjamin tahirovic__2003-03-03,,,,1685428.1509975686,1685428.1509975686,4012.1166392425985
benjamin uphoff__1993-08-08,Benjamin Uphoff,GK,474999.99999999977,604318.6041298375,598001.5952480629,14871.169257724352
benjamin van durmen__1997-03-20,Benjamin Van Durmen,MID,562500.0000000003,630146.4174116957,630146.4174116957,36310.321933742816
benji michel__1997-10-23,,,,438174.16650814813,425853.4959133646,38388.7836605907
benoit badiashile__2001-03-26,,,,14651700.31317282,14651700.31317282,
benoit nyssen__1997-09-12,Benoit Nyssen,DEF,712500.0000000002,796819.4416909377,800206.0888820819,21735.52556828522
berat djimsiti__1993-02-19,,,,8237898.738122719,8310568.00944709,202507.10643114275
berat ozdemir__1998-05-23,Berat Özdemir,MID,3550000.0000000014,3056590.1496367566,3056590.1496367566,62209.573316051785
berkan kutlu__1998-01-25,,,,1966689.095337227,1966689.095337227,19389.919134720556
berkay ozcan__1998-02-15,,,,1259611.127932067,1259611.127932067,5979.357046980798
berke ozer__2000-05-25,,,,12913153.839077808,12901221.44549072,143926.51501325215
bernardo schappo__1999-03-22,,,,1549384.5491713192,1549384.5491713192,42565.4164761489
bernd leno__1992-03-04,,,,6022359.401486302,6022359.401486302,83683.12267649158
bernt klaverboer__2005-09-26,,,,1289989.891443897,1289989.891443897,74152.9376396581
bersant celina__1996-09-09,,,,1187813.9267496266,1205168.2969074245,93233.44344091922
bert esselink__1999-08-16,Bert Esselink,DEF,487499.9999999996,456028.6700310676,472087.6983229853,29296.532091676225
bertrand traore__1995-09-06,,,,4506388.217294687,4506388.217294687,1710593.6715274462
bertug yldrm__2002-07-12,,,,2502032.6249601515,2530405.204235185,93120.88600083374
besard sabovic__1998-01-05,,,,1221411.660147723,1226772.402414875,84558.46231614228
bi abdoul kader yameogo__2004-12-17,,,,447407.0210728949,444887.8660279941,45120.50791494023
bilal bafdili__2004-08-03,,,,3228562.693094673,3210311.038552468,273379.1196121282
bilal bayazt__1999-04-08,,,,1101971.874904204,1113615.3431357562,34013.25875919961
bilal boutobba__1998-08-29,,,,1832952.5012099,1779927.8789223302,92542.70782603584
bilal el khannouss__2004-05-10,,,,17824589.191737987,17824589.191737987,
bilal nadir__2003-11-28,,,,5330442.21515203,5235313.824797278,170265.9501832343
bill antonio__2002-09-03,,,,890707.8362136295,890707.8362136295,42729.33216224458
bill tuiloma__1995-03-27,,,,510561.7492130326,510561.7492130326,
billy gilmour__2001-06-11,,,,9936302.882110678,9993573.615556875,945284.5230606663
billy koumetio__2002-11-14,,,,592006.8079750139,600727.3413943122,21519.84449402917
billy sharp__1986-02-05,,,,133771.8308111372,135169.64967572023,16972.631761503806
billy van duijl__2005-10-04,,,,657914.7954387532,661947.5596327921,30370.561192230045
bingourou kamara__1996-10-21,,,,988895.8268604117,988895.8268604117,
birger meling__1994-12-17,,,,1602726.1886816758,1620324.6222049568,60150.9250839376
birger verstraete__1994-04-16,,,,1220540.5201562128,1220668.8686152063,65570.74639232816
birk risa__1998-02-13,,,,1046117.4180823497,1051728.5983043083,55611.18815167312
bjarke jacobsen__1993-08-21,,,,403969.84949465573,403869.9945812456,14446.574098811572
bjorn meijer__2003-03-18,,,,4669550.083016545,4685970.867325654,261596.433296715
bjrn paulsen__1991-07-02,,,,313455.54517560825,316208.3319276572,26089.57260924781
blair spittal__1995-12-19,,,,1004765.092251999,1018017.7501938692,46738.71402192114
blair turgott__1994-05-22,,,,451877.86437380913,450820.40792651265,12995.081166268066
blas riveros__1998-02-03,,,,1976945.783664206,1976945.783664206,
blaz kramer__1996-06-01,,,,1286223.8566336052,1286223.8566336052,
blendi idrizi__1998-05-02,,,,690556.4063278162,690556.4063278162,32742.31031294922
bobby clark__2005-02-07,,,,1957236.872427449,1876871.9870302905,171688.77762622488
bobby de cordovareid__1993-02-02,,,,2612489.7505180864,2612489.7505180864,
bobby thomas__2001-01-30,,,,4632384.519337236,4979745.869235186,941144.270186313
bobby wales__2005-06-23,,,,1219898.0420347415,1219898.0420347415,556860.6907634597
bogdan racovitan__2000-06-06,,,,1283901.267104881,1282576.7988728392,50458.72525926639
bojan miovski__1999-06-24,,,,3128103.4502057782,3128103.4502057782,109371.93472677251
bojan radulovic__1999-12-29,,,,603560.4400297949,603560.4400297949,
boli bolingoli__1995-07-01,,,,578087.4633336999,580639.8097668512,11530.576986381719
boris popovic__2000-02-26,,,,1008870.8405559959,1008870.8405559959,9718.86957734968
boris radunovic__1996-05-26,,,,915564.7867914045,915564.7867914045,96960.71338338469
borna sosa__1998-01-21,,,,3483040.100479776,3516967.612857881,320897.8517498017
bosko sutalo__2000-01-01,Boško Šutalo,DEF,2150000.0,1826370.8202776276,1839326.8226564932,76402.65860496295
botond balogh__2002-06-06,,,,2822831.365142079,2822831.365142079,205578.59507806227
boubacar kamara__1999-11-23,,,,53279959.61083613,53279959.61083613,1509252.4272819485
boubacar traore__2001-08-20,,,,2186900.60782221,2212482.352494274,146019.36244263867
boubakary soumare__1999-02-27,,,,5395093.356543486,5376272.866639618,50125.77797757036
boulaye dia__1996-11-16,,,,21844229.452709988,21844229.452709988,
boy kemper__1999-06-21,Boy Kemper,DEF,1024999.9999999995,1022040.6689346146,1022040.6689346146,58809.771661309984
boyd lucassen__1998-07-01,,,,542794.510791726,542794.510791726,
bozhidar kraev__1997-06-23,,,,1062626.8185278429,1152195.2576559463,222361.2108728931
brad lyons__1997-05-26,Brad Lyons,DEF,537500.0000000003,565194.7790684603,552446.0569735428,39168.773251586994
brad spencer__1996-05-16,,,,347475.4448280349,349539.2679423793,16513.264362616974
bradley barcola__2002-09-02,Bradley Barcola,MID,65750000.0000001,56680320.48453295,55891607.41145843,4175113.91888498
bradley ibrahim__2004-10-21,,,,901082.527359924,901082.527359924,24610.556600406282
bradley locko__2002-05-06,Bradley Locko,DEF,9999999.999999996,6811783.219444172,6606986.762323098,451532.4279909015
bradley mazikou__1996-06-02,Bradley Mazikou,DEF,1050000.0000000007,862657.9121529239,873141.2196065669,88828.8813319491
brady scott__1999-06-30,Brady Scott,GK,237499.99999999983,271019.38861010096,271019.38861010096,12592.310399958187
brahim diaz__1999-08-03,,,,35705777.423989855,35177979.17269639,1813632.1928250613
brahim ghalidi__2005-01-31,,,,353408.09473427467,357319.89285304287,10143.766510924695
brahim traore__2004-02-04,,,,949539.0301990443,922619.6289823601,49962.34909065027
brajan gruda__2004-05-31,,,,11920972.68078197,12803919.457251644,1557305.2126509282
bram lagae__2004-01-14,,,,958303.483431316,938360.8262355628,34750.082948492534
bram nuytinck__1990-05-04,,,,358894.9032230695,358894.9032230695,
branco van den boomen__1995-07-21,,,,2078575.1587773683,2078575.1587773683,11829.156898132156
brandley kuwas__1992-09-19,,,,693879.2528635083,693879.2528635083,
brandon austin__1999-01-08,,,,969984.4125208654,969984.4125208654,103062.84442513053
brandon borrello__1995-07-25,Brandon Borrello,MID,1150000.0000000005,1128938.2402949838,1128938.2402949838,414236.463794655
brandon comley__1995-11-18,,,,285936.1324880032,285936.1324880032,19774.425124606285
brandon domingues__2000-06-06,,,,971972.7646151702,971972.7646151702,
brandon khela__2005-01-19,Brandon Khela,MID,537500.0000000003,641393.816644179,630696.3914251917,32618.157191179365
brandon mechele__1993-01-28,,,,6320494.856351044,6320494.856351044,200142.74823884998
brandon soppy__2002-02-21,,,,1530352.1864643062,1580922.4397983805,105130.93580434633
branimir hrgota__1993-01-12,,,,1350523.960758562,1377588.0493999198,56533.607826297826
brayan medina__2002-03-04,,,,1719634.4271462017,1719634.4271462017,23352.191177657787
brayan vera__1999-01-15,,,,1300225.8675185703,1300225.8675185703,163491.7647991876
breel embolo__1997-02-14,,,,11708474.303927211,11611067.268641213,826830.2643914737
brendan chardonnet__1994-12-22,,,,5932864.4762441125,5973098.728151428,96331.15233999811
brendan galloway__1996-03-17,,,,473003.43758785294,473003.43758785294,
brenden aaronson__2000-10-22,,,,8525261.931694182,9923210.351876767,2633892.222867957
brennan johnson__2001-05-23,Brennan Johnson,MID,30000000.00000005,31660641.616051264,33590036.40445947,5066814.394614753
brent gabriel__1999-01-27,,,,875315.175729729,884888.2648489637,31784.236863871633
brian brobbey__2002-02-01,,,,21108073.47872555,21101050.606470063,727473.1798885437
brian graham__1987-11-23,,,,137893.31834954466,134396.28667255366,10754.357096441676
brian mansilla__2002-05-14,,,,1712992.8118989067,1705048.5427829835,172643.04782387917
brian ocampo__1999-06-25,,,,1986958.0791116916,1986958.0791116916,76662.25033809678
brian orosco__1998-02-28,,,,413605.0631880029,413605.0631880029,24197.2395422002
brice samba__1994-04-25,,,,11106695.13683346,11106695.13683346,
bright arreymbi__2003-03-26,,,,3564644.631923806,3535315.63721938,100484.23048362561
bright osayisamuel__1997-12-31,,,,2989797.392838729,3024403.7932993225,185763.09822711887
brighton labeau__1996-01-01,,,,723640.9025414826,723640.9025414826,224629.14274845234
britt assombalonga__1992-12-06,,,,554286.9957988076,551548.4867927395,42618.02766036533
brodie spencer__2004-05-06,,,,1808890.8457312044,1822520.6192946665,136746.97100630918
brooke nortoncuffy__2004-01-12,,,,4912251.667851521,4912251.667851521,
brooklyn ezeh__2001-06-23,,,,781837.2328610504,779608.5440875159,12654.304201983145
bruce anderson__1998-09-23,,,,576627.7827180005,576627.7827180005,1726.6580507846818
bruno martins indi__1992-02-08,Bruno Martins Indi,DEF,487499.9999999996,571511.4814630067,602781.309793907,54915.20331577697
bruno onyemaechi__1999-04-03,,,,2828470.995959386,2858408.6131467484,52587.6345106884
bruno petkovic__1994-09-16,,,,6005019.380220181,6019129.71166892,789287.1820626738
bruno zuculini__1993-04-02,,,,1502843.8194163952,1514770.3298990536,113578.39174864581
bruny nsimba__2000-04-05,Bruny Nsimba,MID,1749999.9999999998,1414299.7401290338,1424398.1165739116,59895.263738108886
bryan cristante__1995-03-03,,,,18489430.500341408,17558469.047141485,1928945.744883416
bryan fiabema__2003-02-16,,,,633891.7221658863,633891.7221658863,
bryan goncalves__1996-07-19,,,,1176675.0223059442,1190056.960641564,24481.956373635865
bryan heynen__1997-02-06,,,,12383869.978752807,12096921.01704149,509203.3247999241
bryan lasme__1998-11-14,,,,965919.5249506782,939563.9482235953,44482.414182067
bryan limbombe__2001-05-14,Bryan Limbombe,MID,875000.0,938617.65708086,924596.9655071193,25544.505823036827
bryan linssen__1990-10-08,,,,780087.4971494812,817963.8062537841,68543.06209502222
bryan okoh__2003-05-16,,,,835185.1032346063,835185.1032346063,
bryan reynolds__2001-06-28,,,,7128991.947936653,6945000.785723822,323194.0594806971
bryant nieling__2002-10-31,,,,1425645.1815473875,1425645.1815473875,37459.55702495922
bukayo saka__2001-09-05,,,,111200569.40742621,112955994.77245912,11278091.250659898
buluthan bulut__2002-07-21,Buluthan Bulut,MID,162500.00000000012,227647.64038247208,223314.38701908567,18375.66400946579
bunyamin balc__2000-05-31,,,,1520937.1324288005,1520937.1324288005,
burak ince__2004-01-20,Burak İnce,MID,637500.0000000003,668332.08536317,664404.4601680511,38220.47610244199
burak kapacak__1999-12-08,,,,762872.2342636851,759309.10314655,81900.34075440676
caglar soyuncu__1996-05-23,,,,9026367.910965007,9026367.910965007,660281.5774812174
cagtay kurukalp__2002-02-24,Çağtay Kurukalıp,DEF,625000.0000000002,526003.7373919202,506403.1790552917,71617.74800185523
caleb ekuban__1994-03-23,,,,2117319.198956727,2149322.576701845,159558.73544224747
caleb kporha__2006-07-15,Caleb Kporha,DEF,987499.9999999999,1018282.7807968621,1018282.7807968621,31218.50618931745
caleb okoli__2001-07-13,Caleb Okoli,DEF,5950000.000000001,5200089.571350927,5200089.571350927,294814.83741237345
caleb taylor__2003-01-14,,,,1989803.2133312407,1985045.6797523573,47248.49981414673
caleb watts__2002-01-16,,,,601997.000836777,576597.8770400115,68267.93348582298
caleb wiley__2004-12-22,,,,2804583.2492116247,2804583.2492116247,165063.50645046035
caleb yirenkyi__2006-01-15,,,,4189216.0810286785,4189216.0810286785,148105.8633125507
calem nieuwenhof__2001-02-17,Calem Nieuwenhof,MID,1600000.0000000012,1757004.5715314394,1781921.5782239828,89273.55767938553
callum connolly__1997-09-23,,,,544738.1049608382,548113.9367241686,22344.622361372618
callum hendry__1997-12-08,Callum Hendry,MID,324999.9999999999,337547.2975310416,341097.44718810706,16719.887549503866
callum hudsonodoi__2000-11-07,Callum Hudson-Odoi,MID,24500000.000000007,26120145.608711954,26206081.278068054,1671491.9879639193
callum lang__1998-09-08,,,,2028924.4413301216,2105616.415345216,207904.77875660706
callum mccowatt__1999-04-30,,,,1540378.56632402,1540378.56632402,
callum mcgregor__1993-06-14,,,,9204031.950388059,9204031.950388059,678988.0035202384
callum osmand__2005-11-08,,,,857748.1315264901,825477.8740757222,80764.73356916306
callum paterson__1994-10-13,,,,1055756.0768027108,1037997.8295679545,128840.99291884809
callum robinson__1995-02-02,,,,1292314.567322786,1292314.567322786,240829.94944560068
callum slattery__1999-02-08,,,,1084903.6470474561,1084903.6470474561,185968.2712261338
callum wilson__1992-02-27,,,,5150756.49975999,5150756.49975999,
calum chambers__1995-01-20,,,,1591561.9516362345,1581463.296764891,131909.95662886644
calum ward__2000-10-17,,,,243818.20140435104,245108.80516485256,18112.88149322696
calvin bassey__1999-12-31,Calvin Bassey,DEF,22249999.999999985,21389091.407485772,21911331.383135322,1966771.784907365
calvin miller__1998-01-09,,,,321811.59133549104,329306.00013144594,20537.8324056481
calvin raatsie__2002-02-09,,,,1089921.2922060606,1107939.5771979773,74682.40958207105
calvin ramsay__2003-07-31,Calvin Ramsay,DEF,3249999.9999999986,1239521.1746968646,1239521.1746968646,85740.04645111584
calvin stengs__1998-12-18,,,,8523962.474926857,8548532.106516592,211171.90014898358
calvin twigt__2003-01-30,,,,1180425.1443478654,1190674.9863886267,37958.54499886064
calvin verdonk__1997-04-26,Calvin Verdonk,DEF,2900000.0000000014,2611961.1498323074,2741526.8866974,234041.3988386465
cameron archer__2001-12-09,,,,6289365.360273606,6110335.730106927,593210.1658927203
cameron brannagan__1996-05-09,,,,1590106.7872718456,1596879.7251501866,191791.72813320442
cameron burgess__1995-10-21,,,,2707167.207717655,2707167.207717655,150390.1889598197
cameron cartervickers__1997-12-31,Cameron Carter-Vickers,DEF,15749999.999999972,18415471.85611643,18308409.26787521,1375149.7031856168
cameron congreve__2004-01-24,,,,555673.8551835216,555673.8551835216,
cameron harper__2001-11-19,,,,766280.0370772386,766280.0370772386,
cameron humphreys__1998-08-22,,,,770106.9840477306,793432.997165832,158600.90979728237
camiel neghli__2001-11-06,,,,2165585.9772466896,2168717.257878598,57544.6134200971
cammy kerr__1995-09-10,,,,268405.8476209729,268405.8476209729,22663.51836675936
can keles__2001-09-02,,,,1612451.2526935183,1615701.2130680352,62243.03275500644
can uzun__2005-11-11,,,,27452073.88178997,27720095.695037983,3730766.4269391834
caoimhin kelleher__1998-11-23,,,,18492565.905115068,18492565.905115068,
carl jenkinson__1992-02-08,,,,193439.71399389041,189153.75956350274,31506.71852115927
carl johansson__1994-05-23,Carl Johansson,DEF,875000.0,1021937.4632590731,1009334.9062022805,36522.94280433014
carl mchugh__1993-02-05,,,,732575.7572738085,739231.853686827,29684.64947262989
carl rushworth__2001-07-02,,,,5911176.574484611,5911176.574484611,
carl starfelt__1995-06-01,Carl Starfelt,DEF,8249999.9999999935,8357387.094340855,8477693.532075875,555633.1008748498
carlens arcus__1996-06-28,,,,2100030.2583563663,2100030.2583563663,108246.52566187725
carljohan eriksson__1995-04-25,,,,406902.08629732893,406902.08629732893,5951.846110575195
carlo boukhalfa__1999-05-03,,,,1933156.9143797003,1996279.8186429914,212913.9864662956
carlo holse__1999-06-02,,,,5246578.179935402,5246578.179935402,211273.9715991644
carlo pinsoglio__1990-03-16,,,,206560.31577880695,215964.60211378068,28927.09049830283
carlos alcaraz__2002-11-30,,,,13672282.922823496,13672282.922823496,789526.8087164455
carlos baleba__2004-01-03,,,,35034673.10511797,35034673.10511797,
carlos protesoni__1998-03-30,Carlos Protesoni,MID,2250000.000000001,3264552.167261185,3304288.1633788915,74858.44457364202
carlos zambrano__1989-07-10,Carlos Zambrano,DEF,525000.0000000003,624001.3339298753,633558.4212094934,83213.61534588294
carney chukwuemeka__2003-10-20,,,,22126145.78645321,22126145.78645321,2548289.7209464037
cas odenthal__2000-09-26,,,,1489086.0027670013,1489086.0027670013,24483.203373144614
casper de norre__1997-02-07,,,,2414044.200256628,2414044.200256628,302306.37943607295
casper hjer__1994-11-20,,,,1608247.0109811071,1608247.0109811071,65671.70142400729
casper nielsen__1994-04-29,,,,1392630.3206352368,1392630.3206352368,19589.60511485121
casper staring__2001-02-01,,,,535786.5094534005,545704.1915437259,38432.46618125878
casper tengstedt__2000-06-01,,,,7939890.988726309,7707561.613364907,902383.5023432687
casper widell__2003-05-05,,,,1918378.4232632965,1918378.4232632965,
castello lukeba__2002-12-17,,,,38514084.37430589,38514084.37430589,
catalin cirjan__2002-12-01,,,,3892827.117161337,3892827.117161337,
cazim suljic__1996-10-29,,,,312975.5344600822,320563.48468416056,19006.870088682856
cedric bakambu__1991-04-11,Cédric Bakambu,MID,2050000.000000001,1918023.90974308,1875061.9426650687,335069.9599019322
cedric hatenboer__2005-03-19,,,,1030357.7114723586,1036737.7379734124,41814.04196337398
cedric kipre__1996-12-09,Cédric Kipré,DEF,3099999.9999999986,3615893.523122265,3504395.402072872,330086.5350572407
cedric nuozzi__2006-01-30,,,,915321.5726699673,915321.5726699673,121501.74265972034
cedric teuchert__1997-01-14,,,,1319212.5514231792,1341244.21422451,117615.96869079472
cedric zesiger__1998-06-24,,,,5204828.553588877,5204828.553588877,
celil yuksel__1998-01-01,,,,1088784.7195457534,1034508.2544563398,106682.86225372799
cengiz under__1997-07-14,,,,8021910.347382318,8021910.347382318,208461.70364933647
cenk ozkacar__2000-10-06,,,,2166567.9445452886,2251752.370451038,203058.5574233245
cenk tosun__1991-06-07,,,,1149926.53138274,1172780.8193133764,166567.38132710874
cephas malele__1994-01-08,,,,1276472.1800890942,1276472.1800890942,47939.824880610875
cesar huerta__2000-12-03,,,,3845031.5026916484,3845031.5026916484,
cesar montes__1997-02-24,César Montes,DEF,2250000.000000001,5089229.325041676,5089229.325041676,863962.8826091745
cesare casadei__2003-01-10,,,,9686698.66219233,9686698.66219233,160292.88002455814
cezary miszta__2001-10-30,,,,3869567.7915094276,3687697.2998460745,551930.9365687941
chadi riad__2003-06-17,,,,5285148.619183452,5176290.948181766,273688.0520232725
charalampos lykogiannis__1993-10-22,,,,2662544.37312099,2736566.1804512204,169894.12367881462
charles de ketelaere__2001-03-10,,,,35882593.17719783,36463955.2307017,3785377.546383624
charles pickel__1997-05-15,,,,2048915.9771375281,2048915.9771375281,
charles vanhoutte__1998-09-16,,,,13296193.47623564,13296193.47623564,
charlesandre rauxyao__2001-11-15,,,,660453.5466445659,643815.8643924273,46926.245490247595
charlesandreas brym__1998-08-08,,,,847283.7569859617,847283.7569859617,95700.83074751514
charlie cresswell__2002-08-17,,,,10124670.017657988,10411217.93958841,642023.7739536521
charlie goode__1995-08-03,,,,736649.5357792753,734726.1825227817,22426.822833347018
charlie lakin__1999-05-08,,,,393669.3224916065,380301.851877547,26541.776882034737
charlie mccann__2002-04-24,,,,347171.1991259114,347171.1991259114,7997.227279906617
charlie reilly__2001-12-05,,,,313336.37176825403,314699.7313635999,23928.45087770821
charlie savage__2003-05-02,,,,1254193.7425791305,1254193.7425791305,
charlie taylor__1993-09-18,,,,3042441.550944644,3042441.550944644,393698.3760421212
charlie webster__2004-01-31,,,,768208.2577222524,765823.8115949781,6666.868890203288
charly nouck__2004-03-21,,,,1657145.9738986657,1657145.9738986657,
che adams__1996-07-13,,,,10630376.470965916,11158131.845441353,1888471.0002945545
check keita__2003-04-02,,,,2989589.9161193143,3002470.328438252,104672.88368340039
cheick doucoure__2000-01-08,,,,14399508.7345305,14429958.844218755,116960.95317140776
cheick souare__2002-09-03,Cheick Souaré,DEF,1600000.0000000012,1931741.3278194144,1930265.3563421918,205365.55960949112
cheikh niasse__2000-01-19,Cheikh Niasse,MID,2649999.999999999,2380334.5366069013,2399243.702062973,104705.9500130559
cheikh sabaly__1999-03-04,Cheikh Sabaly,MID,2550000.0,2537400.5293597546,2650452.0230671098,273366.8960156321
chemsdine talbi__2005-05-09,Chemsdine Talbi,MID,12249999.999999987,23357172.426208112,22958040.213136554,1007404.9689764535
chengdong zhang__1989-02-09,,,,125014.3280381979,122907.70020424957,8081.189029711076
cher ndour__2004-07-27,Cher Ndour,MID,3900000.000000001,4196588.418461204,4217537.850259095,122760.75237262892
cherif ndiaye__1996-01-23,,,,1825094.0488751146,1739478.300322717,331510.14334577287
cherrion valerius__2005-09-22,,,,1270922.56936928,1270922.56936928,57883.39099184716
chibuike nwaiwu__2003-07-23,,,,3425644.570198679,3401283.355093004,98408.97343487761
chidera ejuke__1998-01-02,Chidera Ejuke,MID,7500000.000000002,9723392.857781831,9901863.608384848,623522.3689397849
chidozie awaziem__1997-01-01,,,,1708277.9228061882,1708277.9228061882,137030.02307474066
chiedozie ogbene__1997-05-01,,,,4409494.232128031,4409494.232128031,499192.0686134032
chima okoroji__1997-04-19,,,,968587.2255089695,968587.2255089695,13514.316779358012
chovanie amatkarijo__1999-05-20,,,,361849.4015713449,389533.04341874627,80398.61474316505
chris bedia__1996-03-05,,,,2152185.1038583573,2152185.1038583573,69758.4020073305
chris cadden__1996-09-19,,,,618785.8491229482,618785.8491229482,12661.805105837817
chris durkin__2000-02-08,,,,932032.1933860716,907772.8670682568,60405.580164706866
chris forrester__1992-12-17,,,,537592.255676878,537592.255676878,23764.116027921227
chris fuhrich__1998-01-09,,,,8279212.0883929785,8279212.0883929785,59035.06208443032
chris long__1995-02-25,Chris Long,MID,275000.0000000002,278649.6398503442,278649.6398503442,
chris mepham__1997-11-05,,,,4296723.977955368,4363741.361009853,200030.40065670558
chris mueller__1996-08-29,,,,666906.2857114654,666906.2857114654,38708.73073264685
chris richards__2000-03-28,Chris Richards,DEF,22249999.999999985,19726311.22647665,19769239.74113473,1477485.4448843622
chris rigg__2007-06-18,,,,7335557.073100996,7335557.073100996,
chris smalling__1989-11-22,,,,2976980.8266246216,2987290.109326883,294448.96498014475
chris wood__1991-12-07,,,,9694603.339460243,9694603.339460243,
chriskevin nadje__2001-08-14,,,,1848870.7594643023,1857341.3712588625,177930.13692826888
chrislain matsima__2002-05-15,,,,18151234.717861325,18303030.53284473,2090440.8773515061
christ kouadio__2000-12-23,Christ Kouadio,DEF,449999.99999999994,574359.2863059487,576445.1831364986,11488.249801401536
christ makosso__2004-05-09,Christ Makosso,DEF,1350000.0,1436754.208593763,1498946.9610812906,142584.54252895943
christ sadia__2007-04-11,,,,295791.4215336417,292992.74224092823,13487.652844132632
christ souanga__2006-10-23,,,,288176.7790256684,287599.06229929347,8124.050872875966
christiaan ravych__2002-07-30,,,,3096885.609808886,3146873.55925733,103512.1786600248
christian bassogog__1995-10-18,Christian Bassogog,MID,1550000.0000000012,1550979.636704607,1556086.6564731658,77822.81577774543
christian burgess__1991-10-07,,,,4529336.262227838,4533741.928054494,37966.46971320336
christian cappis__1999-08-13,Christian Cappis,DEF,899999.9999999995,889000.5607047868,889000.5607047868,
christian conteh__1999-08-27,,,,1402858.1451176535,1402858.1451176535,71838.2145587044
christian dalle mura__2002-02-02,,,,1052463.4624437485,1045042.6377707626,15919.839778190033
christian eriksen__1992-02-14,,,,4353613.713979498,4221557.888780516,430872.5991011184
christian fruchtl__2000-01-28,,,,1568786.84210957,1568786.84210957,30967.106661243444
christian gammelgaard__2003-03-10,,,,1124020.797435251,1114348.9399612893,47062.98812706953
christian kabasele__1991-02-24,,,,1078175.91452299,1068123.8076860136,80927.52759408372
christian kouame__1997-12-06,,,,5447935.669857689,5447935.669857689,9044.987167774465
christian kuhlwetter__1996-04-21,,,,631527.420375264,631527.420375264,6569.157796833613
christian mathenia__1992-03-31,,,,386796.1315692297,383950.81848250225,23566.210078040684
christian mawissa__2005-04-18,Christian Mawissa,DEF,13249999.99999999,10576260.90520809,10813681.232197816,644006.256373373
christian nrgaard__1994-03-10,,,,10876643.750905668,11115094.239045506,486832.98876404285
christian oliva__1996-06-01,,,,1711489.0375472994,1711489.0375472994,170612.96565452794
christian ordonez__2004-07-24,,,,3957797.7608658946,3936694.4281352386,652933.2095693313
christian ortag__1995-01-14,,,,468428.4318640378,469459.9921737154,44070.96548375163
christian pastina__2001-02-15,,,,826165.6654029866,835121.3643160446,18302.870866070625
christian pierobon__2002-03-26,,,,1556964.394280527,1541539.4096863167,125862.95608792629
christian pulisic__1998-09-18,,,,48127940.89336393,47963159.3150745,3705827.2383922026
christian rasmussen__2003-01-19,,,,1548177.4485880637,1548177.4485880637,
christian srensen__1992-08-06,,,,585872.9967386958,585872.9967386958,115641.9830252056
christian walton__1995-11-09,,,,856651.5196388781,856651.5196388781,109926.59847192181
christoph baumgartner__1999-08-01,,,,25237050.88267769,24811986.191551834,1467440.210438563
christoph klarer__2000-06-14,Christoph Klarer,DEF,2950000.000000002,3058630.692895655,3058630.692895655,261101.45453713078
christophe vincent__1992-11-08,,,,462809.6122430141,462809.6122430141,
christopher antwiadjei__1994-02-07,,,,1214510.0742590753,1212025.8394159926,15242.318338019571
christopher bonsu baah__2004-12-14,,,,5698474.5235230075,5698474.5235230075,
christopher jullien__1993-03-22,,,,1252338.2204274447,1276189.576597346,66591.08387282201
christopher lenz__1994-09-22,,,,1017697.467161216,1012211.2828167385,41339.02860005859
christopher lungoyi__2000-07-04,,,,996456.8844561552,1068320.540419808,175451.53025239162
christopher nkunku__1997-11-14,,,,20039882.674096003,20039882.674096003,137750.9811645573
christopher operi__1997-04-29,,,,3625061.9083757075,3625061.9083757075,
christopher scott__2002-06-07,,,,1279047.5791939974,1287415.0575566776,85098.21439023362
christopher trimmel__1987-02-24,Christopher Trimmel,DEF,899999.9999999995,1512451.664921614,1518386.4221338702,83938.55593738919
christos donis__1994-10-09,Christos Donis,MID,474999.99999999977,384910.1651052855,386004.8675861644,9766.814747479448
christos kosidis__2005-02-28,,,,822667.7147346423,844196.0841700581,93262.74949917893
christos mandas__2001-09-17,,,,5495688.334136458,5495688.334136458,50395.77685646775
christos mouzakitis__2006-12-25,,,,8125492.7851134315,8125492.7851134315,
christos tzolis__2002-01-30,,,,34700144.84144423,34700144.84144423,
christos zafeiris__2003-02-23,,,,13738403.57272865,13799004.560455354,624913.1156867851
chuba akpom__1995-10-09,,,,4628858.30989189,4628858.30989189,62198.99312211693
chuks aneke__1993-07-03,,,,241891.22253729124,241891.22253729124,20125.365035777017
chukwubuikem ikwuemesi__2001-08-05,,,,2100444.834053103,2100444.834053103,63861.680505673285
ciaron brown__1998-01-14,,,,1197525.0039110444,1170819.1320977043,175263.5634398154
cieran slicker__2002-09-15,,,,367204.3780417098,367204.3780417098,
cihan canak__2005-01-24,,,,1725010.4314718568,1725010.4314718568,57469.72495047776
ciro immobile__1990-02-20,,,,5774531.9496146515,5952032.460846285,731237.0459657843
cisse sandra__2003-12-16,,,,1939199.1395967945,1822376.8017231277,284754.9014081422
cj eganriley__2003-01-02,,,,11111501.36666453,11216384.937429227,679454.638943045
clark robertson__1993-09-05,,,,435115.3067135356,435115.3067135356,
claudio echeverri__2006-01-02,,,,9729155.460782424,9237002.070422165,808601.277541762
claudio gomes__2000-07-23,,,,3466420.854705522,3466420.854705522,490801.92760202504
claudio spinelli__1997-01-21,,,,2023107.2302245572,2023107.2302245572,213418.7517651332
claudiu micovschi__1999-05-19,Claudiu Micovschi,MID,362499.9999999997,541824.756109822,514168.10546537564,69732.64228225425
clemens riedel__2003-07-19,,,,5401521.522178189,5401521.522178189,
clement akpa__2001-11-24,Clément Akpa,DEF,6499999.999999999,7561271.730747144,7636689.765115124,669055.8709633893
clement bischoff__2005-12-16,,,,2232406.5032486734,2232406.5032486734,
clement lenglet__1995-06-17,,,,9014011.82199579,8951481.233452631,281359.04831923486
clement michelin__1997-05-11,,,,1323901.2381889813,1362968.959183826,122119.70697956914
clement vidal__2000-06-18,Clément Vidal,DEF,1450000.0000000002,1235594.8359733145,1229576.4354454377,89416.83226828852
clinton mola__2001-03-15,,,,350040.5538919996,350040.5538919996,
clinton nsiala__2004-01-17,,,,711038.4258078673,711038.4258078673,45161.90099400696
cody drameh__2001-12-08,,,,1992865.1107457534,1966560.8036085062,54962.123966809464
cody gakpo__1999-05-07,,,,50005392.20213991,50856012.39162702,1832670.0570131086
cohen bramall__1996-04-02,,,,538269.4911927279,538269.4911927279,
cole campbell__2006-02-20,Cole Campbell,MID,1949999.999999999,2097847.9357793126,2122464.200414862,190694.82293854354
cole palmer__2002-05-06,,,,109007063.95294473,109022805.46306199,11181552.53983996
colin coosemans__1992-08-03,,,,3298181.179427922,3153362.8124807654,550530.2915463117
coll donaldson__1995-04-09,,,,250163.12399765218,249188.87934414545,9622.229482829453
come bianay balcot__2005-05-13,,,,598896.3934180571,598896.3934180571,4813.738973709928
conan ledesma__1993-02-13,,,,3210949.6986389086,3210949.6986389086,
connor barron__2002-08-29,,,,4766851.746164916,4577205.125623422,460974.7559276925
connor mahoney__1997-02-12,,,,329678.48776548426,329678.48776548426,
connor mclennan__1999-10-05,,,,247062.60258183803,248544.52012341435,7137.996002230112
connor ogilvie__1996-02-14,,,,1085307.6928465695,1085582.2677119314,24181.847083298246
connor roberts__1995-09-23,,,,5241958.484139687,5241958.484139687,
conor bradley__2003-07-09,,,,24903672.213416107,24903672.213416107,1561228.7639285168
conor coady__1993-02-25,,,,2046035.5952585142,2046035.5952585142,
conor coventry__2000-03-25,,,,1778276.6726392978,1778276.6726392978,
conor gallagher__2000-02-06,,,,32938910.445459712,33113227.06279903,1549990.2763037225
conor grant__1995-04-18,,,,203551.9931592379,203551.9931592379,
conor hazard__1998-03-05,,,,748627.0559635722,748627.0559635722,
conor masterson__1998-09-08,,,,421517.65934069897,421517.65934069897,
conor mcaleny__1992-08-12,,,,265024.18303574837,268311.5836677158,20715.503163073234
conor mcgrandles__1995-09-24,,,,535896.0524406101,535896.0524406101,
conor mcmenamin__1995-08-24,,,,304084.0859523117,299886.93185519136,71953.64005421757
conor no__2001-01-01,,,,772666.0364001123,772666.0364001123,52317.25020306903
conor shaughnessy__1996-06-30,,,,1093445.6067104915,1093445.6067104915,23102.293793987625
conor townsend__1993-03-04,,,,1264173.5167609951,1264173.5167609951,
conrad harder__2005-04-07,,,,9680927.137063658,9680927.137063658,503103.07932759624
corentin tolisso__1994-08-03,,,,16133730.220758134,16053043.305695457,242652.29579779445
corey blacketttaylor__1997-09-23,Corey Blackett-Taylor,MID,825000.0000000006,1028298.3916755392,1047185.7137022833,42012.500833429
corrie ndaba__1999-12-25,,,,748704.6831103062,736144.8236757066,60686.85230919592
costantino favasuli__2004-04-26,,,,1003494.6406299083,1143532.2068862293,393988.42608210794
couhaib driouech__2002-04-17,Couhaib Driouech,MID,3850000.0000000005,4514646.948073069,4514646.948073069,433160.1705748861
craig goodwin__1991-12-16,,,,1243812.5692799725,1243812.5692799725,318260.8246042613
craig gordon__1982-12-31,,,,134448.1096521374,134448.1096521374,15375.917865212767
craig halkett__1995-05-29,Craig Halkett,DEF,1099999.9999999998,1805327.5289318704,1858819.4290971453,155345.22495959853
craig sibbald__1995-05-18,,,,320912.16017681593,320912.16017681593,12206.085797283442
cristian buonaiuto__1992-12-29,,,,1145424.7450411378,1135922.2639855256,45653.73048432075
cristian casseres jr__2000-01-20,Cristian Cásseres Jr,MID,5750000.000000005,6107336.491101854,6107336.491101854,10907.067219776627
cristian cauz__1996-08-15,,,,793410.5497837275,790207.9697277172,23188.184073301916
cristian devenish__2001-01-25,,,,1635428.3588900054,1635428.3588900054,
cristian manea__1997-08-09,,,,838721.0812340172,838721.0812340172,33978.08052384377
cristian montano__1991-12-11,Cristian Montaño,DEF,175000.00000000012,223073.19816400693,222437.503520285,30226.28697111187
cristian romero__1998-04-27,,,,33556988.42680482,33592783.900531806,468273.4735324193
cristian volpato__2003-11-15,,,,2652367.664712525,2652367.664712525,111794.03699932664
cristiano biraghi__1992-09-01,,,,6996149.878124938,6996149.878124938,
crysencio summerville__2001-10-30,,,,17049199.111440368,16506221.301501192,1682090.064760934
curtis jones__2001-01-30,Curtis Jones,MID,34499999.99999998,31793446.4603116,31777401.477014754,2322789.9566716077
cyle larin__1995-04-17,,,,7818484.6673788335,7818484.6673788335,413916.24386869726
cyriel dessers__1994-12-08,,,,3053022.505881813,3053022.505881813,
cyril ngonge__2000-05-26,,,,3519898.452801642,3519898.452801642,151122.8462740834
cyrus christie__1992-09-30,Cyrus Christie,DEF,800000.0000000005,531817.9236675971,543468.7565078333,20589.031525523773
daam foulon__1999-03-23,Daam Foulon,DEF,2649999.999999999,2438326.047801308,2463031.7272874666,45284.79052952887
daan dierckx__2003-02-24,,,,1632240.522879487,1632240.522879487,
daan heymans__1999-06-15,,,,3007295.018613956,2991285.7213493837,246429.24213834305
daan reiziger__2001-06-18,,,,555555.9209344086,546276.7239591808,42490.505095158565
daan rots__2001-07-25,,,,3508993.424441194,3488937.372058989,177253.7223979634
dael fry__1997-08-30,,,,2586319.039015402,2753612.9932810464,313919.88188291754
daichi kamada__1996-08-05,,,,10365686.89534599,10365686.89534599,1027499.42346733
daijiro chirino__2002-01-24,,,,4019241.117857242,4024546.9062529653,152386.08801138494
daiki hashioka__1999-05-17,,,,2236470.6162486128,2236470.6162486128,19426.418400931205
daisuke yokota__2000-06-15,,,,1685186.9770346086,1638254.063532518,93725.80181202418
daizen maeda__1997-10-20,,,,14263382.80966952,14209113.581550088,2637749.3960559564
dakonam djene__1991-12-31,Dakonam Djené,DEF,3299999.9999999986,3716165.6340240315,3716165.6340240315,380036.0922185752
dal varesanovic__2001-05-23,,,,1618078.4897867332,1618078.4897867332,42681.64630090849
dale taylor__2003-12-12,,,,751190.483230026,751190.483230026,12344.324815504197
daley sinkgraven__1995-07-04,,,,1014781.1172468101,1034394.8218176016,73752.31220641703
damian puebla__2002-09-15,,,,1619222.854270541,1562423.8523432303,103102.47479391495
damian szymanski__1995-06-16,,,,2226594.8193334797,2226594.8193334797,
damian van bruggen__1996-03-18,,,,456849.3926864795,461607.9334032199,21465.904390207263
damian van der haar__2004-01-16,,,,912424.0431037631,929698.4213603289,43711.90637829125
damien da silva__1988-05-17,,,,204698.3625836036,212852.7319973178,40212.074105234846
damion downs__2004-07-06,,,,3911455.9441461745,3880294.823846646,201958.17683685874
damon mirani__1996-05-13,,,,1097413.6515233628,1097413.6515233628,52762.772796240795
dan agyei__1997-06-01,Dan Agyei,MID,562500.0000000003,556943.6481048493,644370.0546574525,165649.16807663228
dan burn__1992-05-09,,,,9735924.820210341,9837282.63963743,634238.7257798841
dan casey__1997-10-29,Dan Casey,DEF,600000.0000000003,591964.3402796012,601320.9774415516,41020.76820910313
dan kemp__1999-01-11,,,,773569.7396723536,773569.7396723536,
dan ndoye__2000-10-25,,,,21507024.260653622,21507024.260653622,573065.3680930816
dan nlundulu__1999-02-05,,,,335186.3499465159,340450.2719726991,19191.72081291254
danaxel zagadou__1999-06-03,,,,6467248.392483197,6467248.392483197,
dane murray__2003-06-26,Dane Murray,DEF,1425000.0000000007,1955386.2719524868,1955386.2719524868,
dane scarlett__2004-03-24,,,,1388180.2908195567,1386915.6033000015,44811.11705442097
danel dongmo__2001-01-31,Danel Dongmo,MID,412500.00000000006,591907.6005129885,588096.3189261351,35877.69749261596
dango ouattara__2002-02-11,,,,17333013.413058262,18301377.783138797,3102017.261539307
dani de wit__1998-01-28,,,,2387152.717122846,2387152.717122846,57342.38881404773
dani van den heuvel__2003-05-28,,,,616091.3669941388,619255.0388679523,18808.488909115014
daniel anyembe__1998-07-22,,,,1472425.355598067,1532369.7214215882,154657.7302537088
daniel arzani__1999-01-04,,,,1112880.2544208826,1112880.2544208826,92589.81575478784
daniel bachmann__1994-07-09,Daniel Bachmann,GK,1899999.9999999993,668151.4094058927,677280.6633689484,91219.69704452677
daniel batz__1991-01-12,,,,248935.86787401032,250471.76172697055,11267.858640220576
daniel bielica__1999-04-30,,,,1091478.467777302,1073778.5423441627,41610.80878192604
daniel boloca__1998-12-22,,,,4074015.3434885642,4122919.813023988,248858.03307520016
daniel denoon__2004-01-28,Daniel Denoon,DEF,662499.9999999998,566351.1319118604,597200.1591532864,53592.056685405994
daniel elfadli__1997-04-06,,,,3500533.5367494286,3500533.5367494286,180970.0244574317
daniel freyr kristjansson__2005-08-30,,,,517069.56065199163,517069.56065199163,
daniel gleiber__2005-02-01,Daniel Gleiber,MID,499999.99999999977,640547.6342234501,647561.7535861259,26951.948712554615
daniel gore__2004-09-26,,,,973768.9689159754,973768.9689159754,82519.13964805656
daniel graovac__1993-08-08,,,,520889.6756018704,566341.8481081647,115990.00402291046
daniel grimshaw__1998-01-16,,,,764036.7018190837,755407.5295688242,18192.374660332778
daniel haarbo__2003-03-14,,,,273511.4865583423,280756.6630556262,30982.701525085813
daniel harvie__1998-07-14,,,,637011.1383676933,673756.2330643145,168132.70940075093
daniel hegh__1991-01-06,,,,778781.7445836967,752629.873263923,89152.24951506367
daniel heuer fernandes__1992-11-13,Daniel Heuer Fernandes,GK,2199999.9999999995,2941843.379037538,2949181.042709108,283116.36737571965
daniel iversen__1997-07-19,,,,2342398.866218445,2342398.866218445,118264.55513578528
daniel james__1997-11-10,,,,10356186.263989415,10402003.111694606,382492.29194213566
daniel johnson__1992-10-08,Daniel Johnson,MID,700000.0000000006,795471.2277963154,795471.2277963154,19001.20107929167
daniel karlsbakk__2003-04-07,Daniel Karlsbakk,MID,1600000.0000000012,1638502.3915653494,1656401.0206985304,64130.06721950671
daniel klein__2001-03-13,Daniel Klein,GK,287499.9999999999,312223.59586525185,311124.0389332428,5514.035711355777
daniel leo gretarsson__1995-10-02,,,,618632.6349815227,632667.9443654903,32657.793221012827
daniel luna__2003-05-07,,,,1298015.3599655675,1317551.0951327307,41861.35655173552
daniel maldini__2001-10-11,,,,8582624.145690229,8582624.145690229,337254.6451899528
daniel mancini__1996-11-11,,,,1789921.822982181,1809201.4471791473,166519.08170051972
daniel mesenholer__1995-07-24,,,,217304.07963538918,217304.07963538918,35367.80626089515
daniel mosquera__1999-10-20,Daniel Mosquera,FWD,1600000.0000000012,2513844.2589029963,2491714.4677501037,174337.78223129708
daniel munoz__1996-05-26,,,,27133378.50577481,27133378.50577481,1497490.560269361
daniel oshaughnessy__1994-09-14,,,,349955.9547932648,354114.99426366785,20053.347601294554
daniel oyegoke__2003-01-03,,,,508751.7855741571,507874.50410674524,55292.929281638506
daniel peretz__2000-07-10,,,,3413228.7002595235,3413228.7002595235,205770.01088954817
daniel phillips__2001-01-18,Daniel Phillips,MID,912500.0000000001,1170173.808216835,1170173.808216835,9007.944604056122
daniel sundgren__1990-11-22,,,,414627.3474040707,414627.3474040707,6496.136084822124
daniel svensson__2002-02-12,,,,18910562.44788772,18643239.586914927,792392.1156257293
daniel wass__1989-05-31,,,,579800.6632258053,593090.1416126259,26202.379426356325
daniele baselli__1992-03-12,,,,1065402.3821177096,1009418.8259959909,102646.37853057875
daniele ghilardi__2003-01-06,Daniele Ghilardi,DEF,6449999.999999996,5810010.897017934,5925728.674011158,277386.3015181312
daniele padelli__1985-10-25,,,,103973.77537843918,103973.77537843918,
daniele rugani__1994-07-29,,,,4268990.39690868,4268941.909110393,98366.23650165249
daniele sommariva__1997-07-18,,,,317892.22186209424,317892.22186209424,19412.005512401767
daniele verde__1996-06-20,,,,1269912.7776721742,1335752.5671161527,127155.07883190189
danielkofi kyereh__1996-03-08,,,,1462656.5964397483,1462656.5964397483,
daniil khudyakov__2004-01-09,,,,814319.4074697483,819710.6893823873,33023.75624400021
danilho doekhi__1998-06-30,Danilho Doekhi,DEF,16999999.999999974,17662415.121230908,17950502.30573928,1191820.978595681
danilo cataldi__1994-08-06,,,,7287821.627715595,7287821.627715595,132053.75488929448
danley jean jacques__2000-05-20,,,,2042599.7207101185,1976814.960034984,107317.30884748271
danny bakker__1995-01-16,,,,876064.5078887481,876064.5078887481,60307.31174845456
danny da costa__1993-07-13,Danny da Costa,DEF,2649999.999999999,3621725.167122592,3621725.167122592,379101.6821803831
danny finlayson__2001-01-19,Danny Finlayson,DEF,237499.99999999983,247696.20814350143,247696.20814350143,6195.178626774201
danny ings__1992-07-23,Danny Ings,FWD,4650000.000000001,2138568.058055755,2239431.1977917645,298010.07331210235
danny namaso__2000-08-28,,,,4895332.565849935,4921764.685993725,104626.22493467416
danny rogers__1994-03-23,,,,158978.24639982433,157437.0238132332,14762.626293753012
danny ward__1993-06-22,,,,949896.2876565304,949896.2876565304,
danny welbeck__1990-11-26,,,,6551396.350441675,6724452.288274465,513402.96134488547
danny wilson__1991-12-27,,,,410018.2938771389,410018.2938771389,14352.809217224078
dante vanzeir__1998-04-16,,,,2048121.6485598232,2048121.6485598232,142371.43117285075
danylo sikan__2001-04-16,Danylo Sikan,MID,5950000.000000001,5076211.04300695,5455190.264067441,1422135.3492741282
daouda guindo__2002-10-14,Daouda Guindo,DEF,1849999.9999999995,1373695.8293852897,1372588.243512966,62577.47627520556
daouda weidmann__2003-05-04,Daouda Weidmann,MID,1299999.9999999993,1326423.388100877,1299492.7663806146,157482.58013334434
dara costelloe__2002-12-11,,,,374014.83038164244,355458.9401149768,54569.53093024129
dara oshea__1999-03-04,,,,10185264.868676603,10272933.210584348,762921.9250090531
darian males__2001-05-03,,,,2124771.430013504,2166456.495284839,146363.0389016109
dario melnjak__1992-10-31,Dario Melnjak,DEF,1737499.9999999995,937352.9344665343,937352.9344665343,
dario naamo__2005-05-14,,,,460652.57021395955,460652.57021395955,5281.523033313089
dario osorio__2004-01-24,,,,5881837.346113959,5881837.346113959,509275.57337507297
dario saric__1997-05-30,,,,1093838.9592250274,1033971.3161474324,157809.59136326783
dario spikic__1999-03-22,,,,1505689.4579813178,1505689.4579813178,187051.4735382447
darko brasanac__1992-02-12,,,,1006907.73450931,1032377.5794163519,78131.4588598823
darko churlinov__2000-07-11,Darko Churlinov,MID,1550000.0000000012,1461939.4609094204,1481174.8349174308,147923.21435031877
darko gyabi__2004-02-18,,,,2368971.6668722667,2360773.5222488404,74662.25160537261
darko nejasmic__1999-01-25,,,,2085327.860824473,2085327.860824473,
darlin yongwa__2000-09-22,,,,2662128.9136159937,2693355.479145548,114671.77594018413
darly nlandu__2000-07-14,,,,512996.61248562013,512996.61248562013,
darnell furlong__1995-10-31,,,,2318714.043724548,2318714.043724548,517566.38259443664
darryl bakola__2007-11-30,,,,2146501.1385883945,2146501.1385883945,114900.60920432954
darwin nunez__1999-06-24,,,,25376004.103436876,25255475.016865887,2146684.7186600426
dave kwakman__2004-08-07,,,,1447093.507434422,1566692.978722921,329812.0858383969
david affengruber__2001-03-19,,,,14043129.03561084,14043129.03561084,
david alaba__1992-06-24,,,,10251148.039553689,10251148.039553689,297688.7559966203
david ankeye__2002-05-22,,,,599802.1570328576,602022.0427310185,20188.410367944074
david bates__1996-10-05,,,,1138521.7853839947,1134538.4628022942,64151.39574303379
david brooks__1997-07-08,,,,10916801.675438168,10916801.675438168,
david button__1989-02-27,,,,128228.1467625397,122936.38634023795,23136.99344565581
david cornell__1991-03-28,David Cornell,GK,175000.00000000012,194940.06095014053,191364.4216644502,12130.563731025892
david douline__1993-05-28,,,,916283.8540419478,922312.7425785946,47905.16850104593
david grof__1989-04-17,,,,162744.21258018017,177039.35202696177,30574.921244201854
david hancko__1997-12-13,,,,23605816.312561862,23605816.312561862,3350172.267022193
david hrncar__1997-12-10,,,,1329300.638344848,1325749.4278228502,12333.802267976258
david jurasek__2000-08-07,,,,3893701.4035708336,3893701.4035708336,228122.29435041404
david kiki__1993-11-25,David Kiki,DEF,775000.0000000007,349871.8196119821,350140.5739669448,66708.70054206849
david kopacz__1999-05-29,,,,962435.1451489792,962435.1451489792,
david mcgoldrick__1987-11-29,,,,265892.1225756982,254410.57868468764,26049.02062753284
david min__1999-06-23,,,,1507240.6061423728,1507240.6061423728,29754.92418744733
david mller wolfe__2002-04-23,,,,6849911.794721657,6826303.005185531,259932.86896725345
david odogu__2006-06-03,,,,2418774.5132992524,2582651.5715286992,392788.4251481153
david okereke__1997-08-29,,,,2423524.652170462,2274608.8143521873,280578.98835828673
david ozoh__2005-05-06,,,,2128869.3259754074,2128869.3259754074,27418.644355208595
david philipp__2000-04-10,David Philipp,MID,562500.0000000003,586290.5843780894,586290.5843780894,
david raum__1998-04-22,,,,34616794.39826692,34616794.39826692,1666715.4923707093
david schnegg__1998-09-29,,,,1988315.1536251423,1988315.1536251423,28897.420707790992
david strelec__2001-04-04,,,,2491350.3163223825,2491350.3163223825,104196.06995734526
david tijanic__1997-07-16,,,,1628797.1377519616,1628797.1377519616,
david turnbull__1999-07-10,,,,1735677.3781265593,1735677.3781265593,144510.5701971434
david van der werff__2004-08-31,,,,1346267.7968711639,1346267.7968711639,98882.41379211191
david voute__2005-11-04,,,,314686.13636875455,314686.13636875455,
david watson__2005-02-12,,,,1572085.0731582306,1555383.4980789733,61464.60421252053
david wieser__2002-02-13,,,,1034211.6487681428,1034211.6487681428,40163.61569935013
david zec__2000-01-05,,,,2485618.6414400935,2488278.6573549644,121390.39021503182
david zima__2000-11-08,David Zima,DEF,5250000.0,5836011.366852947,5795296.352674274,324880.2752373652
davide bartesaghi__2005-12-29,,,,3120903.0480357115,3125608.8614496673,376179.07129791257
davide biraschi__1994-07-02,,,,751692.337001868,751692.337001868,
davide bragantini__2003-08-17,,,,1983774.4750824654,1983774.4750824654,125190.87201259001
davide buglio__1998-02-26,Davide Buglio,MID,649999.9999999995,908028.5813781735,908028.5813781735,29628.819174395878
davide calabria__1996-12-06,,,,8549107.531328155,8917428.231036324,992080.9294280899
davide frattesi__1999-09-22,,,,30512866.619865626,30815511.080454558,2806066.0888913744
davide zappacosta__1992-06-11,Davide Zappacosta,DEF,7249999.999999998,7751783.0604644995,7747780.241395913,235296.2392849199
davie selke__1995-01-20,,,,4931002.683976654,5145111.477215869,509338.29690695164
davinson sanchez__1996-06-12,,,,22824980.45560274,23020611.772908874,1311988.7337395048
davis keillordunn__1997-11-02,,,,1081657.1277839993,1070800.2721819766,64114.23169692784
davis opoku__2007-10-29,Davis Opoku,DEF,549999.9999999998,535841.028119211,570748.4163316897,61084.71541229731
davy roef__1994-02-06,,,,4476925.032515016,4476925.032515016,151367.48967069492
davy van den berg__2000-02-04,,,,1080754.6792610239,1075527.4878578521,22567.02321679893
dawid kownacki__1997-03-14,Dawid Kownacki,FWD,2199999.9999999995,2546041.6395072257,2408854.8184510255,394682.44413976785
dawid kurminowski__1999-02-24,,,,671695.1151415013,670737.5609891331,65163.934281677255
dayann methalie__2006-02-15,,,,3521882.8177108206,3521882.8177108206,58579.22113986942
daylam meddah__2002-10-06,,,,1060544.7760866894,1064218.6950021945,24922.322369062083
dayot upamecano__1998-10-27,,,,65793120.3088842,64448006.15642716,3658963.3409426617
dean bouzanis__1990-10-02,,,,148543.7537488722,148543.7537488722,7924.614923496673
dean campbell__2001-03-19,,,,514522.99131466274,519719.08247786434,28498.9553606786
dean henderson__1997-03-12,,,,22806349.70268361,22952754.537646186,1818605.1763676286
dean huijsen__2005-04-14,,,,61392382.7987293,61392382.7987293,6959602.719715898
dean james__2000-04-30,Dean James,DEF,2050000.000000001,1873117.9822932477,1873117.9822932477,31624.326135332845
deandre yedlin__1993-07-09,,,,1064920.84617951,1127995.37830874,125834.73273763167
declan john__1995-06-30,,,,424850.32026169496,424850.32026169496,
declan rice__1999-01-14,,,,115893082.53765911,116304967.09968102,4170389.343015461
dehmaine tabibou__2005-04-17,,,,2486386.6076374203,2486386.6076374203,
deian sorescu__1997-08-29,Deian Sorescu,DEF,1849999.9999999995,2066879.1169999042,2085616.650430508,111362.20776947927
deiver machado__1993-09-02,,,,3722419.08550921,3713802.557391416,341898.9433481569
dejan drazic__1995-09-26,,,,355369.580096181,390154.22600359056,62850.0854602305
dejan iliev__1995-02-25,Dejan Iliev,GK,387499.99999999977,376194.7921149895,373593.43816778465,12567.431210155282
dejan joveljic__1999-08-07,Dejan Joveljić,FWD,5500000.000000001,6767382.494830987,6661467.973263831,619298.2019011982
dejan kulusevski__2000-04-25,,,,54635231.05401875,54635231.05401875,3181724.325799331
dejan ljubicic__1997-10-08,Dejan Ljubičić,MID,4099999.999999998,2994044.9194476847,2994044.9194476847,276878.2527689048
dejan lovren__1989-07-05,,,,628178.7775076164,603472.626304126,79345.90381902501
dejan stojanovic__1993-07-19,,,,847796.414506305,847796.414506305,1994.6047148820098
delano burgzorg__1998-11-07,,,,1681545.700694192,1681545.700694192,
demarai gray__1996-06-28,,,,2017737.3696508235,2017737.3696508235,616822.0318811074
demba thiam__1998-03-05,Demba Thiam,GK,1075000.0,1446979.4164899057,1446979.4164899057,24337.884011630027
dembo sylla__2002-11-10,,,,1072264.8259087263,1101604.610886754,113331.29416175651
demir ege tknaz__2004-08-17,,,,5612302.522281262,5624097.730942019,278438.9786622907
denil castillo__2004-03-24,,,,2233381.6255844873,2233381.6255844873,
denis alibec__1991-01-05,,,,473052.3711020712,473052.3711020712,14747.728217578813
denis bouanga__1994-11-11,,,,12222836.737828916,12280341.694427097,1807715.189750071
denis dragus__1999-07-06,,,,2949704.2122070673,2924205.9327582056,141458.77044183775
denis genreau__1999-05-21,Denis Genreau,MID,1400000.0000000007,1105302.599647047,1103958.6430106717,48169.82545487365
denis huseinbasic__2001-07-03,,,,3643952.7408541944,3649483.368423862,364139.2838611343
denis odoi__1988-05-27,,,,246446.63859844822,242765.9035055156,14765.640967304755
denis portanova__2001-06-20,,,,766130.0236558159,768285.2193895412,59757.92038446211
denis radu__2003-03-25,,,,749425.4910293136,760066.4444394617,35698.31602477656
denis vavro__1996-04-10,,,,11042716.315123256,11011209.384850342,269300.9354709112
denis zakaria__1996-11-20,,,,23493277.66581232,23493277.66581232,220466.4324880527
deniz donmezer__2008-09-21,,,,464682.35270339396,455543.88337372814,45101.83375167379
deniz gul__2004-07-02,,,,4709621.180611879,4709621.180611879,295979.5115006405
deniz turuc__1993-01-29,Deniz Türüç,MID,1699999.9999999988,2113482.3628492635,2113482.3628492635,90528.66745479354
deniz undav__1996-07-19,,,,24352752.12320806,25116956.960738312,1500014.5531180426
dennis adeniran__1999-01-02,,,,401547.6681594144,373029.2680555322,67742.83459292773
dennis appiah__1992-06-09,,,,675010.6211805365,673612.7872085933,19313.70805589024
dennis borkowski__2002-01-26,Dennis Borkowski,MID,725000.0000000006,537951.3998452923,535186.9877276099,12287.491586236807
dennis cirkin__2002-04-06,,,,4935984.352800291,4935984.352800291,132490.82786541234
dennis eckert ayensa__1997-01-09,,,,3972238.9453239623,3972238.9453239623,122120.47814709113
dennis geiger__1998-06-10,,,,2359877.2640633145,2359877.2640633145,63283.70950865127
dennis hadzikadunic__1998-07-09,Dennis Hadžikadunić,DEF,2250000.000000001,1196966.9608580219,1191587.9571672818,80090.01322313685
dennis johnsen__1998-02-17,Dennis Johnsen,MID,1600000.0000000012,2009490.7904417608,1922186.7335493085,239653.57857389364
dennis man__1998-08-26,,,,6692991.7570411535,7145559.373217476,1011525.5652643285
dennis praet__1994-05-14,,,,3202235.09018829,3202235.09018829,182507.09726777163
dennis seimen__2005-12-01,,,,2916881.8774041105,2916881.8774041105,669924.9516155055
dennis srbeny__1994-05-05,Dennis Srbeny,MID,762499.9999999997,725287.5832307298,754886.2827124047,51384.18968649295
denso kasius__2002-10-06,Denso Kasius,DEF,4999999.999999999,3264137.7175885183,3264036.412370801,307350.944913037
denys popov__1999-02-17,Denys Popov,DEF,5500000.000000001,8910391.11978826,8946741.012814801,155786.58646092683
denys tvardovskyi__2003-06-13,,,,598927.4755053878,598927.4755053878,
denzel de roeve__2004-08-10,,,,581764.6400765632,579222.6308314052,26686.161545477138
denzel dumfries__1996-04-18,Denzel Dumfries,DEF,31999999.999999955,32202445.509917524,32202445.509917524,2174436.3885454475
denzel hall__2001-05-22,,,,486476.2783002271,565129.2673423976,172927.0235827903
dereck kutesa__1997-12-06,,,,3354125.9815843953,3354125.9815843953,61363.778967417915
derek cornelius__1997-11-25,,,,4319744.971972254,4347595.469643162,193456.28381177914
derensili sanches fernandes__2001-05-28,,,,1499299.9545892978,1520383.449932864,41969.98233376032
derlis gonzalez__1994-03-20,,,,946152.0792863297,946152.0792863297,
dermane karim__2003-12-26,,,,3078819.647631415,3092841.5957960035,293968.6449201973
deron payne__2002-09-25,Déron Payne,DEF,1075000.0,1130279.90188161,1137409.6335642703,22384.16478345166
derrick kohn__1999-02-04,,,,5575148.59156951,5579959.021768127,70456.66916512507
derrick williams__1993-01-17,,,,626484.6154833976,639908.8032624475,77380.54060140262
desire doue__2005-06-03,,,,90177348.46908528,90177348.46908528,1718012.075555363
desmond acquah__2002-07-23,,,,323745.2773454485,323745.2773454485,
destiny udogie__2002-11-28,,,,32174491.266048457,33057382.83197135,1997153.814035556
detlef esapa osong__2004-09-21,,,,356174.4679765978,356420.6056952038,14524.051653116858
devante cole__1995-05-10,,,,848396.8647102448,848396.8647102448,72507.41921290656
deveron fonville__2003-05-16,,,,624661.1440700274,622025.0576898509,14720.977281760868
devid eugene bouah__2001-08-13,Devid Eugene Bouah,DEF,700000.0000000006,810798.0796284088,792074.3403128204,57528.65115954162
devis epassy__1993-02-02,,,,437157.84992427996,437157.84992427996,8963.118417236981
devis vasquez__1998-05-12,,,,2006987.0074286184,2013017.4466462,126366.31556350875
devon koswal__2003-08-21,,,,712949.2581165191,712949.2581165191,
devrim sahin__2007-04-01,,,,322227.8813971254,321209.8004730897,24046.610596666196
devyne rensch__2003-01-18,,,,7304894.428977867,7103243.041396939,537358.0986211031
dexter lembikisa__2003-11-04,,,,922155.163279524,941412.909981309,161886.97261173528
diallang jaiyesimi__1998-05-07,,,,317396.05267198797,310601.5946638564,12243.583517835545
diant ramaj__2001-09-19,,,,7476122.8280714275,7441161.208741272,337092.6341097917
dickson abiama__1998-11-03,,,,753088.6082922552,753088.6082922552,48962.714259047105
diego arroyo__2005-04-29,Diego Arroyo,DEF,499999.99999999977,390105.8562050462,413799.9780089506,42620.965373853585
diego coppola__2003-12-28,,,,8503468.450907737,9106358.573512647,1264915.7777515866
diego demme__1991-11-21,,,,905670.5893512279,935338.2701196801,88764.62948337488
diego duarte__2002-04-08,,,,1598226.2346386432,1562617.798931425,97901.9608415092
diego lainez__2000-06-09,,,,5642969.8849244835,5371191.134324622,1319845.7283253276
diego leon__2007-04-03,,,,1508308.0310121493,1535248.4564771964,129062.01252215513
diego rodriguez__1989-06-25,,,,605144.3258967679,624897.8896646487,58120.22519388576
diego rossi__1998-03-05,,,,5148128.60821007,5208132.970090578,724170.6412917218
diego valencia__2000-01-14,,,,1025162.0582273653,1028857.9041417136,17807.563422159285
dies janse__2006-01-17,,,,2564553.802108417,2567019.3481825087,41350.26102966467
dikeni salifou__2003-06-08,,,,1166583.634965156,1162750.6072195275,25094.396849905737
dilan markanday__2001-08-20,,,,602895.4478081104,609565.0521970554,36044.80390475329
dilane bakwa__2002-08-26,Dilane Bakwa,MID,24500000.000000007,22494626.322290976,22296549.231116105,346157.6067851767
dillon phillips__1995-06-11,,,,478376.2357958056,478376.2357958056,7744.037380709963
dimitar mitov__1997-01-22,,,,1142912.037642261,1141772.1434046293,72012.93296119716
dimitri bisoli__1994-03-25,Dimitri Bisoli,MID,1699999.9999999988,1435180.578527937,1435180.578527937,61917.523502674085
dimitri foulquier__1993-03-23,,,,2261362.7964518443,2289918.844804555,193552.05049373003
dimitri lavalee__1997-01-13,,,,1788803.2836666969,1868077.9105601523,235525.69731926045
dimitrije kamenovic__2000-07-16,,,,651448.1574612038,651448.1574612038,34368.23323252124
dimitrios diamantakos__1993-03-05,,,,553130.8156956271,553130.8156956271,
dimitrios goutas__1994-04-04,,,,1249569.7657994744,1257867.244138144,58116.41193540552
dimitrios kaloskamis__2005-03-01,,,,2938336.755743645,2938336.755743645,
dimitrios keramitsis__2004-07-01,,,,492132.0700674704,492132.0700674704,18583.115406259298
dimitrios nikolaou__1998-08-13,,,,1301682.621195282,1273448.9304639932,80845.91800623188
dimitrios pelkas__1993-10-26,,,,1691627.9979061824,1691627.9979061824,120538.61312150622
dimitrios sounas__1994-08-12,,,,924980.3257987127,911974.8891703961,32926.24921882913
dimitrios stamatakis__2003-04-23,,,,453877.9451193324,453877.9451193324,
dino mikanovic__1994-05-07,,,,874785.7231260721,874785.7231260721,13418.027192196829
dion de neve__2001-06-12,,,,1429702.4412483298,1429702.4412483298,39989.42250496708
dion lopy__2002-02-02,,,,5515388.6505046785,5515388.6505046785,
dion malone__1989-02-13,Dion Malone,DEF,82500.00000000001,139682.87895032708,148382.50444018428,19665.34379303066
dion pereira__1999-03-25,,,,275740.54977727524,275740.54977727524,
dion sanderson__1999-12-15,,,,1287056.665549731,1176450.1310762,225076.16746446036
dion vlak__2001-06-28,,,,126304.85413531706,126304.85413531706,
dirk abels__1997-06-13,,,,468946.5369567379,468946.5369567379,
dirk baron__2002-08-16,Dirk Baron,GK,175000.00000000012,180030.03927058875,184174.69550470513,9978.862837447454
dirk proper__2002-02-24,,,,2401645.5450671096,2401645.5450671096,
dishon bernard__2000-10-14,Di'Shon Bernard,DEF,2300000.0,2070701.0722028564,2095151.6545875932,137516.184563969
divin mubama__2004-10-25,,,,1702237.6550452088,1688494.8322643153,38546.86713841415
djaoui cisse__2004-01-31,,,,8135930.124163572,8135930.124163572,348692.46762349276
djed spence__2000-08-09,,,,26248648.384780318,26248648.384780318,328771.4851328217
djeidi gassama__2003-09-10,,,,5569300.047036195,5546042.477264795,309533.25542399
djenairo daniels__2002-01-07,,,,580007.2362890409,606220.3517822617,53864.74104278146
djevencio van der kust__2001-04-30,Djevencio van der Kust,DEF,850000.0000000005,987790.7278166825,999293.5407883566,39223.99777739547
djibril coulibaly__2008-11-18,,,,565299.4777521623,569561.2491219896,37003.07848657485
djibril diani__1998-02-11,Djibril Diani,MID,899999.9999999995,1208762.4189362347,1191506.2582026194,63763.54054172379
djibril lamego__2003-02-25,,,,1264084.7859743286,1268723.7752105808,60665.361204020024
djibril soumare__2003-01-07,,,,1964352.3620526418,1983375.2548695318,121210.49285406101
djibril sow__1997-02-06,,,,7479125.81033382,7479125.81033382,
djordje mihailovic__1998-11-10,,,,4957644.853957413,4957644.853957413,
dmytro kryskiv__2000-10-06,,,,3149848.9816230605,3037659.290757861,205072.44703706834
dmytro pospelov__1991-10-19,,,,619703.7342236579,619703.7342236579,6844.577166120628
dmytro riznyk__1999-01-30,,,,4957811.941140682,4957811.941140682,16869.231100577043
dodi lukebakio__1997-09-24,Dodi Lukébakio,MID,26250000.00000004,27801602.259158112,27801602.259158112,900218.9140264154
dogan alemdar__2002-10-29,,,,1911349.4622207247,1911349.4622207247,114127.4966827366
dogucan haspolat__2000-02-11,,,,11404765.980826695,11513200.672140677,362997.89565520134
dogukan sinik__1999-01-21,,,,1225933.3765336508,1225933.3765336508,49018.8112976287
dom ballard__2005-04-01,,,,1535363.978110967,1535363.978110967,
domagoj bradaric__1999-12-10,,,,2433648.1495788163,2433648.1495788163,45653.14713462524
domagoj vida__1989-04-29,Domagoj Vida,DEF,575000.0000000001,687159.756745432,687159.756745432,3256.4178531759353
domen crnigoj__1995-11-18,,,,830886.9013450408,825903.4125652252,23900.44783735992
domenico berardi__1994-08-01,,,,20827317.211558726,20329555.742729586,1573386.2133404594
dominic ball__1995-08-02,,,,412234.8021438297,412234.8021438297,16145.35927732015
dominic calvertlewin__1997-03-16,,,,11715672.580283986,11329948.92726862,1552716.4414321713
dominic solanke__1997-09-14,,,,27181511.05255549,27053034.604733694,2730675.300284611
dominik franke__1998-10-05,,,,599247.6177947333,604005.1986750094,26254.652648961393
dominik greif__1997-04-06,,,,12896649.750153817,12892459.55566023,157866.94428576127
dominik kohr__1994-01-31,,,,5492831.629212289,5429435.875479428,304403.3656430572
dominik kotarski__2000-02-10,,,,8239909.582205105,8471457.589563977,690250.0305712171
dominik livakovic__1995-01-09,,,,5850850.248897777,5819137.958450446,374336.86445481883
dominik prpic__2004-05-19,,,,8579237.293569326,8927066.423990738,846947.6150417029
dominik reimann__1997-06-18,,,,701029.0155676713,701029.0155676713,6255.357342244451
dominik szoboszlai__2000-10-25,Dominik Szoboszlai,MID,77499999.99999993,75284523.90802813,75765660.657408,2432590.8043943304
dominique heintz__1993-08-15,,,,1674575.8992322655,1682174.0196946487,56864.2670646141
donald love__1994-12-02,,,,227913.28302757046,243367.82926224792,44259.790823492935
donangelo konadu__2006-05-03,Don-Angelo Konadu,FWD,1050000.0000000007,883341.0829229945,892310.7831822858,20392.177570780914
donervon daniels__1993-11-24,,,,254791.87885991592,257731.40709751312,15479.780381620978
donis avdijaj__1996-08-25,,,,1162123.9589620538,1209406.3563921973,206207.28092794569
donny van de beek__1997-04-18,Donny van de Beek,MID,3750000.0000000023,5640368.743326132,5700355.92120578,474196.79223787476
donyell malen__1999-01-19,,,,19560216.90500497,19439370.329630055,669789.3907916391
dorian hanza__2001-05-12,Dorian Hanza,FWD,387499.99999999977,529690.1652048142,529690.1652048142,81046.63096645476
dorukhan tokoz__1996-05-21,Dorukhan Toköz,DEF,1550000.0000000012,1504029.5167144295,1522901.9329039906,62229.54887537126
douglas aurelio__1999-03-27,,,,1059815.8977825167,1094048.4703149826,67516.88038185281
drey wright__1995-04-30,,,,477382.45819978137,452825.56420322554,68191.68660698581
drissa camara__2002-02-18,,,,973285.7756404032,973285.7756404032,
duccio degli innocenti__2003-04-28,,,,1223913.4393551187,1223913.4393551187,
duje caletacar__1996-09-17,,,,3711375.7323728674,3711375.7323728674,579855.2264251935
dujon sterling__1999-10-24,,,,2919330.0951019204,3273470.9214982623,1337013.8817799136
duke verduin__2003-10-30,,,,176529.26132704061,174999.43909025047,6239.143415424449
dusan lagator__1994-03-29,,,,427443.83730683336,427443.83730683336,44119.5758391441
dusan vlahovic__2000-01-28,,,,37593627.60192062,37593627.60192062,71068.60248839014
duvan zapata__1991-04-01,,,,10295958.864853526,10295958.864853526,
dwight mcneil__1999-11-22,,,,14779685.225510553,14779685.225510553,834904.9726687368
dylan batubinsika__1996-02-15,,,,1245564.379519713,1270908.204799227,64192.30483923428
dylan bronn__1995-06-19,Dylan Bronn,DEF,1150000.0000000005,897281.4234940541,902948.1844173252,11215.079399778657
dylan chambost__1997-08-19,Dylan Chambost,MID,1200000.0000000005,1347160.7997603777,1356268.5258840267,55830.71529985037
dylan levitt__2000-11-17,Dylan Levitt,MID,1150000.0000000005,1212185.556854495,1212185.556854495,36831.59301835318
dylan mertens__1995-07-20,,,,573600.3826393954,575205.5068165543,16826.197478588463
dylan nandin__2002-02-28,Dylan Nandín,FWD,1625000.0000000012,1741310.8729494312,1795340.146158528,183541.01337584076
dylan ourega__2004-10-06,,,,1175712.0264068008,1175712.0264068008,
dylan tait__2001-12-01,,,,433351.57450322335,434089.005597812,12672.019064026084
dylan wells__2006-03-20,Dylan Wells,MID,162500.00000000012,217565.519997544,218595.46069323356,6307.184882925175
dylan williams__2003-09-13,,,,678324.0737241028,678324.0737241028,7701.772069202313
dynel simeu__2002-03-13,,,,337117.0117291059,339892.5313203298,22174.237907629238
dzenan pejcinovic__2005-02-15,,,,3263107.1040591346,3036975.3067426286,500287.8838118187
dzenis burnic__1998-05-22,,,,1164501.0381334978,1179761.8355540119,48649.10116492094
ebenezer annan__2002-08-21,,,,1017807.6590187801,1051379.842951869,106575.95016087385
eberechi eze__1998-06-29,Eberechi Eze,MID,56749999.99999994,50798318.130572036,52372036.61970482,3403183.8192547522
ebrima ceesay__2006-06-01,Ebrima Ceesay,FWD,287499.9999999999,316201.755676948,314938.3328795575,15811.30237430704
ebrima colley__2000-02-01,,,,873705.7569260667,873705.7569260667,20447.205573241416
ebrima darboe__2001-06-06,,,,1453179.1708762716,1350729.7500424804,167552.49665879487
ebube duru__1999-07-31,Ebube Duru,DEF,324999.9999999999,364872.54792521195,353115.1634073579,36037.41512766836
ed turns__2002-10-18,,,,493979.2567107362,493979.2567107362,
edan diop__2004-08-28,,,,2325391.7456011726,2263423.5572953965,152633.56146563392
eddie beach__2003-10-09,,,,241018.3168059315,251090.78167313954,19887.642172724765
eddie nketiah__1999-05-30,Eddie Nketiah,FWD,10750000.000000006,9593301.044178795,9658606.834477825,531647.364642547
eddy gnahore__1993-11-14,,,,1167829.4994794433,1191245.0122481477,100218.734621848
eddy kouadio__2006-05-07,,,,712961.8610923787,661537.6479142224,98525.19130906553
eddy sylvestre__1999-08-29,Eddy Sylvestre,MID,662499.9999999998,583132.7558665309,556911.2996197349,60320.23870280689
eden karzev__2000-04-11,Eden Karzev,MID,1849999.9999999995,1544825.714613161,1538855.9177344074,64425.36575577498
edgaras utkus__2000-06-22,,,,4366618.202117382,4366618.202117382,135814.37657275816
edhy zuliani__2004-08-11,,,,670309.8202721854,670309.8202721854,
edimilson fernandes__1996-04-15,,,,4175519.909817663,4175519.909817663,425535.0485121816
edin dzeko__1986-03-17,Edin Džeko,FWD,5850000.000000001,5699076.623724772,5909473.389794885,761975.0395435346
edin visca__1990-02-17,,,,3694705.245850062,3694705.245850062,410315.106880964
edinson cavani__1987-02-14,,,,935371.485017141,1020363.8023270215,180688.86176695387
edmond tapsoba__1999-02-02,Edmond Tapsoba,DEF,31500000.00000002,28122009.817171253,28726078.193529557,2362360.2792284354
edo kayembe__1998-06-03,Edo Kayembe,MID,3049999.999999998,2473356.4762522443,2550689.206028357,155348.32958931976
edoardo corvi__2001-03-23,,,,824293.6619921724,778497.4455363993,93069.04186508116
edoardo goldaniga__1993-11-02,,,,1861321.1580074874,1858186.6914766182,26341.873406236806
edoardo iannoni__2001-04-11,,,,1473595.3120932046,1488967.3576440467,128635.1544708641
edoardo masciangelo__1996-07-08,,,,823906.7880006667,808987.4397658671,54137.85577235401
edoardo motta__2005-01-13,,,,750992.9039296051,753095.6630078987,25528.096731472888
edoardo pieragnolo__2003-01-03,,,,1196477.407014935,1214017.3510116593,36197.83360358494
edoardo soleri__1997-10-19,Edoardo Soleri,FWD,749999.9999999998,1023880.4281711356,1012923.859105076,59226.467227046254
edon zhegrova__1999-03-31,,,,20060310.65985108,20060310.65985108,367111.18068347516
edouard mendy__1992-03-01,,,,6187383.259679554,6152239.628024676,331160.8024226155
edouard michut__2003-03-04,,,,1934201.1569889109,1934201.1569889109,
edson alvarez__1997-10-24,,,,14362043.75375573,14362043.75375573,1947318.9465757187
eduard lowen__1997-01-28,,,,3965321.5521481615,3965321.5521481615,105975.94611872871
eduardo camavinga__2002-11-10,,,,38199614.8519853,43901113.7864413,10949575.596545625
eduardo guerrero__2000-02-21,Eduardo Guerrero,FWD,2199999.9999999995,2350305.0416490324,2350305.0416490324,169522.81044342308
eduardo salvio__1990-07-13,,,,1399980.0380950249,1399980.0380950249,164897.06315241827
edvinas gertmonas__1996-06-01,,,,724798.4023887456,726441.804372814,8165.948774924466
edward chilufya__1999-09-17,,,,1223775.1306961472,1223775.1306961472,169327.79253442615
efe akman__2006-03-20,,,,849538.7191338148,813640.7863440196,75164.76051456478
efecan karaca__1989-11-16,,,,717708.7437459868,717708.7437459868,71628.67566730481
efkan bekiroglu__1995-09-14,Efkan Bekiroğlu,MID,1550000.0000000012,1398054.6266003936,1396267.5771004197,79396.46821896902
ehije ukaki__2004-10-02,,,,348504.9953125419,367825.9468570793,54409.62727372805
eivind helland__2005-04-25,,,,2239682.6262491876,2239682.6262491876,234954.91193634484
el bilal toure__2001-10-03,,,,8382522.966260441,8382522.966260441,
el chadaille bitshiabu__2005-05-16,,,,10530664.58959266,10696954.801987808,399843.41392159654
elayis tavsan__2001-04-30,Elayis Tavşan,MID,1550000.0000000012,1649124.964725118,1675445.9820667226,65283.269376811644
elbasan rashani__1993-05-09,,,,621541.4579169727,665387.4595225727,176561.52672783769
eldor shomurodov__1995-06-29,,,,4621127.833588218,4574188.665461539,822178.4929208503
eli king__2002-12-23,,,,691550.1124527716,691550.1124527716,
elia caprile__2001-08-25,,,,14935732.839310095,14410988.226579059,2227931.622782755
elias achouri__1999-02-10,,,,2253215.9072332457,2254795.0276713567,57231.82749080107
elias bakatukanda__2004-04-13,Elias Bakatukanda,DEF,1024999.9999999995,1245894.7749255323,1238691.8390027452,54276.27625092036
elias baum__2005-10-26,Elias Baum,DEF,2875000.000000001,5089025.764834208,4977105.865545901,230497.16175096694
elias cobbaut__1997-11-24,,,,3213841.0449271863,3213841.0449271863,
elias hoff melkersen__2002-12-31,,,,939696.2594282196,939696.2594282196,22388.721232440515
elias jelert__2003-06-12,,,,6001712.283522018,6367784.482525568,971295.2680637239
elias kachunga__1992-04-22,,,,300766.2527411142,303687.74583226896,36143.72839230205
elias manoel__2001-11-30,,,,637192.7029962846,631787.2324060879,59208.757728312194
elias mar omarsson__1995-01-18,,,,640117.2924769719,640117.2924769719,557.2954940881134
elias pereyra__1999-02-15,Elías Pereyra,DEF,875000.0,1271497.1143926862,1270178.1691632385,81916.33588982625
elie youan__1999-04-07,,,,1474638.615156399,1404768.901411396,138540.73337953485
elies mahmoud__2001-02-10,,,,1255867.9310049524,1255867.9310049524,11944.630382459298
eliesse ben seghir__2005-02-16,,,,11111700.784050107,11111700.784050107,
elijah dijkstra__2006-08-05,,,,1194627.4538140742,1194627.4538140742,70292.7249545825
elijah just__2000-05-01,,,,839315.2885071762,839315.2885071762,53815.84312815849
eliot bujupi__2006-07-03,,,,560395.842460895,582590.8938664629,48698.49026334126
eliot matazo__2002-02-15,,,,2329653.7416823925,2349839.271624557,246938.4850631676
elisha owusu__1997-11-07,,,,3417322.9831473203,3417322.9831473203,90954.2771950355
eljif elmas__1999-09-24,,,,10698399.95463645,10698399.95463645,593111.1717424232
ellery balcombe__1999-10-15,,,,445632.93732441484,445183.22378905927,5509.680499228802
elliot anderson__2002-11-06,,,,46967355.76409891,46967355.76409891,795799.7222835951
elliot lee__1994-12-16,Elliot Lee,MID,787499.9999999994,648375.4936454836,648375.4936454836,170248.37396237193
elliot watt__2000-03-11,,,,674627.0770855153,674627.0770855153,
ellis simms__2001-01-05,,,,2935251.60187103,2935251.60187103,
ellyes skhiri__1995-05-10,,,,9517566.732272828,9347331.24949037,508253.20437434263
elseid hysaj__1994-02-02,Elseid Hysaj,DEF,2349999.999999999,2074866.868471972,2074866.868471972,52717.183148919336
elton fikaj__2005-10-18,,,,732562.5056188585,707643.2888925085,52069.928877337865
elton kabangu__1998-02-08,Elton Kabangu,MID,662499.9999999998,734698.1986060326,734698.1986060326,
elvis rexhbecaj__1997-11-01,,,,3330539.354679594,3331751.5288857734,74039.79003679706
elvis van der laan__2008-02-29,,,,242111.43105665306,245488.61408725812,16110.047470132098
elye wahi__2003-01-02,,,,9062492.584678125,9356503.414153999,522118.4442036003
elyess dao__2006-11-20,Elyess Dao,FWD,512499.9999999997,436758.78330901446,433184.1688304955,37696.725835619385
eman kospo__2007-05-17,Eman Košpo,DEF,1112500.0000000005,521629.9392682635,520087.08898235654,15646.563147412495
emanuel mammana__1996-02-10,Emanuel Mammana,DEF,4349999.999999996,4794884.458680258,4971352.548415546,367992.64417539357
emanuele valeri__1998-12-07,,,,5729719.429332496,5816749.254945131,397374.86596907227
emil audero__1997-01-18,,,,8372872.788641542,8372872.788641542,265662.3449474956
emil bohinen__1999-03-12,,,,1663418.6963127845,1663418.6963127845,
emil forsberg__1991-10-23,,,,5569920.50980591,5569920.50980591,
emil gazdov__2003-09-11,,,,466735.027930134,454433.6211479267,29101.814653046902
emil hansson__1998-06-15,,,,1079278.7714684957,1079278.7714684957,17761.475166992033
emil hjlund__2005-01-04,,,,518809.84063105204,532062.7018384495,37766.31299962358
emil holm__2000-05-13,,,,6082784.643440299,6082784.643440299,306057.2785350336
emil holten__1996-08-08,,,,678810.1648477027,678810.1648477027,
emil kornvig__2000-04-28,,,,2165470.4990000227,2079527.9236081804,162481.99334221828
emil krafth__1994-08-02,,,,2230214.8075976865,2230214.8075976865,62204.73975096969
emil riis__1998-06-24,,,,2202151.7016826384,2229616.8492637817,121733.86226059218
emile smith rowe__2000-07-28,,,,20464197.035142835,21089524.22707121,1330894.2970055137
emiliano buendia__1996-12-25,,,,11205376.614864882,11205376.614864882,1975902.896277081
emiliano martinez__1992-09-02,Emiliano Martínez,GK,20749999.99999997,16662092.32363545,16777518.991405003,905863.7028843838
emilio simonsen__1999-10-31,Emilio Simonsen,MID,412500.00000000006,399898.49324435287,399891.60901772423,10717.341662403882
emin bayram__2003-04-02,,,,5336542.52742771,5386654.698071235,495691.3740146408
emir karic__1997-06-09,,,,923273.7933441639,898266.789718929,125227.45376974207
emir ortakaya__2004-06-22,,,,574035.2441819707,574035.2441819707,
emirhan demircan__2005-01-20,,,,641089.6358189133,641089.6358189133,
emirhan ilkhan__2004-06-01,,,,829131.0380901584,829131.0380901584,
emirhan topcu__2000-10-11,,,,7546656.118723634,7863984.46886392,552095.1770872276
emmanuel agbadou__1997-06-17,Emmanuel Agbadou,DEF,14000000.00000001,12933201.78288865,13074753.675801774,265769.2665859297
emmanuel biumla__2005-05-08,,,,3716457.8672868805,3716457.8672868805,286614.50501183106
emmanuel boateng__1996-05-23,,,,2328144.317417522,2290995.7059272407,143514.60150213217
emmanuel danso__2000-11-10,,,,558667.8859864663,558667.8859864663,
emmanuel ekong__2002-06-25,,,,1039505.4862312227,1031112.4496941038,40666.13642633375
emmanuel gyabuaa__2001-09-21,,,,593688.8425336652,591966.9541776468,6811.966958652508
emmanuel gyasi__1994-01-11,,,,2471515.973096694,2471515.973096694,
emmanuel iyoha__1997-10-11,Emmanuel Iyoha,DEF,1150000.0000000005,1012720.7531287126,1004313.8422670437,63827.098383812874
emmanuel kakou__2005-06-30,Emmanuel Kakou,DEF,1099999.9999999998,954582.8390472092,933179.505876285,83894.52515242844
emmanuel longelo__2000-12-27,,,,906631.971770109,887965.9160836542,70229.34593990508
emmanuel sabbi__1997-12-24,,,,1673480.1355995229,1673480.1355995229,
emmanuel yeboah__2003-02-25,,,,397626.5966985247,397626.5966985247,37239.810386891906
emran soglo__2005-07-11,,,,1324304.4856162646,1262827.8461212276,102628.71908421506
emre akbaba__1992-10-04,,,,1307557.4066811681,1290101.713280664,58392.87101801841
emre bilgin__2004-02-26,,,,772843.8694798921,776907.3685426333,14861.61321438935
emre can__1994-01-12,,,,17541059.044676892,17410844.226686303,680877.5011365928
emre klnc__1994-08-23,,,,2129477.9176919833,2072065.5496676373,105804.59395600668
emre mor__1997-07-24,,,,2145703.469865551,2348324.790300925,433539.1609567748
emre tasdemir__1995-08-08,,,,403125.4674371677,399787.6522959541,21363.208710460083
emrecan bulut__2002-11-26,,,,550323.1541310274,550323.1541310274,
enda stevens__1990-07-09,,,,366795.35437175527,366795.35437175527,24019.20295720305
enea mihaj__1998-07-05,,,,2215789.460654172,2215789.460654172,264374.67344376346
enes mahmutovic__1997-05-22,,,,478243.279793772,464714.5711818314,24165.897124975803
enes unal__1997-05-10,,,,10639511.166834317,10639511.166834317,1927750.7548250013
enis bardhi__1995-07-02,,,,3555123.6567761693,3555123.6567761693,188715.77902361256
enis destan__2002-06-15,,,,2232213.0104837255,2232213.0104837255,12389.041319789945
enock agyei__2005-01-13,,,,1273106.903018626,1307192.266208796,81486.90073485192
enrico delprato__1999-11-10,,,,6242598.528392488,6207090.197210646,223852.81176060336
enrique lofolomo__2000-04-14,,,,1114639.5498999862,1106098.018025895,49004.45849917123
ensar kemaloglu__1998-10-05,,,,268803.99811446393,268803.99811446393,8702.028821133274
enso gonzalez__2005-01-20,,,,1030216.0129082741,1030216.0129082741,203509.44061419027
enzo barrenechea__2001-05-22,,,,14202744.639271026,14202744.639271026,430498.11823370546
enzo basilio__1994-10-03,,,,954354.5334168639,936603.396994063,34266.149869870336
enzo ebosse__1999-03-11,Enzo Ebosse,DEF,1849999.9999999995,1628405.805185969,1628405.805185969,8105.863060547451
enzo fernandez__2001-01-17,Enzo Fernández,MID,78999999.99999993,76522984.10584575,76477593.59288014,3719494.535291516
enzo le fee__2000-02-03,Enzo Le Fée,MID,17249999.99999998,15642038.385681974,15958698.465448273,2345003.394802694
enzo loiodice__2000-11-27,Enzo Loiodice,MID,4300000.000000002,4577985.45175672,4392486.688941546,345462.4169407599
enzo martinez__1998-04-29,,,,1377213.780030386,1377213.780030386,
enzo millot__2002-07-17,,,,21011995.62719183,21011995.62719183,193791.59696275892
enzo perez__1986-02-22,,,,521698.0902883423,521698.0902883423,
enzo tchato__2002-11-23,,,,3135766.3564402633,3135766.3564402633,373339.2801425543
eray comert__1998-02-04,,,,2546559.837428025,2546559.837428025,55737.14495313186
ercan kara__1996-01-03,,,,1036559.5715548384,1037073.9426478356,14957.237467017223
erdem canpolat__2001-04-13,,,,699208.7604163423,699208.7604163423,
erdogan yesilyurt__1993-11-06,,,,714537.7860998461,743796.3097622656,46408.01658258747
eren dinkci__2001-12-13,Eren Dinkçi,MID,7249999.999999998,6758552.798145389,6772633.551863211,124093.97327226885
eren elmal__2000-07-07,Eren Elmalı,DEF,6999999.999999995,6236423.7470256565,6330047.391401952,261375.73669768416
erencan yardmc__2002-02-04,Erencan Yardımcı,FWD,2349999.999999999,1909158.906623001,1942285.3552251286,78274.58475677017
erhan erenturk__1995-05-30,,,,225643.76724829263,225643.76724829263,11132.938419291691
erhan masovic__1998-11-22,Erhan Mašović,DEF,3400000.000000002,1826551.0317485437,1893450.8450668328,128428.61852356487
eric bailly__1994-04-12,,,,2562417.6982666347,2562417.6982666347,164573.8242020759
eric dier__1994-01-15,Eric Dier,DEF,8750000.000000007,8332487.769149967,8488313.87980998,308676.35467258206
eric kahl__2001-09-27,,,,2131007.7387213353,2108909.1500369674,65404.53006984078
eric martel__2002-04-29,,,,9984731.035367437,10692759.522864085,1833188.6874583378
erik ahlstrand__2001-10-14,,,,826264.8217474036,826264.8217474036,883.4864989310703
erik botheim__2000-01-10,,,,1869608.1875134546,1863221.3279742254,256663.82942944698
erik majetschak__2000-03-01,,,,713282.5205078467,708203.8824488859,11383.312690954559
erik palmerbrown__1997-04-24,,,,1975346.7573370263,1989076.4503739784,28808.95044111956
erik sviatchenko__1991-10-04,Erik Sviatchenko,DEF,1087500.0000000007,599731.2441090002,585904.3120827395,79042.43364272604
erling haaland__2000-07-21,,,,168806665.6816043,164592846.7205633,19891371.24972623
ermedin demirovic__1998-03-25,Ermedin Demirović,FWD,22500000.00000001,22920421.473042794,23139887.54743139,1914619.4520906154
ernest agyiri__1998-03-06,,,,578654.4133745439,578654.4133745439,54601.72076760754
ernest muci__2001-03-19,,,,8443895.549758794,8185662.626649407,777161.1618128426
ernest nuamah__2003-11-01,,,,10305846.002159223,10435390.104347078,494518.84592934884
ernest poku__2004-01-28,Ernest Poku,MID,6549999.999999996,9663922.358608028,9818001.878945578,417791.23426758137
ernestas lysionok__2007-03-09,,,,225373.28141011167,225373.28141011167,
ernesto torregrossa__1992-06-28,Ernesto Torregrossa,MID,987499.9999999999,858077.5097524262,845973.9674021045,42520.79228620572
eros maddy__2001-02-05,,,,488290.66334007867,499600.49605118984,38096.9022107214
ersin destanoglu__2001-01-01,Ersin Destanoğlu,GK,2750000.0,2574621.0680077258,2571578.6309754113,146157.1020637675
ertugrul taskran__1989-11-05,,,,164453.39509227307,163195.52747762942,14346.260759137154
erwin koffi__1995-01-10,,,,905497.357330925,878353.3062940176,96937.21071126702
eser gurbuz__2007-03-06,Eser Gürbüz,MID,612499.9999999997,409836.9839004136,414344.7490409128,10162.388296828818
eskild dall__2003-01-08,,,,390296.6405187771,388186.30899437505,26070.627263497012
esmir bajraktarevic__2005-03-10,Esmir Bajraktarević,MID,4750000.000000003,5103888.197331617,5118931.643442443,439787.57604344084
esteban burgos__1992-01-09,,,,548760.7346068252,551332.2123293107,34931.81788650205
ethan ampadu__2000-09-14,,,,14482569.9894762,14482569.9894762,
ethan brierley__2003-11-23,Ethan Brierley,MID,700000.0000000006,853689.029777797,851585.7762903012,68310.51287506556
ethan galbraith__2001-05-11,,,,1961676.224388988,1971141.5016646385,66180.79682373689
ethan hamilton__1998-10-18,,,,626291.1299685787,626291.1299685787,13562.33765295489
ethan horvath__1995-06-09,,,,682305.6397510127,703601.8361162567,66389.22428389749
ethan ingram__2003-04-16,,,,390669.9009760157,356008.421131848,65852.20589785674
ethan laird__2001-08-05,Ethan Laird,DEF,3550000.0000000014,2168807.059318201,2168807.059318201,
ethan mbappe__2006-12-29,,,,5019434.265587014,5135313.4568894785,291724.9200292817
ethan nwaneri__2007-03-21,Ethan Nwaneri,MID,27999999.99999999,18317235.92955179,18935265.423223376,3013568.590976385
ethan pinnock__1993-05-29,,,,5377753.394481007,5377753.394481007,590156.172110554
ethan ross__2001-08-15,,,,405268.51905084145,408934.6131322631,12494.387982193135
ethan schiltebrown__2005-06-01,,,,237494.97977053246,224145.62920382305,23608.326946111407
ethan williams__2005-11-14,,,,611345.1108248668,615610.364173522,34269.88019995759
etienne camara__2003-03-30,,,,2438478.0181566244,2377658.720389842,170448.74918400764
etienne green__2000-07-19,,,,672413.1544072472,672413.1544072472,40606.42198061254
etienne vaessen__1995-07-26,,,,1222909.6704498979,1231524.1813247015,72550.73017496566
etienne youte kinkoue__2002-01-14,,,,2859415.5196635127,2898211.2214921066,277604.26246159984
ettore gliozzi__1995-09-23,,,,1096862.5490259565,1077671.4737487398,69838.69665184815
eus waayers__2006-04-08,,,,568272.9147707743,568272.9147707743,1022.0447776619492
evan ferguson__2004-10-19,,,,9378178.598643327,9723951.642370453,921705.3766671629
evan ndicka__1999-08-20,,,,29088568.74309094,29280709.778856628,642647.2163496
evann guessand__2001-07-01,,,,27081550.90253682,27209435.709751967,795048.7402739002
ever banega__1988-06-29,,,,2792040.0006051944,2792040.0006051944,277585.2473279574
evert linthorst__2000-03-03,,,,1530291.5591448005,1521598.1970837202,101239.71553608961
ewoud pletinckx__2000-10-10,,,,2285569.516188331,2258444.7540508537,103361.8367032801
eyup aydn__2004-08-02,,,,1619762.2176776684,1614297.0113622816,136821.89073444938
ezechiel banzuzi__2005-02-16,,,,5236512.307827706,5236512.307827706,
ezequiel ponce__1997-03-29,Ezequiel Ponce,FWD,4050000.0000000033,3505283.085677582,3505283.085677582,42129.99295368177
ezgjan alioski__1992-02-12,,,,779872.4693083797,776227.8574822722,19487.652145778527
ezri konsa__1997-10-23,,,,45386573.24190085,45386573.24190085,1332468.8314055218
fabian bredlow__1995-03-02,,,,1125282.2073902441,1125282.2073902441,
fabian de keijzer__2000-05-10,,,,779844.8083623118,781228.1911950028,25737.888827767983
fabian ehmann__1998-08-28,Fabian Ehmann,GK,312500.00000000023,330259.44326909253,338696.5687189638,14764.842554930803
fabian holland__1990-07-11,,,,463540.5121636277,471418.6545050372,14789.563861646599
fabian kunze__1998-06-14,Fabian Kunze,MID,1499999.9999999986,1809557.9965512059,1827888.4349259431,136643.06496360427
fabian nurnberger__1999-07-28,Fabian Nürnberger,DEF,2250000.000000001,1890059.8960523433,1936639.78602427,213554.39861299377
fabian reese__1997-11-29,Fabian Reese,MID,4399999.999999997,4686833.798154785,4686833.798154785,
fabian rieder__2002-02-16,,,,8957795.261039749,8957795.261039749,
fabian schar__1991-12-20,,,,12736438.858290447,11982938.680766167,1558225.2825797931
fabian schleusener__1991-10-24,,,,1007417.3394656733,1007497.6249075389,92092.96905132399
fabiano parisi__2000-11-09,,,,8051446.483436544,7829466.065536265,473272.64563005633
fabijan buntic__1997-02-24,Fabijan Buntić,GK,600000.0000000003,479427.4191502225,476272.603395885,22232.689544882385
fabio balde__2005-07-20,Fabio Baldé,MID,1050000.0000000007,1430227.5707527925,1433954.314581098,140852.0324475023
fabio chiarodia__2005-06-05,,,,2217041.288993603,2180670.5470378567,86980.23809533026
fabio depaoli__1997-04-24,,,,1624365.3974000958,1624365.3974000958,33037.057487972175
fabio ferraro__2002-09-03,Fabio Ferraro,DEF,1949999.999999999,2495961.19251312,2495052.5165781723,65957.86312632114
fabio maistro__1998-04-05,,,,1229219.4152946956,1229219.4152946956,24253.24973929042
fabio miretti__2003-08-03,,,,5448188.53114113,5448188.53114113,871387.0905417085
fabio moreno fell__2000-06-04,,,,472410.0929300417,461415.2436877601,41904.858262176
fabio torsiello__2005-02-02,,,,888890.5877679008,934461.7502743895,92274.47224200392
fabrizio bagheria__2001-04-05,,,,331399.33689579973,327973.5101378542,16123.405414337602
fabrizio brignani__1998-01-13,Fabrizio Brignani,DEF,850000.0000000005,1200287.5616001398,1183924.9061913714,74204.22958329009
fabrizio caligara__2000-04-12,,,,1221755.5463834968,1221755.5463834968,89548.05466481391
facundo buonanotte__2004-12-23,Facundo Buonanotte,MID,14499999.99999999,16536526.540289974,16542812.44349743,19129.71844811434
facundo colidio__2000-01-04,,,,5782237.2075448455,5887561.53900804,511786.94710492424
facundo lescano__1996-08-18,,,,969674.9079165651,959047.6659157358,30976.837656040054
facundo medina__1999-05-28,,,,21202948.765422303,21214058.537031032,153728.1006423221
facundo pellistri__2001-12-20,,,,3986034.232672999,3909882.6532456563,309656.5170463606
faitout maouassa__1998-07-06,,,,946230.0690833182,946230.0690833182,
fali cande__1998-01-24,,,,2434351.860326998,2434351.860326998,
falko michel__2001-01-14,,,,1108768.8032000994,1094413.2922803494,82063.73614786577
fallou fall__2004-04-15,Fallou Fall,DEF,1249999.999999999,1455973.766164004,1499855.3948239824,102064.10008676186
fares chaibi__2002-11-28,,,,9615678.672582602,9822540.788845247,369230.3975628179
fares ghedjemis__2002-09-06,Farès Ghedjemis,MID,899999.9999999995,1013049.2628336975,1011496.7378031849,65324.46952789135
faride alidou__2001-07-18,,,,1367150.5555250088,1367150.5555250088,196124.2352362116
fashion sakala__1997-03-14,,,,3909431.230188912,3909431.230188912,206883.68940388912
fatih aksoy__1997-11-06,,,,1246083.386562956,1243338.23170453,41090.079826020774
fatih kaya__1999-11-13,,,,1398382.8049486917,1398382.8049486917,61125.852201040136
fausto grillo__1993-02-20,,,,843870.1299287905,857587.0729375052,101430.8901072393
fayssal harchaoui__2006-01-15,,,,418627.54838916194,424213.8204185612,29701.98664740457
fedde leysen__2003-07-09,Fedde Leysen,DEF,3700000.000000002,4468983.598868202,4380257.52229689,291147.0637291856
federico alvarez__1994-08-07,Federico Álvarez,DEF,499999.99999999977,392068.71622328035,392068.71622328035,
federico artioli__2001-06-12,Federico Artioli,DEF,612499.9999999997,680723.045591091,698865.6031796313,32794.99755288645
federico baschirotto__1996-09-20,,,,5976570.423047017,5958205.813155852,141303.252220162
federico bernardeschi__1994-02-16,,,,7985563.172057772,7985563.172057772,473319.308163298
federico bonazzoli__1997-05-21,,,,2380486.771596828,2380486.771596828,
federico bonini__2001-08-06,,,,2820861.8754126946,2820861.8754126946,295708.8111257263
federico ceccherini__1992-05-11,,,,1039162.657731248,1039162.657731248,
federico chiesa__1997-10-25,Federico Chiesa,MID,20249999.999999974,23288063.687960338,23877444.91302959,2938004.8810564266
federico di francesco__1994-06-14,,,,1997192.2716882024,1997192.2716882024,
federico dimarco__1997-11-10,,,,41309567.06562972,41198353.46796599,3204743.371963308
federico gatti__1998-06-24,,,,24294920.400779873,24294920.400779873,1228432.9806663638
federico gattoni__1999-02-16,Federico Gattoni,DEF,1899999.9999999993,1797724.5265813307,1832720.4253507291,119604.27219285285
federico gino__1993-02-26,,,,653504.5528661088,651896.8776566987,17764.938646720344
federico ravaglia__1999-11-11,,,,1888532.3372864798,1888532.3372864798,64473.404839484276
federico redondo__2003-01-18,,,,3445482.7530797943,3524674.5117875678,233853.5047165972
federico ricca__1994-12-01,,,,1201860.3140170863,1201860.3140170863,
federico santander__1991-06-04,,,,411506.4231690563,411506.4231690563,8399.904844022518
federico valverde__1998-07-22,Federico Valverde,DEF,113499999.99999997,105553379.86188462,105553379.86188462,232366.3691761754
federico vinas__1998-06-30,Federico Viñas,MID,3350000.0000000014,2701734.5698457616,2639348.2418445786,227681.2603556905
federico zuccon__2003-04-01,,,,1432029.0791369844,1432029.0791369844,75632.88254419596
fedor chalov__1998-04-10,,,,2262134.54110933,2237917.2309664576,154044.04752735115
felipe caicedo__1988-09-05,,,,257589.70505955754,264786.4258443919,19880.8863407307
felipe chavez__2007-04-10,,,,521579.32194589125,551311.7182796118,70620.01403075643
felipe loyola__2000-11-09,Felipe Loyola,DEF,6549999.999999996,3279106.675686693,3279106.675686693,194104.09805023536
felix agu__1999-09-27,,,,6220274.340844068,6185384.58379142,289486.1391939235
felix beijmo__1998-01-31,,,,2503181.0334261204,2414109.3118348154,170658.22032000875
felix klaus__1992-09-13,,,,1171981.9437334388,1217315.1781828403,85313.04041346538
felix lemarechal__2003-08-07,,,,9619556.289874714,9619556.289874714,90015.75545018313
felix mambimbi__2001-01-18,,,,1281134.4983849514,1281134.4983849514,
felix nmecha__2000-10-10,,,,45596831.71432882,45972287.06184593,3315849.0884992387
felix passlack__1998-05-29,,,,2415994.43822292,2377309.1339985332,103688.9764297758
felix uduokhai__1997-09-09,,,,5389968.941317136,5362484.824834191,181625.29869682636
femi seriki__2002-04-28,,,,2773590.9372525,2459651.1033407096,551993.1647169564
ferdi kadoglu__1999-10-07,,,,20241648.225507658,20241648.225507658,237971.3220500252
ferland mendy__1995-06-08,Ferland Mendy,DEF,15000000.00000001,19379155.558459785,18839557.066100463,1919070.8886193968
fernand goure__2002-04-12,,,,710914.4502335892,710914.4502335892,
fernando muslera__1986-06-16,,,,1135139.23003159,1135139.23003159,14825.81046047575
fernando pacheco__1999-06-26,,,,582425.0718988378,582425.0718988378,
fernando zuqui__1991-11-27,,,,744289.7366395772,734108.791578193,168445.02181245884
festy ebosele__2002-08-02,,,,2254558.3477884247,2258631.562964014,189685.55593293937
fiacre kelleher__1996-03-10,Fiacre Kelleher,DEF,157500.00000000006,180892.38730940604,178584.08961188386,42038.40390438176
fidan aliti__1993-10-03,,,,778567.7520320346,790844.0159087944,25394.15283267234
fikayo tomori__1997-12-19,Fikayo Tomori,DEF,33750000.00000005,28388982.890361093,28084564.59198126,1773488.5815894168
filip bednarek__1992-09-26,,,,304979.6220069665,306632.4874721215,12849.939907971031
filip benkovic__1997-07-13,,,,2036353.8213591625,2040309.0001810521,154525.1930511361
filip bundgaard__2004-07-03,,,,1832955.7577866155,1813241.4517547297,45043.23569275386
filip kostic__1992-11-01,,,,11555645.769064946,11555645.769064946,484590.68615346955
filip krastev__2001-10-15,,,,1936640.922195309,1977688.9856039777,92118.39059693871
filip krovinovic__1995-08-29,,,,1746985.2150499271,1746985.2150499271,94901.8223172161
filip kurto__1991-06-14,Filip Kurto,GK,334999.9999999998,236401.0432112435,240526.07736976846,17050.140633162486
filip manojlovic__1996-04-25,,,,914751.4424660945,923276.4626168684,35147.17788496924
filip marchwinski__2002-01-10,,,,1990393.8069797861,1990393.8069797861,
filip marschall__2003-04-24,Filip Marschall,GK,1099999.9999999998,777432.0574080708,775629.7043775262,34748.62009152914
filip mladenovic__1991-08-15,,,,850258.6165628475,850258.6165628475,90830.5095202847
filip stankovic__2002-02-25,,,,4559683.58537102,4610046.627511517,500151.6748820523
filip stojilkovic__2000-01-04,Filip Stojilković,FWD,1249999.999999999,1661534.5309533924,1633338.332660315,50167.69594512904
filip szymczak__2002-05-06,,,,1122724.2169976009,1130029.4278748017,157162.59023934687
filip ugrinic__1999-01-05,,,,4811125.207120131,4828046.090980561,214729.9546079095
filippo bandinelli__1995-03-29,Filippo Bandinelli,MID,2000000.0000000016,1422533.6972067363,1429361.9417741545,12692.629485413458
filippo delli carri__1999-05-03,Filippo Delli Carri,DEF,950000.0000000008,1241147.0101528857,1243647.0001425066,39418.241784645106
filippo distefano__2003-08-28,,,,1282301.4221698795,1276070.7491153977,56416.81353371055
filippo mane__2005-03-08,,,,832991.005182651,820054.8403284043,42899.14374382733
filippo melegoni__1999-02-18,Filippo Melegoni,MID,1024999.9999999995,671957.2574737223,671668.3711674286,21671.9906681538
filippo missori__2004-03-24,,,,1159635.0329536865,1115690.5064712514,118131.5331500512
filippo oliana__1999-06-30,Filippo Oliana,DEF,737500.0000000005,928947.976889536,932702.0983238723,14251.31806436741
filippo ranocchia__2001-05-14,,,,3112864.056269416,3150344.838664177,222446.21862115755
filippo romagna__1997-05-26,Filippo Romagna,DEF,1099999.9999999998,1473101.526850065,1479526.8621968792,108914.96195422596
filippo terracciano__2003-02-08,,,,5538910.491546595,5538910.491546595,
findlay curtis__2006-10-01,,,,935708.2428417737,937503.2037247984,47290.88683825461
finlay pollock__2004-06-27,,,,327102.21783447603,326438.5112915246,6795.899879578915
finlay robertson__2002-11-12,,,,498613.0781204086,499898.0858935348,30352.60120501883
finley burns__2003-06-17,Finley Burns,DEF,749999.9999999998,867371.6763868234,866772.9579218556,33085.61410135926
finley munroe__2005-02-08,,,,1005405.8924488077,987930.5073034002,72839.42330575139
finn dahmen__1998-03-27,Finn Dahmen,GK,7750000.000000002,5131503.027621887,5138471.8514036685,262827.01345319784
finn jeltsch__2006-07-17,,,,7603159.100878432,7927186.063324023,598958.2981912435
finn porath__1997-02-23,Finn Porath,DEF,1099999.9999999998,1409921.04370805,1606975.1832097152,343028.07476216514
finn stokkers__1996-04-18,Finn Stokkers,FWD,562500.0000000003,666632.4950146244,666632.4950146244,
finn yeats__2004-04-19,,,,215152.1668333237,226879.8807156982,29464.975373859103
fisayo delebashiru__2001-02-06,,,,4693595.6590782935,4645304.938421865,227253.69799972523
fisnik asllani__2002-08-08,,,,13677897.315502064,13677897.315502064,
flavio paoletti__2003-01-16,,,,564727.1563844953,564727.1563844953,
flavius daniliuc__2001-04-27,,,,3628001.405658261,3585547.2148658857,108628.15949750529
florent hadergjonaj__1994-07-31,,,,1131827.7282384806,1131827.7282384806,58421.91211307496
florent hanin__1990-02-04,,,,559026.6634019567,567438.296539223,21341.499027220565
florent mollet__1991-11-19,,,,686019.1488611603,686019.1488611603,
florent muslija__1998-07-06,Florent Muslija,MID,2649999.999999999,2566751.3921640757,2579983.589133249,71231.58887459755
florent poulolo__1997-01-02,,,,948676.0814479948,947940.587248364,41813.17345475799
florian aye__1997-01-19,,,,1967710.2858458199,1967710.2858458199,99960.99086462733
florian escales__1996-02-03,,,,1068200.650676029,1063327.6690678017,44414.92707873363
florian flecker__1995-10-29,,,,632094.5293278776,632094.5293278776,21521.947125980867
florian flick__2000-05-01,Florian Flick,DEF,1299999.9999999993,836097.4212065275,831417.5744561703,27387.56576320261
florian grillitsch__1995-08-07,,,,4303651.162360075,4453441.025323797,518009.78962876333
florian hellstern__2007-10-18,Florian Hellstern,GK,1150000.0000000005,709711.0849047358,709711.0849047358,22237.407112963792
florian hubner__1991-03-01,Florian Hübner,DEF,255000.0000000001,219930.37387168565,219930.37387168565,23080.669999134334
florian kastenmeier__1997-06-28,,,,1547107.3058596323,1547107.3058596323,557.9292651808463
florian kruger__1999-02-13,Florian Krüger,MID,787499.9999999994,712518.0390587776,699143.6948392937,52341.38758721173
florian le joncour__1995-02-03,,,,1124749.20469539,1126792.9226635029,7731.079376309338
florian lejeune__1991-05-20,Florian Lejeune,DEF,3299999.9999999986,4079886.49199948,3994049.668581537,221265.97210129342
florian miguel__1996-09-01,,,,1679418.5412426572,1679418.5412426572,30830.88257032207
florian neuhaus__1997-03-16,,,,4680379.099586527,4955187.69902998,761081.8448249782
florian niederlechner__1990-10-24,,,,574580.9537423674,574580.9537423674,
florian sotoca__1990-10-25,,,,1656352.7029829994,1666809.6114428474,104911.54500617049
florian stritzel__1994-01-31,Florian Stritzel,GK,575000.0000000001,614280.9304844423,614280.9304844423,30326.02669883379
florian tardieu__1992-04-22,Florian Tardieu,MID,1350000.0,1171709.8578567219,1191134.4207129898,65935.95598293826
florian thauvin__1993-01-26,Florian Thauvin,MID,8499999.999999998,8465841.859122856,9152383.798477711,1194963.259754588
florian wirtz__2003-05-03,,,,139159043.96993893,138300945.45744258,5685307.661841371
flynn downes__1999-01-20,,,,6429762.742333021,6479338.838446793,712306.8233500202
fode ballotoure__1997-01-03,,,,2176351.0360093024,2176351.0360093024,12504.945200536022
fode doucoure__2001-02-03,,,,2332308.037938988,2339089.2547551803,47316.71436997251
fode sylla__2006-04-16,,,,1418828.0985797846,1396534.8150325485,64098.69791834422
folarin balogun__2001-07-03,,,,15200013.485693416,15404568.43609297,729548.249274815
formose mendy__2001-01-02,,,,2900559.66102381,2852545.416857018,169003.85219057824
fotis ioannidis__2000-01-10,,,,13654328.194595158,13792100.991926668,852062.2916157058
fousseni diabate__1995-10-18,,,,1369713.8534689348,1369713.8534689348,211702.77982107128
francesco acerbi__1988-02-10,,,,9255144.335466545,9255144.335466545,275269.5666935704
francesco bardi__1992-01-18,Francesco Bardi,GK,575000.0000000001,693937.8710945707,708015.1494814748,39105.06383481488
francesco camarda__2008-03-10,,,,2900236.2005928964,3024589.587891346,320691.76973093476
francesco cassata__1997-07-16,,,,675942.9506980915,670310.3038327668,29197.516821988684
francesco di mariano__1996-04-20,,,,1425949.1009663853,1425949.1009663853,69733.22025923345
francesco folino__2002-01-23,Francesco Folino,DEF,950000.0000000008,1091503.2631991343,1100524.5017974717,77589.32859141349
francesco gelli__1996-10-15,,,,874326.6581124847,874326.6581124847,97721.28175993722
francesco rossi__1991-04-27,Francesco Rossi,GK,84999.99999999996,138649.27365485052,130029.89738670946,17614.696173070723
francesco ruberto__1993-03-19,,,,249681.33794240453,249378.83668226132,8728.15214376632
francesco vicari__1994-08-03,,,,835674.5080222513,835674.5080222513,6850.606215234513
francesco zampano__1993-09-30,,,,1213100.2227729894,1227836.3142091045,40641.14459495107
franci bouebari__2003-09-12,,,,470617.75315431773,470617.75315431773,28394.566608346766
francis coquelin__1991-05-13,,,,1850578.9802074789,1801897.1118288662,88101.01242708268
francisco calvo__1992-07-08,,,,533507.3458143554,565237.948951471,71072.12284849538
francisco ortega__1999-03-19,,,,3315826.2538852543,3315826.2538852543,569130.7309731417
francisco petrasso__2002-01-28,,,,1417832.658875059,1392880.7688632165,79578.11763375407
francisco sierralta__1997-05-06,,,,1668893.0805178317,1654867.0961233499,60903.830491130066
francisco trincao__1999-12-29,Francisco Trincão,MID,30499999.999999948,30733871.044629633,30645341.2039708,2175553.5003156755
franck honorat__1996-08-11,,,,24308452.808519546,24308452.808519546,
franck surdez__2002-05-05,Franck Surdez,MID,1749999.9999999998,2164496.8481302024,2164496.8481302024,116050.79839038088
franco baldassarra__1998-09-29,,,,650471.1908617067,652566.6334459293,8456.61920242739
franco carboni__2003-04-04,,,,710041.6976208568,710041.6976208568,50272.25272793247
franco cervi__1994-05-26,,,,2047656.1868195394,2047656.1868195394,
franco fragapane__1993-02-06,,,,1264076.0659122313,1292478.3149129339,105209.2272635438
franco israel__2000-04-22,,,,5552902.754123928,5552902.754123928,
franco jara__1988-07-15,Franco Jara,FWD,600000.0000000003,643865.2239574374,651994.0208256601,15586.959019814256
franco mastantuono__2007-08-14,Franco Mastantuono,MID,36000000.000000045,22459844.887460254,22803731.42339668,2065785.0637063382
franco orozco__2002-01-09,,,,1730858.4951754857,1748787.0299822008,102290.97463921677
franco tongya__2002-03-13,,,,987515.8794999707,991846.6243027417,227446.8045520395
franco umeh__2005-01-26,,,,681156.1914982211,677209.799618843,26089.398888090927
franco vazquez__1989-02-22,Franco Vázquez,MID,1450000.0000000002,1132257.4132619891,1161495.4563799147,76320.68518379708
franjo ivanovic__2003-10-01,,,,9763842.188989706,9763842.188989706,
franjo prce__1996-01-07,,,,556470.2725670789,563287.404775973,41314.821402812784
frank feller__2004-01-07,,,,1895365.16150664,1866726.3721313719,56193.97757467966
frank magri__1999-09-04,Frank Magri,FWD,3049999.999999998,3750714.876394585,3662270.5580020435,681205.8975467791
frank onyeka__1998-01-01,,,,7138213.635149908,7316567.475911898,683939.6873483914
frank tsadjout__1999-07-28,Frank Tsadjout,FWD,1350000.0,1412356.877795743,1363464.1452418484,108369.49530170171
frankie kent__1995-11-21,Frankie Kent,DEF,1249999.999999999,1508964.51133198,1394018.7960230021,216795.964192982
frantzdy pierrot__1995-03-29,,,,1574492.1608120063,1578271.9803415255,73390.15447803623
franz stolz__2001-02-14,,,,817311.8405642301,789591.7647722041,68455.3458986587
fraser forster__1988-03-17,,,,425758.42413877475,425758.42413877475,25975.94183905934
fraser hornby__1999-09-13,,,,2282534.419256228,2256539.862321581,91570.37441419587
fraser murray__1999-05-07,,,,534573.7952876987,524075.5541374789,28141.03315460286
fraser taylor__2003-02-20,,,,225120.05914026362,225120.05914026362,4399.367056624453
fratcan uzum__1999-06-04,,,,429487.54435660446,434671.6266300309,22405.638989890125
freddie ladapo__1993-02-01,,,,407474.8543349823,407474.8543349823,30709.592054815435
freddie potts__2003-09-12,,,,9517648.459008407,9517648.459008407,718795.3546607527
freddie woodman__1997-03-04,,,,1369369.3754101018,1361258.2504890368,106070.54766274951
frederic guilbert__1994-12-24,,,,3897783.082514235,3897783.082514235,
frederik alves__1999-11-08,,,,1509293.614173578,1500724.0063617849,32007.855911511462
frederik carstensen__2002-04-09,,,,950962.8659405656,942360.3926108506,16053.09427864295
frederik christensen__2002-06-07,,,,684500.6536602931,669188.9744713318,43724.82421713859
frederik ihler__2003-06-25,,,,1039475.9901569238,1050003.4724634585,50050.15257434562
frederik jakel__2001-03-07,,,,1341021.6609846733,1332296.47799554,46513.15248665962
frederik lauenborg__1997-05-18,Frederik Lauenborg,MID,575000.0000000001,662806.7708756874,662806.7708756874,92455.09524488433
frederik rieper__1999-06-19,,,,570092.3240335946,570092.3240335946,32852.13530277237
frederik tingager__1993-02-22,Frederik Tingager,DEF,925000.0000000007,1439060.341585047,1415450.1848461889,100106.48879924236
fredrik aursnes__1995-12-10,,,,15751525.547244573,15894044.723433906,726642.5804626835
fredrik carlsen__2001-12-01,,,,1147889.3288446586,1165178.5079917659,46398.75381186088
fredrik hammar__2001-02-26,,,,2308900.3331215,2275414.748382818,104717.7565325427
fredrik jensen__1997-09-09,,,,1996886.0777051519,1996886.0777051519,96518.80363077506
fredrik oldrup jensen__1993-05-18,,,,388551.13107772137,392603.3485327518,29139.89765844116
fredrik oppegard__2002-08-07,Fredrik Oppegård,DEF,1400000.0000000007,1705966.3690122329,1752536.844707335,91504.83600770579
frenkie de jong__1997-05-12,Frenkie de Jong,MID,62250000.00000009,73658709.51477419,73658709.51477419,
friday etim__2002-05-21,,,,652427.9277730859,652427.9277730859,8212.331716824854
furkan bayr__2000-02-09,Furkan Bayır,DEF,1699999.9999999988,983041.2738266266,973657.6197129204,18477.95057931132
furkan beklevic__1999-01-31,,,,138087.70475389156,138087.70475389156,1512.842176101443
furkan gedik__2002-07-12,,,,520888.31028548273,505535.21443929785,48036.45698942025
furkan malak__2005-01-14,,,,212381.63290204783,212381.63290204783,16637.118563174616
furkan orak__2001-05-28,,,,224813.8249738228,219047.1406109233,25864.494800545464
furkan soyalp__1995-06-12,,,,1118069.2099959583,1093355.4480652318,76186.68037032153
fynn otto__2002-03-08,Fynn Otto,DEF,800000.0000000005,871450.5063553319,874086.1013866655,35380.417976193894
fynn schenten__2007-09-14,Fynn Schenten,FWD,687500.0000000002,399327.62281304406,391888.66978065635,30583.208584644424
gabin bernardeau__2006-01-24,,,,1606005.1055455273,1606005.1055455273,12412.640838399035
gabriel gudmundsson__1999-04-29,Gabriel Gudmundsson,DEF,13249999.99999999,13834554.761144,13734118.78100059,790121.3228389333
gabriel haider__2002-06-18,,,,283820.05886013294,283387.34846000024,7389.388821607936
gabriel iancu__1994-04-15,,,,422509.64891882945,427889.08171014936,28345.54910944393
gabriel osho__1998-08-14,,,,2483818.4611858847,2483818.4611858847,157113.31104066165
gabriel reiziger__2005-10-10,Gabriël Reiziger,MID,375000.00000000006,419271.7385926993,429456.5534052438,28698.010100480835
gabriel slonina__2004-05-15,,,,2505245.105211197,2641314.7698875545,441484.44390762644
gabriel suazo__1997-08-09,,,,4661724.224315261,4887458.07556458,544141.5293497877
gabriel vidovic__2003-12-01,Gabriel Vidović,MID,2599999.9999999986,2479735.6428378187,2485484.8854265176,89359.8060327273
gabriele artistico__2002-07-14,,,,887474.9375856731,887474.9375856731,
gabriele corbo__2000-01-11,,,,808000.5572610854,808000.5572610854,
gabriele guarino__2004-04-14,,,,1130097.8933957282,1102485.3867906574,88473.10053178483
gabriele moncini__1996-04-26,,,,1561853.947771045,1561853.947771045,51652.45123495834
gabriele piccinini__2001-04-06,,,,1793923.7950946055,1793923.7950946055,134107.51068164292
gabriele zappa__1999-12-22,,,,4877826.14679109,4998131.539003316,216337.33390639932
gaby jean__2000-02-19,,,,2010315.562411219,2010315.562411219,167750.04502418774
gael ondoua__1995-11-04,,,,645541.362200007,636947.8888097145,40099.329046539766
gaetan coucke__1998-11-03,Gaëtan Coucke,GK,1899999.9999999993,1003166.1754438641,995577.5741255851,25676.745156319153
gaetan paquiez__1994-02-15,,,,588899.7764769043,633266.291777586,87403.18761983582
gaetano castrovilli__1997-02-17,,,,3230589.6990245916,3188899.629258125,248049.194912657
gaetano letizia__1990-06-29,,,,527220.4878968785,527220.4878968785,
gaetano oristanio__2002-09-28,,,,5884361.88515701,5884361.88515701,215007.4456570157
gaius makouta__1997-07-25,,,,2446161.21260884,2446161.21260884,
gaizka larrazabal__1997-12-17,,,,1789532.9362416202,1845005.855362426,133163.22451252432
gaoussou diarra__2002-11-21,,,,3726872.119323945,3881212.2566517335,402144.91414129146
garang kuol__2004-09-15,,,,918717.6328884927,913117.548747174,18397.714951807586
gary magnee__1999-10-12,Gary Magnée,DEF,2150000.0,2644877.1325854342,2558895.651022708,264483.6456243758
gary oliver__1995-07-14,Gary Oliver,FWD,117499.99999999996,152085.33546536084,160819.70678713138,20305.868356911804
gaston alvarez__2000-03-24,,,,9184363.154750234,8960723.187691826,1045182.811159747
gaston avila__2001-09-30,Gastón Ávila,DEF,3799999.9999999995,1940576.1966176382,1961208.2866197147,45704.26921079468
gaston campi__1991-04-06,,,,523893.5264836054,523893.5264836054,4370.2296651609195
gauthier gallon__1993-04-23,,,,980729.1762872571,980729.1762872571,15433.165909065006
gauthier hein__1996-08-07,,,,7645849.373041228,7715252.798859568,848349.0065977147
gautier larsonneur__1997-02-23,,,,3154977.2357219364,3237179.909116569,228557.71021372787
gautier lloris__1995-07-18,,,,3379434.128025215,3422674.081260073,114488.11402400747
gavin bazunu__2002-02-20,,,,3255599.6670985627,3281814.744565847,309814.10624099965
gavin beavers__2005-04-29,Gavin Beavers,GK,462500.00000000006,377633.63476691395,371239.6007997473,15131.443581172263
gavin kilkenny__2000-02-01,Gavin Kilkenny,MID,462500.00000000006,517403.42372401804,499609.2332779907,56649.76311552538
gavin molloy__2001-10-19,,,,934623.7230535396,965500.5988085521,77045.83087449202
gennaro borrelli__2000-03-10,,,,1663409.775325409,1663409.775325409,
gennaro tutino__1996-08-20,,,,1863038.413607869,1867216.9672801697,50974.73407593012
geoffrey kondo__2002-05-02,Geoffrey Kondo,DEF,800000.0000000005,911336.3415841724,909496.4876824756,16328.876952605395
geoffrey kondogbia__1993-02-15,Geoffrey Kondogbia,DEF,8249999.9999999935,6966863.430999791,7241492.327649176,817299.402185524
geoffrey lembet__1988-09-23,,,,124614.02407822236,125003.95044951652,9604.092332239023
geoffry hairemans__1991-10-21,,,,1010763.8225909355,1010763.8225909355,65055.67143216155
george broadbent__2000-09-30,,,,424153.2445021416,424153.2445021416,
george byers__1996-05-29,,,,605502.4823902048,605219.8938276784,18687.316132537744
george dobson__1997-11-15,George Dobson,MID,1075000.0,1537050.0696126835,1537050.0696126835,152942.11668413522
george earthy__2004-09-05,George Earthy,MID,1600000.0000000012,1980062.1488044078,2034129.7140358028,147443.0010990848
george edmundson__1997-08-15,,,,2227709.4137985776,2227709.4137985776,156088.58425299908
george evans__1994-12-13,,,,421468.0614325204,425507.8649782642,32027.844056427475
george harmon__2000-12-08,,,,397175.6109546598,397175.6109546598,
george hirst__1999-02-15,George Hirst,FWD,2349999.999999999,3644482.1880071796,3574264.770899118,229194.00163440933
george ilenikhena__2006-08-16,,,,5555983.686543272,5555983.686543272,
george johnston__1998-09-01,George Johnston,DEF,850000.0000000005,875145.7491923962,877990.6170173106,45830.113759773674
george long__1993-11-05,,,,450523.1269408452,443381.58710043575,16782.629713512233
george mceachran__2000-08-30,,,,433420.8370971019,433420.8370971019,
george saville__1993-06-01,,,,1118268.5933041396,1118268.5933041396,56104.00570668336
george stanger__2000-08-15,,,,414689.7517024331,418640.4679575345,21633.615925090326
george wickens__2001-11-08,George Wickens,GK,674999.9999999998,961857.8055703717,939200.0684385634,59254.90170433882
georges mikautadze__2000-10-31,,,,23574059.215491585,24125781.665505514,2949680.5670192223
georgie gent__2003-09-23,,,,1093486.328594185,1085484.8612610202,47379.6534850715
georginio rutter__2002-04-20,,,,21068770.09498464,20778889.846400864,577997.0018459456
georgios giakoumakis__1994-12-09,,,,3979071.12187111,3957779.327471429,174380.64236003425
georgios koutsias__2004-02-08,,,,1530353.7880656691,1530353.7880656691,
georgios kyriopoulos__2004-08-24,,,,1334222.0335621277,1337192.4986383652,12959.543988806849
georgios liavas__2001-02-12,,,,1702346.937435538,1702346.937435538,31291.782921190315
georgios masouras__1994-01-01,,,,2089525.607884325,2089525.607884325,216126.7780157607
georgios nikas__1999-09-17,,,,1084407.7625561052,1080952.080208285,19219.717311795877
georgios vagiannidis__2001-09-12,,,,8743804.237363879,8743804.237363879,363213.9285696196
georgios vrakas__2001-04-28,,,,566690.8670716713,566690.8670716713,11383.480817974722
georgiy bushchan__1994-05-31,Georgiy Bushchan,GK,3000000.000000001,1532402.0790792322,1467825.2700690646,179892.4190740297
georgiy dzhikiya__1993-11-21,,,,1974914.6632629305,1981899.412426379,60485.571877394585
georgiy sudakov__2002-09-01,,,,27498531.771784525,28128072.344975147,2150669.369246025
gerald alders__2005-05-07,,,,587262.6577751826,587262.6577751826,12471.337336858585
gerard vandeplas__2006-02-25,,,,291988.52114626666,303464.13567798416,31045.943642090224
german conti__1994-06-03,,,,1388840.9340341296,1388840.9340341296,49611.46863241024
german onugkha__1996-07-06,,,,1524039.6513544915,1525148.6179282297,140972.2131005379
german pezzella__1991-06-27,,,,1268018.250416356,1268018.250416356,
gernot trauner__1992-03-25,Gernot Trauner,DEF,2000000.0000000016,1967684.7046549125,1965971.3885367126,48665.56796056495
geronimo rulli__1992-05-20,Gerónimo Rulli,GK,8999999.999999996,8980112.762114886,8980112.762114886,527153.4960865187
gerrit holtmann__1995-03-25,,,,1326604.5599538542,1280136.274368456,235619.65994323004
gerrit nauber__1992-04-13,Gerrit Nauber,DEF,549999.9999999998,781089.0738540923,789226.1852821168,49679.719713552775
gessime yassine__2005-11-22,,,,3499371.280732144,3563042.73885862,448935.5693306191
gethin jones__1995-10-13,,,,421265.9526858675,421265.9526858675,
gheorghe grozav__1990-09-29,,,,545367.3526910043,550158.9929775337,36911.157689323474
ghislain konan__1995-12-27,Ghislain Konan,DEF,4349999.999999996,2334962.951792777,2343449.8543339707,97731.88742865105
giacomo calo__1997-02-05,,,,1327103.3866193828,1309042.5327712605,43524.52675043688
giacomo corona__2004-02-24,Giacomo Corona,FWD,850000.0000000005,925782.569411815,925782.569411815,29720.22444406078
giacomo poluzzi__1988-02-25,,,,124189.23020315044,124189.23020315044,19667.962626707296
giacomo quagliata__2000-02-19,,,,1886530.4126249377,1886530.4126249377,46195.40404554935
giacomo raspadori__2000-02-18,,,,19781928.38661348,19781928.38661348,1718929.7877737593
giacomo satalino__1999-05-20,,,,593559.3483262021,581616.3939488025,25795.06973671956
giacomo stabile__2005-04-12,,,,1121248.1723373288,1121248.1723373288,
giandro sambo__2006-08-28,,,,259946.09391982216,261176.9525520022,5225.532158622038
giangiacomo magnani__1995-10-04,,,,2461028.642145796,2470578.8696851754,106624.44527090684
gianluca busio__2002-05-28,Gianluca Busio,MID,6099999.999999996,6334626.282059733,6207636.195531718,987602.4299441432
gianluca caprari__1993-07-30,,,,2869431.2933421135,2860619.283490236,47253.631986188106
gianluca di chiara__1993-12-26,,,,1020993.7167114997,1020993.7167114997,40760.59640556364
gianluca frabotta__1999-06-24,,,,1189135.9500424091,1187178.3745666204,15251.130882867395
gianluca gaetano__2000-05-05,,,,4435669.427494856,4204408.94887372,425354.83268986206
gianluca gaudino__1996-11-11,,,,473312.5829958191,473312.5829958191,20075.72254581233
gianluca lapadula__1990-02-07,,,,716245.8522602919,730948.2011644541,49860.71089171133
gianluca mancini__1996-04-17,Gianluca Mancini,DEF,30250000.000000015,26907099.567981906,26907099.567981906,725895.5685915736
gianluca prestianni__2006-01-31,Gianluca Prestianni,MID,7199999.9999999935,4534400.151874132,4534400.151874132,4333.736079282764
gianluca scamacca__1999-01-01,,,,16348850.122028079,16008566.662428852,956320.3149316438
gianluigi donnarumma__1999-02-25,,,,64811979.684385695,64811979.684385695,2820790.753585309
gianmarco cangiano__2001-11-16,,,,315335.4058691091,315335.4058691091,30100.55333497979
giannino vianello__2007-06-10,Giannino Vianello,DEF,299999.99999999977,272164.9475195224,270031.06774109916,10884.989594446555
giannis anestis__1991-03-09,,,,410047.0728617374,410047.0728617374,
giannis bokos__2007-02-03,,,,846099.3310968966,848434.4326331374,59648.50560863247
giannis konstantelias__2003-03-05,,,,24387674.091988135,24387674.091988135,3761163.4480219916
giannis michailidis__2000-02-18,,,,3539308.607207231,3551499.8424333967,63592.49848844556
giannis papanikolaou__1998-11-18,,,,1454499.592072329,1454499.592072329,
gibson yah__2003-09-27,,,,2094380.1836780536,2081063.570749706,44295.21251459878
gideon jung__1994-09-12,Gideon Jung,DEF,700000.0000000006,653669.1225136196,656680.7469844861,13560.021928453389
gideon mensah__1998-07-18,,,,3973212.0175070935,3823158.268034965,280583.9886939812
gift links__1998-10-02,,,,2220847.709405518,2180229.4701350657,575053.0754277833
gift orban__2002-07-17,,,,8991653.28108693,8944000.591015492,788161.907057782
gijs smal__1997-08-31,,,,3658045.0762815615,3658045.0762815615,386285.37216864625
gilbert mendy__2004-11-05,,,,378492.680166787,371618.3276119622,54422.08887725339
gino infantino__2003-05-19,,,,1243786.4272047507,1250032.4962158022,11955.545204760074
giorgi abuashvili__2003-02-08,,,,1439269.633958366,1439269.633958366,
giorgi chakvetadze__1999-08-29,,,,4594773.025228952,5370598.810578825,1366952.9447984516
giorgi gocholeishvili__2001-02-14,Giorgi Gocholeishvili,DEF,2300000.0,1990881.8519090032,1990881.8519090032,134434.27068063858
giorgi kochorashvili__1999-06-29,,,,6358274.374147845,6601610.154782107,1375364.0669845599
giorgi kvernadze__2003-02-07,Giorgi Kvernadze,MID,1200000.0000000005,1094666.0559286182,1078241.9328097252,80335.40984568888
giorgi mamardashvili__2000-09-29,,,,32531170.31103049,33015995.17186834,1857858.6345149174
giorgi tsitaishvili__2000-11-18,Giorgi Tsitaishvili,MID,2000000.0000000016,2962343.3600342693,2938014.6011724356,68026.65941062331
giorgio altare__1998-08-09,,,,1349660.7781050983,1349660.7781050983,
giorgio cittadini__2002-04-18,,,,1206190.3012788994,1206190.3012788994,44775.094581097495
giorgio scalvini__2003-12-11,,,,19480933.624303237,19649523.024396896,717126.5547326002
giovani lo celso__1996-04-09,,,,21430143.525804814,21601740.587818336,1955375.1310783506
giovani versini__2004-03-18,,,,966986.1202785559,953771.81855556,50376.66999287706
giovanni bonfanti__2003-01-17,Giovanni Bonfanti,DEF,1550000.0000000012,1764541.525954605,1766564.7342508761,13879.402983775335
giovanni daffara__2004-12-05,Giovanni Daffara,GK,850000.0000000005,926341.5951255597,933500.9040975922,20290.234355911238
giovanni di lorenzo__1993-08-04,Giovanni Di Lorenzo,DEF,20749999.99999997,20747534.468766082,20617183.205617446,2040954.8402191764
giovanni fabbian__2003-01-14,,,,8331082.125023983,8171102.844362659,373520.82706826227
giovanni garofani__2002-10-20,,,,602072.045430687,602072.045430687,12622.109252231206
giovanni leoni__2006-12-21,,,,3455481.38719238,3446322.3518538787,529078.7657014441
giovanni reyna__2002-11-13,,,,3347707.328264258,3347707.328264258,
giovanni simeone__1995-07-05,,,,7131699.431347961,7117403.916684451,599677.3620704147
giovanni van zwam__2004-01-02,Giovanni van Zwam,DEF,612499.9999999997,598179.5827493023,617048.4869574428,31296.77655551784
giovanni zaro__1994-05-12,,,,1354755.6661665214,1352989.66625829,65722.50822310695
giulian biancone__2000-03-31,,,,3917333.7028318355,3917333.7028318355,25166.37562318009
giuliano simeone__2002-12-18,,,,53968163.60945848,53549276.16350195,2505067.2325004083
giulio maggiore__1998-03-12,,,,2308993.1454245355,2238297.0386162186,177030.11712478485
giuseppe ambrosino__2003-09-10,,,,2273862.2439456247,2386249.5621061698,282172.4178070462
giuseppe aurelio__2000-03-22,,,,1494478.1735195112,1494478.1735195112,128076.29456561086
giuseppe caso__1998-12-09,,,,1403044.9779492337,1403044.9779492337,
giuseppe ciocci__2002-01-24,,,,230122.64817941363,230122.64817941363,
giuseppe di serio__2001-07-20,Giuseppe Di Serio,FWD,1249999.999999999,1036176.3957017945,985134.249033342,101450.18501479058
giuseppe pezzella__1997-11-29,Giuseppe Pezzella,DEF,2100000.000000001,2152337.1307549556,2152337.1307549556,88405.87991820922
givairo read__2006-06-02,,,,9551535.892852277,9648547.208524473,467523.43172895815
givaro rahajaan__2008-02-19,,,,463108.5872871516,463108.5872871516,
gjivai zechiel__2004-06-01,Gjivai Zechiël,MID,5450000.0,3166995.839834833,3163332.5244403062,140053.92461568548
glen kamara__1995-10-28,,,,3103139.1443963856,3079886.8475933145,281314.9246607007
glenn middleton__2000-01-01,Glenn Middleton,MID,575000.0000000001,546016.4884822294,554684.0679565835,27357.529354491686
godfried frimpong__1999-04-21,,,,1387256.6919065788,1400051.9588322279,82022.05467042682
godson kyeremeh__2000-06-14,,,,1486085.231424433,1435677.673997633,128020.75212795175
gokdeniz gurpuz__2006-02-25,,,,566124.8895863738,566124.8895863738,
gokhan akkan__1995-01-01,,,,669721.6170590254,669721.6170590254,26252.286962097718
gokhan degirmenci__1989-03-21,Gökhan Değirmenci,GK,90000.00000000001,144325.10794375508,143931.55714043393,14062.788363903752
gokhan gul__1998-07-17,,,,1044641.575151792,1045493.3718535597,57012.82858060858
gokhan sazdag__1994-09-20,,,,1633416.3632820984,1633416.3632820984,
goktan gurpuz__2003-01-22,,,,884284.6871471762,884284.6871471762,
goncalo esteves__2004-02-27,,,,907966.0889676185,907966.0889676185,87807.9061880045
goncalo nogueira__2003-12-28,,,,1330776.34095407,1301878.7196815503,168628.56420953403
gonzalo crettaz__2000-02-28,,,,2396453.326181238,2396453.326181238,276376.67914900684
gonzalo maroni__1999-03-18,,,,1520603.2341868496,1520603.2341868496,43845.08793446794
gonzalo montiel__1997-01-01,,,,7165466.373653409,7117245.217544864,351458.52090522833
gora diouf__2003-09-20,,,,2143511.2773246043,2143511.2773246043,8741.212795198866
gorkem saglam__1998-04-11,Görkem Sağlam,MID,1400000.0000000007,2018813.55372679,2018813.55372679,57498.90262149615
grady diangana__1998-04-19,,,,1622407.9998735236,1622407.9998735236,410866.4849807636
graham burke__1993-09-21,,,,749427.6087766711,746668.5175571368,22805.426764494183
graham carey__1989-05-20,,,,286073.6551818745,264691.2586219621,56784.468359640254
granit xhaka__1992-09-27,,,,27908680.81813638,27908680.81813638,822340.9366768373
grant hanley__1991-11-20,,,,661066.6630985173,661066.6630985173,9042.556273909922
grantleon ranos__2003-07-20,,,,747910.2928884252,763542.8961667884,58906.92883618996
greg cunningham__1991-01-31,,,,135481.62082131804,131029.30203896602,14535.582932731737
greg docherty__1996-09-10,,,,906738.0284770296,906424.9842936659,46510.35873901931
greg kiltie__1997-01-18,,,,399700.50702637335,418640.38704888884,52974.212983747784
greg leigh__1994-09-30,Greg Leigh,DEF,600000.0000000003,879749.8632005426,879749.8632005426,
greg taylor__1997-11-05,,,,3069266.8646532744,3139742.3086276567,252252.78959733635
gregoire coudert__1999-04-03,,,,1419670.2114654917,1392441.2970864258,51735.972403298816
gregor kobel__1997-12-06,,,,39914255.890719935,39914255.890719935,
grejohn kyei__1995-08-12,,,,1153770.263796505,1153521.13878881,57518.46755644127
griffin yow__2002-09-25,,,,2416905.160144061,2444759.2528391946,199506.1371790243
grigoris kastanos__1998-01-30,Grigoris Kastanos,MID,2150000.0,2341367.895814752,2341367.895814752,
grischa promel__1995-01-09,Grischa Prömel,MID,4999999.999999999,6709567.276609767,6662273.254455586,150837.99253655472
guela doue__2002-10-17,,,,11736072.1550383,11736072.1550383,
guglielmo vicario__1996-10-07,,,,23598885.093619127,23500584.79351122,3462243.2735243454
guido carrillo__1991-05-25,,,,3650148.558736395,3741675.2002961757,507736.26030827255
guido herrera__1992-02-29,,,,2455267.114993043,2455267.114993043,
guido rodriguez__1994-04-12,,,,4409090.269066735,4232014.843681046,394207.9400501667
guillaume dietsch__2001-04-17,Guillaume Dietsch,GK,775000.0000000007,1058777.8010198164,1058877.3825886885,7125.238242727884
guillaume francois__1990-06-03,,,,207292.8658101488,204917.48664129176,31782.37592102716
guillaume restes__2005-03-11,Guillaume Restes,GK,21750000.00000003,10894603.044062516,10894603.044062516,417262.99346628936
guillermo cotugno__1995-03-12,,,,950768.9073504158,936185.4428196361,26781.27403501405
guillermo maripan__1994-05-06,,,,4678291.488932959,4562465.794791959,349954.2280395204
guillermo soto__1994-01-19,,,,628874.0197369875,638124.9918823186,19259.852642275004
gustaf lagerbielke__2000-04-10,,,,2194317.9165813015,2206341.689188863,142231.80060420686
gustaf nilsson__1997-05-23,,,,3309037.4427712457,3309037.4427712457,
gustav christensen__2004-09-07,,,,660842.7922228582,660842.7922228582,
gustav grubbe__2003-01-27,Gustav Grubbe,MID,562500.0000000003,623255.1512031287,614547.9063997758,26187.690953448073
gustav isaksen__2001-04-19,,,,11715254.558197804,11777954.029527416,820546.1489673841
gustav marcussen__1998-06-12,,,,430028.8584614804,411458.84748533415,63733.69294535383
gustav mortensen__2004-03-19,,,,580258.4838274978,580258.4838274978,1869.5947169834274
gustavo hamer__1997-06-24,Gustavo Hamer,MID,11250000.000000019,9151718.837547371,9106293.514634553,912629.3086058141
gustavo klismahn__1999-11-23,,,,1087667.329514023,1120449.8606763317,94316.44703356834
gustavo puerta__2003-07-23,,,,2096266.2315857196,2094754.5733028552,52992.23683570656
guus offerhaus__2001-01-03,,,,616247.3094679918,605124.6723049245,34078.162528751214
guus til__1997-12-22,,,,12719703.654973537,12719703.654973537,50979.21142016834
guven yalcn__1999-01-18,,,,1759940.0841509919,1759940.0841509919,
gvidas gineitis__2004-04-15,Gvidas Gineitis,MID,2349999.999999999,2777042.030027697,2777042.030027697,59378.28923478055
gyan de regt__2003-08-18,,,,1286581.8757343704,1287298.8522919714,83684.28811902538
gyrano kerk__1995-12-02,Gyrano Kerk,MID,2400000.000000001,1888488.2415537403,1941215.5533792174,111328.47625089608
habeeb ogunneye__2005-11-12,,,,439347.02779067354,442530.33281791146,13764.105609156431
habib diarra__2004-01-03,,,,20681800.477798007,19613001.53164965,2701251.256802671
habib keita__2002-02-05,,,,1826792.7332497044,1826792.7332497044,115969.3303450062
habib maiga__1996-01-01,,,,1575834.3791897765,1575834.3791897765,30703.523227991027
haissem hassan__2002-02-08,,,,7347665.881348239,7347665.881348239,1778693.953486798
haitam aleesami__1991-07-31,,,,421785.1407088571,428180.2894093823,35852.25858192227
hakan calhanoglu__1994-02-08,,,,46810153.73858817,46810153.73858817,2589849.8061467092
hakeem odoffin__1998-04-13,Hakeem Odoffin,DEF,899999.9999999995,1300337.7524122933,1371800.468933866,169956.35830945478
hakim sahabo__2005-06-16,Hakim Sahabo,MID,1299999.9999999993,1315058.8276950924,1315058.8276950924,
hakon arnar haraldsson__2003-04-10,,,,20649696.589732457,20649696.589732457,
hakon evjen__2000-02-14,,,,3624950.973133881,3582150.577193379,270025.4894139406
hakon valdimarsson__2001-10-13,,,,2173766.779751191,2168758.1752777817,247226.37279408597
hamari traore__1992-01-27,,,,4317607.887086191,4301831.161724265,72297.62040549685
hamidou makalou__2006-07-15,,,,948002.6371735795,948002.6371735795,39532.94568560331
hamza choudhury__1997-10-01,,,,2631103.849207244,2620146.918315869,416548.904468641
hamza gureler__2006-04-10,Hamza Güreler,DEF,674999.9999999998,1013776.7146210236,1011354.0231476268,51174.79621878212
hamza igamane__2002-11-02,Hamza Igamane,MID,8249999.9999999935,11613110.69047919,11613110.69047919,190034.86179644667
hannes delcroix__1999-02-28,Hannes Delcroix,DEF,2900000.0000000014,1777065.9334521045,1792000.9698897395,135782.13454178977
hannes hermann__2005-03-23,,,,219204.703358317,219204.703358317,2092.7813706770867
hannes van der bruggen__1993-04-01,,,,1370750.8256228792,1402688.1629142764,92534.67992868506
hannes wolf__1999-04-16,,,,2247793.7953008334,2247793.7953008334,68856.75991281896
hannoah massengo__2001-07-07,,,,7483059.694173964,7483059.694173964,
hans christian bernat__2000-11-13,Hans Christian Bernat,GK,749999.9999999998,939888.6559659094,939888.6559659094,706.3583232478617
hans hateboer__1994-01-09,,,,3154011.475031254,3182415.604932908,149119.98879980075
hans nicolussi caviglia__2000-06-18,Hans Nicolussi Caviglia,MID,5250000.0,11206158.153750326,11113836.55067065,751713.9197847096
hans vanaken__1992-08-24,,,,12455787.42391842,12717877.093193332,622464.5411843774
hany mukhtar__1995-03-21,,,,10142616.543169396,10105901.56916108,1657132.9286088187
haris belkebla__1994-01-28,,,,2864719.549851606,2944954.822146752,354406.2428272452
haris hajradinovic__1994-02-18,,,,5929107.803359394,5547343.090512914,854475.2765118993
haris tabakovic__1994-06-20,,,,3790107.993637202,3790107.993637202,235867.6779628489
harold moukoudi__1997-11-27,,,,8676815.06316399,8676815.06316399,
harrison armstrong__2007-01-19,,,,10040201.04314259,10541551.24000005,1426260.8123418924
harrison ashby__2001-11-14,,,,545098.0494644536,531039.7183994454,130763.22857844226
harrison jones__2004-12-25,,,,449541.8476623035,443617.9430228551,34417.22213595905
harrison reed__1995-01-27,,,,2691584.6917149806,2691584.6917149806,321457.4506882946
harrison sohna__2002-07-01,Harrison Sohna,MID,175000.00000000012,211284.94982822955,210424.66286104772,18324.390573649922
harry clarke__2001-03-02,,,,2575023.349876846,2490441.0038069896,154737.21234884774
harry cornick__1995-04-09,,,,1255066.9064921467,1255066.9064921467,
harry kane__1993-07-28,,,,61988767.6696395,59685316.86093368,6587201.896942537
harry maguire__1993-03-05,,,,10531315.892771237,10531315.892771237,15097.34232200014
harry mckirdy__1997-03-29,,,,335693.6220775049,335693.6220775049,33600.64760253731
harry milne__1996-10-29,Harry Milne,DEF,700000.0000000006,766747.252284146,717761.7879373867,192151.38308842923
harry smith__1995-05-18,,,,448983.4275429135,438778.3561497065,21666.53496773683
harry souttar__1998-10-22,,,,2731482.8296953705,2770400.8782578767,244321.36224329707
harry toffolo__1995-08-19,,,,2220584.0461804545,2163745.5308652464,146787.51975986708
harry wilson__1997-03-22,,,,15471748.202167967,15011395.761049312,1088103.6986050673
harry winks__1996-02-02,,,,4416810.669796249,4416810.669796249,
harvey barnes__1997-12-09,,,,26958020.76009445,26958020.76009445,2120464.852649899
harvey elliott__2003-04-04,,,,26893960.034891568,26893960.034891568,6443036.475105684
harvey griffiths__2003-09-22,,,,361114.4065504032,355281.8784864424,42832.55618343343
harvey rodgers__1996-10-20,,,,389131.33701294777,389131.33701294777,49601.119497879765
harvey vale__2003-09-11,,,,1404730.0777460362,1431692.9594652136,222625.9032254796
hasan kurucay__1997-08-31,,,,1120625.3140341702,1109715.7903864647,75590.91058514614
hasip korkmazyurek__2003-05-01,Hasip Korkmazyürek,MID,187500.0,216670.89227070176,213991.51239883387,9292.994028777799
hassane kamara__1994-03-05,,,,1935201.9548127176,1926439.0709629315,92000.16003815296
hatim essaoubi__2000-12-13,,,,730131.5666929968,736128.461208218,38905.179291409135
havard nielsen__1993-07-15,Håvard Nielsen,MID,862499.9999999998,659478.7655787673,659478.7655787673,
hayden coulson__1998-06-17,,,,717129.8281953348,723575.1671654751,33454.1158468766
haydon roberts__2002-05-10,,,,2210249.476884943,2250245.129920895,193257.17914820748
heinz lindner__1990-07-17,,,,130063.28756811627,130063.28756811627,
hendrik van crombrugge__1993-04-30,,,,806175.0698567359,806175.0698567359,64503.378057435
hendry blank__2004-08-21,,,,1135538.171924629,1152897.489087497,30634.810150866604
henk veerman__1991-02-26,,,,590827.1723403577,577681.670947192,55118.34013867545
hennes behrens__2005-01-19,Hennes Behrens,DEF,587500.0000000002,574406.9468540461,580365.3186800769,28314.458524279427
henning matriciani__2000-03-14,,,,550482.4913478204,569812.5434309077,61776.52876127877
henok teklab__1998-11-16,,,,662029.7083222009,662029.7083222009,17611.320063371837
henri saivet__1990-10-26,,,,487381.7547990647,487381.7547990647,27354.811783635665
henrik heggheim__2001-04-22,,,,1643780.3667165395,1643780.3667165395,131154.63181381454
henrikh mkhitaryan__1989-01-21,,,,11540807.408190453,11540807.408190453,1116878.7081120934
henry cartwright__2004-12-11,,,,387944.6732376901,386110.0833219298,33821.117983231095
henry onyekuru__1997-06-05,,,,2371577.7975141457,2451383.473383626,300434.3623843526
herbie kane__1998-11-23,Herbie Kane,MID,1050000.0000000007,737582.1141936098,751538.4764237099,34824.612391088645
heriberto jurado__2005-01-03,Heriberto Jurado,MID,1550000.0000000012,1037769.4598184288,1084376.064375371,95947.88306055375
hernan de la fuente__1997-01-07,,,,1560916.7222933224,1590656.9790269884,146126.1170798699
herve koffi__1996-10-16,,,,3788328.777772493,3878098.1656884225,417768.0653974221
herve matthys__1996-01-19,,,,732088.4952060367,732088.4952060367,56552.36916979037
hervin ongenda__1995-06-24,,,,1061245.68136156,1054492.2508498575,28754.94291051317
hiangaa mbock__1999-12-28,Hianga'a Mbock,MID,899999.9999999995,1010147.7054272206,1018280.8910931104,44482.9859796953
hicham boudaoui__1999-09-23,,,,10294777.01661443,10294777.01661443,1027940.4613688103
hicham mahou__1999-07-02,,,,943987.3575247806,943987.3575247806,8241.236606474919
hidde jurjus__1994-02-09,,,,430378.6265676287,436177.09860037576,14262.906611565924
hidemasa morita__1995-05-10,,,,10598706.25426232,10791585.776200544,893280.3689684576
hilmir rafn mikaelsson__2004-02-02,,,,735747.6016675391,735747.6016675391,66119.43742621217
himad abdelli__1999-11-17,,,,14661656.010614071,14547479.361155782,495667.399645033
hiroki ito__1999-05-12,Hiroki Ito,DEF,21250000.000000034,18790834.77454677,18757403.741107896,173150.82868411575
hiroki sakai__1990-04-12,Hiroki Sakai,DEF,950000.0000000008,467824.2365026349,459743.4633678036,37986.84310845946
hirving lozano__1995-07-30,,,,10034205.175453598,10674999.38038266,1402329.2030464455
hjalmar ekdal__1998-10-21,,,,3198790.570507801,3198790.570507801,74992.64195561413
hjalte boe rasmussen__2007-10-15,,,,387500.9794496349,388586.0330912009,19506.60610864958
hobie verhulst__1993-04-02,,,,393557.0594402782,403248.17802445765,32070.53373162278
honest ahanor__2008-02-23,Honest Ahanor,DEF,11299999.99999999,2745305.9393435395,2737911.2746749367,200379.56183766943
horatiu moldovan__1998-01-20,,,,1842470.1829522718,1842470.1829522718,358996.97939760616
hosine bility__2001-05-10,Hosine Bility,DEF,262500.00000000023,369742.74616660335,360559.5752247022,23709.85532160634
houboulang mendes__1998-05-04,,,,1234218.778977031,1223762.682215875,26111.81990863589
houssem aouar__1998-06-30,Houssem Aouar,MID,11000000.000000013,11399101.35590331,11451422.618965022,349092.1165139773
hristiyan petrov__2002-06-24,,,,981826.6038760412,981826.6038760412,32699.7259746144
hrvoje smolcic__2000-08-17,,,,2991114.372832823,3000360.1079012714,200468.77540397912
hugo andersson__1999-01-01,,,,391295.59260921594,391295.59260921594,
hugo bolin__2003-07-24,Hugo Bolin,MID,1499999.9999999986,1689695.5344134863,1681149.0062763244,63167.9571145471
hugo cuypers__1997-02-07,Hugo Cuypers,FWD,10499999.999999994,10283080.738107275,10092234.199709607,530442.7401498051
hugo ekitike__2002-06-20,,,,70744527.8580649,68994495.19869064,4954228.6974498555
hugo gambor__2002-12-30,Hugo Gambor,DEF,1150000.0000000005,1382859.3354730774,1458052.7394171855,228636.92382136
hugo lambotte__2006-06-20,,,,245821.48039879874,245608.04841670214,11989.06980613776
hugo larsson__2004-06-27,Hugo Larsson,MID,35750000.00000005,26667735.466380607,25166071.19598922,3903420.33991166
hugo lloris__1986-12-26,,,,562302.0582642796,526839.4161099938,71560.04410684845
hugo magnetti__1998-05-30,,,,8842056.240045382,8842056.240045382,
hugo siquet__2002-07-09,,,,3111477.527543162,3111477.527543162,180477.5924284996
huseyin turkmen__1998-01-01,,,,938972.8443011964,938972.8443011964,
hussein ali__2002-03-01,,,,659890.1023529985,643460.324925483,104594.7833831832
ian harkes__1995-03-30,,,,765223.5963386011,765223.5963386011,89906.86568601539
ian lawlor__1994-10-27,,,,165981.43472308826,168602.3248049948,5785.359097679984
ian maatsen__2002-03-10,,,,30084040.749438494,30084040.749438494,3055898.746747606
ian poveda__2000-02-09,,,,1566414.4948686084,1556640.418826503,18277.79677599013
ian struyf__2007-08-22,,,,904509.5280858227,904582.1165125737,17790.580834523855
ianis hagi__1998-10-22,,,,2738736.757783086,2738736.757783086,
ianis stoica__2002-12-08,,,,2800195.3315516324,3016384.3362191613,406952.88072856446
ibe hautekiet__2002-04-13,,,,2195551.227351491,2111984.316350523,171175.0458949954
ibou sane__2005-03-28,,,,1216275.7661520008,1216275.7661520008,
ibrahim cisse__1996-05-02,,,,1206687.1270876904,1215838.2530142514,21992.363493378
ibrahim cissoko__2003-03-26,,,,1761239.2733606137,1761239.2733606137,111509.56551635805
ibrahim diabate__1999-11-17,,,,2318933.1259361827,2317533.99383511,76659.86338603562
ibrahim diakite__2003-10-31,,,,1607134.4951586924,1607134.4951586924,109944.79926796677
ibrahim kaya__2001-03-09,,,,1027899.860988193,1027899.860988193,75371.24425233941
ibrahim maza__2005-11-24,,,,9365319.390835095,9365319.390835095,933163.0683062902
ibrahim mbaye__2008-01-24,,,,9067857.728837198,9343142.400366185,814780.9624159973
ibrahim olawoyin__1997-12-01,Ibrahim Olawoyin,MID,1699999.9999999988,1630310.2691716505,1630310.2691716505,70252.15649010449
ibrahim osman__2004-11-29,,,,4647994.328578355,4647994.328578355,
ibrahim sabra__2006-02-01,,,,892506.1881833776,892506.1881833776,
ibrahim sadiq__2000-05-07,,,,3120669.8173443894,3044131.958617178,246883.9553093445
ibrahim said__2002-06-15,,,,1179707.987948085,1159786.2509061748,89747.7148612493
ibrahim salah__2001-08-30,,,,2365071.795324171,2445736.664148359,272123.76064885803
ibrahim sangare__1997-12-02,,,,14447713.010851374,14400218.186780633,540861.7035907981
ibrahim sulemana__2003-05-22,,,,4512272.201804028,4513390.511567341,141187.41165538825
ibrahima balde__2003-01-17,,,,1001972.7251669196,990246.4972952532,61529.58798521038
ibrahima breze fofana__2002-08-15,,,,1009213.1320503858,1009213.1320503858,30795.195651140017
ibrahima konate__1999-05-25,,,,60343079.30691221,58836526.605490774,5791810.115012694
ibrahima sissoko__1997-10-27,,,,6501475.449887767,6552461.343033929,203369.30135322784
ibrahima sory bangoura__2004-01-05,,,,3246515.7420268105,3228528.5206162347,82388.11289704064
iddrisu baba__1996-01-22,,,,1990844.0863489409,1990844.0863489409,
idrissa gueye__1989-09-26,Idrissa Gueye,MID,2950000.000000002,4031873.7556507005,3965017.454925972,129432.00789957539
idrissa gueye__2006-09-16,Idrissa Gueye,FWD,2250000.000000001,3485664.367655506,3492967.399763545,322344.08288575284
idrissa toure__1998-04-29,,,,1737000.5967062637,1743885.5901097327,258361.34981775872
ignace van der brempt__2002-04-01,,,,3728334.1524347193,3728334.1524347193,192113.6157971687
ignacio de arruabarrena__1997-01-16,,,,2525193.7623522957,2431087.1962211155,330976.16390199366
ignacio miramon__2003-06-12,,,,1612257.9969233372,1612257.9969233372,73616.41761420952
ignacio pussetto__1995-12-21,Ignacio Pussetto,FWD,2050000.000000001,1590306.3349221742,1575912.2949675014,108651.38900583908
ignatius ganago__1999-02-16,,,,2498206.578201239,2498206.578201239,87510.44363142447
igor vekic__1998-05-06,,,,655875.2489722245,652800.6747213167,12931.114149276387
ihlas bebou__1994-04-23,,,,3594960.1503010225,3594960.1503010225,259682.55183845395
ike ugbo__1998-09-21,,,,1966663.1096663487,1998343.6358469035,70306.14768745766
ilaix moriba__2003-01-19,,,,19311428.52700036,19311428.52700036,721407.1539645614
ilan kebbal__1998-07-10,,,,9930092.886028623,9930092.886028623,
ilario monterisi__2001-12-19,,,,1861527.749832487,1888021.9863866812,179594.4478058102
ilay camara__2003-01-18,Ilay Camara,DEF,3499999.9999999995,2657385.323262982,2625194.880248038,85972.37290094227
ilia gruev__2000-05-06,,,,6380856.698405251,6380856.698405251,
ilias akhomach__2004-04-16,Ilias Akhomach,MID,10750000.000000006,8702607.855811706,8634401.552967396,833558.3998502182
ilias bronkhorst__1997-05-10,,,,870378.9139568844,853067.7930545278,49543.439933119065
ilias kostis__2003-02-27,Ilias Kostis,DEF,1400000.0000000007,1936195.9028942608,1961450.0360962339,116087.27815056179
ilias sebaoui__2001-10-04,Ilias Sebaoui,MID,1899999.9999999993,1581582.1638184448,1567996.269931824,69742.73520671671
iliman ndiaye__2000-03-06,,,,43291140.37980872,43291140.37980872,
ilkay gundogan__1990-10-24,,,,11139357.747655123,11139357.747655123,
illan meslier__2000-03-02,,,,2696546.575360672,2696546.575360672,41845.047629404806
ilmari niskanen__1997-10-27,,,,457664.3435709633,454066.8603159692,14063.438156541893
ilyas chaira__2001-02-02,,,,3026452.8179238252,3072623.864922991,219146.20206161728
imari samuels__2003-02-05,,,,278885.4139740406,278885.4139740406,
immanuel pherai__2001-04-25,,,,1775247.8643537615,1775247.8643537615,173405.71309966713
imran louza__1999-05-01,,,,5814438.351518437,5853366.151659126,194107.4742834575
indiana vassilev__2001-02-16,,,,1384383.7198855518,1414877.9283419847,58604.10000211175
indrit tuci__2000-09-14,,,,1128967.9732102214,1128967.9732102214,45813.913274200735
inigo ruiz de galarreta__1993-08-06,,,,11236416.311670192,11236416.311670192,
innes cameron__2000-08-22,Innes Cameron,FWD,275000.0000000002,277633.6419969355,271595.3505484849,13425.774707118217
ionut pop__1997-08-01,,,,163546.22665849724,168813.84212867185,14166.849403335362
irakli yegoian__2004-03-19,,,,1002255.3174318812,1046786.5877188122,102608.858753485
irfan can kahveci__1995-07-15,,,,6139485.13167844,6139485.13167844,2955640.6829114733
irvin cardona__1997-08-08,,,,1995437.5332338442,1995437.5332338442,
isaac babadi__2005-04-06,,,,3481807.9541147496,3481807.9541147496,565683.8197941615
isaac hayden__1995-03-22,,,,1694050.8795342832,1709718.4408792802,54862.980864693396
isaac mbenza__1996-03-08,Isaac Mbenza,MID,1099999.9999999998,1216930.1661689158,1257827.2223473191,105054.18955463405
isaac olaofe__1999-11-21,,,,774927.2007063268,788151.6229879525,28182.017159093863
isaac pappoe__2003-12-20,,,,571588.9344462352,573939.3497471941,8003.56362842675
isaac price__2003-09-26,,,,3048993.059355516,3048993.059355516,
isaac schmidt__1999-12-07,,,,2929051.5793599337,2941220.858325075,126753.53061252474
isaak davies__2001-09-25,Isaak Davies,MID,1800000.000000001,1597916.7162229433,1634632.7372438672,143418.34022291758
isaak toure__2003-03-28,,,,3540920.6882177964,3514489.0990091055,141419.5849085352
isaiah ahmed__2005-12-28,Isaiah Ahmed,MID,312500.00000000023,275299.19708931126,269930.13323409733,11233.009558646754
isaiah jones__1999-06-26,,,,1629416.6561286598,1629416.6561286598,
isaias delpupo__2003-03-31,,,,633036.0171874791,647124.9810140659,40190.344961752606
isak andri sigurgeirsson__2003-09-11,,,,1159563.618835493,1159563.618835493,74107.68877785052
isak dybvik maatta__2001-09-19,,,,1014128.7597641891,1020648.5160620009,44457.49701507454
isak hansenaaren__2004-08-22,,,,633264.2721662343,634280.5391283171,5493.509404022388
isak hien__1999-01-13,,,,15908709.764579955,15675683.052821422,823735.8442702207
isak jensen__2003-12-23,,,,3353956.22959393,3353956.22959393,53051.660825766936
isak vural__2006-05-28,,,,881792.9105668479,874599.3561357548,58357.3632729073
ishaq abdulrazak__2002-05-05,,,,808496.2613481244,808496.2613481244,
ishe samuelssmith__2006-06-05,,,,1954668.6274254492,1954668.6274254492,78019.80419055301
islam chesnokov__1999-11-21,,,,1112703.6239294298,1080113.9621759767,90791.14999864396
islam slimani__1988-06-18,,,,222852.83946529162,222852.83946529162,
ismael bekhoucha__2004-11-20,,,,871185.614153216,887578.0024562208,38385.03082026404
ismael bennacer__1997-12-01,Ismaël Bennacer,MID,24999999.999999963,18207789.531871483,18120762.94413668,1972171.0644296252
ismael boura__2000-08-14,Ismaël Boura,DEF,1350000.0,1300149.6880737848,1288983.4476848992,66943.28957153023
ismael doukoure__2003-07-24,,,,11700603.032611044,11700603.032611044,889235.7719947933
ismael gharbi__2004-04-10,,,,4226609.193819005,4226609.193819005,758844.6821966646
ismael guerti__2004-07-30,,,,235032.24306677943,235288.73105606457,4345.0834585855955
ismael kone__2002-06-16,,,,6991012.291880621,6991012.291880621,
ismaelo ganiou__2005-03-14,,,,3424704.679105551,3409695.397816092,197496.00971038546
ismahila ouedraogo__1999-11-05,,,,759725.6709581157,793656.4977630473,56997.19526663039
ismail jakobs__1999-08-17,,,,9007294.764618345,9162205.996650847,509827.8464008467
ismail koybas__1989-07-10,,,,326492.7426209104,326492.7426209104,3367.650126287074
ismail yuksek__1999-01-26,,,,9758548.874345716,10096229.13193678,1230200.7920326842
ismaila sarr__1998-02-25,,,,21185075.0739711,21473695.88783264,1208865.6261746017
ismaila soro__1998-05-07,,,,1726202.8933037352,1727901.6367697075,103638.84860592215
isnik alimi__1994-02-02,,,,979474.3308710491,970451.1653182829,65999.55344357913
issa diop__1997-01-09,,,,9304419.393005025,9304419.393005025,825188.1780791908
issa kabore__2001-05-12,,,,6967883.274926698,6967883.274926698,319597.3547129612
issa kallon__1996-01-03,,,,829758.4852339597,846795.006289034,87456.51774941938
issa soumare__2000-10-10,,,,4628720.655029484,4347513.663241448,532073.374735608
issam el maach__2000-02-01,,,,437001.86341803195,437001.86341803195,
issiaga camara__2005-02-02,,,,1589185.1323441025,1589185.1323441025,44507.48177952538
iurie iovu__2002-07-06,,,,295538.23117074196,295538.23117074196,28650.73843025024
ivan angulo__1999-03-22,,,,1352007.8640994115,1375840.5757086764,128232.08464216022
ivan balliu__1992-01-01,,,,2477542.3970847125,2477542.3970847125,88838.96059121285
ivan brnic__2001-08-23,,,,1536151.0026485452,1536151.0026485452,
ivan dolcek__2000-04-24,,,,687230.9098935126,687230.9098935126,
ivan ilic__2001-03-17,,,,11866595.831198,11866595.831198,
ivan mbahia__2005-04-19,,,,465998.11563677574,471635.94666413724,16570.552457624904
ivan mesik__2001-06-01,Ivan Mesík,DEF,1099999.9999999998,997316.7354377521,997316.7354377521,
ivan nasberg__1996-04-22,Ivan Näsberg,DEF,725000.0000000006,783616.6903183521,783616.6903183521,79044.68694710986
ivan pavlic__2001-11-10,,,,748774.0269804444,747888.9672999252,47082.99925357835
ivan perisic__1989-02-02,,,,8113982.018512353,8276880.383837091,878933.3172314832
ivan pillud__1986-04-24,,,,243435.07725339616,234727.44270342178,16938.284381653306
ivan provedel__1994-03-17,,,,12314104.426618546,12314104.426618546,
ivan saio__2002-03-16,Ivan Saio,GK,425000.0000000002,390396.29318298073,389319.31079623674,16630.65055565117
ivan smolcic__2000-08-17,,,,3236218.8123529227,3370643.6690980694,574638.6459211617
ivan toney__1996-03-16,,,,24784130.30929588,25783173.403314017,4740818.722745833
ivan zlobin__1997-03-07,,,,1409122.0350401772,1423933.9048074104,154590.03311292053
ivar jenner__2004-01-10,,,,573300.9242891798,568594.2595218443,32408.028730821577
iver fossum__1996-07-15,,,,1306278.7511587609,1306278.7511587609,
ivica ivusic__1995-02-01,,,,1072486.7528413972,1059794.527399068,105922.67085084853
ivo grbic__1996-01-18,,,,1411257.2152695828,1411257.2152695828,108108.31102229412
ivor pandur__2000-03-25,Ivor Pandur,GK,2100000.000000001,1858345.3552656346,1847239.0023725808,88031.78753120222
iyad mohamed__2001-03-05,,,,1055173.4418507982,1066903.655640804,81010.93232635634
izzet celik__2004-06-20,,,,339671.18036014144,339671.18036014144,25109.629460297176
jacen russellrowe__2002-09-13,,,,865650.9674961155,865650.9674961155,50677.36679105864
jack aitchison__2000-03-05,,,,518054.38116732583,518054.38116732583,2687.3926913689556
jack baldwin__1993-06-30,,,,269482.97320588713,268029.01603902655,16454.83479740415
jack burroughs__2001-03-21,,,,569724.4148762437,569853.546629826,17251.923053662744
jack byrne__1996-04-24,Jack Byrne,MID,662499.9999999998,678550.5303996592,678550.5303996592,17935.02561269114
jack clarke__2000-11-23,,,,6064045.25040914,6064045.25040914,
jack duncan__1993-04-19,,,,208129.58115143576,211315.3787929475,9481.78165803244
jack grimmer__1994-01-25,Jack Grimmer,DEF,525000.0000000003,684378.8651937544,684378.8651937544,21258.958821205957
jack hamilton__1994-03-22,,,,194384.2000053559,194384.2000053559,6621.420569688031
jack harrison__1996-11-20,,,,5243162.43469413,5243162.43469413,300419.002904451
jack hinchy__2003-01-30,,,,261728.7767040719,261728.7767040719,11654.86910793197
jack hinshelwood__2005-04-11,,,,15406034.115689302,15664372.801998721,1857983.1707441602
jack iredale__1996-05-02,,,,572725.2451184879,558156.4907181984,53820.220357278835
jack mcmillan__1997-12-18,,,,394366.28667563974,387438.3182540532,12324.196566080376
jack milne__2003-02-10,,,,397792.85797739105,402072.74517044815,54426.92054730462
jack payne__1994-10-25,,,,597517.5721845278,597517.5721845278,
jack robinson__1993-09-01,,,,2158465.596585159,2157943.1830505216,321846.7837009648
jack simpson__1996-12-18,,,,491089.4462071117,491089.4462071117,
jack stacey__1996-04-06,,,,2828358.5656539863,2592792.861233538,619880.9108202166
jack stephens__1994-01-27,,,,2692157.4146199455,2692157.4146199455,278995.7381587524
jack thomson__2000-01-20,,,,356102.18818624364,362821.60397551034,22800.333542175173
jack vale__2001-03-03,Jack Vale,MID,649999.9999999995,649660.5290738126,644218.8265887455,31476.17468972971
jack walton__1998-04-23,,,,647542.985105284,647542.985105284,
jackson muleka__1999-10-04,,,,1960295.7739360873,2150394.34455942,404247.64708842576
jackson smith__2001-10-14,,,,392106.578409847,390577.438875641,7194.331198005939
jacob ambk__2008-03-28,,,,440574.764194296,436496.61734519625,17272.523552439412
jacob andersen__2004-01-26,,,,1422938.31883135,1422938.31883135,12732.176675614292
jacob barrett laursen__1994-11-17,Jacob Barrett Laursen,DEF,562500.0000000003,363327.70385632885,361683.5616870834,17974.54976634344
jacob brown__1998-04-10,,,,1065390.5963455834,1065390.5963455834,77553.91515050102
jacob bruun larsen__1998-09-19,Jacob Bruun Larsen,MID,6300000.000000002,8876016.503476204,8742279.838093048,253477.49345219496
jacob christensen__2001-06-25,,,,1593021.8590937236,1586181.462401805,63607.212551165605
jacob murphy__1995-02-24,,,,18811314.655114364,19179659.9115534,1046192.3867590055
jacob ondrejka__2002-09-02,,,,6406514.414040171,6336912.606675419,182262.40544906407
jacob trenskow__2000-11-26,,,,2148892.008008083,2179003.7940018307,156518.92819029427
jacob wright__2005-09-21,,,,1914335.1148439106,1914335.1148439106,
jacopo fazzini__2003-03-16,,,,7251707.2281181095,7251707.2281181095,
jacopo petriccione__1995-02-22,,,,1052825.9142147095,1052825.9142147095,67470.19498509531
jacopo segre__1997-02-17,,,,1959322.2887618246,1956936.4846908022,17889.783918455818
jacques ekomie__2003-08-19,,,,3164478.0705870055,3151330.973912153,53083.41084068901
jaden philogene__2002-02-08,,,,8901173.640093511,8901173.640093511,1161504.123508269
jaden slory__2005-05-09,Jaden Slory,MID,1550000.0000000012,1763809.7168098157,1780857.1241016623,39616.09271699734
jadon sancho__2000-03-25,Jadon Sancho,MID,20999999.99999998,24641845.87930328,24241263.089703172,2192380.058672588
jahmai simpsonpusey__2005-11-04,Jahmai Simpson-Pusey,DEF,3200000.0000000023,2004654.288558173,2004654.288558173,70173.0187002874
jahnoah markelo__2003-01-04,,,,1088215.8562234489,1088215.8562234489,105683.690645427
jaidon anthony__1999-12-01,Jaidon Anthony,MID,10750000.000000006,9127076.884531591,9127076.884531591,588900.4157499915
jairo riedewald__1996-09-09,,,,2859518.524406286,2848586.093435432,384423.4256602595
jak alnwick__1993-06-17,,,,458154.0281914923,447522.28490717965,24920.197905939458
jaka bijol__1999-02-05,,,,14263062.635534983,14196921.164315749,456178.6732869481
jake caprice__1992-11-11,,,,256670.36245322836,263970.9424188936,12939.074795722721
jake clarkesalter__1997-09-22,,,,2875760.5831364146,2995055.706424797,222511.6129222765
jake eastwood__1996-10-03,,,,165184.8311087489,165184.8311087489,19649.94328495408
jake mulraney__1996-04-05,Jake Mulraney,MID,449999.99999999994,331221.2970338399,331221.2970338399,
jake obrien__2001-05-15,,,,14957787.058190595,14957787.058190595,
jake young__2001-07-22,,,,591145.0642606082,607483.2913584422,38453.90578620031
jakob bonde__1993-12-29,,,,632992.2152743902,632867.617282233,8117.437941824806
jakob breum__2003-11-17,Jakob Breum,MID,6999999.999999995,7456969.055841616,7606532.262391512,372546.6917538226
jakob busk__1993-09-12,,,,317017.49913034716,317017.49913034716,33753.90795962498
jakob haugaard__1992-05-01,Jakob Haugaard,GK,412500.00000000006,438143.71557795844,446127.3784281337,13990.544261163266
jakob jessen__2004-03-05,,,,397541.7456931851,404900.7229878709,18160.40959815748
jakob kiilerich__2000-05-10,Jakob Kiilerich,DEF,1200000.0000000005,1564817.774457249,1579533.0369782315,81375.22527901575
jakub brabec__1992-08-06,Jakub Brabec,DEF,1749999.9999999998,1305418.7010224944,1309069.4997844552,49764.019300457134
jakub hromada__1996-05-25,Jakub Hromada,MID,999999.9999999997,499220.68636520964,499220.68636520964,13840.75566465905
jakub kaminski__2002-06-05,,,,10417047.802756507,10417047.802756507,
jakub kiwior__2000-02-15,,,,29784613.077053905,29784613.077053905,464231.7462352339
jakub moder__1999-04-07,,,,4743498.328995298,4628693.240169654,385145.3668363038
jakub piotrowski__1997-10-04,,,,2180366.3192399894,2158885.247395758,92542.65936737279
jakub stolarczyk__2000-12-19,Jakub Stolarczyk,GK,1499999.9999999986,1876311.8178833236,1876311.8178833236,169368.11538379313
jalen blesa__2001-02-05,,,,432773.21896330884,432773.21896330884,
jalmaro calvin__2003-06-30,,,,231821.81747178623,234708.4802784702,7715.836401487977
jamaal lascelles__1993-11-11,,,,2424037.294231281,2503898.684522944,153013.2003407498
jamal lewis__1998-01-25,,,,1198623.5853695641,1198623.5853695641,
jamal musiala__2003-02-26,,,,117887816.6266178,117887816.6266178,8451174.136362225
jamal thiare__1993-03-31,,,,769077.5978263876,775317.132284345,44027.995981722
james abankwah__2004-01-16,James Abankwah,DEF,1050000.0000000007,1373995.303167785,1382901.6517952043,23009.670283091546
james bolton__1994-08-13,,,,346509.96389968926,346509.96389968926,4067.1898891705105
james bree__1997-12-11,James Bree,DEF,1749999.9999999998,2063705.7929198865,2082174.4553758448,187362.61876307518
james collins__1990-12-01,,,,439137.90755915607,433839.9875154328,15346.340242665667
james forrest__1991-07-07,,,,1238820.531308544,1244395.9623586051,69040.75456510483
james furlong__2002-06-07,,,,548053.017009332,548053.017009332,
james garner__2001-03-13,,,,35367631.65177023,35547901.83049543,1982707.640084803
james gomez__2001-11-14,,,,742170.5612957396,742170.5612957396,28053.46197791049
james hill__2002-01-10,,,,6554703.790157146,6554703.790157146,
james husband__1994-01-03,,,,436833.9350821486,427467.71673049865,30637.707515055714
james justin__1998-02-23,,,,5979394.563835872,5979394.563835872,1238678.7486018124
james maddison__1996-11-23,James Maddison,MID,36000000.000000045,40891232.84696112,41480084.92416866,1922750.1198053511
james mcatee__2002-10-18,,,,10914373.504104204,10789554.370417824,1577244.7933165454
james mcclean__1989-04-22,,,,256682.39785243358,254433.08144134813,13118.809218211933
james mcconnell__2004-09-13,,,,2945662.9572738693,2945662.9572738693,
james mcgarry__1998-04-09,,,,540716.7366143645,540716.7366143645,8072.099582622666
james milner__1986-01-04,,,,457783.1101680275,507013.6646886206,104286.60146367538
james morris__2001-11-23,,,,869003.7123095455,873201.9806249571,31779.840988010317
james olayinka__2000-10-05,,,,274455.0460788934,275664.7566504331,4049.970560878959
james penrice__1998-12-22,,,,1990031.2205894578,1990031.2205894578,
james sands__2000-07-06,,,,2163825.3729476947,2163825.3729476947,
james shea__1991-06-16,,,,256290.43965797173,260500.3132062245,25161.20297750213
james tarkowski__1992-11-19,James Tarkowski,DEF,10250000.000000004,10414286.612759218,10414286.612759218,
james tavernier__1991-10-31,,,,3620933.811268129,3465074.222955826,368476.54044682934
james tilley__1998-06-13,James Tilley,DEF,499999.99999999977,536966.0800535446,532262.0138943497,24195.156707995902
james trafford__2002-10-10,,,,17937161.77603106,17937161.77603106,79944.06578579183
james wardprowse__1994-11-01,,,,4545429.448536437,4391346.401744737,683500.6977765424
james wilson__2007-03-06,,,,1123214.6846899108,1123214.6846899108,
jamie brandon__1998-02-05,Jamie Brandon,DEF,337500.00000000006,301544.595950075,332858.6631832121,79622.21853185254
jamie cumming__1999-09-04,,,,1122347.929819004,1122347.929819004,53455.76486861437
jamie donley__2005-01-03,,,,1788391.9183404988,1788391.9183404988,
jamie gittens__2004-08-08,Jamie Gittens,MID,33999999.99999994,31576335.409316186,32519400.529946353,2257610.4261546205
jamie lawrence__2002-11-10,Jamie Lawrence,DEF,1499999.9999999986,1974713.6647197949,1971700.368631119,58498.05804279508
jamie leweling__2001-02-26,,,,13196499.261797061,13196499.261797061,
jamie maclaren__1993-07-29,,,,906765.7192858316,906765.7192858316,79558.26968722393
jamie mccart__1997-06-20,Jamie McCart,DEF,600000.0000000003,765604.3836332597,781049.2219939067,68842.00502799332
jamie mcdonnell__2004-02-16,,,,1335238.781565897,1335238.781565897,19010.361847362983
jamie mcgrath__1996-09-30,,,,1862837.566198771,2116861.6770993387,687292.8625399802
jamie sneddon__1997-09-06,,,,143314.77135343492,142975.45656453224,8415.071155256399
jamie sterry__1995-11-21,Jamie Sterry,DEF,324999.9999999999,422837.8836829468,424167.8194985326,10755.508529954104
jamie walker__1993-06-25,,,,353809.450180341,374119.8168697296,39372.964209301615
jamil siebert__2002-04-02,Jamil Siebert,DEF,3149999.9999999995,3243327.524185014,3241913.19295256,118278.91858927243
jamilu collins__1994-08-05,,,,1036169.1185223473,1036169.1185223473,
jan bednarek__1996-04-12,Jan Bednarek,DEF,15000000.00000001,8983464.125395834,8700127.56963873,712421.3207445911
jan boller__2000-03-14,Jan Boller,DEF,562500.0000000003,480084.3435867722,480970.9468051163,11080.7801473892
jan faberski__2006-04-22,,,,1027746.4473216122,1027746.4473216122,278472.85529846005
jan hurtado__2000-03-05,,,,1706098.8924447272,1706098.8924447272,21686.904516463994
jan kliment__1993-09-01,,,,2095079.2035913332,2194290.7590188747,259985.17760243764
jan kuchta__1997-01-08,,,,2362751.926677967,2657307.2451281124,923015.8858969401
jan mlakar__1998-10-23,,,,1131988.2666882216,1135958.6723957048,37620.111166717434
jan oblak__1993-01-07,Jan Oblak,GK,30999999.999999978,28406838.85493027,28511698.54982991,389818.0947151252
jan olschowsky__2001-11-18,,,,1017988.2604298797,1004964.1521827752,32658.89548583688
jan paul van hecke__2000-06-08,,,,29545610.453038167,29327797.319071103,1343979.4866422783
jan schoppner__1999-06-12,,,,3650045.492567601,3495799.7006187886,341068.67862475995
jan thielmann__2002-05-26,,,,3116812.45433514,3116812.45433514,319815.50147380243
jan urbich__2004-06-23,,,,645785.1116400901,633454.580738247,48689.92789486685
jan zamburek__2001-02-13,,,,939731.7600705773,944077.4092943541,59652.642375237294
jancarlo simic__2005-05-02,Jan-Carlo Simić,DEF,4300000.000000002,4244127.102612525,4311987.636338674,290054.52977201546
janik haberer__1994-04-02,,,,3109252.599522321,3024476.4780705418,239578.50096273617
janis blaswich__1991-05-02,Janis Blaswich,GK,1262500.0,660276.5161646977,643094.744459393,65942.72805736725
jankat ylmaz__2004-08-16,,,,828782.9090582677,828782.9090582677,45084.757308403656
jannes wieckhoff__2000-08-02,,,,615175.9853260296,615175.9853260296,76984.9733649877
janni serra__1998-03-13,,,,570951.9145915437,580017.9682996329,63929.42034345236
jannich storch__1993-05-12,,,,478138.83229832305,478138.83229832305,
jannik vestergaard__1992-08-03,,,,2245632.4665289936,2226027.6809750265,86887.5256016424
jannik wanner__1999-12-20,,,,454754.48006980016,454754.48006980016,28909.06373541699
janoi donacien__1993-11-03,,,,408252.65320959594,408252.65320959594,5790.400975644902
jaouen hadjam__2003-03-26,,,,2241978.4376535267,2241978.4376535267,
japhet sery larsen__2000-04-10,Japhet Sery Larsen,DEF,1699999.9999999988,1770829.8708955608,1775782.2184684523,56272.88802799071
jari de busser__1999-10-21,,,,2785771.5441371477,2785771.5441371477,138682.42056389173
jari vandeputte__1996-02-14,,,,3554093.032622312,3554093.032622312,46576.589049635826
jarne steuckers__2002-02-04,,,,13727993.388397912,13340024.56838445,889879.0124302966
jarrad branthwaite__2002-06-27,,,,34736966.93018073,34736966.93018073,
jarrod bowen__1996-12-20,,,,36511258.29477171,36416222.11113288,3773556.7441767296
jason cummings__1995-08-01,,,,1075596.0366850276,1022394.3679662363,91180.56801385376
jason davidson__1991-06-29,,,,347549.51457366196,347549.51457366196,2532.2914816587613
jason kerr__1997-02-06,,,,739131.4467362958,749617.189011958,52070.4256057615
jason lokilo__1998-09-17,,,,698081.8907083364,698081.8907083364,221.7947599610412
jason steele__1990-08-18,,,,589450.6751560845,589450.6751560845,
jasper cillessen__1989-04-22,,,,1252478.256099754,1250028.1777873882,115316.66265683416
jasper dahlhaus__2001-11-27,,,,1243758.8085912615,1243758.8085912615,4067.2640322475786
jasper samooja__2003-07-21,Jasper Samooja,GK,362499.9999999997,419605.7032110663,430814.53263103066,22841.847672496802
jasper schendelaar__2000-09-02,Jasper Schendelaar,GK,2499999.9999999995,2589833.0183460237,2649736.7414136254,215455.4740561346
jaures assoumou__2002-10-17,,,,954744.7091195948,952997.8845262143,48176.0258358687
jawad el yamiq__1992-02-29,,,,1110072.7750373082,1072495.9710055748,70183.82653959555
jay idzes__2000-06-02,,,,2928823.4853864573,2928823.4853864573,543018.4954443071
jay rodriguez__1989-07-29,,,,328387.94227786467,328387.94227786467,40868.47661108137
jay stansfield__2002-11-24,,,,3566730.047834502,3742905.188865082,437582.81381529523
jaydee canvot__2006-07-29,Jaydee Canvot,DEF,11749999.999999994,4901524.695999947,5211879.8844872555,696428.8185881083
jayden addai__2005-08-26,Jayden Addai,MID,6549999.999999996,3357127.3338144175,3337592.858488628,245377.66460765697
jayden bogle__2000-07-27,,,,10764472.13128651,10764472.13128651,1068178.404209677
jayden candelaria__2004-03-02,,,,305938.8504373421,305938.8504373421,
jayden oosterwolde__2001-04-26,,,,12240221.803303506,12240221.803303506,664766.5998659155
jayden richardson__2000-09-04,,,,407473.93691728276,362292.431009198,124379.49874011318
jayden stockley__1993-09-15,,,,464201.1556252823,461221.86742651305,24570.837307031597
jaydon banel__2004-10-19,,,,1371168.1316678382,1371168.1316678382,300366.1369227621
jaygo van ommeren__2008-05-08,,,,810451.3195770745,811941.9422511483,15041.6965727832
jayroy grot__1998-03-13,,,,1283991.9668383321,1283991.9668383321,
jayson molumby__1999-08-06,,,,1900283.4359801682,1908719.5239332616,33620.154345397736
jean butez__1995-06-08,,,,4722030.742070068,4737660.932783666,707607.4337606876
jean onana__2000-01-08,,,,2673767.3172240825,2734074.6349556325,144241.7202661597
jeankevin duverne__1997-07-12,,,,2205728.651338705,2208807.8422229225,437196.1088963104
jeanluc dompe__1995-08-12,Jean-Luc Dompé,MID,3750000.0000000023,4346636.286282199,4337466.625056971,114865.90942234405
jeanmatteo bahoya__2005-05-07,,,,9960130.333179967,9910913.501111578,742670.2364500515
jeanphilippe gbamin__1995-09-25,,,,1576824.5985507213,1578577.0872955823,43926.60225845501
jeanphilippe krasso__1997-07-17,,,,3340981.2190669384,3360276.671695311,65893.01092774705
jeanphilippe mateta__1997-06-28,,,,32041359.627331454,32166315.22296478,515577.428026511
jeanpierre nsame__1993-05-01,Jean-Pierre Nsame,MID,2050000.000000001,1310368.3905019215,1310368.3905019215,9195.02217470798
jeanricner bellegarde__1998-06-27,,,,7833512.757101146,7955096.509002443,742660.4703827545
jeanuel belocian__2005-02-17,,,,3345237.8619942847,3475135.3443669993,242317.92152354852
jeanvictor makengo__1998-06-12,,,,1975015.1916742723,1986423.4292663562,72712.43714029381
jeff ekhator__2006-11-11,,,,2554365.257161604,2294411.2368756942,559684.3914537074
jeff hardeveld__1995-02-27,,,,973607.6685153845,973607.6685153845,61876.51948104617
jeff reineadelaide__1998-01-17,,,,1682712.95383664,1682712.95383664,110351.1694806698
jefferson lerma__1994-10-25,,,,7198926.4650167925,7198926.4650167925,269235.7718868576
jeffrey de lange__1998-04-01,,,,3197885.9210876883,3242472.579673856,299430.72187053197
jeffrey gouweleeuw__1991-07-10,,,,4417872.873553515,4155050.432415964,489685.78062263783
jeffrey schlupp__1992-12-23,,,,1917118.2481479086,1690816.3981739625,408714.6115430077
jelle duin__1999-01-27,,,,372494.2626745425,369226.3031191595,25376.186462898186
jelle van neck__2004-03-07,,,,438862.287789174,438862.287789174,3499.6378857511936
jens castrop__2003-07-29,,,,5446674.237970257,5439393.801095553,198765.98211752452
jens grahl__1988-09-22,,,,118869.81480989799,121422.68590501376,9202.598618461368
jens martin gammelby__1995-02-05,,,,496769.08458979765,507857.2167735979,39987.96565272499
jens odgaard__1999-03-31,,,,11262092.820163189,11262092.820163189,
jens petter hauge__1999-10-12,,,,5458639.005131273,5202504.6398704,470445.9505457942
jens stryger larsen__1991-02-21,Jens Stryger Larsen,DEF,850000.0000000005,563175.5854536251,571688.0883046754,51637.2607178973
jens toornstra__1989-04-04,,,,308306.97948372585,300939.94393849967,24943.5037460837
jensen weir__2002-01-31,Jensen Weir,MID,749999.9999999998,748978.4547417405,736239.9591247144,28811.733529964567
jenson metcalfe__2004-09-06,,,,554408.2029550425,588741.7527722963,64463.8103259491
jeppe andersen__1992-12-06,,,,495728.1836666436,496021.75918104185,21356.143829288605
jeppe grnning__1991-05-24,,,,414359.7853322617,414593.99110695045,4560.058806397715
jeppe kudsk__2003-02-25,,,,586682.1544850906,580003.2237757606,35465.45782831147
jeppe okkels__1999-07-27,,,,1254957.5122853343,1292662.4554488526,78090.6388790482
jeppe tverskov__1993-03-12,Jeppe Tverskov,MID,1499999.9999999986,1947076.727585561,1984965.4083595092,89457.22766463841
jerdy schouten__1997-01-12,,,,18700143.293650508,18014238.29363709,1928534.906475303
jere uronen__1994-07-13,,,,679137.4798826929,712635.3502836829,257852.06768644557
jeredy hilterman__1998-06-20,,,,664361.5721249894,664361.5721249894,
jeremiah st juste__1996-10-19,,,,4203049.7659434145,4132311.335644166,233488.31075180697
jeremie boga__1997-01-03,,,,7166002.447381234,7166002.447381234,447497.2906077598
jeremie frimpong__2000-12-10,Jeremie Frimpong,DEF,40749999.99999996,47010299.65196782,47743252.47674418,2946933.9325549537
jeremy blasco__1999-02-12,,,,935480.4895844443,935480.4895844443,
jeremy bokila__1988-11-14,,,,211616.1405646489,192877.2255284572,52640.058175511644
jeremy doku__2002-05-27,Jérémy Doku,MID,57249999.99999994,43351761.35136005,43866717.62863957,2608757.32415161
jeremy frick__1993-03-08,,,,614519.1914681323,614519.1914681323,26368.72966351933
jeremy gelin__1997-04-24,,,,1488797.5998082003,1452947.9491815842,139657.22032111508
jeremy jacquet__2005-07-13,,,,13242496.60498771,13058681.427517945,839802.6031491375
jeremy le douaron__1998-04-21,,,,2399473.345310368,2399473.345310368,18619.421763105387
jeremy livolant__1998-01-09,,,,1563843.846769349,1690351.4462023354,389715.37555557414
jeremy ngakia__2000-09-07,,,,1848257.7690414235,1835002.3855153106,29121.18850090023
jeremy petris__1998-01-28,Jeremy Petris,DEF,1200000.0000000005,1371525.0777869045,1365216.9089482133,67153.12243459719
jeremy sarmiento__2002-06-16,,,,3512002.466715746,3491548.686325926,187627.58506449813
jeremy sebas__2003-04-14,,,,922880.2618465486,922880.2618465486,20773.532154749246
jeremy toljan__1994-08-08,,,,3186395.636151076,3222418.6275000614,216201.85744196177
jeriel dorsett__2002-05-04,Jeriel Dorsett,DEF,499999.99999999977,586384.0925372939,584340.947480669,34964.74062509292
jeroen zoet__1991-01-06,,,,239968.44730963922,242446.22857487312,23735.86310972052
jerolldino bergraaf__2006-07-05,,,,631882.5737079027,632214.0200869235,6194.578138470645
jerome onguene__1997-12-22,,,,288977.7787738717,297187.9660756486,23396.868810682525
jerome opoku__1998-10-14,,,,2576856.328376334,2576856.328376334,45983.90340664821
jerome prior__1995-08-08,,,,704183.4525898849,704183.4525898849,76996.62819552445
jerome roussillon__1993-01-06,Jérôme Roussillon,DEF,1800000.000000001,1895759.0698715367,1957276.1806035298,285956.88496077334
jerry afriyie__2006-12-10,,,,295438.880005222,305074.2394814294,24091.720672311687
jesper daland__2000-01-06,,,,2290064.1520220917,2224245.706794364,164418.25270921923
jesper hansen__1985-03-31,,,,235972.6522761502,224055.7168846164,40823.4478589117
jesper karlsson__1998-07-25,Jesper Karlsson,MID,4999999.999999999,5274900.836724136,5272297.689774822,882617.3128353592
jesper karlstrom__1995-06-21,,,,4480394.427878179,4110082.83926229,860544.6406154305
jesper lindstrm__2000-02-29,,,,7823670.315194147,7752278.153263666,263020.1595843395
jesper verlaat__1996-06-04,,,,953915.1772301649,955810.5349244326,62957.529321571055
jesse bosch__2000-02-01,,,,862484.5909759246,862484.5909759246,56647.275933848534
jesse joronen__1993-03-21,,,,936673.6363222353,938666.6234439585,17538.07316280976
jesse van de haar__2005-01-26,,,,840356.6402931461,815580.7233737338,95942.90562919721
jessic ngankam__2000-07-20,,,,1972063.0660749339,1944240.687874425,93686.38587157278
jessy benet__1995-06-24,,,,2085963.3750053411,2039650.4783719238,163929.70968057556
jessy deminguet__1998-01-07,,,,2177219.818610665,2163947.307221299,42004.512383972215
jesurun raksakyi__2002-10-05,,,,5714157.449968702,5714157.449968702,
jesus castillo__2001-06-11,,,,1520657.371434952,1397506.579242807,238903.62943371423
jesus ramirez__1998-05-04,,,,1926354.3319393608,1926912.29187682,86685.04505656275
jetro willems__1994-03-30,Jetro Willems,DEF,437499.9999999996,638075.2312048558,645983.3804313195,33629.50762976678
jhoanner chavez__2002-04-25,,,,2669744.6224605814,2754336.7813406526,205595.83827301944
jhon chancellor__1992-01-02,,,,464568.0635371562,470662.34668364114,22373.593892023044
jhon duran__2003-12-13,,,,27641023.547496304,27641023.547496304,609457.8411922911
jhon lucumi__1998-06-26,,,,7437669.61988537,7357375.415416484,389354.25288074266
jhon murillo__1995-11-21,,,,1781847.7987634602,1781847.7987634602,
jhon solis__2004-10-03,,,,3220016.8107660036,3220016.8107660036,
jhonny quinonez__1998-06-11,,,,713130.5634986698,742295.3837341085,90527.33639951343
jiaqi han__1999-07-03,,,,424594.3631115977,424594.3631115977,7162.2372260215425
jim allevinah__1995-02-27,Jim Allevinah,MID,1650000.0000000007,2033951.325071051,1931620.1901603607,235377.5758237473
jimmy dunne__1997-10-19,,,,2457862.8112216773,2457862.8112216773,14239.539261920781
jindrich stanek__1996-04-27,,,,3967098.856851665,3946916.0132741244,37240.87612697153
jing reec__2003-06-12,Jing Reec,FWD,299999.99999999977,329745.4204913029,327933.8112960312,7678.458540959726
jiri letacek__1999-01-09,,,,1494231.666189194,1494231.666189194,
jiri pavlenka__1992-04-14,,,,1253936.9026289638,1282211.1478128545,75997.53201446218
jizz hornkamp__1998-03-07,,,,2245557.826041684,2245557.826041684,564026.1384618544
jo coppens__1990-12-21,Jo Coppens,GK,134999.99999999997,172517.0950784356,172517.0950784356,12371.593639889894
joachim andersen__1996-05-31,,,,13987227.690686116,13915820.973448768,362672.51001230616
joachim eickmayer__1993-01-11,Joachim Eickmayer,MID,387499.99999999977,548931.3395049878,554594.8309093663,25000.423550977644
joane gadou__2007-01-17,,,,1461703.058969845,1507455.1810056649,130791.27988788103
joaquin ardaiz__1999-01-11,,,,702156.1163509407,709069.073857899,32908.07615162394
joaquin blazquez__2001-01-28,,,,595481.1445017536,595481.1445017536,
joaquin novillo__1998-02-19,,,,1411052.0300678022,1408428.2775760614,170308.90442511998
joaquin panichelli__2002-10-07,,,,15870347.964319706,16005034.713610752,2273255.369327939
joaquin seys__2005-03-28,,,,7622300.33302762,6983212.759676987,1319865.004755765
jobe bellingham__2005-09-23,,,,9386925.638823455,9436129.739739556,164055.33969359548
jocelin ta bi__2005-02-09,Jocelin Ta Bi,MID,1512499.9999999995,3972454.6994201154,3931897.867283451,611976.6628950783
jocelyn janneh__2002-12-06,,,,1112564.9939323824,1076805.7609008215,119152.5195409558
joe aribo__1996-07-21,,,,2814087.7183991764,2814087.7183991764,251643.14055380662
joe bell__1999-04-27,,,,5991471.726038571,6153466.190110603,307062.0467654013
joe bryan__1993-09-17,Joe Bryan,DEF,1600000.0000000012,1805810.3061690533,1805810.3061690533,
joe garner__1988-04-12,,,,147980.6822837431,147980.6822837431,17844.6861716145
joe gauci__2000-07-04,,,,816601.5015136421,816601.5015136421,35590.68472516218
joe gelhardt__2002-05-04,,,,5355176.418940218,5355176.418940218,60036.769386394866
joe gomez__1997-05-23,,,,15640418.874262417,15362449.042309517,555127.2299432496
joe hilton__1999-10-11,Joe Hilton,GK,185000.00000000006,174613.39292379186,174864.17073745342,618.3232097417208
joe hodge__2002-09-14,Joe Hodge,MID,1499999.9999999986,1047653.275225252,1064611.9276486957,54690.21679171882
joe lolley__1992-08-25,,,,1507314.7438854147,1532838.6079583853,172725.2933872689
joe mendes__2002-12-31,,,,4708589.974206673,4708589.974206673,97227.06883371623
joe newell__1993-03-15,,,,791634.0932004144,790460.9421024604,20159.449485882
joe powell__1998-10-30,,,,486781.3975957624,486781.3975957624,
joe rodon__1997-10-22,,,,11983854.2628692,12043265.936463526,244917.709366448
joe rothwell__1995-01-11,Joe Rothwell,MID,2250000.000000001,2022896.9937337546,1989212.6014475178,110138.7167518362
joe scally__2002-12-31,,,,6960314.32328482,7090102.169342619,527270.3713018183
joe shaughnessy__1992-07-06,,,,351819.748841607,360701.39532510913,40578.70554876654
joe westley__2004-10-18,,,,294376.3792267734,292664.68602602364,20062.858970461904
joe white__2002-10-01,,,,707303.7999965108,707303.7999965108,47702.58776309001
joe whitworth__2004-02-29,,,,1126759.9805257262,1126759.9805257262,
joe williams__1996-12-08,,,,2189493.9970158515,2189493.9970158515,108580.05371076314
joe willock__1999-08-20,,,,10892612.31576382,10892612.31576382,474948.17087589257
joe worrall__1997-01-10,Joe Worrall,DEF,3299999.9999999986,3231999.8454684312,3322714.015840619,176312.04234584683
joedrick pupe__1997-06-04,,,,852693.338964104,852693.338964104,71084.24152343068
joel allansson__1992-11-03,,,,415724.2565662029,415724.2565662029,
joel asoro__1999-04-27,,,,853173.4124460231,857204.832889289,72767.073978275
joel coleman__1995-09-26,,,,183191.0797254134,183191.0797254134,10091.627472326729
joel drommel__1996-11-16,,,,2745202.0960896616,2796543.32076405,304031.38185566216
joel felix__1998-01-13,,,,698884.1092870227,694816.4348770435,10952.035818685741
joel ideho__2003-07-17,,,,1008020.6298947436,975696.8215169207,73240.86181884991
joel ito__1998-03-27,,,,763458.435450764,754755.9954780369,30725.763683496436
joel king__2000-10-30,,,,456734.8928306557,456734.8928306557,87421.39709355326
joel latibeaudiere__2000-01-06,Joel Latibeaudiere,DEF,1400000.0000000007,1673890.1086063483,1673890.1086063483,119154.5664995028
joel mvuka__2002-11-12,,,,3151006.8386384374,3107316.169694853,95023.14439207864
joel ordonez__2004-04-21,,,,12957440.17924102,12957440.17924102,710957.8755847539
joel piroe__1999-08-02,,,,10560291.822559113,11227162.18536849,1652533.3270482637
joel schmied__1998-09-23,,,,2563546.089248113,2543268.853190163,58438.655780620524
joel veltman__1992-01-15,,,,4798165.245720017,4798165.245720017,86765.72436726239
joel voelkerling persson__2003-01-15,,,,632235.3508380137,634837.1540510075,22616.788533336046
joeri heerkens__2006-05-08,,,,1357825.1823627674,1357825.1823627674,155953.7619875076
joey veerman__1998-11-19,,,,20333495.782362636,20333495.782362636,825175.1492557065
johan bakayoko__2003-04-20,,,,20971730.982635044,20971730.982635044,493224.9953873649
johan dahlin__1986-09-08,,,,150472.6137243243,150472.6137243243,
johan gastien__1988-01-25,,,,313882.4770189754,313882.4770189754,33656.36913152425
johan hove__2000-09-07,,,,1316155.062172095,1347330.1953828093,249005.19348894389
johan manzambi__2005-10-14,,,,8004982.694813815,8145716.9399251435,620332.2881791216
johan mojica__1992-08-21,Johan Mojica,DEF,5650000.000000001,6462541.880868125,6548399.829058346,192127.106993874
johan vasquez__1998-10-22,Johan Vásquez,DEF,8249999.9999999935,7972341.737838021,7792797.086538203,670214.0854649157
johann lepenant__2002-10-22,Johann Lepenant,MID,6000000.0,6335744.663350951,6297202.140572926,476162.5208370392
johannes geis__1993-08-17,Johannes Geis,DEF,549999.9999999998,497756.3257053028,497756.3257053028,9270.686704590116
johannes schenk__2003-01-13,,,,2244609.6739959912,2163581.65187461,216188.4354115222
john bjorkengren__1998-12-09,John Björkengren,MID,1774999.9999999986,2404067.214083674,2414862.682823115,137377.9166307147
john brooks__1993-01-28,,,,1293433.1823977607,1301217.0322447151,79082.53748128338
john koutroumbis__1998-03-06,,,,478350.36568789784,472815.922049802,22827.17333791867
john lundstram__1994-02-18,,,,2483763.290841207,2552849.199274617,138823.5319295476
john mcatee__1999-07-23,,,,938404.8060250874,938404.8060250874,39381.1659399762
john mcginn__1994-10-18,John McGinn,DEF,20000000.000000015,17963667.331702508,18701946.966488916,1912172.3607892678
john souttar__1996-09-25,,,,3313899.1109571615,3313899.1109571615,119757.85648428909
john stones__1994-05-28,,,,19751816.202591505,19751816.202591505,
john swift__1995-06-23,,,,1669995.8394452664,1669995.8394452664,21558.287566756353
john yeboah__2000-06-23,,,,1856809.2005224852,1856809.2005224852,150465.83220312154
johnkymani gordon__2003-02-13,,,,302593.5490242275,310694.7256453881,17012.608222285755
johnny kenny__2003-06-06,Johnny Kenny,FWD,1737499.9999999995,2744367.1501667732,2724235.6262746993,178425.27711574006
johny placide__1988-01-29,,,,161774.7987303124,161650.35606358454,11617.645996828045
jomaine consbruch__2002-01-26,,,,864080.372671993,864080.372671993,120082.97139280032
jon gallagher__1996-02-23,Jon Gallagher,DEF,1312500.0000000012,633847.3047424029,638497.3785283344,112867.33052793318
jon gorenc stankovic__1996-01-14,,,,1874369.971228983,1874369.971228983,
jon guthrie__1992-07-29,,,,502120.89667296404,502120.89667296404,
jon karrikaburu__2002-09-19,,,,1883623.2077328365,1883623.2077328365,
jon magunazelaia__2001-07-13,,,,1023450.4843600098,1023450.4843600098,
jon mccracken__2000-05-24,,,,654269.9796611279,650363.005441654,19506.08224304745
jon mclaughlin__1987-09-09,,,,159228.63804034566,159228.63804034566,
jona niemiec__2001-09-19,,,,896992.2402850667,896992.2402850667,24069.200510259536
jonah ayunga__1997-05-24,,,,577447.5789773494,582096.2310923584,30751.894814853
jonah kusiasare__2007-07-04,,,,1294030.3683408052,1294030.3683408052,112214.66006114028
jonas adjetey__2003-12-13,,,,4386520.076314375,4454723.414292873,414347.6066226405
jonas arweiler__1997-04-10,,,,662071.3519851242,662071.3519851242,52878.510499924334
jonas bager__1996-07-18,,,,827122.211869234,835035.9046599971,54334.10533692019
jonas dirkner__2002-07-15,,,,740669.6189251203,751235.9663210772,31536.85654480011
jonas fohrenbach__1996-01-26,,,,2150912.595650276,2141786.221821253,99505.25271570208
jonas hofmann__1992-07-14,Jonas Hofmann,MID,6499999.999999999,7891068.736609195,7796237.185762772,644929.7086997031
jonas hofmann__1997-02-07,,,,455359.0119989277,455131.7726715226,16028.273766313663
jonas jensenabbew__2002-04-20,,,,879964.9874606174,874180.9122891611,20905.692654424063
jonas kersken__2000-09-01,,,,1105221.856536177,1105221.856536177,
jonas lossl__1989-02-01,,,,335760.97887996654,351926.63908807543,38803.88595920648
jonas martin__1990-04-09,,,,752758.8985803681,752758.8985803681,11630.76096513972
jonas meffert__1994-09-04,Jonas Meffert,MID,1550000.0000000012,1439816.2997803185,1439816.2997803185,39971.60829520701
jonas mortensen__2001-01-16,,,,433830.3629038708,433830.3629038708,30671.705247748592
jonas nickisch__2004-05-21,,,,366037.036693246,366037.036693246,6416.1466374683405
jonas omlin__1994-01-10,,,,2166736.8677465515,2166736.8677465515,249513.65880368606
jonas svensson__1993-03-06,Jonas Svensson,DEF,1899999.9999999993,1880485.4569941307,1966333.5884084739,324690.8980806642
jonas urbig__2003-08-08,,,,7607240.992158004,7546499.682164294,161753.56753115484
jonas wind__1999-02-07,,,,10736180.92460995,10763019.558094237,387811.3714122552
jonatan braut brunes__2000-08-07,,,,2587613.446036847,2588226.213686168,66618.50716335195
jonatan lindekilde__2006-03-31,,,,618654.4396516257,612255.7086231792,14448.647010048311
jonathan amon__1999-04-30,,,,656918.1892149226,656918.1892149226,25068.14536740919
jonathan bamba__1996-03-26,,,,7794074.208838495,7796942.94361739,444684.2807159151
jonathan bond__1993-05-19,,,,471600.3456407008,470355.1569166317,17219.485237969682
jonathan burkardt__2000-07-11,,,,39941456.167912155,40533378.66947114,6202172.556734488
jonathan david__2000-01-14,,,,37876523.00268799,37876523.00268799,1195502.834018418
jonathan de guzman__1987-09-13,,,,244340.29485942682,244340.29485942682,8313.016461080793
jonathan fischer__2001-11-09,,,,2341727.663417986,2346710.3589633736,85203.27589840845
jonathan hutters__2004-02-21,,,,190143.49622720384,194605.44653891775,11497.681434667016
jonathan ikone__1998-05-02,,,,5563066.744764518,5292940.04681064,501006.5524685823
jonathan klinsmann__1997-04-08,,,,805245.8012992406,805245.8012992406,
jonathan meier__1999-11-11,Jonathan Meier,DEF,537500.0000000003,500612.58637285343,501904.49180167937,24965.012067362888
jonathan panzo__2000-10-25,,,,1983142.1302248223,1992956.0323641675,20372.99746546773
jonathan rodriguez__1993-07-06,,,,5226111.793566703,5226111.793566703,318856.26535532036
jonathan rowe__2003-04-30,,,,10925528.771766046,10903709.277749185,596879.2107405607
jonathan tah__1996-02-11,Jonathan Tah,DEF,48250000.00000002,51356995.893954575,52637071.52409711,2630599.334891974
jonathan tomkinson__2002-04-11,,,,537415.9669499703,537415.9669499703,64837.45565998195
jonathan varane__2001-09-09,,,,3975744.729332278,4007252.8082819954,628977.8494407679
jones elabdellaoui__2006-01-12,,,,1652422.2618300142,1735817.7400828402,168844.99691557238
jonjoe kenny__1997-03-15,,,,3215374.032619405,3141342.898999108,211743.91306867622
jop tijink__2005-01-30,Jop Tijink,DEF,212500.00000000017,244090.18070081872,241159.41151895482,9142.729415166854
jordan amissah__2001-08-02,,,,405667.32943810336,414356.5490171042,21409.60841906591
jordan archer__1993-04-12,,,,230053.92895284187,236857.46713231388,28010.639245707018
jordan ayew__1991-09-11,,,,2353543.116657927,2353543.116657927,276222.5368504278
jordan beyer__2000-05-19,,,,7513220.29046509,7513220.29046509,437548.1743135167
jordan bos__2002-10-29,,,,4901807.559921125,4901807.559921125,1384.9762107840188
jordan bowery__1991-07-02,,,,286908.6894091953,286908.6894091953,6160.895254756232
jordan ferri__1992-03-12,Jordan Ferri,MID,2712500.0000000023,1252677.275358318,1252677.275358318,66425.68457557198
jordan henderson__1990-06-17,,,,4285113.260120671,4153570.6850339603,432553.8400085312
jordan holmes__1997-05-08,,,,235427.80479735837,235427.80479735837,10634.582016656468
jordan holsgrove__1999-09-10,,,,3349926.1793026626,3349949.0311592324,192764.49533130229
jordan hugill__1992-06-04,,,,452448.5731458077,456400.82467143954,47636.637698264196
jordan larsson__1997-06-20,,,,2317235.4231587583,2299466.1219900716,96548.51196294784
jordan lefort__1993-08-09,,,,2711747.1636055023,2685715.3319078553,248496.61419688349
jordan lotomba__1998-09-29,,,,4228505.977930589,4272986.340375843,265469.8809730968
jordan mcghee__1996-07-24,,,,594387.2175773883,594387.2175773883,24853.838279389896
jordan obita__1993-12-08,Jordan Obita,DEF,412500.00000000006,492621.3386645208,492621.3386645208,12212.998396996069
jordan pickford__1994-03-07,,,,20022574.11348944,20300073.38277731,1033294.1511298401
jordan smith__1994-12-08,,,,285896.1967448194,286238.95801734156,5382.710092187552
jordan teze__1999-09-30,,,,10047859.562073393,9799881.406894406,2113668.9249270568
jordan thompson__1997-01-03,,,,1049371.8879492923,1049371.8879492923,87645.75182909491
jordan torunarigha__1997-08-07,,,,3510941.3352674437,3510338.8694967926,67582.65083327975
jordan turnbull__1994-10-30,Jordan Turnbull,DEF,362499.9999999997,259952.7075941741,255663.22266592496,15017.525474966811
jordan williams__1999-10-22,,,,855707.0596532819,855707.0596532819,14738.341237444145
jordan zemura__1999-11-14,Jordan Zemura,DEF,3449999.999999999,2260207.1324879695,2260207.1324879695,13450.198968035447
jordi liongola__2000-05-17,Jordi Liongola,DEF,1450000.0000000002,1488835.1472886086,1484357.0199676165,31240.288000402423
jordi oseitutu__1998-10-02,Jordi Osei-Tutu,DEF,712500.0000000002,658750.3825256384,659556.5198876857,54199.8195494998
jordi vanlerberghe__1996-06-27,Jordi Vanlerberghe,DEF,1650000.0000000007,1344048.6995376092,1385743.068819564,133775.0008856961
jordy clasie__1991-06-27,,,,4975125.217354177,4975125.217354177,
jordy de wijs__1995-01-08,,,,940695.1908170182,948556.5261367393,31121.583649876447
jordy gillekens__2000-02-18,Jordy Gillekens,DEF,575000.0000000001,765683.306472084,765683.306472084,15519.890254028425
jorg schreuders__2004-09-09,,,,1880240.846439933,1880240.846439933,264880.2156288621
jorge grant__1994-12-19,Jorge Grant,MID,612499.9999999997,627508.4822678115,627508.4822678115,60411.52064234938
jorge sanchez__1997-12-10,,,,2359310.3833738393,2355736.3076342666,76415.18102246203
jorge segura__1997-01-18,,,,560066.9586793658,560066.9586793658,
joris chotard__2001-09-24,,,,6304469.797303416,6304469.797303416,166589.10084992278
joris kayembe__1994-08-08,,,,3513064.3018995584,3512765.6966151935,74368.5060419486
joris kramer__1996-08-02,,,,2256074.572846982,2248605.6004094305,42756.68820552415
joris van overeem__1994-06-01,,,,1705163.8290098421,1705163.8290098421,
jorman campuzano__1996-04-30,,,,1988396.9714645045,1989044.1045731893,496904.0600027059
jorne spileers__2005-01-21,Jorne Spileers,DEF,2599999.9999999986,2631144.598886704,2631144.598886704,11729.16451883953
jorrel hato__2006-03-07,Jorrel Hato,DEF,31999999.999999955,36461814.62400482,38311017.47730931,3651224.2795135383
jorthy mokio__2008-02-29,Jorthy Mokio,DEF,5650000.000000001,3015035.0432967707,3024312.1944799544,85460.425455535
jose cifuentes__1999-03-12,,,,2751226.6800330267,2752701.7484471817,120350.03764542346
jose luis palomino__1990-01-05,,,,734956.4350206417,716137.8852357604,44740.284986293926
jose maria gimenez__1995-01-20,,,,20737563.46447885,20737563.46447885,1694262.9902038022
jose sosa__1985-06-19,,,,735193.1445487445,735193.1445487445,
josef bursik__2000-07-12,,,,765876.7299412668,765876.7299412668,1027.2248785706004
joseph aidoo__1995-09-29,,,,3398137.695657674,3329330.1250656103,128125.86600595877
joseph anang__2000-06-08,,,,905535.8719786988,900173.2752830223,71763.48522939923
joseph hungbo__2000-01-15,,,,992645.3869899958,797765.8424893001,369498.2055321303
joseph mangondo__2005-08-06,,,,416863.1267906202,430635.60958178825,26166.233749726372
joseph nonge__2005-05-15,,,,1648699.2666019436,1646051.8642607208,104433.7530042251
joseph okumu__1997-05-26,,,,2832228.214075861,3403383.1231744755,1119311.8833813109
joseph opoku__2005-08-08,Joseph Opoku,MID,2700000.0,3409777.288276415,3418253.2741702255,63005.856972827394
joseph paintsil__1998-02-01,,,,4997201.949646985,4997201.949646985,
josh benson__1999-12-05,Josh Benson,MID,562500.0000000003,611548.181428015,601044.038839183,30006.840532636495
josh bowler__1999-03-05,,,,2009750.5031557987,2009750.5031557987,
josh brownhill__1995-12-19,,,,5515147.899776497,5515147.899776497,
josh campbell__2000-05-06,,,,553122.3533530328,553122.3533530328,22090.268357084424
josh cullen__1996-04-07,Josh Cullen,MID,8000000.000000002,9543800.088142095,9441601.443365239,1204999.174622486
josh dasilva__1998-10-23,,,,2998526.5488995854,2998526.5488995854,
josh doig__2002-05-18,,,,4847989.1074174605,4847989.1074174605,25662.019177621016
josh feeney__2005-05-06,,,,959298.2312776198,954030.4139649523,32599.099828698243
josh flint__2000-10-13,,,,751537.5458140436,754244.0413206093,9330.275520284744
josh king__2007-01-03,,,,11521457.000549026,11882546.203140484,2214310.8823396433
josh knight__1997-09-07,,,,960296.8923874417,949839.6569004462,29649.09008688463
josh laurent__1995-05-06,,,,2730820.7197736595,2694181.749756492,130322.66670563316
josh magennis__1990-08-15,,,,342078.5639319129,351695.3803560659,38131.26226288526
josh maja__1998-12-27,,,,2458882.0197327607,2427363.1201221747,70100.04051896454
josh martin__2001-09-09,Josh Martin,MID,525000.0000000003,410289.52934132353,406742.8618559337,24328.357005155412
josh mulligan__2002-11-12,,,,1155985.0079856648,1241198.943467207,277028.3458718493
josh sargent__2000-02-20,,,,5630575.146403253,5643668.719368121,235935.9991178845
josh sheehan__1995-03-30,,,,858218.7844376009,875967.8999842603,52942.220360430445
josh tymon__1999-05-22,Josh Tymon,DEF,2449999.9999999995,2113456.1055118334,2109157.118848335,36707.44300584612
josh vickers__1995-12-01,Josh Vickers,GK,499999.99999999977,516796.902071918,528865.637392236,56622.72464573505
josh windass__1994-01-09,,,,2506792.0261065233,2506792.0261065233,
josha vagnoman__2000-12-11,,,,5887069.4777236525,5777144.231387328,312077.7745276596
joshua bitter__1997-01-01,,,,585952.5594603793,589264.2824994371,41214.03720540198
joshua brenet__1994-03-20,,,,1461742.3133680539,1472142.7051640716,78837.49311191576
joshua brillante__1993-03-25,Joshua Brillante,DEF,487499.9999999996,477557.5618121017,470190.49015142786,48779.22460475887
joshua eze__2003-03-20,Joshua Eze,MID,537500.0000000003,659775.640494507,659775.640494507,30097.831248174505
joshua kimmich__1995-02-08,,,,75706244.38453256,70316335.84660576,9389391.44243992
joshua king__1992-01-15,Joshua King,MID,2950000.000000002,2792290.3392169303,2796381.096568024,54160.93774357866
joshua kitolano__2001-08-03,,,,2080653.5584044498,2080653.5584044498,
joshua quarshie__2004-07-26,,,,1932700.4906972246,1932700.4906972246,
joshua smits__1992-11-06,,,,609217.4305576406,609217.4305576406,
josimar alcocer__2004-07-07,,,,2734143.8740786035,2734143.8740786035,542244.2664374613
josip brekalo__1998-06-23,,,,3636208.741824705,3636208.741824705,
josip calusic__1993-10-11,,,,278811.3440987455,278811.3440987455,
josip misic__1994-06-28,,,,1694243.4963375453,1714080.5399037164,86591.0168291819
josip stanisic__2000-04-02,,,,18230704.179664396,18230704.179664396,1161166.9812699347
josip sutalo__2000-02-28,Josip Šutalo,DEF,17249999.99999998,16823764.102833766,17322318.2260039,1754029.1330113267
josko gvardiol__2002-01-23,,,,70683882.48478436,70683882.48478436,5738949.0403493345
josue casimir__2001-09-24,Josué Casimir,MID,3400000.000000002,2813003.926476872,2813003.926476872,
josue kongolo__2006-04-13,,,,747616.4833845962,728567.8851991531,34255.481450580824
jovan milosevic__2005-07-31,,,,1297856.0933471033,1285515.8955067543,31910.811863975247
joyskim dawa__1996-04-09,,,,1142156.8323100253,1169652.43625039,72699.40493927855
jozhua vertrouwd__2004-08-21,,,,1854953.7862711663,1859965.0913044638,131283.37071491935
jozo stanic__1999-04-06,,,,1179821.2177967452,1210507.9088143448,131233.47835987198
jrgen strand larsen__2000-02-06,,,,20594310.651865214,20594310.651865214,717842.6159699508
juan castillo__2003-01-13,Juan Castillo,GK,1550000.0000000012,1545109.4485841107,1577589.4332052404,110775.36538793275
juan foyth__1998-01-12,,,,17646981.704193424,16617262.11166802,2753166.6518461043
juan garro__1992-11-24,,,,503631.2258547458,503631.2258547458,164688.32028667713
juan iturbe__1993-06-04,,,,1770010.0268046495,1788790.4574872893,179686.91388122996
juan jose perea__2000-02-23,,,,867590.1607514081,863305.2506297906,19000.059173874484
juan manuel garcia__1992-11-14,Juan Manuel García,FWD,825000.0000000006,1299035.673557035,1280035.5739958603,65838.71230842317
juan manuel insaurralde__1984-10-03,,,,335432.5269232718,273528.4421982871,91827.40892389508
juan musso__1994-05-06,,,,6144804.449195154,6262643.199028347,511438.684306031
juan rodriguez__2005-05-30,,,,1854102.7196013634,1854102.7196013634,35156.575422502894
jude bellingham__2003-06-29,,,,120669054.68258026,120669054.68258026,23613610.141310178
jude soonsupbell__2004-01-10,Jude Soonsup-Bell,FWD,525000.0000000003,457595.244789006,455606.5548194571,29795.5740417173
juho talvitie__2005-03-25,Juho Talvitie,MID,1450000.0000000002,1814375.7085213906,1820601.1609916575,170517.47974668726
julen agirrezabala__2000-12-26,,,,10767539.0375102,10507173.70101002,549942.2405123422
jules gaudin__2000-05-09,,,,1494345.2077031587,1477694.7299096475,90319.54119801996
jules kounde__1998-11-12,,,,69087829.36172089,69087829.36172089,1980304.3406063123
jules stawiecki__2007-04-10,,,,419978.8083873421,413631.3738452461,28434.03135940511
julesanthony vilsaint__2003-01-06,,,,426738.6752936365,427128.0571417791,36785.347264522505
julian alvarez__2000-01-31,,,,119023571.73077649,108750404.28604038,17821213.322249096
julian araujo__2001-08-13,Julian Araujo,DEF,8999999.999999996,6723577.58780109,6787451.887776765,1110991.2490927293
julian baas__2002-04-16,,,,1339164.0593430977,1326809.2812477634,50643.49076412644
julian brandes__2004-05-11,,,,887810.2963207165,882877.8835638775,38460.157102141326
julian brandt__1996-05-02,,,,29869074.061385304,29869074.061385304,
julian eitschberger__2004-03-05,,,,1445380.6721894136,1445380.6721894136,31889.318105674913
julian green__1995-06-06,,,,1471696.1868528645,1464029.8813275394,34374.973786966046
julian illanes__1997-03-10,,,,1294321.1264218052,1329611.4174563882,91650.44161694775
julian justvan__1998-04-02,,,,4219420.413022065,4134624.839227508,331732.31061083643
julian martinez__2003-12-01,,,,1199105.1775356617,1181257.323109869,159639.53822356884
julian niehues__2001-04-17,Julian Niehues,MID,1899999.9999999993,2177123.95375802,2176625.4036247693,52108.30318528164
julian palacios__1999-02-04,,,,1491819.2862447952,1492226.8247974585,111326.23762796153
julian rieckmann__2000-08-01,,,,543337.023188686,539506.2965027315,14444.899556507224
julian ryerson__1997-11-17,,,,14301695.966541503,14608541.70505879,1027431.4103643754
julian von moos__2001-04-01,,,,1077876.7742394004,1077876.7742394004,66263.3072191246
julian weigl__1995-09-08,,,,10028632.447059432,10242186.298499633,610650.3186254808
julien duranville__2006-05-05,,,,7087280.117862144,6635254.627319716,1169873.2292196588
julien fabri__1994-02-05,Julien Fabri,GK,155000.00000000012,204655.0734976791,199534.02746876088,24250.76316668554
julien laporte__1993-11-04,,,,2054383.9146869022,1986229.2779168445,240878.3565188389
julien le cardinal__1997-08-03,,,,4638402.9391119,4638402.9391119,312914.24632885715
julien lopez__1992-03-01,,,,594816.4275397205,594816.4275397205,20727.624220987593
julien ponceau__2000-11-28,Julien Ponceau,MID,3850000.0000000005,4752133.1947425855,4622264.161882259,423297.7771234569
julio soler__2005-02-16,,,,3294398.5694615375,3410660.2605626537,339838.87403591286
julius berthel askou__2006-05-27,,,,421651.06820512994,421651.06820512994,21982.37884631641
julius dirksen__2003-02-02,,,,592729.6529441997,588448.7184704893,8555.365946595895
julius eskesen__1999-03-16,,,,730193.4106403732,740262.3758147609,33735.082479010096
juninho bacuna__1997-08-07,Juninho Bacuna,MID,2050000.000000001,1573027.4316054243,1573027.4316054243,15506.615294586183
junior adamu__2001-06-06,,,,2831078.314887024,2796748.583493591,101556.40158841341
junior diaz__2003-07-23,Junior Diaz,DEF,3449999.999999999,3639108.709829482,3639108.709829482,
junior dina ebimbe__2000-11-21,,,,3527298.7855070904,3553672.839206514,56208.35198687886
junior hoilett__1990-06-05,,,,503061.05690802215,503061.05690802215,
junior messias__1991-05-13,Junior Messias,MID,1800000.000000001,1253907.7629713875,1268696.2570642843,67561.4999927052
junior mwanga__2003-05-11,,,,4942809.724574603,4665241.855000145,847009.7462089888
junior olaitan__2002-05-09,,,,2085839.0267017062,2085839.0267017062,
junnosuke suzuki__2003-07-12,,,,2262403.254218298,2262403.254218298,60372.95548775542
jure balkovec__1994-09-09,Jure Balkovec,DEF,1299999.9999999993,1239785.3404840103,1215345.2980905424,162414.5738965516
jurgen ekkelenkamp__2000-04-05,,,,5689660.781474708,5887421.548642815,479889.96328515944
jurrien timber__2001-06-17,,,,56160062.58204796,55865753.001276195,6577957.928151279
jusef erabi__2003-06-08,,,,2178407.755338496,2225290.2631967827,199498.4680677608
justin amaluzor__1996-10-17,,,,264123.93114096124,269396.3037232723,11333.265061715014
justin bijlow__1998-01-22,,,,3503480.0189553453,3514033.945559156,182402.03285129752
justin che__2003-11-18,,,,688908.774755942,697960.8189005201,56775.62192508306
justin de haas__2000-02-01,,,,5207496.517436281,5207496.517436281,149406.72563656094
justin devenny__2003-10-11,Justin Devenny,MID,6099999.999999996,4365975.565418213,4225707.385375391,1120572.6371845605
justin diehl__2004-11-27,,,,1731730.2329647548,1731730.2329647548,567.3604706132213
justin hubner__2003-09-14,,,,841878.1346046883,841878.1346046883,3681.077501608384
justin janitzek__2004-02-10,Justin Janitzek,DEF,999999.9999999997,968206.7091796792,983465.4209039798,31472.185042962607
justin kalumba__2004-12-25,,,,1103220.4968991978,1103220.4968991978,83682.79724612039
justin kluivert__1999-05-05,Justin Kluivert,MID,26750000.00000001,26410968.881586503,26410968.881586503,1982594.808047157
justin lonwijk__1999-12-21,,,,954329.1196616733,999546.2668877871,105100.85923803126
justin njinmah__2000-11-15,,,,5797116.32926924,5797116.32926924,14031.536587442795
justin smith__2003-02-04,,,,1755498.5160763077,1774524.2195960956,87333.7111068816
kaan ayhan__1994-11-10,,,,3552543.3526218706,3538552.7923774524,181066.69366826565
kaan kairinen__1998-12-22,Kaan Kairinen,MID,3850000.0000000005,4552619.81611059,4698246.04075912,493314.80321358144
kaare barslund__2004-03-23,,,,566670.3862528042,567560.1845846375,17955.56427124208
kacper potulski__2007-10-19,Kacper Potulski,DEF,950000.0000000008,1344533.0236130166,1361052.481693674,182026.60084280267
kacper urbanski__2004-09-07,Kacper Urbański,MID,4799999.999999999,2383811.544775772,2406819.5322343726,163428.90078767296
kadeem harris__1993-06-08,,,,308208.47182375676,296109.3453454976,24514.97047325701
kader keita__2000-11-06,,,,2014979.5466217347,2005571.489706668,27698.8821292875
kaelan casey__2004-10-28,,,,571756.6445397654,571756.6445397654,
kahveh zahiroleslam__2002-06-13,,,,1106255.9494356718,1106255.9494356718,31641.410344285036
kai havertz__1999-06-11,,,,45860623.57109839,47508113.73264201,5093623.611866406
kaine keslerhayden__2002-10-23,,,,2743728.8449620414,2834937.7029463425,571313.5303107427
kaishu sano__2000-12-30,,,,22341699.79273438,22341699.79273438,
kaito mizuta__2000-04-08,Kaito Mizuta,MID,712500.0000000002,789538.819405288,817324.555689696,112429.3085328277
kaj de rooij__2000-11-25,,,,868307.5147660238,874760.3881023123,18841.808110972317
kaj sierhuis__1998-04-27,,,,1465550.9634672347,1498481.315534316,111898.06906381191
kalidou koulibaly__1991-06-20,Kalidou Koulibaly,DEF,11000000.000000013,10183359.326093033,10195239.188337335,480963.41315631906
kalvin phillips__1995-12-02,,,,5258266.962023004,5423464.869792581,639226.5353651155
kamal sowah__2000-01-09,,,,1435367.2681830924,1435367.2681830924,109656.08736244802
kamaldeen sulemana__2002-02-15,,,,3723399.814399475,3791087.2326182122,130707.9533686197
kamarai swyer__2002-12-04,,,,330981.09451984894,330981.09451984894,16590.197661276798
kamiel van de perre__2004-02-12,,,,1969001.5128985464,1969001.5128985464,
kamil glik__1988-02-03,Kamil Glik,DEF,299999.99999999977,121298.80523746379,119518.86047088812,13601.068984099917
kamil grabara__1999-01-08,,,,17518724.711768035,17518724.711768035,532264.3503388965
kamil grosicki__1988-06-08,,,,1114501.4591979461,1114501.4591979461,164034.91637369205
kamil jozwiak__1998-04-22,,,,971145.0098531212,971145.0098531212,
kamil piatkowski__2000-06-21,,,,2259760.9214206496,2259760.9214206496,
kamory doumbia__2003-02-18,,,,10062610.219884388,9961001.91080222,555576.1854602236
kanayo megwa__2004-03-05,,,,273269.6483961233,273269.6483961233,7591.176155635942
kandet diawara__2000-02-10,,,,885530.2403071567,885530.2403071567,
kane wilson__2000-03-11,,,,1183806.4368929944,1183806.4368929944,
kanya fujimoto__1999-07-01,,,,3469857.8682237733,3483932.3524095686,85860.80253588741
kaoru mitoma__1997-05-20,Kaoru Mitoma,MID,30250000.000000015,32120893.58584626,32120893.58584626,1684138.1419977744
karamoko dembele__2003-02-22,,,,1964651.4421939838,2094042.9067678202,248073.9987210347
karim adeyemi__2002-01-18,,,,36217327.19090861,35529929.166306,6004156.642655849
karim benzema__1987-12-19,,,,11551572.150237355,11551572.150237355,718501.6415508777
karim onisiwo__1992-03-17,,,,1139890.3910120286,1179548.350344992,112876.71737983801
karim zedadka__2000-06-09,Karim Zedadka,DEF,525000.0000000003,732444.5050497807,740721.4047813189,57629.10838116263
karl darlow__1990-10-08,,,,679862.7636553321,679862.7636553321,
karl hein__2002-04-13,Karl Hein,GK,4500000.000000002,4737316.226157615,4829054.517130813,433954.34576782526
karlan grant__1997-09-18,,,,2121474.0495211026,2121474.0495211026,42867.40858357636
karljohan johnsson__1990-01-28,,,,158236.12150008176,158236.12150008176,6909.739553614081
karlo muhar__1996-01-17,,,,864646.8324752048,852797.0736326033,86206.53405334862
karol angielski__1996-03-20,,,,582653.2800680902,597792.8419388862,43264.58527201989
karol linetty__1995-02-02,Karol Linetty,MID,2000000.0000000016,2426805.3491982827,2408673.2657653494,80930.06144674277
karol mets__1993-05-16,,,,1285711.3908351623,1280579.5981239174,58594.00520462526
karol swiderski__1997-01-23,,,,3389677.8329779683,3490069.531603798,221780.93168097126
kartal ylmaz__2000-11-04,Kartal Yılmaz,MID,2499999.9999999995,2270091.47527369,2263920.7395255174,63715.5772526447
kasey bos__2004-05-08,,,,1279242.132362123,1276005.0205983142,146075.79185381834
kasey palmer__1996-11-09,,,,1750432.7532796673,1733068.5689006837,68322.62965000317
kasper boogaard__2006-01-29,,,,653344.5981265282,655565.4713239504,4338.792517810745
kasper dolberg__1997-10-06,,,,11036542.27681435,11004756.168415587,589656.1971776158
kasper jrgensen__1999-11-07,Kasper Jørgensen,DEF,974999.9999999999,1387426.6942594082,1412572.8279257969,100951.24890213922
kasper schmeichel__1986-11-05,,,,1964001.053861793,1964001.053861793,
kassoum ouattara__2004-10-14,,,,4071201.252477899,4071201.252477899,509453.725893314
kay tejan__1997-02-03,,,,650399.6639363748,650399.6639363748,9414.825140675805
kaye furo__2007-02-06,Kaye Furo,FWD,1899999.9999999993,1630099.845688355,1660989.8000208482,289642.5397759953
kazeem olaigbe__2003-01-02,,,,2679310.564963265,2641904.232512801,234564.75793331684
kazmcan karatas__2003-01-16,Kazımcan Karataş,DEF,1350000.0,1314207.1628868664,1316275.8084841939,77227.63952949115
kazuki nagasawa__1991-12-16,Kazuki Nagasawa,MID,324999.9999999999,276316.7464674169,272080.8276435476,21987.48927005402
keanan bennetts__1999-03-09,,,,374482.92418976134,363663.18536999414,39502.825376324494
keano vanrafelghem__2003-08-02,,,,1082174.8393583123,1082174.8393583123,
keanu baccus__1998-06-07,,,,739839.2603718578,739839.2603718578,5057.65809056152
keelan adams__2001-11-13,,,,282712.82115137245,281978.3426820547,6332.819996480983
kees smit__2006-01-20,Kees Smit,MID,16000000.000000026,9897607.780662278,10437913.795865167,1689393.527649949
keidi bare__1997-08-28,,,,1222130.0318485165,1192868.5237099254,97839.65698868333
keinan davis__1998-02-13,Keinan Davis,FWD,3650000.000000001,4095323.105254081,4113693.6519394172,373691.1404083758
keisuke goto__2005-06-03,,,,617245.2537968301,617245.2537968301,20056.345214766872
keita balde__1995-03-08,,,,1725754.596470554,1725754.596470554,87495.48623610963
keito nakamura__2000-07-28,Keito Nakamura,MID,9500000.000000015,10528418.911168002,10448839.736784756,438184.233846672
keke topp__2004-03-25,,,,2692445.2226743866,2692228.3748942045,44846.299022500396
kelechi iheanacho__1996-10-03,,,,3692936.899631793,3648106.0484493654,483458.50536831655
kelechi nwakali__1998-06-05,,,,674609.5786472032,674609.5786472032,
kelian nsona__2002-05-11,Kélian Nsona,MID,1075000.0,1074737.219528225,1060874.505514047,42485.147073550106
kelle roos__1992-05-31,Kelle Roos,GK,379999.9999999999,175683.77192951323,174864.0113263339,9521.700157220544
kelven frees__2005-02-03,,,,401469.17364551075,401469.17364551075,
kelvin amian__1998-02-08,,,,3138611.1034835563,3138611.1034835563,
kelvin boateng__2000-03-24,,,,586931.6223322481,582198.8709879937,13216.749491860655
kelvin yeboah__2000-05-06,Kelvin Yeboah,FWD,3299999.9999999986,2525818.8801157186,2481934.89796218,165561.17423918782
ken nkuba__2002-01-21,,,,1057847.6918712948,1057847.6918712948,7797.790952962556
kenan bilalovic__2005-06-22,,,,407671.3906351538,402943.9915464106,19557.199299982527
kenan karaman__1994-03-05,,,,2118348.2527104877,2140546.8114289423,107048.17164919949
kenan kodro__1993-08-19,,,,968535.7066619571,968535.7066619571,
kenan yldz__2005-05-04,,,,35048048.61214005,37635437.02300225,5766327.9941332275
kenay myrie__2006-09-06,,,,556811.7435332072,556811.7435332072,
kenjivan boto__1996-03-07,,,,349545.3389725694,438324.0257882339,157255.48690949546
kenneth omeruo__1993-10-17,,,,437430.05191264465,445040.13120371324,49349.35634389685
kenneth paal__1997-06-24,,,,1327692.6883410802,1327692.6883410802,168594.4244358252
kenneth schmidt__2002-06-03,,,,1792452.6149801183,1792452.6149801183,49971.057185146106
kenneth taylor__2002-05-16,,,,19671429.209511977,19982649.028600555,633243.7747179206
kenny mclean__1992-01-08,Kenny McLean,DEF,1200000.0000000005,1554575.3416615159,1571320.7749962984,148461.61550026067
kenny nagera__2002-02-21,,,,562203.734901584,552293.8357817389,49588.8486512841
kenny tete__1995-10-09,,,,10050544.071358293,10093208.592146711,641594.485613059
kenzo goudmijn__2001-12-18,,,,2179530.217563286,2190473.752297842,129523.09548630123
kepa arrizabalaga__1994-10-03,Kepa Arrizabalaga,GK,9249999.999999987,9044603.882341927,9044603.882341927,580516.2102086633
kerem akturkoglu__1998-10-21,,,,19871590.27494838,19891442.353515185,187665.17432550315
kerem demirbay__1993-07-03,,,,3049161.2144707786,3049161.2144707786,181636.79516972628
kerim mrabti__1994-05-20,,,,2271833.912684531,2225048.29322014,160383.3326757788
kervin arriaga__1998-01-05,,,,4004884.1295598256,4004884.1295598256,155452.81438513004
kevin akpoguma__1995-04-19,,,,2711347.5461136503,2821851.331388646,231960.0659748237
kevin appin__1998-01-20,,,,1197251.770457314,1197251.770457314,
kevin behrens__1991-02-03,,,,1010320.8522382121,1016307.2598577614,74606.01461980381
kevin boma__2002-11-20,,,,1867569.7733790767,1867569.7733790767,
kevin castano__2000-09-29,Kevin Castaño,MID,6000000.0,6043706.3939868,6185066.787557928,327674.4322215461
kevin chamorro__2000-04-08,,,,1406504.7940361602,1409992.6510854517,19858.841062968826
kevin danois__2004-06-28,,,,10657021.232217606,10657021.232217606,
kevin danso__1998-09-19,,,,22624952.30196829,22400342.18979442,598822.8130446739
kevin de bruyne__1991-06-28,,,,33496742.956613272,32178374.844179682,7171796.067778526
kevin denkey__2000-11-30,,,,11261023.718426242,11191000.913177485,307055.89532223693
kevin diks__1996-10-06,,,,8230821.997213051,8286054.646190703,670582.151225762
kevin gadellaa__2003-04-08,,,,319525.73157132056,319708.3574462028,9315.194093172177
kevin hoog jansson__2000-09-29,Kevin Höög Jansson,DEF,700000.0000000006,853462.0138112598,853462.0138112598,21053.878851887905
kevin keben__2004-01-26,,,,2104934.141010702,2129462.0928224307,146585.1167203657
kevin kelsy__2004-07-27,Kevin Kelsy,FWD,2700000.0,2141087.5920736096,2132787.255615587,54473.41095381805
kevin mac allister__1997-11-07,,,,9002049.023847118,9203507.758271933,492591.0428478262
kevin mbabu__1995-04-19,,,,1975290.509208719,1972539.8519069063,45009.37821703928
kevin mcdonald__1988-11-04,,,,159238.91091711633,159238.91091711633,38364.6407680735
kevin mouanga__2000-07-24,,,,1123963.3816701889,1123963.3816701889,
kevin muller__1991-03-15,Kevin Müller,GK,700000.0000000006,642441.6868170776,633301.7105256885,31436.107628949925
kevin ndoram__1996-01-22,,,,784951.0729134756,751231.9138152055,85299.86583601189
kevin nisbet__1997-03-08,,,,1924438.3541542268,1957093.1139095335,139934.9367982572
kevin paredes__2003-05-07,Kevin Paredes,DEF,7249999.999999998,5954741.88829322,5858246.174408002,447648.40787964
kevin piscopo__1998-02-06,,,,1316256.1953524791,1322781.5179222247,111019.24420044305
kevin prieto__2003-06-27,Kevin Prieto,DEF,800000.0000000005,788158.7661709149,784794.0502095891,34965.40756976876
kevin rodriguez__2000-03-04,Kevin Rodríguez,FWD,1749999.9999999998,2042369.7393855557,2063461.3387132902,112548.6230587837
kevin ruegg__1998-08-05,,,,527350.9565380826,509190.66427105817,70284.16322938228
kevin schade__2001-11-27,Kevin Schade,MID,27999999.99999999,28339541.119675625,28040376.092461675,1179712.8347021258
kevin sessa__2000-07-06,,,,1764650.992371585,1764927.180737744,157876.99893500036
kevin sibille__1998-09-15,,,,322065.0315424651,330431.322447306,20289.020197765687
kevin stoger__1993-08-27,,,,3290423.421843478,3337324.3089699703,123995.85663661586
kevin theophilecatherine__1989-10-28,,,,505501.782744288,505501.782744288,26428.622129828174
kevin trapp__1990-07-08,,,,2875076.4372178246,2885997.45506253,85168.97701956978
kevin tshiembe__1997-03-31,,,,846992.6333437319,865003.9910427843,38323.05517965965
kevin van den kerkhof__1996-03-14,,,,1649730.4861620693,1649730.4861620693,
kevin vogt__1991-09-23,,,,2014513.5699695596,1980107.9944597778,86501.34564075347
kevin volland__1992-07-30,,,,1228586.2429374747,1228278.7161071226,138481.84491594526
kevin yakob__2000-10-10,,,,1531022.8700282224,1531022.8700282224,35594.228599089955
kevin zeroli__2005-01-11,,,,1453384.7499066412,1453384.7499066412,
keyshawn wongasoij__2006-10-01,,,,280382.13092807785,287284.3101709385,19014.063181463975
khaled narey__1994-07-23,,,,2318704.0978605654,2318704.0978605654,603691.0847532545
khalil fayad__2004-06-09,,,,2854484.058078611,2847330.798040307,233960.91885409382
khalis merah__2007-02-24,Khalis Merah,MID,4700000.000000004,3574640.7775095655,3516770.415415837,149329.66022322452
khayon edwards__2003-09-12,,,,585997.2190894359,585997.2190894359,59183.73811513382
khephren thuram__2001-03-26,,,,34947065.163436756,35395472.90078216,3803549.591990123
khusniddin alikulov__1999-04-04,,,,1348923.498988844,1351546.405720117,28073.612814036816
khvicha kvaratskhelia__2001-02-12,,,,97931844.07883,100361765.23536578,12644772.729682848
kialonda gaspar__1997-09-27,,,,3416031.624331791,3442083.646488558,66461.89461649349
kian fitzjim__2003-07-05,,,,4624795.088613721,4624795.088613721,
kieffer moore__1992-08-08,,,,1781298.532793575,1781298.532793575,569124.0423307013
kieran dowell__1997-10-10,,,,1861246.436313985,1861246.436313985,61905.72144654772
kieran ohara__1996-04-22,,,,222815.2031762926,222776.05506823576,11721.646404353218
kieran trippier__1990-09-19,,,,4382382.308200814,4382382.308200814,36121.85206248702
kiernan dewsburyhall__1998-09-06,,,,17562345.182900727,17562345.182900727,
kieron bowie__2002-09-21,,,,1102534.5645146773,1102534.5645146773,
kijana hoever__2002-01-18,,,,5727537.421066233,5879898.819808344,757924.7126664557
kilian fischer__2000-10-12,,,,4446254.30770254,4414853.6252658125,495912.1235127556
kilian jakob__1998-01-25,Kilian Jakob,DEF,549999.9999999998,582417.9009444477,586900.8361657239,37198.012854844616
kilian ludewig__2000-03-05,Kilian Ludewig,DEF,462500.00000000006,430651.50122047093,422862.84700036916,14170.35764391152
kiliann sildillia__2002-05-16,,,,3943834.573916679,3910531.545582382,376497.6464140426
killian phillips__2002-03-30,,,,1111070.061210931,1079268.9878852265,73433.05601977602
killian sardella__2002-05-02,,,,5084868.952964039,5084868.952964039,206951.32573031072
kingsley coman__1996-06-13,,,,32859158.0074728,32859158.0074728,
kingsley schindler__1993-07-12,,,,1006213.8299952438,900334.6430992206,191293.0203361384
kingstone mutandwa__2003-01-05,,,,1224688.3231276525,1230170.0078953954,81976.06418143629
kion etete__2001-11-28,,,,1009985.7211103132,1024597.2987376808,39162.54568841052
kirian rodriguez__1996-03-05,,,,7622164.211044163,7675348.619750903,424437.8411060827
kiril despodov__1996-11-11,Kiril Despodov,MID,6749999.999999997,7045180.856725941,6925839.532302073,274362.25726764015
kjell peersman__2004-05-21,,,,616864.0004328614,618661.9236823487,4429.156794202596
kjell scherpen__2000-01-23,,,,4751311.756580089,4751311.756580089,330432.2545937368
kjell watjen__2006-02-16,,,,2191546.1309998557,2191546.1309998557,137019.3123819264
kjetil haug__1998-06-12,,,,1461031.173437026,1527767.0804282161,160306.24040187814
ko itakura__1997-01-27,,,,11450640.080678472,11138125.45455384,596948.4493459584
kobbie mainoo__2005-04-19,,,,26862723.53814436,26612143.284202095,1619431.414708387
kobe cools__1997-07-25,,,,1278049.1380309872,1275706.1124109903,58029.81028264549
kobe corbanie__2005-05-10,,,,1207840.290055263,1207840.290055263,
kodai sano__2003-09-25,,,,13880606.632807406,12415934.620356228,3988531.725350473
koen casteels__1992-06-25,,,,8198455.179754943,8198455.179754943,692084.0601970061
koen kostons__1999-09-18,Koen Kostons,MID,999999.9999999997,1236379.4752539939,1214539.7748508686,66853.59713467062
koen van langendonck__1989-06-09,Koen Van Langendonck,GK,139999.9999999999,144622.0714795028,144677.62840759617,2349.234954876204
koffi kouao__1998-05-20,,,,1987158.5907671042,1987158.5907671042,
kofi balmer__2000-09-19,,,,457184.6464229333,458744.54175152886,11221.050960005354
koji miyoshi__1997-03-26,,,,1093068.1099458686,1093068.1099458686,
kojo peprah oppong__2004-06-04,,,,3117286.0635177665,3266281.1628275462,259411.5640183043
koki ogawa__1997-08-08,,,,1433530.956337025,1433530.956337025,
koki saito__2001-08-10,,,,3347907.262597845,3347907.262597845,557607.808618524
kolbeinn finnsson__1999-08-25,,,,747093.479004156,841242.2927661203,248837.45513600047
konan ndri__2000-10-27,,,,1275333.4907833869,1275333.4907833869,
koni de winter__2002-06-12,,,,8713763.46287292,8713763.46287292,537072.8488682728
konrad de la fuente__2001-07-16,,,,1115392.2150685054,1115392.2150685054,
konrad laimer__1997-05-27,Konrad Laimer,DEF,28999999.999999948,29494111.651236095,29770464.000163164,1912703.1911385562
konstantinos chrysopoulos__2003-05-21,,,,940829.844054074,940829.844054074,23631.577196606813
konstantinos doumtsios__1997-09-20,,,,401395.88838614954,401395.88838614954,14897.473393842518
konstantinos karetsas__2007-11-19,,,,6346705.281757012,6826446.928397505,1600040.9594339854
konstantinos koulierakis__2003-11-28,,,,11636380.9041291,11566268.92407225,703735.9580132324
konstantinos laifis__1993-05-19,,,,1243559.0844923125,1222448.3488786488,268846.78369970643
konstantinos mavropanos__1997-12-11,,,,9007492.968760882,9092553.173723463,372706.2406633919
konstantinos thymianis__2001-02-28,,,,1439305.3211903204,1439305.3211903204,102070.91903986092
konstantinos tzolakis__2002-11-08,,,,19783056.378944024,19692437.767063767,1955149.9481876
koray gunter__1994-08-16,,,,1100160.3147061453,1109974.5790470457,76123.58824489055
korede osundina__2004-02-13,,,,921040.503619117,921040.503619117,21887.656606142464
korey smith__1991-01-31,,,,296582.7798298955,291829.099886744,29723.258573231367
kosta barbarouses__1990-02-19,Kosta Barbarouses,MID,512499.9999999997,492939.1571815365,487815.0787662422,30247.88676384282
kosta nedeljkovic__2005-12-16,,,,5452872.014203659,5283488.400559303,447132.0782694942
kostyantyn vivcharenko__2002-06-10,,,,1696728.8068426684,1682380.1528635824,73032.47906928297
kota takai__2004-09-04,,,,5009734.195034122,4963051.822987454,405214.6848232683
kotaro uchino__2004-06-19,,,,576688.5869293665,575235.1655540676,39826.98547796389
krepin diatta__1999-02-25,,,,4494740.946388813,4494740.946388813,
kristers tobers__2000-12-13,,,,1494637.0013268113,1521228.7706334996,47265.25771240353
kristian arnstad__2003-09-07,,,,3168831.4065410774,3171289.661954701,12005.698522382714
kristian bilovar__2001-02-05,,,,1495289.063197263,1495289.063197263,7946.52736822889
kristian dennis__1990-03-12,,,,185213.23506976097,169936.87100095447,39499.834662233836
kristian hlynsson__2004-01-23,,,,1938914.3809912982,1938914.3809912982,148997.16066453545
kristian pedersen__1994-08-04,Kristian Pedersen,DEF,812499.9999999993,705812.6373364399,709566.0637950716,60581.37266259418
kristian thorstvedt__1999-03-13,,,,6951106.391531013,6951106.391531013,
kristijan jakic__1997-05-14,,,,4742485.014710576,4892831.441590574,508678.2728518904
kristijan trapanovski__1999-08-14,,,,557401.0144325865,557401.0144325865,5796.035114403938
kristjan asllani__2002-03-09,,,,7549846.097278909,7549846.097278909,
kristoffer ajer__1998-04-17,,,,8107717.103516446,8219829.767767384,1191574.5528897373
kristoffer askildsen__2001-01-09,,,,1589635.4579670716,1589635.4579670716,20905.643734264348
kristoffer klaesson__2000-11-27,,,,835810.9237756272,838764.4765418404,56866.33354944951
kristoffer lund__2002-05-14,,,,3420027.051594401,3420027.051594401,
kristoffer nordfeldt__1989-06-23,,,,249783.2390807185,249783.2390807185,
kristoffer peterson__1994-11-28,Kristoffer Peterson,MID,899999.9999999995,1176073.4192150424,1180483.7221649387,31341.685543914602
krisztian keresztes__2000-01-04,Krisztián Keresztes,DEF,337500.00000000006,290952.71110119554,296034.5159821448,34747.296583418465
krys kouassi__2007-03-08,Krys Kouassi,MID,287499.9999999999,283638.21452642867,282629.40045221,13487.582819794994
krystian bielik__1998-01-04,,,,2136618.667575952,2081663.8461880754,185241.3030835281
krzysztof koton__2003-05-17,,,,621443.6843694946,648853.2888550364,61659.7312694637
krzysztof piatek__1995-07-01,,,,4192954.679043902,4192954.679043902,
kwadwo baah__2003-01-27,,,,1701461.0828774401,1655677.3967873426,139509.4573974835
kyan vaesen__2001-04-13,,,,1120842.712392498,1105749.799876226,79515.18567045954
kye rowles__1998-06-24,,,,1323619.8271707,1323619.8271707,
kyle edwards__1998-02-17,,,,456903.17247085454,456903.17247085454,
kyle jameson__1998-09-11,,,,277674.9986722993,277674.9986722993,
kyle john__2001-02-13,,,,507671.7632846542,543454.6191952528,73531.60288167137
kyle knoyle__1996-09-24,Kyle Knoyle,DEF,425000.0000000002,440699.76680082886,450758.8566522434,22492.71867068534
kyle walker__1990-05-28,,,,3776049.9586547804,3776049.9586547804,125701.37956654752
kyle walkerpeters__1997-04-13,,,,9615291.918151181,9907968.35317947,1254892.6009109863
kylian kaiboue__1998-08-20,,,,1654849.4839566038,1666783.6392440065,108560.71851918782
kylian mbappe__1998-12-20,,,,149036252.09040576,149036252.09040576,8965910.749441192
kyliane dong__2004-09-27,Kyliane Dong,DEF,999999.9999999997,1016185.2974203856,1049027.934266909,109320.55316520372
kyogo furuhashi__1995-01-20,,,,2922396.9252312975,2840298.6161838807,283382.2078704076
kyriani sabbe__2005-01-26,,,,5009057.259594129,5009057.259594129,199454.97388383537
ladislav krejci__1999-04-20,,,,20385947.37247564,20385947.37247564,993144.4265452607
lado akhalaia__2002-07-01,Lado Akhalaia,FWD,187500.0,324629.88992168644,335613.9425218613,24299.804724459536
lameck banda__2001-01-29,,,,2223247.97638767,2223247.97638767,544742.5235637284
lamine camara__2004-01-01,Lamine Camara,MID,19249999.99999997,22358030.68622481,21589968.989197098,1606647.8021642433
lamine diack__2000-11-15,,,,1135925.2653863449,1112605.2113144947,60098.78321264408
lamine fomba__1998-01-26,,,,1491353.511780444,1454346.8106324472,89645.7014297431
lamine gueye__1998-03-13,,,,589529.4355735326,599735.3929194423,46565.601456471515
lamine sy__2002-08-10,,,,1662830.880761831,1662830.880761831,213486.51739683285
lance duijvestijn__1999-01-15,,,,1298571.3452220573,1386416.6558473613,190534.13363896502
lapo nava__2004-01-22,,,,372192.02715475863,372192.02715475863,34886.734066094505
largie ramazani__2001-02-27,,,,6781112.545201804,6781112.545201804,
lars dietz__1997-01-07,Lars Dietz,DEF,525000.0000000003,656202.3630055015,666280.9728525319,23248.002172171968
lars kramer__1999-07-11,,,,2156544.3416162753,2151185.706920725,169859.67159264698
lars lokotsch__1996-05-17,Lars Lokotsch,FWD,537500.0000000003,779849.0369494435,763559.5989367552,70485.41680945868
lars olden larsen__1998-09-17,,,,958106.3828367258,958106.3828367258,79116.54574192829
lars unnerstall__1990-07-20,,,,1461595.4530159347,1449013.2358771572,56819.78053638336
lasse berg johnsen__1999-08-18,,,,2300081.7094451184,2300081.7094451184,
lasse gunther__2003-03-21,,,,1458158.9537068477,1457789.7377173423,134340.44925482443
lasse nordas__2002-02-10,Lasse Nordås,FWD,1400000.0000000007,972590.2657311086,975663.7594647103,43268.2962489627
lasse rie__2001-07-27,,,,1131059.0526994234,1136898.6101111607,27828.90622011526
lasse wilhelm__2003-03-20,,,,770948.8672847098,771582.7031546094,14837.104120079179
lassina traore__2001-01-12,Lassina Traoré,MID,3449999.999999999,3048032.1667596456,3121966.387757392,318766.7153210207
lassine diarra__2002-11-11,,,,781719.5044159685,788813.8229202264,49872.036582610395
lassine sinayoko__1999-12-08,,,,6362874.678189933,6354274.038875652,1005030.4724181027
laszlo benes__1997-09-09,László Bénes,MID,2750000.0,2244488.042594766,2282560.034259556,74187.71966857095
laurent abergel__1993-02-01,,,,5431020.08007317,5337739.031686185,173842.6114021447
laurent lemoine__1998-04-24,,,,1026008.5730449456,992869.1676756653,75131.71483783376
laurin ulrich__2005-01-31,,,,1741050.5651843622,1711087.9680837893,279270.29512747464
laurs skjellerup__2002-08-12,,,,1050406.240436264,1053722.047002099,36095.11684866282
lautaro blanco__1999-02-19,Lautaro Blanco,DEF,4250000.000000002,5362166.624209757,5329868.397969333,348700.6583563493
lautaro giannetti__1993-11-13,Lautaro Giannetti,DEF,1699999.9999999988,1558745.5102852539,1558745.5102852539,69885.10989404867
lautaro martinez__1997-08-22,,,,101606246.80121823,100706141.43264568,8605707.162231188
lautaro valenti__1999-01-14,,,,1448011.1670005266,1437980.5922966197,85216.13098850696
lawrence agyekum__2003-11-23,,,,1106230.4525222122,1085689.3533341107,52665.14566532485
lawrence ofori__1998-06-28,,,,2119618.584956982,2104809.048546541,50318.39519697614
lawrence shankland__1995-08-10,,,,4127924.9772092476,4127924.9772092476,230346.19429971903
lawrence thomas__1992-05-09,,,,555032.6165518204,555032.6165518204,32787.31466009456
lawrence vigouroux__1993-11-19,,,,1560703.7881474472,1560703.7881474472,
layton stewart__2002-09-03,,,,837677.2534727434,834756.2469919483,17542.217663782834
lazar carevic__1999-03-16,,,,1510564.8734652947,1555682.3218414492,216355.73067574546
lazar jovanovic__2006-11-30,,,,1227981.1227555247,1227981.1227555247,55155.028892453585
lazar rosic__1993-06-29,,,,1009307.5164370094,1002555.2786987362,27483.083961229426
lazar samardzic__2002-02-24,,,,12648291.835879521,13200047.834671177,1163345.7282303933
lazaros rota__1997-08-23,Lazaros Rota,DEF,4750000.000000003,5839763.439191019,5839763.439191019,7555.528218630507
leander dendoncker__1995-04-15,Leander Dendoncker,DEF,4750000.000000003,3581713.353354688,3650589.2160524977,187552.23060088768
leandre kuavita__2004-05-31,Léandre Kuavita,MID,1299999.9999999993,922808.9864340011,949463.3409657594,96907.18808629356
leandro barreiro__2000-01-03,,,,11494055.037953513,11494055.037953513,
leandro cabrera__1991-06-17,,,,3083196.6671054126,3195803.5452779853,295582.15056602703
leandro chichizola__1990-03-27,,,,406811.24372073304,406811.24372073304,
leandro gonzalez pirez__1992-02-26,,,,1637699.0011291252,1637699.0011291252,
leandro paredes__1994-06-29,Leandro Paredes,MID,12750000.000000002,14596732.366722304,15191216.20911819,1981145.814574503
leandro sanca__2000-01-04,,,,750315.063225179,750315.063225179,
leandro trossard__1994-12-04,,,,31427962.136353582,31969920.896446638,1431413.9301442988
leart pacarada__1994-10-08,,,,1949322.5168905624,1939640.8823059937,55934.03565886681
lee nicholls__1992-10-05,,,,397111.212956061,397111.212956061,23912.116240590494
leeroy owusu__1996-08-13,,,,904218.3531508903,916454.4233461642,80548.68320684729
leif davis__1999-12-31,,,,8726008.858715335,8798760.807734838,233680.49899975976
leighton clarkson__2001-10-19,,,,2369551.504738495,2359699.7100926274,41432.97004004548
lennard hartjes__2003-04-07,Lennard Hartjes,MID,899999.9999999995,908911.9004415218,908911.9004415218,16766.784227172277
lennard maloney__1999-10-08,,,,3773879.4008160457,3773879.4008160457,
lennart grill__1999-01-25,,,,797588.7641075916,793856.8788150853,13282.798347654541
lennon miller__2006-08-25,,,,4539073.086499723,4539073.086499723,506283.7227349428
lenny pintor__2000-08-05,,,,881203.9403959223,881203.9403959223,18349.736382934734
lenny vallier__1999-04-24,Lenny Vallier,DEF,899999.9999999995,1040049.2640654134,1027229.1778489175,66221.7655692154
leny yoro__2005-11-13,Leny Yoro,DEF,41749999.99999995,31132758.491481993,30712935.181342993,885395.9907593487
leo castledine__2005-08-20,,,,1873245.0361933971,1873245.0361933971,
leo greiml__2001-07-03,,,,1803032.9361551404,1803032.9361551404,160303.12338524451
leo leroy__2000-02-14,Léo Leroy,MID,1749999.9999999998,2340047.8225969914,2350121.785587931,34348.871221223555
leo oppermann__2001-08-28,,,,364905.6093690538,364905.6093690538,
leo petrot__1997-04-15,,,,1448684.84751333,1440208.400303052,19960.439341173296
leo sauer__2005-12-16,Leo Sauer,MID,6999999.999999995,8862268.180248078,8570655.60102011,1785919.785676334
leo stigard__1999-11-28,Leo Østigård,DEF,8000000.000000002,8456807.575690646,8384665.367878122,407417.29355766653
leo weinkauf__1996-07-07,,,,531169.6474776532,542245.0331523323,23785.261525123144
leon avdullahu__2004-02-23,,,,7581854.93222215,7483742.81731808,615092.9103671878
leon bailey__1997-08-09,Leon Bailey,MID,20249999.999999974,17960682.476036876,17870556.8448968,1036563.0547735539
leon dajaku__2001-04-12,Leon Dajaku,MID,887500.0000000002,692733.9438164637,692733.9438164637,1344.1470593228228
leon goretzka__1995-02-06,,,,17103710.503447328,16764325.195884706,1133490.7724107995
leon guwara__1996-06-28,,,,386699.9029471264,385609.7745027946,20944.400953657416
leon klanac__2007-03-01,,,,232705.56111696744,228337.41627790759,8638.807684622265
leon klassen__2000-05-29,,,,894724.4104793125,894724.4104793125,34831.525152017006
leon mccann__2000-03-16,,,,258053.31487518983,254376.04854732347,6702.4654301681485
leon opitz__2005-04-11,,,,1195230.235856508,1105669.4877140035,275967.7594234621
leon reichardt__2004-06-28,,,,489143.0554064268,489143.0554064268,32492.710972520203
leonardo balerdi__1999-01-26,Leonardo Balerdi,DEF,24999999.999999963,28071306.072754532,27373177.244091023,1499646.1149131318
leonardo bertone__1994-03-14,,,,1479897.6392608196,1442735.9942095657,76503.67709507991
leonardo candellone__1997-09-15,,,,1174795.5961830544,1176418.4548103078,39645.5278000719
leonardo cerri__2003-03-04,,,,2026940.0802562987,2026940.0802562987,36803.1888630899
leonardo koutris__1995-07-23,,,,1318992.7062988516,1318992.7062988516,
leonardo loria__1999-03-28,Leonardo Loria,GK,412500.00000000006,388925.2108820202,388925.2108820202,23136.155972289598
leonardo mancuso__1992-05-26,,,,1120839.8581887188,1120839.8581887188,17780.15825696467
leonardo marson__1998-01-05,,,,386899.57895670907,382779.77970443194,13775.73220985782
leonardo mendicino__2006-06-25,,,,563822.7318785269,563822.7318785269,42286.621160551265
leonardo pavoletti__1988-11-26,,,,343339.43856911076,343339.43856911076,
leonardo spinazzola__1993-03-25,,,,8838090.074895153,8838090.074895153,
leonel montano__1999-10-02,,,,603557.7709863335,603557.7709863335,
leonidas stergiou__2002-03-03,,,,3528930.79997426,3528930.79997426,
leopold zingerle__1994-04-10,,,,726641.5446482236,708174.802149791,35194.361044471676
lequincio zeefuik__2004-11-26,Lequincio Zeefuik,FWD,1075000.0,948905.0475923499,938986.4217108171,20434.895969897043
leroy sane__1996-01-11,,,,30464889.05484224,30464889.05484224,1747652.9506065398
lesley ugochukwu__2004-03-26,Lesley Ugochukwu,MID,17749999.999999993,15752020.713757165,15792201.905837512,395568.0365444217
levent mercan__2000-12-10,,,,4340450.962825051,4340450.962825051,
levi colwill__2003-02-26,,,,35677048.661051385,35285751.041484445,2003243.5219274764
levi smans__2003-03-25,,,,1742892.0363866237,1742892.0363866237,
lewin blum__2001-07-27,,,,2496918.746158004,2495057.6398974676,55546.46601491242
lewis baker__1995-04-25,Lewis Baker,MID,2000000.0000000016,2053012.0839393712,2053012.0839393712,116849.3817625651
lewis brunt__2000-11-06,,,,1244800.6507610988,1294067.8895998402,108800.1713962416
lewis dobbin__2003-01-03,,,,3985477.533290043,3985477.533290043,
lewis dunk__1991-11-21,Lewis Dunk,DEF,4500000.000000002,5108752.452274005,5065117.804671347,83262.87179997128
lewis ferguson__1999-08-24,,,,18573321.771678135,18573321.771678135,
lewis gibson__2000-07-19,,,,2497941.360330898,2497941.360330898,
lewis holtby__1990-09-18,,,,641932.1408194226,640805.445976861,2085.987688546533
lewis jamieson__2002-04-17,,,,297116.22480960237,286284.4772382826,28792.22289735107
lewis koumas__2005-09-19,,,,3354867.3397788852,3354867.3397788852,447297.57085741666
lewis mayo__2000-03-19,,,,1055264.624873716,1055264.624873716,
lewis miley__2006-05-01,Lewis Miley,DEF,17999999.999999985,23625501.79131813,23579133.617770165,2359416.0593612795
lewis miller__2000-08-24,Lewis Miller,DEF,1200000.0000000005,1317251.6977749262,1325129.6466278022,95045.04547635932
lewis montsma__1998-04-25,,,,555015.4416098016,551164.7021779666,16339.421408045684
lewis morgan__1996-09-30,,,,2887018.425865414,2882412.787848283,114755.79556216375
lewis neilson__2003-05-15,Lewis Neilson,DEF,825000.0000000006,834447.8660108395,838151.4298253795,33969.28579436154
lewis obrien__1998-10-14,,,,2873839.6939912615,2851479.0759517145,95799.15452173326
lewis orford__2006-02-18,,,,625885.6905852173,625885.6905852173,34206.28740700512
lewis richards__2001-10-15,,,,401913.69708384667,401913.69708384667,
lewis warrington__2002-10-10,,,,374152.4115045402,374152.4115045402,183.15028681930954
liam boyce__1991-04-08,Liam Boyce,MID,230000.0000000001,207785.05416356426,203497.41777221885,24126.533310959923
liam cooper__1991-08-30,,,,815013.986242899,834549.2473167938,52760.23264388476
liam delap__2003-02-08,Liam Delap,FWD,31999999.999999955,31091227.208887942,30899362.74193378,2017634.0195491642
liam donnelly__1996-03-07,,,,448243.4396989431,448243.4396989431,
liam gibbs__2002-12-16,,,,1532065.276464743,1532065.276464743,22294.441598287343
liam gordon__1996-01-26,,,,416181.5225246844,395868.59626919474,40388.58501172046
liam henderson__1996-04-25,,,,1359159.2142022392,1311735.8641876169,87014.55221331923
liam henderson__1996-08-23,,,,235395.2219214866,237703.51367466166,10354.013209296796
liam kelly__1990-02-10,,,,197966.34562967345,201716.38396300597,12694.884302286257
liam kelly__1995-11-22,Liam Kelly,MID,387499.99999999977,426141.9424176171,426297.62904261827,20773.19440019377
liam kelly__1996-01-23,,,,527201.7712652935,527201.7712652935,
liam lindsay__1995-10-12,,,,1295698.2824972018,1376669.7385886002,143042.312036457
liam millar__1999-09-27,,,,2377936.8737400863,2377936.8737400863,
liam morrison__2003-04-07,,,,1353771.0896322646,1353771.0896322646,
liam polworth__1994-10-12,,,,433275.94510068645,440044.7498206298,32120.98628812388
liam scales__1998-08-08,,,,5700410.900004517,5700410.900004517,
liam shaw__2001-03-12,,,,646853.4453811808,641999.18839839,8435.23547447686
liam shephard__1994-11-22,Liam Shephard,DEF,205000.0,256849.3214556449,254946.89247191953,11878.077910566817
liberato cacace__2000-09-27,Liberato Cacace,DEF,2550000.0,3286496.0167545294,3455396.1287201922,598598.0799262038
liel abada__2001-10-03,Liel Abada,MID,5800000.0,4876010.636125006,4876010.636125006,30306.4680854
lilian brassier__1999-11-02,,,,12489481.809456497,12489481.809456497,325613.313936555
lilian raolisoa__2000-06-16,Lilian Raolisoa,DEF,1949999.999999999,2411264.8119660458,2461651.0828952887,166553.84033497787
lindon selahi__1999-02-26,,,,1464904.7819544452,1453286.7224765462,67537.35087991897
lino tempelmann__1999-02-02,,,,1736962.176247078,1737178.5568086943,63248.51495722904
linus gechter__2004-02-27,,,,1849093.9772965703,1849093.9772965703,
lion lauberbach__1998-02-15,Lion Lauberbach,FWD,1575000.0000000002,2381442.4225145085,2320057.684300349,117171.22467303627
lionel carole__1991-04-12,,,,413756.29421996453,413756.29421996453,476.3707736315928
lirim qamili__1998-06-04,,,,1369704.7337459058,1369704.7337459058,51439.306459293955
lisandro lopez__1989-09-01,,,,575997.8101523147,575997.8101523147,
lisandro magallan__1993-09-27,,,,1447817.4888305492,1508641.580565186,170880.82932814013
lisandro martinez__1998-01-18,,,,27492218.628577992,26938298.07905922,1126570.4153163275
lisandru olmeta__2005-07-21,,,,586171.4405722128,577510.684826525,40013.685946515645
lisandru tramoni__2003-04-18,,,,922647.2931585896,922647.2931585896,47369.012739241814
livano comenencia__2004-02-03,,,,595463.4067974956,636878.3382772118,72177.30372366589
lloyd jones__1995-10-07,,,,1119879.8386279158,1119879.8386279158,47944.53831000811
lloyd kelly__1998-10-06,,,,11007160.418526385,11007160.418526385,112983.96683046645
logi tomasson__2000-09-13,,,,1929922.2694112533,1929922.2694112533,204249.61762080048
lohann doucet__2002-09-14,,,,1705557.8206691367,1705557.8206691367,
loic bade__2000-04-11,,,,19393738.678832505,19602219.846642714,671412.9734798667
loic nego__1991-01-15,,,,782269.820072696,786944.0821757918,100522.25567237668
loick ayina__2003-04-20,Loick Ayina,DEF,337500.00000000006,415053.01021193236,411684.4483171253,57127.57346615832
lois openda__2000-02-16,Loïs Openda,FWD,41749999.99999995,36335580.00784334,36261474.97751252,2321842.842674488
lorenco simic__1996-07-15,,,,987922.3180093804,987922.3180093804,59509.83617170981
lorenz assignon__2000-06-22,,,,9014451.202961197,9049209.33722624,368899.6190184592
lorenzo amatucci__2004-02-05,Lorenzo Amatucci,MID,2449999.9999999995,3530719.5740779825,3530719.5740779825,157500.35602902935
lorenzo andrenacci__1995-01-02,,,,433926.48966763495,426817.8009425509,21463.28522828318
lorenzo bernasconi__2003-11-16,,,,1774866.0637060192,1774866.0637060192,160693.5777379953
lorenzo carissoni__1997-02-07,,,,717743.2881890589,717743.2881890589,
lorenzo colombo__2002-03-08,,,,5902130.984976423,6020119.133223735,393485.8150776966
lorenzo crisetig__1993-01-20,,,,1135446.842985635,1135446.842985635,154323.84227931238
lorenzo dickmann__1996-09-24,Lorenzo Dickmann,DEF,1200000.0000000005,1310346.6982584037,1274725.9445317886,101197.45763918501
lorenzo ignacchiti__2004-04-25,,,,827869.0268941112,801198.658301001,60261.671477107724
lorenzo lucca__2000-09-10,,,,10269242.871094378,10269242.871094378,
lorenzo melgarejo__1990-08-10,,,,1016624.1271191807,1036106.8140414737,112649.60272197072
lorenzo montipo__1996-02-20,,,,4803269.160235929,4914039.530426656,225842.43229046196
lorenzo moretti__2002-02-26,Lorenzo Moretti,DEF,499999.99999999977,553447.4512646757,535399.0565001478,54637.58093254484
lorenzo palmisani__2004-06-12,,,,818670.1296793846,812404.2246866603,50799.50304644222
lorenzo pellegrini__1996-06-19,Lorenzo Pellegrini,MID,22750000.000000004,21661820.812652763,21661820.812652763,446502.5658694247
lorenzo pirola__2002-02-20,,,,13052774.733507736,13052774.733507736,172272.17900748516
lorenzo scipioni__2004-11-24,,,,1770008.466892788,1770008.466892788,
loris benito__1992-01-07,,,,923936.8420746131,923936.8420746131,55541.851714833516
loris mouyokolo__2001-05-22,,,,1046729.3391312513,1060640.5437846065,24529.82354754699
louie barry__2003-06-21,,,,1913685.8034983824,1881773.0869152867,246439.1966946235
louis appere__1999-03-26,,,,537377.3652879505,529588.2039397055,55090.9114937148
louis bostyn__1993-10-04,,,,292279.2922079617,287039.46733518963,15516.54376608286
louis fortin__2002-01-12,,,,375239.9054473375,384338.06732077606,17857.221494771497
louis leroux__2006-01-23,,,,4659251.398153032,4836206.373851153,595162.0944347761
louis mafouta__1994-07-02,,,,971162.5765680489,973384.7717905185,49601.91308303698
louis moult__1992-05-14,,,,274808.54165878147,265844.1854842888,24861.354403330148
louis mouton__2002-06-03,,,,3208509.907146229,3268405.0435630623,174266.6808553675
louis munteanu__2002-06-16,,,,4182134.7762031932,4182134.7762031932,191645.7288469238
louis patris__2001-06-07,Louis Patris,DEF,2199999.9999999995,2466225.520313899,2466225.520313899,86853.40435347777
louis schaub__1994-12-29,,,,950975.9384293128,955147.1088119347,66561.89648047413
louis thompson__1994-12-19,,,,451205.8041982875,451205.8041982875,7014.941842613382
louis verstraete__1999-05-04,,,,1941210.167514036,1941210.167514036,13976.121599764054
louka prip__1997-06-29,,,,975530.6301229456,1000284.7253448657,61185.53108506382
loum tchaouna__2003-09-08,,,,5949578.311701128,5949578.311701128,1029397.4254809739
lovro golic__2006-03-05,,,,778402.7271624118,778695.6035608867,13582.93569500354
lovro majer__1998-01-17,,,,13209945.410237154,13314310.64582797,728950.9187460857
lovro stubljar__2004-08-09,,,,496351.0505907192,497122.56711607415,16376.604220524556
lovro zvonarek__2005-05-08,,,,1341188.864738168,1341188.864738168,
lubomir satka__1995-12-02,Ľubomír Šatka,DEF,1699999.9999999988,1507284.8472274225,1507284.8472274225,82877.8829954035
luc de fougerolles__2005-10-12,,,,1074034.888158672,1061426.745205172,75757.8689953955
luc ihorst__2000-03-07,,,,502816.4119228092,511228.68630687264,19129.252252020608
luc marijnissen__2003-01-09,,,,939744.4567281513,939744.4567281513,39167.131863999464
luca bazzoli__2000-11-01,,,,812780.4587734035,812780.4587734035,3282.071120937783
luca belardinelli__2001-03-14,,,,1080338.3498727703,1071710.615312017,23943.79094624108
luca connell__2001-04-20,,,,1340414.5271209595,1340414.5271209595,
luca dandrea__2004-09-06,,,,1074280.509498628,1074280.509498628,
luca itter__1999-01-05,,,,1078226.1984384058,1062503.574474369,87695.82383432821
luca kerber__2002-03-10,,,,2261864.560142279,2263308.148106669,121883.4796908544
luca kilian__1999-09-01,,,,1167149.3196246687,1159261.6639846703,19273.190958561296
luca kjerrumgaard__2003-02-09,,,,1574216.3498333779,1552241.25248174,79986.08989227843
luca koleosho__2004-09-15,,,,6124351.585121893,5987544.893718118,521462.0178157208
luca lezzerini__1995-03-24,,,,777580.2503903274,777580.2503903274,
luca lipani__2005-05-18,Luca Lipani,MID,3200000.0000000023,2219633.0054546734,2219633.0054546734,568420.1152503443
luca mazzitelli__1995-11-15,,,,2104346.490424328,2141373.36091395,158920.0954422393
luca moro__2001-01-25,,,,1523015.9878654454,1523015.9878654454,
luca netz__2003-05-15,Luca Netz,DEF,5050000.000000004,5492581.092235176,5492581.092235176,138270.75209303971
luca oyen__2003-03-14,,,,1529169.3417209263,1554675.867771983,79672.67021659423
luca palmiero__1996-05-01,,,,656493.7326683247,656493.7326683247,
luca pellegrini__1999-03-07,Luca Pellegrini,DEF,4000000.0000000005,4688853.540728552,4592302.259242447,292325.95711707685
luca philipp__2000-11-28,,,,1040240.0805321133,1040240.0805321133,44600.01772062696
luca plogmann__2000-03-10,,,,879236.0728325887,879236.0728325887,16198.356683141295
luca raimund__2005-04-09,Luca Raimund,MID,850000.0000000005,759974.4468924361,748544.9559453493,43687.73475028896
luca ranieri__1999-04-23,Luca Ranieri,DEF,7249999.999999998,8118098.493183098,8090692.021507222,291077.6243847771
luca ravanelli__1997-01-06,,,,1420481.9056571075,1383234.3958876077,90928.02830471435
luca ross__2006-08-11,,,,260600.72842540662,257394.93029472628,14998.036402916947
luca schuler__1999-03-22,,,,1005414.6818317212,1005414.6818317212,
luca valzania__1996-03-05,,,,1059925.6869620963,1059925.6869620963,
luca vignali__1996-01-11,Luca Vignali,DEF,1099999.9999999998,1076258.325396784,1112499.8554894277,155300.85212558426
luca waldschmidt__1996-05-19,,,,3672139.73203581,3672139.73203581,390745.05857651506
luca wollschlager__2003-02-08,Luca Wollschläger,FWD,462500.00000000006,469637.5413329327,471054.79302693886,15914.975506434084
luca zanimacchia__1998-07-19,,,,1891902.7616181937,1891902.7616181937,203092.06024424414
luca zidane__1998-05-13,Luca Zidane,GK,1749999.9999999998,1244456.798571166,1244456.798571166,25290.91512247717
lucas alario__1992-10-08,Lucas Alario,FWD,1499999.9999999986,1411183.6375820574,1411183.6375820574,118169.37642682448
lucas beltran__2001-03-29,,,,9049048.541299501,8969419.863299493,757454.8263273067
lucas bergstrom__2002-09-05,,,,1161278.060060373,1161278.060060373,82211.94400904131
lucas bergvall__2006-02-02,,,,26157123.39969678,26157123.39969678,
lucas boye__1996-02-28,,,,3865305.6576154702,3865305.6576154702,101576.13194718433
lucas buades__1997-12-28,,,,857675.1534850291,857675.1534850291,
lucas castro__1989-04-09,Lucas Castro,MID,437499.9999999996,602014.7774196713,607414.5145350094,42081.40558571666
lucas cepeda__2002-10-31,Lucas Cepeda,MID,4349999.999999996,4186279.829522452,4154115.989869045,478568.21136145445
lucas chaves__1995-08-09,,,,1598894.9917959091,1590805.7330261306,70435.82712359096
lucas chevalier__2001-11-06,Lucas Chevalier,GK,42000000.00000003,36791868.51789378,37466228.34980295,3081712.9966994477
lucas copado__2004-01-10,,,,1207279.0819961408,1236354.9534064198,147608.1100420111
lucas da cunha__2001-06-09,,,,8659684.254791576,8933557.716663344,1089811.8706340292
lucas digne__1993-07-20,,,,12279015.370013583,12279015.370013583,322731.0719118148
lucas gournadouath__2003-08-05,Lucas Gourna-Douath,MID,7500000.000000002,2473054.511702304,2437767.624430348,92236.46859610203
lucas hernandez__1996-02-14,Lucas Hernández,DEF,23249999.999999963,20675852.315708775,19491827.92295161,2877387.2030072976
lucas hey__2003-04-13,,,,3635821.5131247463,3635821.5131247463,102257.22175599908
lucas hgsberg__2006-06-23,,,,4852064.28972952,4852189.009350667,188868.06681316785
lucas lissens__2001-07-25,,,,944079.6581006125,930206.7081892086,33100.3177990283
lucas lund__2000-03-19,,,,929422.8474833773,913299.7292033752,50007.3512309745
lucas martinez quarta__1996-05-10,,,,6716163.84243233,6628854.84365673,308677.8328879101
lucas masoero__1995-02-01,,,,1085775.8776736795,1159535.88941801,164188.89786213028
lucas michal__2005-06-22,,,,1732974.2907609025,1723584.137592813,115075.45049710834
lucas mincarelli__2004-01-05,Lucas Mincarelli,DEF,2000000.0000000016,2630013.593917221,2630013.593917221,
lucas noubi__2005-01-15,,,,1440383.1445103101,1411942.0145669808,50634.165450196626
lucas perrin__1998-11-19,,,,1790778.3396686558,1790778.3396686558,24942.82653168048
lucas pirard__1995-03-10,Lucas Pirard,GK,462500.00000000006,500536.04020096484,479502.45281961,68164.52748224401
lucas possignolo__1994-05-11,,,,1052942.506176922,1052942.506176922,
lucas ribeiro costa__1998-10-09,Lucas Ribeiro Costa,MID,1150000.0000000005,1647038.521061276,1659944.643096771,24438.824931033618
lucas robertone__1997-03-18,,,,2339845.704827063,2339845.704827063,54199.7312874068
lucas stassin__2004-11-29,,,,9786860.166550588,9585302.428978985,487974.0171338534
lucas torreira__1996-02-11,,,,29543288.621388305,29363842.75636274,806052.4468906535
lucas tousart__1997-04-29,,,,3961299.4623530763,3985613.513235438,214982.1176869385
lucca brughmans__2008-06-27,,,,620678.7637997854,620678.7637997854,16534.510296725257
luciano valente__2003-10-04,,,,18269871.277175415,18898161.10610039,1263904.8077220146
lucien agoume__2002-02-09,,,,10042758.05334552,10042758.05334552,
luck zogbe__2005-03-24,,,,2000607.9110352506,2000607.9110352506,
ludovic ajorque__1994-02-25,,,,6654452.8542865375,6647636.471365893,747224.6109625978
ludovic blas__1997-12-31,,,,9805488.699559107,9667447.35264621,298745.3214843762
ludovit reis__2000-06-01,Ludovit Reis,MID,4550000.0,2954732.7088257405,2998996.254458851,179476.7234510024
ludwig augustinsson__1994-04-21,,,,2733119.5732280505,2868274.6554713165,270094.1910421188
ludwig vraa__2005-06-23,,,,610181.6467898225,610181.6467898225,
luigi cherubini__2004-01-15,,,,1706647.233561126,1706647.233561126,45598.73496806622
luis asue__2001-07-09,,,,1618739.3364079646,1618739.3364079646,81059.1865564844
luis binks__2001-09-02,,,,1755636.605899462,1755636.605899462,24000.009329414108
luis diaz__1997-01-13,Luis Díaz,MID,74249999.9999999,70347781.22381812,70347781.22381812,8694237.23244762
luis gorlich__2000-04-01,,,,514717.3670105115,514717.3670105115,47684.36726856328
luis hasa__2004-01-06,Luis Hasa,MID,1550000.0000000012,1632211.5571721697,1631221.410347994,50221.47938773166
luis palma__2000-01-17,,,,3300162.5738973287,3300162.5738973287,
luis suarez__1987-01-24,,,,3585208.563774025,3585208.563774025,125758.57930385455
luis vazquez__2001-04-24,,,,2486876.853085188,2486876.853085188,
luka gagnidze__2003-02-28,,,,691858.889976603,691858.889976603,36888.70824735615
luka gugeshashvili__1999-04-29,,,,985224.743843676,966644.4725231674,44094.34014929103
luka ilic__1999-07-02,,,,1782548.444283598,1791649.6624763196,58299.54481339806
luka ivanusec__1998-11-26,,,,2463143.3479128852,2400981.8287567194,109311.98449336391
luka jovic__1997-12-23,,,,11560607.78647234,11892741.482032876,1624944.3928580577
luka kulenovic__1999-09-29,,,,1672061.4845797303,1586665.8169834733,180662.83661207906
luka lochoshvili__1998-05-29,,,,1378551.6577358977,1378551.6577358977,
luka modric__1985-09-09,,,,12106307.955627281,12106307.955627281,2493902.1817924436
luka sucic__2002-09-08,,,,7918505.101262044,8000928.662025884,1647039.5225487477
luka tunjic__2005-11-19,,,,908341.3173316574,932872.6497910068,75932.24955290278
luka zahovic__1995-11-15,Luka Zahović,MID,1099999.9999999998,1086320.2071130422,1076910.6461260354,35344.69127327944
lukas boeder__1997-04-18,,,,786925.7441443919,813764.3507568052,50796.498030784926
lukas daschner__1998-10-01,,,,2243525.4239414106,2243525.4239414106,
lukas engel__1998-12-14,,,,1658391.0587036726,1794670.0708730463,406328.4656869362
lukas frode__1995-01-23,,,,503311.06057290576,494404.35415281006,15784.35348186659
lukas gortler__1994-06-15,,,,1725441.271847209,1708931.5910241073,263136.4771779874
lukas hinterseer__1991-03-28,,,,296482.5674674898,298395.6665683422,19104.443792455
lukas hornicek__2002-07-13,,,,4768843.777804957,4768843.777804957,
lukas hradecky__1989-11-24,,,,3795679.9150449936,3541955.215800764,697374.6194455085
lukas jager__1994-02-12,,,,385464.46854118543,385464.46854118543,7534.544725759744
lukas jensen__1999-03-18,,,,1071970.6853721961,1071970.6853721961,
lukas klostermann__1996-06-03,,,,10182749.959943183,10177569.598385423,423704.45031160495
lukas lerager__1993-07-12,,,,1460784.9395510717,1383366.356595416,195845.71786237723
lukas muhl__1997-01-27,,,,516779.879676198,516779.879676198,
lukas nmecha__1998-12-14,,,,10978848.71724642,11054882.57043753,695115.531963915
lukas podolski__1985-06-04,,,,356557.51946690225,328302.8413729181,80108.619494356
lukas spendlhofer__1993-06-02,,,,479283.86630148784,479283.86630148784,
lukas ullrich__2004-03-16,,,,5749819.376034337,5743654.945822683,185130.06185675866
lukas watkowiak__1996-03-06,,,,232159.36008224115,234684.63256554396,5023.371779155997
lukas willen__2003-04-25,,,,767444.5537640335,765185.3535187476,11738.934179649172
lukas zima__1994-01-09,,,,619410.9614745557,606393.9080132165,51882.80837598746
luke berry__1992-07-12,,,,592763.8824342183,562806.9017497582,52210.20529450106
luke bolton__1999-10-07,,,,396955.13228590536,408116.57396932144,78663.4295342285
luke brattan__1990-03-08,Luke Brattan,MID,437499.9999999996,386487.9114337702,385163.44792347634,27591.170530252362
luke garbutt__1993-05-21,Luke Garbutt,DEF,299999.99999999977,381361.5965336269,381361.5965336269,123.80188281075854
luke harris__2005-03-04,,,,1931456.447561091,1931456.447561091,
luke le roux__2000-03-10,,,,1128957.657026492,1128957.657026492,
luke mccowan__1997-12-09,,,,3254498.2577783014,3244096.5114059215,144747.22340310225
luke mcgee__1995-09-02,,,,152859.7298645181,152859.7298645181,3568.546496483053
luke mcnally__1999-09-20,,,,3104528.2979778787,3104528.2979778787,64842.118188085245
luke onien__1994-11-21,Luke O'Nien,DEF,1600000.0000000012,2304271.7268339475,2346739.1098342133,182076.63441393085
luke plange__2002-11-04,,,,760589.5930265314,760589.5930265314,112470.51995281527
luke shaw__1995-07-12,,,,12470719.492581207,12470719.492581207,796926.3858289159
luke southwood__1997-12-06,,,,481365.37449789915,483381.7575765459,52729.762638180415
luke thomas__2001-06-10,,,,2160782.9795787334,2160782.9795787334,31377.739167642056
lundrim hetemi__2000-02-18,,,,474254.7502382794,473379.97622991283,27009.845395074903
lutsharel geertruida__2000-07-18,,,,20352920.79905014,21057799.123387225,2088168.4300941592
luuk brouwers__1998-05-03,,,,1217284.4585825598,1214147.4904032047,34100.986928488564
luuk de jong__1990-08-27,,,,3651362.6778546255,3651362.6778546255,
luuk koopmans__1993-11-18,,,,320529.77937704336,320529.77937704336,352.6178018434045
lyall cameron__2002-10-10,Lyall Cameron,MID,2100000.000000001,1938780.616135437,1958564.4968360509,149246.4841917261
lyes houri__1996-01-19,,,,1046864.8343767229,1047281.1488515481,30804.801543032834
lyle foster__2000-09-03,,,,4895390.005969843,4895390.005969843,
lynden gooch__1995-12-24,Lynden Gooch,DEF,1050000.0000000007,780262.4330479947,780262.4330479947,144308.30015757735
lyndon dykes__1995-10-07,,,,1592916.1524333444,1587533.2324873107,44011.38719787869
lynnt audoor__2003-10-13,,,,1937830.3025312189,1935025.9685102769,257777.72665358946
maarten paes__1998-05-14,,,,1797763.9824495912,1797763.9824495912,202821.67770888124
maarten vandevoordt__2002-02-26,,,,12844747.229726013,12844747.229726013,1518244.2580145295
maas willemsen__2003-04-29,,,,1000280.1126847033,1000234.5838868222,39233.775331047356
macaulay tait__2005-08-27,,,,433724.28585958364,433724.28585958364,5054.88674209189
mads agger__1999-12-21,,,,670302.9211719574,670302.9211719574,67339.44449610637
mads emil madsen__1998-01-14,,,,2199119.736663434,2199119.736663434,
mads enggard__2004-01-20,,,,1078023.3750732243,1078023.3750732243,
mads frkjr__1999-07-29,,,,2757568.017399213,2839971.332792889,222594.6100414119
mads hansen__2002-07-28,,,,1941232.5415945393,1941232.5415945393,
mads hermansen__2000-07-11,,,,8077297.357969632,8077297.357969632,35479.017161819276
mads kikkenborg__1999-10-07,Mads Kikkenborg,GK,850000.0000000005,690812.1335983322,687183.8555351961,14146.645247286788
mads larsen__2001-09-20,,,,1281884.7076541714,1276694.225997936,65962.22820761192
mads pedersen__1996-09-01,,,,2162699.084610465,2097887.7503345767,156184.7259113776
mads roerslev__1999-06-24,,,,5400437.542672452,5473400.248895384,316363.58617732296
mads sndergaard__2002-12-26,Mads Søndergaard,MID,1400000.0000000007,1270232.4645133517,1270232.4645133517,5357.614074577471
mady camara__1997-02-28,,,,3994888.2232654956,3937537.6608329024,189115.3108543181
maghnes akliouche__2002-02-25,,,,35946250.46518539,35946250.46518539,
magnus christensen__1997-08-20,,,,367965.35730946955,367965.35730946955,
magnus jensen__1996-10-27,,,,894066.6554291245,856537.3792870702,58168.171007448094
magnus knudsen__2001-06-15,,,,2678324.3350431407,2779180.4410942327,181621.26626637482
magnus kofod andersen__1999-05-10,,,,2056675.7384580618,2134062.343953607,140433.36861738708
magnus mattsson__1999-02-25,Magnus Mattsson,MID,2849999.999999999,2188180.873256348,2203071.598088532,127073.48156209794
magnus westergaard__1998-05-27,,,,743720.5122637171,741295.7790941068,40317.48490643712
magomed ozdoev__1992-11-05,,,,2553474.254651806,2558475.2133707902,92716.54171057431
mahamadou diawara__2005-02-17,Mahamadou Diawara,MID,2499999.9999999995,2144371.804204973,2128295.0157699143,56361.27254339894
mahamadou doumbia__2004-05-15,,,,2530530.6422216725,2465821.577404688,160973.14000909583
mahamadou nagida__2005-06-28,Mahamadou Nagida,DEF,1400000.0000000007,1996651.9351714677,1930760.689968957,151221.2471073567
mahdi camara__1998-06-30,,,,15117703.686159292,15117703.686159292,
maher carrizo__2006-02-19,,,,9968837.472992266,10147287.711187147,613190.0896484451
mahir emreli__1997-07-01,,,,1680054.3722185744,1601796.6027291599,209794.62469751673
mahmoud dahoud__1996-01-01,Mahmoud Dahoud,MID,3249999.9999999986,2845905.480649286,2847761.144626993,113611.09416982236
mahmut kucuksahin__2004-04-07,Mahmut Kücüksahin,MID,337500.00000000006,403913.24888572143,395794.84875900496,18813.854465300476
mai traore__1999-11-24,Maï Traoré,FWD,362499.9999999997,283169.9282300503,281457.50991977565,20272.73557781002
maidine douane__2002-08-23,,,,1338275.2741203622,1351565.4629501782,23706.523939205275
maik nawrocki__2001-02-07,,,,2166568.227677838,2200230.9859413765,112142.44987603299
majeed ashimeru__1997-10-10,,,,1281244.4624730507,1313409.5361191158,67031.4441715578
majid hosseini__1996-06-20,,,,1426119.9064136173,1426119.9064136173,363260.0915159573
makan aiko__2001-01-07,,,,846768.2023645416,846768.2023645416,
maksim paskotsi__2003-01-19,Maksim Paskotši,DEF,2349999.999999999,1393920.6347288338,1456640.6274903468,271155.9478772243
maksym dyachuk__2003-07-21,,,,1119202.1340929344,1121730.663064461,13651.486816256247
maksymilian stryjek__1996-07-18,,,,609255.8746327513,609255.8746327513,1394.179837186112
malachi boateng__2002-07-05,Malachi Boateng,MID,974999.9999999999,1156152.3706413878,1138685.6860058913,78414.81547897842
malamine efekele__2004-07-19,,,,868492.1296810341,867037.1004052935,11788.111953566555
malang sarr__1999-01-23,Malang Sarr,DEF,7750000.000000002,10281124.348822298,10462559.88104517,678615.9210920414
malcolm jeng__2005-03-09,,,,1159674.1335327353,1159674.1335327353,
malcolm viltard__2002-10-24,Malcolm Viltard,DEF,875000.0,956310.7981581123,973542.9963239606,46858.835554732
malcom bokele__2000-02-12,Malcom Bokele,DEF,3200000.0000000023,2165229.655796976,2180780.750962007,87000.52672424904
malek el mala__2005-04-02,,,,472747.6335578513,457333.44718315935,57499.08972433963
malick fofana__2005-03-31,,,,22917098.53527588,22441719.10639816,1355427.7194623686
malick mbaye__2004-04-06,,,,1457020.7193046734,1401252.5987102103,145113.51334162263
malik dijksteel__2001-07-08,,,,241889.22174820057,241889.22174820057,21041.690879983253
malik sellouki__2000-03-21,Malik Sellouki,MID,825000.0000000006,1172728.1122401238,1165575.7243743553,21529.23400790531
malik tchokounte__1988-09-11,,,,326282.3446829366,328552.10656099534,22864.155645322677
malik tillman__2002-05-28,,,,38826131.48936755,38717253.01453274,1265952.594275572
malo gusto__2003-05-19,Malo Gusto,DEF,30000000.00000005,28721466.911111332,27613071.676790863,2594965.355772764
malte amundsen__1998-02-11,,,,1005284.3472589054,1005284.3472589054,13234.408001604204
malthe hjholt__2001-04-16,,,,1088635.566758676,1088635.566758676,35341.33371800595
mamadou camara__2001-02-07,,,,1073246.928078089,1038279.9513357662,64516.73396679239
mamadou coulibaly__1999-02-03,,,,1025514.2302538744,1036020.5313609932,77947.17563563836
mamadou coulibaly__2004-04-21,,,,1589869.8158063816,1589869.8158063816,
mamadou diakhon__2005-09-22,,,,2475035.98046851,2474717.7566166283,196554.90498646893
mamadou fall__1991-12-31,Mamadou Fall,MID,1200000.0000000005,1206587.7617597727,1227749.0437418197,62233.116818133225
mamadou fofana__1998-01-21,,,,1571207.528096969,1563817.8022535194,87849.87653646697
mamadou loum__1996-12-30,,,,851464.331620605,851464.331620605,182300.0211059201
mamadou sangare__2002-06-26,Mamadou Sangaré,MID,12050000.00000001,18075238.590248443,18075238.590248443,4299348.340896484
mamadou sarr__2005-08-29,,,,17758197.01667291,17758197.01667291,2326732.7080025603
mamadou thierno barry__2005-03-20,,,,555320.9501070256,555320.9501070256,54881.98913107997
mamadou traore__1994-10-03,Mamadou Traore,DEF,812499.9999999993,683671.9036013356,674203.152739667,49195.09381565233
mandela keita__2002-05-10,Mandela Keita,DEF,9249999.999999987,5561602.448546697,5617608.049675006,203698.98582611253
mannou berger__2004-10-15,,,,297244.3846235024,293995.52955989906,13745.301759054237
manolis siopis__1994-05-14,,,,2207712.8961448744,2207712.8961448744,84636.30770161778
manolo portanova__2000-06-02,,,,1540892.1630058808,1540892.1630058808,127263.73963256707
manor solomon__1999-07-24,Manor Solomon,MID,10250000.000000004,9270063.0486913,9501324.614540027,1105222.0905381944
manuel akanji__1995-07-19,Manuel Akanji,DEF,23750000.000000026,24475872.87619088,23787172.946512662,2447626.7718341537
manuel de luca__1998-07-17,,,,1785147.3753719348,1752855.5989832797,90661.50402664769
manuel gasparini__2002-05-19,,,,307098.18316746556,307098.18316746556,
manuel lazzari__1993-11-29,Manuel Lazzari,DEF,7500000.000000002,8217331.756707366,8274051.565644434,350517.5402720546
manuel locatelli__1998-01-08,,,,37986044.61860204,37986044.61860204,777323.064268522
manuel neuer__1986-03-27,,,,3567881.2857713583,3587432.656223867,75881.67581284494
manuel ugarte__2001-04-11,,,,24733575.563629642,24361827.83879144,996493.1308754459
manuel wintzheimer__1999-01-10,Manuel Wintzheimer,MID,537500.0000000003,444840.7859547993,451118.7373465237,19566.763382641406
marash kumbulla__2000-02-08,,,,12092942.636519838,12092942.636519838,669516.8590086788
marc bola__1997-12-09,Marc Bola,DEF,1650000.0000000007,2648471.188411542,2553497.4269800577,198586.89267014593
marc guehi__2000-07-13,Marc Guéhi,DEF,48499999.99999994,40437728.90666337,40483803.58860168,1047588.4511906911
marc leonard__2001-12-19,,,,1956632.103045159,1928302.3288418502,53575.176472361505
marcandre ter stegen__1992-04-30,,,,14208303.007198058,15183079.362975791,2515630.9986627535
marcaurele caillard__1994-05-12,,,,479075.05077680835,472394.59484671877,33307.03616635696
marcel benger__1998-07-02,,,,937463.0994337549,902485.6605791472,73696.63008665579
marcel hartel__1996-01-19,,,,4466894.064457294,4588761.013986979,287610.4209208419
marcel lotka__2001-05-25,,,,1072454.740665338,1073931.2380419597,37162.66245987559
marcel sabitzer__1994-03-17,Marcel Sabitzer,MID,13000000.000000013,17075170.257181164,16999107.02068851,151407.8588891861
marcel schuhen__1993-01-13,,,,841061.8104914492,844179.1408283727,26008.75809649675
marcel sobottka__1994-04-25,,,,1205693.704618802,1205693.704618802,
marcel wenig__2004-05-04,Marcel Wenig,MID,700000.0000000006,511443.3160015649,529800.2714948062,35809.2188126417
marcelo diaz__1986-12-30,,,,357238.5670213129,357238.5670213129,21860.46231873721
marcelo saracchi__1998-04-23,Marcelo Saracchi,DEF,2000000.0000000016,2155257.738967998,2184145.191558178,62749.26181685272
marco bizot__1991-03-10,,,,1837346.5357404212,1837346.5357404212,478309.2849413568
marco bleve__1995-10-18,,,,608558.3915324224,606194.4417167419,4273.813528711692
marco brescianini__2000-01-20,,,,3195690.6960489023,3195690.6960489023,183458.53759336518
marco burki__1993-07-10,,,,512471.4634646415,525955.9412898723,30219.94305506522
marco carnesecchi__2000-07-01,,,,26355833.140276026,26355833.140276026,
marco curto__1999-01-05,Marco Curto,DEF,1499999.9999999986,1141959.6596097313,1094948.9500203659,100797.1492264299
marco dalessandro__1991-02-17,,,,604583.4555473074,608006.0011851826,27129.894230131267
marco festa__1992-06-06,,,,451113.90101217263,451113.90101217263,
marco friedl__1998-03-16,,,,11383120.479348997,11332448.264401546,224972.53375249
marco frigerio__2001-07-16,,,,876404.6118739432,864541.5335294302,32835.698122058304
marco ilaimaharitra__1995-07-26,,,,1826612.4482431381,1807617.0325457118,141962.39269085153
marco imperiale__1999-05-01,Marco Imperiale,DEF,725000.0000000006,915850.538066774,918061.7381783574,45852.780472732156
marco john__2002-04-02,Marco John,DEF,1650000.0000000007,1319646.9308758993,1345643.7847943853,157930.25138953488
marco kana__2002-08-08,,,,2227897.198077585,2227897.198077585,48814.481089130255
marco olivieri__1999-06-30,,,,675421.3215084156,685311.9526759544,76597.7145786994
marco palestra__2005-03-03,Marco Palestra,DEF,5900000.000000006,3919294.616210918,3883496.3501263442,430858.374577451
marco pasalic__2000-09-14,,,,2814553.196938812,2814553.196938812,428633.4399537975
marco pellegrino__2002-07-18,,,,2287621.4039452975,2287621.4039452975,
marco perrotta__1994-02-14,,,,685126.4612080446,685126.4612080446,4329.746103366693
marco pissardo__1998-01-08,,,,196350.1010052553,194006.7842955586,12536.220917538238
marco pompetti__2000-05-22,,,,1337298.7344936861,1352671.7248950265,39097.115892315356
marco rente__1997-02-25,Marco Rente,DEF,1150000.0000000005,1098849.132159573,1128100.1791066302,51101.900586436124
marco reus__1989-05-31,Marco Reus,MID,4799999.999999999,4309686.8270549625,4444113.386496373,300731.2517965777
marco richter__1997-11-24,,,,1783719.6800301224,1783719.6800301224,167305.3284447072
marco sala__1999-06-04,,,,1575863.0225596135,1575863.0225596135,140820.76939892047
marco schuster__1995-10-10,,,,598126.7115490495,598126.7115490495,9591.764861853488
marco silvestri__1991-03-02,,,,531933.319892454,531933.319892454,48994.31690033947
marco sportiello__1992-05-10,,,,3177851.162947356,3148190.646396786,191477.3957390644
marco tilio__2001-08-23,,,,1235113.4994061175,1235113.4994061175,
marco varnier__1998-06-08,,,,1312779.267914485,1309672.6009275871,34108.016625879405
marcos acuna__1991-10-28,,,,4319336.574810093,4203195.323952414,221408.14081062216
marcos lopez__1999-11-20,,,,2229849.4670229903,2272099.9981819135,76473.02925320546
marcos peano__1998-10-15,,,,1114596.5839870146,1091104.6684467904,55205.76984033568
marcos rojo__1990-03-20,,,,1490937.702212079,1490937.702212079,
marcos senesi__1997-05-10,Marcos Senesi,DEF,18500000.000000034,15847570.807758963,15911421.685105916,567203.8807676387
marcus bettinelli__1992-05-24,,,,622511.3641246986,624577.28674773,25704.2659493488
marcus bundgaard__2001-08-05,,,,872359.4775258958,884338.6972663733,29028.848454797586
marcus dackers__2003-01-09,,,,374893.93731827784,380650.4936783875,19785.817172597315
marcus edwards__1998-12-03,,,,7347937.964756225,6973593.188134749,902129.6682703681
marcus forss__1999-06-18,,,,1976540.430550848,1986882.786179352,378579.2155261237
marcus fraser__1994-06-23,Marcus Fraser,DEF,425000.0000000002,445841.93212099024,445841.93212099024,12618.543679574952
marcus ingvartsen__1996-01-04,Marcus Ingvartsen,FWD,5349999.999999998,4063426.692591251,4094853.22366871,78439.46880420076
marcus linday__2003-06-02,,,,2109708.920153925,2113693.13581672,78168.6549732578
marcus lindberg__2000-06-27,,,,1159972.308829743,1162316.7294045298,22889.174457449728
marcus mathisen__1996-02-27,Marcus Mathisen,DEF,1450000.0000000002,1507680.4437199158,1500777.6506180062,37432.35081068399
marcus mccoy__2005-08-24,,,,396361.6079321207,396361.6079321207,22766.077411370035
marcus mcguane__1999-02-02,,,,922198.5725553643,905555.5182214978,50355.338761392646
marcus muller__2002-08-20,,,,784331.7884811233,773271.7143102195,25162.116540077517
marcus pedersen__2000-07-16,,,,3216382.979675673,3216382.979675673,119072.14361746395
marcus rashford__1997-10-31,,,,28135266.09218212,28557503.545185342,829320.9783095891
marcus tavernier__1999-03-22,,,,16356625.535357915,16356625.535357915,2453397.6315486874
marcus thuram__1997-08-06,,,,46344674.419329405,47328200.60596731,2461628.0555519457
mardochee nzita__2000-02-24,,,,976999.7748330389,980047.8980655133,74310.6112696701
marek rodak__1996-12-13,,,,3062456.169469297,3072585.9851998906,69248.72334803814
marin pongracic__1997-09-11,,,,4510361.223278287,4504555.333375903,300423.491410278
marin sverko__1998-02-04,,,,892533.1116549158,892533.1116549158,
mario dorgeles__2004-08-07,,,,2653465.9824298304,2642202.235525356,82723.98498631817
mario engels__1993-10-22,,,,644866.9545832457,641940.974558525,7714.942578391709
mario gotze__1992-06-03,,,,11919280.959648259,12280806.893703714,894211.4849760409
mario lemina__1993-09-01,Mario Lemina,DEF,9750000.000000004,8511688.21203847,8674971.50403112,1396139.827980181
mario mitaj__2003-08-06,Mario Mitaj,DEF,3049999.999999998,1825170.641628587,1841603.1708119768,165685.58435790497
mario pasalic__1995-02-09,,,,12562690.155896952,12389322.642478842,1228023.8718204137
mario sampirisi__1992-10-31,,,,858838.8000851596,855410.1887678015,32967.13437533269
mario stroeykens__2004-09-29,,,,7678042.222901732,7589753.0609515635,834393.931534937
marios vrousai__1998-07-02,,,,1839455.2991433528,1832858.7015364128,112241.85654537134
marius adamonis__1997-05-13,,,,760037.2682408956,760037.2682408956,57828.955379955085
marius broholm__2004-12-26,,,,2693331.549986379,2693331.549986379,87570.3524866138
marius bulter__1993-03-29,,,,5175667.699330532,5175667.699330532,
marius funk__1996-01-01,Marius Funk,GK,449999.99999999994,463573.6279530634,463939.87849147664,28050.080491732482
marius gersbeck__1995-06-20,,,,574553.8136851278,574553.8136851278,8338.192518840202
marius louer__2007-03-11,,,,287304.4896152079,287304.4896152079,
marius marin__1998-08-30,,,,1344198.0091303024,1344198.0091303024,90472.70321623239
marius mouandilmadji__1998-01-22,,,,3444645.358146259,3604355.2029186143,330235.9513918024
marius muller__1993-07-12,,,,2413026.345083618,2347623.404951776,212176.07463683203
marius stefanescu__1998-08-14,Marius Ștefănescu,MID,1150000.0000000005,1045618.8125601357,1050199.1951468324,40878.62166519928
marius wolf__1995-05-27,Marius Wolf,DEF,3299999.9999999986,4166574.3412647457,3987479.427018817,325206.69988177903
mariusz stepinski__1995-05-12,,,,676811.881962809,676811.881962809,11773.4498859996
mark brink__1998-03-15,Mark Brink,MID,1299999.9999999993,1504549.7842518352,1483980.3623441567,155616.96204110593
mark flekken__1993-06-13,,,,6068015.441684832,6068015.441684832,
mark gillespie__1992-03-27,Mark Gillespie,GK,139999.9999999999,188104.5095818366,184402.85639520935,21043.639029889608
mark helm__2001-10-21,,,,570724.1123607393,561965.0733532119,25669.846297981054
mark hoekstra__2006-02-10,,,,231095.17760647673,231095.17760647673,
mark kosznovszky__2002-04-17,,,,826808.3333455984,826808.3333455984,8127.461186938775
mark mckenzie__1999-02-25,,,,5516384.070769497,5530939.204465202,96470.1653650544
mark ohara__1995-12-12,,,,778575.5164263848,784967.8543395309,42594.73170742061
mark omahony__2005-01-14,,,,784895.8780033252,773276.8949730328,29369.039243624597
mark oxley__1990-09-28,,,,122695.18348915549,124976.89478943605,8833.374830964218
mark travers__1999-05-18,,,,3243996.003444358,3243996.003444358,
marko divkovic__1999-06-11,,,,727573.3360701107,727573.3360701107,
marko dmitrovic__1992-01-24,Marko Dmitrović,GK,3950000.0000000005,5959281.313412498,6051096.385517493,473184.15587991476
marko grujic__1996-04-13,,,,2236468.9141888823,2239042.878787458,101031.30405553358
marko jankovic__1995-07-09,,,,1222715.3363351529,1222715.3363351529,5269.519037021465
marko jevtovic__1993-07-24,,,,1170312.920312747,1170312.920312747,49446.012500101744
marko livaja__1993-08-26,,,,7831761.830071498,7831761.830071498,507352.53233294276
marko milovanovic__2003-08-04,,,,1599620.738281426,1582033.7003944023,66839.84746322338
marko pjaca__1995-05-06,,,,1466990.7460333316,1477012.009867074,50668.2704127951
marko rog__1995-07-19,,,,1523024.8001729609,1523024.8001729609,
markus jensen__2005-07-15,,,,636024.857597098,636024.857597098,
markus kolke__1990-08-18,,,,183532.96314910165,181187.03927377806,13150.004727365442
markus solbakken__2000-07-25,,,,1374694.013189774,1374694.013189774,
markus walker__2006-11-23,,,,385235.9368822061,388436.9337566319,14553.196748235134
marley ake__2001-01-05,,,,1875873.9809062465,1874634.949786553,18098.387034298998
marley watkins__1990-10-17,,,,299829.17844074283,298386.9740389619,11051.719832947394
marlon fossey__1998-09-09,,,,2213611.404822308,2176300.6757282456,81300.0191159941
marnon busch__1994-12-08,,,,2078311.2876752617,2073819.400160212,64128.10490557003
marshall munetsi__1996-06-22,,,,4332796.1484214375,4332796.1484214375,237681.8149250817
marten de roon__1991-03-29,,,,9077426.637735447,9077426.637735447,
marten winkler__2002-10-31,,,,1826824.617623494,1826824.617623494,40826.34136927943
martial godo__2003-03-14,,,,3410095.6583672874,3550859.451717519,354399.53586617904
martin adeline__2003-12-02,,,,1882648.299971532,1849583.7063631653,96501.18223158544
martin aguirregabiria__1996-05-10,,,,986931.6686425863,986931.6686425863,
martin baturina__2003-02-16,,,,22704773.8780375,22580817.875502754,1284760.3946635032
martin boyle__1993-04-25,,,,1373639.7276546692,1373639.7276546692,16159.659306673815
martin degaard__1998-12-17,Martin Ødegaard,MID,77250000.00000004,85846321.17730922,81840184.21395758,10435824.299412757
martin delavallee__2004-03-18,,,,2714101.0923472256,2714101.0923472256,230897.94962031784
martin dubravka__1989-01-15,,,,1637731.7037163638,1686268.6545058526,89239.47853827663
martin erlic__1998-01-24,,,,3149882.6062350497,3085717.43894493,434753.01026176446
martin frese__1998-01-04,Martin Frese,DEF,1749999.9999999998,1577376.572521978,1593882.5768783027,35377.80196939645
martin georgiev__2005-09-24,,,,2465541.7891426575,2465541.7891426575,
martin hansen__1990-06-15,Martin Hansen,GK,100000.00000000004,147174.22382189025,147174.22382189025,7788.337461760781
martin linnes__1991-09-20,,,,908293.440061523,900121.6803064285,21739.2983526655
martin minchev__2001-04-22,,,,1204819.6237112938,1204819.6237112938,
martin olsson__1988-05-17,,,,202147.22205157403,192825.9704442236,30982.471774122812
martin palumbo__2002-03-05,,,,610954.7051119804,610954.7051119804,
martin payero__1998-09-11,,,,3623263.456094263,3623263.456094263,203843.9422613319
martin remacle__1997-05-16,,,,859519.4179450489,867186.5904520028,27782.528204324182
martin satriano__2001-02-20,,,,6982428.980164256,6982428.980164256,538018.8382845086
martin sourzac__1992-03-25,,,,236980.51792961065,236650.09547486898,9308.51413759401
martin terrier__1997-03-04,,,,16577286.51976966,16653036.83163861,272572.16707440774
martin turk__2003-08-21,Martin Turk,GK,749999.9999999998,781568.0693184318,802179.3271723089,57637.66924851426
martin valjent__1995-12-11,,,,6396431.061886663,6339032.720338466,258204.8528512506
martin vitik__2003-01-21,,,,6737629.390093214,6925923.661405484,1083345.3863067052
marton dardai__2002-02-12,,,,1810091.8846686708,1916093.4031816837,413201.0119030722
marvelous nakamba__1994-01-19,,,,1481541.7393894466,1481541.7393894466,6156.171351256096
marvin cuni__2001-07-10,Marvin Çuni,FWD,1249999.999999999,1271602.6902629198,1296289.9936769935,48576.77820799154
marvin ducksch__1994-03-07,,,,4494779.514677371,4269671.9259566385,445039.8211893203
marvin elimbi__2003-02-20,Marvin Elimbi,DEF,1124999.9999999995,1310520.1456580097,1309740.3306692482,25116.585086183844
marvin friedrich__1995-12-13,,,,2552524.932248137,2542584.082286742,201784.52416124172
marvin mehlem__1997-09-11,Marvin Mehlem,MID,2250000.000000001,2028053.44687648,2036402.784273383,60920.96898911406
marvin obuz__2002-01-25,Marvin Obuz,MID,950000.0000000008,1068577.8279633836,1100084.6950322348,101475.9062836441
marvin peersman__1991-02-10,Marvin Peersman,DEF,375000.00000000006,408650.88328278065,411917.30492082075,24280.643025065783
marvin pieringer__1999-10-04,,,,6022696.032589155,6022696.032589155,
marvin schulz__1995-01-15,,,,818126.6719485741,796499.2335713751,48359.23131820187
marvin schwabe__1995-04-25,Marvin Schwäbe,GK,7750000.000000002,6824095.14989305,6861771.022641324,244952.50308443955
marvin senaya__2001-01-28,,,,2647558.0254106135,2764627.021119187,377888.6331849012
marvin stefaniak__1995-02-03,,,,882224.8592106062,870937.3337489187,40738.09518539347
marvin wanitzek__1993-05-07,,,,3435045.6827254854,3435045.6827254854,283056.485488744
marvin young__2005-10-02,,,,2862069.8266476295,2832925.413218335,150928.86230001444
marwin hitz__1987-09-18,,,,472048.99268569076,466480.0018937827,75004.13707640719
maryan faryna__2003-08-28,,,,1101229.5815561996,1101229.5815561996,13278.383446356207
maryan shved__1997-07-16,,,,1379475.5473382024,1379475.5473382024,
mason burstow__2003-08-04,,,,1176899.674450439,1176899.674450439,83638.64663521381
mason greenwood__2001-10-01,Mason Greenwood,MID,46000000.00000004,48737939.114338785,47835414.91658436,6172755.320931341
massadio haidara__1992-12-02,Massadio Haïdara,DEF,1800000.000000001,2147940.435225198,2141836.6451227646,100279.80049805522
massamba ndiaye__2001-10-08,,,,520355.3925968502,524423.1333486169,27900.9213234086
massamba sow__2004-06-13,,,,928938.5685103413,912646.3537828507,31358.105483369196
massimiliano mangraviti__1998-01-24,,,,1083126.2255682983,1070800.9243164442,69050.74958610148
massimo bertagnoli__1999-02-26,,,,893113.5071439575,882082.1250870724,20175.539873366317
massimo coda__1988-11-10,,,,1086011.759002447,1081542.2202472691,66899.92789370705
massimo decoene__2004-02-11,,,,286462.7241549836,286462.7241549836,
massire sylla__2005-01-07,,,,599380.5389473601,622230.6771729824,61508.73520416885
matai akinmboni__2006-10-17,,,,246475.5681569761,246475.5681569761,14877.664109812733
matei ilie__2002-12-11,Matei Ilie,DEF,1487499.999999999,1800008.4884418547,1830635.3663080195,149433.401380431
matej hanousek__1993-06-02,,,,583995.2317107384,592628.778493682,85315.72232877066
matej kovar__2000-05-17,,,,7209815.605671227,7217080.085593161,499599.3884314712
matej maglica__1998-09-25,,,,1362400.2936060554,1362400.2936060554,
matej rodin__1996-02-13,Matej Rodin,DEF,600000.0000000003,594132.7143522822,594132.7143522822,77117.94592412078
matej sin__2004-06-02,,,,9082395.088458672,9082395.088458672,418405.7502652308
matej vydra__1992-05-01,,,,2484239.6948408005,2433295.0383416554,263594.2308779948
mateja stjepanovic__2004-02-20,,,,1070245.545864182,1096599.4775463557,70664.91032029295
mateo biondic__2003-07-24,,,,620169.9448428773,643324.2040927864,93895.08985412586
mateo chavez__2004-05-12,,,,4447198.571675762,4372144.459406233,174868.96693422354
mateo joseph__2003-10-19,,,,4541192.128368834,4541192.128368834,424940.70938424784
mateo kovacic__1994-05-06,,,,22595622.854635537,22595622.854635537,2075018.5925873248
mateo pellegrino__2001-10-22,,,,2227516.1675359686,2263748.1845365567,96240.39243336907
mateo retegui__1999-04-29,,,,38253091.598423205,38253091.598423205,
mateus uribe__1991-03-21,Mateus Uribe,MID,4250000.000000002,2860860.529454212,2860860.529454212,37657.99779534311
mateusz kowalczyk__2004-04-16,,,,2075269.3096855846,2075269.3096855846,
mateusz lis__1997-02-27,,,,3069652.90550008,3069652.90550008,173153.92609192297
mateusz praszelik__2000-09-26,,,,974229.0159039412,967724.9505239404,108390.68057706082
mateusz wieteska__1997-02-11,,,,2457735.9016148336,2502309.688487922,89297.48708181722
mateusz zukowski__2001-11-23,,,,1006461.706549906,1013869.1959806036,36630.79175362078
mathew ryan__1992-04-08,,,,4634918.585761651,4634918.585761651,165532.57949779942
mathias de amorim__2004-12-10,Mathias de Amorim,MID,1600000.0000000012,2324430.692851553,2329227.090757912,66261.80930013346
mathias delorge__2004-07-31,Mathias Delorge,MID,7750000.000000002,5920472.765669055,5885675.154148931,410223.3169487019
mathias fixelles__1996-08-11,,,,750928.7237850047,750928.7237850047,31237.014312974476
mathias greve__1995-02-11,,,,1038273.2664308809,1201535.1198455712,323166.231810419
mathias honsak__1996-12-20,,,,3254315.2602869947,3259221.754072661,55329.57780839488
mathias jensen__1996-01-01,,,,11382882.655070951,11662386.822336376,742192.6293163617
mathias jensen__2005-04-14,,,,458370.8290198488,462556.6600823137,16452.845911188608
mathias kjl__2001-06-27,Mathias Kjølø,MID,2050000.000000001,2554341.6815935504,2425873.807554733,233423.27201033072
mathias kvistgaarden__2002-04-15,,,,5728753.993056672,5728753.993056672,587276.9753090141
mathias lvik__2003-12-06,Mathias Løvik,DEF,3400000.000000002,1823353.851977021,1811052.9321035878,194353.3634582095
mathias olesen__2001-03-21,,,,1058843.6230559864,1064029.660129661,41665.67246679243
mathias olivera__1997-10-31,,,,11520276.231495539,11518777.132725965,573109.4830225254
mathias pereira lage__1996-11-30,,,,3157158.0211191378,3384661.1181398453,693766.3928535922
mathias rasmussen__1997-11-25,,,,3327412.621578568,3321103.400457416,146348.08777390278
mathias ross__2001-01-15,,,,745626.6199158678,747786.0697244765,70817.83333398022
mathias tomas__2001-01-30,Mathías Tomás,MID,850000.0000000005,917041.3137506325,928794.5261230792,35230.534112492984
mathieu cafaro__1997-03-25,,,,2187420.6861466514,2187420.6861466514,134117.99390333626
mathieu maertens__1995-03-27,,,,1313809.8168393648,1295403.593307225,74954.92740270626
mathieu michel__1991-09-04,,,,258932.146808578,251641.0256385073,16681.37165606143
mathieu patouillet__2004-02-20,,,,812748.6936908043,809367.3942297045,27918.01729468333
mathijs tielemans__2002-04-26,,,,2085917.6818470915,2095696.5789782938,157359.90001870506
mathis amougou__2006-01-18,,,,5930935.2614874095,5930935.2614874095,236967.8773944415
mathis clairicia__2002-08-30,,,,1289287.1328584852,1275171.7318265599,44365.47488900929
mathis hamdi__2003-10-18,,,,307205.334818408,288730.46347166895,50370.782012139854
mathis lambourde__2006-01-09,,,,1261567.3762095978,1254583.7601882361,64099.437792153396
mathis servais__2004-11-23,,,,2211782.404034207,2266984.505852999,338271.1222409594
mathys tel__2005-04-27,,,,25080694.335128035,25080694.335128035,2117974.422899618
matias dituro__1987-05-08,,,,633917.1089018062,651694.9574089786,63393.78660549833
matias fernandezpardo__2005-02-03,,,,13578735.450301195,14117632.597309437,1389889.4676362025
matias galarza__2002-03-04,,,,4727564.947367628,4727564.947367628,
matias gonzalez__2002-02-28,,,,761317.8263318387,758598.5943329011,61304.117570368224
matias kranevitter__1993-05-21,,,,1592002.6616214926,1571515.5375738663,62843.43440002671
matias lacava__2002-10-24,Matías Lacava,MID,1299999.9999999993,1227354.3820389258,1242065.7714748709,72946.37282439329
matias moreno__2003-09-24,Matías Moreno,DEF,3499999.9999999995,2359333.42212635,2390514.9930581804,84443.76062190732
matias perez__2005-04-13,,,,1830456.3661454823,1793087.7797062052,97063.50543066004
matias rocha__2001-02-13,Matías Rocha,DEF,999999.9999999997,1106244.907553644,1108651.1177878913,16418.62962278762
matias soule__2003-04-15,,,,24870344.791040543,24472203.86229772,2302108.4026329573
matias vargas__1997-05-08,Matías Vargas,MID,7750000.000000002,8692176.239948666,8609539.560493799,839680.4550806131
matias vecino__1991-08-24,,,,4303983.472280136,4464576.944479601,573525.4064871968
matija frigan__2003-02-11,Matija Frigan,FWD,7249999.999999998,7752530.38614442,7805709.797496983,316026.5754110411
matija mitrovic__2004-12-12,Matija Mitrović,MID,1699999.9999999988,1909086.070271582,1900816.6364301213,37339.67253068229
matisse didden__2001-10-08,Matisse Didden,DEF,2250000.000000001,2035835.2172239784,2012149.762531772,103687.35071452992
matisse samoise__2001-11-21,,,,2190693.6560260192,2190693.6560260192,178591.00613874753
mats deijl__1997-07-15,,,,2342036.823860241,2342036.823860241,205647.3352273183
mats egbring__2006-09-17,,,,590012.5717077676,593797.5631379606,19038.528032657592
mats knoester__1998-11-19,,,,1044099.9162898944,1044099.9162898944,
mats kohlert__1998-05-02,,,,2251489.140971422,2268447.1091301655,38705.757723249946
mats rits__1993-07-18,,,,1544192.9446446006,1544192.9446446006,88826.7338567239
mats rots__2006-03-11,,,,3291343.5054215174,3290695.1810698947,248721.77050843945
mats seuntjens__1992-04-17,,,,502822.27251204115,502822.27251204115,75070.94806501846
mats wieffer__1999-11-16,,,,20985854.62858538,21290997.796374507,791267.5806259474
matt butcher__1997-05-14,,,,401091.3337489441,397730.4017170127,27129.588424075206
matt clarke__1996-09-22,,,,1949924.2405335286,2057752.0503695752,211653.3712123214
matt crooks__1994-01-20,,,,1892037.520627815,1887936.5706576074,207450.63197127692
matt dibleydias__2003-10-29,,,,314977.1914365251,300168.1414413836,26828.423758104444
matt doherty__1992-01-16,,,,3218439.0247147353,3218439.0247147353,
matt grimes__1995-07-15,,,,5060344.946034686,5472636.138191802,768153.3409098309
matt lendfers__2006-03-10,,,,229444.67581133288,229444.67581133288,3140.652886799338
matt macey__1994-09-09,Matt Macey,GK,375000.00000000006,269834.02754107607,261399.91524794366,25766.442276673926
matt miazga__1995-07-19,,,,2450338.2167045237,2423440.0121859843,84421.86532244083
matt oriley__2000-11-21,,,,14733728.8149777,14743801.684832316,981502.550538582
matt phillips__1991-03-13,,,,414956.91866981535,399148.04877054645,41441.66942854279
matt ritchie__1989-09-10,,,,246908.31573980823,235283.92154791648,53179.60844340601
matt targett__1995-09-18,,,,2765226.838643745,2817230.286517268,194993.84999304003
matt turner__1994-06-24,,,,2306699.6929875677,2311613.3366502495,281625.2621419196
matte smets__2004-01-04,Matte Smets,DEF,14250000.000000017,13667047.1637348,13477730.06890797,826565.2397147905
matteo bianchetti__1993-03-17,Matteo Bianchetti,DEF,999999.9999999997,1251436.126385984,1252871.6971990624,10129.429837099315
matteo bignetti__2004-05-06,,,,412752.9465001803,417853.5989903714,11866.668514805904
matteo cotali__1997-04-22,Matteo Cotali,DEF,899999.9999999995,858865.4054867104,783634.653453036,139747.21338573092
matteo darmian__1989-12-02,,,,4706156.41124376,4448007.22360366,473918.5855285086
matteo gabbia__1999-10-21,Matteo Gabbia,DEF,19000000.000000015,20445572.599374816,20493853.527046107,913680.0640480117
matteo guendouzi__1999-04-14,,,,44925616.581669874,45356337.325016126,4772383.399003649
matteo lovato__2000-02-14,Matteo Lovato,DEF,2700000.0,1262518.817375254,1254676.0438732137,21013.89431954537
matteo palma__2008-03-13,,,,937977.2913425056,937977.2913425056,16524.950449514177
matteo perez vinlof__2005-12-18,Matteo Pérez Vinlöf,DEF,1450000.0000000002,1779808.318803779,1798404.2425154918,41087.12382201952
matteo pessina__1997-04-21,,,,7774582.843359098,7907246.901353328,373984.0171595694
matteo politano__1993-08-03,,,,16094425.749204196,16660693.21678814,2551681.728696641
matteo prati__2003-12-28,,,,5271013.024059965,5271013.024059965,446104.5026547135
matteo ricci__1994-05-27,,,,760729.3860497576,766568.7544679382,32431.50336422137
matteo rover__1999-02-20,,,,1193971.9087455473,1193971.9087455473,53103.614812745785
matteo ruggeri__2002-07-11,,,,14432820.189302713,14432820.189302713,683499.3948363664
matteo tramoni__2000-01-20,,,,5475775.360099874,5475775.360099874,167370.2529420033
matthew cox__2003-05-02,,,,1050991.9201422245,1050991.9201422245,
matthew garbett__2002-04-13,Matthew Garbett,MID,800000.0000000005,774921.4069656774,787566.78895887,23363.91243250616
matthew hoppe__2001-03-13,,,,648670.2272489879,648670.2272489879,51571.19386492442
matthew pennington__1994-10-06,,,,534709.3120678907,534709.3120678907,
matthias bader__1997-06-17,,,,1353396.742214656,1353396.742214656,79791.85447918712
matthias ginter__1994-01-19,Matthias Ginter,DEF,14000000.00000001,17101035.784228742,17011005.466455426,906494.2699158898
matthias kobbing__1997-05-28,Matthias Köbbing,GK,77500.00000000006,141873.03085982992,141775.29462065548,1856.575476923555
matthias phaeton__2000-01-08,,,,1027378.114613379,1115009.6927623593,185794.4707832524
matthias verreth__1998-02-20,,,,603917.1032905632,603917.1032905632,
matthieu epolo__2005-01-15,,,,6707514.271487371,6707514.271487371,4798.458887850339
matthieu udol__1996-03-20,,,,7749489.81384763,7749489.81384763,
matthis abline__2003-03-28,,,,11601009.686640512,11601009.686640512,629358.954216199
mattia bani__1993-12-10,,,,2472259.9091147943,2496719.8489856557,73732.7290934607
mattia compagnon__2001-11-06,,,,906143.8047225596,866511.485061432,75893.71151067286
mattia felici__2001-04-17,Mattia Felici,DEF,1949999.999999999,3587080.136278442,3587080.136278442,
mattia finotto__1992-12-28,,,,950971.2554200488,950971.2554200488,
mattia perin__1992-11-10,,,,5181555.044359428,5027705.403373389,549521.6884248343
mattia valoti__1993-09-06,Mattia Valoti,MID,1249999.999999999,1176609.3830841277,1186913.094564999,27845.66890631044
mattia viti__2002-01-24,,,,4401020.208413264,4335880.757588164,418694.09540775034
mattia zaccagni__1995-06-16,,,,32864145.56047232,32864145.56047232,1461024.7834556182
mattia zanotti__2003-01-11,Mattia Zanotti,DEF,3750000.0000000023,4637885.810310674,4538464.597711171,236963.7664187405
mattias kait__1998-06-29,Mattias Käit,MID,812499.9999999993,656464.4093705742,651260.5885615585,41730.341467889535
mattias svanberg__1999-01-05,,,,8304497.076905868,8302754.620740284,72910.24451222035
mattie pollock__2001-09-28,,,,2594661.0010325783,2594661.0010325783,243678.77712258138
mattijs branderhorst__1993-12-31,,,,1001717.8454008289,983431.5283807262,38899.08848287314
mattis hoppe__2003-07-23,,,,488461.66812052735,468135.8803773375,36367.044457095355
matty cash__1997-08-07,,,,23156091.649786722,23260884.9671943,1270924.8394942377
matty james__1991-07-22,,,,1017488.5996082167,1001805.800857586,69581.1617991928
matty kennedy__1994-11-01,,,,748683.1980464567,786480.0091233765,101600.85752387856
matus bero__1995-09-06,,,,2847585.6596819013,2826476.003311032,56733.80778096615
matvey safonov__1999-02-25,,,,18005078.493893627,17797712.869285516,2367299.2511311667
matviy ponomarenko__2006-01-11,,,,1363643.17490368,1378394.8948768529,85801.37116665926
maurice malone__2000-08-17,,,,1933591.8939631488,1966579.372085108,89356.13096723672
maurice multhaup__1996-12-15,Maurice Multhaup,MID,437499.9999999996,391455.73617213825,391455.73617213825,1312.2037072576388
mauricio benitez__2004-02-03,,,,899228.8862838243,899228.8862838243,
mauro arambarri__1995-09-30,,,,16695541.809443926,17535914.943456527,1517497.2659296738
mauro icardi__1993-02-19,Mauro Icardi,FWD,12499999.999999985,11129176.229870055,11110313.88693193,945127.0913740172
mauro vigorito__1990-05-22,Mauro Vigorito,GK,104999.99999999997,130745.14566970334,130745.14566970334,14417.341770902138
mawouna amevor__1991-12-16,,,,391014.55495834723,377229.9886938026,44966.63117824805
max aarons__2000-01-04,,,,3144586.2596229315,3144586.2596229315,75193.61898354278
max albk__2006-02-19,,,,310120.0159450938,297480.26254291716,30725.25015539223
max anderson__2001-05-17,,,,553229.9878546748,553229.9878546748,28470.163698471362
max balard__2000-11-20,,,,959825.2982216788,959825.2982216788,
max bruns__2002-11-06,,,,2107918.657283482,2117072.891772892,81982.15146485936
max christiansen__1996-09-25,Max Christiansen,MID,912500.0000000001,570674.293207504,566997.737170288,11160.235683648018
max de ligt__2004-07-20,Max de Ligt,DEF,225000.00000000015,236068.59246719003,236068.59246719003,
max ejdum__2004-10-15,,,,1172651.7524353333,1180838.11023052,66083.00127752844
max geschwill__2001-07-07,,,,1541439.9691288932,1541439.9691288932,
max meyer__1995-09-18,,,,1718171.0434082109,1718171.0434082109,43320.94646318038
max moerstedt__2006-01-15,Max Moerstedt,FWD,4949999.999999997,2615108.6105485316,2533724.225044534,229752.4927852951
max reinthaler__1995-03-22,Max Reinthaler,DEF,349999.9999999997,367677.03549483063,363148.66952660406,17032.84539433817
max sanders__1999-01-04,,,,391119.66245832964,405683.0967018413,25017.065440426406
max schmitt__2006-01-18,,,,346980.7790994944,343147.2622187861,23956.211828376378
max scholze__2005-04-30,,,,642680.5963521446,622727.1337619699,53266.120530741646
max watters__1999-03-23,,,,340712.98287815583,340712.98287815583,
maxence caqueret__2000-02-15,,,,14724430.647894628,14724430.647894628,257950.75983815675
maxence lacroix__2000-04-06,,,,32419166.63044839,32774510.46578258,1084660.645873855
maxence maisonneuve__1999-02-11,,,,837656.7831233637,837656.7831233637,24506.047501112753
maxence prevot__1997-04-09,,,,566887.1879398616,574890.4164477694,27035.713342083076
maxence rivera__2002-05-30,,,,1766331.3237935489,1766331.3237935489,
maxi moralez__1987-02-27,,,,611142.2636349387,611142.2636349387,9374.684269719424
maxi oyedele__2004-11-07,Maxi Oyedele,MID,3499999.9999999995,2581707.4444649983,2581707.4444649983,
maxim dal__2006-01-26,Maxim Dal,DEF,324999.9999999999,327635.42655097577,327635.42655097577,
maxim de cuyper__2000-12-22,,,,30578304.219657034,30593405.07418326,1482896.932151417
maxim dekker__2004-04-21,,,,1676146.9880265328,1676146.9880265328,20328.163385607073
maxime bernauer__1998-07-01,,,,1628699.0492978012,1723850.6587873204,249333.24383974777
maxime busi__1999-10-14,Maxime Busi,DEF,1499999.9999999986,1329055.056834862,1351978.3451085482,45589.530453113286
maxime delanghe__2001-05-23,Maxime Delanghe,GK,1400000.0000000007,1010551.1114824498,1018285.0804336828,67688.46579441325
maxime dupe__1993-03-04,Maxime Dupé,GK,1499999.9999999986,1619784.636117999,1619784.636117999,13248.996349103274
maxime esteve__2002-05-26,,,,16756884.288001584,17066786.958609793,641179.6152575022
maxime lopez__1997-12-04,,,,8063425.351953521,8063425.351953521,
maxime sivis__1998-04-01,,,,1015670.9580336661,1015670.9580336661,30437.70579741541
maximilian arnold__1994-05-27,,,,11354839.16236173,11279063.313741308,489374.71726196446
maximilian bauer__2000-02-09,,,,2051360.2070064086,2031534.147444633,50220.957219644086
maximilian beier__2002-10-17,Maximilian Beier,MID,26250000.00000004,23143188.093657196,24521280.91518399,2989184.6239580093
maximilian breunig__2000-08-14,Maximilian Breunig,FWD,1200000.0000000005,1269545.1609159317,1268247.709661776,82862.64522676519
maximilian ibrahimovic__2006-09-22,,,,1146175.2955436988,1146175.2955436988,56557.62055498231
maximilian kilman__1997-05-23,,,,11034153.617167385,10474466.052664097,1770220.0962079612
maximilian mittelstadt__1997-03-18,,,,27105950.589818325,27247919.192350306,1038626.5914317801
maximilian schmid__2003-03-05,,,,532444.1386648779,544409.4286768439,56557.60038239333
maximilian ullmann__1996-06-17,,,,957476.6891087953,912196.3781121232,125850.35908182788
maximilian wittek__1995-08-21,,,,2298192.8686648626,2298192.8686648626,218764.86671082617
maximilian wober__1998-02-04,,,,5904741.1747394465,5904741.1747394465,213307.8408004835
maximiliano caufriez__1997-02-16,,,,986919.9569064099,986919.9569064099,18461.589015609286
maximiliano lovera__1999-03-09,,,,2221172.4864050034,2221172.4864050034,123222.7951360348
maximiliano villa__1997-03-03,Maximiliano Villa,DEF,850000.0000000005,1116891.76156579,1116891.76156579,
maximo perrone__2003-01-07,,,,8565652.584338047,8565652.584338047,411490.6940275773
maxwel cornet__1996-09-27,Maxwel Cornet,MID,9599999.999999998,4199070.456032847,4122959.930709265,301004.07122514583
maxwell woledzi__2001-07-02,,,,1688011.6117813783,1727614.8408497768,129898.91470162006
mayckel lahdo__2002-12-30,,,,1912107.3172914889,1912107.3172914889,18940.005148158394
mayssam benama__2005-03-09,,,,705790.5464160866,716003.9754212118,36592.0784132454
mbala nzola__1996-08-18,M'Bala Nzola,FWD,5150000.000000002,4720081.233481748,4725931.198276963,216833.01296316154
mbaye niang__1994-12-19,,,,1527771.9150114255,1508261.561344985,95462.08038009846
medon berisha__2003-10-21,,,,2544777.7522813994,2545680.0431153607,121940.80846732725
mees de wit__1998-04-17,,,,1654104.4786842146,1654104.4786842146,38249.72323992508
mees hilgers__2001-05-13,,,,3426004.0038862485,3386343.6208347133,97448.02731693436
mees hoedemakers__1998-02-18,Mees Hoedemakers,MID,1099999.9999999998,1376426.7073616185,1377866.7832555836,75302.27672693787
mehdi boukamir__2004-01-26,Mehdi Boukamir,DEF,762499.9999999997,682462.3447064995,682462.3447064995,106738.3020898145
mehdi leris__1998-05-23,Mehdi Léris,MID,1749999.9999999998,1439385.6428933665,1474386.744382022,180974.0368321762
mehdi loune__2004-05-14,,,,617092.1957405721,617092.1957405721,
mehdi taremi__1992-07-18,,,,6714865.224226018,6714865.224226018,389316.70893150737
melih bostan__2004-04-08,,,,793532.1232681228,797058.3224135386,40914.42238730301
melih ibrahimoglu__2000-07-17,,,,761499.2565260263,765825.0048155896,35795.28717447071
melker ellborg__2003-05-22,Melker Ellborg,GK,649999.9999999995,836586.3283492161,831590.3316962594,35061.525478276344
melle meulensteen__1999-07-04,,,,3414695.690078517,3551345.369327717,238725.89168865373
melvin bard__2000-11-06,,,,12137295.754921522,12747392.045487825,1591452.672237802
melvin zinga__2002-03-16,,,,830234.2412581972,830234.2412581972,26146.29043952115
menno koch__1994-07-02,Menno Koch,DEF,562500.0000000003,719291.6716815465,720615.5338524529,22250.427859683186
mergim berisha__1998-05-11,,,,4463932.064269544,4463514.194302266,108458.98801989076
mergim vojvoda__1995-02-01,Mërgim Vojvoda,DEF,3900000.000000001,4713377.393307057,4736500.525673196,158194.42117902593
merih demiral__1998-03-05,,,,16446843.55779584,16446843.55779584,
merlin rohl__2002-07-05,Merlin Röhl,MID,12750000.000000002,13540485.001489518,11599710.104966987,4086853.679225937
mert gunok__1989-03-01,,,,778273.2861097046,757927.9225086026,44625.39939277074
mert komur__2005-07-17,Mert Kömür,MID,4999999.999999999,5258918.090124815,5257011.843765381,116261.93157425865
mert muldur__1999-04-03,,,,4303888.251762426,4401032.314154827,295682.57799437834
meschack elia__1997-08-06,Meschack Elia,MID,2849999.999999999,1608959.100692787,1634609.9392927345,96001.46798587443
metehan altunbas__2003-01-07,,,,299734.27877911244,301357.9961633972,13468.237725254497
metehan mimaroglu__1994-07-07,,,,1004145.9898093239,1007468.632705084,20964.76186222503
mexx meerdink__2003-07-24,,,,7529907.136170796,7529907.136170796,
micah hamilton__2003-11-13,,,,1182536.422630384,1182536.422630384,11607.679526662576
michael brouwer__1993-01-21,,,,551735.3899104738,551735.3899104738,45616.68892236383
michael cuisance__1999-08-16,,,,2373850.9433079944,2396435.897890382,92915.36055783284
michael duffy__1994-07-28,,,,1152348.7145299164,1170185.446603369,58437.27274167624
michael folorunsho__1998-02-07,,,,6949181.683705897,7161362.89415051,492388.46669189003
michael frey__1994-07-19,,,,2354368.1532518254,2354368.1532518254,421526.12338214816
michael golding__2006-05-23,,,,735256.1222996442,722594.5934732722,28859.524613989666
michael gregoritsch__1994-04-18,,,,3866849.7967662904,3866849.7967662904,98831.84937582858
michael kayode__2004-07-10,,,,27572546.173843622,27633357.878666066,2685471.992176023
michael keane__1993-01-11,,,,4525211.522545867,4569990.672415541,540325.5940789948
michael lansing__1994-06-13,,,,431923.2454540319,441256.459539141,21410.017060975242
michael obafemi__2000-07-06,,,,1285863.4134211503,1285863.4134211503,40071.66128404135
michael olise__2001-12-12,Michael Olise,MID,109250000.0000001,107630199.63963346,107204018.07378837,7807826.51310169
michael opoku__2005-07-20,Michael Opoku,MID,312500.00000000023,385808.57839370024,386593.00951288495,11750.46787245885
michael rose__1995-10-11,,,,629019.7221012556,661218.4188294939,56839.14687104583
michael santos__1993-03-13,,,,1438745.8333271022,1471819.1387985118,109986.64140697524
michael steinwender__2000-05-04,,,,1710338.3855731483,1710338.3855731483,
michael svoboda__1998-10-15,,,,1230609.7303248148,1230609.7303248148,39870.150620096676
michael verrips__1996-12-03,,,,614203.1356305056,616248.5768524676,25338.404020099748
michael woud__1999-01-16,,,,271449.9258288154,270958.0396239729,19582.907244274713
michael zetterer__1995-07-12,,,,4856909.4826280475,4917386.495693242,399935.7100358508
michal sadilek__1999-05-31,,,,7580323.7504110765,7580323.7504110765,238038.54060703286
michalis kosidis__2002-02-09,Michalis Kosidis,FWD,899999.9999999995,1220301.3744298704,1220301.3744298704,
michel aebischer__1997-01-06,Michel Aebischer,MID,4349999.999999996,4434182.949862673,4463110.9361389475,261644.1100069484
michel stocker__1999-04-14,,,,543640.9071142798,547761.7617461766,22653.022851011352
michele castagnetti__1989-12-27,,,,601833.731124495,601833.731124495,19057.932160551485
michele cerofolini__1999-01-04,,,,830591.2914056614,818405.8071880683,21490.502234591557
michele collocolo__1999-11-08,,,,3005182.547148939,2992990.7362662335,265610.61914977996
michele di gregorio__1997-07-27,,,,19701099.781940944,19701099.781940944,
michele rigione__1991-03-07,,,,385631.0557880907,380008.62754167226,21769.613769343
michy batshuayi__1993-10-02,,,,3851476.6947367485,3851476.6947367485,
mickael biron__1997-08-26,,,,775683.5060872526,775683.5060872526,
mickael nade__1999-03-04,Mickaël Nadé,DEF,1400000.0000000007,1842085.2855366834,1858529.4193487433,70685.27245979442
mickel miller__1995-12-02,Mickel Miller,DEF,499999.99999999977,684254.6039239086,657117.1415982363,58114.57317262071
micky van de ven__2001-04-19,,,,48047376.69882407,48097940.35150412,1204748.7042700925
miguel almiron__1994-02-10,,,,5008532.76383903,5008532.76383903,
miguel borja__1993-01-26,,,,1832439.5500302801,1832439.5500302801,16944.945362313847
miguel chaiwa__2004-06-07,,,,397668.3263797426,398879.3543505145,20406.643556169012
miguel de la fuente__1999-09-03,Miguel de la Fuente,FWD,2050000.000000001,1581654.785550639,1578125.481625922,114008.64788265154
miguel freckleton__2003-08-06,,,,300345.4385018557,303982.4938236064,9795.175144260773
miguel trauco__1992-08-25,,,,1034996.8149135333,1166887.3702538637,332612.5506697899
miha zajc__1994-07-01,,,,1580956.8093533409,1580956.8093533409,351841.9141828601
mihai popa__2000-10-12,,,,448432.87112866016,448432.87112866016,
mihai popescu__1993-05-07,,,,982897.4018902535,927885.9226725248,127994.77591502083
mihailo ivanovic__2004-11-29,,,,2751918.1871828116,2609151.433317026,351932.58770418493
mihailo ristic__1995-10-31,,,,2423092.142930916,2450913.2547487943,133275.61877756636
mihajlo cvetkovic__2007-01-10,,,,3217065.4738257756,3346207.5740003227,555688.6826152239
mijat gacinovic__1995-02-08,,,,1944045.1773513919,1992874.176751101,104850.49637686368
mika biereth__2003-02-08,,,,20189702.284225266,20184705.664209865,421890.6661754736
mika godts__2005-06-07,Mika Godts,MID,13750000.000000024,11461372.99509666,11488450.671784908,284839.8951669125
mika schroers__2002-02-04,Mika Schroers,MID,600000.0000000003,790282.3817860344,782913.7997686939,23274.932519287133
mikael anderson__1998-07-01,Mikael Anderson,MID,1800000.000000001,2385710.4271565885,2426911.1147795753,124696.20674622037
mikael egill ellertsson__2002-03-11,,,,2081442.4562283116,2268013.3513751226,400452.9889089078
mikael ishak__1993-03-31,,,,2419917.0546929995,2447188.3622129923,203202.850315913
mikael mandron__1994-10-11,Mikaël Mandron,MID,387499.99999999977,491454.65641143476,492591.7199523404,16567.75003275389
mikael uhre__1994-09-30,,,,2127573.253982838,2070886.5824106196,141102.3970668469
mikayil faye__2004-07-14,,,,2762729.7751318547,2615072.2013679473,417580.4987513469
mike eerdhuijzen__2000-07-13,Mike Eerdhuijzen,DEF,2550000.0,3936576.628233319,3894237.734593096,133428.87154913653
mike maignan__1995-07-03,,,,42456699.762703955,43970128.14220983,5689780.948820998
mike penders__2005-07-31,,,,12144371.71778811,11359836.092077501,1654684.7188628223
mike te wierik__1992-06-08,,,,335524.66540144855,334447.8034139275,21950.86309851847
mike tresor__1999-05-28,Mike Trésor,MID,3799999.9999999995,4478014.175278408,4510805.239700949,369432.9899634661
mike van der hoorn__1992-10-15,,,,2006649.8628685393,2014219.799411478,89053.386708458
mike van duinen__1991-11-06,,,,296170.726670958,296170.726670958,
mike vestergard__1997-11-19,Mike Vestergård,MID,399999.9999999999,462362.51654348115,472100.2275664747,51065.89985217725
mikel gogorza__2006-09-27,,,,2072027.2366566132,2134175.3939074925,176207.08584951086
mikel villanueva__1993-04-14,,,,1248200.9780376428,1248200.9780376428,107048.17192210122
mikesteven bahre__1995-08-10,Mike-Steven Bähre,MID,537500.0000000003,632554.8951326046,641103.0985477364,29946.70184014355
mikey johnston__1999-04-19,,,,2912362.159974045,2912362.159974045,11458.607766948158
mikey moore__2007-08-11,Mikey Moore,MID,11500000.000000019,9533119.42433062,9397879.035993457,1352779.6949298892
mikkel damsgaard__2000-07-03,,,,31808180.592492927,32954411.30368287,2126259.1930587552
mikkel desler__1995-02-19,,,,2256621.648310979,2256621.648310979,194357.18145643733
mikkel duelund__1997-06-29,Mikkel Duelund,MID,649999.9999999995,679433.9074441538,661451.4314066668,41974.748333667165
mikkel fischer__2004-03-23,,,,761732.8058252308,761732.8058252308,15218.546012434304
mikkel kaufmann__2001-01-03,,,,1541610.2355695213,1541610.2355695213,160761.00212946517
mikkel kirkeskov__1991-09-05,,,,413307.06293028354,409446.51009254466,17845.55884382019
mikkel maigaard__1995-09-20,,,,1031046.486381399,1064874.083271199,133239.16824327115
mikkel rygaard__1990-12-25,,,,743193.5245981456,738204.5514708728,52464.83461681854
mikki van sas__2004-02-29,,,,560107.2745342497,560107.2745342497,28555.69157575449
milan aleksic__2005-08-30,,,,587215.5936312317,587215.5936312317,57945.51672722924
milan borjan__1987-10-23,,,,1200786.3642117572,1208868.5392431472,88601.01305737911
milan iloski__1999-07-29,,,,1157380.472997611,1155183.0468393166,17506.283500896297
milan skriniar__1995-02-11,Milan Škriniar,DEF,16500000.000000013,16785878.59684728,16785878.59684728,2964660.0595405013
milan smit__2003-02-13,,,,1829221.6087155752,1829221.6087155752,
milan van ewijk__2000-09-08,,,,6893108.603525194,7306375.860203089,849460.7347396194
milan zonneveld__2003-10-08,,,,912692.7919028746,914116.0496921624,26773.636989503106
mile svilar__1999-08-27,,,,35273588.33553942,35116585.937862925,597014.7095628777
milos kerkez__2003-11-07,,,,40064100.67665744,40784068.51701746,2020321.4053467535
milos pantovic__2002-08-24,,,,3504391.3702068445,3504391.3702068445,160590.09642491207
milot rashica__1996-06-28,,,,8269150.006569899,8269150.006569899,
milutin osmajic__1999-07-25,,,,2358841.074018458,2358841.074018458,
mimeirhel benita__2003-11-17,,,,797925.0332883248,794486.3928917504,34162.16670345539
mingyang yang__1995-07-11,,,,663195.2861601316,668422.885527368,14180.76873614051
mipo odubeko__2002-10-21,,,,432575.8757671431,443965.0879232602,23806.54636796548
mirko antonucci__1999-03-11,,,,1136235.4733424147,1140801.5459819995,52038.985484508565
mirko maric__1995-05-16,,,,1230442.728462566,1193896.3605914533,92625.01049879756
mirko pigliacelli__1993-06-30,Mirko Pigliacelli,GK,1150000.0000000005,991560.2919328179,1003109.9697755497,58756.37366769125
mirko topic__2001-02-05,,,,2144329.351447278,2121831.7538049757,48791.885370632066
mirnes pepic__1995-12-19,,,,544056.9646567153,560641.4295580387,37520.6012406102
miro muheim__1998-03-24,Miro Muheim,DEF,4000000.0000000005,5094549.67548595,5094549.67548595,
miroslav stevanovic__1990-07-29,,,,1515419.951580096,1544823.323327246,71864.00619761337
mirza catovic__2007-05-01,,,,722180.49031358,722180.49031358,36279.98766502308
mitch pinnock__1994-12-12,,,,544543.6785495505,561141.0065661869,69969.13495572751
mitchel bakker__2000-06-20,,,,7736305.4532614825,7808159.69507198,206141.07619718582
mitchell van bergen__1999-08-27,Mitchell van Bergen,MID,1299999.9999999993,1606701.6881617922,1605699.9522464345,19369.60491151501
mithat pala__2000-08-15,,,,685372.8251334791,685372.8251334791,
mj williams__1995-11-06,,,,291027.37251842674,293027.71730005974,23725.60770066511
modibo sagnan__1999-04-14,Modibo Sagnan,DEF,2849999.999999999,2608713.7348174485,2582769.9748326414,72380.45408938688
mohamad sylla__1993-12-01,,,,544539.1556444077,537741.497819861,34213.67310164991
mohamed abdelmonem__1999-02-01,,,,4797473.451779972,4837431.718196893,81963.17319194315
mohamed achi__2002-01-16,,,,537008.4684142828,551919.5095798094,24661.204074678855
mohamed amoura__2000-05-09,,,,30291775.317838795,30291775.317838795,
mohamed badamosi__1998-12-27,,,,569621.28534845,574791.594605809,22559.126589326963
mohamed bamba__2001-12-10,,,,2546174.004411942,2546174.004411942,203431.39817570138
mohamed bayo__1998-06-04,,,,4626011.034014803,4635582.658312641,405065.82434018864
mohamed bechikh__2005-07-13,,,,501066.66086750757,501506.93933932844,13811.314300412823
mohamed berte__2002-03-25,Mohamed Berte,MID,2150000.0,2279162.055431884,2287147.2517777155,196565.1647236201
mohamed bouldini__1995-11-27,,,,801328.6453868297,758327.7165052977,87782.31404160259
mohamed daramy__2002-01-07,Mohamed Daramy,MID,6849999.999999996,4888736.637383631,4888736.637383631,
mohamed hamdaoui__1993-06-10,,,,585549.5747325608,583012.5289194902,47577.9119069734
mohamed hassan fofana__2005-05-06,Mohamed Hassan Fofana,MID,150000.00000000006,223455.44588962352,232125.42374160053,15757.100647477933
mohamed ihattaren__2002-02-12,,,,4547915.1941808695,4445791.0688419575,180040.15594479494
mohamed jaouab__2002-05-14,Mohamed Jaouab,DEF,1050000.0000000007,1074013.1071988665,1081750.6479990752,71574.22349168593
mohamed kaba__2001-10-27,,,,1960901.0530246864,1960901.0530246864,17090.719757356914
mohamed kone__2002-03-07,,,,1130256.5723397008,1140099.7706088275,66019.59681392317
mohamed nassoh__2003-01-26,,,,1710662.5132746382,1710662.5132746382,
mohamed ofkir__1996-08-04,,,,232776.6756122796,238909.92646879097,17396.409143635166
mohamed salah__1992-06-15,,,,71316702.28230338,68726038.98164302,5106476.20025429
mohamed sankoh__2003-10-16,,,,720613.4204763041,707108.4724346002,61811.886893097144
mohamed simakan__2000-05-03,,,,32434600.56865507,32434600.56865507,1267041.187728303
mohamed toure__2004-03-26,,,,1887349.0597199048,1909414.3773085102,48094.35548111971
mohamedali cho__2004-01-19,,,,10018166.09006049,9875542.853382528,1557013.110306842
mohammed el adfaoui__2008-02-28,Mohammed El Âdfaoui,MID,1299999.9999999993,456076.48355648585,455574.56115171884,26143.70337878693
mohammed fuseini__2002-05-16,Mohammed Fuseini,MID,3750000.0000000023,2960824.335877217,2932911.2992882426,173813.44290533624
mohammed kamara__1997-10-31,,,,960188.3408515895,986384.5341602295,271960.2691360339
mohammed kudus__2000-08-02,,,,37376788.32870518,37376788.32870518,1239365.9259747646
mohammed salisu__1999-04-17,Mohammed Salisu,DEF,11500000.000000019,14539482.177394865,14539482.177394865,
moise adilehou__1995-11-01,,,,396347.34283223964,388126.9185649071,41211.80207608413
moise bombito__2000-03-30,Moïse Bombito,DEF,11749999.999999994,13301983.610174835,13444614.24259988,420637.10043595324
moise kean__2000-02-28,,,,42661333.65897238,42661333.65897238,8498506.97227529
moises caicedo__2001-11-02,,,,109180727.28217547,109180727.28217547,2032544.7588569708
moncef zekri__2008-09-20,,,,776913.6868880945,776913.6868880945,72600.56382251652
montassar talbi__1998-05-26,,,,4046831.2719070823,4228890.617161608,494726.265316277
mor ndiaye__2000-11-22,Mor Ndiaye,MID,587500.0000000002,687458.1569323059,694389.492339683,23519.810750469383
morgan gibbswhite__2000-01-27,,,,33315124.92186795,34414482.97571608,3255928.671502125
morgan guilavogui__1998-03-10,,,,4178967.9012808776,4376556.00208013,684568.3136594408
morgan poaty__1997-07-15,,,,1084631.8444382187,1084631.8444382187,36818.071058242436
morgan rogers__2002-07-26,,,,52659666.59230851,52659666.59230851,
moritz broschinski__2000-09-23,,,,1874944.9298774337,1870826.947447567,108711.2457351823
moritz jenz__1999-04-30,Moritz Jenz,DEF,6749999.999999997,8577163.440273883,8713669.140603881,418742.50938020163
moritz nicolas__1997-10-21,,,,5107663.589898145,5090427.132007523,132738.18285831515
moritzbroni kwarteng__1998-04-28,Moritz-Broni Kwarteng,MID,1249999.999999999,1201121.5595122539,1188454.2609878753,33583.38647832475
morlaye sylla__1998-07-27,Morlaye Sylla,MID,3149999.9999999995,2872405.00318383,2809233.2106991005,179701.04608106264
mortadha ben ouanes__1994-07-02,,,,1251288.8488274752,1251288.8488274752,
morten frendrup__2001-04-07,,,,10932335.844522608,10867236.755449869,476799.27261770325
morten hjulmand__1999-06-25,,,,36502483.3061462,36502483.3061462,6151823.74377671
mory diaw__1993-06-22,,,,1119716.3517535955,1119716.3517535955,
mory gbane__2000-12-25,,,,1738844.9800998557,1745904.0564677524,48187.95236867828
mory konate__1993-11-15,Mory Konaté,DEF,1050000.0000000007,1604383.4103190252,1611858.96874596,47876.04427098974
moses odubajo__1993-07-28,,,,1122338.5176967133,1092022.099009615,89331.5039043494
moses opondo__1997-10-28,Moses Opondo,MID,462500.00000000006,471640.6006427394,479105.937933341,16392.744734604155
moses simon__1995-07-12,,,,8179657.13316862,8101487.264640426,487443.42047539644
mostafa mohamed__1997-11-28,,,,2251700.5462579466,2268810.6556739327,158795.04515255615
mouctar diakhaby__1996-12-19,Mouctar Diakhaby,DEF,4500000.000000002,6935267.511741144,6720938.248082125,536877.0203571941
mouez hassen__1995-03-05,,,,572090.2077592539,572090.2077592539,44892.736482808185
mouhamadou drammeh__1999-05-15,,,,387065.76722412335,387065.76722412335,16453.526807637565
mouhamed belkheir__1999-01-02,,,,1722188.27460746,1722188.27460746,24391.602037025077
mounaim el idrissy__1999-02-10,Mounaïm El Idrissy,MID,825000.0000000006,899153.8178160774,899153.8178160774,
moussa cisse__2003-04-29,,,,959677.6513777203,959677.6513777203,7626.010965576774
moussa diaby__1999-07-07,,,,41305855.21515162,40592080.24039805,5155582.020625604
moussa diakite__2003-11-04,,,,2111697.0004251907,2048838.4349427666,169993.61560797397
moussa diarra__2000-11-10,,,,2551026.8810597756,2591515.3811193774,167089.75699292863
moussa djitte__1999-10-04,Moussa Djitté,FWD,1249999.999999999,803943.0124356806,806704.2615827845,23869.243165796808
moussa kyabou__1998-04-18,,,,525117.8428826004,525117.8428826004,5728.144099648178
moussa mane__2003-11-19,,,,592323.9637505466,583794.3984477194,36835.4974404069
moussa ndiaye__2002-06-18,Moussa N'Diaye,DEF,4150000.000000003,5409839.672230006,5419031.8343018545,219611.68612911014
moussa niakhate__1996-03-08,,,,12811195.361045018,12936090.938706566,318497.0333286945
moussa sissoko__1989-08-16,,,,662082.4624830451,662082.4624830451,
moussa soumano__2005-07-09,,,,1322022.6611246623,1322022.6611246623,9944.32364970772
moussa sylla__1999-11-25,,,,2402062.1921709143,2382514.662027831,77417.11963170543
moustapha mbow__2000-03-08,,,,3091932.985829882,2883329.3711284376,428987.8841241131
muhamed buljubasic__2004-07-04,,,,358446.96956356167,358446.96956356167,72663.68474240416
muhammed cham__2000-09-26,,,,4020857.3614561274,4020949.5664098742,666143.22834259
muhammed damar__2004-04-09,,,,5575124.545979514,5311927.486583646,675678.137466871
muhammed kadoglu__2007-01-01,Muhammed Kadıoğlu,DEF,275000.0000000002,315106.43631714326,309711.40851247637,23336.87970359223
muhammed sengezer__1997-01-05,,,,1606042.0364187884,1598727.8158190404,65841.6864023482
muharrem cinan__1998-05-13,,,,253455.52016192646,253455.52016192646,27284.618186838146
mukhammadali urinboev__2005-04-24,,,,762522.0079138811,762522.0079138811,230417.8426255722
mukhtar ali__1997-10-30,,,,884586.541244047,899241.8448118495,121777.60510345374
munashe garananga__2001-01-18,Munashe Garananga,DEF,2199999.9999999995,1830468.5775336865,1858249.9365126954,77699.05367227376
musa barrow__1998-11-14,,,,15862282.42711567,17260492.762603354,4231840.028265324
musa toure__2005-11-12,,,,362984.5353864117,362449.74047354946,33714.48720222807
mustafa eskihellac__1997-05-05,,,,1920540.0257364465,1920540.0257364465,324202.2930579823
mustapha bundu__1997-02-28,,,,1774031.3773090867,1774031.3773090867,3406.1871424963806
mustapha isah__2004-07-23,,,,709974.1698898966,709974.1698898966,76397.2167676399
myenty abena__1994-12-12,,,,1305185.4476815937,1279972.6867805892,60891.01204463626
mykola kovtalyuk__1995-04-26,Mykola Kovtalyuk,FWD,437499.9999999996,507112.61529250216,508507.11378112005,28234.996183843003
myles lewisskelly__2006-09-26,,,,27718049.151081912,27718049.151081912,4977459.205094944
myles peartharris__2002-09-18,,,,1540792.1293491917,1750353.3515623035,561090.5488900043
myron boadu__2001-01-14,Myron Boadu,FWD,6749999.999999997,9031595.901800979,9031595.901800979,556457.5820965888
myron mauasam__2004-04-01,,,,237564.87245034415,261971.98830709333,89099.0049200603
myron van brederode__2003-07-06,Myron van Brederode,MID,4250000.000000002,4645133.513391979,4474986.409493461,357767.0871927928
myrto uzuni__1995-05-31,,,,3823799.2942901463,3784960.3360236837,499601.57699652994
myziane maolida__1999-02-14,Myziane Maolida,MID,2950000.000000002,4397569.049763715,4482475.039831738,224010.97768895928
naatan skytta__2002-05-07,,,,5679485.869115495,5734718.692093402,252569.4462402992
nabil alioui__1999-02-18,,,,1198251.1286457106,1198251.1286457106,
nabil bahoui__1991-02-05,,,,267835.356316516,267835.356316516,
nabil bentaleb__1994-11-24,,,,8059379.42118666,8037871.091413146,362755.4501628307
naby keita__1995-02-10,Naby Keïta,MID,2100000.000000001,2053442.8293212221,2065653.429384263,31435.02604725838
nachon nsingi__2001-04-24,Nachon Nsingi,FWD,850000.0000000005,1276882.9235241625,1286939.1058151845,38628.42435577314
naci unuvar__2003-06-13,,,,2015374.0432020533,2015374.0432020533,
nadiem amiri__1996-10-27,,,,18900488.769557077,18433553.14493463,833903.3994492824
nadir zortea__1999-06-19,,,,5169557.838994306,5169557.838994306,
nahitan nandez__1995-12-28,,,,7142013.492931025,7142013.492931025,595248.0986414446
nahki wells__1990-06-01,,,,453708.52125071455,453708.52125071455,6460.994585426351
nahuel estevez__1995-11-14,,,,1840992.7448003795,1820374.2768925063,113315.17490001403
nahuel molina__1998-04-06,,,,10536693.092624797,10425108.501862824,808756.9524561603
nahuel noll__2003-03-17,,,,1034293.1063043927,1019676.8031563342,27393.268477530917
nahuel tenaglia__1996-02-21,Nahuel Tenaglia,DEF,6000000.0,7345831.444754426,7407048.849877921,110947.36379985028
nail mouthasebtaoui__2005-11-17,,,,518370.58579296886,518370.58579296886,63861.33877148242
nais djouahra__1999-11-23,,,,1507390.0882739057,1488262.4287696192,60637.31426465705
nampalys mendy__1992-06-23,,,,1691756.598174381,1692618.777697313,200623.22914317177
nando pijnaker__1999-02-25,,,,771437.2468821049,813630.7203340483,116093.79005477393
nando verdoni__2003-07-09,Nando Verdoni,GK,212500.00000000017,231305.98853327855,230683.03923290732,10255.220432110646
naouirou ahamada__2002-03-29,,,,1744729.9595796303,1744729.9595796303,44746.036665912856
nasser djiga__2002-11-15,Nasser Djiga,DEF,4650000.000000001,2980431.5513346842,2983592.1326906597,116881.73605989874
nassim boujellab__1999-06-20,,,,507727.7588896559,494883.4309183131,47629.77752092481
nassim chadli__2001-07-28,,,,781085.6070814602,779009.7106572152,28646.61709767929
nathan ake__1995-02-18,,,,22099538.18374942,22431985.324468628,657967.4571921472
nathan baxter__1998-11-08,,,,678029.9148138955,678029.9148138955,26741.06649847842
nathan bishop__1999-10-15,,,,515966.95018425205,521756.8477145953,20256.746446101468
nathan broadhead__1998-04-05,Nathan Broadhead,MID,2849999.999999999,4261961.920195891,4290751.739734593,876341.69557165
nathan buayikiala__2004-02-29,,,,637211.195396029,637211.195396029,
nathan collins__2001-04-30,,,,25824970.024059366,25357947.98634553,1664239.8916108904
nathan de cat__2008-07-19,,,,2106903.9292192953,2124141.1088322564,107908.31129896938
nathan moriahwelsh__2002-03-18,,,,391427.0970221633,391427.0970221633,33595.13828012865
nathan ngoumou__2000-03-14,,,,2879545.0241451957,3057234.2839011317,444002.1926261979
nathan ngoy__2003-06-10,,,,5505468.222247947,5348484.716609892,311177.4338774271
nathan patterson__2001-10-16,,,,2936448.2904070783,2936448.2904070783,71333.39420660531
nathan redmond__1994-03-06,,,,1494817.11791493,1494817.11791493,
nathan rodes__1997-12-11,,,,743549.2544901093,755850.2499006862,76350.0373911194
nathan tella__1999-07-05,,,,11283213.64286414,11431816.451975975,1139312.0590389802
nathan trott__1998-11-21,,,,1542498.826460503,1455027.3256863332,222022.43150402783
nathan wood__2002-05-31,,,,1584398.0813737453,1590810.2547371904,12565.82461925507
nathan zeze__2005-06-18,Nathan Zézé,DEF,5500000.000000001,5971940.528290266,5868784.941744884,781387.6907396908
nathanael mbuku__2002-03-16,,,,2170652.6604817,2151863.5624081297,89376.26303950361
nathandylan saliba__2004-02-07,,,,3156895.43842473,3123251.6778154047,128858.96522061799
nathaniel adjei__2002-08-21,,,,1536536.7168695848,1536536.7168695848,18307.596932046265
nathaniel atkinson__1999-06-13,,,,1099792.8956454552,1114443.2866546889,162809.43482936654
nathaniel brown__2003-06-16,,,,24067210.760423556,22808445.361428868,2395858.8048549974
nathaniel chalobah__1994-12-12,Nathaniel Chalobah,MID,1499999.9999999986,1698126.7925632799,1643388.1472743435,120091.58947259253
nathaniel clyne__1991-04-05,,,,809461.0157975043,809461.0157975043,
nathaniel mendezlaing__1992-04-15,,,,535780.5933968279,566011.9188731129,72656.974433973
nayef aguerd__1996-03-30,,,,23716446.41969061,23191545.165104724,1963018.9677346507
nazar voloshyn__2003-06-17,,,,3706350.5352680464,3706350.5352680464,
nazariy rusyn__1998-10-25,,,,740391.1600398682,740391.1600398682,309216.7863522703
neal maupay__1996-08-14,,,,5814363.593554444,5814363.593554444,
necip uysal__1991-01-24,Necip Uysal,DEF,349999.9999999997,426428.3686463322,426428.3686463322,26189.014262656274
neco williams__2001-04-13,,,,24343969.978166055,24343969.978166055,4746147.156196456
nectarios triantis__2003-05-11,,,,3341947.2433207245,3341947.2433207245,
nediljko labrovic__1999-10-10,Nediljko Labrović,GK,2800000.000000002,3054317.1055719354,3038611.0859922767,108439.6512970585
nedim bajrami__1999-02-28,,,,3084052.9097946337,3055058.503737273,1016186.5030641414
nehemiah fernandez__2004-12-11,,,,611564.7970100776,611564.7970100776,
nehuen perez__2000-06-24,,,,11524001.50490507,11524001.50490507,500340.46331887244
neil el aynaoui__2001-07-02,,,,14372226.188988587,14372226.188988587,1025962.7470208675
neil farrugia__1999-05-19,,,,550752.5816322062,550752.5816322062,39438.732792841016
nelson deossa__2000-02-06,,,,8500693.527954107,8500693.527954107,906382.440491354
nelson weiper__2005-03-17,Nelson Weiper,MID,6950000.000000006,4196778.697479449,4073863.9104992673,275003.41910822986
nemanja matic__1988-08-01,,,,3157462.664853897,3094146.843468202,159113.3238885847
nemanja mijuskovic__1992-03-04,,,,259291.40366128815,259291.40366128815,
neraysho kasanwirjo__2002-02-18,,,,1865400.3669083961,1925886.2067495196,150679.77802063603
nesta elphege__2001-01-09,,,,661884.3347220158,661884.3347220158,4380.5530374710725
nesto groen__2004-07-22,Nesto Groen,FWD,324999.9999999999,290750.9481559128,284858.345883505,17537.558656305057
ngalayel mukau__2004-11-03,Ngal'ayel Mukau,MID,11749999.999999994,7926576.129941677,7731485.263284686,823106.8020475259
ngolo kante__1991-03-29,,,,18665443.646573205,18665443.646573205,
nhoa sangui__2006-02-27,,,,2962979.715113137,2994361.2057558005,660808.5700342532
niall ennis__1999-05-20,,,,926510.8326017298,960511.6624151533,73113.79684406474
niall huggins__2000-12-18,,,,1172243.460852725,1205227.3528421647,94029.2414530369
niccolo belloni__1994-07-10,,,,465985.7480683029,465985.7480683029,
niccolo fortini__2006-02-13,Niccolò Fortini,DEF,5450000.0,2721645.4354940876,2622740.6845472474,417358.7834360264
niccolo pierozzi__2001-09-12,,,,2323879.8539722427,2348519.4163076323,96893.51033494841
niccolo squizzato__2002-01-07,,,,1020464.9269494943,1020464.9269494943,
nicholas bonfanti__2002-03-28,Nicholas Bonfanti,FWD,1450000.0000000002,1612619.830822059,1601053.6252568108,87651.82743987026
nicholas mickelson__1999-07-24,,,,729869.6532156862,726914.8597757628,6176.262430682022
nicholas opoku__1997-08-11,,,,844781.3129397755,844781.3129397755,32326.11609217062
nicholas pennington__1998-12-18,,,,624497.150876425,624497.150876425,
nicholas pierini__1998-08-06,Nicholas Pierini,MID,1425000.0000000007,2147745.9012434785,2181658.0228313333,165412.2790236221
nick batzner__2000-03-15,Nick Bätzner,MID,1200000.0000000005,999908.5589644527,987696.5496306301,68133.97244481399
nick fichtinger__2004-04-06,,,,1049403.4716812673,1049403.4716812673,106971.63333419085
nick olij__1995-08-01,,,,4503859.961602606,4493719.136950735,58251.945635446515
nick pope__1992-04-19,,,,6996198.274021105,6920067.725534481,548264.1835894883
nick powell__1994-03-23,Nick Powell,MID,687500.0000000002,477604.2635857472,477604.2635857472,42558.66824426895
nick suman__2000-02-28,,,,189834.50792983206,190732.2908174634,15881.030414174846
nick verschuren__2005-01-13,,,,1190509.5139643059,1193476.8744322362,75408.6413125437
nick viergever__1989-08-03,,,,531940.674757139,531940.674757139,
nick woltemade__2002-02-14,,,,46791796.31064164,46791796.31064164,
nicky beloko__2000-02-16,,,,1123279.3805202623,1107757.5364692896,35970.63130660665
nicky cadden__1996-09-19,,,,944865.9074851099,948285.7412925177,8557.870970038002
nicky devlin__1993-10-17,,,,776857.4056051053,803194.2292433903,101303.34191746937
nicky hogarth__2001-07-04,Nicky Hogarth,GK,134999.99999999997,137391.45141084335,137434.66003320785,8863.95841496707
niclas eliasson__1995-12-07,,,,7576222.847573937,7625297.899208218,620765.8747738894
niclas fullkrug__1993-02-09,,,,7235017.013435379,7398316.696664509,393131.6984286611
niclas thiede__1999-04-14,,,,742620.0161244287,742620.0161244287,
nico gonzalez__1998-04-06,,,,15038112.474729186,14703031.619791983,800377.2888735621
nico mantl__2000-02-06,,,,2435936.5565252886,2458706.5310793566,47496.85649879293
nico neidhart__1994-09-27,,,,503251.8276032995,502235.4263806934,12654.59305332582
nico oreilly__2005-03-21,,,,33034036.358065903,32919572.044992834,1007506.3511468531
nico schlotterbeck__1999-12-01,Nico Schlotterbeck,DEF,57749999.99999994,60284496.24250776,60723650.94775107,4578143.285225052
nicola bellomo__1991-02-18,,,,500322.82872222894,500322.82872222894,
nicola leali__1993-02-17,,,,862387.2350083457,848655.2114296476,86135.55893750882
nicola mosti__1998-02-07,,,,921016.1185772542,921016.1185772542,12266.68809704379
nicola ravaglia__1988-12-12,,,,146147.554626642,146287.61909342295,15919.031267701112
nicola zalewski__2002-01-23,,,,11000043.809728561,11000043.809728561,
nicolae stanciu__1993-05-07,,,,3709260.282315856,3645268.0080691506,160084.71593385952
nicolai fl__1995-09-25,Nicolai Flø,GK,425000.0000000002,381852.000634435,381852.000634435,82967.71695475066
nicolai larsen__1991-03-09,,,,461510.3854642895,461588.0315347573,10711.291548450792
nicolai poulsen__1993-08-15,Nicolai Poulsen,MID,899999.9999999995,1110714.5308488635,1104372.7144341678,37608.64740380812
nicolai remberg__2000-06-19,Nicolai Remberg,MID,3600000.0000000014,3475965.3064999874,3475965.3064999874,104466.1579643441
nicolai vallys__1996-09-04,Nicolai Vallys,MID,4550000.0,2590352.973800624,2590352.973800624,379816.751094357
nicolas burgy__1995-08-07,Nicolas Bürgy,DEF,850000.0000000005,762341.2383568959,753318.4948959514,39752.85449848349
nicolas capaldo__1998-09-14,,,,3732818.675373897,3732818.675373897,
nicolas closset__2004-07-10,,,,184669.31366519642,184669.31366519642,6938.809146112175
nicolas cozza__1999-01-08,,,,2197704.0664038397,2197704.0664038397,
nicolas dominguez__1998-06-28,,,,17268108.915476426,17058660.42141765,881625.2902414672
nicolas fonseca__1998-10-19,,,,3344712.370487208,3374909.108828296,228150.92606919582
nicolas freire__1994-02-18,,,,1089324.2950073567,1089324.2950073567,
nicolas haas__1996-01-23,,,,1127687.6801772255,1127687.6801772255,75213.73957985235
nicolas jackson__2001-06-20,Nicolas Jackson,FWD,34499999.99999998,37059051.781636484,37059051.781636484,
nicolas janvier__1998-08-11,,,,1441814.411817698,1459072.469449384,100276.00690486628
nicolas kuhn__2000-01-01,Nicolas Kühn,MID,14499999.99999999,16432219.690881673,16607147.659400292,1138753.941536269
nicolas lemaitre__1997-01-12,,,,1162758.3165310882,1162758.3165310882,
nicolas madsen__2000-03-17,,,,2606627.18496688,2606627.18496688,
nicolas milanovic__2001-11-14,,,,2242627.459724441,2238336.0039475155,55377.02369141676
nicolas oroz__1994-04-01,Nicolás Oroz,MID,1625000.0000000012,2061704.1509637297,2061704.1509637297,46419.78936810754
nicolas otamendi__1988-02-12,Nicolás Otamendi,DEF,2800000.000000002,4837397.17104808,4786544.603013144,414341.83481593186
nicolas pallois__1987-09-19,,,,629991.4612553038,629991.4612553038,47597.2922811631
nicolas pepe__1995-05-29,,,,21438034.09963124,20492444.440152958,1820485.540169272
nicolas raskin__2001-02-23,Nicolas Raskin,MID,13249999.99999999,14130051.63891333,14153174.957793904,676083.479405016
nicolas saintruf__1992-10-24,,,,414413.90799884195,414413.90799884195,8863.947610844622
nicolas seiwald__2001-05-04,,,,19972874.89388587,19958991.190259866,107196.28862578675
nicolas sessa__1996-03-23,,,,461582.74795334035,461582.74795334035,
nicolas tagliafico__1992-08-31,,,,6398205.305298532,6414351.980216593,242290.65542039846
nicolas valentini__2001-04-06,,,,5306244.621685639,5183231.628009677,382462.6370135415
nicolo barella__1997-02-07,,,,87334655.93244842,87334655.93244842,244272.14026770243
nicolo bertola__2003-03-23,,,,3154421.896711031,3207845.8860458876,218587.3491691928
nicolo brighenti__1989-08-01,,,,250243.92203771655,252515.62810901005,15057.60001047396
nicolo calabrese__2004-11-16,,,,558503.4853322712,558503.4853322712,67433.12446728093
nicolo cambiaghi__2000-12-28,,,,5607220.577805699,5607220.577805699,167166.3440783588
nicolo casale__1998-02-14,,,,6409392.439463815,6409392.439463815,
nicolo cavuoti__2003-04-04,,,,672397.449776099,672397.449776099,4565.510912401675
nicolo fagioli__2001-02-12,,,,12486657.199123744,12488177.30686629,206942.12309088043
nicolo rovella__2001-12-04,,,,23606936.167963296,23553492.063262217,944071.8446983594
nicolo savona__2003-03-19,,,,13693333.225147318,13693333.225147318,
nicolo tresoldi__2004-08-20,Nicolò Tresoldi,FWD,7750000.000000002,5674713.619042501,5797721.18658079,447570.23797975027
nicolo zaniolo__1999-07-02,Nicolò Zaniolo,MID,16999999.999999974,5605138.766998847,5340953.771116369,467900.328006789
nidal celik__2006-07-17,,,,957552.2285707532,924879.6582257373,59781.433197342216
niek schiks__2004-02-03,,,,554472.8603832775,554472.8603832775,48901.9135573383
niels devalckeneer__2004-05-17,,,,291569.83206919587,291569.83206919587,8465.425917368058
niels martens__2004-05-07,,,,191181.1095598921,191181.1095598921,4715.466644682949
niels nkounkou__2000-11-01,,,,4315120.801446433,4315120.801446433,326431.3691029416
nigel lonwijk__2002-10-27,,,,1217431.1935110316,1217431.1935110316,12547.796500758239
nigel ogidi nwankwo__1998-08-04,Nigel Ogidi Nwankwo,DEF,249999.9999999998,285778.3342134678,286706.67858516145,16420.432396856406
nihad mujakic__1998-04-15,,,,1078397.6976394998,1097842.1909302035,56157.62215345698
nik prelec__2001-06-10,,,,2189240.967019713,2114755.668223141,155005.32594295262
nikita contini__1996-05-21,,,,1085423.6817082195,1085423.6817082195,
nikita haikin__1995-07-11,,,,3195040.9567947397,3195040.9567947397,476907.1571228928
niklas dorsch__1998-01-15,,,,4186983.784585843,4188331.556461203,51229.090903809585
niklas hauptmann__1996-06-27,,,,1470119.9870999104,1479094.0326680446,120078.02185089413
niklas hult__1990-02-13,,,,458186.3980165029,460966.735592218,8383.176324349966
niklas kolle__1999-11-17,,,,492190.20677481045,489831.23974623595,23353.626172111803
niklas lomb__1993-07-28,,,,421304.9260882883,433921.3814779392,31913.618795840786
niklas pyyhtia__2003-09-25,,,,2372015.81338266,2348616.1319462224,129712.04103505824
niklas schmidt__1998-03-01,,,,2518822.29678573,2464369.210063682,177218.73779207573
niklas sule__1995-09-03,,,,13444876.156234074,13444876.156234074,315431.3526505875
niklas vesterlund__1999-06-06,,,,1133197.7254435057,1132710.2324822487,104039.90410635737
niklas wiemann__1999-02-23,,,,597853.4270101166,603660.0017713613,20961.983994132264
niko hamalainen__1997-03-05,,,,550458.9034444889,558913.2134613581,35849.1052168042
nikola cavlina__2002-06-02,,,,1303723.9290064313,1257663.5098999855,132722.5966210315
nikola katic__1996-10-10,,,,1783965.5616728105,1783965.5616728105,43976.281186644104
nikola krstovic__2000-04-05,,,,13249411.436010417,13249411.436010417,593985.4139430053
nikola maras__1995-12-19,,,,1020164.1639090453,1020326.8545278162,47508.48247850247
nikola milenkovic__1997-10-12,Nikola Milenković,DEF,30250000.000000015,30576908.71910188,30576908.71910188,1664783.3823500418
nikola mileusnic__1993-07-17,,,,237814.08240494537,272460.52314681857,60021.699387375025
nikola mituljikic__2003-01-20,,,,985562.0991265486,986754.6325700963,169117.22183508816
nikola moro__1998-03-12,Nikola Moro,MID,5500000.000000001,6654528.245731774,6654528.245731774,494970.3774827981
nikola sekulov__2002-02-18,,,,1160543.2454969988,1197376.5439744901,122145.07266644608
nikola stojanovic__1995-02-17,Nikola Stojanović,MID,195000.00000000006,130993.02764480362,136753.84674823872,15675.218077579699
nikola storm__1994-09-30,,,,3231099.835194924,3231099.835194924,246576.09693852754
nikola stulic__2001-09-08,,,,3199211.7041665334,3267710.7048243396,195824.89488743342
nikola vlasic__1997-10-04,,,,18725572.964775413,18725572.964775413,360350.902405712
nikolai alho__1993-03-12,,,,594589.5878316242,589262.7786148179,25684.276666452795
nikolai baden frederiksen__2000-05-18,,,,627296.2520181114,619842.0055451387,20021.949683010345
nikolai hopland__2004-07-24,,,,1792937.6294648545,1792937.6294648545,
nikolaos athanasiou__2001-03-16,Nikolaos Athanasiou,DEF,1150000.0000000005,1719117.304878416,1719117.304878416,30455.872450959894
nikolaos vergos__1996-01-13,,,,610774.593497551,610774.593497551,44734.75877995531
nikolas agrafiotis__2000-04-25,Nikolas Agrafiotis,FWD,737500.0000000005,727628.9382250339,727925.9826857736,14000.80647171938
nikolas dyhr__2001-06-18,,,,1696355.9795670938,1715386.797215506,120574.43106962572
nikolas ioannou__1995-11-10,,,,1406155.542882573,1415512.6654979885,24161.398914032532
nikolas nartey__2000-02-22,Nikolas Nartey,DEF,1450000.0000000002,2384834.0187004837,2407763.729296114,73668.43051488843
nikolas sattlberger__2004-01-18,,,,3390502.6564006517,3390502.6564006517,
nils de wilde__2003-01-27,,,,1246481.0016538585,1246481.0016538585,
nils rossen__2004-08-01,,,,1128983.964594502,1128983.964594502,3008.293546320967
nils zatterstrom__2005-03-29,,,,1058405.6253513705,1085894.7725440431,104820.08455987343
nilson angulo__2003-06-19,,,,3789720.0920468136,3903262.8598824413,381616.9819300058
nnamdi ofoborh__1999-11-07,,,,430325.5584353108,422555.0284185418,51175.636643366845
noa lang__1999-06-17,,,,22624547.69768247,22624547.69768247,2084198.9536747474
noah adedejisternberg__2005-06-19,,,,3357972.1974686026,3305828.365428027,262596.5912215063
noah atubolu__2002-05-25,,,,13861909.888133679,13935670.258829698,1138858.8477822614
noah cadiou__1998-10-26,,,,2285563.7508823243,2285563.7508823243,
noah edjouma__2005-10-04,Noah Edjouma,MID,2499999.9999999995,1685957.2546500128,1685957.2546500128,
noah fatar__2002-02-15,,,,477822.538404715,477822.538404715,11830.504798978662
noah ganaus__2001-01-19,,,,1212903.3525045826,1212903.3525045826,130301.55356647662
noah jean holm__2001-05-23,,,,1204782.2986370288,1204782.2986370288,122710.23469384956
noah katterbach__2001-04-13,,,,1743308.572970115,1730299.7516779006,86212.66831581604
noah konig__2003-05-17,,,,540193.8223457874,540193.8223457874,6912.682995266484
noah lahmadi__2005-01-05,,,,566681.9658949818,565792.8605005203,20476.24236759435
noah loosli__1997-01-23,,,,1031271.2349338403,1031271.2349338403,73364.91653479538
noah mbamba__2005-01-05,,,,1662828.5464182072,1662828.5464182072,
noah nartey__2005-10-05,Noah Nartey,MID,1350000.0,1940827.7648828947,1894152.9774317099,148591.65037882066
noah naujoks__2002-05-02,,,,1068159.6989306116,1078554.5343811198,18908.33586274533
noah ohio__2003-01-16,,,,1758408.3548074646,1760968.5173315823,66511.99352131132
noah okafor__2000-05-24,,,,12127189.335923806,12081608.075476982,314567.9809245497
noah raveyre__2005-06-22,,,,797372.3396914396,799033.7639998016,20749.886672834065
noah sadiki__2004-12-17,,,,25159560.473997563,25572919.958707232,2404221.4770377907
noah shamoun__2002-12-08,Noah Shamoun,MID,512499.9999999997,394436.9975232228,379740.650946232,80378.6762036447
nobel mendy__2004-09-03,,,,4373925.996825882,4373925.996825882,18719.153222896188
nodar lominadze__2002-04-04,,,,840566.2531485938,832806.0435846411,29102.917228603314
noe dussenne__1992-04-07,,,,972197.3256550547,972197.3256550547,95885.02627123077
noe lebreton__2004-04-22,,,,1126413.4700065032,1161576.2671813408,62469.1218184545
noe sow__1998-12-18,,,,481082.44675052783,494728.74979688314,29166.623231827667
noel aseko__2005-11-22,Noël Aséko,MID,1924999.9999999995,2256331.1604227195,2256331.1604227195,123728.16436944786
noham kamara__2007-01-22,Noham Kamara,DEF,1499999.9999999986,1520939.5527209889,1572319.3627328663,99527.96072588174
nohan kenneh__2003-01-10,,,,542430.6727313544,553962.709967318,32019.454840838578
noni madueke__2002-03-10,,,,41837471.154797174,41353439.46196,1238891.222524514
nordan mukiele__2006-02-12,,,,947957.8068157674,947957.8068157674,11971.143169396486
nordi mukiele__1997-11-01,,,,19887483.237249054,20061210.185675945,382702.44599623635
nordin bakker__1997-10-31,,,,621969.9770852609,621969.9770852609,796.0321325833879
nordin bukala__2005-09-18,Nordin Bukala,MID,737500.0000000005,864393.6738302633,877244.7146292708,35065.19046081773
nordin jackers__1997-09-05,,,,1453254.1388644814,1453254.1388644814,108046.41900682852
nordine kandil__2001-10-31,,,,1767378.8410961353,1767378.8410961353,134204.40703812963
nouha dicko__1992-05-14,Nouha Dicko,FWD,637500.0000000003,960824.9737040817,955050.0716928113,66772.55878977706
noussair mazraoui__1997-11-14,Noussair Mazraoui,DEF,21250000.000000034,23354004.58656758,22746296.12046124,2771548.3646995975
novatus miroshi__2002-09-02,,,,2042057.6625795893,2130849.927673248,381647.2764647181
nunzio lella__2000-07-28,,,,1166413.8325199266,1166413.8325199266,32475.809609869444
nurettin korkmaz__2002-06-27,,,,312603.5665177017,309374.0864123445,22269.210753484585
obed nkambadio__2003-02-07,,,,5342348.655240484,5290376.792637891,147616.42360189394
obed vargas__2005-08-05,,,,4171276.9437950044,4171276.9437950044,
obinna nwobodo__1996-11-29,Obinna Nwobodo,MID,2750000.0,2705493.9398639305,2718835.034676116,169015.99482302388
odilon kossounou__2001-01-04,Odilon Kossounou,DEF,24500000.000000007,30272593.302487116,28115695.958557826,4073437.732921013
odin bailey__1999-12-08,,,,736388.7759024755,736388.7759024755,
odsonne edouard__1998-01-16,,,,6650416.119945579,6572646.599825444,381069.47606672166
odysseas vlachodimos__1994-04-26,Odysseas Vlachodimos,GK,5750000.000000005,4190459.4580970407,4190459.4580970407,772496.1994034635
odysseus velanas__1998-06-05,Odysseus Velanas,MID,700000.0000000006,671698.060175024,762111.0350900311,236419.3752862177
ofosu boakye__2007-07-10,,,,276649.03232714225,276649.03232714225,44289.815241798795
ogulcan ulgun__1998-05-11,Oğulcan Ülgün,MID,974999.9999999999,735271.7182205868,735271.7182205868,
ogun bayrak__1998-10-10,Ogün Bayrak,DEF,999999.9999999997,1359291.5124087958,1349197.7523402749,78412.83919657573
ogun ozcicek__1999-01-24,,,,937885.4815231613,937885.4815231613,
oguz aydn__2000-10-27,,,,10831749.94666391,11215184.023463659,903504.0789696802
ohi omoijuanfo__1994-01-10,Ohi Omoijuanfo,MID,1200000.0000000005,616489.2207960044,616489.2207960044,16156.49661694012
okan kocuk__1995-07-27,,,,1807323.9963444911,1787854.0285196728,215107.46503928298
okay yokuslu__1994-03-09,,,,3401053.3444785564,3265312.7070504827,723514.3161436553
ola aina__1996-10-08,,,,17193378.416802634,18453561.106368665,2501133.9551146817
ola brynhildsen__1999-04-27,,,,2208744.736346995,2208744.736346995,14342.460517405745
ola solbakken__1998-09-07,,,,1274715.4587092572,1274715.4587092572,56104.64944353589
ole pohlmann__2001-04-05,,,,3112393.148156013,3065218.2752519404,137642.29366435256
ole romeny__2000-06-20,Ole Romeny,MID,1050000.0000000007,1382306.943447366,1382306.943447366,132744.75929850023
oleksandr nazarenko__2000-02-01,,,,1675498.424698091,1675498.424698091,33352.11294882658
oleksandr pikhalyonok__1997-05-07,,,,6237379.304337932,6237379.304337932,
oleksandr romanchuk__1999-12-16,,,,1847879.2586676027,1847879.2586676027,110968.43220644422
oleksandr safronov__1999-06-11,Oleksandr Safronov,DEF,324999.9999999999,450055.5367199224,450055.5367199224,
oleksandr svatok__1994-09-27,,,,1266998.6846838053,1266998.6846838053,
oleksandr syrota__2000-06-11,,,,1311189.9895077096,1323318.6948846544,38799.46516406025
oleksandr tymchyk__1997-01-20,,,,2231355.857805729,2231355.857805729,75840.8261190821
oleksandr yatsyk__2003-01-03,,,,2753031.003691596,2753031.003691596,7026.224472998039
oleksandr zinchenko__1996-12-15,Oleksandr Zinchenko,DEF,12249999.999999987,9934501.491592372,10114970.384693176,1388172.2356240724
oleksandr zubkov__1996-08-03,Oleksandr Zubkov,MID,10499999.999999994,11980243.00781525,13336877.950039456,2659336.1671418
oli mcburnie__1996-06-04,Oli McBurnie,FWD,4349999.999999996,5823851.004431106,6015562.496416312,777318.2199179074
oliver abildgaard__1996-06-10,,,,1419071.380020905,1419071.380020905,29120.397762011708
oliver antman__2001-08-15,,,,7036234.846852065,7036234.846852065,
oliver arblaster__2004-01-08,,,,3704538.0942771947,3704538.0942771947,746548.0871126512
oliver batista meier__2001-02-16,,,,1770194.683128734,1713287.6346695318,114687.87924913329
oliver baumann__1990-06-02,,,,4473422.32496812,4473422.32496812,648398.5617257364
oliver braude__2004-02-21,,,,2102249.0268497537,2105818.7760342835,108418.3142469236
oliver bundgaard__2001-06-15,,,,1112774.5372492182,1112774.5372492182,
oliver burke__1997-04-07,,,,2706155.1276581055,3138220.88208922,995722.8458583696
oliver christensen__1999-03-22,Oliver Christensen,GK,1699999.9999999988,1728486.8979164006,1788680.048214233,306142.3517207576
oliver edvardsen__1999-03-19,,,,3528140.1755761504,3528140.1755761504,
oliver hjer__2007-01-24,,,,314763.75669421756,314763.75669421756,4571.764598763812
oliver norwood__1991-04-12,,,,910833.4305671478,910833.4305671478,114333.97734587855
oliver olsen__2000-08-13,,,,2451583.429800791,2411189.3935801038,114135.55089417388
oliver provstgaard__2003-06-04,,,,1839599.6867797605,1760815.18406237,206383.07674022703
oliver scarles__2005-12-12,Oliver Scarles,DEF,5650000.000000001,4852753.405584792,4935288.140802173,460643.92682468536
oliver skipp__2000-09-16,,,,5844959.28872415,6251409.394536141,731163.9651903635
oliver sonne__2000-11-10,,,,2928557.406802943,2928557.406802943,74570.53187722721
oliver sorg__2007-07-31,,,,323166.3884934251,323166.3884934251,
oliver srensen__2002-03-10,Oliver Sørensen,MID,6350000.0,5023281.636828835,5122966.237920317,521231.3869308544
oliver villadsen__2001-11-16,,,,1167050.1720378825,1183052.489118837,33316.55272002824
oliver zanden__2001-08-14,,,,1167093.3553543175,1167093.3553543175,
olivier aertssen__2004-08-07,,,,1150725.6867389518,1157563.3149063624,24168.12699091424
olivier boscagli__1997-11-18,Olivier Boscagli,DEF,16500000.000000013,18856662.65554704,18553244.115003046,753794.4073897621
olivier deman__2000-04-06,,,,2339648.2952274275,2375676.3072197298,237474.38189880186
olivier giroud__1986-09-30,Olivier Giroud,FWD,3149999.9999999995,5675656.639853561,5620319.104266127,260730.73572712883
olivier kemen__1996-07-20,,,,2082404.9855480439,2106173.509248127,122393.8088865005
olivier ntcham__1996-02-09,,,,3723944.2750192517,3723944.2750192517,137934.01995257742
oliwier zych__2004-06-28,,,,1175433.9062090302,1182951.86651861,38783.10386477756
ollie oneill__2003-01-08,,,,917517.7886119457,907402.4622071218,39974.94455532597
ollie watkins__1995-12-30,,,,33493797.35959378,33493797.35959378,4785394.569429618
oluwaseun adewumi__2005-02-23,,,,614567.9054710745,629716.9583863986,57674.67338926473
omar alderete__1996-12-26,,,,19528193.4298847,19528193.4298847,
omar bogle__1993-07-26,,,,266499.71620300744,264044.9384746423,20134.08095738845
omar fayed__2003-07-04,,,,1218736.270239407,1123992.4564160611,175102.84994781998
omar marmoush__1999-02-07,,,,36811768.805135064,33549135.483629186,7669509.264412973
omar richards__1998-02-15,,,,2481497.728390967,2528201.370677568,162971.09887910998
omari forson__2004-07-20,Omari Forson,MID,1849999.9999999995,1238175.13341511,1247181.6014816596,19453.09556869066
omer ali sahiner__1992-01-02,,,,718257.761429537,724256.7818673332,23250.949022967772
omer hanin__1998-05-14,,,,244413.94889231437,251154.2864566738,31113.714622243177
omri gandelman__2000-05-16,,,,3150954.1405554763,3148954.648170796,49003.722494203736
ondrej duda__1994-12-05,Ondrej Duda,MID,4000000.0000000005,3837580.416364458,3957168.5702167554,333147.4680840939
ondrej lingr__1998-10-07,,,,1926220.5881295188,1930891.9821551172,62170.47611770005
onel hernandez__1993-02-01,,,,1270469.7488293378,1250728.104840802,87498.64034003293
onur bulut__1994-04-16,,,,1100647.3149363145,1145701.4402809136,94472.10478284337
onur ergun__1992-11-15,Onur Ergün,MID,487499.9999999996,800089.4720153156,792463.4913035261,29827.51932387763
onuralp cevikkan__2006-01-02,Onuralp Çevikkan,GK,899999.9999999995,804115.0160762771,807798.499961655,24900.41485554898
or israelov__2004-09-02,,,,461915.0362389558,461915.0362389558,13448.572217016912
orbelin pineda__1996-03-24,,,,7258993.159522301,7258993.159522301,1244604.098131861
orel mangala__1998-03-18,,,,9128476.459585888,9238749.930338502,352473.0934446832
orest lebedenko__1998-09-23,,,,1152773.7205085424,1152773.7205085424,78857.88580588815
orestis kiomourtzoglou__1998-05-07,,,,700555.5891496515,700555.5891496515,29538.271782131895
orji okwonkwo__1998-01-19,,,,931386.4288706885,931386.4288706885,
orkun kokcu__2000-12-29,,,,37000817.98056632,37979157.62927339,5244536.677880612
orri oskarsson__2004-08-29,Orri Óskarsson,FWD,9249999.999999987,7621006.857944779,7504113.836251041,300590.0907723628
ortwin de wolf__1997-04-23,,,,1842460.99135646,1842460.99135646,112463.52667775624
osame sahraoui__2001-06-11,,,,12049005.536391828,12049005.536391828,888465.1173915932
osaze de rosario__2001-07-19,,,,299929.2838341409,302439.67492228514,14383.45212097527
osaze urhoghide__2000-07-04,,,,1596348.9247888187,1596348.9247888187,114121.17945411525
oscar bobb__2003-07-12,Oscar Bobb,MID,20999999.99999998,17504004.148157008,17954064.009018615,3440818.1843944266
oscar cortes__2003-12-03,Óscar Cortés,MID,2700000.0,1668392.2658530858,1745123.491975809,137304.4558782425
oscar gloukh__2004-04-01,,,,16822356.81498662,16968134.359812133,1528834.9870735707
oscar hedvall__1998-08-09,,,,698927.0444178196,705738.5822525433,34625.451049472875
oscar hjlund__2005-01-04,Oscar Højlund,MID,6999999.999999995,6599560.726113722,6794131.73236336,475039.1823883748
oscar perea__2005-09-27,,,,1730186.134620352,1730186.134620352,96271.45425338809
oscar pettersson__2000-02-01,Oscar Pettersson,MID,700000.0000000006,803191.3550502437,803191.3550502437,40470.26875485179
oscar priestman__2003-03-25,,,,831378.9101393727,835085.9487067219,25498.180837383665
oscar schonfelder__2001-02-05,Oscar Schönfelder,DEF,537500.0000000003,594916.0047983528,612489.2319893382,29702.46961057935
oscar schwartau__2006-05-17,,,,1724888.4285691716,1724888.4285691716,80539.02545962519
oscar trejo__1988-04-26,,,,701102.330819929,686227.70728321,51426.817211006426
oscar uddenas__2002-08-17,,,,762033.9973188649,762033.9973188649,90849.99903405528
oscar ustari__1986-07-03,,,,152266.83152510997,152832.94246021155,12139.594732939006
oscar vilhelmsson__2003-10-02,Oscar Vilhelmsson,FWD,2150000.0,1649509.8908542995,1734757.487037336,195975.72828183882
oskar annell__2005-02-15,,,,171107.3347237496,171107.3347237496,11903.781358537366
oskar boesen__2005-05-05,,,,647203.814616525,651569.7547639967,40184.56317712422
oskar fallenius__2001-11-01,,,,1274609.916263899,1276751.9608289853,58037.40641967303
oskar pietuszewski__2008-05-20,,,,1668659.7950332642,1668659.7950332642,
oskar sivertsen__2004-02-15,Oskar Sivertsen,MID,950000.0000000008,865412.3450948398,870297.6071402848,51054.28162817569
oskar zawada__1996-02-01,Oskar Zawada,FWD,825000.0000000006,1011026.5892877294,984308.7373015076,54171.37160651992
osman bukari__1998-12-13,,,,1994636.5536500365,1994636.5536500365,133586.99192151168
otar kakabadze__1995-06-27,Otar Kakabadze,DEF,950000.0000000008,1120637.4837725502,1120637.4837725502,12492.39930263337
otar mamageishvili__2003-01-15,,,,1128204.8891454756,1128204.8891454756,
othmane maamma__2005-10-06,,,,1582246.6584840005,1559547.6839806777,48957.627058518934
otto stange__2007-02-09,Otto Stange,MID,2000000.0000000016,927160.4704407993,938251.8152368839,51475.99947377928
oumar diakite__2003-12-20,Oumar Diakité,FWD,5250000.0,4987893.015028069,4987893.015028069,469127.6797488712
oumar ngom__2004-03-09,,,,1202574.0102776156,1234076.759397028,190894.60403701302
oumar solet__2000-02-07,,,,18839851.85438944,18445844.141291283,932411.0523651188
ousmane camara__2001-11-03,,,,872280.4864475749,939251.1522175102,169749.75294135886
ousmane camara__2003-03-06,,,,3261871.8815732975,3261871.8815732975,
ousmane dembele__1997-05-15,,,,99013388.52050397,107842149.54888675,24391045.32371495
ousmane diao__2004-06-08,Ousmane Diao,DEF,4449999.999999997,3880440.8652611026,4045636.6043310147,339994.70368030283
ousmane diomande__2003-12-04,,,,26504716.64323754,26420168.07783072,1108813.0825699584
ousmane sow__2000-07-05,,,,1699155.987015377,1703687.2230814197,62649.947764027114
ousmane toure__2005-02-18,,,,1135438.3683373313,1115804.7632336502,78049.67130522341
oussama el azzouzi__2001-05-29,,,,1570652.8469264223,1564770.9225751217,107747.77681600426
oussama targhalline__2002-05-20,,,,7588908.131337679,7377698.329882823,480643.76712969516
ousseynou ba__1995-11-11,Ousseynou Ba,DEF,3049999.999999998,2859306.5159320477,2859306.5159320477,
ousseynou niang__2001-10-12,,,,4421772.087765313,4667617.864759276,565096.9868113068
ovie ejaria__1997-11-18,,,,328669.9287132045,328669.9287132045,
ovie ejeheri__2003-04-23,,,,486314.8285922251,495762.21641100233,56725.70669588555
owen beck__2002-08-09,,,,3322362.7748918934,3322362.7748918934,621736.7184717575
owen dodgson__2003-03-19,,,,723436.6348680921,732820.7968301314,57942.96481044011
owen elding__2006-03-07,,,,874842.9990442122,883396.150786103,77968.86950881055
owen jochmans__2003-01-28,,,,235117.92392366382,238464.7585396974,6453.373533912075
owen maes__1998-09-24,,,,715059.9244238903,715059.9244238903,4782.612083779718
owen wijndal__1999-11-28,Owen Wijndal,DEF,3149999.9999999995,2387160.7728395765,2377935.286300378,74233.04101108607
owura edwards__2001-04-10,,,,428165.6022624637,436060.4354803945,24573.470016174284
ozan kabak__2000-03-25,,,,6423546.28011124,6423546.28011124,956029.3836020242
ozan kokcu__1998-08-18,,,,685777.9738420394,685189.4180318508,78542.84387539855
pablo galdames__1996-12-30,,,,1185130.0287234092,1218660.8229291583,74078.9902548783
pablo pagis__2002-12-29,,,,2288300.206682664,2288300.206682664,751491.1900687267
pablo rosario__1997-01-07,,,,10101661.92583319,10507419.481505657,859535.8566800008
pablo sabbag__1997-06-11,,,,1677943.771085724,1713770.9526293708,201000.70297775292
pachanga kristensen__2006-12-07,,,,270484.09935703827,260399.45045062393,18750.79703627668
paddy barrett__1993-07-22,,,,400002.2222793305,402275.4310280874,11836.730006476819
paddy mcnair__1995-04-27,,,,2235452.0652378593,2224416.420421843,33066.02780247227
pal alexander kirkevold__1990-11-10,,,,351617.6795953582,354732.0242486864,22270.467546120246
panagiotis retsos__1998-08-09,,,,10268141.102693822,10268141.102693822,
panos katseris__2001-07-05,Panos Katseris,DEF,2449999.9999999995,2343200.0815417217,2343200.0815417217,70379.93980297357
pantelis hatzidiakos__1997-01-18,,,,2175985.575856417,2210139.460663572,70446.76241924721
paolo ghiglione__1997-02-02,,,,1031327.428210401,1029269.6442887015,10773.428637952195
papa amadou diallo__2004-06-25,,,,2199508.8942943406,2284524.638646315,245736.42262089392
pape demba diop__2003-09-04,,,,2846379.586675198,2846379.586675198,58739.34469863796
pape gueye__1999-01-24,,,,15942056.77904163,15942056.77904163,
pape habib gueye__1999-09-20,,,,1463903.0569670382,1463903.0569670382,110772.17572338381
pape matar sarr__2002-09-14,,,,41620359.65739858,40732878.837638,3769259.3520812434
pape moussa fall__2004-07-04,,,,762337.6493541595,762337.6493541595,
pape sy__1997-05-02,Pape Sy,GK,474999.99999999977,545381.134915781,550338.3902683745,27164.59513711833
parfait bizoza__1999-03-03,,,,507050.21203468414,498311.5264503421,43690.27298273576
paris brunner__2006-02-15,,,,1452898.8694271403,1452898.8694271403,59486.97821537805
paris maghoma__2001-05-08,,,,1357730.9400406096,1368319.8039395595,68796.60647990016
pascal gregor__1994-02-18,,,,419915.94403077645,418559.36174450605,9360.500987691717
pascal gro__1991-06-15,,,,5826028.685044675,6125539.316099158,713169.3781608879
pascal klemens__2005-02-23,,,,2142883.760490897,2142883.760490897,
pascal kuiper__2004-03-17,,,,231503.2553670375,231503.2553670375,6757.2835196653205
pascal stenzel__1996-03-20,,,,1558755.6959728694,1558755.6959728694,107866.63981721025
pascal struijk__1999-08-11,,,,11529234.431335725,11734238.956925867,463268.65777434263
pasquale mazzocchi__1995-07-27,,,,1909545.839006997,1875530.749027585,66828.17044628269
pathe ciss__1994-03-16,,,,7321029.529692817,7310091.852623759,418554.90836778545
pathe mboup__2003-10-19,,,,3467675.7490828778,3467675.7490828778,148008.34518054535
patric pfeiffer__1999-08-20,,,,1719701.1103021633,1719701.1103021633,112099.27717723303
patrick bamford__1993-09-05,,,,2533619.787310093,2392786.3191520995,290344.2864725878
patrick bauer__1992-10-28,Patrick Bauer,DEF,487499.9999999996,300939.13466807205,300939.13466807205,18048.967602456694
patrick berg__1997-11-24,,,,10321125.660613086,10321125.660613086,2490854.9763169037
patrick brouwer__2001-03-19,,,,528117.129008014,528117.129008014,7862.237574744489
patrick cutrone__1998-01-03,,,,5997079.665691916,6099379.711508233,305130.21828940086
patrick dorgu__2004-10-26,,,,9727016.995774167,9727016.995774167,
patrick drewes__1993-02-04,,,,841426.5584778201,841426.5584778201,
patrick egelund__2000-08-02,,,,479645.2717185904,479645.2717185904,12232.822055489036
patrick enrici__2001-05-02,,,,555734.3585975432,556283.5066155385,5612.499339952561
patrick erras__1995-01-21,,,,803995.0392999212,811517.1508195134,13138.31544523618
patrick kammerbauer__1997-02-11,,,,582492.1687460338,583213.988616671,8544.262598232906
patrick mainka__1994-11-06,Patrick Mainka,DEF,4500000.000000002,5270926.384381117,5135012.11663935,309199.6424541222
patrick mortensen__1989-07-13,,,,751721.1788669223,713079.0585178352,84746.72705451517
patrick pentz__1997-01-02,,,,1807450.8615825465,1815990.221113534,54113.910983642316
patrick pflucke__1996-11-30,Patrick Pflücke,MID,2900000.0000000014,3535116.610729034,3780333.657674687,581144.2074581616
patrick roberts__1997-02-05,Patrick Roberts,MID,2800000.000000002,2539704.6323163738,2530900.1357443887,260835.05709421748
patrick sussek__2000-02-08,,,,729874.3348127578,729874.3348127578,64791.642592238306
patrick twumasi__1994-05-09,Patrick Twumasi,MID,749999.9999999998,597883.1559256788,589233.7996949892,68111.27731596038
patrick van aanholt__1990-08-29,Patrick van Aanholt,DEF,625000.0000000002,701778.8384040644,701778.8384040644,75119.65530858643
patrick wimmer__2001-05-30,,,,16980121.025555603,17189487.049167342,1228861.0188428531
patrik carlgren__1992-01-08,,,,706061.3364418687,711095.7543528075,123137.51121722827
patrik gunnarsson__2000-11-15,,,,911569.9011719078,911569.9011719078,502068.87914025
patrik mijic__1998-11-04,,,,962617.8581966143,960421.5518406649,71637.07173101095
patrik schick__1996-01-24,,,,46467633.26818968,46868274.666195646,4842340.381122201
patrik walemark__2001-10-14,Patrik Wålemark,MID,2750000.0,2282376.7906036247,2282376.7906036247,14414.710417793884
patrizio masini__2001-01-27,,,,1550946.4533479386,1550946.4533479386,122776.13588172443
patryk dziczek__1998-03-25,,,,1227157.908942783,1230628.1457635642,20036.38884071419
patryk klimala__1998-08-05,Patryk Klimala,FWD,1849999.9999999995,990770.7382611998,1075080.6859079446,213786.92373071902
patryk szysz__1998-04-01,Patryk Szysz,MID,775000.0000000007,602084.4701622046,677657.737664571,162489.45620665498
patson daka__1998-10-09,Patson Daka,FWD,8249999.9999999935,2045837.9769474338,2020941.6618435802,116612.4794242758
paul argney__2006-05-23,,,,491413.74602898664,491413.74602898664,
paul bernardoni__1997-04-18,,,,1471942.4418211377,1466581.4658317908,51762.54437911919
paul gladon__1992-03-18,,,,445178.7776388198,445178.7776388198,4203.38331527931
paul izzo__1995-01-06,,,,1128234.2888853392,1126302.25203054,44141.54441843495
paul joly__2000-06-07,Paul Joly,DEF,2100000.000000001,2891139.844708224,2795553.240483905,284228.2574280372
paul mcginn__1990-10-22,,,,197553.6019382252,197553.6019382252,16965.750716483097
paul nebel__2002-10-10,,,,16336366.471425524,16336366.471425524,1215876.9134860137
paul onuachu__1994-05-28,,,,5994547.214253326,5914771.589556317,461022.1832445741
paul pogba__1993-03-15,,,,7842363.09471304,7810306.332528307,186944.48485843962
paul reverson__2005-06-20,,,,768528.5753739332,763425.9212717137,31515.25269276639
paul seguin__1995-03-29,,,,1688797.2022062417,1688797.2022062417,
paul wanner__2005-12-23,Paul Wanner,MID,11749999.999999994,6644594.356343778,6712148.386222433,793197.1400566689
paul will__1999-03-01,,,,928041.2580242241,918413.9021580331,29064.625656847238
paulo dybala__1993-11-15,,,,31454080.3211084,32951126.894337915,4984901.859264139
paulo gazzaniga__1992-01-02,Paulo Gazzaniga,GK,3299999.9999999986,3000568.3742817384,2998550.6352371625,149249.24842722135
paulos abraham__2002-07-16,,,,2196533.6672077426,2196533.6672077426,210454.29899740053
pavao pervan__1987-11-13,,,,280580.1600951577,262075.17322438728,44702.35719234288
pavel kaderabek__1992-04-25,,,,2146900.9834858472,2125796.6288621183,53003.30947884829
pavel sulc__2000-12-29,,,,14991095.353135416,17108857.15615874,3900139.6544251572
pavlo isenko__2003-07-21,,,,1607002.5049419955,1607002.5049419955,12234.836570967977
pavlos pantelidis__2002-09-16,,,,1918592.5851595278,1906452.123225229,36182.625751526444
paxten aaronson__2003-08-26,,,,10124973.759242455,10124973.759242455,
pedro bravo__2004-11-26,Pedro Bravo,MID,1949999.999999999,2361050.1725368514,2361050.1725368514,33152.175469745234
pedro silva torrejon__1997-01-25,,,,1755119.0013738472,1742950.7263415903,77926.53399624735
peer koopmeiners__2000-05-04,,,,4460161.213374993,4460161.213374993,
pelle clement__1996-05-19,Pelle Clement,MID,950000.0000000008,1346402.0603275446,869221.9879287516,1143335.7041797603
pelle mattsson__2001-08-04,,,,3137530.9888935457,3054927.153780504,163699.11637329147
pepijn reulen__2008-06-01,,,,430450.2228246609,429765.2582603434,29160.783907759123
percy liza__2000-04-10,,,,756477.78746418,753542.9911616057,86529.25265366996
perr schuurs__1999-11-26,,,,10669003.708876373,9986094.908942038,1434533.2960674039
pervis estupinan__1998-01-21,Pervis Estupiñán,DEF,19499999.99999998,16605452.883749118,17413861.434050407,1829007.3431861892
petar filipovic__1990-09-14,,,,269507.3852796122,262871.6658553524,15446.014841884898
petar musa__1998-03-04,,,,8081514.059960879,8081514.059960879,
petar ratkov__2003-08-18,,,,3112026.2877579057,3107295.664354231,174579.88358431938
petar stojanovic__1995-10-07,Petar Stojanović,DEF,1249999.999999999,1309077.984355653,1290656.434306444,46881.38656956089
petar sucic__2003-10-25,,,,14429213.873368546,14817135.903700536,1167699.983099556
peter ankersen__1990-09-22,Peter Ankersen,DEF,375000.00000000006,440001.4183863553,442744.7398290501,15681.398919034384
peter gulacsi__1990-05-06,,,,5870937.744278841,5434961.871571271,1041972.4807686473
peter therkildsen__1998-06-13,Peter Therkildsen,DEF,649999.9999999995,801512.9127374231,803687.780644934,9524.683527912743
petko hristov__1999-03-01,Petko Hristov,DEF,1200000.0000000005,1310119.191303398,1295374.0803074106,68903.18644312421
petros bagalianis__2001-02-06,,,,449977.9480549289,452913.1170393482,16341.037133165946
phil foden__2000-05-28,,,,67559106.68253382,69665373.76476245,12425348.55059821
phil neumann__1997-07-08,,,,2818503.0096419724,2818503.0096419724,145965.38846247635
philip billing__1996-06-11,,,,9054450.393111976,8789012.228156608,1094750.2359980822
philip brittijn__2004-04-09,,,,1612282.2403119246,1621590.038279577,40689.05955658877
philip otele__1999-04-15,Philip Otele,MID,3799999.9999999995,3437847.1599934674,3437847.1599934674,89712.94179375099
philip zinckernagel__1994-12-16,,,,6857075.423559452,6611397.001074713,1451795.7283982034
philipp hofmann__1993-03-30,,,,1699116.9554356341,1699116.9554356341,
philipp kohn__1998-04-02,,,,8241281.834466631,8241281.834466631,151875.0150114771
philipp sander__1998-02-21,,,,5545492.242224879,5568844.935341752,354541.6027177274
philipp schulze__2003-01-29,,,,1076701.6074879006,1071800.8383014826,31700.481149814983
philippe rommens__1997-08-20,Philippe Rommens,MID,2550000.0,1806359.7988563282,1806359.7988563282,
philippe sandler__1997-02-10,,,,4782436.486142908,4782436.486142908,198017.83370439438
phillip cancar__2001-05-11,Phillip Čančar,DEF,387499.99999999977,461525.38759060844,458318.445227425,43109.75560407836
phillip menzel__1998-08-18,,,,852753.9525153884,852753.9525153884,37303.37341976571
phillip tietz__1997-07-09,,,,4007177.415298678,4007177.415298678,142561.27721059625
pierluigi gollini__1995-03-18,,,,2812779.9225206743,2884170.3796730353,203506.62236669
piero hincapie__2002-01-09,,,,51493902.649212494,51493902.649212494,2130139.673554117
pieros sotiriou__1993-01-13,Pieros Sotiriou,FWD,1249999.999999999,868106.4901650929,987970.0408033666,210278.32423117105
pierre dwomoh__2004-06-21,,,,2132774.4794483655,2083231.3586068503,131594.44745144958
pierre kalulu__2000-06-05,,,,30261521.24556223,30625801.435271032,1400203.398014258
pierre landry kabore__2001-07-05,,,,529690.9319778898,529690.9319778898,246415.07662660728
pierre leesmelou__1993-05-25,Pierre Lees-Melou,MID,9750000.000000004,7981618.022967544,7981618.022967544,
pierreemerick aubameyang__1989-06-18,,,,8440417.314838119,8360158.1282163635,243512.34663696168
pierreemile hjbjerg__1995-08-05,,,,22171532.182511505,22040248.78663986,949578.4797132767
pierreyves hamel__1994-02-03,,,,985517.0746890238,943840.563451881,74456.49623368178
pierrick capelle__1987-04-15,,,,247734.76523254786,247734.76523254786,
pieter gerkens__1995-02-17,Pieter Gerkens,MID,999999.9999999997,1260260.611946588,1294157.7607498108,68479.51772299418
pietro ceccaroni__1995-12-21,,,,1489106.8671215852,1489106.8671215852,
pietro comuzzo__2005-02-20,,,,10453011.383727787,10453011.383727787,1464498.046922372
pietro iemmello__1992-03-06,,,,1205450.5481291923,1205450.5481291923,
pietro pellegri__2001-03-17,Pietro Pellegri,FWD,2400000.000000001,1628473.4065093433,1650824.8724638075,52429.62938706813
pietro terracciano__1990-03-08,,,,1548187.1455176407,1573147.130916936,117607.95748716756
pim saathof__2003-12-28,,,,236504.11136927747,241011.30159857034,11697.217766010699
piotr zielinski__1994-05-20,,,,15218777.750002386,14783547.696679488,981255.6869054581
pontus almqvist__1999-07-10,,,,2386866.528956109,2315649.3589650313,144065.7639116684
pontus dahlberg__1999-01-21,,,,844391.2925601332,841004.9541600848,21844.683548838857
pontus jansson__1991-02-13,,,,897916.357735817,911586.8385759542,25314.79119697115
pontus rodin__2000-08-16,,,,938067.8806059404,920759.7862093103,54437.9334531965
poyraz yldrm__2005-01-15,,,,812025.9810253804,793855.0662374867,64661.25195442965
precious ugwu__2006-02-08,Precious Ugwu,DEF,912500.0000000001,1114850.674945173,1034191.5875828315,205823.03696283285
predrag rajkovic__1995-10-31,,,,8953863.913507422,9092968.70259504,295943.42487315973
prince amoako junior__2007-02-19,,,,1880099.2280685147,1845042.9470801195,147995.00223846518
prince ampem__1998-04-13,Prince Ampem,MID,1400000.0000000007,1149571.4995428203,1158418.6768684536,64027.11507005203
prosper obah__2003-11-24,Prosper Obah,MID,2400000.000000001,5048371.619374336,5333214.408428505,1054422.382468375
prosper peter__2007-08-09,,,,1499034.3118004615,1496039.649807911,126619.25678649894
qazim laci__1996-01-19,Qazim Laçi,MID,2649999.999999999,1998404.011994331,2145542.3923170776,299035.8116565786
quentin beunardeau__1994-02-27,Quentin Beunardeau,GK,425000.0000000002,395752.1659745233,395752.1659745233,8295.851975731584
quentin boisgard__1997-03-17,Quentin Boisgard,MID,649999.9999999995,492310.7791275965,492544.2797461613,18520.560758725653
quentin braat__1997-07-06,,,,782525.3394855032,782525.3394855032,
quentin lecoeuche__1994-02-04,,,,402962.0902981635,409109.0299916353,25737.7614185248
quentin merlin__2002-05-16,Quentin Merlin,DEF,13000000.000000013,14174542.265668511,14155030.513961677,207758.69215222518
quentin ndjantou__2007-07-23,,,,3721804.8912624894,3721804.8912624894,
quilindschy hartman__2001-11-14,,,,19444890.088571794,19993311.54509525,2068334.0860677043
quinten timber__2001-06-17,,,,31821860.81553709,31821860.81553709,1631246.3834530304
rabbi matondo__2000-09-09,,,,1579662.9832818946,1579662.9832818946,110997.96042091693
rabby nzingoula__2005-11-25,,,,3253230.177399592,3088195.1839321083,307178.20367275184
rachid ghezzal__1992-05-09,,,,1547125.5861938705,1547125.5861938705,
radek vitek__2003-10-24,Radek Vítek,GK,1949999.999999999,2300806.1798191634,2314726.2026022496,93061.65619800931
radinio balker__1998-09-03,,,,982940.1873226636,982940.1873226636,93760.33135152163
radovan pankov__1995-08-05,,,,870098.8764973918,910705.2390640265,65580.6590039403
radu dragusin__2002-02-03,Radu Drăgușin,DEF,15000000.00000001,10896058.873876305,10859695.945622517,137839.80698921072
raf smekens__2004-01-29,,,,239504.0671017607,239504.0671017607,
raffaele celia__1999-03-04,Raffaele Celia,DEF,612499.9999999997,593366.518941289,585098.7716957125,13757.40870343366
raffaele di gennaro__1993-10-03,,,,555012.0235716973,555012.0235716973,67675.35637665646
raffaele pucino__1991-05-03,,,,446750.34062806837,436365.8560660608,36460.7288565761
raffaele russo__1999-02-25,Raffaele Russo,MID,487499.9999999996,515137.19868363993,515137.19868363993,21670.546537891503
rafik belghali__2002-06-07,,,,1551641.8665267185,1578956.4967753345,66613.70774522041
rafik el arguioui__2005-07-31,,,,430072.60496899346,430072.60496899346,21044.45514823817
rafik guitane__1999-05-26,,,,3809354.79211336,3786015.1575710145,234185.97087816635
rafik messali__2003-04-28,,,,923527.5254184487,923527.5254184487,10437.98539547853
rafiki said__2000-03-15,Rafiki Saïd,MID,2050000.000000001,1892282.7442760016,1969101.9810193332,231181.7177297929
rafiu durosinmi__2003-01-01,Rafiu Durosinmi,FWD,8000000.000000002,11612359.692301858,11612359.692301858,1322768.3864917562
ragnar oratmangoen__1998-01-21,,,,671241.8475459497,670255.4572515937,14503.988198299952
raheem sterling__1994-12-08,,,,12013575.759847866,12013575.759847866,1191835.23425119
rahim alhassane__2002-01-01,,,,2440651.1918949084,2475249.9003850995,259251.33584862747
ramazan civelek__1996-01-22,,,,878046.2766443525,872300.6223936706,29713.343368499995
rami kaib__1997-05-08,Rami Kaib,DEF,525000.0000000003,528694.1904451528,529938.8884709652,5039.18236965101
ramiro funes mori__1991-03-05,Ramiro Funes Mori,DEF,762499.9999999997,636432.078022563,636432.078022563,44621.86191753713
ramiz zerrouki__1998-05-26,,,,3664761.929295985,3664761.929295985,31649.428021323347
ramon arias__1992-07-27,,,,406700.2480192377,410503.5530568753,34345.698364299715
ramon hendriks__2001-07-18,,,,3571038.8851548303,3571038.8851548303,603175.1381464966
ramon pascal lundqvist__1997-05-10,,,,874351.1926920669,878425.6001790201,32743.87821243478
ramy bensebaini__1995-04-16,Ramy Bensebaini,DEF,12249999.999999987,16389730.214154337,16380492.924804892,1473943.8557696787
ramzi safuri__1995-10-21,,,,1478951.0799901604,1481000.9628648343,35601.4287517239
randal kolo muani__1998-12-05,,,,18189150.208207816,18189150.208207816,
randy nteka__1997-12-06,Randy Nteka,MID,1450000.0000000002,2133965.688545011,2240361.956442352,184292.58073439624
rani khedira__1994-01-27,,,,4948280.098792546,4998747.404280897,316264.8418582108
raoul bellanova__2000-05-17,,,,14898006.018337447,14898006.018337447,1009615.57525013
raphael guerreiro__1993-12-22,Raphaël Guerreiro,DEF,11749999.999999994,13942752.385008052,14470512.776955707,1891919.031338576
raphael le guen__2006-09-01,,,,621522.6304066023,621350.4970074747,18008.090229711826
raphael onyedika__2001-04-19,,,,19490646.136584334,19490646.136584334,
raphael sallinger__1995-12-08,,,,1061140.873442518,1038376.9732005347,95560.39687277422
rares burnete__2004-01-31,Rares Burnete,FWD,800000.0000000005,616779.6527103701,607946.1851894492,16281.411389599985
rares ilie__2003-04-19,,,,2640472.791397274,2566217.802620639,199075.29864792532
rasmus falk__1992-01-15,,,,1469776.2421577168,1469776.2421577168,4437.357112349595
rasmus hjlund__2003-02-04,,,,20921885.530289758,20921885.530289758,
rasmus kristensen__1997-07-11,,,,18500506.837472137,18980532.81360384,1153051.7972369504
rasmus lauritsen__1996-02-27,Rasmus Lauritsen,DEF,1550000.0000000012,1085828.5627022844,1085828.5627022844,36158.94555523682
rasmus nicolaisen__1997-03-16,,,,7897730.347830893,8151449.573191807,714996.8050036636
rasmus vinderslev__1997-08-12,,,,1013180.1866463844,987480.5250163381,109936.17721016532
rasmus wikstrom__2001-03-18,,,,1674774.472182557,1678349.9382884994,35514.703211952205
rassoul ndiaye__2001-12-11,,,,2359545.641142089,2363138.4674725705,54704.5924136743
raul florucz__2001-06-10,,,,3370820.9564123005,3337085.895679297,373232.0376707994
raul jimenez__1991-05-05,Raúl Jiménez,FWD,4500000.000000002,4987867.188111574,5176801.452724791,361238.25412508496
raul oprut__1998-01-04,,,,1115055.836351369,1115055.836351369,110929.80587887944
raul paula__2004-01-25,,,,948716.3207452546,948716.3207452546,
rav van den berg__2004-07-07,,,,3998538.9767257427,4049700.288664343,180526.34118744053
rayan aitnouri__2001-06-06,Rayan Aït-Nouri,DEF,37250000.00000006,42211326.27489673,41773699.81201443,1751334.731569994
rayan cherki__2003-08-17,,,,57451872.85440932,58935868.55827876,5725983.479962128
rayan fofana__2006-02-12,Rayan Fofana,FWD,4250000.000000002,3876500.589338383,3663396.3812925518,616199.5836332189
rayan philippe__2000-10-23,,,,4143906.767818031,4143906.767818031,560686.2879768211
rayan raveloson__1997-01-16,,,,2114551.007085925,2010021.943863397,369247.17391971115
rayane bounida__2006-03-03,,,,1211893.4950811896,1211893.4950811896,134495.43207992744
razvan marin__1996-05-23,,,,4464743.504862407,4393056.405638169,426271.87710385
razvan sava__2002-06-21,,,,3416327.878783517,3416327.878783517,
rdvan ylmaz__2001-05-21,,,,4381193.728479471,4381193.728479471,
reda belahyane__2004-06-01,,,,2591782.2017030367,2591782.2017030367,12481.341060810142
reda khadra__2001-07-04,,,,3338381.0966491476,3345652.4323806716,182655.8422634058
reda laalaoui__2005-05-11,Reda Laalaoui,MID,787499.9999999994,607661.3253550534,631881.9812247928,77799.9265162568
reece james__1993-11-07,,,,639292.2478122779,639292.2478122779,90435.43873443805
regan charlescook__1997-02-14,,,,934522.9747104434,934522.9747104434,
regan hendry__1998-01-21,Regan Hendry,MID,375000.00000000006,393305.4759580591,393305.4759580591,
reggie cannon__1998-06-11,,,,1529034.2778326795,1546601.8854603793,100622.42019516884
rein van helden__2002-07-24,,,,3324891.303653878,3324891.303653878,29816.607628365924
reiss nelson__1999-12-10,,,,8215173.803009625,8183089.11762346,932685.9113434838
rekeem harper__2000-03-08,Rekeem Harper,MID,337500.00000000006,285459.2342091511,285459.2342091511,
remi matthews__1994-02-10,,,,229540.18179843202,223121.55394074222,25680.61188892609
remi oudin__1996-11-18,,,,1937747.0476312295,1937747.0476312295,
remko pasveer__1983-11-08,,,,494375.8451613667,456210.82839874196,67206.23319241047
remo freuler__1992-04-15,,,,11113761.982836984,11113761.982836984,
remy cabella__1990-03-08,Rémy Cabella,MID,1899999.9999999993,1720927.504796009,1720927.504796009,70198.79132566944
remy descamps__1996-06-25,,,,3539882.2507027164,3539882.2507027164,442279.4150257317
remy labeau lascary__2003-03-03,,,,4460762.47147266,4539135.315965182,184571.86027960468
remy riou__1987-08-06,,,,129868.79146791855,130686.36558526565,2053.701927432601
remy vita__2001-04-01,,,,1651532.0419711703,1640160.5926364248,42816.74195723866
renan ribeiro__1990-03-23,,,,189338.52564679747,194067.00492101713,19841.300980222786
renat dadashov__1999-05-17,Renat Dadashov,FWD,1350000.0,948764.7794999408,893480.897014593,160838.2034030435
renato steffen__1991-11-03,,,,2242078.4789885757,2221005.797384591,146996.86328819962
rene mitongo__2008-01-18,René Mitongo,FWD,700000.0000000006,697147.4044865319,697147.4044865319,53576.904770600195
reo hatate__1997-11-21,,,,7758934.724213937,7587286.104123825,955746.6489577178
rhian brewster__2000-04-01,,,,1960391.761073378,1965369.1651834683,79465.09016397559
rhys healey__1994-12-06,,,,599043.2806852078,602564.6883232368,19364.34160847304
rhys norringtondavies__1999-04-22,,,,1328205.318699167,1309274.2467078879,65504.99196925991
rhys williams__2001-02-03,,,,449984.27394251054,449984.27394251054,44405.33587696833
ricardo pepi__2003-01-09,,,,12250298.336919006,12250298.336919006,771953.1976115119
riccardo brosco__1991-02-03,,,,397862.5609785479,396454.610922556,4449.953328080055
riccardo calafiori__2002-05-19,,,,33341807.984442085,34177362.845959395,6781550.330561928
riccardo capellini__2000-03-01,Riccardo Capellini,DEF,749999.9999999998,786911.1827476517,788393.925675871,5815.126412650741
riccardo ciervo__2002-04-01,,,,1095925.7873895997,1111136.7583826305,46255.29019284458
riccardo marchizza__1998-03-26,,,,1475483.9570031401,1329067.0808658744,301417.6906847439
riccardo orsolini__1997-01-24,,,,33426254.353572514,33426254.353572514,
riccardo pagano__2004-11-28,,,,663787.957440651,657934.4373616836,52895.32639346687
riccardo sottil__1999-06-03,Riccardo Sottil,MID,6250000.000000005,7492345.229306773,7492345.229306773,115165.93842666877
riccardo tonin__2001-01-30,Riccardo Tonin,FWD,412500.00000000006,563851.3150330465,554547.4270277984,23751.97549631949
richard king__2001-11-27,,,,320981.4645817005,312934.4513075435,22547.648998695822
richard neudecker__1996-10-29,,,,491652.5012843368,477595.3055346294,30383.741081496482
richard rios__2000-06-02,,,,25984901.635663617,25359495.71952235,2692011.153404451
richard taylor__2000-10-02,,,,905334.9462135768,905334.9462135768,22700.95460760599
richie sagrado__2004-01-30,,,,1481727.8130552024,1527862.378206161,113587.74907373708
richonell margaret__2000-09-07,,,,1001395.7787644047,978477.4385362981,70986.4298300148
rick meissen__2002-02-24,,,,1458648.3108425713,1458648.3108425713,
rick van drongelen__1998-12-20,,,,6480196.590874607,6446633.676406682,354367.2669138847
ricky van wolfswinkel__1989-01-27,,,,591965.1278354102,590901.5213011461,44567.92152494944
rico henry__1997-07-08,,,,7713735.357618674,7749442.060477989,899225.1164554292
rico lewis__2004-11-21,,,,27357206.52359258,24405758.552677896,9592594.461009964
rico richards__2003-09-27,,,,262937.2069879584,262937.2069879584,36816.87611009953
ridgeciano haps__1993-06-12,Ridgeciano Haps,DEF,937499.9999999995,1263780.490418041,1259851.3950237576,155296.2102528893
ridle baku__1998-04-08,,,,15114238.231729172,15114238.231729172,2516481.360017107
riechedly bazoer__1996-10-12,Riechedly Bazoer,DEF,3900000.000000001,4253865.583081174,4240751.5321706915,189227.48521572453
rigoberto rivas__1998-07-31,,,,757066.9414198046,727082.4885260708,94124.48424570914
rijad sadiku__2000-01-18,,,,492604.50260997197,489646.6465343535,56412.25093092255
rijk janse__2002-04-16,,,,237022.20703138667,237022.20703138667,14829.510875408025
riley harbottle__2000-09-26,,,,442553.3239639443,455124.6846435502,32870.87722231102
riley mcgree__1998-11-02,,,,2405021.054446924,2405021.054446924,205122.32422424585
ringo meerveld__2002-12-21,,,,4369369.77971312,4369369.77971312,
rio hillen__2003-03-05,,,,889438.6550118994,888765.8913470708,43688.253196959704
rio ngumoha__2008-08-29,,,,3796701.2150042607,3856675.0836698595,333120.4362935932
ritsu doan__1998-06-16,,,,26626693.35393195,25910255.88350934,2287543.793069589
rjan nyland__1990-09-10,,,,1002013.0177045395,1010396.4216461836,126303.26366285257
rob holding__1995-09-20,,,,1807551.5121680144,1807551.5121680144,243390.65095720935
robbie brady__1992-01-14,,,,1045345.6069112676,1045345.6069112676,97593.558594861
robbie deas__2000-02-27,Robbie Deas,DEF,800000.0000000005,865109.3896385179,862554.2371284399,20858.01917902833
robbie gotts__1999-11-09,,,,404269.708307134,407771.1011421591,34986.071421154506
robbie muirhead__1996-03-08,,,,304457.2447269772,304457.2447269772,29548.146236418073
robbie ure__2004-02-26,,,,1875214.6019984544,1862674.6003720153,55620.290041311186
robbin weijenberg__2004-11-08,,,,377776.688492446,388318.8635947027,56366.515986365775
robert andrich__1994-09-22,,,,12493210.092092872,12493210.092092872,4487479.122581971
robert bozenik__1999-11-18,,,,2199556.0230436334,2199556.0230436334,127252.54800311384
robert glatzel__1994-01-08,,,,1767177.3491544458,1767177.3491544458,
robert gumny__1998-06-04,,,,1407975.1686201137,1407975.1686201137,1645.9517504474961
robert ivanov__1994-09-19,Robert Ivanov,DEF,299999.99999999977,598639.1905958869,594813.1274630026,29546.71737168258
robert leipertz__1993-02-01,,,,368915.2936800691,368915.2936800691,13653.538495174435
robert lewandowski__1988-08-21,,,,32108862.12225592,31667447.653935187,3711886.9602438714
robert ljubicic__1999-07-14,,,,2125600.8019281295,2332173.290325897,492154.37001468864
robert mudrazija__1997-05-05,,,,578167.259858059,578167.259858059,54307.314039047385
robert muhren__1989-05-18,,,,274032.9655100878,274032.9655100878,79549.22022784397
robert street__2001-09-26,,,,586259.6422084996,586259.6422084996,8175.806684873221
robert voloder__2001-05-09,,,,413916.29934248305,413916.29934248305,15058.07293045108
robert wagner__2003-07-14,,,,1526076.997616869,1526076.997616869,78346.34277693005
robertjan vanwesemael__2002-03-26,,,,2227796.9689951306,2211119.8804140175,100641.242025584
roberto gagliardini__1994-04-07,,,,2059218.0288866826,2086411.9299525619,132135.65363428372
roberto insigne__1994-05-11,,,,2211008.362098671,2211008.362098671,
roberto pereyra__1991-01-07,,,,2356067.2497912217,2356067.2497912217,157915.2254231269
roberto piccoli__2001-01-27,Roberto Piccoli,FWD,14250000.000000017,11586087.08411109,11695864.026556352,354249.7420582991
roberto rosales__1988-11-20,,,,293503.14054644137,281789.194020555,32221.41311584742
roberts uldrikis__1998-04-03,Roberts Uldriķis,FWD,612499.9999999997,654991.2883097188,659525.4648930375,21032.600514913687
robin bormuth__1995-09-19,,,,505320.4079329597,502685.57046140695,6636.26284114415
robin fellhauer__1998-01-21,,,,3217134.6464440147,3448479.560001045,486775.7236031288
robin gosens__1994-07-05,,,,12960633.062665671,12527933.127309807,2019440.585266062
robin hack__1998-08-27,Robin Hack,MID,11749999.999999994,10158511.279249843,10195027.914935984,266491.3722972992
robin himmelmann__1989-02-05,,,,157204.0220407337,157204.0220407337,
robin hranac__2000-01-29,,,,4800211.326339338,4654465.989095169,349714.3801820977
robin knoche__1992-05-22,Robin Knoche,DEF,1625000.0000000012,1016883.6058550542,1028090.119208124,145841.4006812467
robin koch__1996-07-17,,,,17043522.52849774,17139566.60818731,536525.1132487771
robin le normand__1996-11-11,Robin Le Normand,DEF,27250000.00000005,23066238.516562592,21952813.829098016,2333838.798722782
robin lod__1993-04-17,Robin Lod,MID,2449999.9999999995,1934257.9053064052,2025095.5584964417,611444.1407255667
robin mantel__2000-11-15,,,,246018.4827902296,244136.43801758628,4936.038012317122
robin mirisola__2006-12-08,Robin Mirisola,FWD,2150000.0,1517374.4637268586,1502471.463846955,150467.4270845882
robin olsen__1990-01-08,,,,289053.08410232374,289053.08410232374,1795.7921188485184
robin propper__1993-09-23,Robin Pröpper,DEF,2050000.000000001,2125598.9209788092,2125598.9209788092,105615.28277545213
robin risser__2004-12-02,,,,16457337.222662607,15431657.231198682,3315318.358122693
robin roefs__2003-01-17,,,,24754656.49306005,25104418.938051783,1222200.0284083493
robin strm__2002-08-09,Robin Østrøm,DEF,1350000.0,1681502.5738203225,1687586.258896259,147189.82760989224
robin van cruijsen__2006-02-20,,,,1495367.2272703997,1495367.2272703997,
robin yalcn__1994-01-25,,,,814081.2630696252,814081.2630696252,11202.766647549963
robin zentner__1994-10-28,Robin Zentner,GK,5500000.000000001,4817350.452157556,4796872.951314602,144043.17386386127
robin ziegele__1997-03-13,,,,571027.7222964823,547728.0469450919,41878.85908186593
rocco ascone__2003-09-12,,,,993377.2663414457,993377.2663414457,214416.99563844706
rocco reitz__2002-05-29,,,,15034212.472419934,15048274.865191286,172346.45008247197
rocco robert shein__2003-07-14,,,,1287383.3368849368,1298579.8102045383,76477.44893891904
rocco vata__2005-04-18,Rocco Vata,MID,1275000.0000000002,2051499.970908223,2055076.9561704136,110527.2443530423
rockson yeboah__2004-08-02,,,,516654.5473013446,519691.08275606856,26320.399843340376
rocky bushiri__1999-11-30,,,,1197649.977607242,1197649.977607242,
rodrigo abascal__1994-01-14,,,,1281992.2002164342,1281992.2002164342,
rodrigo battaglia__1991-07-12,Rodrigo Battaglia,DEF,2599999.9999999986,2338335.1518436945,2338335.1518436945,
rodrigo de paul__1994-05-24,,,,15966571.85601342,15966571.85601342,
rodrigo guth__2000-11-10,,,,1556019.3748946849,1557361.3262633411,35170.3904974413
rodrigo huescas__2003-09-18,,,,3988673.5549684493,4089923.055620067,565387.068081131
rodrigo rey__1991-03-08,,,,1525931.0094796515,1525931.0094796515,34840.352304224325
rodrigo zalazar__1999-08-12,Rodrigo Zalazar,MID,19499999.99999998,20184647.835095942,20064517.936707355,708192.4157851764
roger fernandes__2005-11-21,,,,11930330.668104753,13483071.050758412,2891083.6250580004
roger martinez__1994-06-23,,,,3114795.485782566,3066077.115932218,266649.04383697914
roggerio nyakossi__2004-01-13,Roggerio Nyakossi,DEF,600000.0000000003,520727.0303037801,542274.592164608,64148.19012190285
roland idowu__2002-01-21,,,,338368.8759524731,338368.8759524731,37862.64402304044
roland sallai__1997-05-22,Roland Sallai,DEF,11749999.999999994,9567189.180353258,9870018.378848584,683591.2528149519
rolando mandragora__1997-06-29,,,,8534094.274184398,8534094.274184398,3638.7913115744136
romain del castillo__1996-03-29,,,,7658904.805117447,7658904.805117447,151442.40232106418
romain faivre__1998-07-14,Romain Faivre,MID,6999999.999999995,8986396.574446345,9063459.26982866,191893.33383983644
romain matthys__1998-07-10,Romain Matthys,GK,587500.0000000002,815382.4203657093,835704.1691912818,132376.02285319995
romain perraud__1997-09-22,,,,7859127.262324129,7889236.300633254,453019.1743045447
romaine mundle__2003-04-24,,,,4639041.769302057,4659600.431739585,429301.1756272296
roman kvet__1997-12-17,Roman Květ,MID,1600000.0000000012,1523534.045442803,1525188.014074031,50422.75905759835
roman neustadter__1988-02-18,,,,318188.03748809267,312745.96676623647,87317.9113387214
roman yaremchuk__1995-11-27,,,,4234555.905829365,4580178.626633203,835010.6822379207
romano floriani mussolini__2003-01-27,,,,3206983.2831541607,3206983.2831541607,75689.28999208883
romano schmid__2000-01-27,,,,17811193.299188063,17811193.299188063,1523253.8786274083
romario rosch__1999-07-01,,,,975888.6038255577,960281.1994504813,149833.1452161571
romejayden owusuoduro__2004-07-02,,,,3687864.268165126,3547760.9974739533,316937.2139748513
romelu lukaku__1993-05-13,,,,27416762.87148606,27598446.88940332,1786369.3487362233
romeo beney__2005-01-19,,,,731491.6097384347,731491.6097384347,
romeo lavia__2004-01-06,,,,30584956.064825177,30376400.962276578,2094327.0668345382
romeo vermant__2004-01-24,Romeo Vermant,FWD,5750000.000000005,5891057.415623051,5923624.883913511,323724.09806467046
ronael pierregabriel__1998-06-13,,,,2676104.335052749,2663980.2539347983,143415.26765315887
ronald araujo__1999-03-07,,,,31596155.073157415,30744946.870542046,3221138.5917579895
ronald koeman jr__1995-05-23,Ronald Koeman Jr.,GK,775000.0000000007,921870.7740851678,928814.2108087552,52840.89696231554
ronnie stutter__2005-01-06,,,,414416.4237461169,430944.135218143,40025.662337887334
ronrobert zieler__1989-02-12,,,,622731.9331630834,622731.9331630834,5173.527432202648
ronthorben hoffmann__1999-04-04,,,,1660935.787399084,1660935.787399084,144762.02598873695
roony bardghji__2005-11-15,,,,10313528.715737637,10329019.005610308,613621.9256878026
rory mckenzie__1993-10-07,Rory McKenzie,MID,212500.00000000017,232578.51008523605,232014.70368622674,5515.185790305968
rosen bozhinov__2005-01-23,,,,1005771.707183299,1013420.1796408904,43800.162501146966
ross barkley__1993-12-05,,,,7545105.55304012,7545105.55304012,369483.1183825598
ross doohan__1998-03-29,,,,231561.7090251079,230707.66197719518,7242.901963917994
ross fitzsimons__1994-05-28,,,,210978.84410132119,208136.146937422,15392.440324216232
ross maciver__1999-02-28,,,,289446.9121719238,289446.9121719238,3901.44867829963
ross mccrorie__1998-03-18,,,,1820455.5947411272,1820455.5947411272,
ross stewart__1996-07-11,,,,2213571.919579663,2205747.9172525313,218031.9676865336
ross sykes__1999-03-26,,,,3429109.5544901537,3489416.1671985514,145629.11360565535
ross tierney__2001-03-06,,,,709967.9780250976,709967.9780250976,2310.5649081128204
roy kortsmit__1992-08-26,Roy Kortsmit,GK,349999.9999999997,272253.6647409264,278102.5627369539,19527.467348283677
roy steur__2005-02-01,Roy Steur,GK,312500.00000000023,306766.71880438505,306766.71880438505,1527.1336073827451
royer caicedo__2006-05-05,,,,433151.0701699261,430095.0037854488,15288.442188090969
rozangelo daal__2004-02-10,,,,3972181.2327183145,3972181.2327183145,
ruben aguilar__1993-04-26,Ruben Aguilar,DEF,5500000.000000001,5184331.138771221,5184331.138771221,67980.75611034446
ruben bentancourt__1993-03-02,,,,1138281.4791713348,1179288.0561853785,71673.28796861193
ruben botta__1990-01-31,,,,1659194.4498047496,1659194.4498047496,
ruben kluivert__2001-05-21,,,,2663498.9794952166,2635297.983587119,97782.78709702668
ruben loftuscheek__1996-01-23,,,,21083855.17770513,21083855.17770513,217637.2574321132
ruben roosken__2000-03-02,,,,761046.883117406,749739.8199130904,28520.272695116662
ruben van bommel__2004-08-03,Ruben van Bommel,MID,10750000.000000006,9442735.116670609,9418327.574733887,360236.1731750201
ruben vargas__1998-08-05,,,,12149853.883749062,12272569.58379031,1056963.4950122058
ruben yttergard jenssen__1988-05-04,,,,264171.9907886253,264171.9907886253,22047.694688833413
rudy camacho__1991-03-05,,,,416747.2751287591,416747.2751287591,328.161470980408
runar alex runarsson__1995-02-18,Rúnar Alex Rúnarsson,GK,637500.0000000003,382075.57182761043,406590.5292987608,70261.06036282248
runar norheim__2005-02-14,Runar Norheim,DEF,1899999.9999999993,1698064.5618653868,1614042.9992211303,228516.21276229457
rushian hepburnmurphy__1998-08-28,,,,390297.9618174757,386473.8702473803,25287.90133566544
ruslan malinovskyi__1993-05-04,,,,3881264.602699133,3921567.5656729667,76304.02676001529
ruslan neshcheret__2002-01-22,,,,2635513.9994240757,2524010.886592526,411638.72359438473
ryan alebiosu__2001-12-17,,,,1685694.5132462827,1685694.5132462827,80208.87591813008
ryan allsop__1992-06-17,,,,528660.8717387818,528660.8717387818,17670.097017534143
ryan astley__2001-10-04,,,,696822.4607247072,696822.4607247072,
ryan edmondson__2001-05-20,Ryan Edmondson,FWD,287499.9999999999,377453.3566967823,377453.3566967823,
ryan flamingo__2002-12-31,,,,12953320.80418499,13151459.704350896,662136.3053034284
ryan fraser__1994-02-24,,,,2129265.0975676454,1857214.303889945,505079.79473682994
ryan fulton__1996-05-23,,,,301825.93652030267,301825.93652030267,944.0970023197185
ryan giles__2000-01-26,,,,2847285.4622798935,2872713.3359786742,220177.76025133894
ryan gravenberch__2002-05-16,,,,75863454.79178555,73601438.81954536,5158862.323833808
ryan hardie__1997-03-17,,,,2170413.201335932,2170413.201335932,281055.0712996489
ryan howley__2003-11-23,,,,304543.6421010032,304543.6421010032,6457.967254994046
ryan ledson__1997-08-19,,,,1293799.888448294,1317523.7993439627,200546.24384963166
ryan longman__2000-11-06,,,,1228850.7887702775,1228850.7887702775,372945.7461800878
ryan mcgowan__1989-08-15,Ryan McGowan,DEF,139999.9999999999,182054.77190809487,175507.79131878883,14627.88370064389
ryan mullen__2001-05-18,,,,280100.20342735364,280100.20342735364,1946.9012599920147
ryan naderi__2003-07-10,,,,928361.5361852524,915913.1823303218,64918.982202517655
ryan one__2006-06-26,,,,543220.8517746264,543220.8517746264,12426.177011485135
ryan porteous__1999-03-25,,,,2328526.7134910068,2261284.141580884,161097.86198523475
ryan sessegnon__2000-05-18,,,,13400444.965483632,13152829.962211125,869562.0186017161
ryan strain__1997-04-02,,,,600471.584134588,591882.4584270731,17608.82254342428
ryan sweeney__1997-04-15,,,,407377.72800649796,406883.19837095763,9867.292011477251
ryan teague__2002-01-24,,,,2196187.906116152,2170565.8438017294,102390.49733123263
ryan thomas__1994-12-20,,,,628527.6515476983,630040.2247258523,13930.924696086975
ryan trevitt__2003-03-12,,,,698010.690337026,696661.0502798054,28400.801065112293
ryan yates__1997-11-21,,,,11592321.429383565,11592321.429383565,1314603.486142386
ryotaro ito__1998-02-06,Ryotaro Ito,MID,3499999.9999999995,3522906.606472575,3595593.84722975,240961.98930332423
saba goglichidze__2004-06-25,,,,2936756.391898741,2936756.391898741,179249.04168857136
saba sazonov__2002-02-01,,,,4758531.9155613985,4758531.9155613985,
sabah kerjota__2001-08-14,,,,426178.99578843376,426178.99578843376,15685.231510002852
sabit abdulai__1999-05-11,,,,459681.37038366194,470500.83099572617,27683.36676718659
sacha boey__2000-09-13,,,,12083082.91821605,12156647.322634129,803244.8948610164
sadibou sane__2004-06-10,,,,3299435.1012599748,3314364.9029930714,217587.67651105768
sadik fofana__2003-05-16,,,,854970.4997846306,854970.4997846306,47855.91067253616
sadio mane__1992-04-10,,,,14076456.131922148,14076456.131922148,1294375.0753907866
sael kumbedi__2005-03-26,,,,7053067.307369232,7053067.307369232,406720.57114693034
said ahmed said__1993-04-20,,,,328190.28783911356,330730.3992907932,6156.013710029736
said bakari__1994-09-22,,,,664238.0120519,664238.0120519,14495.171182382473
said benrahma__1995-08-10,,,,7667000.300697818,7869480.375426671,359432.53924502095
said el mala__2006-08-26,,,,9920926.54752574,9325466.84667232,2148985.42458151
saidou sow__2002-07-04,,,,2900991.5992217576,2851769.5927270656,171499.51582312197
saidy janko__1995-10-22,,,,913406.8065399781,880674.5951399338,111104.30772430023
saimon bouabre__2006-06-01,,,,1094600.61894148,1072124.0286777408,62537.41844521493
salem mbakata__1998-04-19,,,,996873.7516734315,1031326.8016377636,62025.45233525147
salih malkocoglu__2005-02-23,,,,415666.5054300373,415666.5054300373,
salih ozcan__1998-01-11,,,,4694761.495311793,4583547.985556054,529821.6128038802
salih ucan__1994-01-06,Salih Uçan,MID,1499999.9999999986,1472423.7526135906,1472423.7526135906,122104.47937949694
salis abdul samed__2000-03-26,,,,2718849.2382378746,2718849.2382378746,
salvatore esposito__2000-10-07,,,,5068953.825704495,5073735.437433558,250485.79225795154
sam adekugbe__1995-01-16,,,,1212141.673246841,1212141.673246841,37762.57002202681
sam beukema__1998-11-17,,,,13645811.45545648,13782730.257747002,565293.8089410786
sam byram__1993-09-16,,,,1811042.902427492,1760902.8923162448,94154.00622793907
sam clucas__1990-09-25,,,,383650.46398730436,383650.46398730436,88885.44825599693
sam cosgrove__1996-12-02,,,,415742.06269177236,415742.06269177236,10365.790504917397
sam curtis__2005-12-01,,,,711136.5595122651,683297.473597933,50694.62423895473
sam dalby__1999-12-07,,,,781130.1734074854,760016.0953554953,55266.99022982733
sam de laat__2006-06-12,,,,394602.9998611423,382997.3415417528,39611.476539238065
sam field__1998-05-08,,,,1627963.22955089,1637656.2112070248,68476.68037990495
sam foley__1986-10-17,,,,132288.03828612043,135505.14133612413,27990.44265686195
sam gallagher__1995-09-15,,,,1554822.6974114887,1476365.0179572895,152347.1902699349
sam greenwood__2002-01-26,,,,2362394.9996197545,2290434.4108219924,199116.69493990994
sam hart__1996-09-10,Sam Hart,DEF,159999.99999999997,244912.67979177026,256035.53598899767,42140.39719141087
sam hutchinson__1989-08-03,,,,130300.57067578439,137048.63241132285,12600.186034220196
sam johnstone__1993-03-25,,,,3919790.7704927935,3723468.608886397,536302.1047518455
sam karssies__2003-02-26,Sam Karssies,GK,262500.00000000023,257791.62183505867,258672.20949685352,15682.898263539684
sam kersten__1998-01-30,,,,720881.7076953759,720881.7076953759,
sam lammers__1997-04-30,,,,2350311.947104232,2350311.947104232,
sam larsson__1993-04-10,,,,1319659.5845479644,1319659.5845479644,
sam mccallum__2000-09-02,,,,1655204.1581629096,1662709.0395836055,28762.526001279202
sam nicholson__1995-01-20,,,,424339.26519544557,426853.8423577399,26074.85186090974
sam sanna__1999-03-08,,,,1420032.2127513445,1401723.5001515148,175872.37910253147
sam schreck__1999-01-29,,,,788026.9820826678,786896.9185751311,35901.286810119505
sam stubbs__1998-11-20,,,,462797.6978427594,463488.24922950804,23753.654320631722
sam vokes__1989-10-21,,,,293854.554600415,286161.3903430542,20575.57526712108
sam walker__1991-10-02,,,,201710.90111735437,201710.90111735437,8295.91545118615
samed onur__2002-07-15,,,,472889.60004123754,472889.60004123754,
samet karakoc__2002-10-22,,,,720194.5867347233,720194.5867347233,11458.077652643184
samet yalcn__1994-03-03,,,,290099.4277004837,290099.4277004837,7318.407019539724
sami lahssaini__1998-09-18,,,,861562.5511350172,807991.0648213628,137900.2221446715
sami ouaissa__2004-10-02,,,,3059846.8109317143,3147100.842642855,248686.3013210186
samir el mourabet__2005-10-06,,,,3814306.01945063,3814306.01945063,105074.13689826312
samir lagsir__2003-05-20,,,,365236.29048292915,367530.3754024523,28068.6195307095
samson baidoo__2004-03-31,Samson Baidoo,DEF,9999999.999999996,9781188.03988459,9891966.273048885,446550.3012752506
samson lawal__2004-04-25,,,,217339.03702916234,212319.05789288378,16937.754376128847
samuel amoameyaw__2006-07-18,,,,3600220.1692927955,3600220.1692927955,469125.407405295
samuel ballet__2001-03-12,,,,987582.664826469,987582.664826469,12495.577622865398
samuel bastien__1996-09-26,Samuel Bastien,MID,625000.0000000002,829574.3622905489,829574.3622905489,15866.65356376868
samuel chukwueze__1999-05-22,Samuel Chukwueze,MID,16500000.000000013,22883490.30944776,22883490.30944776,2434756.256648153
samuel dahl__2003-03-04,,,,5124308.40594328,5043297.335500763,150704.90949630763
samuel edozie__2003-01-28,,,,5076940.76564942,5264576.670179601,727679.3627707381
samuel essende__1998-01-23,,,,2276359.498082601,2254717.9488924723,167787.59926517366
samuel gigot__1993-10-12,Samuel Gigot,DEF,4250000.000000002,5851979.149113776,5899175.561843547,325487.4076928023
samuel giovane__2003-03-28,,,,1335176.7911822265,1335176.7911822265,25968.044577833767
samuel gueulette__2000-05-19,,,,654446.3951644807,654812.952843166,19657.774593988554
samuel ilingjunior__2003-10-04,,,,3901465.4302596757,3901465.4302596757,1594357.89121797
samuel loric__2000-07-05,,,,993998.807781498,971071.2027009748,104616.64256259958
samuel mraz__1997-05-13,,,,1164611.5797150652,1157493.1295392315,33977.87442616483
samuel sahinradlinger__1992-11-07,,,,709888.2069324921,719727.6900631933,17186.434115767483
samuel souprayen__1989-02-18,,,,274949.86162337766,274949.86162337766,15964.166191457976
samuel yohou__1991-08-06,Samuel Yohou,DEF,362499.9999999997,417377.2628495269,414039.86347487953,8650.266989614984
samuele angori__2003-10-07,,,,2704937.612576864,2704937.612576864,155067.3102013391
samuele birindelli__1999-07-19,,,,4906510.63747129,4906510.63747129,285477.5677988539
samuele di benedetto__2005-07-16,,,,694278.173444313,694278.173444313,6510.085036834178
samuele mulattieri__2000-10-07,,,,2970836.628824977,2970836.628824977,
samuele perisan__1997-08-21,Samuele Perisan,GK,999999.9999999997,1026313.2706253104,1023328.7318163397,45439.339000883316
samuele ricci__2001-08-21,,,,21372227.59224472,21372227.59224472,321812.6069841594
samy benchamma__2000-06-25,Samy Benchamma,MID,587500.0000000002,534421.2858259056,545065.0448824142,19602.20075228884
samy mmaee__1996-09-08,,,,709377.3220533984,736321.4637248802,74076.48661615148
sana fernandes__2006-03-10,,,,1029185.5979732573,997350.4042380811,141034.48982282425
sander svendsen__1997-08-06,Sander Svendsen,MID,974999.9999999999,1162205.2261521237,1106549.5560761956,98737.79661958163
sander tangvik__2002-11-29,,,,2053759.3034665259,2091039.2710060305,121587.21550283735
sander van de streek__1993-03-24,Sander van de Streek,DEF,1024999.9999999995,1085673.5734151006,1085673.5734151006,50785.84177612066
sanders ngabo__2004-07-04,Sanders Ngabo,MID,899999.9999999995,1155154.1619314568,1157913.3757888936,86917.90477799477
sandi lovric__1998-03-28,,,,3756937.4204285652,3754146.402594563,22501.700538329027
sandro kulenovic__1999-12-04,,,,2604576.630022621,2604576.630022621,193774.54838027785
sandro tonali__2000-05-08,,,,74032069.00501218,74032069.00501218,
sanoussy ba__2004-01-05,,,,766913.9293647959,774909.5937886208,79444.34106691826
santiago arzamendia__1998-05-05,Santiago Arzamendia,DEF,2050000.000000001,2509380.047947272,2384281.2888782164,245510.09201947253
santiago ascacibar__1997-02-25,,,,9804679.288843855,9664190.382008942,946200.2899976037
santiago bueno__1998-11-09,Santiago Bueno,DEF,8999999.999999996,10738587.727044832,10819767.04089197,599297.5741181617
santiago castro__2004-09-18,,,,18328362.660506327,18068738.044661418,633636.2041913603
santiago colombatto__1997-01-17,,,,2975261.9086545696,2998995.3524898156,60927.72206483847
santiago gimenez__2001-04-18,,,,26355789.39533572,26355789.39533572,1563865.2491925051
santiago hezze__2001-10-22,,,,17182665.510606114,17234938.204426795,355782.8197964597
santiago hidalgo__2005-02-17,Santiago Hidalgo,MID,3000000.000000001,4043606.724810301,3905352.2033462767,447704.7372955961
santiago mourino__2002-02-13,,,,18446757.828504693,18238181.10754997,802707.6775291014
santiago pierotti__2001-04-03,Santiago Pierotti,MID,2499999.9999999995,2571383.043799391,2675670.8039426208,243549.81845512768
santino andino__2005-10-25,,,,2244693.799062386,2244693.799062386,67712.61951743957
sargis adamyan__1993-05-23,,,,608745.8381532724,637016.8919270321,79151.31548506986
sasa kalajdzic__1997-07-07,,,,3538435.443487521,3538435.443487521,102525.82403182863
sasa lukic__1996-08-13,,,,12301412.989648813,12111457.794359818,836626.3692903841
sascha britschgi__2006-08-27,,,,563691.9667310409,563691.9667310409,6278.167564095681
saud abdulhamid__1999-07-18,Saud Abdulhamid,DEF,5250000.0,5441225.080581089,5512538.042122655,729246.8475592103
saulo decarli__1992-02-04,Saulo Decarli,DEF,289999.9999999999,285790.1916212605,289436.7568147927,27511.27312359782
savaarangel cestic__2001-02-19,,,,565763.4577884964,567939.407187844,14265.754938233364
scott arfield__1988-11-01,Scott Arfield,MID,162500.00000000012,206660.51161522963,208978.4448602836,14010.562290536609
scott bain__1991-11-22,,,,400884.3388792177,400292.0212689016,25450.71377237898
scott banks__2001-09-26,,,,577644.9263261762,584040.588791126,30742.2596411074
scott malone__1991-03-25,,,,231881.5844929414,231881.5844929414,13597.708589512533
scott mckenna__1996-11-12,,,,3540067.1894353693,3539247.763807812,65430.017477478825
scott mctominay__1996-12-08,,,,47450624.41035267,47450624.41035267,923704.3424558761
scott pittman__1992-07-09,,,,217838.70573059228,217838.70573059228,17355.78027537958
scott robertson__2001-07-27,,,,406064.27574544714,416007.9066082407,28698.06192777053
scott tanser__1994-10-23,,,,483610.2158297447,483610.2158297447,
scott twine__1999-07-14,Scott Twine,MID,2900000.0000000014,3211679.5065107383,3211679.5065107383,
scott wootton__1991-09-12,,,,324729.7738514996,332629.50848200294,17620.271945135835
scott wright__1997-08-08,,,,1481177.9053354138,1473966.1033379347,61766.80087229016
sead haksabanovic__1999-05-04,,,,2009650.3282508976,2009650.3282508976,275247.7208866524
sead kolasinac__1993-06-20,,,,8016400.876241984,8016400.876241984,286104.3787310599
seamus coleman__1988-10-11,,,,435623.8873367324,424373.60085901263,40319.00293967692
sean clare__1996-09-18,,,,355182.9374309515,351238.4369959396,62029.96080377336
sean klaiber__1994-07-31,Sean Klaiber,DEF,1749999.9999999998,1073426.3768440294,1091173.806625309,72179.23702510084
sean longstaff__1997-10-30,,,,9726325.714525511,9726325.714525511,659988.5647943327
sean maguire__1994-05-01,,,,218618.35063795611,218618.35063795611,
sean mcloughlin__1996-11-13,,,,1221257.3558663307,1262405.192164079,90163.46222284458
sean murray__1993-10-11,,,,184883.54897451063,170040.26257401018,31912.407782916463
sean raggett__1994-01-25,,,,434883.71109207557,439311.27873807517,11544.852956208155
sean steur__2008-01-11,,,,1289779.8501821968,1289779.8501821968,
sebastiaan bornauw__1999-03-22,,,,6400590.584425402,6523713.075605495,375673.75049208093
sebastian boselli__2003-12-04,,,,2806407.53407091,2806407.53407091,227001.21094868003
sebastian coates__1990-10-07,,,,3604275.2460711454,3733966.40461346,332611.0147356727
sebastian cristoforo__1993-08-23,,,,694715.0847690381,686929.7993869872,24866.924337247125
sebastian driussi__1996-02-09,Sebastián Driussi,MID,10250000.000000004,4283487.260515476,4283487.260515476,82624.60899972552
sebastian holmen__1992-04-29,,,,830834.9003977888,830752.7161226808,58153.50704822922
sebastian jrgensen__2000-06-08,,,,1506609.5452786926,1506609.5452786926,
sebastian jung__1990-06-22,,,,526353.8972317553,526353.8972317553,
sebastian kerk__1994-04-17,Sebastian Kerk,MID,587500.0000000002,553112.7596031217,558662.1634796953,71540.84942964198
sebastian lomonaco__1998-09-17,,,,1332497.5651841392,1332497.5651841392,40879.02222203752
sebastian muller__2001-01-23,,,,496511.6320472555,484044.70137164247,32414.807000299206
sebastian nanasi__2002-05-16,,,,14210356.934929332,14192527.943187531,1317752.6852392007
sebastian otoa__2004-05-13,,,,1348544.9476706688,1342227.9002483992,79946.8171563709
sebastian revan__2003-07-14,,,,869492.6354833224,869492.6354833224,
sebastian schonlau__1994-08-05,Sebastian Schonlau,DEF,1650000.0000000007,1197580.8671352589,1199825.6642284342,76527.37900684908
sebastian sebulonsen__2000-01-27,,,,2763631.5754145817,2583872.528936098,312720.04425692366
sebastian stolze__1995-01-29,Sebastian Stolze,DEF,525000.0000000003,491420.3843293879,491420.3843293879,
sebastian szymanski__1999-05-10,,,,11869175.103716027,11869175.103716027,471321.06860845507
sebastian tounekti__2002-07-13,,,,5433726.81617023,5204098.278819899,669386.4565859704
sebastian vasiliadis__1997-10-04,,,,712632.3289764994,705918.3702832358,49995.983474800785
sebastian walukiewicz__2000-04-05,,,,2810702.4295561486,2810702.4295561486,
sebastiano desplanches__2003-03-11,,,,1931778.51370171,1971605.7946167632,141804.56226349616
sebastiano esposito__2002-07-02,Sebastiano Esposito,MID,8249999.9999999935,11065136.763453769,11373892.811590193,950760.2357403599
sebastiano luperto__1996-09-06,,,,8862623.311373372,8960447.909113012,417545.56557221484
sebastien haller__1994-06-22,,,,3901961.9066723264,3857367.361574783,99454.36566002088
sefer emini__2000-07-15,Sefer Emini,MID,1050000.0000000007,1160450.8116948225,1165825.9890138023,10996.375863268091
seiji kimura__2001-08-24,,,,527731.8932966592,546334.3332236831,98029.727683636
seiya maikuma__1997-10-16,Seiya Maikuma,DEF,3550000.0000000014,3942612.7581513943,3942612.7581513943,231060.50724541434
seko fofana__1995-05-07,,,,6939377.932519326,6939377.932519326,86111.66757169794
sekou doucoure__2005-04-26,,,,897989.2494932165,855048.358171761,89969.93499022388
sekou koita__1999-11-28,,,,2704315.9655329124,2704315.9655329124,
sekou mara__2002-07-30,Sékou Mara,FWD,4150000.000000003,2763033.2016516593,2744774.659190247,152900.28264076565
sekou sidibe__2001-05-05,,,,581454.2844890256,581454.2844890256,
sem scheperman__2002-06-24,Sem Scheperman,MID,1150000.0000000005,1131502.6664051395,1112439.1281399645,71619.73052240451
sem steijn__2001-11-12,,,,20644672.434669152,20913970.826872706,777138.3625817467
sem van duijn__2004-03-18,Sem van Duijn,MID,562500.0000000003,628613.5452257753,634785.5608567703,37225.87321683601
semi ajayi__1993-11-09,,,,1529877.1801156683,1489687.466107383,88592.02706630777
semih guler__1994-11-30,,,,1123910.5353526103,1161920.0415065545,80083.13071326786
semih klcsoy__2005-08-15,Semih Kılıçsoy,MID,9249999.999999987,3755411.2015863755,3742298.8919037348,216706.14380924893
semir telalovic__1999-12-23,,,,934521.2061047223,934521.2061047223,
semm renders__2007-12-17,,,,867806.2566511326,867806.2566511326,12931.31835366078
semuel pizzignacco__2001-09-01,,,,1174045.4604761684,1227889.0506567757,113891.8190700575
senne lammens__2002-07-07,,,,26989885.384676553,26989885.384676553,
seny dieng__1994-11-23,,,,948231.680024478,958223.6539666904,33818.19515149583
seny koumbassa__2007-06-20,Seny Koumbassa,DEF,412500.00000000006,487566.395281784,474432.15282355907,41053.386291622715
sepp van den berg__2001-12-20,Sepp van den Berg,DEF,21500000.00000001,20099729.23776849,19336460.806141052,1942250.7196700987
serdar dursun__1991-10-19,,,,934845.9775770524,945180.7563199048,70003.20341938995
serge gnabry__1995-07-14,,,,30036415.99588477,30036415.99588477,916623.282798567
sergio cordova__1997-08-09,Sergio Córdova,MID,1299999.9999999993,1127544.0785915733,1136247.701699096,59911.506848831545
sergio kalaj__2000-01-28,,,,420545.35505597317,420545.35505597317,34335.94582600204
sergio pena__1995-09-28,,,,2582152.6294667344,2573736.549082602,197813.07992119837
sergio romero__1987-02-22,,,,411155.43624235765,397217.61029828264,67608.07140583065
serhou guirassy__1996-03-12,Serhou Guirassy,FWD,56500000.00000009,63112475.73959577,64135989.00775436,5215061.349158933
serxho ujka__1998-08-27,Serxho Ujka,MID,625000.0000000002,667709.7692202867,670269.0447240979,10325.226563399954
seydou fini__2006-06-02,Seydou Fini,MID,1400000.0000000007,3032446.8182935365,2933524.425708384,210424.2238065913
shafiq nandja__2007-01-15,,,,348181.6092721127,348181.6092721127,
shamal george__1998-01-06,,,,393062.4149654747,394509.5361372035,12964.612007216325
shandre campbell__2005-07-15,,,,1692690.5030820002,1702287.7396462022,53365.16418061575
shane blaney__1999-01-20,,,,263982.37550615665,267716.3060012749,21919.348984130374
shane duffy__1992-01-01,,,,1120139.249770428,1120139.249770428,
shangyuan wang__1993-06-02,,,,626028.9194389364,609020.8317763223,39206.98598008446
shaocong wu__2000-03-20,Shaocong Wu,DEF,637500.0000000003,598193.5680802702,593341.9207877769,8905.699693843577
shaq moore__1996-11-02,,,,1255715.071878825,1277816.4164428413,64012.03986223788
shaqueel van persie__2006-11-16,Shaqueel van Persie,FWD,812499.9999999993,613406.0106120519,617585.3745264821,16879.505692477018
shaquil delos__1999-06-16,Shaquil Delos,DEF,950000.0000000008,1175624.9583008313,1178865.957913833,15275.37583775899
shaquille pinas__1998-03-19,,,,2761576.9105907846,2761576.9105907846,
shaun rooney__1996-07-26,Shaun Rooney,DEF,612499.9999999997,416165.2501488485,411959.34381515015,24799.27313881373
shawn adewoye__2000-06-29,,,,1213915.0994893825,1128494.7207095372,161645.0734835604
shayne lavery__1998-12-08,,,,561213.8965695152,561213.8965695152,25419.693985492697
shea charles__2003-11-05,,,,3710239.5263078464,3710239.5263078464,603989.54552735
sheraldo becker__1995-02-09,Sheraldo Becker,MID,2250000.000000001,2360412.3588502663,2501225.838297328,369230.4213505436
sherel floranus__1998-08-23,,,,569277.4163543487,569277.4163543487,
shihao wei__1995-04-08,,,,1634126.5596033803,1628084.6205669546,46129.45058800284
shiloh t zand__2003-05-14,,,,1118674.181939537,1118674.181939537,255602.8572862121
shinta appelkamp__2000-11-01,,,,1741358.111664556,1753645.0148338594,38115.91414831885
shio fukuda__2004-04-08,,,,1043337.9616751486,1055482.3110876475,99492.71492020087
sho fukuda__2001-03-23,,,,975774.1156442364,925267.7983028179,142486.0166396043
shola ogundana__2005-02-22,,,,1390271.6507260504,1390271.6507260504,
shola shoretire__2004-02-02,,,,1696232.5484513182,1696232.5484513182,
shon weissman__1996-02-14,,,,1837572.4340458482,1896803.0259376941,246391.87652741608
shunsuke mito__2002-09-28,,,,2000582.9824443932,1953957.9107773611,335454.56215881894
shurandy sambo__2001-08-19,,,,1626190.8825946003,1662447.2008371728,132022.89469104738
shuto machino__1999-09-30,,,,5532534.065795601,5613468.560082982,149161.88063933427
sidi sane__2003-04-21,,,,736729.6579753801,750785.2645450775,60828.09221339827
sidiki cherif__2006-12-15,,,,3771098.3507741555,3771190.671628529,152029.14575407826
sidney raebiger__2005-04-17,Sidney Raebiger,MID,625000.0000000002,720880.8886596713,719591.8730344281,3120.3696097606435
sidny lopes cabral__2002-09-18,Sidny Lopes Cabral,DEF,1275000.0000000002,1637126.803074283,1606468.9309171622,150606.5697371004
siebe horemans__1998-06-02,Siebe Horemans,DEF,3249999.9999999986,2154620.6038636984,2154620.6038636984,
siebe schrijvers__1996-07-18,Siebe Schrijvers,MID,2250000.000000001,3289779.591320778,3309756.296859026,117409.9303590796
siebe van der heyden__1998-05-30,,,,3346462.7334846584,3335697.3978492254,146837.7875434192
siemen voet__2000-02-03,Siemen Voet,DEF,749999.9999999998,798454.4672870613,784853.9561572155,52470.37499520614
sigurd haugen__1997-07-17,,,,713651.6759393576,710892.4207748726,46493.93915265261
sikou niakate__1999-07-10,Sikou Niakaté,DEF,6250000.000000005,6607559.030299245,6427400.147843723,391681.8558301576
sil swinkels__2004-01-06,,,,723187.6575157943,723187.6575157943,
silas ostrzinski__2003-11-19,,,,679224.9076689453,679224.9076689453,
silvan hefti__1997-10-25,,,,1209215.627745954,1209215.627745954,
silvan widmer__1993-03-05,,,,1675890.1382697208,1687832.1222974586,139864.5346473113
silvere ganvoula__1996-06-29,,,,1378873.8083679532,1378873.8083679532,43631.654927703006
silvinho esajas__2002-07-08,,,,496662.08719988994,496662.08719988994,4498.507210947813
simen bolkan nordli__1999-12-25,,,,3217068.8636700273,3178699.5389883714,110708.27038528115
simen juklerd__1994-05-18,,,,589987.4042120044,582129.6774186209,34704.66091104936
simon adingra__2002-01-01,,,,20837748.548856806,20370626.533322964,3009067.9511366
simon asta__2001-01-25,,,,1318506.9274700773,1318506.9274700773,79474.16967123134
simon ebonog__2004-08-16,,,,1796704.2675775376,1792007.539717147,54343.769675185176
simon elisor__1999-07-22,,,,1931058.940488399,1928783.6986309986,45601.79909461849
simon graves__1999-05-22,Simon Graves,DEF,1150000.0000000005,1311924.7111034207,1338718.7992682294,61221.73799828782
simon hedlund__1993-03-11,,,,1105671.907213181,1051485.221174303,135354.86026504295
simon janssen__2000-09-25,Simon Janssen,DEF,637500.0000000003,812339.6681229094,763670.2231341318,92247.36101849921
simon lorenz__1997-03-30,Simon Lorenz,DEF,725000.0000000006,648886.2944275048,638309.2855513573,39181.04039825909
simon mignolet__1988-03-06,,,,622015.0800343482,622015.0800343482,28289.174629746038
simon moore__1990-05-19,,,,158996.46649539736,163102.7129757642,9251.97794657794
simon murray__1992-03-15,,,,367515.7840000731,367515.7840000731,87307.90068890931
simon ngapandouetnbu__2003-04-12,,,,1041826.5596464138,1086124.819722044,118819.56283390791
simon olsson__1997-09-14,,,,1541744.6749764646,1541744.6749764646,
simon piesinger__1992-05-13,,,,454671.0264899345,448586.980594527,19983.458075865234
simon power__1998-05-13,,,,255175.9494357991,271576.7068375331,48419.57477471119
simon simoni__2004-07-14,,,,809864.8186479271,806361.5258638394,32647.097926286482
simon sohm__2001-04-11,,,,7462267.311098459,7433977.554556837,236243.660951209
simon straudi__1999-01-27,,,,720699.691595454,720699.691595454,37530.96491192564
simon thern__1992-09-18,,,,419389.9425713613,428656.9335469113,36256.811778640025
simon wver__1996-01-21,,,,284237.7346832431,287554.0360020102,13488.13528549049
simone bastoni__1996-11-05,,,,1551216.7822055314,1551216.7822055314,103228.31638404155
simone canestrelli__2000-09-11,,,,2026790.4482322035,2053149.547583507,82311.295497651
simone colombi__1991-07-01,Simone Colombi,GK,230000.0000000001,305982.8852164308,299144.91625472845,27134.250443383586
simone ghidotti__2000-03-19,,,,1183216.2165561784,1169745.8073669614,60739.42413714296
simone pafundi__2006-03-14,Simone Pafundi,MID,6650000.000000001,3022119.08993049,2964710.2762690685,128087.98933449405
simone perilli__1995-01-07,,,,518600.41845239606,515153.9457803659,33604.32224968974
simone pontisso__1997-03-20,,,,972068.7038473098,977241.0844166343,11854.784078965065
simone romagnoli__1990-02-09,Simone Romagnoli,DEF,587500.0000000002,427824.7904827844,406324.86994908843,41167.4531987085
simone scaglia__2004-07-12,,,,805809.6986335205,805809.6986335205,
simone scuffet__1996-05-31,Simone Scuffet,GK,1650000.0000000007,2365284.039616602,2365284.039616602,3281.4488558749304
simone verdi__1992-07-12,,,,1480943.3019682628,1452516.6696256567,87355.08451441636
sinaly diomande__2001-04-09,,,,4250680.951456692,4309641.11376355,391191.91942099924
sindre walle egeli__2006-06-21,Sindre Walle Egeli,MID,1575000.0000000002,2193703.8029755955,2205464.856593684,82253.16571529594
siriki dembele__1996-09-07,,,,1845859.858839572,1771981.8741269805,152486.06389088958
sivert heltne nilsen__1991-10-02,,,,506216.23804007896,503279.28407162963,13547.899166572563
sivert mannsverk__2002-05-08,,,,1973474.5454879613,1973474.5454879613,213339.37295183504
skelly alvero__2002-05-04,,,,1913416.0787740115,1901201.1992380666,95630.75761243993
slobodan rubezic__2000-03-21,,,,1330118.1736748077,1289783.5742686042,152670.04317670147
sofiane alakouch__1998-07-29,Sofiane Alakouch,DEF,537500.0000000003,779481.0121310672,779481.0121310672,17037.677594060013
sofiane boufal__1993-09-17,,,,3132853.606852482,3123859.578571803,181813.92838151852
sofiane diop__2000-06-09,,,,10427159.786100453,10427159.786100453,
sofus berger__2003-06-02,,,,741817.3265792849,741817.3265792849,20638.17034428527
sofyan amrabat__1996-08-21,,,,12402256.427843558,12110139.454505613,970780.0149992424
soichiro kozuki__2000-12-22,Soichiro Kozuki,MID,899999.9999999995,787280.0627338537,796776.0574003052,25842.63604417185
solly march__1994-07-20,,,,4712888.871213896,4971532.613232625,582676.3708461584
sondre rjaster__2003-11-28,,,,3395626.3524576025,3395626.3524576025,
sondre tronstad__1995-08-26,,,,2398812.7190870973,2398812.7190870973,
soner dikmen__1993-09-01,,,,806279.0169242063,806279.0169242063,46993.40574385813
soner gonul__1997-06-11,Soner Gönül,DEF,737500.0000000005,809365.5860943153,812403.1292009226,24612.12307614697
sonny perkins__2004-02-10,,,,569115.5415716382,572826.7856949327,7155.3708492167125
sontje hansen__2002-05-18,,,,2079965.7783316057,2113404.175254493,129259.57817520897
sota kawasaki__2001-07-30,,,,2776139.0948134307,2776139.0948134307,338719.75790982303
sotirios papagiannopoulos__1990-09-05,,,,525029.4019780885,525029.4019780885,14731.14679427722
sotiris alexandropoulos__2001-11-26,Sotiris Alexandropoulos,MID,2449999.9999999995,1627200.7585902598,1670120.8885781642,74748.68547116008
sotiris kontouris__2005-02-24,,,,1108717.489342793,1122629.6960802362,55772.90641813043
soualiho meite__1994-03-17,,,,3615482.786510132,3615482.786510132,423023.44288723083
souffian el karouani__2000-10-19,,,,10604864.333961796,10604864.333961796,62137.10898036408
souleyman doumbia__1996-09-24,,,,665779.8892128818,664462.9135877837,23401.10766022088
soumaila coulibaly__2003-10-14,,,,4454387.7199158035,4447786.671176026,251425.8506922465
soungoutou magassa__2003-10-08,,,,7844135.295941781,7608076.016447803,912121.5453567823
sren tengstedt__2000-06-30,,,,943727.9654941992,943727.9654941992,
stan henderikx__2003-07-08,,,,858773.099245683,879670.4996873322,45103.49127820345
stanis idumbo__2005-06-29,,,,2639513.0532893892,2644263.53884854,190164.7182359396
stanislav lobotka__1994-11-25,,,,23686209.340147525,23686209.340147525,
stanley mills__2003-10-25,,,,1575100.5522155527,1575100.5522155527,
stanley nsoki__1999-04-09,,,,2512242.536576512,2512242.536576512,
stav lemkin__2003-04-02,,,,1902717.7518851822,1902717.7518851822,
stavros gavriel__2002-01-29,,,,1168758.7124771292,1168758.7124771292,
stavros pilios__2000-12-10,,,,2219270.2744405856,2226001.625483456,47968.21353872638
stavros pnevmonidis__2006-08-07,Stavros Pnevmonidis,MID,1600000.0000000012,1922673.7186473354,1937231.1616910112,64960.58628455167
steeven assengue__2005-06-14,,,,347973.5201485582,347973.5201485582,16495.145960128775
stefan bajic__2001-12-23,,,,828590.2846021415,823842.3608112463,21410.122414785077
stefan bell__1991-08-24,,,,1264974.285337266,1272767.793233636,151775.9611795885
stefan de vrij__1992-02-05,Stefan de Vrij,DEF,12249999.999999987,12442249.465535155,12254197.658824757,1185660.0533709563
stefan drazic__1992-08-14,,,,750381.3314862043,750381.3314862043,
stefan drljaca__1999-04-20,,,,760137.1679558912,771642.9411611832,44536.48743081132
stefan gartenmann__1997-02-02,,,,2005245.577180595,2013050.6926116908,130696.68431099124
stefan knezevic__1996-10-30,,,,1091701.1813447871,1091701.1813447871,25022.624032337266
stefan kutschke__1988-11-03,,,,237422.3296203514,237422.3296203514,45351.44248300998
stefan lainer__1992-08-27,Stefan Lainer,DEF,1899999.9999999993,1242831.1366337498,1255190.9622201999,90654.14088625954
stefan mitrovic__1990-05-22,,,,343333.1647190845,343333.1647190845,11975.881745511675
stefan ortega__1992-11-06,,,,7113183.676475798,7096995.840655727,415427.7185252744
stefan posch__1997-05-14,,,,17217222.17610596,17217222.17610596,573065.823481303
stefan savic__1991-01-08,,,,3399220.9118885165,3399220.9118885165,
stefan schimmer__1994-04-28,,,,1320584.950532751,1335355.0193749692,35813.54873661422
stefan schwab__1990-09-27,,,,762463.7618082116,762463.7618082116,33298.84988434642
stefan smarkalev__2007-05-14,,,,361310.9149986535,361991.4343551828,14898.984456416914
stefan velkov__1996-12-12,,,,768580.43941333,768580.43941333,25536.057374998407
stefano mazzini__1998-12-06,,,,184330.73900819867,188129.66556391824,16150.38534885573
stefano moreo__1993-06-30,,,,1360633.598335459,1375285.1944659345,69590.70158010443
stefano russo__2000-06-29,,,,1314093.9213777639,1314093.9213777639,
stefano sabelli__1993-01-13,,,,1679620.028707862,1679620.028707862,56290.26732304248
stefano turati__2001-09-05,,,,3612489.545546422,3703280.857189038,190948.138177163
stefanos kapino__1994-03-18,,,,653131.0399054007,653131.0399054007,4939.288017190662
stefanos tzimas__2006-01-06,,,,4293364.446917288,4293364.446917288,
stefen tchamche__2006-01-08,,,,314349.7773473153,311251.1112931017,35428.6770185595
steffen tigges__1998-07-31,Steffen Tigges,FWD,1350000.0,1068574.969013943,1040397.1609108117,77377.60455360558
stelios andreou__2002-07-24,Stelios Andreou,DEF,2900000.0000000014,2979626.3753912714,3036691.8895089854,164114.55774916158
stephan ambrosius__1998-12-18,,,,1220302.9426369006,1220302.9426369006,
stephan el shaarawy__1992-10-27,,,,8133565.391397315,8273717.374265285,756386.8631592799
stephane diarra__1998-12-09,,,,1277529.0265568348,1262900.7743725507,40642.928964402716
stephen dukemckenna__2000-08-17,,,,366331.1363935149,371146.23405434244,14561.707543740498
stephen humphrys__1997-09-15,Stephen Humphrys,MID,712500.0000000002,787265.3994875306,787265.3994875306,
stephen kingsley__1994-07-23,Stephen Kingsley,DEF,534999.9999999995,856224.1643602392,856224.1643602392,33382.85541130345
stephen odonnell__1992-05-11,,,,234968.15577208297,237934.9568123399,22584.667798760547
stephen welsh__2000-01-19,,,,1531795.733104555,1531795.733104555,
stephy mavididi__1998-05-31,Stephy Mavididi,MID,6749999.999999997,6151393.318551038,6285515.480977846,284882.16960530146
steve cook__1991-04-19,,,,808956.5394219193,731444.0590092955,173933.74690695555
steve mounie__1994-09-29,,,,3287892.1294305827,3289271.2260557115,232583.92652569583
steve ngoura__2005-02-22,,,,1593437.0306827382,1593437.0306827382,
steven baseya__2005-01-14,,,,679577.0453391937,689717.792321976,42596.99137971166
steven benda__1998-10-01,Steven Benda,GK,1099999.9999999998,1034288.2627762055,1034288.2627762055,73527.78046988328
steven berghuis__1991-12-19,,,,5502056.750327339,5502056.750327339,406542.1158000477
steven bergwijn__1997-10-08,,,,19171233.625523105,18834258.323130973,859959.3055833408
steven moreira__1994-08-13,,,,1163640.1122869498,1163640.1122869498,171933.72061053262
steven nzonzi__1988-12-15,,,,344105.6901625736,342488.99049879797,28153.737779433377
steven skrzybski__1992-11-18,,,,1385296.1702791988,1369320.5100525653,53168.64022275676
stevie may__1992-11-03,,,,216935.86903459887,215974.3093700628,19911.018414748392
stian gregersen__1995-05-17,,,,1273419.6422407483,1287855.9845046524,39068.51524661794
stije resink__2003-05-28,,,,4955294.039920278,4899862.406056528,276103.4811180492
stijn spierings__1996-03-12,,,,2062042.39833572,2098864.044723444,104643.0875063282
stijn van gassel__1996-10-18,Stijn van Gassel,GK,999999.9999999997,845639.9872724109,829750.39239444,40832.178638020305
stipe perica__1995-07-07,,,,809739.8616010202,811893.2250209154,49445.42935402586
stipe radic__2000-06-10,,,,1347210.8138919787,1347210.8138919787,95759.7364696089
stiven shpendi__2003-05-19,Stiven Shpendi,MID,1949999.999999999,1172014.5441506556,1171625.6618373967,84609.55337636935
stole dimitrievski__1993-12-25,,,,3799047.789023096,4079960.6650496237,624331.2119560514
stoppila sunzu__1989-06-22,,,,375318.3855101909,375077.139607295,106178.13209025134
strahinja pavlovic__2001-05-24,,,,13162864.872124089,13250241.678531071,1173784.5262397132
stratos svarnas__1997-11-11,,,,1822929.7844215678,1822929.7844215678,85681.22173306411
streli mamba__1994-06-17,,,,578856.3555246711,575159.4163619175,23006.401131233768
stuart armstrong__1992-03-30,,,,1296185.3524166977,1285087.1916935418,97371.96826522886
stuart findlay__1995-09-14,Stuart Findlay,DEF,1024999.9999999995,1225415.082723002,1217355.0214556581,44166.752741120596
suat serdar__1997-04-11,,,,9670174.044629341,9670174.044629341,
sullay kaikai__1995-08-26,,,,336835.32642757805,386723.2534894992,104185.28669152188
svante ingelsson__1998-06-14,,,,1318360.8790779207,1318360.8790779207,276022.50725300435
svar atli magnusson__2000-06-16,,,,817412.7458827592,763639.9708042957,100509.25292032676
sven botman__2000-01-12,Sven Botman,DEF,35499999.999999955,40603363.6105831,40018868.44144048,1405404.0712828576
sven bouland__2006-02-22,,,,456054.94244747265,456054.94244747265,5878.543240743801
sven jansen__2004-10-23,,,,173443.88468389233,171357.2809320079,5416.033031865201
sven kohler__1996-11-08,,,,855406.1140179043,861004.4155930945,25344.88887513352
sven mijnans__2000-03-09,,,,11573350.391532822,11686614.251471974,1121187.9342261604
sven sonnenberg__1999-01-19,,,,721596.654275898,721596.654275898,35694.41178797431
sven ulreich__1988-08-03,,,,453267.1448927584,451157.35276904714,43764.0438929591
svenn crone__1995-05-20,Svenn Crone,DEF,512499.9999999997,481256.46804068785,476829.38244272524,24889.412098884623
sverre nypan__2006-12-19,,,,5073131.821648471,5073131.821648471,1669268.409082699
sverrir ingi ingason__1993-08-05,,,,1714878.4164484506,1714878.4164484506,46808.04170685141
syb van ottele__2002-02-02,,,,1621174.0814279865,1621174.0814279865,
sydie peck__2004-09-13,,,,3537464.066553707,3441867.5249392134,189159.8703705566
sydney van hooijdonk__2000-02-06,,,,1707428.9174918283,1663004.75322347,139907.3941978581
szymon czyz__2001-07-08,,,,857280.7084206836,857280.7084206836,6809.286702497855
taha altkardes__2003-08-22,,,,1683225.8188667872,1695847.601945015,47999.15177875322
taha emre ince__2007-07-26,Taha Emre İnce,DEF,312500.00000000023,337599.57130112813,337599.57130112813,2181.439435820062
taha sahin__2000-10-22,,,,1949190.8120440138,1981093.3996455024,51641.35662191639
tairyk arconte__2003-11-12,,,,1114361.9626235643,1140250.5932598775,234019.25235671256
taishi brandon nozawa__2002-12-25,,,,487188.07242269244,487188.07242269244,48335.013818577165
taiwo awoniyi__1997-08-12,,,,6463036.428399387,6463036.428399387,
tajon buchanan__1999-02-08,,,,6122709.237987706,5903709.9616150595,899090.55954237
takahiro akimoto__1998-01-31,,,,1050651.7284024018,1050651.7284024018,40575.06657705877
takayuki seto__1986-02-05,,,,127314.15062768066,104652.76298395608,49833.43768076905
takefusa kubo__2001-06-04,,,,34924056.48666251,34431057.02127546,4755128.5023571
takehiro tomiyasu__1998-11-05,,,,11047319.156240942,10771128.753976561,1419085.3063397384
takuma asano__1994-11-10,,,,4075648.9885027884,4075648.9885027884,27857.96275289392
takumi minamino__1995-01-16,,,,10632164.762386233,10253764.777468447,698471.7302999285
talha sararslan__2004-01-18,,,,296252.7247253325,288067.2442863048,29105.50970417993
talha ulvan__2001-04-20,,,,275188.1628317715,278972.18878216797,30610.243360494296
tamas nikitscher__1999-11-03,,,,1558948.595793565,1449600.7361602373,217557.7198936583
tammer bany__2003-10-19,,,,903204.7444116514,969527.3830564027,205674.6587216421
tammy abraham__1997-10-02,,,,12512093.509461083,12512093.509461083,996507.4230163922
tanguy coulibaly__2001-02-18,,,,2905977.208912343,2875774.762490908,99351.17687427455
tanguy ndombele__1996-12-28,,,,3357144.4253282817,3299871.534422217,209497.26841925702
tanguy nianzou__2002-06-07,,,,3332221.5131268892,3221746.7996070124,319754.18054492684
tanguy zoukrou__2003-05-07,,,,935336.0922224391,938138.0274420995,37332.114134348776
tani oluwaseyi__2000-05-15,,,,2508017.0221052216,2501193.246302766,20033.946644076124
tanner tessmann__2001-09-24,,,,12106784.22672938,12106784.22672938,
taras mykhavko__2005-05-30,Taras Mykhavko,DEF,4799999.999999999,5076537.4690726055,5326234.601575449,518447.2718665825
taras stepanenko__1989-08-08,,,,481362.85396975116,467123.0534967347,45046.23944014969
tarek buchmann__2005-02-28,,,,434070.39098970895,434070.39098970895,
tarik muharemovic__2003-02-28,,,,5600466.668322955,5734811.42558627,420691.55119392247
tariq lamptey__2000-09-30,,,,4524828.923264653,4524828.923264653,
tark cetin__1997-01-08,,,,898363.0416899548,898363.0416899548,
taskn ilter__1994-07-05,,,,407590.2317373085,419184.0811661885,20593.890783400646
tatsuhiro sakamoto__1996-10-22,,,,3812834.4675471573,3995770.458432973,487178.1099772759
tawanda maswanhise__2002-11-20,,,,1254032.2103929527,1254032.2103929527,
tayfur bingol__1993-01-11,,,,665740.3398249851,667731.2938458995,8597.429089144292
taylan antalyal__1995-01-08,,,,1068324.0513765363,1069983.4081717425,26104.119151041086
taylor booth__2001-05-31,,,,1538961.8730581128,1538961.8730581128,
taylor gardnerhickman__2001-12-30,,,,2032926.6454546843,1939601.2175693836,253773.7568124889
taylor harwoodbellis__2002-01-30,Taylor Harwood-Bellis,DEF,15000000.00000001,7781086.752081815,7781086.752081815,1061468.2721958717
taylor perry__2001-07-15,,,,288318.7967535731,290350.58399889205,11055.550106472165
taylor richards__2000-12-04,,,,595954.3015000625,616350.6398892573,35435.69602460592
tayo adaramola__2003-11-14,,,,1068843.074741786,1058777.7668502526,148571.93052043943
tayyip talha sanuc__1999-12-17,,,,1329314.8680203015,1320977.2842949668,38505.054523607825
teddy okou__1998-05-15,,,,1441872.0490428815,1441872.0490428815,
teddy teuma__1993-09-30,,,,4001393.1619710424,3988306.0383364423,35769.00192155765
teemu pukki__1990-03-29,Teemu Pukki,FWD,1150000.0000000005,702927.0316458964,703514.5628974338,44709.386592095114
teenage hadebe__1995-09-17,,,,1128757.1403913866,1128757.1403913866,150305.77419799712
teji savanier__1991-12-22,Téji Savanier,MID,6250000.000000005,2537123.9144071513,2490545.407886161,148881.8603848409
telasco segovia__2003-04-02,,,,2727273.9279864384,2759142.8338115923,424264.7560343658
telli siwe__2004-12-14,,,,767227.0375569833,767227.0375569833,
telmo arcanjo__2001-06-21,,,,2330968.2601259877,2278775.7247619936,162817.10943035857
tendayi darikwa__1991-12-13,,,,410018.26435635553,404541.1274129991,11342.792452937938
terem moffi__1999-05-25,,,,5631243.396139693,5631243.396139693,
terrence boyd__1991-02-16,,,,394206.05633643374,394206.05633643374,15257.300362449081
terry taylor__2001-06-29,,,,609223.3433759348,609223.3433759348,19236.578701503993
terry yegbe__2001-01-25,,,,2407352.5401535486,2407352.5401535486,186247.54503618905
tete yengi__2000-11-28,,,,295546.62242348393,293138.7659954961,4925.277159029592
teun koopmeiners__1998-02-28,,,,20757045.51791026,21060056.169962432,590145.4080997969
thelo aasgaard__2002-05-02,,,,1944643.6851919424,1944643.6851919424,3167.8252163552065
theo bair__1999-08-27,,,,2406657.418625884,2378945.972204668,55563.3573840219
theo corbeanu__2002-05-17,,,,1789226.2739509523,1853029.157425179,118319.498295868
theo de percin__2001-02-02,Théo De Percin,GK,899999.9999999995,1207805.3384720096,1228365.451043477,62505.75726806968
theo defourny__1992-04-25,,,,247717.3666520837,249203.82137252978,25023.36968627535
theo guivarch__1995-11-17,,,,479003.4819556661,473860.1957397065,28612.088384103932
theo hernandez__1997-10-06,,,,36586568.808946505,37006920.728816494,2218541.961513691
theo le bris__2002-10-01,Théo Le Bris,DEF,2849999.999999999,3542748.40106675,3542748.40106675,169825.36665911955
theo leoni__2000-04-21,Théo Leoni,MID,3499999.9999999995,2274372.0967382723,2274372.0967382723,48706.17661637083
theo sainteluce__1998-10-20,Théo Sainte-Luce,DEF,1249999.999999999,1305589.3464634956,1330323.2403033024,116919.39132271984
theo sander__2005-01-08,,,,800023.0895558351,800716.434796975,17257.869039818528
theo vermot__1997-01-27,,,,164447.0380386792,161519.89917592704,10742.80795536835
theo zidane__2002-05-18,,,,1086512.58073904,1086512.58073904,13585.877400300358
therence koudou__2004-12-13,,,,2576903.6404531347,2576903.6404531347,91784.45583014697
thiago almada__2001-04-26,,,,28153405.983127635,29560109.104733147,2947816.3458894514
thiago borbas__2002-04-07,,,,4388210.847139816,4388210.847139816,59079.415931636155
thiago fernandez__2004-04-03,,,,7452353.130924075,7444305.933437299,123664.51309444998
thibault de smet__1998-06-05,,,,2217545.870866319,2196710.1260480336,65766.28081293529
thibault klidje__2001-07-10,,,,2290858.0817697886,2181124.496549099,237298.2159420938
thibault vlietinck__1997-08-19,,,,743051.1720399994,743051.1720399994,5495.081653139293
thibaut courtois__1992-05-11,,,,32014803.266565256,32014803.266565256,445890.80620546726
thibaut vargas__2000-05-22,Thibaut Vargas,DEF,1350000.0,1636847.246931424,1636847.246931424,7769.816764864078
thibo baeten__2002-06-04,,,,838928.7806336258,838928.7806336258,
thibo somers__1999-03-16,,,,3222819.732466832,3239414.468378392,222331.83621645175
thierno balde__2002-06-10,,,,999152.7721105969,999152.7721105969,
thierno barry__2002-10-21,,,,19500073.14905419,19489272.602616984,553053.6753707606
thierry lutonda__2000-10-27,,,,799769.1307946341,814737.17619744,45566.683817744
thierry small__2004-08-01,Thierry Small,DEF,1749999.9999999998,2245767.056418975,2245551.5474813012,106629.91832899171
thijmen blokzijl__2005-02-25,,,,3559138.1917534824,3559138.1917534824,158316.26030979076
thijmen nijhuis__1998-07-25,,,,504369.2148091434,485496.4972594184,35029.864744277096
thijs dallinga__2000-08-03,,,,13505031.152919605,13505031.152919605,
thijs oosting__2000-05-02,,,,812298.4445340304,803120.8917007094,30481.299867505368
thilo kehrer__1996-09-21,,,,11803240.279992891,11395348.92476467,889263.4715016809
thom van bergen__2004-01-06,Thom van Bergen,MID,2150000.0,1733233.2463235734,1715334.6323667127,63278.263622229766
thomas battistella__2001-07-29,,,,847210.2050864684,846579.0606443724,17393.505806561316
thomas beelen__2001-06-11,,,,7450755.7812804505,7372605.990678953,453238.8429900791
thomas bruns__1992-01-07,,,,543940.0852168126,543940.0852168126,24084.387771090944
thomas buitink__2000-06-14,,,,622169.6199238154,623859.8092175084,31443.32120317733
thomas callens__1998-09-06,,,,558665.902096278,558665.902096278,17731.96570156687
thomas carrique__1999-02-26,,,,777034.8980689443,775827.475850333,16292.078414795023
thomas claes__2004-03-26,,,,1923338.2580534047,1904461.1345287492,167330.00748279926
thomas delaney__1991-09-03,,,,1698761.799519705,1596792.253948656,189737.41054856952
thomas foket__1994-09-25,Thomas Foket,DEF,3600000.0000000014,1260351.8074492207,1256166.8332948983,56055.34616015385
thomas gundelund__2001-11-06,Thomas Gundelund,DEF,875000.0,1149718.6386629327,1214020.7939411234,166530.40525069603
thomas henry__1994-09-20,,,,1824838.713752027,1831212.7733605017,62606.76454107114
thomas isherwood__1998-01-28,Thomas Isherwood,DEF,749999.9999999998,833530.9782671202,848943.0627631112,37688.25136740786
thomas jrgensen__2005-09-30,,,,2257083.353116182,2257083.353116182,110374.5056823196
thomas kastanaras__2003-01-09,,,,721629.1537510082,721629.1537510082,69124.83465030638
thomas keller__1999-08-05,,,,1088392.6851247954,1089505.0742643364,59186.055247598335
thomas kristensen__2002-01-17,Thomas Kristensen,DEF,6950000.000000006,4319322.658100881,4281331.992210708,263078.4802258934
thomas lemar__1995-11-12,,,,8038156.843537413,8425592.88919179,1245922.6794489753
thomas meiner__1991-03-26,,,,271760.16047609196,271129.7657035366,2645.2886558472387
thomas mikkelsen__1983-08-27,Thomas Mikkelsen,GK,37500.00000000001,120607.98704111154,117217.51015634593,8758.214536568626
thomas monconduit__1991-02-10,,,,501195.49807495007,497222.0157322155,31616.799825050017
thomas muller__1989-09-13,,,,7080443.81793347,7089244.374174288,152128.1564537533
thomas oude kotte__1996-03-20,Thomas Oude Kotte,DEF,950000.0000000008,1427172.6431213424,1424855.8677635274,96182.77686021228
thomas ouwejan__1996-09-30,,,,1394617.9778875988,1394617.9778875988,211992.48892445283
thomas partey__1993-06-13,,,,10689783.305539075,10689783.305539075,
thomas robinet__1996-08-18,,,,1045805.7185605199,1045805.7185605199,92875.25697792991
thomas santos__1998-10-10,,,,584612.7287608839,596914.2487923793,121984.75155818225
thomas strakosha__1995-03-19,,,,3469911.024505703,3471872.828969177,197103.4257747845
thomas van den belt__2001-06-18,,,,2383911.679430564,2383911.679430564,166297.26795601874
thomas van den keybus__2001-04-25,,,,1584007.318835621,1584007.318835621,184548.70450963278
thore jacobsen__1997-04-19,,,,727045.2755846488,727045.2755846488,
thorgan hazard__1993-03-29,,,,2988034.7393596065,3077771.202438189,167405.57981576415
tiago cukur__2002-11-30,Tiago Çukur,FWD,649999.9999999995,701954.170312762,703568.3547534817,46585.08246604138
tibe de vlieger__2005-11-05,Tibe De Vlieger,MID,749999.9999999998,887091.6380157528,920061.8433309802,65298.70397005851
tidiam gomis__2006-08-08,Tidiam Gomis,MID,3249999.9999999986,3822863.7773315366,3889243.617031504,207780.1274693691
tidjany toure__2002-07-15,,,,1766944.0745522107,1765421.3034538075,41545.95249644025
tijjani noslin__1999-07-07,,,,6590738.325942879,6532661.476493059,472672.85149876337
tijjani reijnders__1998-07-29,,,,72518547.24008013,72518547.24008013,10985221.82995441
tijmen holla__2006-07-25,,,,229357.2028911448,229309.26005188207,6982.75483104851
tijn van ingelgom__2007-03-05,,,,362334.6701770326,357849.4992088035,25126.793758829648
tijs velthuis__2002-01-12,,,,1016065.3186150938,1017830.7850580533,42164.90563135742
tika de jonge__2003-03-11,Tika de Jonge,MID,1800000.000000001,1727255.6262143692,1727255.6262143692,52689.19270957839
till cissokho__2000-02-08,,,,862888.9544160435,791797.6298149568,138151.3850661649
tim breithaupt__2002-02-07,,,,1979709.1376154367,1982143.542951016,75964.57442122913
tim chow__1994-01-18,,,,1509781.530128628,1618756.3040766888,198586.70905605768
tim civeja__2002-01-04,Tim Civeja,MID,674999.9999999998,664467.2601833665,653790.29504739,47738.64739315544
tim drexler__2005-03-06,,,,2144639.6937910556,2144599.8484190283,109155.96754942613
tim freriks__1998-10-02,,,,631980.1641331563,630012.1464160901,10543.879949629641
tim handwerker__1998-05-19,,,,1172751.6841113106,1144240.1496238965,67632.22620329222
tim iroegbunam__2003-06-30,,,,12150385.200906062,11946060.07090379,534376.1593563154
tim jabolfolcarelli__1999-12-06,,,,2078680.8710979298,2045523.056925484,95261.61605795298
tim kleindienst__1995-08-31,,,,21518412.69374717,21895343.055090886,954355.4460221924
tim lemperle__2002-02-05,,,,7474332.637581486,7474332.637581486,584981.0725560501
tim oermann__2003-10-06,,,,4822725.29933635,4822725.29933635,32259.738891787678
tim paterok__1992-08-05,,,,225451.697961681,224644.1145771836,7314.671746596178
tim ream__1987-10-05,,,,608529.6738110789,608529.6738110789,78426.31740056013
tim schreiber__2002-04-24,,,,1128036.7184673087,1114727.6742114532,48351.41744888075
tim siersleben__2000-03-09,,,,2957914.3231367543,2976014.919747661,203710.94747430552
timjustin dietrich__2002-11-08,,,,304861.61214480235,291911.54777673725,26965.321656988588
timo baumgartl__1996-03-04,Timo Baumgartl,DEF,1499999.9999999986,1225148.711938111,1236985.2006311207,86233.68546594722
timo becker__1997-03-25,Timo Becker,DEF,1200000.0000000005,1931961.282782522,1931961.282782522,
timo horn__1993-05-12,,,,1235009.375592273,1224152.1474037645,84332.95388879882
timo hubers__1996-07-20,,,,3865445.45623659,3776800.202438883,314774.7207880942
timo letschert__1993-05-25,,,,2148938.2156775855,2188755.3657680633,197688.01958489566
timo schlieck__2006-03-02,Timo Schlieck,GK,587500.0000000002,479512.3434143734,461483.7257530538,35440.60202681648
timo stavitski__1999-07-17,,,,644256.6443683503,632189.8065509028,66653.37854168015
timo werner__1996-03-06,,,,6826291.765897744,6706985.021042106,805845.1584095374
timon vanhoutte__2004-01-29,,,,493307.4937062541,498911.74706756126,14073.467896552862
timon wellenreuther__1995-12-03,,,,4241140.63786152,4241140.63786152,146868.56438703995
timothe cognat__1998-01-25,,,,3838179.3271049117,3838179.3271049117,
timothe nkada__1999-07-20,,,,2043561.8958710541,2043561.8958710541,
timothee kolodziejczak__1991-10-01,,,,554015.765099649,554015.765099649,
timothee pembele__2002-09-09,,,,3349751.163016608,3334067.905933803,396799.0936497582
timothy castagne__1995-12-05,,,,4621770.599002542,4621770.599002542,
timothy tillman__1999-01-04,,,,1708630.4553490072,1737090.6376723403,287245.2980889756
timothy weah__2000-02-22,,,,10996624.20194236,11772271.41727726,1601139.6153449744
tin jedvaj__1995-11-28,,,,1957121.983381859,1975017.3247384278,88099.02514496818
tino anjorin__2001-11-23,,,,1985122.2319087358,1984155.3281492167,193385.7317268575
tino livramento__2002-11-12,,,,37295357.230233304,38011196.2054577,1838402.2359933974
titouan thomas__2002-01-12,,,,1098112.6297474105,1108660.8544755715,24961.576056677095
tjaronn chery__1988-06-04,Tjaronn Chery,MID,950000.0000000008,1156343.3226684975,1158581.5494170412,56194.03332264197
tobe leysen__2002-03-09,Tobe Leysen,GK,3600000.0000000014,2271051.390601073,2178597.515780333,171554.80335107417
tobi oluwayemi__2003-05-08,,,,211718.9878014627,213555.63988757724,11106.403380933476
tobias anker__2001-03-06,,,,1082405.1912954412,1082405.1912954412,
tobias bach__2003-06-04,,,,876939.1544058076,880268.1775061496,17973.20567506766
tobias bech__2002-02-19,,,,1723399.6694195874,1723399.6694195874,1225.515639378509
tobias hedl__2003-01-15,Tobias Hedl,FWD,725000.0000000006,825234.4301673678,818371.120449924,32797.74783215523
tobias heintz__1998-07-13,,,,1869380.5199327425,1869380.5199327425,
tobias klysner__2001-07-03,,,,859304.1813702562,855282.0792145177,39047.17320184202
tobias lauritsen__1997-08-30,,,,3351761.0209229016,3356034.5564483427,50148.1289508607
tobias lauritsen__2004-06-18,,,,1016692.6154292325,1014420.1369293747,37338.556044730045
tobias lawal__2000-06-07,,,,3020762.4728186475,3020762.4728186475,
tobias mohr__1995-08-24,,,,1357113.7673534998,1382740.3618656478,81432.57641164312
tobias raschl__2000-02-21,,,,1036976.4831060527,1052545.0748146006,44846.64769736506
tobias salquist__1995-05-18,,,,1101434.4098993302,1101434.4098993302,31586.792713425803
tobias sippel__1988-03-22,,,,117492.04331267998,118409.27026432108,8538.805451792701
tobias slotsager__2006-01-01,,,,2834468.667300847,2834468.667300847,
tobias sommer__2001-11-27,,,,885258.4875011176,865648.9903027981,52638.46305192915
toby collyer__2004-01-03,,,,3641628.7011863617,3681244.0242510196,276328.12295503623
toby sibbick__1999-05-23,,,,493294.2549918224,493294.2549918224,224279.8121760134
tochi chukwuani__2003-03-24,,,,2170321.8770762654,2164938.014841022,192757.32446939163
tochukwu nnadi__2003-06-30,,,,660159.1694680864,660159.1694680864,5363.604322371929
tolcay cigerci__1995-01-24,Tolcay Ciğerci,MID,787499.9999999994,1013657.5763805606,1022723.211352661,63724.01228024846
tom aldred__1990-09-11,Tom Aldred,DEF,362499.9999999997,268521.1808950582,268521.1808950582,13226.921192000167
tom anderson__1993-09-02,,,,295032.59784143465,295032.59784143465,13017.080126381034
tom bischof__2005-06-28,,,,27028853.461137712,27819321.00102376,2128315.4390797024
tom bradbury__1998-02-27,Tom Bradbury,DEF,237499.99999999983,319741.6065550138,316003.91510341817,14403.00186498008
tom cairney__1991-01-20,,,,1812724.5434971352,1595953.2071053803,407680.0430007096
tom cannon__2002-12-28,,,,2923019.1614706535,2659964.528637236,682549.9610332767
tom davies__1998-06-30,,,,1614057.2368748097,1558263.7762080976,156949.60401520904
tom davies__2003-11-11,,,,268098.5948277327,268098.5948277327,
tom de graaff__2004-12-10,Tom de Graaff,GK,899999.9999999995,790078.4608647161,786417.0026108734,49523.4190964433
tom edwards__1999-01-22,,,,358859.5086644743,355615.4128916393,20326.013759685997
tom gaal__2001-03-03,,,,1173436.7257410511,1182740.3877895596,36769.31420012457
tom grivosti__1999-06-15,Tom Grivosti,DEF,275000.0000000002,284416.43927385,277845.97250463755,12681.089292541368
tom heaton__1986-04-15,,,,103607.70157391232,103607.70157391232,8541.587545397417
tom hendriks__2002-05-14,,,,264251.8017150869,264251.8017150869,
tom hulsmann__2004-04-11,,,,1129355.6852135037,1129355.6852135037,
tom ince__1992-01-30,,,,877018.4152234735,858436.6208679961,118759.77295390722
tom james__1996-04-15,,,,651432.1318543139,651432.1318543139,338792.91214693635
tom king__1995-03-09,,,,361845.9419740016,361845.9419740016,5401.558488550296
tom krau__2001-06-22,Tom Krauß,MID,4500000.000000002,5773512.387881031,5612621.603595862,428649.7898737964
tom lawrence__1994-01-13,,,,1832971.8183489298,1832971.8183489298,
tom louchet__2003-05-04,,,,4086791.379977855,4052847.076408585,310952.25611880404
tom lowery__1997-12-31,,,,438188.57924923365,436885.41999826866,19275.91765084754
tom mcgill__2000-03-25,,,,348129.72569335933,348129.72569335933,5859.015382953041
tom mcintyre__1998-11-06,,,,597266.9347194082,595369.5948690141,8752.24373692587
tom moustier__2002-05-02,,,,804105.9262010523,804105.9262010523,82784.10318627012
tom negrel__2003-04-13,,,,279169.7812568325,277772.348049363,8957.673593772088
tom pettersson__1990-03-25,Tom Pettersson,DEF,387499.99999999977,472868.85018288647,472868.85018288647,84721.3800356465
tom sang__1999-06-29,,,,415589.29654191737,415589.29654191737,18672.697531906757
tom sparrow__2002-12-06,Tom Sparrow,MID,312500.00000000023,424352.0445332226,438691.9604231195,63882.39621317961
tom trybull__1993-03-09,Tom Trybull,DEF,337500.00000000006,347184.79766329227,347184.79766329227,2877.7211412355455
tom van de looi__1999-07-02,,,,2011464.2533184038,2011464.2533184038,130690.1961131345
tom vandenberghe__1992-08-17,,,,529486.6523007886,491671.9113367188,78703.30935213782
toma basic__1996-11-25,,,,2413946.7844912433,2387483.575716736,112018.01593920785
tomas alarcon__1999-01-19,,,,1032130.4392958166,1082356.2872877177,105030.62942498681
tomas chory__1995-01-26,,,,4431062.95800496,4442144.723753967,207209.6387628525
tomas cvancara__2000-08-13,,,,3130249.92944124,3239960.1449667704,274558.1856852755
tomas kalas__1993-05-15,,,,853245.5884561298,853245.5884561298,
tomas muro__2002-05-05,Tomás Muro,MID,837499.9999999995,702151.1666874898,694446.6110563672,68725.55669655144
tomas ostrak__2000-02-05,,,,688035.540258463,688035.540258463,
tomas soucek__1995-02-27,,,,7996331.877374676,8414002.185294159,1282441.2848633123
tomas suslov__2002-06-07,,,,4315637.00232177,4315637.00232177,157645.80318240702
tomasz kedziora__1994-06-11,,,,2819986.196075034,2978781.108043525,282359.6839498639
tommaso augello__1994-08-30,,,,3220921.968133713,3220921.968133713,457270.4196065644
tommaso baldanzi__2003-03-23,,,,8020148.075425269,7957562.729017029,178098.02287239474
tommaso barbieri__2002-08-26,,,,2689511.15810043,2709684.0589703736,262305.77638274676
tommaso biasci__1994-11-10,,,,918601.229887693,918601.229887693,19658.450888335738
tommaso cassandro__2000-01-09,,,,1081157.3372497521,1069859.6363863843,45916.23056219883
tommaso corazza__2004-06-29,,,,1715815.1674395285,1735959.1721616166,36145.23549314151
tommaso del lungo__2003-11-21,Tommaso Del Lungo,DEF,875000.0,1190535.1152017494,1190535.1152017494,16338.35853912135
tommaso martinelli__2006-01-06,,,,1619896.5899901197,1588124.0744238566,102759.57375949796
tommaso pittino__2005-01-14,,,,461988.2193913711,436784.74577319773,64650.925970232805
tommaso pobega__1999-07-15,Tommaso Pobega,MID,7750000.000000002,6651974.136150257,6464749.763312371,368001.68158125214
tommi oreilly__2003-12-15,,,,514761.0686252483,514761.0686252483,23024.21495687725
tommy doyle__2001-10-17,,,,7416577.185667754,7256887.460992472,363842.7658269936
tommy st jago__2000-01-03,,,,1439133.7255385036,1483306.9072751056,117376.26773485265
tomoki iwata__1997-04-07,Tomoki Iwata,DEF,1749999.9999999998,2887626.5266310167,2786486.097364792,215891.48866244475
toni borevkovic__1997-06-18,,,,3307791.840394444,3488502.8755181627,290195.80228687456
tonni adamsen__1994-11-15,Tonni Adamsen,MID,1249999.999999999,1748510.823650508,1712206.9415559312,219076.49438645877
tonny vilhena__1995-01-03,,,,1759440.0269024735,1755566.4937330242,62168.289426471674
tony miettinen__2002-09-23,Tony Miettinen,DEF,487499.9999999996,547224.7006536898,547224.7006536898,39869.42241702109
tony springett__2002-09-22,,,,708929.9227057478,707403.8557074864,2707.6181680375335
tony strata__2004-09-07,Tony Strata,DEF,800000.0000000005,900028.1956735358,1028251.2293115315,310476.77588075615
tony yogane__2005-09-24,Tony Yogane,MID,462500.00000000006,560354.4078353771,556200.3987754841,12668.404533699339
toon raemaekers__2000-09-09,,,,1286640.6106071626,1286640.6106071626,21129.48815296493
torben musel__1999-07-25,,,,705760.4851856332,732007.6113886435,62639.25395383688
torbjrn heggem__1999-01-12,Torbjørn Heggem,DEF,5500000.000000001,4407557.555972624,4351131.36777212,253926.34490112276
toyosi olusanya__1997-10-14,,,,355833.8278448917,355833.8278448917,60958.045722685085
trai hume__2002-03-18,,,,18111818.22919105,18111818.22919105,1005900.962846652
travis hernes__2005-11-04,,,,645622.3601628087,628509.5235805026,40134.815728512476
trent alexanderarnold__1998-10-07,,,,78987751.38169356,78987751.38169356,
trent sainsbury__1992-01-05,,,,525270.176943537,525817.0981317306,18220.601924175804
trevan sanusi__2007-04-25,,,,661928.5922978546,658528.3877263877,40382.928839104665
trevis dago__2005-01-21,,,,771228.2223487567,771228.2223487567,74925.8553386402
trevoh chalobah__1999-07-05,,,,25202197.285010096,24949637.245272435,1107950.110034886
trey nyoni__2007-06-30,,,,1603020.217411377,1524860.7122955266,424327.46204335487
tristan crama__2001-11-08,,,,2927500.8984103687,2927500.8984103687,211893.55156613636
tristan degreef__2005-01-19,,,,1806727.8858393328,1806727.8858393328,
tristan gooijer__2004-09-02,,,,907288.9001882497,871686.1874213816,79412.1751061121
tristan muyumba__1997-03-07,Tristan Muyumba,MID,1099999.9999999998,1182653.2863230933,1176341.7839295333,76858.15939037538
tristan schenkhuizen__2004-07-12,,,,247347.16724848168,249171.9275379883,3282.107238868741
tristan van gilst__2003-02-18,,,,601778.585867009,615312.6189589639,32450.74819433151
troy parrott__2002-02-04,Troy Parrott,FWD,15499999.999999987,10578050.463042235,10701110.835144404,535239.5716538571
true grant__2005-11-02,True Grant,GK,487499.9999999996,333285.086761656,333285.086761656,33748.82677489641
tsuyoshi watanabe__1997-02-05,,,,7385434.296905696,7348902.434880691,523728.64614326257
tudor baluta__1999-03-27,,,,1089981.4367172525,1089981.4367172525,
tugbey akgun__2003-04-09,,,,223236.86020839322,226828.67799027494,14061.651937508976
tunahan tasc__2002-04-29,,,,844600.8566442544,844600.8566442544,
tunmise sobowale__1999-03-19,,,,251691.84587369583,254824.5868382728,19726.382115724267
tuomas ollila__2000-04-25,,,,1376054.0415340548,1375821.1679815035,8741.125934192594
tuur rommens__2003-03-26,,,,2741520.3646364524,2698255.075089279,247686.22776771372
tygo land__2006-01-11,,,,2198690.256440549,2194219.08174425,74337.52085263099
tylel tati__2008-01-19,,,,2508454.1044535115,2508454.1044535115,167491.97829440248
tyler adams__1999-02-14,Tyler Adams,MID,22249999.999999985,21183999.380295496,21374045.340600796,1000639.247748128
tyler dibling__2006-02-17,Tyler Dibling,MID,19499999.99999998,15531664.542817071,15492111.16686934,365783.9013804258
tyler onyango__2003-03-04,,,,576744.0503969135,568587.2978358812,15726.33736600889
tyler roberts__1999-01-12,,,,836261.5789287381,869855.3911016744,180106.66989139328
tyreece johnjules__2001-02-14,,,,575976.2603899224,575976.2603899224,10550.788846751242
tyrell malacia__1999-08-17,Tyrell Malacia,DEF,5500000.000000001,7626672.765634038,7471473.620443478,483563.27779609076
tyrese campbell__1999-12-28,,,,2298095.757006768,2369554.2344285306,162726.6152350463
tyrese francois__2000-07-16,,,,563222.7607956169,552454.2446039212,51216.59097581928
tyrese noslin__2002-09-11,,,,1345279.0425524698,1430403.1048703317,155048.3430145428
tyrhys dolan__2001-12-28,,,,8525808.247905627,8525808.247905627,369958.96976820804
tyrick mitchell__1999-09-01,,,,19830325.330858704,19830325.330858704,
tyrique george__2006-02-04,,,,5129646.573625494,5129646.573625494,358877.68032999116
tyrique mercera__2003-12-19,,,,915459.1368389903,927614.9669739694,50894.48133830143
tyrone mings__1993-03-13,Tyrone Mings,DEF,6499999.999999999,8255505.783774372,8146975.6715403665,636949.662787529
tyronne ebuehi__1995-12-16,,,,2078183.0613495957,2078183.0613495957,
uchenna ogundu__2006-05-12,Uchenna Ogundu,FWD,462500.00000000006,692776.3720584759,736531.7244795753,119251.30687452244
ufuk akyol__1997-08-27,,,,768221.6401316429,758757.7705119492,49405.9728348006
ugo raghouber__2003-07-13,,,,2748185.8582944074,2748185.8582944074,269447.9281929415
ugur kaan yldz__2002-08-06,,,,180225.13525534124,180225.13525534124,
ugurcan cakr__1996-04-05,Uğurcan Çakır,GK,16250000.0,16175103.531786919,16147342.947798375,53812.33340622624
ugurcan yazgl__1999-04-09,,,,949285.7868123945,949285.7868123945,
ulisses garcia__1996-01-11,,,,3594437.123793436,3594437.123793436,212611.14505424944
umit akdag__2003-10-06,,,,1512947.768407273,1512947.768407273,
umut bozok__1996-09-19,,,,914431.1318868287,931579.674494754,47838.37860890368
umut gunes__2000-03-16,,,,1962170.9357359712,1963447.282447361,70714.73842583997
umut meras__1995-12-20,,,,893346.7699030874,818477.3596062729,174416.88991033437
umut nayir__1993-06-28,,,,1486725.4833325506,1498666.9321901593,56656.10628696939
umut tohumcu__2004-08-11,Umut Tohumcu,MID,5400000.000000005,3503992.1261423845,3601285.3006764282,361725.8711557173
urko gonzalez de zarate__2001-03-20,Urko González de Zárate,MID,7750000.000000002,9813670.963278783,9928432.428161552,411303.92986289214
uros radakovic__1994-03-31,Uroš Radaković,DEF,775000.0000000007,695460.4659679558,701820.3712752155,63018.79177264898
uros spajic__1993-02-13,,,,733675.1307149965,733675.1307149965,124681.10969394931
vaclav cerny__1997-10-17,,,,13837913.147973737,13837913.147973737,
vaclav hladky__1990-11-14,,,,308150.6226155954,298134.22176016134,35915.84418637106
vaclav jemelka__1995-06-23,Václav Jemelka,DEF,2900000.0000000014,3624276.701631048,3548901.8371343953,392959.9630389571
valdemar birks__2001-03-17,,,,864542.3251917623,864542.3251917623,71877.73558584967
valdemar byskov__2005-01-25,,,,2289974.412291255,2289974.412291255,56654.808423593575
valdemar lund__2003-05-28,,,,1581000.5889711643,1556574.0658927823,59007.6070481526
valentin atangana__2005-08-25,,,,5576599.022628636,5445299.4620391615,386076.953814731
valentin barco__2004-07-23,,,,16029617.281265423,15429148.77352083,1251099.381726813
valentin carboni__2005-03-05,,,,5013343.797449982,5013343.797449982,319658.38539890066
valentin cojocaru__1995-10-01,,,,1205934.7600223054,1205934.7600223054,90417.95591049592
valentin gendrey__2000-06-21,,,,5691907.667244202,5691907.667244202,
valentin gheorghe__1997-02-14,,,,462341.89912454085,452095.87676655303,24567.031335802672
valentin gomez__2003-06-26,,,,13806820.691643372,13716934.50889631,304104.6771499116
valentin mihaila__2000-02-02,,,,1972451.623972825,2152844.5650738077,396815.0279134732
valentin rongier__1994-12-07,,,,10178014.985761432,9672547.559995782,1297874.8807679468
valentin rosier__1996-08-19,,,,7290857.64849873,7328620.110451604,476372.45991764753
valentin vada__1996-03-06,,,,1336641.8205110652,1334634.4416064834,27271.723283362957
valentyn morgun__2001-08-10,,,,317051.68038696086,326664.37337076804,27334.965391070466
valentyn rubchynskyi__2002-02-15,,,,1780980.2314025562,1764262.194682755,71586.46885596299
valeri qazaishvili__1993-01-29,Valeri Qazaishvili,MID,3099999.9999999986,2902437.844132198,2986725.23065008,264157.75658215594
valerio mantovani__1996-04-18,,,,787315.6684359983,787315.6684359983,47307.60877563085
valeriy bondar__1999-02-27,,,,6065628.758609129,6248546.554787136,1094923.4482590468
valmir sulejmani__1996-02-01,,,,355881.04262117646,355881.04262117646,39880.833318240984
valon berisha__1993-02-07,,,,1011700.0726378558,1003950.4506281621,23912.7524556186
valy konate__2006-11-14,,,,717338.791021746,714148.316110133,86587.79657183221
vangelis pavlidis__1998-11-21,,,,34896557.90265521,33370188.445553835,3743682.476049125
vanja milinkovicsavic__1997-02-20,Vanja Milinković-Savić,GK,16500000.000000013,12620081.27329913,12475132.812439438,542943.8440207214
vasilije adzic__2006-05-12,,,,3176745.5454724273,3176745.5454724273,829697.0983245543
vasilije janjicic__1998-11-02,Vasilije Janjičić,MID,337500.00000000006,511149.5325538459,506019.6378479285,15429.713061383389
vasilios barkas__1994-05-30,Vasilios Barkas,GK,2849999.999999999,2394899.571014644,2484322.816254295,285945.6600540121
vasilios zagaritis__2001-05-04,Vasilios Zagaritis,DEF,1749999.9999999998,1168206.0590562313,1175226.1292083007,24524.710114826485
vaso vasic__1990-04-26,Vaso Vasić,GK,75000.00000000004,138739.06262838995,134298.83668300702,12705.60094287637
vedat muriqi__1994-04-24,,,,13977876.679977367,12566412.746714164,2586464.6821236606
veljko birmancevic__1998-03-05,,,,10846812.98738657,10846812.98738657,
veljko milosavljevic__2007-06-28,,,,7380467.303128761,7090377.644515653,1607898.9795343347
vetle dragsnes__1994-02-06,Vetle Dragsnes,DEF,1050000.0000000007,1257421.0529897362,1290336.343143336,71469.12714392316
veysel sar__1988-07-25,,,,175625.90067761432,175625.90067761432,
vic chambaere__2003-01-10,,,,911679.4549285922,908723.4377265518,5546.185905211505
vicente taborda__2001-06-14,,,,2557016.945493252,2557016.945493252,54279.30348303368
vicko sevelj__2000-09-19,Vicko Ševelj,MID,925000.0000000007,979658.1097186387,1011871.342387002,72718.45759390827
victor bak__2003-10-03,Victor Bak,DEF,1725000.0000000005,2039018.217992258,2021448.603648921,64553.34170812847
victor boniface__2000-12-23,,,,36911906.09517867,34021839.129154295,6157565.438689174
victor edvardsen__1996-01-14,,,,1848936.8106303718,1871958.6805360122,75526.81576948833
victor froholdt__2006-02-25,,,,36271837.71357933,36271837.71357933,2739148.7111729314
victor garcia__1994-06-11,,,,486621.56977731176,488943.2236089962,11895.57279857467
victor jensen__2000-02-08,Victor Jensen,MID,2250000.000000001,1740818.3804193363,1767348.0764006358,65451.50399345005
victor kristiansen__2002-12-16,,,,4858968.75608788,4858968.75608788,
victor lindelof__1994-07-17,Victor Lindelöf,DEF,6000000.0,7611293.708298562,7640599.2874002755,175559.97985832643
victor loturi__2001-05-21,Victor Loturi,MID,674999.9999999998,757086.1541990457,762422.680256661,49574.8247576949
victor nelsson__1998-10-14,,,,4374744.922611297,4378175.8451479245,86147.12432945533
victor osimhen__1998-12-29,,,,79578049.60879983,76644590.65602507,13948092.117355075
victor torp__1999-07-30,,,,4289289.260451482,4289289.260451482,
vid belec__1990-06-06,,,,331913.74674828467,331913.74674828467,53671.77111341991
viggo gebel__2007-11-22,,,,836149.8431892584,836149.8431892584,241114.45227767597
viktor claesson__1992-01-02,,,,1180440.2822503848,1180440.2822503848,
viktor damjanic__2005-11-03,,,,1392633.9383683251,1384718.230393966,84226.26785458928
viktor gyokeres__1998-06-04,,,,67721040.56706032,67721040.56706032,
viktor tsukanov__2006-02-04,,,,1498690.270172537,1518824.4455552166,81791.2535514916
viktor tsygankov__1997-11-15,,,,11761079.41432801,11761079.41432801,246576.55619970348
viljami sinisalo__2001-10-11,,,,1777456.7218351369,1777456.7218351369,158873.16933341732
viljar myhra__1996-07-21,Viljar Myhra,GK,712500.0000000002,497491.8606370256,497491.8606370256,29604.719890275057
villads westh__2004-04-25,,,,403572.8254140042,403572.8254140042,
ville koski__2002-01-27,,,,1019410.1717910329,1026958.1605836619,84122.36486741908
vince osuji__2006-04-06,,,,1183965.0807856238,1183965.0807856238,72060.5096757575
vincent janssen__1994-06-15,,,,6060406.18334502,6162977.233676626,267994.65726431704
vincent marchetti__1997-07-04,,,,1575517.4898701515,1580598.1238670512,102634.9427526975
vincent sierro__1995-10-08,Vincent Sierro,MID,4750000.000000003,5159299.0196873415,5124521.483177608,397024.68448777846
vincent thill__2000-02-04,,,,560309.3038400941,569430.0872705615,27074.233488245627
vincent vermeij__1994-08-09,,,,915873.6914979743,924286.3589402502,30087.48792549732
vincenzo fiorillo__1990-01-13,,,,143240.17244243744,143240.17244243744,18514.917293693852
vincenzo grifo__1993-04-07,,,,11180467.898729177,11016705.325760717,309185.8830362164
virgil misidjan__1993-07-24,,,,1422074.7014917773,1422074.7014917773,
virgil van dijk__1991-07-08,Virgil van Dijk,DEF,33750000.00000005,44111278.5631803,43030039.85451968,3249404.304540458
virgiliu postolachi__2000-03-17,,,,816855.7379559665,796715.7045517039,87879.44109632005
vital nsimba__1993-07-08,Vital Nsimba,DEF,1312500.0000000012,553387.3530713076,540135.6812857155,36634.52542441588
vitaliy mykolenko__1999-05-29,,,,14409457.82871305,14807394.768317046,881426.9559240518
vitaly janelt__1998-05-10,,,,14768346.763866024,14768346.763866024,
vitezslav jaros__2001-07-23,,,,3710022.1951417984,3983918.385599364,801091.492869095
vito van crooij__1996-01-29,Vito van Crooij,MID,1099999.9999999998,1177886.5649890115,1177886.5649890115,5923.1227988970895
vitor reis__2006-01-12,,,,6550042.248416594,6924972.625903799,778151.8213353253
vivaldo semedo__2005-01-28,,,,1214336.1169590147,1252871.7640296724,67894.99007414367
vlad chiriches__1989-11-14,,,,275502.3396644978,286794.184074864,29245.751229128324
vlad dragomir__1999-04-24,,,,1059933.6710678295,936465.3841570807,272330.91063213494
vladimir coufal__1992-08-22,,,,3487896.403274524,3503407.299518381,516628.8022065097
vladimir rodic__1993-09-07,,,,407532.61329692014,407732.4405066316,9032.168383077167
vladimir screciu__2000-01-13,,,,1470995.767883525,1402838.7824031531,252861.02569635893
vladislav blanuta__2002-01-12,,,,2011873.2279129142,2024148.2172171595,197531.8686742118
vladyslav dubinchak__1998-07-01,,,,2202791.376539501,2202791.376539501,
vladyslav kochergin__1996-04-30,,,,1939491.6374724915,1945369.7027686546,85547.97668583668
vladyslav krapyvtsov__2005-06-25,,,,879712.0502146711,887205.2913541427,36333.62753788886
vladyslav vanat__2002-01-04,Vladyslav Vanat,FWD,13249999.99999999,12025364.79633756,12409235.321459014,914098.2558530238
vladyslav veleten__2002-10-01,,,,2723979.9422082356,2723979.9422082356,585387.9407895639
volkan babacan__1988-08-11,,,,231173.14969575798,233410.83591676535,4669.163390147168
volodymyr brazhko__2002-01-23,,,,13989419.947142508,13989419.947142508,1595306.1930314216
vontae daleycampbell__2001-04-02,Vontae Daley-Campbell,DEF,369999.99999999977,230318.02397990495,232931.5097485294,17925.67089311365
wagane faye__1993-11-20,,,,1101595.4797089968,1101595.4797089968,99235.59658941264
wahid faghir__2003-07-29,,,,885842.0828621016,885842.0828621016,28514.50101174907
waldemar anton__1996-07-20,,,,29699398.51518036,29903709.15996072,986491.6346733425
walid cheddira__1998-01-22,,,,2662967.789758777,2623882.3563336846,254666.7311227483
walid ouldchikh__1999-11-06,,,,1223687.500042298,1231934.3371384866,68563.04157970072
walter montoya__1993-07-21,,,,1054594.2239437022,1054594.2239437022,18484.371318143003
waniss taibi__2002-03-07,,,,1793376.3023854166,1756609.1114330636,110932.9094983502
warmed omari__2000-04-23,,,,5471220.437277191,5334119.2479633195,420442.62512353656
warner hahn__1992-06-15,,,,792757.756911145,800813.5799818861,42745.08576554925
warren bondo__2003-09-15,,,,5213214.801809288,5125766.265946357,179993.58348541608
warren kamanzi__2000-11-11,,,,3313762.501588349,3322343.1082889354,87169.59538424478
warren ohora__1999-04-19,Warren O'Hora,DEF,712500.0000000002,653708.028235923,653708.028235923,56494.15554093062
warren zaireemery__2006-03-08,Warren Zaïre-Emery,DEF,50000000.00000009,47981535.70758718,47981535.70758718,
wassim bouziane__2006-12-22,,,,1555386.1184646136,1555386.1184646136,
wataru endo__1993-02-09,,,,8784017.130614053,8723438.801854769,119703.79470350302
wes burns__1994-11-23,Wes Burns,MID,1749999.9999999998,2764469.1065084008,2874661.873154752,412137.36308087205
wesley hoedt__1994-03-06,,,,2177845.3005782044,2227553.7556092064,259834.9650859797
wesley said__1995-04-19,,,,7274357.088806467,7274357.088806467,31342.470200842792
wessel dammers__1995-03-01,,,,1779112.562196983,1779696.6181955708,91432.7692601937
weston mckennie__1998-08-28,Weston McKennie,MID,20749999.99999997,15180105.954005381,15135864.756260352,414760.6342322116
wilder cartagena__1994-09-23,,,,998949.7966914545,998949.7966914545,
wilfred ndidi__1996-12-16,,,,8145988.092301644,8151348.875774767,233099.26924817514
wilfried gnonto__2003-11-05,,,,10719284.236472823,10719284.236472823,363339.3557851999
wilfried kanga__1998-02-21,,,,2059296.847892073,2089970.5093193292,121144.7994576739
wilfried singo__2000-12-25,Wilfried Singo,DEF,26999999.999999993,25953525.22670989,27049733.554149378,2181172.578146689
wilfried zaha__1992-11-10,,,,7908776.231487738,7908776.231487738,686595.0070480641
wilguens paugain__2001-08-24,,,,294393.77770144516,294393.77770144516,17984.425047866098
wilitty younoussa__2001-09-09,,,,976337.2056436517,983282.9714052058,37980.26620850636
will collar__1997-02-03,,,,483002.6747876296,471584.70258707355,23992.238153135884
will dennis__2000-07-10,Will Dennis,GK,775000.0000000007,995717.7795324121,995717.7795324121,36260.00836213253
will ferry__2000-12-07,,,,1510500.4734422094,1510500.4734422094,
will fish__2003-02-17,,,,2070605.2281161249,2125412.4567616624,123345.83759112163
will hughes__1995-04-17,,,,8231454.6895837365,8231454.6895837365,558710.4333779442
will keane__1993-01-11,,,,963321.6970825386,972443.565973829,93897.04083028885
will mannion__1998-05-05,,,,469219.6362488829,469219.6362488829,13381.809583722328
will norris__1993-08-12,,,,485838.9535065698,485838.9535065698,5781.875003142073
will smallbone__2000-02-21,Will Smallbone,MID,3200000.0000000023,3423798.7774300366,3487787.8847169345,141897.3196415389
willem geubbels__2001-08-16,,,,4930751.202824051,4936649.908915878,195627.55816901874
willi orban__1992-11-03,Willi Orban,DEF,17749999.999999993,17445855.207365435,17165112.21563948,825440.3756011141
william balikwisha__1999-05-12,,,,1569450.8838922253,1561074.3001786603,122419.50953920213
william bving__2003-03-01,,,,3819053.5595395677,3727014.1128732692,372764.9857290674
william clem__2004-06-20,William Clem,MID,2250000.000000001,1870544.1394183887,1840291.2000220576,91985.25228958116
william madsen__2002-04-05,,,,546272.9569211403,556968.4461240121,31475.71472606187
william martin__2007-04-23,William Martin,MID,437499.9999999996,411805.1237769535,407205.9562996937,33213.18110033682
william mikelbrencis__2004-02-25,,,,2649167.036985678,2649167.036985678,165527.4039485698
william osula__2003-08-04,,,,4691885.371698765,4668907.556908115,224765.01539196074
william saliba__2001-03-24,William Saliba,DEF,97750000.00000007,87726751.97573425,87798605.61686115,6756315.240034651
william troostekong__1993-09-01,,,,1316470.060159421,1316470.060159421,4796.366674178478
willian pacho__2001-10-16,Willian Pacho,DEF,80999999.99999987,76658755.88023974,74031603.74243486,6839540.0332264025
williot swedberg__2004-02-01,Williot Swedberg,MID,10750000.000000006,10722889.82771642,10971291.286579149,705797.2363771625
willy boly__1991-02-03,,,,1228279.0091685227,1236276.4195374576,137776.2850955744
willy kambwala__2004-08-25,,,,5401140.639463602,5401140.639463602,
willy kumado__2002-10-16,,,,812481.6626112362,793441.3694611047,34068.78457066086
wilson odobert__2004-11-28,,,,24870813.326974854,24464601.51388751,1165563.7422268835
wladimiro falcone__1995-04-12,Wladimiro Falcone,GK,12750000.000000002,13254837.211393995,13267355.070582012,517755.4425412481
wojciech szczesny__1990-04-18,Wojciech Szczęsny,GK,2449999.9999999995,4951730.797506684,4951730.797506684,411849.8141503447
wout faes__1998-04-03,,,,3305126.9898987617,3305126.9898987617,21396.726344659626
wout weghorst__1992-08-07,,,,7097004.31639715,7265911.009462655,396543.04805747094
wouter burger__2001-02-16,,,,10281342.809006136,10415651.947559103,510647.5864962333
wouter george__2002-03-03,,,,460323.40819358197,460363.9034488335,22069.917665798694
wouter goes__2004-06-10,,,,21202299.11376954,21202299.11376954,331000.6316365531
wouter prins__2004-02-06,,,,898315.6259080964,870664.6211723902,53522.270254224626
woyo coulibaly__1999-05-26,,,,3014570.774086304,2900720.7863531113,247820.68818263887
wylan cyprien__1995-01-28,,,,882756.3140165856,889410.0529380321,43247.79513535529
xander martle__2003-08-27,,,,305227.8807767201,305227.8807767201,2601.7003844457504
xander severina__2001-04-12,,,,1236025.382958544,1236025.382958544,
xaver schlager__1997-09-28,Xaver Schlager,MID,14000000.00000001,16404098.819248196,16397711.565646127,758675.5040199709
xavi simons__2003-04-21,,,,44031633.219718345,43164417.11434083,2330766.896097115
xavier chavalerin__1991-03-07,Xavier Chavalerin,MID,950000.0000000008,409871.0875610596,404174.3467148595,21317.174407703347
xavier mbuyamba__2001-12-31,,,,2537011.7008501943,2389109.863227282,391371.2175962494
xavier simons__2003-02-20,,,,1510748.8972141242,1469256.7404378916,139852.7689740837
xherdan shaqiri__1991-10-10,Xherdan Shaqiri,MID,6250000.000000005,4520791.859912467,4809165.614103329,567454.5883816773
xian emmers__1999-07-20,,,,482108.8356151213,487921.46694254596,32429.970136656215
xizhe zhang__1991-01-23,,,,202157.79028697385,202157.79028697385,29279.543473130234
yacine adli__2000-07-29,,,,13612538.818406621,13704588.720893923,563786.937681674
yadaly diaby__2000-08-09,,,,784728.3938675713,784728.3938675713,4744.991929353698
yahia fofana__2000-08-21,,,,4221681.225597773,4225774.785061827,284126.2644690404
yaimar medina__2004-11-05,,,,4133799.839353206,4133799.839353206,151944.76630730784
yakou meite__1996-02-11,,,,998706.3892882497,998706.3892882497,46207.8818356034
yalcn kayan__1999-01-30,,,,1417625.7406068717,1417625.7406068717,61419.35010998846
yan dhanda__1998-12-14,,,,896424.5608516231,896424.5608516231,10260.167869512283
yan diomande__2006-11-14,,,,9986224.119965976,9950086.092180282,293179.69315705827
yan valery__1999-02-22,,,,2328377.775474613,2399456.2529784036,219730.97741720616
yangel herrera__1998-01-07,,,,24354612.163623977,24380597.520693455,56580.57908498304
yanis begraoui__2001-07-04,,,,3217103.1218581796,3257919.3449373306,159488.67084747495
yanis issoufou__2006-10-28,,,,770131.3193622982,756509.1055821322,50356.76981474206
yanis massolin__2002-09-20,,,,1087408.283004935,1092660.2819950487,29547.567876442525
yanis zouaoui__1998-04-28,,,,1837968.0329215496,1810488.7286524724,224309.9539542425
yankuba minteh__2004-07-22,Yankuba Minteh,MID,36499999.99999996,37960526.23762178,38120829.29933723,1207916.072652606
yann bodiger__1995-02-09,Yann Bodiger,MID,1124999.9999999995,810256.4994487475,798144.066577348,30710.422563357533
yann gboho__2001-01-14,,,,9550625.693053568,9245329.984468235,1177568.9153011448
yann karamoh__1998-07-08,,,,1802871.8909657183,1802871.8909657183,377191.6424670845
yann lienard__2003-03-16,,,,966545.7007367522,966545.7007367522,2723.2714895914482
yann sommer__1988-12-17,,,,6623544.785902634,6415712.170585346,1368068.037881055
yannick agnero__2003-02-20,,,,1488564.0147762452,1513361.541657649,103375.99140161242
yannick cappelle__2003-07-07,Yannick Cappelle,DEF,1099999.9999999998,936173.8792274101,936173.8792274101,109825.25219052749
yannick carrasco__1993-09-04,Yannick Carrasco,MID,17749999.999999993,14783732.24837273,14738273.196113968,714760.9474042131
yannick gerritsen__2006-02-14,,,,211625.21523073383,211625.21523073383,
yannick leliendal__2002-04-23,,,,1629700.9998436028,1629700.9998436028,25083.309572820537
yannik engelhardt__2001-02-07,,,,2849292.50147606,2843957.8539155493,145706.49365935414
yannik keitel__2000-02-15,,,,2436531.953417934,2436531.953417934,167397.7902031683
yannis nahounou__2004-05-16,,,,530640.1301500704,528754.4298066148,7806.893627794233
yarek gasiorowski__2005-01-12,Yarek Gąsiorowski,DEF,11500000.000000019,12790557.694104064,12311147.533999497,1361424.3913737454
yari verschaeren__2001-07-12,,,,3515509.8130234205,3515509.8130234205,178038.13946747986
yaser asprilla__2003-11-19,,,,6077817.63786456,6077817.63786456,671286.313094435
yasin ayari__2003-10-06,,,,26764909.062663488,27094215.991732184,1748085.3403019703
yasin ozcan__2006-04-20,,,,2712133.002384175,2722230.463451294,361566.02342442184
yasir subas__1996-01-01,,,,301803.4604223515,304991.1793225588,27805.375472550488
yassin belkhdim__2002-02-14,,,,4315522.985127674,4214875.693285412,601989.9497808511
yassin oukili__2001-01-03,,,,1277572.7705663359,1277572.7705663359,239668.50065208407
yassine benzia__1994-09-08,,,,3359548.3027246613,3359548.3027246613,
yassine kechta__2002-02-25,,,,5758491.527608278,5758491.527608278,
yassir zabiri__2005-02-23,,,,930666.5716554502,930666.5716554502,
yaya fofana__2004-06-12,,,,1629033.4243172465,1603165.8792352548,175320.8388790966
yeferson paz__2002-06-13,,,,1796738.2792654834,1890086.6933370677,154850.35534995157
yehvann diouf__1999-11-16,,,,15050844.162949448,15545211.343965145,833479.4079218531
yerry mina__1994-09-23,,,,6018053.9072058685,5994989.975006771,168437.7757138007
yerson mosquera__2001-05-02,,,,5266566.221446829,5182558.695123169,280439.1391711164
yevgen cheberko__1998-01-23,,,,1188066.1144216524,1197965.1558837676,27816.273985588123
yhoan andzouana__1996-12-13,,,,366639.26529791276,366639.26529791276,42637.32343726616
yigit efe demir__2004-08-02,,,,912415.2226891159,912415.2226891159,74772.22380494376
yigit emre celtik__2003-04-07,,,,217333.8790999411,217333.8790999411,18151.845950487204
yira sor__2000-07-24,,,,3500426.800365788,3500426.800365788,
ylber ramadani__1996-04-12,,,,1744858.5143659757,1756439.1154135633,88787.96075351439
ylies aradj__2005-06-05,,,,638762.5899715166,638762.5899715166,64373.13230336717
yllan okou__2002-12-23,Yllan Okou,DEF,1650000.0000000007,1552840.7732997357,1529227.6441074,142924.3382023686
yoan severin__1997-01-24,,,,1035252.5422554426,1035252.5422554426,36520.59871125653
yoann barbet__1993-05-10,,,,1180085.6712032512,1253940.4961439627,131082.60989761673
yoann cathline__2002-07-22,,,,12125271.78047056,12290022.413954351,700964.9102903513
yoann salmier__1992-11-21,,,,709442.8051708424,709442.8051708424,76501.27771364081
yohan boli__1993-11-17,Yohan Boli,FWD,2199999.9999999995,2272652.65818247,2297343.814426977,270934.5681202769
yonis njoh__2004-01-17,,,,1178247.674699223,1181926.6789386065,39717.655152539664
yoram zague__2006-05-15,,,,1281200.9602010758,1281200.9602010758,
yorbe vertessen__2001-01-08,,,,4548970.185986438,4548970.185986438,
youba diarra__1998-03-24,,,,886935.6989698643,886935.6989698643,7941.333924705461
younes bakiz__1999-02-05,,,,1328436.946046176,1328436.946046176,273276.8521968645
younes ebnoutalib__2003-09-13,,,,3597506.030360748,3554327.296047809,341735.55944058654
younes namli__1994-06-20,Younes Namli,MID,1400000.0000000007,1491854.6964690078,1491854.6964690078,
younes taha__2002-11-27,,,,2066626.4481975273,2066626.4481975273,164307.68240120795
youri baas__2003-03-17,,,,13053922.16425484,12927953.490398664,378424.6290796724
youri regeer__2003-08-18,Youri Regeer,DEF,6000000.0,5874023.528435302,5359093.466576383,1402605.031633329
youri tielemans__1997-05-07,Youri Tielemans,MID,44500000.000000075,45236570.5128065,44928769.10972538,1835385.7477150897
yousef salech__2002-01-17,,,,2000970.6110854633,1921870.9500816574,227761.3752571724
youssef ait bennasser__1996-07-07,,,,1336888.3094604458,1336888.3094604458,105715.7972665434
youssef chermiti__2004-05-24,,,,2810820.9230022253,2836372.1137508135,214309.89165175078
youssef el arabi__1987-02-03,,,,676789.5343384189,676789.5343384189,
youssef ennesyri__1997-06-01,,,,19753523.541420884,19753523.541420884,1509661.4899629306
youssef hamdaoui__2008-03-20,Youssef Hamdaoui,MID,437499.9999999996,471802.405561695,433531.4372711261,115570.26179826852
youssef maleh__1998-08-22,,,,2327709.149784776,2327709.149784776,
youssef maziz__1998-06-24,Youssef Maziz,MID,1899999.9999999993,2639936.7325103,2716099.7695686216,151896.5942823276
youssouf fofana__1999-01-10,,,,31820959.668765012,31242339.96808072,2199224.3738822
youssouf ndayishimiye__1998-10-27,,,,11900777.077676069,11900777.077676069,
youssouph badji__2001-12-20,,,,700494.8312459445,686816.2327962129,46508.80680366706
yuki kobayashi__2000-07-18,,,,749439.1742742073,749439.1742742073,5392.651661241382
yukinari sugawara__2000-06-28,,,,7122022.614696351,7243667.673477753,495900.73667161877
yuning zhang__1997-01-05,,,,743490.5380779114,743490.5380779114,20753.143537588418
yunus akgun__2000-07-07,,,,21773206.452713042,22229010.98557532,879337.0471329623
yunus emre cift__2003-09-01,,,,920989.20174956,920989.20174956,
yunus emre konak__2006-01-10,,,,940480.7360758482,923614.3918270173,64919.782505519455
yunus musah__2002-11-29,,,,9465558.098902348,9297493.23396178,1624407.9427525396
yussuf poulsen__1994-06-15,,,,2842090.550736451,2976788.246194998,247630.54300510886
yusuf akcicek__2006-01-25,,,,1376514.5363259558,1339956.7250004017,81010.23604295762
yusuf baras__2003-03-31,,,,935512.8348476692,935207.7802638856,12290.729272082974
yusuf demir__2003-06-02,,,,851022.0343268597,855031.7273896559,20930.986651309537
yusuf kabadayi__2004-02-02,,,,1646480.1626278516,1626421.8892356465,146302.76145345645
yusuf sar__1998-11-20,,,,5390088.392090157,5390088.392090157,150549.85952536447
yusuf yazc__1997-01-29,,,,4129218.589763642,4113461.211686548,329111.8247204789
yuto tsunashima__2000-08-15,,,,477110.9827297731,477110.9827297731,87299.35287250845
yvan neyou__1997-01-03,,,,3810181.5591336917,3810181.5591336917,391420.21490392566
yvandro borges sanches__2004-05-24,,,,923804.9541993971,923804.9541993971,
yves bissouma__1996-08-30,,,,13436657.389997093,13436657.389997093,
zac williams__2004-03-27,,,,443989.28167365055,443989.28167365055,12775.863603639591
zach abbott__2006-05-13,,,,670842.0670561607,656615.484523881,59605.653021862876
zach booth__2004-02-17,,,,852690.3774499219,829120.2128503025,57810.64837297948
zach hemming__2000-03-07,,,,478879.8968777262,488403.1726525421,31006.029727551973
zach robinson__2002-06-11,,,,302915.5767998396,302915.5767998396,15065.42294667928
zacharie boucher__1992-03-07,,,,226519.8536588624,226171.738204698,8321.448024367366
zachary athekame__2004-12-13,,,,2290592.7234727135,2310709.624177155,256370.44575513204
zachary braultguillard__1998-12-30,,,,491932.31535364315,504820.26028506353,34667.31295971952
zack steffen__1995-04-02,,,,1359647.0022287995,1362643.435323638,73033.90150002595
zafer gorgen__2000-06-21,,,,768298.2948429562,768298.2948429562,
zaid romero__1999-12-15,Zaid Romero,DEF,2900000.0000000014,2818094.752941507,2717055.0939225703,204584.43875971404
zaidu sanusi__1997-06-13,,,,1069156.2303825035,1069156.2303825035,
zak jules__1997-02-07,,,,510390.86117271165,510390.86117271165,
zak sturge__2004-06-15,,,,1284742.240839356,1284742.240839356,230669.00010034675
zak swanson__2000-09-28,,,,1794750.4118309575,1739934.078378229,184010.7184364495
zak vyner__1997-05-14,,,,1595108.2750449015,1595108.2750449015,120865.58054486944
zakaria aboukhlal__2000-02-18,,,,7418535.111697481,7570840.537659365,608906.6164604304
zakaria el ouahdi__2001-12-31,Zakaria El Ouahdi,DEF,19499999.99999998,21692190.60147511,21692190.60147511,1267621.4667914212
zakaria labyad__1993-03-09,Zakaria Labyad,MID,1099999.9999999998,1284107.8525268724,1309023.9642639877,74990.64202647495
zan celar__1999-03-14,,,,1546752.738060008,1546752.738060008,
zan majer__1992-07-25,Žan Majer,MID,987499.9999999999,524583.6006486735,522419.4591383224,13776.982698476802
zan rogelj__1999-11-25,,,,1212509.4329606353,1194394.5716970984,38025.69547350099
zan zaletel__1999-09-16,,,,1059970.5747123088,1053146.8646272435,31490.571093354298
zan zuzek__1997-01-26,,,,727574.8599458525,740430.1694564263,25147.973952125885
zander clark__1992-06-26,,,,528337.7422974642,521864.73783924256,16235.488206092388
zaydou youssouf__1999-07-11,,,,11135435.96787916,12158698.51601293,1896382.5571202799
zeki amdouni__2000-12-04,,,,12263204.708355362,12456275.662387462,662042.2624664872
zeki celik__1997-02-17,Zeki Çelik,DEF,9249999.999999987,11392281.791714037,11503357.385265622,461978.65290553914
zeki yavru__1991-09-05,,,,907064.9394923312,900722.4098859543,37006.5249576577
zeno debast__2003-10-24,Zeno Debast,DEF,25999999.999999985,25656409.656899802,25423592.930770278,3088315.8605514527
zeno ibsen rossi__2000-10-28,,,,385250.6503347698,385250.6503347698,
zeno van den bosch__2003-07-06,,,,10457967.327529494,10354527.361319445,626806.6874504882
zhenao wang__1999-08-10,,,,302027.5939097206,302027.5939097206,16539.727701911517
zian flemming__1998-08-01,,,,6930423.626235076,6725313.263241678,370738.8524221167
zico buurmeester__2002-06-07,,,,2432426.1057834877,2432426.1057834877,6435.566240401058
zidan sertdemir__2005-02-04,,,,1643905.781362096,1661925.074597193,133194.5709925812
zidane iqbal__2003-04-27,,,,2046009.1428848403,2046009.1428848403,
zie ouattara__2000-01-09,Zié Ouattara,DEF,775000.0000000007,1211641.8508645687,1250342.8520929725,135658.932455081
zion suzuki__2002-08-21,,,,5264815.818750652,5264815.818750652,
zlatko tripic__1992-12-02,,,,4967174.613158762,4967174.613158762,398018.8759799067
zorhan bassong__1999-05-07,,,,599174.5380988672,622012.7196040837,59770.57012065701
zuriko davitashvili__2001-02-15,,,,5542950.293529991,5542950.293529991,
zvonimir sarlija__1996-08-29,Zvonimir Šarlija,DEF,1350000.0,1440996.7398805928,1440996.7398805928,126360.75290313498
