player_id,player_name,position_group,actual_value,predicted_value_mean,predicted_value_median,predicted_value_std
aaron anselmino__2005-04-29,Aaron Anselmino,DEF,5750000.000000004,10744978.861699255,11033178.219574407,1696273.2085133095
aaron bouwman__2007-08-28,,,,2538524.783420843,2538524.783420843,492818.29118637816
aaron connolly__2000-01-28,,,,1638650.1239935597,1638650.1239935597,
aaron cresswell__1989-12-15,,,,973052.5138023242,973052.5138023242,243819.07555832516
aaron donnelly__2003-06-08,,,,536409.6181658563,556030.5290587298,66592.9822993879
aaron escandell__1995-09-27,,,,6509879.710530616,6654040.628675211,638170.6044489979
aaron hickey__2002-06-10,Aaron Hickey,DEF,11749999.999999994,9555123.146337776,9504268.172195824,745853.154238406
aaron mceneff__1995-07-09,,,,238891.78035337414,237758.32302956766,8655.8344784212
aaron mcgowan__1996-07-24,,,,465297.323983588,465297.323983588,
aaron meijers__1987-10-28,,,,139378.7808498429,140511.37086348195,9768.54103324414
aaron nemane__1997-09-26,,,,318432.7988218065,343117.3288994301,51328.48511090042
aaron ramsdale__1998-05-14,,,,10481452.448939588,10481452.448939588,241341.66115776016
aaron ramsey__2003-01-21,Aaron Ramsey,MID,9299999.999999993,3858184.5034047985,3897227.1798809124,357247.3092181098
aaron rowe__2000-09-07,,,,283848.23394086404,275902.30292769097,36189.397029199885
aaron wanbissaka__1997-11-26,Aaron Wan-Bissaka,DEF,18500000.000000034,20560912.377127387,20464882.427759197,2060217.9219828483
aaron zehnter__2004-10-31,,,,5589090.249238358,5563985.102660862,633360.5841935617
abakar sylla__2002-12-25,,,,3662963.5573889674,3816874.8278606785,282723.7928165823
abbosbek fayzullaev__2003-10-03,,,,937042.2367619564,937042.2367619564,
abdallah sima__2001-06-17,,,,6956496.464348596,7313754.578720209,694952.698463258
abdelhamid ait boudlal__2006-04-16,,,,3737429.006704321,3645823.3539436143,487792.33509486495
abdelhamid sabiri__1996-11-28,Abdelhamid Sabiri,MID,2649999.999999999,4070998.5923115015,4030289.4075852707,407501.05972077063
abdelkahar kadri__2000-06-24,,,,6400138.0950794825,6023449.567267915,821479.1802129296
abdellah baallal__2004-11-07,Abdellah Baallal,MID,299999.99999999977,407058.6325341011,407208.0117745508,16435.276288952526
abdellah zoubir__1991-12-05,,,,919824.6782269812,942613.4582818599,259804.40867805333
abdenego nankishi__2002-07-06,,,,558516.5722694047,585367.0282196247,96369.00360540867
abdou harroui__1998-01-13,,,,2774511.6207963703,2774511.6207963703,
abdoul kader ouattara__2005-05-26,Abdoul Kader Ouattara,MID,950000.0000000008,881967.5181845023,886012.3690766621,15451.303559892067
abdoul ouattara__2005-10-22,,,,3692560.2494055447,3811702.350014283,410237.2290137225
abdoulaye bamba__1990-04-25,Abdoulaye Bamba,DEF,337500.00000000006,384183.114854843,373195.59740561194,23501.224534785724
abdoulaye camara__2006-12-21,,,,881792.1857500374,881792.1857500374,169257.14003795965
abdoulaye doucoure__1993-01-01,Abdoulaye Doucouré,MID,6650000.000000001,4650459.128053819,4688587.841749849,334919.60355660255
abdoulaye faye__2004-09-22,,,,2889607.923131889,2889607.923131889,
abdoulaye kamara__2004-11-06,,,,706213.6715496927,718666.5975736476,32495.620594106316
abdoulaye ndiaye__2002-04-10,Abdoulaye Ndiaye,DEF,6500000.0,6839808.783363707,6802575.670150066,254013.0090905354
abdoulaye toure__1994-03-03,,,,3262168.758375523,3225985.505463064,317940.6070067739
abdoulie sanyang__1999-05-08,,,,1289552.1098904763,1289552.1098904763,136362.86370110128
abdoullah ba__2003-07-31,,,,1117296.2398576934,1117296.2398576934,111610.83228105596
abdukodir khusanov__2004-02-29,,,,30775766.088046093,33633219.88831319,7246348.217595048
abdul fatawu__2004-03-08,,,,12295141.42498781,12295141.42498781,901680.673291781
abdul mumin__1998-06-06,,,,11140588.562711773,11258590.190773001,975112.1455838184
abdulkadir omur__1999-06-25,,,,2621068.0973093514,2651762.3150302316,608718.6301827256
abdulkerim bardakc__1994-09-07,Abdülkerim Bardakcı,DEF,13249999.99999999,11698019.080730231,11866335.469479565,1072214.429787114
abdullah yigiter__2000-02-20,,,,752347.6709885134,752347.6709885134,
abdurrahim dursun__1998-12-01,Abdurrahim Dursun,DEF,387499.99999999977,420386.4503203259,418395.0571095595,28226.118099610812
ablie jallow__1998-11-14,,,,1835878.1261646587,1703085.186171608,248395.16860531765
aboubacar lo__2000-01-02,,,,716246.2503112875,712788.1896999229,38847.07999201816
aboubakary koita__1998-09-20,,,,4703302.900008898,4946819.676885654,1105756.648419034
abu francis__2001-04-27,,,,2199553.4107750095,2199553.4107750095,
abu kamara__2003-07-21,,,,2200417.0646222215,2211383.1568939425,41498.5227957929
achraf hakimi__1998-11-04,,,,116735147.9252936,115793213.9798361,14744617.455310985
achraf laaziri__2003-07-08,,,,1128949.7768515437,1157397.4448477603,155348.80701414484
adam armstrong__1997-02-10,,,,5974968.088982679,5837745.831455856,469664.36380157055
adam aznou__2006-06-02,,,,2540351.4332982954,2550474.176153471,281960.50066132285
adam boayar__2005-10-13,,,,713882.8417116903,674291.6001189492,86101.22039196374
adam carlen__2000-06-27,,,,842277.5697959524,833462.8932420881,23497.963142539178
adam daghim__2005-09-28,,,,2640567.6590191503,2651332.404547147,141073.18875546736
adam davies__1992-07-17,,,,595407.2408615841,595407.2408615841,21104.563891998852
adam frizzell__1998-02-21,,,,284407.0555182225,286107.3251858866,33713.97904649201
adam gabriel__2001-05-28,,,,1446796.3366022243,1448640.8652189071,91942.96027533177
adam gnezda cerin__1999-07-16,,,,3661723.982395726,3630497.5391690675,184491.68604687712
adam hlozek__2002-07-25,,,,17247021.457278606,17305744.81546215,2223448.171670667
adam idah__2001-02-11,,,,3157886.956688823,3226551.2918450064,513781.1369149346
adam jackson__1994-05-18,,,,503354.2460530549,501316.0158901268,26153.097766840554
adam jakobsen__1999-04-07,,,,922493.9589331225,935734.4068676303,54698.24122256169
adam karabec__2003-07-02,,,,5789869.077473961,5729760.753968457,522606.3655449463
adam lewis__1999-11-08,,,,399554.3271788509,399554.3271788509,35316.903425216544
adam marusic__1992-10-17,,,,7795236.461124589,7795236.461124589,
adam matthews__1992-01-13,,,,190690.50903997666,195516.2126094761,25980.499737119935
adam montgomery__2002-07-18,,,,629825.6184754786,629825.6184754786,
adam nagy__1995-06-17,,,,1146916.725458453,1146916.725458453,28334.3472413943
adam nhaili__2005-08-09,,,,362067.79749031673,363160.2159328634,34011.37255211469
adam obert__2002-08-23,,,,3288038.1993186134,3357812.7199985385,481481.669944617
adam phillips__1998-01-15,,,,666282.4892153313,688068.9918930004,53706.32643693967
adam reach__1993-02-03,,,,575779.6280077522,591465.5203259569,29943.923794311115
adam smith__1991-04-29,Adam Smith,DEF,800000.0000000005,1159598.8116847908,1188020.7257963703,82035.40886810786
adam srensen__2000-11-11,,,,719428.0283387512,703272.2932574169,36732.08841519205
adam stahl__1994-10-08,,,,1035787.2256195869,1035787.2256195869,67113.24845765653
adam taggart__1993-06-02,,,,1311532.1392133436,1292541.433343775,113843.22407585851
adam webster__1995-01-04,,,,5043007.59850412,5298866.204060365,627139.3801147661
adam wikman__2003-12-15,,,,588824.5372809308,588824.5372809308,1758.5291030648882
adam zrelak__1994-05-05,,,,532522.0956762306,532522.0956762306,
adama bojang__2004-05-28,,,,929549.9873252502,974277.2341310503,88344.41293873632
adama camara__1996-10-18,Adama Camara,MID,2199999.9999999995,1751997.1912729621,1733507.0490690905,84700.34530312225
adama diakhaby__1996-07-05,,,,525419.5320178382,538247.9510192312,22988.435867143955
adama traore__1990-02-03,Adama Traoré,DEF,175000.00000000012,150795.02789903613,148084.19413841012,21694.0876701517
adedire mebude__2004-05-28,,,,1213357.429754659,1213357.429754659,
adem arous__2004-07-17,Adem Arous,DEF,537500.0000000003,498965.34955963725,515345.2180759391,32382.50756205626
adem zorgane__2000-01-06,Adem Zorgane,MID,12499999.999999985,17799939.865288764,17959457.21849125,1118019.5080296877
ademola lookman__1997-10-20,,,,38652294.853270516,38756394.16827181,2807884.9096497437
ademola olaadebomi__2003-09-03,,,,722159.2726022115,722159.2726022115,
adil demirbag__1997-12-10,Adil Demirbağ,DEF,1849999.9999999995,1720011.1153785223,1709534.657837528,63165.640673100024
adil lechkar__2001-09-02,,,,254412.752770671,254388.06892342717,6702.475132072686
adilson malanda__2001-10-29,,,,2528862.8340798765,2585160.4746895656,224316.00050894756
adnan januzaj__1995-02-05,,,,3460158.4250532878,3418143.75660392,312967.6780830178
adnane abid__2003-08-23,,,,1115095.840377223,1153042.661102842,162467.1064724574
adrian bajrami__2002-04-05,,,,1674791.9930780276,1723615.9488267188,109520.44232153542
adrian balboa__1994-01-19,,,,1628183.9594179438,1628183.9594179438,
adrian beck__1997-06-09,,,,2480382.231400676,2386381.2367559825,200304.03926486793
adrian benedyczak__2000-11-24,,,,2776930.7121850597,2776930.7121850597,136201.86408329866
adrian blake__2005-07-15,,,,1790693.7991510958,1790693.7991510958,228146.23378489967
adrian fein__1999-03-18,,,,584774.2878620722,582560.0091053718,23102.193289548595
adrian grbic__1996-08-04,,,,972425.677277853,972425.677277853,
adrian palacios__2004-06-07,Adrián Palacios,DEF,725000.0000000006,615668.879036653,605914.9609804838,47109.02699335586
adrian przyborek__2007-01-01,,,,1494154.598257174,1367822.7983069378,335546.2927312901
adrian semper__1998-01-12,,,,1695006.7427067037,1722616.0516061517,65606.36720442877
adrian sporle__1995-07-13,,,,1302534.604135732,1302534.604135732,35639.09498156308
adriano bertaccini__2000-08-13,,,,13297042.50107934,12712422.790883377,2445341.1956847482
adrien hunou__1994-01-19,Adrien Hunou,MID,999999.9999999997,541922.9372146406,545685.377466868,29819.072113701626
adrien lebeau__1999-07-08,,,,922152.8982444246,922152.8982444246,77936.21973872365
adrien rabiot__1995-04-03,,,,30221328.110557176,29988176.62122023,1985394.1798189892
adrien tameze__1994-02-04,Adrien Tameze,DEF,4000000.0000000005,3354118.479375784,3420975.2790966365,122972.47066745725
adrien thomasson__1993-12-10,,,,7724925.682333734,7724925.682333734,
adrien truffert__2001-11-20,,,,21424824.466588657,21424824.466588657,1613356.4339650678
adrion pajaziti__2002-11-16,,,,1927272.5867835996,1927272.5867835996,146559.24395177286
afeez aremu__1999-10-03,Afeez Aremu,MID,950000.0000000008,1379480.8507962723,1402842.8642031383,57456.46983583162
afimico pululu__1999-03-23,,,,2235640.201451449,2235640.201451449,130290.65106606354
agon mucolli__1998-09-26,,,,583852.1727174276,574117.1482975129,47182.5879966105
agustin albarracin__2005-08-29,,,,1497968.6209776718,1494015.5552850487,431439.65599014005
agustin alvarez__2001-05-19,,,,4376459.522322504,4376459.522322504,
agustin anello__2002-04-22,,,,1465836.8133014117,1465836.8133014117,52601.18165961145
agustin martegani__2000-05-20,Agustín Martegani,MID,2050000.000000001,2161391.057291245,2144955.6470638206,219495.763115215
agustin moreira__2001-05-28,,,,707027.1379744028,734775.8137342341,70488.1681110528
agustin rogel__1997-10-17,Agustín Rogel,DEF,1400000.0000000007,1235741.2132729883,1240681.5197247737,111938.57718115325
ahmad benali__1992-02-07,,,,758486.9556368361,758486.9556368361,
ahmed abdullahi__2004-06-19,,,,411237.2473901854,407720.2801892948,56969.29331605798
ahmed kutucu__2000-03-01,,,,1923585.8930648665,1936896.9758894178,99324.45851979425
ahmed sidibe__2002-02-10,Ahmed Sidibé,DEF,700000.0000000006,733594.1752810313,733594.1752810313,19870.923973890905
ahmed touba__1998-03-13,,,,2088712.024549773,2118948.2297763815,170202.2676859298
ahmet arslan__1994-03-30,,,,659520.1809679472,662312.503010068,104689.8441455579
ahmet gurleyen__1999-04-26,,,,1153764.6242596633,1179822.3035616537,113700.6776110408
ahmet oguz__1993-01-16,Ahmet Oğuz,DEF,925000.0000000007,955104.1804064267,955104.1804064267,
ahmet sagat__1996-05-27,,,,459088.18937401735,461273.37503180635,17881.52224182444
ahmet sivri__1999-07-06,,,,292205.35639972996,292205.35639972996,22567.492499153235
ahmetcan kaplan__2003-01-16,,,,3274442.319932136,3262541.2070802795,267696.9520268897
aidan denholm__2003-11-09,,,,516860.5808568573,516860.5808568573,
aidan keena__1999-04-25,,,,487435.083582528,487435.083582528,57521.60065043138
aidan nesbitt__1997-02-05,,,,188772.80869934303,186423.8848740004,8833.762576870191
aiden oneill__1998-07-04,,,,1610001.3744140482,1610001.3744140482,20128.595662722837
aiham ousou__2000-01-09,,,,2930868.842266171,2899090.8086188463,219797.32960253625
aimar sher__2002-12-20,,,,1392710.9016635465,1392134.6886771347,6561.809705241868
aime omgba__2002-10-22,,,,1297186.960993335,1327891.1640770882,57978.69988804983
aimen moueffek__2001-04-09,,,,1577990.3421562593,1588446.1601099444,50117.92918788244
ainsley maitlandniles__1997-08-29,Ainsley Maitland-Niles,DEF,11000000.000000013,8336008.996560784,8983337.005808514,1806701.1749485622
aissa mandi__1991-10-22,,,,3514924.2090624184,3500984.5949972738,268839.0256883447
aitor fernandez__1991-05-03,Aitor Fernández,GK,1200000.0000000005,1451099.9158850014,1444862.5824718561,44893.86206937931
ajdin hasic__2001-10-07,,,,1429734.728235283,1479749.0713590495,297716.528015864
ajdin hrustic__1996-07-05,,,,875014.2067853428,849564.1297747572,80175.50238334661
akin famewo__1998-11-09,,,,1342806.9491750314,1311334.3647562494,195477.0178853701
akram afif__1996-11-18,,,,5362995.952115468,5836699.104412578,2942380.4291123943
alaa bellaarouch__2002-02-01,,,,1463761.4054510093,1385574.2746150948,175957.41157067523
alaa ghram__2001-07-24,,,,1783732.1312855661,1783732.1312855661,43251.29690298664
aladji bamba__2006-07-14,,,,1230119.0196429775,1230119.0196429775,
alan forrest__1996-09-09,,,,962438.956360979,962438.956360979,48345.20366729784
alan matturro__2004-10-11,Alan Matturro,DEF,2950000.000000002,1707143.966265048,1621847.9616672492,217710.73102996894
alan virginius__2003-01-03,,,,2007827.435294461,2007827.435294461,176871.9404962764
alasana manneh__1998-04-08,,,,1031506.8883018529,1031506.8883018529,182288.5880001176
alassana jatta__1999-01-12,Alassana Jatta,FWD,587500.0000000002,627700.5236314085,619736.9536916339,74070.55738417096
alassane sidibe__2002-06-09,,,,521806.0384779678,521806.0384779678,
alban lafont__1999-01-23,,,,3356247.728826227,3356247.728826227,301647.07911239285
albert adomah__1987-12-13,Albert Adomah,DEF,180000.00000000006,139637.40571650548,148778.4204506807,17097.851344989
albert rusnak__1994-07-07,,,,4281380.190758628,3987961.411982277,1062813.7002630255
albert sambi lokonga__1999-10-22,,,,10521658.00723841,10521658.00723841,14632.028803803767
alberto brignoli__1991-08-19,,,,800090.8381014429,800090.8381014429,
alberto cerri__1996-04-16,,,,1194044.6139764476,1233113.032679474,81566.06803695949
alberto dossena__1998-10-13,Alberto Dossena,DEF,4250000.000000002,5472985.70454348,5477851.017701175,290860.20054955105
alberto paleari__1992-08-29,,,,594117.022709444,549792.8872871757,77452.61723087178
albian ajeti__1997-02-26,,,,1697276.7464608466,1699934.102215617,60506.59539464808
albian hajdari__2003-05-18,,,,5301797.719847044,5291461.607807793,331046.7696913777
alec georgen__1998-09-17,,,,1273431.146155226,1265059.8367568194,107316.66776856921
alec van hoorenbeeck__1998-12-30,,,,1212261.0069249172,1212261.0069249172,147301.67139911663
alejandro alvarado__2003-07-29,,,,1085190.8728883117,1058915.2694569267,150056.49792430477
alejandro bedoya__1987-04-29,,,,288058.56937506725,288058.56937506725,
alejandro garnacho__2004-07-01,Alejandro Garnacho,MID,33750000.00000005,37179291.27645482,37742210.026071504,2250348.114622413
alejandro marques__2000-08-04,,,,2603450.4191906815,2595054.3417890416,138961.01362713551
alejo sarco__2006-01-06,,,,1162667.5858318664,1188024.7699691919,46938.86510015202
alejo veliz__2003-09-19,,,,5510809.778041196,5510809.778041196,
aleksa terzic__1999-08-17,,,,2095358.5540052496,2212548.2107229256,252476.0603226338
aleksandar cirkovic__2001-09-21,Aleksandar Ćirković,MID,1050000.0000000007,1320900.9653924957,1324129.346175876,117164.30804408685
aleksandar dragovic__1991-03-06,Aleksandar Dragović,DEF,2750000.0,1018039.1204918491,1017044.5960463559,48294.191709698374
aleksandar jovanovic__1992-12-06,,,,523233.72079756577,523233.72079756577,
aleksandar palocevic__1993-08-22,,,,1188918.7348401211,1277905.7415279022,203498.30017813898
aleksandar pavlovic__2004-05-03,,,,41259914.52984527,41259914.52984527,7597936.866719743
aleksandar pesic__1992-05-21,,,,1282596.760940703,1211391.1119027557,236909.3867450688
aleksandar radovanovic__1993-11-11,,,,1249738.6149345513,1227407.6830148513,118078.5273393221
aleksandar stankovic__2005-08-03,,,,4225344.071342795,4165629.548657849,201030.78056994258
aleksandar vukotic__1995-07-22,Aleksandar Vukotić,DEF,850000.0000000005,1351794.422251146,1351794.422251146,
aleksey miranchuk__1995-10-17,,,,10243037.404820137,10277339.452454321,870095.2980150789
alen halilovic__1996-06-18,,,,1801130.2306548124,1813652.52135233,77818.03910761487
alen sherri__1997-12-15,,,,940156.2101813428,922630.6701490205,47326.24975758241
ales mateju__1996-06-03,,,,924933.3627489085,888891.1667340905,79212.10194710719
alessandro bastoni__1999-04-13,,,,83179291.34076242,83179291.34076242,11641808.714767069
alessandro bellemo__1995-08-07,,,,1469294.3644545672,1463688.2682643018,115412.41904473405
alessandro bianco__2002-10-01,,,,3556614.620990501,3556614.620990501,256067.43961338562
alessandro buongiorno__1999-06-06,,,,34131699.611793146,32426397.263647623,3921837.28821091
alessandro circati__2003-10-10,,,,3197039.348694004,3197039.348694004,
alessandro confente__1998-06-07,,,,502869.76228825236,506958.7273135838,21951.4678907501
alessandro deiola__1995-08-01,,,,1779385.0923339732,1779385.0923339732,98986.04530930427
alessandro dellavalle__2004-05-11,,,,1445283.4872783239,1490851.0634027983,93500.3229345643
alessandro di pardo__1999-07-18,Alessandro Di Pardo,DEF,999999.9999999997,1203716.74720608,1197228.3816485163,84795.12908712112
alessandro fontanarosa__2003-02-07,,,,1063525.032418128,1071863.3910515937,39149.09975234545
alessandro mallamo__1999-03-22,Alessandro Mallamo,MID,562500.0000000002,625968.3993687966,645761.0307390762,37345.031567004626
alessandro marcandalli__2002-10-25,,,,1664650.2436138638,1694734.7553794563,181015.2984455507
alessandro micai__1993-07-24,,,,486323.07207697554,470365.04991544853,69802.50142542722
alessandro murgia__1996-08-09,,,,897596.6679838356,897596.6679838356,
alessandro nunziante__2007-03-14,,,,260634.0594283162,254688.82900034488,30370.743051818266
alessandro plizzari__2000-03-12,,,,740253.5310048305,742445.50715358,44190.64963367397
alessandro schopf__1994-02-07,Alessandro Schöpf,MID,1400000.0000000007,875896.4535709347,875896.4535709347,39517.99529244405
alessandro sersanti__2002-02-16,,,,1864820.7096846986,1899245.684517005,232679.20550430758
alessandro sorrentino__2002-04-03,,,,597341.2449292028,597341.2449292028,8270.333373767251
alessandro tripaldelli__1999-02-09,,,,620804.5392719471,641757.364439599,49771.80907988894
alessandro vinciguerra__2005-08-18,Alessandro Vinciguerra,MID,487499.9999999996,654964.0934189577,632815.373427156,64610.39493436476
alessandro vogliacco__1998-09-14,,,,1673109.707919194,1673109.707919194,33255.21029381885
alessandro zanoli__2000-10-03,,,,4170235.8090274544,4114643.32596741,141751.80371240928
alessio castromontes__1997-05-17,,,,7578194.739573537,7309212.599134365,1538303.8900117856
alessio romagnoli__1995-01-12,,,,19942458.25358093,19857332.237763934,1420299.7378132935
alessio zerbin__1999-03-03,,,,4302127.8806052795,3843678.8868115535,845667.1278904981
alex bangura__1999-07-13,,,,1388686.070606643,1388686.070606643,74063.83099528428
alex cairns__1993-01-04,Alex Cairns,GK,157500.00000000006,264036.71851672523,265074.901918074,41194.92211738359
alex cochrane__2000-04-21,Alex Cochrane,DEF,1949999.999999999,2380281.087506053,2334339.3525626445,242800.50445977304
alex ferrari__1994-07-01,,,,1023050.8697734019,1007887.8224038186,26408.479322514973
alex freeman__2004-08-09,,,,5458900.068166072,5458900.068166072,762728.5551791907
alex gersbach__1997-05-08,,,,394565.417698749,394912.61237804533,15336.785179898507
alex gilbert__2001-12-28,,,,961932.1763812365,961932.1763812365,35317.011762955866
alex gogic__1994-04-13,,,,345418.6871125466,333589.28601547587,45015.12492071688
alex iwobi__1996-05-03,,,,22028471.264616944,22184334.775787607,572192.2591191664
alex kral__1998-05-19,,,,3284683.064969707,3284683.064969707,5957.879191351694
alex lowry__2003-06-23,,,,1174751.0015230817,1171060.7786649757,43119.95958975533
alex matos__2004-10-03,,,,1997058.2577013532,1987801.2322756788,175340.68398379127
alex meret__1997-03-22,,,,20708462.195068374,20748500.640887536,1932200.3208290061
alex mighten__2002-04-11,,,,1300324.3526644786,1300324.3526644786,
alex mitchell__2001-10-07,Alex Mitchell,DEF,712500.0000000002,792454.301897217,792454.301897217,22793.969164884867
alex murphy__2004-06-25,Alex Murphy,DEF,850000.0000000005,1485501.574609527,1470896.0737400856,138891.15482563502
alex palmer__1996-08-10,,,,2597660.3960971893,2578252.025511617,431172.0397662908
alex plat__1998-02-04,Alex Plat,MID,637500.0000000003,568364.0256500167,568364.0256500167,26801.084466771867
alex robertson__2003-04-17,,,,1609609.3185249737,1612966.4297224653,181609.9207664316
alex scott__2003-08-21,,,,29024472.93101778,29024472.93101778,
alex timossi andersson__2001-01-19,,,,875560.0797738293,871888.2719627717,10239.989226456166
alex toth__2005-10-23,,,,6504492.163630994,6504492.163630994,420634.0354484954
alexander bah__1997-12-09,,,,8868581.577021841,8868581.577021841,708014.9859355167
alexander brunst__1995-07-07,,,,431175.11489328835,431475.3013516239,7613.878092952693
alexander busch__2003-07-25,,,,2123399.4994687303,2118198.806063995,83573.60597053412
alexander callens__1992-05-04,,,,1156113.0299355572,1156113.0299355572,
alexander djiku__1994-08-09,,,,2422904.5240972117,2422904.5240972117,688057.7909464751
alexander groi__1998-07-01,,,,382946.94140903995,383403.7642693472,4409.649199663656
alexander isak__1999-09-21,,,,98550799.29510792,98550799.29510792,5870873.712790867
alexander jensen__2001-08-24,,,,1365529.847989226,1365529.847989226,28358.701445640923
alexander jeremejeff__1993-10-12,Alexander Jeremejeff,FWD,1200000.0000000005,1591717.9083126367,1597077.4717872762,103396.2196061357
alexander lind__2002-06-26,,,,2707278.7139697564,2764406.080007134,189275.07324916564
alexander lyng__2004-11-26,,,,1065260.2491313023,1065260.2491313023,
alexander meyer__1991-04-13,,,,1046141.8336227969,1046141.8336227969,5305.912172174511
alexander nubel__1996-09-30,,,,12736904.292268284,12736904.292268284,86100.39490060345
alexander prass__2001-05-26,Alexander Prass,DEF,5250000.0,5301802.1543443985,5325518.44695049,340755.4718270137
alexander ring__1991-04-09,,,,532631.9244799613,543599.0200910574,115439.02630711767
alexander rossipal__1996-06-06,,,,805598.1401312174,797323.2441107107,42291.08507277035
alexander rssinglelesiit__2007-01-20,,,,933875.5393292091,950735.5780817738,135530.04229428567
alexander schwolow__1992-06-02,Alexander Schwolow,GK,600000.0000000003,602107.1422646982,617111.3786709089,58312.08370334636
alexander simmelhack__2005-11-11,,,,695706.843953518,695706.843953518,14677.168316052968
alexander srloth__1995-12-05,,,,30162366.671369076,30162366.671369076,2054653.1329863032
alexandre jankewitz__2001-12-25,,,,701353.6698366429,674386.5364158954,66471.82747638882
alexandre lacazette__1991-05-28,,,,5567029.542512011,5567029.542512011,363040.79562898685
alexandre lauray__1997-03-18,,,,546340.1376283452,546340.1376283452,46512.43353582766
alexandre mendy__1994-03-20,Alexandre Mendy,FWD,2400000.000000001,1295725.1104804724,1301326.1420801075,39044.71485834783
alexandre olliero__1996-02-15,,,,816975.74766177,816975.74766177,
alexandro calut__2003-04-22,Alexandro Calut,DEF,625000.0000000002,811522.6937117724,826199.5405983172,51578.69425640755
alexandros katranis__1998-05-04,Alexandros Katranis,DEF,775000.0000000007,950009.0809737726,926566.2709860026,78250.7230873074
alexandros kyziridis__2000-09-16,,,,3316107.5667644097,3316107.5667644097,2847.9274718012753
alexandros paschalakis__1989-07-28,Alexandros Paschalakis,GK,375000.00000000006,426869.33741876873,446247.22258491,34781.3416420286
alexandru cicaldau__1997-07-08,,,,1318315.9550811565,1319059.8752715355,22115.299354498744
alexandru mitrita__1995-02-08,,,,2914140.2267210563,2914140.2267210563,409031.86056990194
alexandru tirlea__2000-03-28,,,,398536.08485149493,398536.08485149493,
alexi pitu__2002-06-05,,,,694389.5626488669,694389.5626488669,67346.82004870348
alexios kalogeropoulos__2004-07-26,,,,2275825.2929539876,2275825.2929539876,99318.84632518589
alexis antunes__2000-07-31,,,,2117595.8239158997,2117595.8239158997,110030.07391264266
alexis beka beka__2001-03-29,,,,2019269.4040782854,1966894.3077871858,119812.04690719198
alexis blin__1996-09-16,,,,1273389.265318109,1273389.265318109,206715.24452110427
alexis claudemaurice__1998-06-06,,,,7680357.910351319,7752243.172298843,232667.23497672266
alexis flips__2000-01-18,,,,2096329.1741573848,2088151.2148085572,44629.5443084069
alexis mac allister__1998-12-24,,,,80647234.82948473,80487353.04606795,3996845.4856735226
alexis mirbach__2005-03-04,,,,272093.54530661117,275909.384817031,10504.818678900863
alexis saelemaekers__1999-06-27,Alexis Saelemaekers,DEF,20249999.999999978,21749894.79982352,21749894.79982352,
alexis trouillet__2000-12-23,,,,1244399.5458253557,1241601.4060510334,27804.59543980591
alexis vossah__2008-03-11,,,,3010176.2648611953,3010176.2648611953,
alfie devine__2004-08-01,,,,5117837.293650413,5117837.293650413,1387180.8543886044
alfie dorrington__2005-04-20,,,,1182936.5146209146,1193437.9096714128,58968.236047793034
alfie gilchrist__2003-11-28,,,,4089591.268993215,3783052.390928713,600765.6045730117
alfie jones__1997-10-07,Alfie Jones,DEF,2449999.9999999995,2303816.0873018787,2310603.925518503,109650.38770064023
alfie mccalmont__2000-03-25,,,,626071.3501743509,626071.3501743509,61164.42009657001
alfons sampsted__1998-04-06,,,,1629146.1523969006,1599390.2176367468,148405.8987548524
alfonso trezza__1999-06-22,,,,2067363.3755798608,2127960.2593698045,117960.60037041017
alfred duncan__1993-03-10,,,,2047458.4096180592,1948738.8796764433,196719.91868931387
alfred gomis__1993-09-05,Alfred Gomis,GK,825000.0000000006,562315.7797883919,562315.7797883919,39217.79519996705
alhassan yusuf__2000-07-18,,,,2704359.523141576,2690667.6118315933,275442.6321816673
ali abdi__1993-12-20,Ali Abdi,DEF,3550000.000000002,2693258.949631852,2716148.1539369235,314807.8104166247
ali coote__1998-06-11,Ali Coote,MID,412500.0000000001,436776.30785269215,441863.823203319,24974.87293867553
ali emre yanar__1998-05-15,,,,208224.05176443627,215035.03460581036,13461.696007366825
ali fadal__2004-01-14,Ali Fadal,MID,299999.99999999977,486830.7489904628,477585.7528382046,24755.70195072662
ali maamar__2005-03-23,,,,578871.7394437385,597467.9634689383,149360.1528855575
ali mccann__1999-12-04,,,,2041202.510015428,2041202.510015428,37099.44420483979
ali sowe__1994-06-14,Ali Sowe,FWD,1699999.9999999988,1670744.798178132,1624153.5625096562,80855.6078565165
ali yavuz kol__2001-01-29,,,,547063.4885030916,571939.8609170892,54944.456979938965
alidu seidu__2000-06-04,Alidu Seidu,DEF,5750000.000000004,7598122.774911937,7754655.317935279,591468.9398053711
alieu fadera__2001-11-03,,,,3928065.6978260293,3925383.904206242,225711.53584178694
alimami gory__1996-08-30,Alimami Gory,MID,1450000.0000000002,1575909.270344517,1575909.270344517,3467.1693458496434
alin tosca__1992-03-14,,,,308106.568829949,314524.73238539975,30254.401264636956
aliou balde__2002-12-12,,,,1431120.405859109,1469055.642436777,170285.18413833962
aliou thiare__2003-12-20,,,,1018945.0013431376,1018945.0013431376,35569.006507180566
alioune ndoye__2001-10-05,,,,926032.4019470003,926032.4019470003,
alistair johnston__1998-10-08,,,,12394169.086176306,12394169.086176306,310146.762341214
allahyar sayyadmanesh__2001-06-29,,,,4543718.467307786,4482451.281362923,121040.14631764698
allan campbell__1998-07-04,,,,804959.6034197875,804959.6034197875,19409.12856500603
allan tchaptchet__2001-12-21,,,,760162.8234331516,764254.0042258399,45555.52556039541
ally samatta__1992-12-23,,,,1343433.9767411896,1356122.7294346304,93343.29604990431
almugera kabar__2006-06-06,,,,1115769.2232602462,1115769.2232602462,71758.01582350156
alonzo engwanda__2003-01-27,Alonzo Engwanda,MID,5200000.0,2762089.0070363805,2778482.4316361696,207575.32000223672
alou kuol__2001-07-05,Alou Kuol,FWD,462500.00000000006,484974.6479944714,486514.9690077153,21125.01030678063
alouis diriken__2004-04-01,Alouis Diriken,DEF,262500.00000000023,326025.0041149352,326865.8599396521,17219.767831807883
alpha sissoko__1997-03-07,,,,1666151.5211793114,1666151.5211793114,65147.93728004072
alpha toure__2006-01-25,,,,1667225.7293847543,1667225.7293847543,49654.090689907935
alphadjo cisse__2006-10-22,,,,1379345.8521369905,1381692.093363534,139530.8918281347
alphonse areola__1993-02-27,,,,4569797.239227399,4569797.239227399,221318.07081716074
alphonso davies__2000-11-02,,,,50961942.68159047,50961942.68159047,
altay bayndr__1998-04-14,,,,5462572.285671595,5323049.886982096,311787.16079648613
altin zeqiri__2000-07-18,,,,1223835.7870133375,1238815.6627854551,169335.31762630088
alwande roaldsy__2004-06-09,,,,787642.4681052745,790548.6278523547,74103.94782189156
amad diallo__2002-07-11,,,,33762074.81308222,33762074.81308222,3025048.7722900286
amadou dante__2000-10-07,Amadou Dante,DEF,2100000.000000001,1283013.028588807,1263743.9794608704,68823.84445421859
amadou diawara__1997-07-17,,,,1869816.4416595125,1869816.4416595125,63332.41742144966
amadou haidara__1998-01-31,,,,6645511.833827264,7067487.521409883,752916.2244079234
amadou onana__2001-08-16,,,,36440266.17190716,35056309.59011307,2397688.276361939
amadou sagna__1999-06-10,,,,682247.6364284692,676502.9650207779,76445.88657641891
amady camara__2005-05-28,,,,853774.347223476,866284.2586890127,52127.64520819335
amando lapage__2004-11-08,,,,739534.7277955818,739534.7277955818,33517.94843282641
amar dedic__2002-08-18,,,,6552181.748933202,6522085.436786577,399347.8372210801
amar fatah__2004-02-19,,,,864983.2839071581,864983.2839071581,
amara conde__1997-01-06,,,,1196315.7191800426,1196315.7191800426,27795.332750952035
amario cozierduberry__2005-05-29,,,,2085386.1517605588,2113204.864801566,87661.37021624869
amath ndiaye__1996-07-16,,,,2273425.026484684,2214259.0657570977,188286.09649280936
amin cherni__2001-07-07,,,,965866.5850227267,956294.9595563423,22359.608791016435
amin nouri__1990-01-10,,,,169659.29076127725,167457.38625353927,20656.117096961727
amin sarr__2001-03-11,Amin Sarr,FWD,3449999.999999999,2942111.918450136,2778079.1369214184,287587.1273030868
amine adli__2000-05-10,,,,22346816.332619872,22346816.332619872,
amine boukamir__2006-10-23,,,,283218.51937569614,279456.6723817012,24820.63005880829
amine boutrah__2000-10-26,,,,2315855.1042680014,2365397.865558017,156354.16979764233
amine el ouazzani__2001-07-15,,,,2466258.072040039,2522676.8279838217,198661.53571661102
amine gouiri__2000-02-16,,,,29014867.337162953,28622825.10290149,903187.2536999704
amine harit__1997-06-18,,,,6844636.357809271,6506561.952108444,645820.2722057049
amine ouahabi__2008-07-04,,,,455396.6260569174,457925.32930978,37344.95588942019
amine salama__2000-07-18,,,,1479929.419165099,1479929.419165099,90475.417646827
amine sbai__2000-11-05,,,,1808237.0598723951,1812577.1254816253,131333.91989779015
amir abedzadeh__1993-04-26,,,,586783.1444520261,585095.1384929158,62111.88431436842
amir abrashi__1990-03-27,,,,356263.24596284376,360207.21554718626,8084.937745979434
amir hadziahmetovic__1997-03-08,,,,2631531.046266928,2684408.4856143342,405514.82262310066
amir murillo__1996-02-11,,,,7641217.786871612,7641217.786871612,
amir richardson__2002-01-24,,,,5377663.113911172,5377663.113911172,246196.29599751547
amir rrahmani__1994-02-24,,,,22641278.195432402,22641278.195432402,942582.9139864993
amourricho van axel dongen__2004-09-29,,,,1492408.1766794675,1491266.6196001042,62901.648068979186
anan khalaili__2004-09-03,,,,8726202.267880568,9771793.53563114,2120459.1177310515
anass salaheddine__2002-01-18,Anass Salah-Eddine,DEF,4849999.999999997,8434929.673623975,8155284.321535588,881491.2589014086
anastasios bakasetas__1993-06-28,,,,3308744.991771251,3308744.991771251,579777.6704486726
anatoliy trubin__2001-08-01,,,,23994847.467212003,24349113.680296898,867222.8104680312
anders brset__2006-02-22,,,,324709.7995625563,324709.7995625563,13901.459369183367
anders christiansen__1990-06-08,,,,630605.9688343683,630605.9688343683,17854.845851766037
anders dahl__2002-05-01,,,,594954.8474546631,594954.8474546631,2457.07791142629
anders dreyer__1998-05-02,,,,12777134.598259628,12777134.598259628,
anders klynge__2000-10-14,,,,1200376.831120817,1200376.831120817,70490.24863952863
anders trondsen__1995-03-30,Anders Trondsen,DEF,487499.9999999996,632394.2239592611,632394.2239592611,33229.20704520738
anderson lucoqui__1997-07-06,,,,646791.1970768301,646791.1970768301,22330.115453279253
andi zeqiri__1999-06-22,,,,2177853.3503446733,2131784.35008154,133198.5547882774
andras schafer__1999-04-13,,,,5156106.060620086,5156106.060620086,85428.65831140628
andre ayew__1989-12-17,,,,1020281.5266960639,1020281.5266960639,54042.14912152659
andre brooks__2003-08-20,Andre Brooks,MID,2800000.000000002,2731627.3346128296,2779615.33521281,315101.80307440594
andre onana__1996-04-02,,,,11515276.823312419,11515276.823312419,
andrea adorante__2000-02-05,,,,2052821.3824491082,2052821.3824491082,58696.52293877703
andrea belotti__1993-12-20,,,,3871859.91980487,3871859.91980487,431375.6517017513
andrea cagnano__1998-06-17,,,,658127.846166421,658127.846166421,42222.191601278704
andrea cambiaso__2000-02-20,,,,19875820.533318143,22124820.266706225,4402432.364820262
andrea carboni__2001-02-04,,,,2298712.219642411,2314440.269265001,192186.46151856866
andrea ciofi__1999-06-28,,,,928675.7333190925,934416.3089075449,53328.041051460335
andrea cistana__1997-04-01,,,,1232451.4724276382,1233736.9346026143,21911.791793841177
andrea colpani__1999-05-11,Andrea Colpani,MID,14750000.0,9616633.97104367,9616633.97104367,1458183.2251948973
andrea favilli__1997-05-17,,,,1541572.733058155,1541572.733058155,425778.67647924623
andrea fulignati__1994-10-31,,,,899941.4426177935,899941.4426177935,
andrea ghion__2000-02-23,Andrea Ghion,MID,1175000.0,1530439.0830003787,1505861.3015961323,105536.6049708824
andrea masiello__1986-02-05,,,,282649.06241343496,282649.06241343496,
andrea oliveri__2003-01-14,,,,935344.6857465189,901006.1329182807,71522.25766423107
andrea papetti__2002-07-03,,,,1275355.4391420556,1281481.183554777,80978.07226302449
andrea petagna__1995-06-30,,,,2219437.4497715323,2243498.0468566203,173891.35312774524
andrea pinamonti__1999-05-19,Andrea Pinamonti,FWD,11250000.000000019,8311827.3918073075,8311827.3918073075,
andrea tiritiello__1995-03-28,,,,663275.0031493066,663275.0031493066,
andreas christensen__1996-04-10,Andreas Christensen,DEF,14750000.0,19335747.97718982,20235828.185774714,2669774.500437195
andreas cornelius__1993-03-16,,,,1123808.7141477475,1123808.7141477475,93079.54110179839
andreas hancheolsen__1997-01-17,,,,5186250.438048024,5186250.438048024,70329.05772845754
andreas hansen__1995-08-11,Andreas Hansen,GK,1050000.0000000007,976991.9102163254,987508.0611453677,56522.616386766356
andreas kuen__1995-03-24,,,,740677.4796919394,731330.0653616755,58857.18465551139
andreas linde__1993-07-24,,,,522866.9621084966,522866.9621084966,60281.734513142204
andreas muller__2000-07-20,,,,1635950.7064817173,1635772.084130237,95693.54123208408
andreas nibe__2003-05-31,,,,517383.4117863482,520078.16540693823,16126.549672288937
andreas ntoi__2003-02-02,,,,2640989.53187357,2536164.493218569,401514.56901755696
andreas oggesen__1994-03-18,,,,384470.867115018,402165.12827928475,85360.18994816967
andreas poulsen__1999-10-13,Andreas Poulsen,DEF,999999.9999999997,1292643.962583173,1285305.8342502778,15638.463277126155
andreas pyndt__2001-03-04,,,,567731.1392409008,567731.1392409008,10120.071939215315
andreas schjelderup__2004-06-01,,,,9353523.104359383,9353523.104359383,2213258.305146415
andreas skov olsen__1999-12-29,,,,6622583.644192529,6622583.644192529,255687.2370206695
andreas tetteh__2001-05-25,,,,2988261.6197510785,3033880.3735286724,382677.41896305047
andreas verstraeten__2006-01-10,Andreas Verstraeten,DEF,649999.9999999995,380125.1882817358,374747.5714315675,26320.756274620835
andreas voglsammer__1992-01-09,,,,653002.4724002886,662427.753415185,73080.32660572442
andreas weimann__1991-08-05,,,,1327945.3807609715,1325036.1473431834,116796.17016636199
andreaw gravillon__1998-02-08,,,,1559770.2333259967,1601257.2705451609,155212.07044386322
andrei coubis__2003-09-29,,,,1260779.250983603,1241050.377608589,55571.571118021144
andrei girotto__1992-02-17,Andrei Girotto,DEF,4500000.000000002,4320069.860556579,4267067.924181454,216274.70516811963
andrei marginean__2001-07-03,,,,1005462.7739501598,998598.5549507646,42960.739527994745
andrei ratiu__1998-06-20,,,,14023598.484894985,14318984.55983745,688162.7311562127
andrej ilic__2000-04-03,,,,5108378.869381901,5108378.869381901,110291.91376245659
andrej kramaric__1991-06-19,Andrej Kramarić,MID,8000000.000000002,9898732.997367082,9659629.8282085,804878.619983656
andrejs ciganiks__1997-04-12,,,,742490.4255974062,742490.4255974062,153520.90878747613
andres cubas__1996-05-22,,,,3413576.8772104955,3413576.8772104955,
andres sfait__2004-12-09,,,,627094.8251120981,632910.1865209516,52330.67474786446
andres vombergar__1994-11-20,Andrés Vombergar,MID,3550000.000000002,2547248.541669436,2612673.7200533375,220055.24579708595
andrew hjulsager__1995-01-15,,,,780305.3450140898,767626.3739585864,46309.322398971985
andrew moran__2003-10-15,,,,2778397.34957481,2778397.34957481,
andrew omobamidele__2002-06-23,Andrew Omobamidele,DEF,6099999.999999996,5411001.637513469,5413099.485324742,246835.18593191527
andrew robertson__1994-03-11,Andrew Robertson,DEF,15249999.999999983,15228273.880181901,15228273.880181901,417894.9707512859
andrew shinnie__1989-07-17,,,,164967.8948817347,164967.8948817347,
andri fannar baldursson__2002-01-10,Andri Fannar Baldursson,MID,887500.0000000002,470885.64316914615,470885.64316914615,84537.70323644829
andrias edmundsson__2000-12-18,,,,892976.2201177957,887548.8186075713,61696.492801593195
andries noppert__1994-04-07,Andries Noppert,GK,525000.0000000003,456378.0215592084,456378.0215592084,39987.20938929174
andrija bulatovic__2006-12-27,,,,3020331.136169888,2899512.732842656,212723.45000279165
andrija maksimovic__2007-06-05,,,,3979157.9558897414,3979157.9558897414,1055006.2512441727
andrija novakovich__1996-09-21,,,,809685.8478268762,809685.8478268762,12633.9204172656
andrija vukcevic__1996-10-11,,,,1203218.221284736,1203764.0302661203,36750.67224672508
andrija zivkovic__1996-07-11,Andrija Živković,MID,9249999.999999987,7595349.1300143,7745076.327533242,1312323.293789323
andriy lunin__1999-02-11,Andriy Lunin,GK,24749999.999999993,18529050.922945365,18811923.833904304,2019047.4139899472
andriy yarmolenko__1989-10-23,,,,655704.9497365411,655792.3984474357,104693.77959868286
andy diouf__2003-05-17,Andy Diouf,MID,13499999.999999993,15462239.878212966,15363304.474536382,1459976.5331383822
andy najar__1993-03-16,Andy Nájar,DEF,1050000.0000000007,1707603.8872954303,1696174.5968439267,318074.26612748706
andy pelmard__2000-03-12,,,,1827395.721834954,1827395.721834954,325570.6883589708
andy visser__2004-09-22,,,,422712.07580526185,422712.07580526185,8358.356423364372
anel ahmedhodzic__1999-03-26,,,,8274132.588337628,8274132.588337628,146362.4868280382
anfernee dijksteel__1996-10-27,,,,1441832.2231385503,1412196.3765951535,122072.78291843866
angel di maria__1988-02-14,Ángel Di María,MID,6500000.0,5657368.101744376,5657368.101744376,86859.217837145
angel gomes__2000-08-31,,,,12131184.520484518,12292500.698774628,1421060.3199510523
angel torres__2000-04-06,Ángel Torres,MID,700000.0000000006,1018224.5357802247,1018424.2152157598,25790.942896592183
angelo fulgini__1996-08-20,,,,3296687.657659714,3225390.001738234,172286.02276289495
angelo stiller__2001-04-04,,,,44110630.98582521,44110630.98582521,4229868.407909632
angelos angelopoulos__2003-02-19,Angelos Angelopoulos,GK,437500.0000000004,520554.4909467968,510202.5431367837,33710.508352454344
angus gunn__1996-01-22,,,,2586023.839942485,2586023.839942485,77449.80804828413
anis slimane__2001-03-16,,,,1311716.115651199,1311716.115651199,
anl yigit cnar__2003-07-10,,,,406015.0148722229,406015.0148722229,9253.63225967867
anouar ait el hadj__2002-04-20,,,,5784928.775964296,5802573.235045088,414717.2343360292
anouar el azzouzi__2001-05-29,,,,1763894.983849789,1761635.2007495782,56443.63487632452
anrie chase__2004-03-24,,,,1356918.5981149294,1434995.397685485,139678.81369063992
anselmo garcia macnulty__2003-02-19,,,,1656525.4824399336,1654674.1891783292,70806.36062226087
ansgar knauff__2002-01-10,,,,13438893.193268612,14263672.017782688,1664314.740225454
anssi suhonen__2001-01-14,,,,1137780.2660202878,1154229.1498778495,169689.4859831268
ante budimir__1991-07-22,Ante Budimir,FWD,9750000.000000004,7921353.8668406205,8020738.096706276,418413.0940263592
ante palaversa__2000-04-06,Ante Palaversa,MID,749999.9999999998,841306.1533455405,844301.2674551425,26091.622569744355
ante rebic__1993-09-21,,,,1978004.7800421927,2074064.5855873318,216548.83979557513
antef tsoungui__2002-12-30,,,,882683.2814309247,882683.2814309247,67197.87165260062
anthony bermont__2005-02-10,,,,2101566.2324625016,2114818.660266824,151246.7381943388
anthony briancon__1994-11-29,,,,1191898.5638664146,1177188.9971600496,62898.907034819305
anthony caceres__1992-09-29,,,,678616.9741139733,678616.9741139733,
anthony caci__1997-07-01,,,,9848888.299206572,9887770.982797138,313321.630428194
anthony dennis__2004-06-21,,,,2389447.212818651,2370517.3005979117,78763.72471824649
anthony descotte__2003-08-03,,,,1312091.0027559188,1302599.6214438793,130082.42081568018
anthony lopes__1990-10-01,,,,1420757.969831792,1420757.969831792,137205.4118376438
anthony moris__1990-04-29,,,,732190.2491044803,732190.2491044803,
anthony musaba__2000-12-06,,,,3371078.500018646,3587470.2765168454,715470.2167092881
anthony nwakaeme__1989-03-21,Anthony Nwakaeme,MID,700000.0000000006,961690.9133891233,961690.9133891233,46802.8217744861
anthony oyono__2001-04-12,,,,762483.2051789511,762483.2051789511,151081.47910890728
anthony racioppi__1998-12-31,,,,1236452.7630785166,1219533.948547929,77087.20629704958
anthony ralston__1998-11-16,,,,1938761.6835116365,1955730.0800351948,133257.03692195387
anthony ribelin__1996-04-08,,,,421349.476323308,421349.476323308,
anthony rouault__2001-05-29,,,,7876503.005292601,7876503.005292601,204556.79868057158
anthony valencia__2003-07-21,,,,1517831.498175294,1545905.202337746,72023.71587476182
antoine baroan__2000-06-24,,,,881312.4490607769,875885.7473582276,28258.635630643694
antoine bernede__1999-05-26,Antoine Bernede,MID,2000000.0000000016,3071573.4993906417,2860996.577350211,419047.1234247829
antoine bernier__1997-09-10,,,,1558977.1621370458,1669010.4384594327,221935.83197691484
antoine colassin__2001-02-26,,,,955898.8537605114,912871.1697406895,113013.28942082204
antoine griezmann__1991-03-21,Antoine Griezmann,MID,15749999.999999972,13706241.302066633,13549373.479238559,2320834.081826871
antoine joujou__2003-03-12,Antoine Joujou,MID,2100000.000000001,2241402.839178313,2291877.458419827,169730.3618944237
antoine leautey__1996-04-14,,,,1356351.1838053244,1356351.1838053244,109591.32077907717
antoine makoumbou__1998-07-18,,,,4014976.78781368,4014976.78781368,103567.62867471324
antoine mendy__2004-05-27,,,,4723114.937715951,4794155.499122576,162131.88790592973
antoine rabillard__1995-09-22,,,,594071.9970917884,587567.0920168653,25169.509404220556
antoine semenyo__2000-01-07,Antoine Semenyo,MID,50749999.999999925,44489036.366125345,44489036.366125345,
anton gaaei__2002-11-19,Anton Gaaei,DEF,4300000.000000002,2804664.6057527806,2786051.1785004367,351009.94834070007
anton kade__2004-01-17,,,,3837208.5068809334,3809650.0825130288,91883.61743008447
anton kresic__1996-01-29,,,,398706.2435879346,398706.2435879346,23912.48082523553
anton saletros__1996-04-12,,,,2072517.7019405095,2017332.2701009132,120890.55739757916
anton stach__1998-11-15,Anton Stach,MID,18250000.00000002,16030957.445198387,16030957.445198387,
anton tanghe__1999-01-28,Anton Tanghe,DEF,1249999.999999999,1538519.0081152616,1530525.2145434131,62122.62774427995
anton tsarenko__2004-06-17,,,,951957.2662631923,951957.2662631923,
antonee robinson__1997-08-08,,,,30200170.42015634,30200170.42015634,
antoni milambo__2005-04-03,,,,12588417.089543734,12588417.089543734,357729.8223660891
antonin barak__1994-12-03,,,,4682620.653207437,4682620.653207437,
antonin bobichon__1995-09-14,,,,1210572.9995526774,1210572.9995526774,145914.5574822379
antonin kinsky__2003-03-13,,,,11015468.404158607,11275813.307555886,659224.6623867266
antonino gallo__2000-01-05,Antonino Gallo,DEF,4999999.999999999,6903021.8776915455,6830640.408907026,427283.5227991992
antonio barreca__1995-03-18,Antonio Barreca,DEF,837499.9999999995,948959.2998396493,948959.2998396493,113710.85203758146
antonio candela__2000-04-27,,,,1766821.4640413304,1766821.4640413304,
antonio caracciolo__1990-06-30,,,,541873.5582815902,529369.2892692634,69873.71885893395
antonio colak__1993-09-17,,,,1405433.3207680362,1434228.72889038,101694.6165031555
antonio di nardo__1998-09-30,,,,355700.1618927655,345683.7233551132,21149.73169371415
antonio foti__2003-11-03,,,,807790.6178346872,807790.6178346872,55808.22848336126
antonio milic__1994-03-10,,,,1345270.236064133,1367670.3223535002,187595.19678450955
antonio nusa__2005-04-17,,,,21820121.29573661,21820121.29573661,5077194.934422037
antonio palumbo__1996-08-06,,,,3225705.3295139037,3263577.4962981916,173960.28439582133
antonio rudiger__1993-03-03,,,,22473600.94144035,22473600.94144035,
antonio sanabria__1996-03-04,,,,5348713.941902621,5348713.941902621,
antonio tikvic__2004-04-21,,,,765625.8124019708,765625.8124019708,
antonio vergara__2003-01-16,,,,1814919.7764472815,1878926.773683669,170105.7923684798
antonios papadopoulos__1999-09-10,,,,1873058.5184343238,1873058.5184343238,
antonis tsiftsis__1999-07-21,Antonis Tsiftsis,GK,1050000.0000000007,1104744.395547933,1115241.4769577256,47633.08641167225
antony evans__1998-09-23,,,,673873.7368876896,673873.7368876896,138645.48633099487
antwoine hackford__2004-03-20,,,,286594.70376976824,286594.70376976824,
apostolos konstantopoulos__2002-08-02,,,,1174750.5175769245,1174750.5175769245,40312.379858695276
aral simsir__2002-06-19,,,,7904179.60308868,7595950.731522718,880661.425129917
arber zeneli__1995-02-25,,,,1560857.1918113246,1613367.082645874,144621.9651439252
arbnor mucolli__1999-09-15,,,,1073466.1809733352,978372.6554651445,213193.22523747224
arbnor muja__1998-11-29,,,,3101379.5142598217,3101379.5142598217,
archie brown__2002-05-28,,,,5194830.048808435,5099128.681837073,763705.3098472309
archie gray__2006-03-12,,,,17840652.159633573,16695005.806000011,2015273.5741012949
archie meekison__2002-05-04,,,,235628.2566852354,235765.8568162183,17258.87184729496
arda guler__2005-02-25,,,,61975676.9772211,67241116.14960137,20018331.686746996
arda kzldag__1998-10-15,,,,1381353.2355162425,1440183.1376676413,143025.79905837573
arda unyay__2007-01-18,Arda Ünyay,DEF,837499.9999999995,1086122.4073937132,1086122.4073937132,63841.18692672631
ardian ismajli__1996-09-30,Ardian Ismajli,DEF,3299999.999999998,3866103.6982249124,3866103.6982249124,89005.19505360197
ardon jashari__2002-07-30,,,,20893507.282552585,20893507.282552585,
argyrios liatsikouras__2006-12-20,,,,919560.4591674383,919560.4591674383,24712.20368616275
arif bosluk__2003-06-06,,,,594182.0791928346,590098.4529036398,24513.318412850476
arif kocaman__2003-09-14,,,,841607.4181637717,834212.5192964156,33221.64009566473
arijanet muric__1998-11-07,,,,3291054.899021216,3215355.029807076,278913.8862532158
arijon ibrahimovic__2005-12-11,Arijon Ibrahimović,MID,3700000.000000002,2991822.735728641,2991822.735728641,298697.4831017436
aritz elustondo__1994-03-28,,,,4600841.432739036,4558531.020031336,197754.39793421334
arkadiusz milik__1994-02-28,Arkadiusz Milik,FWD,6749999.999999997,9440027.278228238,9607672.008705178,744825.8016491767
armand lauriente__1998-12-04,Armand Laurienté,MID,19000000.000000015,21739452.184671152,21596753.914760023,850910.9042448333
armando izzo__1992-03-02,,,,2340613.101499554,2337896.925537607,123461.10594901584
armando obispo__1999-03-05,,,,3643183.509516824,3643183.509516824,462658.3843537411
armel bellakotchap__2001-12-11,,,,5648664.355780097,5485228.544830426,470239.4731052281
armindo sieb__2003-02-17,Armindo Sieb,MID,3600000.0000000014,4173687.055146197,4173687.055146197,48513.48492342787
arnaud bodart__1998-03-11,,,,2611491.502331846,2530957.2527583083,284196.1408850182
arnaud kalimuendo__2002-01-20,,,,20424705.201004613,20047570.706307434,1356863.7267730727
arnaud nordin__1998-06-17,,,,3680669.0527236923,3680669.0527236923,
arnaut danjuma__1997-01-31,Arnaut Danjuma,MID,4750000.000000003,5918566.761329013,5918566.761329013,112346.52658156189
arne engels__2003-09-08,,,,10206392.63028114,9991939.370933224,2215880.5313048344
arne maier__1999-01-08,,,,4519543.202246722,3756084.3224582323,1786030.8560270409
arno verschueren__1997-04-08,,,,1429267.8177479948,1429267.8177479948,220812.4070466959
arnor ingvi traustason__1993-04-30,Arnór Ingvi Traustason,MID,999999.9999999997,837639.4922095302,860966.096894378,50429.35824969521
aron gunnarsson__1989-04-22,Aron Gunnarsson,MID,199999.99999999997,157635.78184389885,154167.67490762527,30676.550909184763
arouna sangante__2002-04-12,,,,6124559.808152882,6212591.015373789,565920.4177523479
arsen zakharyan__2003-05-26,,,,5365177.552321939,5365177.552321939,
arsene kouassi__2004-09-11,,,,4363492.76176893,4285898.031234672,394005.8050438402
arseniy batagov__2002-03-05,,,,7678725.15845143,7725359.313105125,108712.64325619927
artem bondarenko__2000-08-21,,,,14160799.540288994,14599993.204458145,1238024.442691939
artem dovbyk__1997-06-21,,,,30983272.49224224,30983272.49224224,1199615.815935128
artem putivtsev__1988-08-29,,,,150833.26147602612,140017.50641115778,22287.080566308614
artem smolyakov__2003-05-29,Artem Smolyakov,DEF,787499.9999999994,723991.226458041,724083.0539528283,28458.469836524535
artem stepanov__2007-08-10,,,,1542688.7146679144,1542688.7146679144,281471.14078383765
arthur atta__2003-01-14,,,,7899982.628546682,7899982.628546682,
arthur masuaku__1993-11-07,Arthur Masuaku,DEF,3299999.999999998,3105615.5556714963,3115910.968843833,71640.06305664973
arthur okonkwo__2001-09-09,,,,1519046.8925349647,1519046.8925349647,32683.875663390834
arthur piedfort__2005-02-01,,,,3425274.5778720514,3303578.264520121,304360.6397763811
arthur theate__2000-05-25,,,,25566340.69719013,25566340.69719013,1101072.3407592706
arthur vermeeren__2005-02-07,,,,26518138.932632696,25315636.863658443,2310998.490401671
arthur zagre__2001-10-04,,,,1674729.6983947605,1699658.6058529725,110565.21955656818
artur jedrzejczyk__1987-11-04,Artur Jędrzejczyk,DEF,175000.00000000012,155949.98172179871,155949.98172179871,
arturo calabresi__1996-03-17,,,,1076088.4385661087,1076088.4385661087,50790.70835539209
arturo vidal__1987-05-22,Arturo Vidal,MID,600000.0000000003,337741.63165444863,345390.25568523427,43238.12173239828
arvin appiah__2001-01-05,,,,998338.2315222925,966580.0286426563,55171.711779693236
asbjrn bndergaard__2004-05-05,,,,673819.4782999887,679082.7840206625,35831.385412964446
aschraf el mahdioui__1996-05-24,,,,13501278.376888532,13726283.019942004,1144853.9637396657
ashley barnes__1989-10-30,Ashley Barnes,MID,437500.0000000004,874372.830599628,850934.9129915601,137367.99382153893
ashley fletcher__1995-10-02,Ashley Fletcher,FWD,825000.0000000006,669763.4836847243,670257.8066168609,27645.506967813064
ashley hay__2003-07-10,Ashley Hay,FWD,249999.9999999998,413628.82043615903,413628.82043615903,10944.824540011272
ashley maynardbrewer__1999-06-25,Ashley Maynard-Brewer,GK,474999.99999999977,464050.1220797333,462983.46845256584,21118.450096328506
ashley phillips__2005-06-26,,,,3198616.6056623906,3241050.1358485995,214969.63040521622
ashley westwood__1990-04-01,,,,946366.8930638594,958870.1469503648,114418.67441653836
ashley young__1985-07-09,,,,691725.9690755713,691725.9690755713,60310.772617355746
aske adelgaard__2003-11-10,,,,1269801.4993717521,1269801.4993717521,
aske andresen__2005-07-12,,,,603437.4922701704,607368.2460792786,26611.173562327887
asker beck__2003-07-07,,,,931791.9475951314,931791.9475951314,
asmir begovic__1987-06-20,,,,217810.64542129455,217810.64542129455,21938.618566543166
assan ouedraogo__2006-05-09,Assan Ouédraogo,MID,6999999.999999995,10944173.868832609,11024541.420697901,433699.36953233567
assane diao__2005-09-07,,,,14484743.42826654,14168708.913639287,1043983.2112021658
assane diousse__1997-09-20,Assane Dioussé,DEF,1050000.0000000007,1416117.478120467,1400172.1626466378,112459.08962052263
aster vranckx__2002-10-04,,,,6316019.667053685,6345328.515072681,325707.7476131584
aston oxborough__1998-05-09,,,,417953.0094272172,417953.0094272172,
ataberk dadakdeniz__1999-08-05,,,,777140.2410913535,783221.4426764776,37263.99992851496
atakan karazor__1996-10-13,Atakan Karazor,MID,9249999.999999987,7671412.313386083,8263881.514399626,1035326.2290749458
atli barkarson__2001-03-19,,,,409429.62543727236,457359.02716603514,109658.9633618531
atsuki ito__1998-08-11,,,,1847422.8651982397,1847422.8651982397,
attila mocsi__2000-05-29,,,,1472746.0259685903,1471653.1718867777,32345.822162747776
attila szalai__1998-01-20,,,,1921203.9117477809,1836271.0154963862,237528.9127680233
august erlingmark__1998-04-22,,,,940960.0904138623,970256.8042529689,52177.9566356491
august priske__2004-03-23,,,,4036625.2798510357,4247892.205052394,370524.2067586226
augusto batalla__1996-04-30,,,,10968171.327198265,10503062.724794481,1110427.0170314652
augusto max__1992-08-10,,,,712197.3357427213,702548.2254721134,33401.13098718978
aurele amenda__2003-07-31,,,,5484050.840099566,5381019.871750739,244323.30664200953
aurelian chitu__1991-03-25,,,,447274.603196942,447274.603196942,28693.177110421562
aurelien nguiamba__1999-01-18,,,,467546.6337802965,469554.6677017246,22416.17626168417
aurelien platret__2003-02-20,,,,693594.4592157304,693594.4592157304,
aurelien scheidler__1998-06-04,Aurélien Scheidler,FWD,1650000.0000000007,1632702.06396947,1648576.2009289688,99970.81787090565
aurelien tchouameni__2000-01-27,,,,51720253.03451824,52569940.166739166,2116439.0007302887
aurelio oehlers__2004-02-05,,,,1006096.3719866457,1032017.2071654592,92097.48841278531
auston trusty__1998-08-12,,,,6751481.654062842,6775296.242217783,564492.3794868923
awer mabil__1995-09-15,,,,926703.6080032131,950014.7199884492,44533.479458690126
axel bjornstrom__1995-09-10,,,,392374.9258663261,392374.9258663261,23387.376272042762
axel borgmann__1994-07-08,,,,518189.0695161959,518189.0695161959,
axel camblan__2003-08-30,,,,787010.6808704739,790561.9885283611,20541.460902134822
axel disasi__1998-03-11,,,,13806837.23968551,13806837.23968551,2213942.113425666
axel gueguin__2005-03-24,,,,487584.69039163645,481187.37263900146,34754.17612841258
axel piesold__2005-03-31,,,,181651.82242915014,183005.04391706397,5257.65027377742
axel tape__2007-08-10,,,,2600173.6171761975,2623966.0521000065,98012.3113609097
axel willockx__2007-02-07,,,,235294.1628605944,233471.0456280026,5106.734037235898
axl de corte__2006-03-24,,,,678815.6768651793,672630.5692803777,29867.555447926952
ayanda sishuba__2005-02-02,,,,775477.1668957869,775477.1668957869,3770.306920675614
ayase ueda__1998-08-28,,,,18065198.839258995,17045874.218805984,2260998.5738680027
ayden heaven__2006-09-22,,,,10124121.698411137,10341704.744259577,1142031.5931732333
aymen sliti__2006-03-24,,,,1422183.7528205924,1422183.7528205924,98562.42115483768
aymeric laporte__1994-05-27,Aymeric Laporte,DEF,15000000.00000001,15563509.944712492,15804922.664076872,482559.575256022
ayoni santos__2005-07-18,,,,801654.4801176152,833733.7481457273,129305.1015038899
ayoub el kaabi__1993-06-25,,,,10396965.07319975,10396965.07319975,
ayoub oufkir__2006-01-04,,,,1333740.200787311,1348292.0166603753,67458.94750538172
ayumu seko__2000-06-07,,,,3000151.833586458,3000151.833586458,126503.61246294652
ayumu yokoyama__2003-03-04,Ayumu Yokoyama,MID,1249999.999999999,1503383.4759578146,1518176.172296363,105002.00956918273
ayyoub bouaddi__2007-10-02,Ayyoub Bouaddi,MID,25250000.0,19988487.664535522,19648159.81310503,2885126.686528503
aziz behich__1990-12-16,,,,472172.32361331204,460549.7597367615,34530.23790854226
azor matusiwa__1998-04-28,,,,6269995.634662414,6166074.23610866,451657.8414186168
azzedine ounahi__2000-04-19,Azzedine Ounahi,MID,15249999.999999983,20852700.76042165,20702101.674974896,1319366.250241175
bachir gueye__2003-03-08,,,,831304.3636608303,842988.8052857529,36633.99187512516
badavi huseynov__1991-07-11,Badavi Hüseynov,DEF,349999.9999999997,397850.68022765254,399587.316977653,36365.37347912414
badredine bouanani__2004-12-08,Badredine Bouanani,MID,8999999.999999996,9213969.94793731,9498376.56242352,1116655.2850803616
bahadr gungordu__1996-01-16,,,,744282.1500173188,744282.1500173188,55569.41858899378
bahadr ozturk__1995-10-01,,,,543435.4281453534,554160.3229363563,53532.71833258127
bahmed deuff__2006-03-10,,,,1044743.3566938046,1043999.1777012878,4921.283472679828
baila diallo__2001-06-24,,,,974843.8713073418,974843.8713073418,54594.99109396313
bailey peacockfarrell__1996-10-29,,,,567791.982995407,567791.982995407,88952.84432443662
bailey rice__2006-10-04,,,,590915.113213762,590915.113213762,8913.827461555073
baily cargill__1995-07-05,,,,516910.3838956129,515430.8610922239,23851.438867192006
bakary haidara__2005-06-01,,,,652609.3728980719,652609.3728980719,
bakery jatta__1998-06-06,,,,1208639.467434037,1206271.793236216,254697.8519913961
bali mumba__2001-10-08,,,,2136432.060860809,2136432.060860809,175081.8225833029
balthazar pierret__2000-05-15,Balthazar Pierret,MID,1249999.999999999,1347096.450747158,1340212.8745414293,118406.58305622044
bamba dieng__2000-03-23,,,,2580924.1261405014,2642563.2350134216,267166.4780351259
bambase conte__2003-07-07,,,,1764613.1869387336,1710593.7602099048,128421.91040941511
bambo diaby__1997-12-17,,,,1279085.1597853543,1293917.3369959735,32157.45550547046
bamo meite__2001-12-03,,,,5384744.883651484,5384744.883651484,30071.92017664147
bandiougou fadiga__2001-01-15,Bandiougou Fadiga,MID,512499.9999999997,608728.6830044566,617038.437947574,29960.22819294416
baptiste guillaume__1995-06-16,,,,772451.1662320015,772451.1662320015,5239.774641897324
baptiste mouazan__2001-09-27,,,,812317.9397995558,843038.0557077746,50453.97116897306
baptiste santamaria__1995-03-09,,,,4877982.049029874,4877982.049029874,32007.63737941979
bard finne__1995-02-13,,,,1238709.1600885475,1238709.1600885475,146409.70268961383
barnabas varga__1994-10-25,,,,7003376.919657565,7003376.919657565,738434.9614718896
barry bannan__1989-12-01,Barry Bannan,MID,749999.9999999998,1080486.5861720191,1081958.5212134786,96254.07592330947
bars alper ylmaz__2000-05-23,Barış Alper Yılmaz,MID,26499999.999999996,22692659.88711125,22692659.88711125,
bart nieuwkoop__1996-03-07,Bart Nieuwkoop,DEF,2349999.999999999,2665557.8502034307,2813877.180721719,548902.8999057768
bart schenkeveld__1991-08-28,,,,844294.9733841253,844294.9733841253,67209.39642809598
bart van rooij__2001-05-26,,,,4950458.855872873,4950458.855872873,11202.780762786937
bart verbruggen__2002-08-18,,,,28308065.070550855,28257018.108864322,2321219.241944962
bart vriends__1991-05-09,,,,298560.88708422636,297921.00166280416,4516.473560388673
bartol franjic__2000-01-14,,,,2003208.0814072387,2003208.0814072387,77533.43000533304
bartosz bereszynski__1992-07-12,,,,1035104.0966863668,1058226.5544007828,77773.58163822822
bartosz salamon__1991-05-01,,,,496253.8151243371,496253.8151243371,30208.119673775695
bartosz slisz__1999-03-29,Bartosz Slisz,MID,3799999.9999999995,3775425.445927053,3757966.029002229,148318.220289178
bartug elmaz__2003-02-19,,,,1588954.836354989,1593806.8916031483,47544.99273919872
bas kuipers__1994-08-17,,,,1042706.0765454769,1060944.2504775971,104335.81071325544
basar onal__2004-07-06,,,,2209122.8480688646,2209122.8480688646,
bastien meupiyou__2006-03-19,,,,667637.1220048196,669876.6806179187,54683.27292698727
batista mendy__2000-01-12,,,,11247511.730643705,11172368.96247378,155952.7062215127
batuhan sen__1999-02-03,,,,553880.4120136863,557910.9633410077,19874.777868028952
batuhan yavuz__2005-05-04,Batuhan Yavuz,DEF,237499.99999999983,305452.5070729391,305452.5070729391,40107.915565752366
bazoumana toure__2006-03-02,Bazoumana Touré,MID,10499999.999999994,10342495.748964513,10422411.281072266,471756.3856299043
becir omeragic__2002-01-20,,,,6309523.7226734385,6309523.7226734385,1311673.6817812396
bedirhan cetin__2006-06-29,,,,243727.16930349218,237508.29768141708,21946.14694773174
ben amos__1990-04-10,Ben Amos,GK,172499.99999999985,93762.15280405644,93762.15280405644,1231.6493363706224
ben bobzien__2003-04-29,Ben Bobzien,FWD,1150000.0000000005,1353774.8725119035,1358157.4256364994,42257.37314540001
ben brereton diaz__1999-04-18,,,,2457910.583502796,2577757.0619820566,451108.66832184093
ben chilwell__1996-12-21,,,,10101375.642184656,10101375.642184656,
ben chrisene__2004-01-12,,,,1093975.8984975875,1098245.8358837443,8793.126892104867
ben davies__1993-04-24,,,,3684399.842259569,3735548.4493721044,251331.4440724557
ben davies__1995-08-11,,,,1853569.3071817958,1946299.852406186,224051.66136297438
ben gannondoak__2005-11-11,,,,6970623.3375123255,6673334.656056579,663210.4288049162
ben garuccio__1995-06-15,,,,814649.3848938294,814649.3848938294,
ben gibson__1993-01-15,,,,723902.4409489123,723902.4409489123,57763.95595021172
ben godfrey__1998-01-15,,,,3162387.2551072524,3162387.2551072524,15220.62836603502
ben hamed toure__2003-08-21,,,,1206030.2492606936,1206570.4231752097,266715.9640647294
ben hamer__1987-11-20,,,,185323.95911761955,185323.95911761955,4767.351577042379
ben johnson__2000-01-24,,,,3776166.3907996006,3637191.7569006304,255829.0515282968
ben lhassine kone__2000-03-14,,,,1107013.7767297197,1075321.164303638,186618.29938224028
ben mee__1989-09-21,Ben Mee,DEF,812499.9999999993,850944.9683766454,850944.9683766454,31179.095315345356
ben nelson__2004-03-18,,,,1450919.402173932,1455618.3434085487,51449.33978919296
ben osborn__1994-08-05,,,,1056402.1940978668,1043087.7198350314,101702.68091066559
ben purrington__1996-05-20,,,,385623.3515593944,385623.3515593944,
ben sheaf__1998-02-05,,,,4033101.989835785,4212070.162650666,414366.9930654503
ben wilmot__1999-11-04,Ben Wilmot,DEF,4150000.000000003,2218194.939380226,2186261.854338021,57311.86815449886
ben woodburn__1999-10-15,Ben Woodburn,MID,812499.9999999993,435525.9114635262,455766.970940587,56809.60027087649
benedict hollerbach__2001-05-17,,,,7184272.842656236,7184272.842656236,596907.7137056902
benedikt gimber__1997-02-19,,,,2487537.4751123674,2487537.4751123674,262610.49732842145
benedikt saller__1992-09-22,,,,380807.53732879757,461103.48784421064,150336.22091025437
beni baningime__1998-09-09,,,,2760608.0342386607,2757475.9195431746,38050.17776869535
benie traore__2002-11-30,Bénie Traoré,MID,8249999.9999999935,11799429.125899922,11868006.401799308,1260819.929298693
benito raman__1994-11-07,Benito Raman,MID,2150000.0,2209809.304115942,2294706.063705679,165885.0183359358
benjamin andre__1990-08-03,,,,5208394.569244235,5332081.459544778,463490.70093199256
benjamin fredrick__2005-05-28,,,,1004609.212951978,1027683.4141821873,98218.61296981145
benjamin hadzic__1999-03-04,Benjamin Hadžić,MID,177500.00000000015,212307.84706014255,217136.28259191252,30199.918142102924
benjamin henrichs__1997-02-23,,,,14746659.118893556,14746659.118893556,4825030.718770455
benjamin kallman__1998-06-17,,,,2539294.475558482,2563766.112623995,147194.85868735772
benjamin lecomte__1991-04-26,,,,838099.4801345859,833557.5543365029,37076.08822521336
benjamin leroy__1989-04-07,Benjamin Leroy,GK,139999.9999999999,129981.11940635688,130971.6340006918,13015.763903969555
benjamin mendy__1994-07-17,,,,844747.1918794686,876669.3861435864,75394.35656244124
benjamin nygren__2001-07-08,,,,5051216.400855138,5227201.689562039,585861.0231462293
benjamin pauwels__2004-10-29,,,,1285357.4629956502,1285357.4629956502,64755.62595220265
benjamin pavard__1996-03-28,,,,21169369.68278249,21436805.395184606,2113014.5631923373
benjamin sesko__2003-05-31,,,,54710850.49685169,55690354.069853954,7448077.009499904
benjamin siegrist__1992-01-31,,,,659592.0691795181,653014.2216495839,61278.805352308395
benjamin stambouli__1990-08-13,Benjamin Stambouli,MID,600000.0000000003,734421.6712461091,733926.8862403486,64986.33014855267
benjamin tahirovic__2003-03-03,,,,1927923.6698292296,1927923.6698292296,194425.9087632042
benjamin uphoff__1993-08-08,Benjamin Uphoff,GK,474999.99999999977,539037.5893062389,535692.7442609402,12411.105618227492
benjamin van durmen__1997-03-20,Benjamin Van Durmen,MID,562500.0000000002,626236.2868988619,626236.2868988619,5382.771817761363
benji michel__1997-10-23,,,,452059.86374338344,452200.04936380085,41204.69925464469
benoit badiashile__2001-03-26,,,,19386884.31436568,19386884.31436568,
benoit nyssen__1997-09-12,Benoit Nyssen,DEF,712500.0000000002,803736.18355253,802451.4865104387,62495.03179652148
berat djimsiti__1993-02-19,,,,8481002.780111637,8494374.494996909,480527.28652626876
berat ozdemir__1998-05-23,Berat Özdemir,MID,3550000.000000002,3048754.0680671786,3048754.0680671786,107730.90498706543
berkan kutlu__1998-01-25,,,,2255165.672527032,2255165.672527032,133515.49736538887
berkay ozcan__1998-02-15,,,,1297845.62520868,1297845.62520868,12477.182500475497
berke ozer__2000-05-25,,,,12611865.279711267,12421065.543494295,471230.40178860485
bernardo schappo__1999-03-22,,,,1327327.268074785,1327327.268074785,50064.0199853716
bernd leno__1992-03-04,,,,5189256.529800834,5189256.529800834,148652.6736681651
bernt klaverboer__2005-09-26,,,,1339399.5283652372,1339399.5283652372,288075.2028644154
bersant celina__1996-09-09,,,,1134874.093675622,1147312.5861570616,91310.63067412497
bert esselink__1999-08-16,Bert Esselink,DEF,487499.9999999996,436123.06450578454,434440.84309299284,12860.027648053732
bertrand traore__1995-09-06,,,,5025418.143316453,5025418.143316453,2389018.1986637576
bertug yldrm__2002-07-12,,,,2643700.2186977942,2673259.4171761754,171044.63052826058
besard sabovic__1998-01-05,,,,1288507.8878008479,1319665.6978965024,67114.63933497499
bi abdoul kader yameogo__2004-12-17,,,,391940.400348825,404184.1292535158,22471.393512104096
bilal bafdili__2004-08-03,,,,2344837.272274835,2316411.48521568,175036.19269158968
bilal bayazt__1999-04-08,,,,1019003.4299326936,1034647.7944537218,34739.14479181363
bilal boutobba__1998-08-29,,,,1883534.873327803,1831910.7113068027,156908.22511899416
bilal el khannouss__2004-05-10,,,,20186041.987384472,20186041.987384472,
bilal nadir__2003-11-28,,,,6181757.149720796,5893856.108903325,514984.3064686292
bill antonio__2002-09-03,,,,837189.4033466899,837189.4033466899,27206.01735550697
bill tuiloma__1995-03-27,,,,493084.37270227226,493084.37270227226,
billy gilmour__2001-06-11,,,,10342434.534767745,10479254.094606556,1033906.8049923531
billy koumetio__2002-11-14,,,,720176.0899757888,761233.9531275306,104625.86663955225
billy sharp__1986-02-05,,,,125740.34465142747,129484.24270170595,14629.753809107295
billy van duijl__2005-10-04,,,,749177.119387834,756919.9646911265,53465.93344123614
bingourou kamara__1996-10-21,,,,1063900.0437499804,1063900.0437499804,
birger meling__1994-12-17,,,,1562148.960513601,1533020.6198448022,87397.59986465907
birger verstraete__1994-04-16,,,,1111127.8216600781,1091615.915782514,86505.84966696311
birk risa__1998-02-13,,,,981314.3032555708,978216.1530888628,62094.15128759035
bjarke jacobsen__1993-08-21,,,,424977.19345784996,434633.6239772845,25214.34258506344
bjorn meijer__2003-03-18,,,,5256224.557282226,5271043.408547606,131332.38757194456
bjrn paulsen__1991-07-02,,,,305841.7152438322,296603.16744847957,34238.17828069087
blair spittal__1995-12-19,,,,875052.2611839022,847611.4405374599,49012.51370194619
blair turgott__1994-05-22,,,,415631.92718465923,409780.52768591687,12491.582548427068
blas riveros__1998-02-03,,,,2271609.3543218425,2271609.3543218425,
blaz kramer__1996-06-01,,,,1507285.0312342637,1507285.0312342637,
blendi idrizi__1998-05-02,,,,764321.9108094609,764321.9108094609,104848.15703444423
bobby clark__2005-02-07,,,,1879149.9901513539,1787511.853353009,248800.40399533103
bobby de cordovareid__1993-02-02,,,,3034614.627254138,3034614.627254138,
bobby thomas__2001-01-30,,,,3866374.507901654,3893744.9584701406,317471.8771664062
bobby wales__2005-06-23,,,,1530098.4886672238,1530098.4886672238,1019447.4174239434
bogdan racovitan__2000-06-06,,,,1335030.2296565971,1286034.3876362788,166298.06805944908
bojan miovski__1999-06-24,,,,3209490.1801959844,3209490.1801959844,109031.84224692335
bojan radulovic__1999-12-29,,,,671719.3672760498,671719.3672760498,
boli bolingoli__1995-07-01,,,,558143.9337913373,553221.0707167085,28422.432698953493
boris popovic__2000-02-26,,,,1034906.8488483209,1034906.8488483209,24319.91854234037
boris radunovic__1996-05-26,,,,1028441.7056746783,1028441.7056746783,44652.04983136031
borna sosa__1998-01-21,,,,4258134.086313461,4321881.167483265,276387.9040651859
bosko sutalo__2000-01-01,Boško Šutalo,DEF,2150000.0,1927281.7576395283,1908105.6384961705,158556.56349461066
botond balogh__2002-06-06,,,,2773230.7682429,2773230.7682429,410815.9238826827
boubacar kamara__1999-11-23,,,,49946196.85779674,49946196.85779674,118018.01276106032
boubacar traore__2001-08-20,,,,2074987.8638908665,2124352.776498895,182457.05591845364
boubakary soumare__1999-02-27,,,,5398721.656769172,5330515.151491829,338918.47126770864
boulaye dia__1996-11-16,,,,19502996.2551423,19502996.2551423,
boy kemper__1999-06-21,Boy Kemper,DEF,1024999.9999999995,993751.9998271966,993751.9998271966,11744.1611958439
boyd lucassen__1998-07-01,,,,563106.9335772765,563106.9335772765,
bozhidar kraev__1997-06-23,,,,987849.7413630667,1070292.260135567,276162.9819691702
brad lyons__1997-05-26,Brad Lyons,DEF,537500.0000000003,617095.9865657733,627448.6111402811,22643.16559010369
brad spencer__1996-05-16,,,,329139.0298377974,324892.5314296138,22196.495369614935
bradley barcola__2002-09-02,Bradley Barcola,MID,65750000.0000001,73260893.77013701,74546231.79235959,10343697.037154302
bradley ibrahim__2004-10-21,,,,1007306.7960766058,1007306.7960766058,27753.37805621318
bradley locko__2002-05-06,Bradley Locko,DEF,9999999.999999996,6835764.8197544385,6678349.206822414,841285.984358058
bradley mazikou__1996-06-02,Bradley Mazikou,DEF,1050000.0000000007,915782.034599311,901339.9269748616,40493.1057627839
brady scott__1999-06-30,Brady Scott,GK,237499.99999999983,317113.5602468549,317113.5602468549,14301.916478987298
brahim diaz__1999-08-03,,,,33223246.796430085,33281899.82909565,1248345.5132565154
brahim ghalidi__2005-01-31,,,,381014.49873934954,368686.2284477249,30591.342168762203
brahim traore__2004-02-04,,,,890252.5584725402,892047.2192741402,24941.45757147502
brajan gruda__2004-05-31,,,,14607736.712680927,13915237.204561856,1532792.535001518
bram lagae__2004-01-14,,,,915676.7222608771,945296.5923802942,114732.59369281637
bram nuytinck__1990-05-04,,,,369173.468162193,369173.468162193,
branco van den boomen__1995-07-21,,,,2184110.93755291,2184110.93755291,164219.22736817235
brandley kuwas__1992-09-19,,,,568885.6154447116,568885.6154447116,
brandon austin__1999-01-08,,,,1129038.066501706,1129038.066501706,122744.65134317949
brandon borrello__1995-07-25,Brandon Borrello,MID,1150000.0000000005,1087977.8504181101,1087977.8504181101,287493.3531147732
brandon comley__1995-11-18,,,,286849.9329857691,286849.9329857691,565.4619705308471
brandon domingues__2000-06-06,,,,1057862.773245714,1057862.773245714,
brandon khela__2005-01-19,Brandon Khela,MID,537500.0000000003,679660.2628151983,668425.5383593774,50095.95556888869
brandon mechele__1993-01-28,,,,5949897.588916877,5949897.588916877,444283.71518416237
brandon soppy__2002-02-21,,,,1544131.8855393296,1567357.5488883113,82191.95644876943
branimir hrgota__1993-01-12,,,,1570752.607019381,1620809.425712957,108743.16765327274
brayan medina__2002-03-04,,,,2062697.2074435323,2062697.2074435323,242307.53467679585
brayan vera__1999-01-15,,,,1513877.7988837373,1513877.7988837373,106105.02894673354
breel embolo__1997-02-14,,,,11607518.523092212,11462186.470327318,359047.7890160411
brendan chardonnet__1994-12-22,,,,5749369.748449395,5733254.256848879,206185.8710634361
brendan galloway__1996-03-17,,,,485457.07238067046,485457.07238067046,
brenden aaronson__2000-10-22,,,,8640310.655902069,9675977.650669917,2701942.585405507
brennan johnson__2001-05-23,Brennan Johnson,MID,30000000.00000005,32656705.264022365,33736195.79209777,3921965.9403047427
brent gabriel__1999-01-27,,,,827026.2824743394,829308.250088949,44022.961391711186
brian brobbey__2002-02-01,,,,22467465.721149582,22282272.770870447,993305.207039559
brian graham__1987-11-23,,,,149826.59783297285,148717.4609049499,20778.410679478187
brian mansilla__2002-05-14,,,,1792163.5521445079,1753620.329748299,132487.332721248
brian ocampo__1999-06-25,,,,2061519.9189192608,2061519.9189192608,68744.31517159034
brian orosco__1998-02-28,,,,482859.59856215166,482859.59856215166,8976.451816657047
brice samba__1994-04-25,,,,8770341.866647441,8770341.866647441,
bright arreymbi__2003-03-26,,,,3536782.0569469617,3631412.1600303794,213257.87691902753
bright osayisamuel__1997-12-31,,,,3570956.1190636475,3514416.7787776943,190842.19686159882
brighton labeau__1996-01-01,,,,702048.0493990909,702048.0493990909,265993.29812786425
britt assombalonga__1992-12-06,,,,519372.1379378436,516917.63397162635,18468.515389617554
brodie spencer__2004-05-06,,,,1646295.92906648,1638969.787677233,59870.54826498591
brooke nortoncuffy__2004-01-12,,,,6431840.874370273,6431840.874370273,
brooklyn ezeh__2001-06-23,,,,711510.5566082769,708302.0050718102,28151.76943747119
bruce anderson__1998-09-23,,,,609164.7455228688,609164.7455228688,88947.23802770342
bruno martins indi__1992-02-08,Bruno Martins Indi,DEF,487499.9999999996,633399.7652469873,656060.491563926,101901.15212988932
bruno onyemaechi__1999-04-03,,,,2802205.310034497,2827609.2481000144,102241.9788886272
bruno petkovic__1994-09-16,,,,5878930.186948796,5882760.291348469,936149.8665172309
bruno zuculini__1993-04-02,,,,1630748.729813563,1625656.8359813779,131103.73613809914
bruny nsimba__2000-04-05,Bruny Nsimba,MID,1750000.0,1301992.1990005854,1301878.144598877,41788.00899799079
bryan cristante__1995-03-03,,,,17641796.121685054,17557755.25494241,1322383.9773215167
bryan fiabema__2003-02-16,,,,602397.9967316033,602397.9967316033,
bryan goncalves__1996-07-19,,,,1167847.0122104532,1128784.4386386916,71021.57615686412
bryan heynen__1997-02-06,,,,13066822.710495641,13149114.508105768,595790.3529677407
bryan lasme__1998-11-14,,,,1017662.6815406338,1002209.8517044341,73718.90921764048
bryan limbombe__2001-05-14,Bryan Limbombe,MID,875000.0,1022213.9686197833,986933.9279339595,78946.28904762102
bryan linssen__1990-10-08,,,,701351.6831333967,697691.1110966997,65281.60988151365
bryan okoh__2003-05-16,,,,746729.9616526361,746729.9616526361,
bryan reynolds__2001-06-28,,,,6925718.877272191,6979217.150571337,331862.0193740836
bryant nieling__2002-10-31,,,,1074914.7919333838,1074914.7919333838,13761.788212722915
bukayo saka__2001-09-05,,,,102739783.03075454,103116870.57200107,10196260.252088195
buluthan bulut__2002-07-21,Buluthan Bulut,MID,162500.00000000012,213613.92842016427,213899.49527803785,6789.19315752058
bunyamin balc__2000-05-31,,,,1774461.341012479,1774461.341012479,
burak ince__2004-01-20,Burak İnce,MID,637500.0000000003,681764.0297405358,689377.0937795886,42736.58242725973
burak kapacak__1999-12-08,,,,857518.6143060008,850793.4855686557,51031.31912971725
caglar soyuncu__1996-05-23,,,,9618083.50344149,9618083.50344149,518328.59148619376
cagtay kurukalp__2002-02-24,Çağtay Kurukalıp,DEF,625000.0000000002,552618.9097653697,547771.2122134294,54762.019809256635
caleb ekuban__1994-03-23,,,,2196515.4086825065,2168597.3577735685,116496.78088165361
caleb kporha__2006-07-15,Caleb Kporha,DEF,987499.9999999999,1201856.0241096162,1201856.0241096162,98979.21906753574
caleb okoli__2001-07-13,Caleb Okoli,DEF,5950000.000000001,4087628.158141635,4087628.158141635,233321.22285142532
caleb taylor__2003-01-14,,,,1802436.9891784128,1850818.472124685,201009.45335630578
caleb watts__2002-01-16,,,,596312.1381862018,568460.6602281301,58165.9003881787
caleb wiley__2004-12-22,,,,3526787.8568903077,3526787.8568903077,216434.54135865954
caleb yirenkyi__2006-01-15,,,,3294450.6702240175,3294450.6702240175,744855.4643633891
calem nieuwenhof__2001-02-17,Calem Nieuwenhof,MID,1600000.000000001,1581000.0476097919,1604623.8741316719,163259.95378390758
callum connolly__1997-09-23,,,,551889.3697250683,546318.5766268796,23803.698945298354
callum hendry__1997-12-08,Callum Hendry,MID,324999.9999999999,381649.95152236155,366006.2600287557,29135.52896305265
callum hudsonodoi__2000-11-07,Callum Hudson-Odoi,MID,24500000.000000007,25520678.738957923,25430764.006516807,1970797.707102925
callum lang__1998-09-08,,,,2397586.5586025277,2460764.6519996338,420210.55646673223
callum mccowatt__1999-04-30,,,,1594396.0700745792,1594396.0700745792,
callum mcgregor__1993-06-14,,,,7489678.678858541,7489678.678858541,1395839.8128617092
callum osmand__2005-11-08,,,,766099.3297109626,771585.4196980055,102729.53629327564
callum paterson__1994-10-13,,,,1096458.7177144133,1069350.597924821,71705.92552770133
callum robinson__1995-02-02,,,,1316023.7293457973,1316023.7293457973,164813.8208302871
callum slattery__1999-02-08,,,,884208.2576179809,884208.2576179809,5093.982408697991
callum wilson__1992-02-27,,,,6406376.326575596,6406376.326575596,
calum chambers__1995-01-20,,,,1869864.0748359805,1790056.4688703716,191276.75457321302
calum ward__2000-10-17,,,,226021.8211491631,220093.59645812263,20854.14328266683
calvin bassey__1999-12-31,Calvin Bassey,DEF,22249999.999999985,21335077.72807879,21785787.26073364,1242859.2345495794
calvin miller__1998-01-09,,,,377027.18650135177,391488.82204746816,54113.24281942396
calvin raatsie__2002-02-09,,,,1056977.4687899756,1043970.0889857556,55939.821620943025
calvin ramsay__2003-07-31,Calvin Ramsay,DEF,3249999.9999999986,1264789.058309909,1264789.058309909,80203.24573416711
calvin stengs__1998-12-18,,,,10372346.697007325,10394708.825251006,1407460.6257701535
calvin twigt__2003-01-30,,,,1189268.9235870675,1200076.9169732635,78636.82264175075
calvin verdonk__1997-04-26,Calvin Verdonk,DEF,2900000.0000000014,3097315.531492722,3143745.878140338,474011.0692972833
cameron archer__2001-12-09,,,,6481369.22033226,6822360.614166188,1304990.832068566
cameron brannagan__1996-05-09,,,,1493971.55729899,1561221.5514587455,173934.06680974184
cameron burgess__1995-10-21,,,,2673105.1063648877,2673105.1063648877,211510.78329094374
cameron cartervickers__1997-12-31,Cameron Carter-Vickers,DEF,15749999.999999972,17900187.164416015,17618935.987302326,1400989.5096615655
cameron congreve__2004-01-24,,,,532036.7395099814,532036.7395099814,
cameron harper__2001-11-19,,,,786549.2455776053,786549.2455776053,
cameron humphreys__1998-08-22,,,,702313.6532989709,728394.4302961663,141540.83168245785
camiel neghli__2001-11-06,,,,2123357.8235735367,2101318.575917012,165878.16034212243
cammy kerr__1995-09-10,,,,262026.48752029208,262026.48752029208,209.89520381521243
can keles__2001-09-02,,,,1870968.4061537902,1900117.4363648733,110248.53469787298
can uzun__2005-11-11,,,,23816684.92812327,24621607.94807812,3609510.8529032776
caoimhin kelleher__1998-11-23,,,,18155931.899502836,18155931.899502836,
carl jenkinson__1992-02-08,,,,172346.5833974682,166063.1414776804,18843.095292739567
carl johansson__1994-05-23,Carl Johansson,DEF,875000.0,1023466.6069248513,983618.747204319,90513.30198149456
carl mchugh__1993-02-05,,,,766709.0073232298,756467.1009609926,49737.85410440644
carl rushworth__2001-07-02,,,,5168847.426109853,5168847.426109853,
carl starfelt__1995-06-01,Carl Starfelt,DEF,8249999.9999999935,7275070.476586866,7193027.108661876,777128.5430300424
carlens arcus__1996-06-28,,,,1878689.3301598558,1878689.3301598558,50027.72292483461
carljohan eriksson__1995-04-25,,,,444810.35101822036,444810.35101822036,444.8073573948715
carlo boukhalfa__1999-05-03,,,,2074748.6297326959,2116296.708321866,181067.4903862925
carlo holse__1999-06-02,,,,4652344.788981905,4652344.788981905,25281.04403210322
carlo pinsoglio__1990-03-16,,,,247337.56018836805,235510.02664303378,57495.02262575348
carlos alcaraz__2002-11-30,,,,12704455.584412867,12704455.584412867,531534.7352907826
carlos baleba__2004-01-03,,,,33912398.48740305,33912398.48740305,
carlos protesoni__1998-03-30,Carlos Protesoni,MID,2250000.000000001,3301240.857886923,3256330.1088455413,160973.23641739367
carlos zambrano__1989-07-10,Carlos Zambrano,DEF,525000.0000000003,612915.2025787199,617416.9144983486,67958.69088992011
carney chukwuemeka__2003-10-20,,,,19914672.07021755,19914672.07021755,3412330.8231283566
cas odenthal__2000-09-26,,,,1382413.1618374356,1382413.1618374356,50313.19329981639
casper de norre__1997-02-07,,,,2524913.3080218276,2524913.3080218276,369070.86606996093
casper hjer__1994-11-20,,,,1628449.0234930874,1628449.0234930874,197819.60943268507
casper nielsen__1994-04-29,,,,1450211.3928078322,1450211.3928078322,83280.03589308186
casper staring__2001-02-01,,,,504159.5237173855,490167.0714078942,32197.568456373174
casper tengstedt__2000-06-01,,,,6586566.321361827,6601570.678728465,671247.788985837
casper widell__2003-05-05,,,,1777262.8668546719,1777262.8668546719,
castello lukeba__2002-12-17,,,,47202370.04197074,47202370.04197074,
catalin cirjan__2002-12-01,,,,2776012.438990911,2776012.438990911,
cazim suljic__1996-10-29,,,,391734.41468818416,389446.83053992235,18101.68727440285
cedric bakambu__1991-04-11,Cédric Bakambu,MID,2050000.000000001,1734475.5357860662,1801145.9258019775,307711.334934195
cedric hatenboer__2005-03-19,,,,1174265.58253716,1171903.9191927132,65858.78897853072
cedric kipre__1996-12-09,Cédric Kipré,DEF,3099999.9999999986,3285559.710822564,3289946.787008035,92966.52114031506
cedric nuozzi__2006-01-30,,,,793384.5664488862,793384.5664488862,156558.89742852887
cedric teuchert__1997-01-14,,,,1921998.9777116175,1908417.5577280563,233411.43864863773
cedric zesiger__1998-06-24,,,,4906034.739481624,4906034.739481624,
celil yuksel__1998-01-01,,,,1219716.005599452,1210430.9028747326,163924.7696042977
cengiz under__1997-07-14,,,,9174912.870692234,9174912.870692234,798842.5843397907
cenk ozkacar__2000-10-06,,,,2261864.621049543,2290315.692731659,140350.26310666697
cenk tosun__1991-06-07,,,,1207580.574469841,1276094.071981432,163270.08823438748
cephas malele__1994-01-08,,,,1242963.3556972584,1242963.3556972584,5590.141894196556
cesar huerta__2000-12-03,,,,4384932.569764603,4384932.569764603,
cesar montes__1997-02-24,César Montes,DEF,2250000.000000001,3428064.2606171696,3428064.2606171696,175217.362989784
cesare casadei__2003-01-10,,,,11131162.177963056,11131162.177963056,560078.4255269954
cezary miszta__2001-10-30,,,,3440380.638695313,3428684.492292644,149637.9334911918
chadi riad__2003-06-17,,,,7029749.209550392,7206366.46735925,542700.046805468
charalampos lykogiannis__1993-10-22,,,,2193216.469600797,2121097.8939673826,282768.89329011797
charles de ketelaere__2001-03-10,,,,38523969.96327299,37719400.45280203,1966294.6035129542
charles pickel__1997-05-15,,,,1811968.7591624535,1811968.7591624535,
charles vanhoutte__1998-09-16,,,,15437745.830145342,15437745.830145342,
charlesandre rauxyao__2001-11-15,,,,656310.9224462698,659034.9872735178,41018.09299769595
charlesandreas brym__1998-08-08,,,,820344.3503336641,820344.3503336641,102620.07799804627
charlie cresswell__2002-08-17,,,,10872211.421605244,11196009.584830662,1006564.1624260095
charlie goode__1995-08-03,,,,818465.5237394318,820548.6303145853,50664.65476638111
charlie lakin__1999-05-08,,,,360127.59039626195,355879.60880641325,25628.727293370426
charlie mccann__2002-04-24,,,,340278.9656374123,340278.9656374123,38086.66526532209
charlie reilly__2001-12-05,,,,348285.11172397493,365814.7322713653,50318.160135350015
charlie savage__2003-05-02,,,,1050766.1979952105,1050766.1979952105,
charlie taylor__1993-09-18,,,,2793826.5739773135,2793826.5739773135,202840.45157231556
charlie webster__2004-01-31,,,,744841.7473725057,743000.4668185906,10204.784595058338
charly nouck__2004-03-21,,,,1389477.876838963,1389477.876838963,
che adams__1996-07-13,,,,11254075.959037537,11837337.505906422,1113241.5905002002
check keita__2003-04-02,,,,2897228.9634626545,2852696.7955697654,122872.25963705011
cheick doucoure__2000-01-08,,,,13454841.3939991,12986972.14240821,829500.3139396234
cheick souare__2002-09-03,Cheick Souaré,DEF,1600000.000000001,2003451.9369803742,1982038.924177195,131249.007469683
cheikh niasse__2000-01-19,Cheikh Niasse,MID,2649999.999999999,2890809.6791849276,2920103.219341854,166477.17862342505
cheikh sabaly__1999-03-04,Cheikh Sabaly,MID,2550000.0,2449914.3141207416,2552096.258062788,234338.33888828623
chemsdine talbi__2005-05-09,Chemsdine Talbi,MID,12249999.999999989,22036416.564948052,23017555.487003695,3215430.40266282
chengdong zhang__1989-02-09,,,,114901.01996371236,120891.45107530648,10786.033999655538
cher ndour__2004-07-27,Cher Ndour,MID,3900000.000000001,4860246.418756757,4931101.999313743,447618.16032148345
cherif ndiaye__1996-01-23,,,,1931781.3841136582,1859988.2695365986,251227.38936210534
cherrion valerius__2005-09-22,,,,1298615.1926679686,1298615.1926679686,61233.57334900721
chibuike nwaiwu__2003-07-23,,,,3296321.572897827,3423640.747782817,318286.96738800197
chidera ejuke__1998-01-02,Chidera Ejuke,MID,7500000.000000002,9887093.645688105,9820462.508709949,655615.2825871435
chidozie awaziem__1997-01-01,,,,1769606.143701885,1769606.143701885,183332.12858603723
chiedozie ogbene__1997-05-01,,,,4009722.304123539,4009722.304123539,870183.4357040755
chima okoroji__1997-04-19,,,,895044.4625750359,895044.4625750359,1234.0406811966463
chovanie amatkarijo__1999-05-20,,,,380038.23454750935,378624.8161001286,41810.04458933477
chris bedia__1996-03-05,,,,2001749.7199955652,2001749.7199955652,440904.84902754205
chris cadden__1996-09-19,,,,552610.509827097,552610.509827097,619.8784281692072
chris durkin__2000-02-08,,,,880835.8985917682,878306.5297230696,30295.79015889569
chris forrester__1992-12-17,,,,546967.7737810916,546967.7737810916,48399.98363026013
chris fuhrich__1998-01-09,,,,8587481.290951325,8587481.290951325,576937.982267889
chris long__1995-02-25,Chris Long,MID,275000.0000000002,323399.90275411657,323399.90275411657,
chris mepham__1997-11-05,,,,4423755.818265135,4449588.435853174,545034.7769979719
chris mueller__1996-08-29,,,,845227.6000410891,845227.6000410891,98877.87528945367
chris richards__2000-03-28,Chris Richards,DEF,22249999.999999985,20121389.904468093,20200301.97688958,756424.8029626757
chris rigg__2007-06-18,,,,11488562.023321422,11488562.023321422,
chris smalling__1989-11-22,,,,3123059.5289275805,3134137.1028604186,415114.86944263143
chris wood__1991-12-07,,,,10892237.541747246,10892237.541747246,
chriskevin nadje__2001-08-14,,,,1849046.2443262294,1847718.251758174,110461.22070316746
chrislain matsima__2002-05-15,,,,19792187.580223814,19262584.72687166,1853591.1703709664
christ kouadio__2000-12-23,Christ Kouadio,DEF,449999.99999999994,551972.5577875688,552284.424492281,38383.527741981234
christ makosso__2004-05-09,Christ Makosso,DEF,1350000.0,1474378.8192624953,1467149.790280986,87681.00332855056
christ sadia__2007-04-11,,,,310782.1566607985,315825.5230501335,19607.074684614974
christ souanga__2006-10-23,,,,293389.9865448625,294713.48339313327,38783.61585953638
christiaan ravych__2002-07-30,,,,3149530.8750333353,3154738.400646291,171341.04090703308
christian bassogog__1995-10-18,Christian Bassogog,MID,1550000.0000000012,1483023.7620034688,1500727.3082255344,102128.3331609976
christian burgess__1991-10-07,,,,4236753.088454279,4274781.735266753,210141.23274843444
christian cappis__1999-08-13,Christian Cappis,DEF,899999.9999999995,1084429.841558359,1084429.841558359,
christian conteh__1999-08-27,,,,1304718.2528080156,1304718.2528080156,124860.49704416592
christian dalle mura__2002-02-02,,,,1130379.350458213,1151381.5231887018,91865.97413149438
christian eriksen__1992-02-14,,,,4634570.607733603,4541475.901256738,556776.2936866803
christian fruchtl__2000-01-28,,,,1573973.4312738357,1573973.4312738357,51890.07225401322
christian gammelgaard__2003-03-10,,,,1082115.0932049511,1074822.3139497167,70275.65618356364
christian kabasele__1991-02-24,,,,917240.1911378456,877357.8170905232,102572.39925263452
christian kouame__1997-12-06,,,,5523045.119292941,5523045.119292941,1380356.3400965973
christian kuhlwetter__1996-04-21,,,,609658.1214960965,609658.1214960965,53242.65790205976
christian mathenia__1992-03-31,,,,387458.74088390457,382799.67925414914,16256.57194759155
christian mawissa__2005-04-18,Christian Mawissa,DEF,13249999.99999999,11526060.084872872,11691182.683652181,441683.8440451458
christian nrgaard__1994-03-10,,,,11817516.789526215,12193101.785788685,654888.3263895928
christian oliva__1996-06-01,,,,1661997.8227531398,1661997.8227531398,176782.6479825512
christian ordonez__2004-07-24,,,,4568555.191976191,4621882.730176323,277629.94478356437
christian ortag__1995-01-14,,,,498944.48558003287,520101.77524106123,42062.340155615566
christian pastina__2001-02-15,,,,759185.8645706176,758108.3336426159,34821.449986228894
christian pierobon__2002-03-26,,,,1172652.91010685,1169715.5666156437,40533.05579245829
christian pulisic__1998-09-18,,,,52762406.71376677,53937498.95895414,8976902.385590483
christian rasmussen__2003-01-19,,,,1464166.182082819,1464166.182082819,
christian srensen__1992-08-06,,,,558484.9459374296,558484.9459374296,32412.758119514318
christian walton__1995-11-09,,,,942151.7441558866,942151.7441558866,93303.83647331863
christoph baumgartner__1999-08-01,,,,23742546.81541181,23291828.118897025,786283.5148484895
christoph klarer__2000-06-14,Christoph Klarer,DEF,2950000.000000002,3090200.6663239924,3090200.6663239924,200571.61517813406
christophe vincent__1992-11-08,,,,432863.2282198655,432863.2282198655,
christopher antwiadjei__1994-02-07,,,,1191362.647959844,1168194.7109819376,44701.07681492935
christopher bonsu baah__2004-12-14,,,,7381931.643746431,7381931.643746431,
christopher jullien__1993-03-22,,,,1194929.3428027816,1257656.1727246712,121569.44724049396
christopher lenz__1994-09-22,,,,1155165.6674699315,1170460.1378595503,56104.14312848723
christopher lungoyi__2000-07-04,,,,1094955.6718234746,1149087.5744456418,197473.37789121608
christopher nkunku__1997-11-14,,,,21681862.96311433,21681862.96311433,789175.4182156681
christopher operi__1997-04-29,,,,3549418.230676433,3549418.230676433,
christopher scott__2002-06-07,,,,1459990.4511109665,1371484.61167663,167501.2516556661
christopher trimmel__1987-02-24,Christopher Trimmel,DEF,899999.9999999995,1163230.5116997187,1110374.4062817725,132648.4288233933
christos donis__1994-10-09,Christos Donis,MID,474999.99999999977,472346.9000406388,474941.95412176766,50061.129013485115
christos kosidis__2005-02-28,,,,707587.7995436677,683714.2803438387,59702.100147667676
christos mandas__2001-09-17,,,,5068209.160289791,5068209.160289791,226099.317965275
christos mouzakitis__2006-12-25,,,,8383932.90835299,8383932.90835299,
christos tzolis__2002-01-30,,,,37700734.72386015,37700734.72386015,
christos zafeiris__2003-02-23,,,,13813225.306672916,13686038.117970213,858396.5403235648
chuba akpom__1995-10-09,,,,3978892.846124383,3978892.846124383,224251.82276950264
chuks aneke__1993-07-03,,,,282201.3457149671,282201.3457149671,9981.0735208902
chukwubuikem ikwuemesi__2001-08-05,,,,2225790.210294512,2225790.210294512,381439.3609254475
ciaron brown__1998-01-14,,,,1227643.254179325,1242415.461595118,125911.03032493236
cieran slicker__2002-09-15,,,,347212.0106647726,347212.0106647726,
cihan canak__2005-01-24,,,,1995953.3687395337,1995953.3687395337,6519.343107331934
ciro immobile__1990-02-20,,,,4206570.205647082,4126288.752008044,480909.0265478212
cisse sandra__2003-12-16,,,,1952796.6483038564,1954142.3156485758,98902.44166449265
cj eganriley__2003-01-02,,,,11254786.522503408,11375724.250327159,278941.15634049714
clark robertson__1993-09-05,,,,410233.1987514763,410233.1987514763,
claudio echeverri__2006-01-02,,,,9235998.043299962,9277669.74146849,1179038.8886721453
claudio gomes__2000-07-23,,,,3104588.4851236,3104588.4851236,363390.06194475084
claudio spinelli__1997-01-21,,,,1837656.029463156,1837656.029463156,25991.834375992865
claudiu micovschi__1999-05-19,Claudiu Micovschi,MID,362499.9999999997,492110.78923097317,490602.6918230694,68664.41664978536
clemens riedel__2003-07-19,,,,6103777.788195023,6103777.788195023,
clement akpa__2001-11-24,Clément Akpa,DEF,6500000.0,8917385.610742161,9027468.326240905,582102.6077566216
clement bischoff__2005-12-16,,,,1944413.3416995287,1944413.3416995287,
clement lenglet__1995-06-17,,,,9777087.279170811,10044625.831129432,1048305.2385293099
clement michelin__1997-05-11,,,,1168182.2026364943,1157559.7921418902,82812.78736020319
clement vidal__2000-06-18,Clément Vidal,DEF,1450000.0000000002,1161149.8160606548,1128507.9387608385,88138.69826372834
clinton mola__2001-03-15,,,,303622.5277795895,303622.5277795895,
clinton nsiala__2004-01-17,,,,768655.2361797328,768655.2361797328,55054.824026297356
cody drameh__2001-12-08,,,,2071458.350963185,2162734.26107141,199798.4487311553
cody gakpo__1999-05-07,,,,54580695.05584097,52750733.40695752,5339526.033100828
cohen bramall__1996-04-02,,,,591468.0206356572,591468.0206356572,
cole campbell__2006-02-20,Cole Campbell,MID,1949999.999999999,2634066.314686951,2686319.350849797,241797.8643774954
cole palmer__2002-05-06,,,,107720414.55854285,110113400.37375903,7854888.911998589
colin coosemans__1992-08-03,,,,3401947.019404242,3323476.114916217,315895.30235200195
coll donaldson__1995-04-09,,,,215982.5646177676,227978.82670192877,25773.231139333267
come bianay balcot__2005-05-13,,,,629769.115227793,629769.115227793,8583.075574643819
conan ledesma__1993-02-13,,,,3931101.9924233286,3931101.9924233286,
connor barron__2002-08-29,,,,5051886.1766920565,5076851.852987355,82950.22829070599
connor mahoney__1997-02-12,,,,278392.563588363,278392.563588363,
connor mclennan__1999-10-05,,,,249834.3022610478,250319.83390878307,18690.28516173778
connor ogilvie__1996-02-14,,,,942196.2777350734,952327.9140777192,43228.37328478335
connor roberts__1995-09-23,,,,4960619.347491288,4960619.347491288,
conor bradley__2003-07-09,,,,28401535.183574297,28401535.183574297,851053.4387418188
conor coady__1993-02-25,,,,1937636.623998283,1937636.623998283,
conor coventry__2000-03-25,,,,1908084.2286465168,1908084.2286465168,
conor gallagher__2000-02-06,,,,34567502.39057176,34640975.208191946,1168760.4552989625
conor grant__1995-04-18,,,,208497.4046003031,208497.4046003031,
conor hazard__1998-03-05,,,,731502.4072385919,731502.4072385919,
conor masterson__1998-09-08,,,,434375.050107231,434375.050107231,
conor mcaleny__1992-08-12,,,,247130.29616951747,244706.4201581725,17196.54465042963
conor mcgrandles__1995-09-24,,,,512441.7016645063,512441.7016645063,
conor mcmenamin__1995-08-24,,,,290806.2000708215,275366.2027013353,60522.380567610155
conor no__2001-01-01,,,,673121.2956999994,673121.2956999994,60144.72424262121
conor shaughnessy__1996-06-30,,,,1106582.51755229,1106582.51755229,13142.599703659505
conor townsend__1993-03-04,,,,1262970.2559588263,1262970.2559588263,
conrad harder__2005-04-07,,,,10269274.16546281,10269274.16546281,980530.3341018219
corentin tolisso__1994-08-03,,,,17113320.92024472,16894077.27210206,891874.727568301
corey blacketttaylor__1997-09-23,Corey Blackett-Taylor,MID,825000.0000000006,1113751.3414729056,1111419.4374226467,60903.7061263167
corrie ndaba__1999-12-25,,,,782215.9978473848,785453.61611888,47355.24043674066
costantino favasuli__2004-04-26,,,,1087367.3163442207,1215777.4922599965,478621.67675989424
couhaib driouech__2002-04-17,Couhaib Driouech,MID,3850000.0000000005,4355489.038628159,4355489.038628159,42117.121143884804
craig goodwin__1991-12-16,,,,1116094.9478091076,1116094.9478091076,343912.4762964419
craig gordon__1982-12-31,,,,131422.33999883753,131422.33999883753,14131.511046384485
craig halkett__1995-05-29,Craig Halkett,DEF,1099999.9999999998,1451708.9007569007,1465031.8590343934,135167.13179270193
craig sibbald__1995-05-18,,,,367118.4831382446,367118.4831382446,18918.323305190137
cristian buonaiuto__1992-12-29,,,,1071797.4200721679,1073416.0517956074,68665.06872633922
cristian casseres jr__2000-01-20,Cristian Cásseres Jr,MID,5750000.000000004,5922445.770805772,5922445.770805772,688304.9662046368
cristian cauz__1996-08-15,,,,813427.992576499,810973.9893979419,31614.57132380089
cristian devenish__2001-01-25,,,,1500705.8405940006,1500705.8405940006,
cristian manea__1997-08-09,,,,779204.2139989942,779204.2139989942,46328.949433158836
cristian montano__1991-12-11,Cristian Montaño,DEF,175000.00000000012,205827.87600783136,206849.7508839569,20489.730756682682
cristian romero__1998-04-27,,,,36411088.19745383,38721884.401728414,4259236.869892736
cristian volpato__2003-11-15,,,,3227976.4262008327,3227976.4262008327,350595.5575309951
cristiano biraghi__1992-09-01,,,,7418449.933960282,7418449.933960282,
crysencio summerville__2001-10-30,,,,18525496.07854977,19635296.591656793,1828133.6680271078
curtis jones__2001-01-30,Curtis Jones,MID,34499999.99999998,29947546.48091648,29557654.598867517,871130.1227056964
cyle larin__1995-04-17,,,,6957432.4618856795,6957432.4618856795,266769.0692076334
cyriel dessers__1994-12-08,,,,2977008.4555333536,2977008.4555333536,
cyril ngonge__2000-05-26,,,,4845729.857342517,4845729.857342517,388682.32656131964
cyrus christie__1992-09-30,Cyrus Christie,DEF,800000.0000000005,630837.9531846043,592196.1648459447,78842.9724008121
daam foulon__1999-03-23,Daam Foulon,DEF,2649999.999999999,2424668.3830678263,2402915.206349836,68039.8986275653
daan dierckx__2003-02-24,,,,1647516.6512905709,1647516.6512905709,
daan heymans__1999-06-15,,,,2610735.120914337,2540719.168619243,121861.23958212984
daan reiziger__2001-06-18,,,,523268.60533414665,554980.525872643,68004.00668556434
daan rots__2001-07-25,,,,3610448.127530977,3676116.195803551,188177.93552428426
dael fry__1997-08-30,,,,2562580.520892257,2559330.501835866,23838.034856142705
daichi kamada__1996-08-05,,,,10442594.778699813,10442594.778699813,1405588.0679879324
daijiro chirino__2002-01-24,,,,3735587.2073722626,3682261.631107517,402678.16138031887
daiki hashioka__1999-05-17,,,,2161699.8984769587,2161699.8984769587,164155.69466412207
daisuke yokota__2000-06-15,,,,1691682.5833493294,1652515.9962220571,95883.35173811122
daizen maeda__1997-10-20,,,,13177800.63353396,13512376.678468276,2998184.741202612
dakonam djene__1991-12-31,Dakonam Djené,DEF,3299999.999999998,3081296.4565611174,3081296.4565611174,74016.54338855484
dal varesanovic__2001-05-23,,,,1920716.4882531883,1920716.4882531883,100754.73595077399
dale taylor__2003-12-12,,,,790728.7761214804,790728.7761214804,54803.657391874505
daley sinkgraven__1995-07-04,,,,1050114.0686246974,1043284.4537690853,52066.93814296188
damian puebla__2002-09-15,,,,1584558.4952590978,1633527.3563641643,128778.72589328019
damian szymanski__1995-06-16,,,,2297615.8094064686,2297615.8094064686,
damian van bruggen__1996-03-18,,,,441594.797276045,435545.4846675534,38690.49295322062
damian van der haar__2004-01-16,,,,899538.3725184542,902888.8987491571,22146.214590159154
damien da silva__1988-05-17,,,,242852.80140299804,241469.88145178088,51552.29127441885
damion downs__2004-07-06,,,,3997961.403488972,4009153.1143465363,208940.71553870218
damon mirani__1996-05-13,,,,888271.749400535,888271.749400535,55641.53191113407
dan agyei__1997-06-01,Dan Agyei,MID,562500.0000000002,546738.2854409803,628836.6364823375,143603.42490866286
dan burn__1992-05-09,,,,10268350.66244022,10205349.325985871,1227246.6928306802
dan casey__1997-10-29,Dan Casey,DEF,600000.0000000003,618032.4445644115,617811.2030818993,39344.38310295782
dan kemp__1999-01-11,,,,632512.8222550484,632512.8222550484,
dan ndoye__2000-10-25,,,,22254327.71495261,22254327.71495261,1274385.3374200768
dan nlundulu__1999-02-05,,,,337194.46191940596,338958.454942899,19354.479392472833
danaxel zagadou__1999-06-03,,,,6143326.109533545,6143326.109533545,
dane murray__2003-06-26,Dane Murray,DEF,1425000.0000000007,1871816.1178653282,1871816.1178653282,
dane scarlett__2004-03-24,,,,2127799.497183826,2108082.8547452153,96006.1243025931
danel dongmo__2001-01-31,Danel Dongmo,MID,412500.0000000001,554608.9243277285,562675.5822183067,16729.66165494903
dango ouattara__2002-02-11,,,,16796002.683494255,16950432.857038986,2729927.0536661823
dani de wit__1998-01-28,,,,2554015.988742332,2554015.988742332,18339.352185598334
dani van den heuvel__2003-05-28,,,,586137.7505059275,580445.7452960509,11428.23431174425
daniel anyembe__1998-07-22,,,,1344142.6097130494,1393899.268268329,200914.7787164724
daniel arzani__1999-01-04,,,,1122271.3058850945,1122271.3058850945,4185.638322911784
daniel bachmann__1994-07-09,Daniel Bachmann,GK,1899999.9999999993,614698.21121157,614376.5707284324,32942.4958460969
daniel batz__1991-01-12,,,,225332.67658163552,226087.6766039313,19116.801562432986
daniel bielica__1999-04-30,,,,1147069.851691139,1151927.664027209,47652.248331755654
daniel boloca__1998-12-22,,,,4164976.7614236637,4158634.6895076185,153640.29058731868
daniel denoon__2004-01-28,Daniel Denoon,DEF,662499.9999999998,735065.8263860373,728722.6550349245,28819.33103136065
daniel elfadli__1997-04-06,,,,3278294.328610537,3278294.328610537,32351.35170930029
daniel freyr kristjansson__2005-08-30,,,,461869.50000311993,461869.50000311993,
daniel gleiber__2005-02-01,Daniel Gleiber,MID,499999.99999999977,635994.0548652528,643171.6159422318,55978.142746995865
daniel gore__2004-09-26,,,,1074787.465225258,1074787.465225258,20532.165573605518
daniel graovac__1993-08-08,,,,572658.8525063278,627288.9977981856,126700.81646416332
daniel grimshaw__1998-01-16,,,,862357.3553769091,857646.874623166,8181.980299544816
daniel haarbo__2003-03-14,,,,253696.95872572268,250920.17162351537,8361.59409661977
daniel harvie__1998-07-14,,,,563866.6105584068,605211.8392731763,100811.95797297523
daniel hegh__1991-01-06,,,,780181.3277377165,772767.4309949293,39307.65115552372
daniel heuer fernandes__1992-11-13,Daniel Heuer Fernandes,GK,2199999.9999999995,2896384.1699477946,3025057.5877712723,283719.1213257773
daniel iversen__1997-07-19,,,,2346982.7554630367,2346982.7554630367,413686.8491348656
daniel james__1997-11-10,,,,9360191.070786087,8882156.245133206,1279845.215040123
daniel johnson__1992-10-08,Daniel Johnson,MID,700000.0000000006,942117.4353628577,942117.4353628577,206705.90984065435
daniel karlsbakk__2003-04-07,Daniel Karlsbakk,MID,1600000.000000001,1821075.4568873898,1822912.8332682287,92503.25246868418
daniel klein__2001-03-13,Daniel Klein,GK,287499.9999999999,333989.20341315534,316586.6986411627,33475.503253348434
daniel leo gretarsson__1995-10-02,,,,687611.7970301682,691954.15521899,31238.531845136335
daniel luna__2003-05-07,,,,1382057.0276033257,1343171.5481113726,83882.8561549536
daniel maldini__2001-10-11,,,,8669287.092178538,8669287.092178538,154674.37683758975
daniel mancini__1996-11-11,,,,1820858.6964423975,1853319.548197813,118602.11682700098
daniel mesenholer__1995-07-24,,,,242709.08056455888,242709.08056455888,9505.649817642494
daniel mosquera__1999-10-20,Daniel Mosquera,FWD,1600000.000000001,2708716.021216435,2644167.4294218738,214280.23057408156
daniel munoz__1996-05-26,,,,26755650.44121161,26755650.44121161,45898.29357150362
daniel oshaughnessy__1994-09-14,,,,336251.9151215751,338753.0863989258,24771.74285728412
daniel oyegoke__2003-01-03,,,,613957.0545991762,586109.6804838293,79705.5304121173
daniel peretz__2000-07-10,,,,3907975.3065921804,3907975.3065921804,294705.4614968191
daniel phillips__2001-01-18,Daniel Phillips,MID,912500.0000000002,1061119.6344028101,1061119.6344028101,275.87247366953255
daniel sundgren__1990-11-22,,,,427516.23604847456,427516.23604847456,14052.823148035437
daniel svensson__2002-02-12,,,,18023104.345007647,17631568.148997243,1873199.5329729842
daniel wass__1989-05-31,,,,490058.4968635573,479235.4640574608,22384.41252435142
daniele baselli__1992-03-12,,,,1243497.8512687497,1236359.0908499283,98207.83842918575
daniele ghilardi__2003-01-06,Daniele Ghilardi,DEF,6449999.999999996,6372667.612912181,6253147.511896863,785421.1502257749
daniele padelli__1985-10-25,,,,104941.62139735621,104941.62139735621,
daniele rugani__1994-07-29,,,,4363329.009780051,4222252.936015181,650550.4872657949
daniele sommariva__1997-07-18,,,,277444.1529659927,277444.1529659927,21267.399138195065
daniele verde__1996-06-20,,,,1242246.3180746667,1302821.1489430736,205644.0741364217
danielkofi kyereh__1996-03-08,,,,1537532.162675141,1537532.162675141,
daniil khudyakov__2004-01-09,,,,784646.1513159457,785803.9967823147,20925.4309535964
danilho doekhi__1998-06-30,Danilho Doekhi,DEF,16999999.999999974,17680592.093253095,17844667.544192433,1878482.9488737842
danilo cataldi__1994-08-06,,,,6584592.032242498,6584592.032242498,382102.88240335666
danley jean jacques__2000-05-20,,,,2245456.92270884,2329006.9850668237,312468.1130415875
danny bakker__1995-01-16,,,,809549.6034752235,809549.6034752235,25180.115735160998
danny da costa__1993-07-13,Danny da Costa,DEF,2649999.999999999,2856191.729135541,2856191.729135541,23631.28156484794
danny finlayson__2001-01-19,Danny Finlayson,DEF,237499.99999999983,242285.99100937467,242285.99100937467,10602.833572392832
danny ings__1992-07-23,Danny Ings,FWD,4650000.000000001,2360628.0575238722,2257693.5148945944,456242.7560351665
danny namaso__2000-08-28,,,,4822598.826266855,4799065.6908948105,130022.26187201792
danny rogers__1994-03-23,,,,156491.14135185315,159758.02155951274,14940.874444162386
danny ward__1993-06-22,,,,1015208.3772250651,1015208.3772250651,
danny welbeck__1990-11-26,,,,6165022.260368333,6110933.769157326,887840.4368234752
danny wilson__1991-12-27,,,,335139.5929627616,335139.5929627616,597.4614989375403
dante vanzeir__1998-04-16,,,,1939789.458033238,1939789.458033238,112959.33314823356
danylo sikan__2001-04-16,Danylo Sikan,MID,5950000.000000001,5699136.455628869,6679484.860232809,1770150.5553294725
daouda guindo__2002-10-14,Daouda Guindo,DEF,1849999.9999999995,1392889.406738681,1385542.901807731,14127.232619273831
daouda weidmann__2003-05-04,Daouda Weidmann,MID,1299999.9999999993,1322774.9789612864,1333016.6271353532,105943.72126191622
dara costelloe__2002-12-11,,,,345650.85216558725,341720.71270161273,34875.716973518734
dara oshea__1999-03-04,,,,9804609.839865098,9566912.70844213,682846.1238229118
darian males__2001-05-03,,,,2208015.7713354616,2167300.669351695,105968.23079782733
dario melnjak__1992-10-31,Dario Melnjak,DEF,1737499.9999999995,1262546.8140299208,1262546.8140299208,
dario naamo__2005-05-14,,,,430670.27030160837,430670.27030160837,15183.815921898937
dario osorio__2004-01-24,,,,5574700.771999011,5574700.771999011,470814.2069530012
dario saric__1997-05-30,,,,1297998.5478277889,1257781.5027881227,169663.7825764862
dario spikic__1999-03-22,,,,1399205.4596535559,1399205.4596535559,82485.52557690591
darko brasanac__1992-02-12,,,,1166316.754954757,1200614.8243102217,87804.5038345658
darko churlinov__2000-07-11,Darko Churlinov,MID,1550000.0000000012,1443115.6239971444,1372017.2819613244,161740.4310159314
darko gyabi__2004-02-18,,,,2972874.3452067426,3019083.038821799,220608.87969236015
darko nejasmic__1999-01-25,,,,1980462.422721095,1980462.422721095,
darlin yongwa__2000-09-22,,,,2621952.848462659,2616741.268914773,138862.61655389823
darly nlandu__2000-07-14,,,,498092.0352358261,498092.0352358261,
darnell furlong__1995-10-31,,,,2103166.1491653062,2103166.1491653062,141808.2711952709
darryl bakola__2007-11-30,,,,2787296.4441276942,2787296.4441276942,362610.27015097515
darwin nunez__1999-06-24,,,,25230462.33574491,26505765.551208124,4477674.965984971
dave kwakman__2004-08-07,,,,1522655.6950787017,1657387.6792069594,333923.8113055605
david affengruber__2001-03-19,,,,12979335.669865863,12979335.669865863,
david alaba__1992-06-24,,,,9762700.835928068,9762700.835928068,241927.2991468899
david ankeye__2002-05-22,,,,732158.3764276038,714184.9228180026,43251.6183017907
david bates__1996-10-05,,,,1103486.2155765034,1102913.9394886345,17137.442114722537
david brooks__1997-07-08,,,,10209686.45482961,10209686.45482961,
david button__1989-02-27,,,,110696.13998585798,113834.48579009438,14711.343798063363
david cornell__1991-03-28,David Cornell,GK,175000.00000000012,216243.369964669,213774.1683455293,14548.085546825605
david douline__1993-05-28,,,,917799.5379444264,927397.8751757062,77480.97457423147
david grof__1989-04-17,,,,169154.26105003722,161465.64408326102,25594.772071589327
david hancko__1997-12-13,,,,24898208.532198872,24898208.532198872,2216869.4898773464
david hrncar__1997-12-10,,,,1261187.2687137378,1260398.743385985,22355.757127118955
david jurasek__2000-08-07,,,,3444089.35326309,3444089.35326309,73521.55464159681
david kiki__1993-11-25,David Kiki,DEF,775000.0000000007,355831.10022952757,350634.2438070407,101504.40580874906
david kopacz__1999-05-29,,,,852252.8998082614,852252.8998082614,
david mcgoldrick__1987-11-29,,,,284610.6206085021,295153.68440763676,25740.2129687282
david min__1999-06-23,,,,1198869.2841312555,1198869.2841312555,110470.7978604705
david mller wolfe__2002-04-23,,,,7228485.363976466,7195370.69388099,335492.40880748257
david odogu__2006-06-03,,,,1935563.081135356,1905629.8560218534,277729.8745591125
david okereke__1997-08-29,,,,2467330.3917011414,2519047.8896016227,198850.64448221558
david ozoh__2005-05-06,,,,1767280.0112971333,1767280.0112971333,139398.7870790379
david philipp__2000-04-10,David Philipp,MID,562500.0000000002,548831.8809346677,548831.8809346677,
david raum__1998-04-22,,,,30468519.300166298,30468519.300166298,2298471.610480225
david schnegg__1998-09-29,,,,1918009.526780428,1918009.526780428,237512.423982191
david strelec__2001-04-04,,,,2184722.8780162726,2184722.8780162726,5670.764469210597
david tijanic__1997-07-16,,,,1792888.399374141,1792888.399374141,
david turnbull__1999-07-10,,,,1549424.0738965431,1549424.0738965431,43412.822115059
david van der werff__2004-08-31,,,,1437621.3640963102,1437621.3640963102,11815.457720686245
david voute__2005-11-04,,,,321999.37010790646,321999.37010790646,
david watson__2005-02-12,,,,1476486.357690612,1476146.7005245853,40881.40585005976
david wieser__2002-02-13,,,,1079028.9445683134,1079028.9445683134,62493.90178032206
david zec__2000-01-05,,,,2641445.8043513503,2636735.4171187365,106421.44600632446
david zima__2000-11-08,David Zima,DEF,5250000.0,5251525.156891227,5186203.199111981,346209.51005314797
davide bartesaghi__2005-12-29,,,,3630653.1757403305,3478530.5902779363,517098.1696518964
davide biraschi__1994-07-02,,,,722489.5586684966,722489.5586684966,
davide bragantini__2003-08-17,,,,1593282.300249978,1593282.300249978,55290.964183048454
davide buglio__1998-02-26,Davide Buglio,MID,649999.9999999995,1096861.8207194882,1096861.8207194882,55365.14726825531
davide calabria__1996-12-06,,,,8037111.213140596,8232431.932443328,812903.6357681248
davide frattesi__1999-09-22,,,,28317886.726207033,28348464.498934403,2199130.5912908213
davide zappacosta__1992-06-11,Davide Zappacosta,DEF,7249999.999999998,7960691.414453373,8217048.621318908,811067.2283918331
davie selke__1995-01-20,,,,4712616.5194410635,4786833.269137515,266335.7764904925
davinson sanchez__1996-06-12,,,,21171798.415325552,21256208.53075131,382010.5112930345
davis keillordunn__1997-11-02,,,,1149486.9923432854,1140365.5048559404,92434.70949249287
davis opoku__2007-10-29,Davis Opoku,DEF,549999.9999999998,578196.826708588,576580.9662593284,79723.75374470148
davy roef__1994-02-06,,,,5114476.070483293,5114476.070483293,1166.9916132868434
davy van den berg__2000-02-04,,,,1075457.7421181959,1089020.0285035414,27980.52712980499
dawid kownacki__1997-03-14,Dawid Kownacki,FWD,2199999.9999999995,2981906.512731362,2889655.05951838,310110.80487953924
dawid kurminowski__1999-02-24,,,,741074.1070228582,799489.5994281484,119888.35854523741
dayann methalie__2006-02-15,,,,4038840.658598504,4038840.658598504,821751.9655792064
daylam meddah__2002-10-06,,,,1043247.8910046006,1059688.1823150103,90798.22110988383
dayot upamecano__1998-10-27,,,,71121056.51230517,70399356.36133757,4294452.599126482
dean bouzanis__1990-10-02,,,,146426.05628081632,146426.05628081632,25680.396243077954
dean campbell__2001-03-19,,,,474571.5073903401,473672.9196431671,55125.993208060194
dean henderson__1997-03-12,,,,24736027.27439755,25308235.867882825,1214532.5220380297
dean huijsen__2005-04-14,,,,72630768.36576009,72630768.36576009,5595125.823414029
dean james__2000-04-30,Dean James,DEF,2050000.000000001,1698137.9374016894,1698137.9374016894,11519.491952739849
deandre yedlin__1993-07-09,,,,1159760.411106498,1191872.4263999253,106849.3375109152
declan john__1995-06-30,,,,356782.50981959444,356782.50981959444,
declan rice__1999-01-14,,,,106961808.82271428,105952424.71439603,6922034.585742291
dehmaine tabibou__2005-04-17,,,,2668778.451122758,2668778.451122758,
deian sorescu__1997-08-29,Deian Sorescu,DEF,1849999.9999999995,2255199.5839508846,2269501.298433177,130092.00289425162
deiver machado__1993-09-02,,,,3631534.9657613663,3645239.736343626,193610.94619823393
dejan drazic__1995-09-26,,,,386668.46137741953,391968.3978309961,77523.0246376599
dejan iliev__1995-02-25,Dejan Iliev,GK,387499.99999999977,429867.6569759949,420200.39436486334,20358.637570763516
dejan joveljic__1999-08-07,Dejan Joveljić,FWD,5500000.000000001,5158520.926701861,5081922.756681273,789256.6858352603
dejan kulusevski__2000-04-25,,,,58373897.497172706,58373897.497172706,18310004.034043048
dejan ljubicic__1997-10-08,Dejan Ljubičić,MID,4099999.999999998,3081275.8939545983,3081275.8939545983,61119.79986905002
dejan lovren__1989-07-05,,,,612160.0925441044,636592.4411578483,61907.418347395054
dejan stojanovic__1993-07-19,,,,832799.8325311237,832799.8325311237,57716.80460166028
delano burgzorg__1998-11-07,,,,1804741.0400163,1804741.0400163,
demarai gray__1996-06-28,,,,2188706.836959937,2188706.836959937,868622.6768896506
demba thiam__1998-03-05,Demba Thiam,GK,1075000.0,1390290.6107821516,1390290.6107821516,144603.7883315794
dembo sylla__2002-11-10,,,,1120361.7158450407,1151272.3221786628,147769.86518520876
demir ege tknaz__2004-08-17,,,,5843090.364657198,5874240.102849999,633345.6405242236
denil castillo__2004-03-24,,,,2071136.335448077,2071136.335448077,
denis alibec__1991-01-05,,,,544932.4629219938,544932.4629219938,18258.184466180377
denis bouanga__1994-11-11,,,,15272178.249960557,15962927.29841885,2495330.408106327
denis dragus__1999-07-06,,,,3072619.0184780075,3098040.4571644133,235670.24003386422
denis genreau__1999-05-21,Denis Genreau,MID,1400000.0000000007,1087538.4693045206,1061609.3777199937,56542.2489277523
denis huseinbasic__2001-07-03,,,,2920703.454006635,2950951.8138477164,95652.81177212151
denis odoi__1988-05-27,,,,287860.51074524916,282373.3111272589,53765.414609514184
denis portanova__2001-06-20,,,,657238.4567644099,641422.2311828901,30013.57158514408
denis radu__2003-03-25,,,,699118.8167154299,690819.321528967,50854.75963207016
denis vavro__1996-04-10,,,,9893832.818162266,10027963.401408333,908025.1559646594
denis zakaria__1996-11-20,,,,23535352.84864161,23535352.84864161,886584.6160856655
deniz donmezer__2008-09-21,,,,445162.0616942699,433965.27539989655,57729.50774501523
deniz gul__2004-07-02,,,,3602221.4270431213,3602221.4270431213,154000.69600257996
deniz turuc__1993-01-29,Deniz Türüç,MID,1699999.9999999988,1887059.9980679774,1887059.9980679774,91062.14425440808
deniz undav__1996-07-19,,,,26259418.75181743,27046044.681757785,2717815.1325591756
dennis adeniran__1999-01-02,,,,406816.29562494473,381018.5926932454,48635.12354801842
dennis appiah__1992-06-09,,,,630413.2456546607,631732.6383642165,34097.57679406501
dennis borkowski__2002-01-26,Dennis Borkowski,MID,725000.0000000006,549274.61275653,539509.9084898913,31846.758331894333
dennis cirkin__2002-04-06,,,,4769398.251954967,4769398.251954967,102808.60449684756
dennis eckert ayensa__1997-01-09,,,,3443612.613429213,3443612.613429213,87055.03500020695
dennis geiger__1998-06-10,,,,2607869.4771244717,2607869.4771244717,72922.14441889967
dennis hadzikadunic__1998-07-09,Dennis Hadžikadunić,DEF,2250000.000000001,1302729.8804784955,1291803.2226474884,66786.46395884836
dennis johnsen__1998-02-17,Dennis Johnsen,MID,1600000.000000001,1757919.9064401865,1731343.000105759,239996.92239697056
dennis man__1998-08-26,,,,7684750.092055838,8627861.955147687,2114667.6540365107
dennis praet__1994-05-14,,,,3034418.7602369674,3034418.7602369674,183884.94059149714
dennis seimen__2005-12-01,,,,3007934.7972755427,3007934.7972755427,858544.3431293028
dennis srbeny__1994-05-05,Dennis Srbeny,MID,762499.9999999998,836245.5921837293,834994.3141484344,9692.014581580577
denso kasius__2002-10-06,Denso Kasius,DEF,4999999.999999999,3279271.9640017124,3293348.8280707365,418481.7146122683
denys popov__1999-02-17,Denys Popov,DEF,5500000.000000001,9182494.140563026,8753837.389334667,964599.2122968618
denys tvardovskyi__2003-06-13,,,,669210.1469261541,669210.1469261541,
denzel de roeve__2004-08-10,,,,553067.9281159885,541067.2002624224,40420.86079523553
denzel dumfries__1996-04-18,Denzel Dumfries,DEF,31999999.999999955,32879704.512493744,32879704.512493744,1492613.3583394685
denzel hall__2001-05-22,,,,540308.873960476,612804.2035335314,185910.53334423932
dereck kutesa__1997-12-06,,,,3135340.0600825395,3135340.0600825395,371327.2140667192
derek cornelius__1997-11-25,,,,4297049.804030149,3996254.4027705593,558298.6826270715
derensili sanches fernandes__2001-05-28,,,,1474743.1813196007,1440231.049596948,99531.68508105844
derlis gonzalez__1994-03-20,,,,1048186.594300388,1048186.594300388,
dermane karim__2003-12-26,,,,3192781.7606869955,3204393.336788832,174095.30258694684
deron payne__2002-09-25,Déron Payne,DEF,1075000.0,965756.6551671441,929491.1525896636,68479.72744619714
derrick kohn__1999-02-04,,,,5788636.979070132,5772815.396366941,302519.9964563067
derrick williams__1993-01-17,,,,578215.9949723402,578656.9959076446,51287.39048680069
desire doue__2005-06-03,,,,69713792.0253739,69713792.0253739,4061449.2891655304
desmond acquah__2002-07-23,,,,299769.2557555836,299769.2557555836,
destiny udogie__2002-11-28,,,,29708373.617849186,30749959.807452653,2097873.6869407007
detlef esapa osong__2004-09-21,,,,260322.56857206137,249558.66120981713,23284.83538669492
devante cole__1995-05-10,,,,804782.2290793686,804782.2290793686,47438.95614924534
deveron fonville__2003-05-16,,,,615173.7937719339,629087.7748164381,51869.28037836359
devid eugene bouah__2001-08-13,Devid Eugene Bouah,DEF,700000.0000000006,737774.5214530128,730495.7910732925,37520.707798861
devis epassy__1993-02-02,,,,422837.4910054954,422837.4910054954,15272.552398377826
devis vasquez__1998-05-12,,,,2404275.083947516,2396540.8330095373,83849.55567690959
devon koswal__2003-08-21,,,,601742.2437331044,601742.2437331044,
devrim sahin__2007-04-01,,,,311242.46782032883,321996.44877952104,31818.344108894507
devyne rensch__2003-01-18,,,,8400495.950157112,7519789.771912793,2048516.4110418404
dexter lembikisa__2003-11-04,,,,776294.9130347326,769250.9670500553,88262.20514184423
diallang jaiyesimi__1998-05-07,,,,277539.26700878266,284832.1987670135,12674.72527823938
diant ramaj__2001-09-19,,,,5322564.430868798,5368723.685818151,704397.8370030631
dickson abiama__1998-11-03,,,,859189.9198436113,859189.9198436113,61308.14994552844
diego arroyo__2005-04-29,Diego Arroyo,DEF,499999.99999999977,436787.0314463023,466178.11898652866,53136.239963630374
diego coppola__2003-12-28,,,,10095914.908195332,10216146.364080328,978175.001407912
diego demme__1991-11-21,,,,820452.7653995504,794425.6183152602,82750.11400640347
diego duarte__2002-04-08,,,,1454475.666740239,1462693.3300770693,122314.41701169686
diego lainez__2000-06-09,,,,3268267.213849834,3234522.9588941406,352719.00097838766
diego leon__2007-04-03,,,,1928871.9731888722,1960471.6445705015,253460.81979684657
diego rodriguez__1989-06-25,,,,579394.8248061199,578697.0844596659,40696.10155712123
diego rossi__1998-03-05,,,,5493650.384395583,5426416.827153367,793375.7037611441
diego valencia__2000-01-14,,,,1064302.5572510303,1075235.031437232,46137.044573098545
dies janse__2006-01-17,,,,2753069.571970925,2666076.305090502,220183.03403481102
dikeni salifou__2003-06-08,,,,1337427.7681881352,1316442.0644451636,63578.52546422414
dilan markanday__2001-08-20,,,,607327.3280354423,623210.2931434454,43991.83384994462
dilane bakwa__2002-08-26,Dilane Bakwa,MID,24500000.000000007,26853779.189594477,27086907.385063857,952761.9272096787
dillon phillips__1995-06-11,,,,578318.1384799778,578318.1384799778,14285.937073457726
dimitar mitov__1997-01-22,,,,1164769.7073194352,1143830.8845363462,109046.04577441381
dimitri bisoli__1994-03-25,Dimitri Bisoli,MID,1699999.9999999988,1488346.940205718,1488346.940205718,75402.81940557135
dimitri foulquier__1993-03-23,,,,1834562.26213156,1795145.2873982368,182745.90305801007
dimitri lavalee__1997-01-13,,,,1758579.3813323644,1825658.050078764,197993.34125265406
dimitrije kamenovic__2000-07-16,,,,738261.6803212294,738261.6803212294,22657.253777855043
dimitrios diamantakos__1993-03-05,,,,561484.5385804898,561484.5385804898,
dimitrios goutas__1994-04-04,,,,1117355.6948191063,1133828.1714444167,74009.29895755573
dimitrios kaloskamis__2005-03-01,,,,2784332.7658503805,2784332.7658503805,
dimitrios keramitsis__2004-07-01,,,,476549.15931734844,476549.15931734844,12931.076114698106
dimitrios nikolaou__1998-08-13,,,,1198787.0632438282,1208034.3416619606,45269.631857762484
dimitrios pelkas__1993-10-26,,,,1590426.967619265,1590426.967619265,45182.191228621996
dimitrios sounas__1994-08-12,,,,843069.126867817,865022.4475319985,54527.62542147985
dimitrios stamatakis__2003-04-23,,,,442100.50052597397,442100.50052597397,
dino mikanovic__1994-05-07,,,,830707.163704359,830707.163704359,187337.1974522994
dion de neve__2001-06-12,,,,1480550.3921242773,1480550.3921242773,173800.96364541646
dion lopy__2002-02-02,,,,5545005.682863856,5545005.682863856,
dion malone__1989-02-13,Dion Malone,DEF,82500.00000000001,130757.68980896304,133700.34929983353,10055.934644619341
dion pereira__1999-03-25,,,,275102.38435502484,275102.38435502484,
dion sanderson__1999-12-15,,,,1267909.6699525386,1246412.023094487,107100.75137811845
dion vlak__2001-06-28,,,,141259.8618583431,141259.8618583431,
dirk abels__1997-06-13,,,,432580.5956252317,432580.5956252317,
dirk baron__2002-08-16,Dirk Baron,GK,175000.00000000012,181708.5231447822,183762.1374270852,20861.36958818682
dirk proper__2002-02-24,,,,2707165.9023127556,2707165.9023127556,
dishon bernard__2000-10-14,Di'Shon Bernard,DEF,2300000.0,1910500.899309244,1902560.6267029028,16172.712358368062
divin mubama__2004-10-25,,,,2070161.5508128467,2086552.214191556,68680.22862875836
djaoui cisse__2004-01-31,,,,7761661.745274186,7761661.745274186,1096812.9092444465
djed spence__2000-08-09,,,,27572724.713369615,27572724.713369615,865569.2449078499
djeidi gassama__2003-09-10,,,,4756851.372842327,4719927.403844958,206848.28329530774
djenairo daniels__2002-01-07,,,,574193.5074819025,591521.1493223675,55566.13607575842
djevencio van der kust__2001-04-30,Djevencio van der Kust,DEF,850000.0000000005,982705.3793450997,999312.2922296246,53334.60346303773
djibril coulibaly__2008-11-18,,,,617924.5489160302,612677.4598004245,30555.594490445885
djibril diani__1998-02-11,Djibril Diani,MID,899999.9999999995,1250527.8214253339,1252357.3676847152,48585.51448773551
djibril lamego__2003-02-25,,,,1285216.1347477187,1281509.7742541127,107294.31882799673
djibril soumare__2003-01-07,,,,2066085.3971682736,2014943.7748283313,153488.6600849831
djibril sow__1997-02-06,,,,7767684.724180934,7767684.724180934,
djordje mihailovic__1998-11-10,,,,5581896.635076411,5581896.635076411,
dmytro kryskiv__2000-10-06,,,,2803476.077058159,2743489.383943269,319311.0254149607
dmytro pospelov__1991-10-19,,,,638888.6821454674,638888.6821454674,59702.56706025284
dmytro riznyk__1999-01-30,,,,5613471.690291766,5613471.690291766,121154.54637978417
dodi lukebakio__1997-09-24,Dodi Lukébakio,MID,26250000.00000004,26850647.288423024,26850647.288423024,740560.267720346
dogan alemdar__2002-10-29,,,,1841637.2233696263,1841637.2233696263,190780.86612021015
dogucan haspolat__2000-02-11,,,,8517597.041024698,8553754.36096526,446874.4513005061
dogukan sinik__1999-01-21,,,,1173452.122968877,1173452.122968877,141942.50201266335
dom ballard__2005-04-01,,,,1236342.1699698719,1236342.1699698719,
domagoj bradaric__1999-12-10,,,,2525613.5933544426,2525613.5933544426,72454.32905709937
domagoj vida__1989-04-29,Domagoj Vida,DEF,575000.0000000001,527146.0699578337,527146.0699578337,4769.768166610645
domen crnigoj__1995-11-18,,,,925753.7451581052,918887.8944481207,34310.39869201386
domenico berardi__1994-08-01,,,,20921422.10146646,21544450.72155968,2213727.64499774
dominic ball__1995-08-02,,,,439520.746781884,439520.746781884,7630.049417347599
dominic calvertlewin__1997-03-16,,,,12802617.686435051,12909702.546875862,956876.4142026437
dominic solanke__1997-09-14,,,,26189798.252049964,26996844.180353984,2504428.3001374155
dominik franke__1998-10-05,,,,592676.2642195943,610085.8646300504,38924.202979216985
dominik greif__1997-04-06,,,,12331849.617760599,12682972.205347482,812863.1854255451
dominik kohr__1994-01-31,,,,5201142.440639144,5119415.3493094165,587100.0447239779
dominik kotarski__2000-02-10,,,,7012381.981716221,7005118.724459104,507248.0852976359
dominik livakovic__1995-01-09,,,,6273835.281400865,6224108.544971909,471948.9284769939
dominik prpic__2004-05-19,,,,8576994.248677118,8626617.375888892,452853.17833891005
dominik reimann__1997-06-18,,,,782181.8902635339,782181.8902635339,10170.479725392153
dominik szoboszlai__2000-10-25,Dominik Szoboszlai,MID,77499999.99999993,69155270.60934372,68037444.95984198,3312796.1218844117
dominique heintz__1993-08-15,,,,1848812.9564932187,1854256.2317929529,70779.20362680052
donald love__1994-12-02,,,,253031.41508352757,271002.1301076936,42260.90215060192
donangelo konadu__2006-05-03,Don-Angelo Konadu,FWD,1050000.0000000007,975062.603905605,959653.8982328573,50086.13214641553
donervon daniels__1993-11-24,,,,225982.88439328255,224456.64429253823,11142.45011523983
donis avdijaj__1996-08-25,,,,1258063.8971062782,1347469.6369572962,313573.23340813373
donny van de beek__1997-04-18,Donny van de Beek,MID,3750000.0000000023,5718108.652989347,5626972.341222327,289728.0981207456
donyell malen__1999-01-19,,,,19453662.189414266,19493667.68085062,416514.5332626905
dorian hanza__2001-05-12,Dorian Hanza,FWD,387499.99999999977,527861.9511010811,527861.9511010811,4279.184800036907
dorukhan tokoz__1996-05-21,Dorukhan Toköz,DEF,1550000.0000000012,1542752.516136445,1538586.8823589538,59932.80300083652
douglas aurelio__1999-03-27,,,,1165733.0755929523,1204301.5129956382,142232.10255005292
drey wright__1995-04-30,,,,412073.7186771286,401547.2564145942,37432.59338554821
drissa camara__2002-02-18,,,,863895.5591954767,863895.5591954767,
duccio degli innocenti__2003-04-28,,,,1310842.0657707413,1310842.0657707413,
duje caletacar__1996-09-17,,,,3877046.5540639367,3877046.5540639367,594989.6181997989
dujon sterling__1999-10-24,,,,2627357.430241355,2582480.3014649735,1309587.2825500607
duke verduin__2003-10-30,,,,189329.35652411205,190628.01329399738,11996.878556019103
dusan lagator__1994-03-29,,,,374169.53086683434,374169.53086683434,52998.25217369171
dusan vlahovic__2000-01-28,,,,43767090.14719623,43767090.14719623,3033460.373004687
duvan zapata__1991-04-01,,,,10786517.172966713,10786517.172966713,
dwight mcneil__1999-11-22,,,,17541117.21426721,17541117.21426721,1255620.339337019
dylan batubinsika__1996-02-15,,,,1229700.8184437528,1222336.0980313993,50495.79553535138
dylan bronn__1995-06-19,Dylan Bronn,DEF,1150000.0000000005,1027377.8165072134,1022271.4323439834,57267.19086997641
dylan chambost__1997-08-19,Dylan Chambost,MID,1200000.0000000005,1564716.8638576337,1544388.3907619307,62210.513036500124
dylan levitt__2000-11-17,Dylan Levitt,MID,1150000.0000000005,1198249.4993724632,1198249.4993724632,49069.656642868096
dylan mertens__1995-07-20,,,,548677.1986066323,542979.8115022529,10321.045205919067
dylan nandin__2002-02-28,Dylan Nandín,FWD,1625000.000000001,1619442.492661042,1641140.2320983205,130599.64613722086
dylan ourega__2004-10-06,,,,1205788.6608902786,1205788.6608902786,
dylan tait__2001-12-01,,,,415228.8864748203,413489.9836092914,5521.05019601619
dylan wells__2006-03-20,Dylan Wells,MID,162500.00000000012,201441.09284968628,199342.26751997712,9376.684220020294
dylan williams__2003-09-13,,,,637055.6649812402,637055.6649812402,62835.57712281326
dynel simeu__2002-03-13,,,,334691.9609893797,337596.3495343131,26101.098450821075
dzenan pejcinovic__2005-02-15,,,,2832868.6302559236,2774414.2988968273,342648.90549404634
dzenis burnic__1998-05-22,,,,1184844.6164681604,1171409.092329166,96783.01013786726
ebenezer annan__2002-08-21,,,,1000724.9602021662,1033900.4531130802,122589.84346020063
eberechi eze__1998-06-29,Eberechi Eze,MID,56749999.99999994,57778238.115678415,60756414.1176175,5536890.154926134
ebrima ceesay__2006-06-01,Ebrima Ceesay,FWD,287499.9999999999,361982.43331548024,354462.86595162353,32448.154475487245
ebrima colley__2000-02-01,,,,994054.4340787529,994054.4340787529,49149.99530440353
ebrima darboe__2001-06-06,,,,1414532.522186208,1373253.6599258715,79821.23505053221
ebube duru__1999-07-31,Ebube Duru,DEF,324999.9999999999,383641.7128397707,367948.01985246263,71689.0923237196
ed turns__2002-10-18,,,,428540.5804857266,428540.5804857266,
edan diop__2004-08-28,,,,2732547.4572817083,2761595.5820605764,368664.4245268113
eddie beach__2003-10-09,,,,255224.41562268665,257417.87089143097,22995.052902092128
eddie nketiah__1999-05-30,Eddie Nketiah,FWD,10750000.000000006,10153383.84382235,10352205.976444723,579137.3177113718
eddy gnahore__1993-11-14,,,,1017658.9732444258,1036494.6264016668,58466.7230311766
eddy kouadio__2006-05-07,,,,844688.2879158702,892440.431115523,98256.80361491695
eddy sylvestre__1999-08-29,Eddy Sylvestre,MID,662499.9999999998,605711.5905739189,604345.5631107675,3931.716363087103
eden karzev__2000-04-11,Eden Karzev,MID,1849999.9999999995,1554005.7582753925,1515051.1217054846,72384.3969937445
edgaras utkus__2000-06-22,,,,4609172.942145478,4609172.942145478,84548.23969618541
edhy zuliani__2004-08-11,,,,735009.9040584803,735009.9040584803,
edimilson fernandes__1996-04-15,,,,4321032.4362686295,4321032.4362686295,18871.100473651542
edin dzeko__1986-03-17,Edin Džeko,FWD,5850000.000000002,4854023.656040563,4603626.834890839,670328.2943120174
edin visca__1990-02-17,,,,1991789.9439254017,1991789.9439254017,302441.53621568374
edinson cavani__1987-02-14,,,,1172548.3711635189,1172034.2275122297,13159.504980512493
edmond tapsoba__1999-02-02,Edmond Tapsoba,DEF,31500000.00000002,25980181.827274762,26478879.36874489,1832160.5905515035
edo kayembe__1998-06-03,Edo Kayembe,MID,3049999.999999998,2702473.1879027174,2716291.5668637305,198393.6271477698
edoardo corvi__2001-03-23,,,,778194.3976795352,793666.7756553683,35346.066830145675
edoardo goldaniga__1993-11-02,,,,1725069.6828726584,1758857.3612137954,100477.95822302584
edoardo iannoni__2001-04-11,,,,1469039.5427804298,1492385.962393559,52316.7682421338
edoardo masciangelo__1996-07-08,,,,768629.2053623162,749389.9580500212,47580.458909569184
edoardo motta__2005-01-13,,,,579905.1528376843,572057.939284652,33205.88301327202
edoardo pieragnolo__2003-01-03,,,,1225569.0225600516,1235044.6696768801,69728.1191797703
edoardo soleri__1997-10-19,Edoardo Soleri,FWD,749999.9999999998,1099863.9802200275,1088326.7344901795,86865.75921931193
edon zhegrova__1999-03-31,,,,20699955.367600285,20699955.367600285,146684.23645105396
edouard mendy__1992-03-01,,,,5200881.615367679,5311797.559758344,584252.1805158316
edouard michut__2003-03-04,,,,1840611.5123706455,1840611.5123706455,
edson alvarez__1997-10-24,,,,16672699.674214426,16672699.674214426,1782065.8502287758
eduard lowen__1997-01-28,,,,4514681.16190522,4514681.16190522,919405.6227972212
eduardo camavinga__2002-11-10,,,,36400720.95497679,41722375.45852171,11692139.39893497
eduardo guerrero__2000-02-21,Eduardo Guerrero,FWD,2199999.9999999995,2322798.2945799762,2322798.2945799762,188266.82199505338
eduardo salvio__1990-07-13,,,,1539217.5877162644,1539217.5877162644,126660.26232835575
edvinas gertmonas__1996-06-01,,,,799156.3162738793,795499.5255683892,23935.162525972053
edward chilufya__1999-09-17,,,,1300054.5964134894,1300054.5964134894,160938.43136173752
efe akman__2006-03-20,,,,909484.2532377868,870959.4000129015,71149.29429091056
efecan karaca__1989-11-16,,,,646823.9122911592,646823.9122911592,56628.44533708103
efkan bekiroglu__1995-09-14,Efkan Bekiroğlu,MID,1550000.0000000012,1332422.0543803892,1319013.6348762056,77075.33964578672
ehije ukaki__2004-10-02,,,,267425.1869765851,258582.28290788716,46584.557566168696
eivind helland__2005-04-25,,,,2334166.0756078693,2334166.0756078693,369215.11111644807
el bilal toure__2001-10-03,,,,8378079.7750939345,8378079.7750939345,
el chadaille bitshiabu__2005-05-16,,,,14934629.21088777,14916287.032908387,321692.62705040444
elayis tavsan__2001-04-30,Elayis Tavşan,MID,1550000.0000000012,1670075.464779422,1651938.5061209663,169271.6061734115
elbasan rashani__1993-05-09,,,,539543.6493274403,574059.4081305405,128297.12010897927
eldor shomurodov__1995-06-29,,,,4534566.737237487,4803187.806123616,1434471.009887799
eli king__2002-12-23,,,,647005.5538194823,647005.5538194823,
elia caprile__2001-08-25,,,,13591728.47900816,13447700.721234864,593489.0850718518
elias achouri__1999-02-10,,,,2365289.58996611,2335606.615466234,99882.25922461867
elias bakatukanda__2004-04-13,Elias Bakatukanda,DEF,1024999.9999999995,1258849.4976760754,1267449.394829575,83052.25662266684
elias baum__2005-10-26,Elias Baum,DEF,2875000.000000001,4249144.850725089,4482711.794304046,540689.3004086849
elias cobbaut__1997-11-24,,,,2720525.8367791143,2720525.8367791143,
elias hoff melkersen__2002-12-31,,,,1030844.5518036624,1030844.5518036624,49969.40907092064
elias jelert__2003-06-12,,,,5060995.3558411375,4969023.499496352,559933.4258139002
elias kachunga__1992-04-22,,,,327272.6394877466,322290.7825103676,28964.954794641388
elias manoel__2001-11-30,,,,634251.5123123059,629906.7497044451,91732.94792700377
elias mar omarsson__1995-01-18,,,,583379.9507281719,583379.9507281719,9535.552835606837
elias pereyra__1999-02-15,Elías Pereyra,DEF,875000.0,1233957.9366405283,1241596.5200049723,100548.16711578866
elie youan__1999-04-07,,,,1473512.7979161553,1467587.772759439,152547.0106442864
elies mahmoud__2001-02-10,,,,1169642.7502831519,1169642.7502831519,85359.25840317555
eliesse ben seghir__2005-02-16,,,,14879188.097155325,14879188.097155325,
elijah dijkstra__2006-08-05,,,,1109815.7573314174,1109815.7573314174,23714.786577949024
elijah just__2000-05-01,,,,756131.5870468363,756131.5870468363,5760.587973229168
eliot bujupi__2006-07-03,,,,513607.14057704917,499037.26907092857,27539.196044416178
eliot matazo__2002-02-15,,,,2691596.9994999687,2703549.2024202337,235758.52638025407
elisha owusu__1997-11-07,,,,3269276.2669288698,3269276.2669288698,224416.55585670954
eljif elmas__1999-09-24,,,,9768044.143349364,9768044.143349364,392079.4086225111
ellery balcombe__1999-10-15,,,,500172.60832210374,499013.76499173196,18864.743000256574
elliot anderson__2002-11-06,,,,43480679.63387418,43480679.63387418,4136155.869163577
elliot lee__1994-12-16,Elliot Lee,MID,787499.9999999994,680029.353011165,680029.353011165,112088.65927998285
elliot watt__2000-03-11,,,,689673.0634137791,689673.0634137791,
ellis simms__2001-01-05,,,,2650339.8894236134,2650339.8894236134,
ellyes skhiri__1995-05-10,,,,9421940.166034207,8535206.9541468,1653940.192890779
elseid hysaj__1994-02-02,Elseid Hysaj,DEF,2349999.999999999,2210769.7280812617,2210769.7280812617,105693.94204784044
elton fikaj__2005-10-18,,,,689136.3324655404,694754.0460579821,21243.691527688712
elton kabangu__1998-02-08,Elton Kabangu,MID,662499.9999999998,734412.0307128294,734412.0307128294,
elvis rexhbecaj__1997-11-01,,,,3448196.0598494075,3457397.6620392133,233637.33942899323
elvis van der laan__2008-02-29,,,,263088.4347670597,268202.4919134341,13705.827841845405
elye wahi__2003-01-02,,,,10290622.887550693,10276485.269356333,250399.08625250915
elyess dao__2006-11-20,Elyess Dao,FWD,512499.9999999997,426781.03462333797,436157.81397730403,35200.63906106497
eman kospo__2007-05-17,Eman Košpo,DEF,1112500.0000000005,591303.6496323473,580532.4457766805,47096.25580977506
emanuel mammana__1996-02-10,Emanuel Mammana,DEF,4349999.999999996,4362458.229423397,4367456.935419304,93200.19678037523
emanuele valeri__1998-12-07,,,,5513350.278694123,5520379.474017835,166044.65798453114
emil audero__1997-01-18,,,,10526690.593531968,10526690.593531968,1531714.234875585
emil bohinen__1999-03-12,,,,2175215.862634339,2175215.862634339,
emil forsberg__1991-10-23,,,,6372056.422890048,6372056.422890048,
emil gazdov__2003-09-11,,,,538997.8003362291,548639.8277184993,23952.98716013909
emil hansson__1998-06-15,,,,1068454.7403362785,1068454.7403362785,21517.35552402176
emil hjlund__2005-01-04,,,,563836.8253261198,546788.3284656475,40365.409675685696
emil holm__2000-05-13,,,,6410310.8879813785,6410310.8879813785,100402.09061191946
emil holten__1996-08-08,,,,780036.5630429141,780036.5630429141,
emil kornvig__2000-04-28,,,,1924052.5839751118,1918723.1563694994,24139.37587990927
emil krafth__1994-08-02,,,,2276089.099128673,2276089.099128673,39266.128043386045
emil riis__1998-06-24,,,,2154076.414821912,2133503.3176889177,139099.46503112736
emile smith rowe__2000-07-28,,,,21239996.00219847,21751274.71359074,956983.2773219182
emiliano buendia__1996-12-25,,,,11705197.250695579,11705197.250695579,52199.82193028227
emiliano martinez__1992-09-02,Emiliano Martínez,GK,20749999.99999997,19718481.55361036,19586199.2547687,1589337.7142149366
emilio simonsen__1999-10-31,Emilio Simonsen,MID,412500.0000000001,386617.0905649875,387612.9924048665,17545.02975881562
emin bayram__2003-04-02,,,,7457473.408043064,7467758.837792366,114392.5902308984
emir karic__1997-06-09,,,,1035116.4441600951,1021333.8151382493,92589.74877764612
emir ortakaya__2004-06-22,,,,623218.4619773165,623218.4619773165,
emirhan demircan__2005-01-20,,,,668861.1713966839,668861.1713966839,
emirhan ilkhan__2004-06-01,,,,958699.3844305964,958699.3844305964,
emirhan topcu__2000-10-11,,,,7167630.678898666,6808465.162028123,703837.9284950814
emmanuel agbadou__1997-06-17,Emmanuel Agbadou,DEF,14000000.000000007,13099502.458253184,13285847.605401676,429411.87284186005
emmanuel biumla__2005-05-08,,,,3653944.427181989,3653944.427181989,27447.708637363867
emmanuel boateng__1996-05-23,,,,2539677.2707631304,2454862.114932428,341852.0815392209
emmanuel danso__2000-11-10,,,,497485.5727866444,497485.5727866444,
emmanuel ekong__2002-06-25,,,,1040770.5415035943,1057560.6823990762,105651.88078743334
emmanuel gyabuaa__2001-09-21,,,,568992.8486382719,586861.9872758896,68368.02341952237
emmanuel gyasi__1994-01-11,,,,2799388.5247200765,2799388.5247200765,
emmanuel iyoha__1997-10-11,Emmanuel Iyoha,DEF,1150000.0000000005,1051818.321170109,1028849.6374911552,82878.8674580433
emmanuel kakou__2005-06-30,Emmanuel Kakou,DEF,1099999.9999999998,1080098.5675395909,1073502.9318923631,105152.32507898979
emmanuel longelo__2000-12-27,,,,902837.3966510547,906942.6107943485,53982.11355254837
emmanuel sabbi__1997-12-24,,,,1937573.8157691883,1937573.8157691883,
emmanuel yeboah__2003-02-25,,,,409664.6952337045,409664.6952337045,67524.39893232788
emran soglo__2005-07-11,,,,1256041.304666157,1254835.6633849696,13350.984906684782
emre akbaba__1992-10-04,,,,1354447.924836369,1313581.7800968941,136681.41566706286
emre bilgin__2004-02-26,,,,691511.4086212803,685675.6776772195,48164.3360008956
emre can__1994-01-12,,,,18866205.808791287,18568791.79950875,799725.9138150505
emre klnc__1994-08-23,,,,2180047.5347825014,2151302.907353974,121325.68500955487
emre mor__1997-07-24,,,,2090127.0350315247,2084771.1137806887,551459.3477356923
emre tasdemir__1995-08-08,,,,411657.42602312966,406555.1733596395,12234.088916597935
emrecan bulut__2002-11-26,,,,488708.3811453543,488708.3811453543,
enda stevens__1990-07-09,,,,362113.8888176619,362113.8888176619,2881.6353412865396
enea mihaj__1998-07-05,,,,2339739.9165617484,2339739.9165617484,24184.59396660265
enes mahmutovic__1997-05-22,,,,454589.46163015015,451584.65399188356,10192.80690280255
enes unal__1997-05-10,,,,10463587.679414326,10463587.679414326,1207614.9935203379
enis bardhi__1995-07-02,,,,3582544.3767256774,3582544.3767256774,139132.1078163047
enis destan__2002-06-15,,,,2792285.52889546,2792285.52889546,37255.6059274601
enock agyei__2005-01-13,,,,1002287.1520160799,974223.2315300121,58910.351126456415
enrico delprato__1999-11-10,,,,5599283.0263425745,5692509.992401082,302062.01061130926
enrique lofolomo__2000-04-14,,,,1095772.797404585,1098964.6273977198,41373.73588004033
ensar kemaloglu__1998-10-05,,,,282206.71652452636,282206.71652452636,9357.758980079316
enso gonzalez__2005-01-20,,,,970347.1562203178,970347.1562203178,83674.18409137832
enzo barrenechea__2001-05-22,,,,13868564.346945927,13868564.346945927,101630.40188669383
enzo basilio__1994-10-03,,,,931776.7897997318,951960.7277082352,50763.21303881147
enzo ebosse__1999-03-11,Enzo Ebosse,DEF,1849999.9999999995,1786002.9466538061,1786002.9466538061,87984.79264642556
enzo fernandez__2001-01-17,Enzo Fernández,MID,78999999.99999993,79447769.11332944,81580350.82965785,7683313.05378037
enzo le fee__2000-02-03,Enzo Le Fée,MID,17249999.99999998,15194092.239481276,15766423.514294118,2148922.184812521
enzo loiodice__2000-11-27,Enzo Loiodice,MID,4300000.000000002,4186343.334761552,4107298.4316448607,193133.60018639636
enzo martinez__1998-04-29,,,,1318523.3394445977,1318523.3394445977,
enzo millot__2002-07-17,,,,22170861.32115265,22170861.32115265,858411.2547382325
enzo perez__1986-02-22,,,,528898.57313913,528898.57313913,
enzo tchato__2002-11-23,,,,2661199.973196853,2661199.973196853,298940.7107561394
eray comert__1998-02-04,,,,2628007.18320697,2628007.18320697,280813.38431570015
ercan kara__1996-01-03,,,,1149110.7479005822,1152320.260892827,112724.12718289511
erdem canpolat__2001-04-13,,,,781899.0989021342,781899.0989021342,
erdogan yesilyurt__1993-11-06,,,,588259.8124378117,605279.219562652,33976.419187212574
eren dinkci__2001-12-13,Eren Dinkçi,MID,7249999.999999998,7864921.036685197,7766850.014081065,186893.86671127766
eren elmal__2000-07-07,Eren Elmalı,DEF,6999999.999999995,7744320.739150319,7670398.15230033,131717.0549834322
erencan yardmc__2002-02-04,Erencan Yardımcı,FWD,2349999.999999999,1837386.921685091,1845746.057062488,40559.235859934226
erhan erenturk__1995-05-30,,,,225224.4199208839,225224.4199208839,2097.2599986108144
erhan masovic__1998-11-22,Erhan Mašović,DEF,3400000.000000002,2046671.1870882097,2021753.2400140776,160625.08616783022
eric bailly__1994-04-12,,,,2646710.3663573265,2646710.3663573265,62740.62450241304
eric dier__1994-01-15,Eric Dier,DEF,8750000.000000007,9632340.265185662,9614874.943833474,969293.6474081284
eric kahl__2001-09-27,,,,2071401.9505547024,2094971.9432520757,42642.16579969746
eric martel__2002-04-29,,,,10047783.501124682,10647712.04652738,1302892.9216929835
erik ahlstrand__2001-10-14,,,,874743.4840992742,874743.4840992742,34524.84467837835
erik botheim__2000-01-10,,,,1817421.9612187266,1804074.3006400275,157799.70066764098
erik majetschak__2000-03-01,,,,615051.2558116773,610802.6141440155,43036.57572474991
erik palmerbrown__1997-04-24,,,,2133701.0579299885,2191950.047381171,111565.1740393719
erik sviatchenko__1991-10-04,Erik Sviatchenko,DEF,1087500.0000000007,703944.6668408539,715033.408284659,74812.15921452497
erling haaland__2000-07-21,,,,138999122.8393924,146515376.20813617,17551823.716593582
ermedin demirovic__1998-03-25,Ermedin Demirović,FWD,22500000.000000007,23524619.738668535,23033108.511417557,1233528.1302195431
ernest agyiri__1998-03-06,,,,598678.6278215274,598678.6278215274,46311.16333760487
ernest muci__2001-03-19,,,,8610691.927011246,8428832.954990081,1079370.5418954487
ernest nuamah__2003-11-01,,,,9795446.594070604,9313197.681377016,917768.7408730052
ernest poku__2004-01-28,Ernest Poku,MID,6549999.999999996,8532046.42442424,8499154.480245985,273781.7333962028
ernestas lysionok__2007-03-09,,,,235633.0772469107,235633.0772469107,
ernesto torregrossa__1992-06-28,Ernesto Torregrossa,MID,987499.9999999999,927863.6684202893,900325.724955536,121682.47376958099
eros maddy__2001-02-05,,,,490805.3934513363,476366.3338520888,27893.707583820542
ersin destanoglu__2001-01-01,Ersin Destanoğlu,GK,2750000.0,2514222.4186135917,2505663.0235060877,147512.19085837845
ertugrul taskran__1989-11-05,,,,165693.23254722165,167626.64786157515,11718.47319943051
erwin koffi__1995-01-10,,,,951104.1792858485,908712.6308921566,147034.0611220306
eser gurbuz__2007-03-06,Eser Gürbüz,MID,612499.9999999997,447095.1848699753,444058.7638672703,73738.114042033
eskild dall__2003-01-08,,,,397912.0531790236,398630.45322153013,2562.601624719195
esmir bajraktarevic__2005-03-10,Esmir Bajraktarević,MID,4750000.000000003,4685054.031796407,4540946.760513745,509474.47435290855
esteban burgos__1992-01-09,,,,568269.1252185164,574678.4099849522,63351.49078642092
ethan ampadu__2000-09-14,,,,13598035.428346079,13598035.428346079,
ethan brierley__2003-11-23,Ethan Brierley,MID,700000.0000000006,814474.8744268507,776328.8984504046,77572.32750220461
ethan galbraith__2001-05-11,,,,2132385.772024545,2146610.4554476677,122863.97098518202
ethan hamilton__1998-10-18,,,,685237.1574088419,685237.1574088419,54864.47298688336
ethan horvath__1995-06-09,,,,768649.2347006097,775371.8306584032,85748.04740082842
ethan ingram__2003-04-16,,,,440176.17980164086,434776.6919553776,29820.484404334416
ethan laird__2001-08-05,Ethan Laird,DEF,3550000.000000002,1900181.029015411,1900181.029015411,
ethan mbappe__2006-12-29,,,,5150323.777347627,5321422.121149792,399049.3348167726
ethan nwaneri__2007-03-21,Ethan Nwaneri,MID,27999999.99999999,22633261.96174173,22565726.714179277,2162079.230669384
ethan pinnock__1993-05-29,,,,5036278.802208557,5036278.802208557,249546.39571498282
ethan ross__2001-08-15,,,,372522.7463465992,384851.00595184154,33339.86122517484
ethan schiltebrown__2005-06-01,,,,251844.88103406678,248173.85608470917,15263.039922380192
ethan williams__2005-11-14,,,,653369.4037572362,669540.4085540745,57696.60687847849
etienne camara__2003-03-30,,,,2598030.6837977082,2521241.9641586877,258335.3203840892
etienne green__2000-07-19,,,,686771.8277771217,686771.8277771217,8714.644547982449
etienne vaessen__1995-07-26,,,,1210259.053926505,1239765.7255053045,161363.15145737614
etienne youte kinkoue__2002-01-14,,,,3061731.2995275385,3043609.302719295,253938.19059710586
ettore gliozzi__1995-09-23,,,,1196854.2244984964,1221654.245533019,58245.40405609032
eus waayers__2006-04-08,,,,599219.2354480054,599219.2354480054,14658.080386465632
evan ferguson__2004-10-19,,,,9773239.442465996,9689742.12039179,587769.7231510967
evan ndicka__1999-08-20,,,,28048609.764290016,28161440.562371068,1463601.3139338074
evann guessand__2001-07-01,,,,27130080.557843104,27808055.710269995,1626340.2972553112
ever banega__1988-06-29,,,,2404217.095010897,2404217.095010897,431492.54870886373
evert linthorst__2000-03-03,,,,1485568.2913859256,1472550.056911065,121176.68349093734
ewoud pletinckx__2000-10-10,,,,2124743.4669751907,2103946.7288723006,103040.94448186034
eyup aydn__2004-08-02,,,,1625268.7765954887,1629689.5928826588,43898.42240363285
ezechiel banzuzi__2005-02-16,,,,5313047.884138532,5313047.884138532,
ezequiel ponce__1997-03-29,Ezequiel Ponce,FWD,4050000.0000000033,3499531.7872307487,3499531.7872307487,376.80208473328355
ezgjan alioski__1992-02-12,,,,840472.536044039,813036.7230083364,49121.02260289233
ezri konsa__1997-10-23,,,,42702247.60714215,42702247.60714215,925726.0227776279
fabian bredlow__1995-03-02,,,,972331.7932585787,972331.7932585787,
fabian de keijzer__2000-05-10,,,,743407.2191849621,742822.041439787,25608.643622210613
fabian ehmann__1998-08-28,Fabian Ehmann,GK,312500.00000000023,346330.79506275686,348856.7923245245,10825.023549748707
fabian holland__1990-07-11,,,,500013.5683279235,506649.57766063075,64295.3255569104
fabian kunze__1998-06-14,Fabian Kunze,MID,1499999.9999999986,1707608.7409535516,1725554.0102783483,44243.06740043339
fabian nurnberger__1999-07-28,Fabian Nürnberger,DEF,2250000.000000001,1959844.0352325235,1965807.5797303868,268647.80238966085
fabian reese__1997-11-29,Fabian Reese,MID,4399999.999999997,3915896.730746848,3915896.730746848,
fabian rieder__2002-02-16,,,,10561531.492039148,10561531.492039148,
fabian schar__1991-12-20,,,,10216549.681034334,10624596.064496385,1209510.5075848098
fabian schleusener__1991-10-24,,,,850992.260692388,877741.4994797558,65035.409318220685
fabiano parisi__2000-11-09,,,,9388452.242821684,9115248.34154613,486316.50532397005
fabijan buntic__1997-02-24,Fabijan Buntić,GK,600000.0000000003,527922.7607990638,530620.3352342795,22040.553988430256
fabio balde__2005-07-20,Fabio Baldé,MID,1050000.0000000007,1350874.4492464857,1405993.8937606348,89172.57913831309
fabio chiarodia__2005-06-05,,,,2013051.4670690086,2029617.3745248101,98459.52508564587
fabio depaoli__1997-04-24,,,,1464890.455072478,1464890.455072478,37292.18444862593
fabio ferraro__2002-09-03,Fabio Ferraro,DEF,1949999.999999999,2347316.78828187,2288442.6091779796,156369.99283429445
fabio maistro__1998-04-05,,,,1114750.9918276293,1114750.9918276293,66837.75197026928
fabio miretti__2003-08-03,,,,5589555.194604958,5589555.194604958,640190.4843921734
fabio moreno fell__2000-06-04,,,,485827.0285097233,471409.5238490585,42901.859313935725
fabio torsiello__2005-02-02,,,,858819.9299189128,848920.266251876,25543.773491132284
fabrizio bagheria__2001-04-05,,,,298394.03241333104,300730.3966702156,4750.917383325677
fabrizio brignani__1998-01-13,Fabrizio Brignani,DEF,850000.0000000005,1228383.3789947233,1251408.3975799743,68881.79519054433
fabrizio caligara__2000-04-12,,,,1198272.0109304562,1198272.0109304562,11974.704503385265
facundo buonanotte__2004-12-23,Facundo Buonanotte,MID,14499999.99999999,19641564.64389081,19877077.166371725,972246.523274879
facundo colidio__2000-01-04,,,,7225985.081311566,6598306.50519624,1247371.5424511232
facundo lescano__1996-08-18,,,,1165558.1619413472,1146146.3324460806,69223.20504322121
facundo medina__1999-05-28,,,,21019461.511126995,20912889.370695524,518901.0057839847
facundo pellistri__2001-12-20,,,,4174653.145765219,4177714.1424701675,419619.7691488461
faitout maouassa__1998-07-06,,,,820288.9162043114,820288.9162043114,
fali cande__1998-01-24,,,,2575127.1777231046,2575127.1777231046,
falko michel__2001-01-14,,,,1056322.4409333644,1031443.6155595939,145112.53963762632
fallou fall__2004-04-15,Fallou Fall,DEF,1249999.999999999,1676237.9867031826,1699877.1316905613,42034.23620733196
fares chaibi__2002-11-28,,,,10997847.085507002,10587693.403477844,884944.2565876247
fares ghedjemis__2002-09-06,Farès Ghedjemis,MID,899999.9999999995,1003992.3463222461,985384.1754875269,94318.81908709543
faride alidou__2001-07-18,,,,1601330.8015863546,1601330.8015863546,95610.6134602243
fashion sakala__1997-03-14,,,,5805635.354948809,5805635.354948809,290020.0697734775
fatih aksoy__1997-11-06,,,,1245159.490597226,1267134.3363847267,65044.15581112204
fatih kaya__1999-11-13,,,,1524071.4627010436,1524071.4627010436,70743.10067168521
fausto grillo__1993-02-20,,,,916882.8769885636,931425.8557593888,52249.05611820196
fayssal harchaoui__2006-01-15,,,,403431.28329958924,409216.75004253286,16443.388116567716
fedde leysen__2003-07-09,Fedde Leysen,DEF,3700000.000000002,4534823.104063858,4719508.528962393,500709.8127840431
federico alvarez__1994-08-07,Federico Álvarez,DEF,499999.99999999977,428982.97626826685,428982.97626826685,
federico artioli__2001-06-12,Federico Artioli,DEF,612499.9999999997,605272.6731181385,607046.3739115819,55773.540632216806
federico baschirotto__1996-09-20,,,,6270824.996442984,6100682.876317151,641966.5284842718
federico bernardeschi__1994-02-16,,,,5801847.755344555,5801847.755344555,105969.92298992905
federico bonazzoli__1997-05-21,,,,2504992.321643974,2504992.321643974,
federico bonini__2001-08-06,,,,2345274.770171484,2345274.770171484,59880.4584146559
federico ceccherini__1992-05-11,,,,997107.8925846677,997107.8925846677,
federico chiesa__1997-10-25,Federico Chiesa,MID,20249999.999999978,23576458.289289907,23498099.882502303,3789993.6964680394
federico di francesco__1994-06-14,,,,2068802.714102463,2068802.714102463,
federico dimarco__1997-11-10,,,,45613157.310796425,45414981.114367515,4318485.498447156
federico gatti__1998-06-24,,,,27969482.70073223,27969482.70073223,1178703.8819114447
federico gattoni__1999-02-16,Federico Gattoni,DEF,1899999.9999999993,1787400.109218058,1776785.0243620286,116814.41285273853
federico gino__1993-02-26,,,,678538.5922495085,697930.5222349403,33763.52621057966
federico ravaglia__1999-11-11,,,,1722082.599203463,1722082.599203463,207178.22486173478
federico redondo__2003-01-18,,,,3588080.266845036,3583418.939648416,151580.34370834997
federico ricca__1994-12-01,,,,1226587.6655531137,1226587.6655531137,
federico santander__1991-06-04,,,,408776.84986657,408776.84986657,2017.8280746406538
federico valverde__1998-07-22,Federico Valverde,DEF,113499999.99999997,103732021.15341529,103732021.15341529,3303420.4581738166
federico vinas__1998-06-30,Federico Viñas,MID,3350000.0000000014,3114380.346120829,3088050.270493219,312055.2716005856
federico zuccon__2003-04-01,,,,1484797.4401700157,1484797.4401700157,118848.24346066455
fedor chalov__1998-04-10,,,,2595680.789609208,2544247.90923928,228573.0424475142
felipe caicedo__1988-09-05,,,,424778.1199828111,406540.2704279624,72977.28027594663
felipe chavez__2007-04-10,,,,591380.0441600144,652621.8748777764,132292.26456254214
felipe loyola__2000-11-09,Felipe Loyola,DEF,6549999.999999996,3841282.290871062,3841282.290871062,477292.54142335284
felix agu__1999-09-27,,,,5873815.830764542,5888755.7866408825,159807.22429431253
felix beijmo__1998-01-31,,,,2391117.2919691172,2358361.996985959,129974.60916882413
felix klaus__1992-09-13,,,,1172858.6628137273,1217051.4732332255,82936.1118934395
felix lemarechal__2003-08-07,,,,8791142.081664851,8791142.081664851,23285.84936617485
felix mambimbi__2001-01-18,,,,1381300.8018149405,1381300.8018149405,
felix nmecha__2000-10-10,,,,44349916.936352044,44301682.9167305,3792503.728800265
felix passlack__1998-05-29,,,,2371424.02685915,2331773.578400086,121760.7464828183
felix uduokhai__1997-09-09,,,,5176576.50673034,5188133.880675272,319102.97824668715
femi seriki__2002-04-28,,,,2867411.476453796,2779483.0767136845,505323.4917465345
ferdi kadoglu__1999-10-07,,,,20159935.32567332,20159935.32567332,477134.2834027283
ferland mendy__1995-06-08,Ferland Mendy,DEF,15000000.00000001,23195864.274236973,23250838.91138517,142528.6553384365
fernand goure__2002-04-12,,,,759891.318942506,759891.318942506,
fernando muslera__1986-06-16,,,,1055462.437986584,1055462.437986584,109010.62179488777
fernando pacheco__1999-06-26,,,,718995.9393891188,718995.9393891188,
fernando zuqui__1991-11-27,,,,749155.3978559213,693422.0355144485,181312.47118293692
festy ebosele__2002-08-02,,,,2399066.1297581494,2310061.471975404,315964.9099811836
fiacre kelleher__1996-03-10,Fiacre Kelleher,DEF,157500.00000000006,153643.1664438071,151328.0866864742,8318.969596301342
fidan aliti__1993-10-03,,,,686810.2399001188,687471.9071364877,91357.30537556596
fikayo tomori__1997-12-19,Fikayo Tomori,DEF,33750000.00000005,29500102.655213717,28804516.060427986,2656500.3919170303
filip bednarek__1992-09-26,,,,411281.99368196103,404199.09093133075,13375.826519847651
filip benkovic__1997-07-13,,,,2181698.3171460344,2128908.481538566,123819.11629347502
filip bundgaard__2004-07-03,,,,1844891.4891187828,1806689.5409759327,100526.23215053433
filip kostic__1992-11-01,,,,10664512.852861132,10664512.852861132,742828.8643985863
filip krastev__2001-10-15,,,,2234777.46647608,2186286.350523671,143496.54699110205
filip krovinovic__1995-08-29,,,,1726476.2659202605,1726476.2659202605,161279.42631356718
filip kurto__1991-06-14,Filip Kurto,GK,334999.9999999998,254186.0172290085,263585.84797583777,29370.789455752107
filip manojlovic__1996-04-25,,,,892107.2194567329,890519.3350405856,37573.70808650708
filip marchwinski__2002-01-10,,,,2095793.920312891,2095793.920312891,
filip marschall__2003-04-24,Filip Marschall,GK,1099999.9999999998,736697.6426381378,746105.0857383814,28820.30782715183
filip mladenovic__1991-08-15,,,,834332.3468214781,834332.3468214781,71828.45037722008
filip stankovic__2002-02-25,,,,3781531.3798596608,3556140.192902873,749303.4348072851
filip stojilkovic__2000-01-04,Filip Stojilković,FWD,1249999.999999999,1716743.870337582,1693898.5616350211,96650.63208398598
filip szymczak__2002-05-06,,,,1303217.040866093,1335284.9874119996,219165.27893534896
filip ugrinic__1999-01-05,,,,4905323.796499057,4877791.172991401,213933.58729732374
filippo bandinelli__1995-03-29,Filippo Bandinelli,MID,2000000.0000000016,1486175.1727573685,1497542.7141703125,49713.232779227175
filippo delli carri__1999-05-03,Filippo Delli Carri,DEF,950000.0000000008,1328345.042258927,1355964.967163477,64402.0093561914
filippo distefano__2003-08-28,,,,1491280.1606014743,1503715.863999005,118040.81798897062
filippo mane__2005-03-08,,,,971358.5791954092,961258.4937266678,77304.93409970865
filippo melegoni__1999-02-18,Filippo Melegoni,MID,1024999.9999999995,734455.1815328677,739442.7098095989,47885.80161426822
filippo missori__2004-03-24,,,,1131798.788074856,1130542.9187402753,62712.58934301434
filippo oliana__1999-06-30,Filippo Oliana,DEF,737500.0000000005,914084.159771702,924768.6737212898,47922.50050090793
filippo ranocchia__2001-05-14,,,,2898554.4934088625,2976400.8843191634,166724.79527194382
filippo romagna__1997-05-26,Filippo Romagna,DEF,1099999.9999999998,1538882.2112711563,1543622.8831854532,104404.97730163098
filippo terracciano__2003-02-08,,,,6509494.764668189,6509494.764668189,
findlay curtis__2006-10-01,,,,1183731.6435839431,1139441.7173261568,78759.60117103292
finlay pollock__2004-06-27,,,,386468.71782083675,393097.5391853013,17610.75952680206
finlay robertson__2002-11-12,,,,509489.50368426804,521575.2582798562,34592.589067183166
finley burns__2003-06-17,Finley Burns,DEF,749999.9999999998,790509.6327012782,806996.3303515549,46137.942404035566
finley munroe__2005-02-08,,,,774970.7117549416,758135.3642351353,43692.01300445134
finn dahmen__1998-03-27,Finn Dahmen,GK,7750000.000000002,5058696.816419075,5004636.087245996,214583.77146199683
finn jeltsch__2006-07-17,,,,9187411.874451408,8402674.817278171,1636268.8777719508
finn porath__1997-02-23,Finn Porath,DEF,1099999.9999999998,1350289.1613221385,1504702.773766687,303316.9335651938
finn stokkers__1996-04-18,Finn Stokkers,FWD,562500.0000000002,599946.2296976177,599946.2296976177,
finn yeats__2004-04-19,,,,186377.0397577565,191392.7377246187,15755.920693894053
fisayo delebashiru__2001-02-06,,,,4655002.8040751675,4569772.889367148,166867.36131909786
fisnik asllani__2002-08-08,,,,14051954.737643119,14051954.737643119,
flavio paoletti__2003-01-16,,,,468363.5379886107,468363.5379886107,
flavius daniliuc__2001-04-27,,,,4102123.39205218,4132609.6095525157,71024.13007436767
florent hadergjonaj__1994-07-31,,,,1154558.2564045233,1154558.2564045233,32403.27358771115
florent hanin__1990-02-04,,,,539280.8410443834,564366.5057137794,54396.58678807738
florent mollet__1991-11-19,,,,624045.3907997418,624045.3907997418,
florent muslija__1998-07-06,Florent Muslija,MID,2649999.999999999,2808586.2640312226,2812335.3580358624,166762.07966028454
florent poulolo__1997-01-02,,,,885931.0463084008,856160.1361402606,69701.39969275476
florian aye__1997-01-19,,,,1942457.7901518655,1942457.7901518655,1287.0953113691705
florian escales__1996-02-03,,,,966585.0639191387,972174.4807899094,51548.01564082314
florian flecker__1995-10-29,,,,602521.912043097,602521.912043097,2432.7564495540964
florian flick__2000-05-01,Florian Flick,DEF,1299999.9999999993,832967.7251185611,838860.6060335046,41199.060487439085
florian grillitsch__1995-08-07,,,,3880390.5792125715,4248260.60518351,744309.3880157474
florian hellstern__2007-10-18,Florian Hellstern,GK,1150000.0000000005,844561.9842787695,844561.9842787695,14663.99652773821
florian hubner__1991-03-01,Florian Hübner,DEF,255000.0000000001,210678.3167469502,210678.3167469502,15356.680174904683
florian kastenmeier__1997-06-28,,,,1569878.4201394552,1569878.4201394552,122189.86028790001
florian kruger__1999-02-13,Florian Krüger,MID,787499.9999999994,682252.922993822,678647.9077860871,41915.89395449034
florian le joncour__1995-02-03,,,,1024025.4812307932,1059113.850941709,147342.63868884515
florian lejeune__1991-05-20,Florian Lejeune,DEF,3299999.999999998,3771656.171916148,3722877.81506584,356787.8697261696
florian miguel__1996-09-01,,,,1443857.694902894,1443857.694902894,90792.56178340274
florian neuhaus__1997-03-16,,,,5540812.912776608,5520496.420152083,395044.4663355754
florian niederlechner__1990-10-24,,,,725722.0253217174,725722.0253217174,
florian sotoca__1990-10-25,,,,1795138.338839052,1754217.980187007,133096.42984841886
florian stritzel__1994-01-31,Florian Stritzel,GK,575000.0000000001,581227.4295686889,581227.4295686889,105438.90020052282
florian tardieu__1992-04-22,Florian Tardieu,MID,1350000.0,974322.9285786976,969680.0672878509,121740.33623117444
florian thauvin__1993-01-26,Florian Thauvin,MID,8499999.999999998,9905187.113404518,10228761.168146182,1363775.4124225979
florian wirtz__2003-05-03,,,,112299678.31333722,112974795.79430184,4647235.372943562
flynn downes__1999-01-20,,,,6540116.336433311,6622409.03961732,502323.47620749136
fode ballotoure__1997-01-03,,,,2419010.885087887,2419010.885087887,124024.01118973586
fode doucoure__2001-02-03,,,,1965143.2157870526,1971207.4833976827,78650.97307915139
fode sylla__2006-04-16,,,,1467977.1581618185,1468431.5551464465,123134.52070621979
folarin balogun__2001-07-03,,,,18579687.07735548,18129311.18569723,2410349.7297522537
formose mendy__2001-01-02,,,,3494795.4453147687,3450715.5439072577,139770.9872576765
fotis ioannidis__2000-01-10,,,,12934654.091072943,12873411.963237341,536939.0477922517
fousseni diabate__1995-10-18,,,,1353976.1870984763,1353976.1870984763,62095.19754507851
francesco acerbi__1988-02-10,,,,9164988.178712241,9164988.178712241,870375.510171827
francesco bardi__1992-01-18,Francesco Bardi,GK,575000.0000000001,867132.8146852114,879386.8881312769,59691.52313362639
francesco camarda__2008-03-10,,,,3632294.9756084345,3689345.298878827,325783.4297399896
francesco cassata__1997-07-16,,,,589273.7782154105,587229.3292034176,4895.667070030777
francesco di mariano__1996-04-20,,,,1554665.957746354,1554665.957746354,176832.3212142157
francesco folino__2002-01-23,Francesco Folino,DEF,950000.0000000008,990973.3075904592,987497.6184554793,47204.139956467196
francesco gelli__1996-10-15,,,,912627.6477416903,912627.6477416903,143020.00884577096
francesco rossi__1991-04-27,Francesco Rossi,GK,84999.99999999994,169456.76413188825,174190.5708495325,15293.309333866782
francesco ruberto__1993-03-19,,,,271087.73405467864,274499.2475426731,19067.779219726097
francesco vicari__1994-08-03,,,,867992.3924001593,867992.3924001593,2449.1458707490033
francesco zampano__1993-09-30,,,,1239279.021085154,1240539.2999061816,63052.06843851564
franci bouebari__2003-09-12,,,,450211.20566078334,450211.20566078334,5008.674359942428
francis coquelin__1991-05-13,,,,1561622.5648870866,1467524.2714664037,173688.9379405086
francisco calvo__1992-07-08,,,,590662.1511020062,622417.3950073314,116930.70406004648
francisco ortega__1999-03-19,,,,3620264.049033543,3620264.049033543,782456.2502773961
francisco petrasso__2002-01-28,,,,1437359.942988536,1413382.676615359,97944.94498449785
francisco sierralta__1997-05-06,,,,1803770.02079075,1849883.7153436323,263948.527822276
francisco trincao__1999-12-29,Francisco Trincão,MID,30499999.999999948,31963256.59429161,31780416.787386768,2041296.6812659907
franck honorat__1996-08-11,,,,28128732.299779795,28128732.299779795,
franck surdez__2002-05-05,Franck Surdez,MID,1750000.0,2045614.2105098292,2045614.2105098292,194078.14575113365
franco baldassarra__1998-09-29,,,,680201.0683299013,688425.3572571636,25751.445374554067
franco carboni__2003-04-04,,,,875597.159025272,875597.159025272,80453.6914138932
franco cervi__1994-05-26,,,,1791416.3978637485,1791416.3978637485,
franco fragapane__1993-02-06,,,,1172942.1981683779,1178623.1953089822,118757.90556461726
franco israel__2000-04-22,,,,5103781.2270610705,5103781.2270610705,
franco jara__1988-07-15,Franco Jara,FWD,600000.0000000003,559372.349873263,541179.2934070216,98347.9099536739
franco mastantuono__2007-08-14,Franco Mastantuono,MID,36000000.000000045,30682435.750850953,32398788.059060417,4052132.3565786867
franco orozco__2002-01-09,,,,1586392.178847537,1572407.1329599484,78623.30589170619
franco tongya__2002-03-13,,,,891196.9187808664,913630.7511771038,253454.53896081544
franco umeh__2005-01-26,,,,647087.7608942629,643395.889438068,59187.55763857877
franco vazquez__1989-02-22,Franco Vázquez,MID,1450000.0000000002,1099484.8958073796,1088852.2502886527,71950.15504858099
franjo ivanovic__2003-10-01,,,,12060517.979865937,12060517.979865937,
franjo prce__1996-01-07,,,,533689.3074760807,535159.6854945091,12329.337925300193
frank feller__2004-01-07,,,,1599337.7490773825,1645318.3265015732,80793.75262544809
frank magri__1999-09-04,Frank Magri,FWD,3049999.999999998,4183677.047041219,3733768.174938556,1423383.99018073
frank onyeka__1998-01-01,,,,7604182.722753304,7398188.009523415,743360.4413333278
frank tsadjout__1999-07-28,Frank Tsadjout,FWD,1350000.0,1500228.6035357255,1485363.3157299114,139021.03792352282
frankie kent__1995-11-21,Frankie Kent,DEF,1249999.999999999,1124751.0699023998,1109299.9423621187,92894.40595377033
frantzdy pierrot__1995-03-29,,,,1567998.838912486,1573881.768502,162931.44945301957
franz stolz__2001-02-14,,,,868579.781351924,836161.9074607103,68687.26072613655
fraser forster__1988-03-17,,,,524421.2053641678,524421.2053641678,52044.66783917734
fraser hornby__1999-09-13,,,,2001633.95678499,1979488.3976820046,110913.77360566097
fraser murray__1999-05-07,,,,483318.1249255364,491407.91924530565,18761.591953949875
fraser taylor__2003-02-20,,,,202148.8066412112,202148.8066412112,4000.491706468356
fratcan uzum__1999-06-04,,,,479258.91563190264,467366.81905880524,45154.963557265226
freddie ladapo__1993-02-01,,,,385251.906268816,385251.906268816,39852.62989342222
freddie potts__2003-09-12,,,,8242571.783007116,8242571.783007116,616590.2714185775
freddie woodman__1997-03-04,,,,1525074.0513723476,1507353.3521233709,103170.97019995976
frederic guilbert__1994-12-24,,,,3808557.0687781963,3808557.0687781963,
frederik alves__1999-11-08,,,,1395494.7549698162,1390996.7113831516,114796.72495312603
frederik carstensen__2002-04-09,,,,920675.9996425724,922075.9097095145,6561.180690746624
frederik christensen__2002-06-07,,,,637796.385774059,620514.0969915887,48779.89613097125
frederik ihler__2003-06-25,,,,984347.011580493,984894.0157022947,38186.20838380866
frederik jakel__2001-03-07,,,,1352169.7695440443,1371536.7190438362,59018.090453070974
frederik lauenborg__1997-05-18,Frederik Lauenborg,MID,575000.0000000001,725264.1662944083,725264.1662944083,139021.63838223516
frederik rieper__1999-06-19,,,,611792.6036770148,611792.6036770148,10434.748716386666
frederik tingager__1993-02-22,Frederik Tingager,DEF,925000.0000000007,1327686.6320720655,1344612.0505105786,63132.51099502116
fredrik aursnes__1995-12-10,,,,13612139.576296404,13556593.195831347,556176.9378608809
fredrik carlsen__2001-12-01,,,,1061644.0116171394,1064680.1478782424,89692.2265048501
fredrik hammar__2001-02-26,,,,2334183.05375802,2346848.773797388,56092.71854881645
fredrik jensen__1997-09-09,,,,1277710.1318019805,1277710.1318019805,134755.27886218388
fredrik oldrup jensen__1993-05-18,,,,400390.47028845997,400712.38012453157,17661.37490120334
fredrik oppegard__2002-08-07,Fredrik Oppegård,DEF,1400000.0000000007,2017898.1108800448,2005835.1951638882,310084.09606026916
frenkie de jong__1997-05-12,Frenkie de Jong,MID,62250000.00000009,80996446.83678842,80996446.83678842,
friday etim__2002-05-21,,,,691799.1256707874,691799.1256707874,23122.730046265977
furkan bayr__2000-02-09,Furkan Bayır,DEF,1699999.9999999988,923498.8292140214,901406.782775984,41926.22423700157
furkan beklevic__1999-01-31,,,,148910.27432896613,148910.27432896613,25818.169942189754
furkan gedik__2002-07-12,,,,485666.3481435399,483970.93703058886,14110.076403915667
furkan malak__2005-01-14,,,,208447.44386043283,208447.44386043283,8071.072033163805
furkan orak__2001-05-28,,,,227519.50998460577,215317.95102342527,36621.77389712347
furkan soyalp__1995-06-12,,,,1119529.1230786506,1108125.0394739616,89684.8682722665
fynn otto__2002-03-08,Fynn Otto,DEF,800000.0000000005,734736.6910459133,734947.8361422052,33196.11920986303
fynn schenten__2007-09-14,Fynn Schenten,FWD,687500.0000000002,455822.7612433061,428551.2989002371,51524.09681183717
gabin bernardeau__2006-01-24,,,,1443342.9691970297,1443342.9691970297,236379.44067168309
gabriel gudmundsson__1999-04-29,Gabriel Gudmundsson,DEF,13249999.99999999,12079243.844637156,11907126.027795289,467227.6207828661
gabriel haider__2002-06-18,,,,273441.23956920404,273708.7808087545,5351.128882794341
gabriel iancu__1994-04-15,,,,425367.41703454463,420648.0731236152,23923.649039492306
gabriel osho__1998-08-14,,,,2429131.573821815,2429131.573821815,71889.40472141567
gabriel reiziger__2005-10-10,Gabriël Reiziger,MID,375000.00000000006,454987.30398862076,449862.13506689854,40880.32004333482
gabriel slonina__2004-05-15,,,,2901568.0076501383,2952860.076854177,104670.90580853446
gabriel suazo__1997-08-09,,,,4630323.900392379,5058330.0727547705,811247.7764494298
gabriel vidovic__2003-12-01,Gabriel Vidović,MID,2599999.9999999986,2695255.6213368294,2614598.9898138894,216985.3281053347
gabriele artistico__2002-07-14,,,,950108.3477219953,950108.3477219953,
gabriele corbo__2000-01-11,,,,813928.472702615,813928.472702615,
gabriele guarino__2004-04-14,,,,1123649.815662009,1122973.4902000949,37619.573695422165
gabriele moncini__1996-04-26,,,,1325977.352860672,1325977.352860672,234249.66568699307
gabriele piccinini__2001-04-06,,,,1767873.1733155136,1767873.1733155136,68604.83431609218
gabriele zappa__1999-12-22,,,,4368680.717818846,4524537.61991403,489948.3649847996
gaby jean__2000-02-19,,,,1600569.4068796209,1600569.4068796209,152883.96238401826
gael ondoua__1995-11-04,,,,641034.2519932007,623223.5839773566,54847.22057842676
gaetan coucke__1998-11-03,Gaëtan Coucke,GK,1899999.9999999993,857429.050660608,869824.6216694482,44501.759077771465
gaetan paquiez__1994-02-15,,,,564933.7445139918,585868.1517392162,82131.75541091502
gaetano castrovilli__1997-02-17,,,,2884028.2119759484,2893150.5977414493,361474.2207472598
gaetano letizia__1990-06-29,,,,602151.087279923,602151.087279923,
gaetano oristanio__2002-09-28,,,,6117575.483803811,6117575.483803811,475797.6656134609
gaius makouta__1997-07-25,,,,2586318.799094878,2586318.799094878,
gaizka larrazabal__1997-12-17,,,,1754465.7748615919,1825998.6543353926,226158.64654312818
gaoussou diarra__2002-11-21,,,,3896886.7926062727,3999326.7853359473,503357.47132792784
garang kuol__2004-09-15,,,,933148.3659178782,919426.7921333576,24816.48500315976
gary magnee__1999-10-12,Gary Magnée,DEF,2150000.0,2414822.629256845,2327281.636634517,373268.9266799436
gary oliver__1995-07-14,Gary Oliver,FWD,117499.99999999996,179379.18306052237,184438.9918581669,20646.6685251239
gaston alvarez__2000-03-24,,,,9904169.360126767,9803775.61993016,1404798.832387285
gaston avila__2001-09-30,Gastón Ávila,DEF,3799999.9999999995,2106626.2509298995,2110129.719111238,98123.08698709619
gaston campi__1991-04-06,,,,586660.4389236316,586660.4389236316,26514.67358976276
gauthier gallon__1993-04-23,,,,1095523.7985644778,1095523.7985644778,138866.65340641676
gauthier hein__1996-08-07,,,,6418855.741544163,6258334.169057761,607160.3438899412
gautier larsonneur__1997-02-23,,,,2792091.867037567,2819971.691881283,213628.03952951368
gautier lloris__1995-07-18,,,,3330813.929962223,3297265.217365814,84317.52558204187
gavin bazunu__2002-02-20,,,,2772600.671603328,2841951.2886820612,212506.9189598442
gavin beavers__2005-04-29,Gavin Beavers,GK,462500.00000000006,407904.77963523334,408471.3785096873,33480.70124762421
gavin kilkenny__2000-02-01,Gavin Kilkenny,MID,462500.00000000006,509169.75382838387,513877.5685344521,58238.577665451594
gavin molloy__2001-10-19,,,,943412.6135811361,968454.6435105259,63214.00620810915
gennaro borrelli__2000-03-10,,,,1506484.8750306934,1506484.8750306934,
gennaro tutino__1996-08-20,,,,1971167.8173503124,1908701.9387906587,215301.69054360376
geoffrey kondo__2002-05-02,Geoffrey Kondo,DEF,800000.0000000005,981550.8479611096,983775.4988573224,17979.6622024138
geoffrey kondogbia__1993-02-15,Geoffrey Kondogbia,DEF,8249999.9999999935,6965893.557301897,7531492.692092475,1238738.9622778706
geoffrey lembet__1988-09-23,,,,116989.33375856536,108713.92588941888,16846.25032687951
geoffry hairemans__1991-10-21,,,,734189.1497971995,734189.1497971995,117684.83887955594
george broadbent__2000-09-30,,,,366811.2008127166,366811.2008127166,
george byers__1996-05-29,,,,495555.7077725844,496503.2499565999,18561.111038661948
george dobson__1997-11-15,George Dobson,MID,1075000.0,1518324.141473209,1518324.141473209,100737.06660665109
george earthy__2004-09-05,George Earthy,MID,1600000.000000001,1970415.6361785447,1967211.487048813,48987.7921936144
george edmundson__1997-08-15,,,,1975323.042520857,1975323.042520857,224867.34017637145
george evans__1994-12-13,,,,455673.5260677094,462794.3607296399,29754.915712273225
george harmon__2000-12-08,,,,370975.5718213775,370975.5718213775,
george hirst__1999-02-15,George Hirst,FWD,2349999.999999999,4336789.959864634,4257309.685719936,304635.8049630244
george ilenikhena__2006-08-16,,,,4733516.7484204415,4733516.7484204415,
george johnston__1998-09-01,George Johnston,DEF,850000.0000000005,844292.4304902407,834618.2544247556,31704.81608353688
george long__1993-11-05,,,,535841.6311997321,550100.6690464612,32204.06516437698
george mceachran__2000-08-30,,,,403851.600825217,403851.600825217,
george saville__1993-06-01,,,,1321865.9085436924,1321865.9085436924,272006.94335277757
george stanger__2000-08-15,,,,387030.58732221264,392282.3763685114,13874.861228597358
george wickens__2001-11-08,George Wickens,GK,674999.9999999998,896730.1015132754,869805.4903980982,87106.52771315257
georges mikautadze__2000-10-31,,,,24335279.706037123,24287449.580925964,861918.3387235779
georgie gent__2003-09-23,,,,979083.7369198115,979298.9883356659,64439.75090565475
georginio rutter__2002-04-20,,,,26274101.65506481,25612094.20390875,1745994.2324589577
georgios giakoumakis__1994-12-09,,,,3899095.2710627164,3879367.2858361965,177578.34870344243
georgios koutsias__2004-02-08,,,,1259299.6001452804,1259299.6001452804,
georgios kyriopoulos__2004-08-24,,,,1418381.0243294437,1422877.1143509408,65300.4360321243
georgios liavas__2001-02-12,,,,1743241.5358812727,1743241.5358812727,30697.47374288026
georgios masouras__1994-01-01,,,,2428517.897641971,2428517.897641971,525904.118368574
georgios nikas__1999-09-17,,,,1059625.9248109101,1069515.9433361022,75643.80596064027
georgios vagiannidis__2001-09-12,,,,7244331.310332343,7244331.310332343,44304.76345898959
georgios vrakas__2001-04-28,,,,554704.2028828585,554704.2028828585,40601.00337892821
georgiy bushchan__1994-05-31,Georgiy Bushchan,GK,3000000.000000001,811430.0823906303,821179.1698525627,70257.84381949325
georgiy dzhikiya__1993-11-21,,,,1925070.4152253636,1917000.0493718083,76293.43182219274
georgiy sudakov__2002-09-01,,,,28742966.80275599,27903452.548819043,2263629.6855364367
gerald alders__2005-05-07,,,,537632.8827475705,537632.8827475705,14124.518317675545
gerard vandeplas__2006-02-25,,,,306586.6448711697,285235.32666830666,55705.20189524931
german conti__1994-06-03,,,,1630264.9789289967,1630264.9789289967,117932.82589457362
german onugkha__1996-07-06,,,,1503052.781949265,1504184.611855499,107386.02462337723
german pezzella__1991-06-27,,,,1252295.7666041374,1252295.7666041374,
gernot trauner__1992-03-25,Gernot Trauner,DEF,2000000.0000000016,2304816.1487567127,2296787.2840336757,211053.8341014279
geronimo rulli__1992-05-20,Gerónimo Rulli,GK,8999999.999999996,8571977.80001427,8571977.80001427,1517838.1243971854
gerrit holtmann__1995-03-25,,,,1276755.8259948555,1181366.6909328823,264434.8815778059
gerrit nauber__1992-04-13,Gerrit Nauber,DEF,549999.9999999998,684938.1459952217,692909.8875197433,71501.33326884598
gessime yassine__2005-11-22,,,,3854295.813584686,3825960.2185163866,237784.33498119694
gethin jones__1995-10-13,,,,400910.7740412355,400910.7740412355,
gheorghe grozav__1990-09-29,,,,618937.5711692871,644919.4684711128,64845.18090421364
ghislain konan__1995-12-27,Ghislain Konan,DEF,4349999.999999996,2774084.2805160484,2776758.3298867717,97374.47215339032
giacomo calo__1997-02-05,,,,1173213.3705167205,1136667.4116204954,104385.01087983865
giacomo corona__2004-02-24,Giacomo Corona,FWD,850000.0000000005,902744.7574186979,902744.7574186979,6823.196560758112
giacomo poluzzi__1988-02-25,,,,107416.8054570278,107416.8054570278,11937.276355773225
giacomo quagliata__2000-02-19,,,,1679872.3731122469,1679872.3731122469,94500.51042888149
giacomo raspadori__2000-02-18,,,,24482059.963053856,24482059.963053856,3796447.613400561
giacomo satalino__1999-05-20,,,,579991.626180143,594831.7845881259,36070.91181495335
giacomo stabile__2005-04-12,,,,1242459.3215227046,1242459.3215227046,
giandro sambo__2006-08-28,,,,277437.5340726629,290547.5528133671,23880.928972664246
giangiacomo magnani__1995-10-04,,,,2507130.8341023163,2447635.910431628,346579.42387211963
gianluca busio__2002-05-28,Gianluca Busio,MID,6099999.999999996,5122258.400064285,4965022.340714094,762291.0317524965
gianluca caprari__1993-07-30,,,,2842520.2843759037,2855402.6773936655,230105.97058446787
gianluca di chiara__1993-12-26,,,,1053168.7628877887,1053168.7628877887,93072.53276101507
gianluca frabotta__1999-06-24,,,,1250661.7462943797,1253188.8242946262,30686.951306098686
gianluca gaetano__2000-05-05,,,,4508677.761457431,4475791.40683763,202052.23608073714
gianluca gaudino__1996-11-11,,,,458342.908106628,458342.908106628,14647.445090064748
gianluca lapadula__1990-02-07,,,,770220.6332935529,788911.5035918793,105320.89694352752
gianluca mancini__1996-04-17,Gianluca Mancini,DEF,30250000.000000015,27219531.783411004,27219531.783411004,261533.6481133381
gianluca prestianni__2006-01-31,Gianluca Prestianni,MID,7199999.9999999935,3814613.937883431,3814613.937883431,300418.6875609823
gianluca scamacca__1999-01-01,,,,18456925.54711503,18469953.272159062,1180017.4317123
gianluigi donnarumma__1999-02-25,,,,87388521.77451724,87388521.77451724,477145.5725372096
gianmarco cangiano__2001-11-16,,,,334951.6835140007,334951.6835140007,37546.66315465934
giannino vianello__2007-06-10,Giannino Vianello,DEF,299999.99999999977,288355.0623761119,296180.8156098412,29712.210689311072
giannis anestis__1991-03-09,,,,411112.2577708476,411112.2577708476,
giannis bokos__2007-02-03,,,,953513.4033561355,991749.5410305237,70275.9328714933
giannis konstantelias__2003-03-05,,,,23681458.210590445,23681458.210590445,435094.18868696154
giannis michailidis__2000-02-18,,,,3227350.151999342,3236724.5889099133,112726.9891573131
giannis papanikolaou__1998-11-18,,,,1250306.5440062936,1250306.5440062936,
gibson yah__2003-09-27,,,,1999406.854556308,2081467.8322341978,257910.7337665757
gideon jung__1994-09-12,Gideon Jung,DEF,700000.0000000006,632966.0192400129,637848.2750636216,40473.37718046272
gideon mensah__1998-07-18,,,,3570777.863638719,3473560.656161802,329961.7671814991
gift links__1998-10-02,,,,1826321.186606884,1686303.7569252928,362232.98551268136
gift orban__2002-07-17,,,,12245922.490721444,12092663.530830894,816997.6861193903
gijs smal__1997-08-31,,,,3528086.747278628,3528086.747278628,391352.03493475553
gilbert mendy__2004-11-05,,,,321357.74024664523,337864.1554189868,66321.96417722336
gino infantino__2003-05-19,,,,1334566.0217334393,1306873.3058845706,97379.11781255467
giorgi abuashvili__2003-02-08,,,,1482648.8087644973,1482648.8087644973,
giorgi chakvetadze__1999-08-29,,,,3864184.230675423,4280103.167431222,1191131.46816311
giorgi gocholeishvili__2001-02-14,Giorgi Gocholeishvili,DEF,2300000.0,2117877.898100276,2117877.898100276,291543.1051156918
giorgi kochorashvili__1999-06-29,,,,5447386.522395334,5528387.8982494725,1240734.5801846979
giorgi kvernadze__2003-02-07,Giorgi Kvernadze,MID,1200000.0000000005,1159315.585186173,1127911.7620361936,79328.44135024473
giorgi mamardashvili__2000-09-29,,,,36527047.44253461,35223253.70567723,5226023.07034884
giorgi tsitaishvili__2000-11-18,Giorgi Tsitaishvili,MID,2000000.0000000016,2757274.4136873167,2771099.277507512,57515.17164365481
giorgio altare__1998-08-09,,,,1355118.6291932748,1355118.6291932748,
giorgio cittadini__2002-04-18,,,,1266783.1078949461,1266783.1078949461,11590.287485190927
giorgio scalvini__2003-12-11,,,,23076187.315589383,23086943.208607636,1396647.342665028
giovani lo celso__1996-04-09,,,,25671541.458809078,24193930.239784997,5215958.749876512
giovani versini__2004-03-18,,,,743199.326067851,756870.1665908024,33272.16498579925
giovanni bonfanti__2003-01-17,Giovanni Bonfanti,DEF,1550000.0000000012,2097150.8041387412,2097165.9728468875,23884.517444627505
giovanni daffara__2004-12-05,Giovanni Daffara,GK,850000.0000000005,909871.293265422,910031.1563942556,58273.19814169317
giovanni di lorenzo__1993-08-04,Giovanni Di Lorenzo,DEF,20749999.99999997,16211640.154774478,16692701.835489336,2555608.8853398194
giovanni fabbian__2003-01-14,,,,8210313.994757562,8248402.294847928,259720.85478595627
giovanni garofani__2002-10-20,,,,608409.8678360723,608409.8678360723,25063.797966066366
giovanni leoni__2006-12-21,,,,3912150.3344223737,3498475.699532318,1018737.9038530929
giovanni reyna__2002-11-13,,,,4112673.9283691244,4112673.9283691244,
giovanni simeone__1995-07-05,,,,9049405.927170128,9289333.245160323,695360.1501777793
giovanni van zwam__2004-01-02,Giovanni van Zwam,DEF,612499.9999999997,572804.4483845907,567536.5719980695,33550.04842424268
giovanni zaro__1994-05-12,,,,1332942.0232938742,1340933.328000404,49807.641259813914
giulian biancone__2000-03-31,,,,3719656.6785821794,3719656.6785821794,200524.83991321028
giuliano simeone__2002-12-18,,,,44928618.65562341,46363841.47366923,3349232.4775606506
giulio maggiore__1998-03-12,,,,2519340.1385347894,2571004.551005206,224625.5176271786
giuseppe ambrosino__2003-09-10,,,,2000321.8832390504,1960396.3209351173,86565.72739259573
giuseppe aurelio__2000-03-22,,,,1410410.566417473,1410410.566417473,75863.90201437683
giuseppe caso__1998-12-09,,,,1462432.950578408,1462432.950578408,
giuseppe ciocci__2002-01-24,,,,244826.6470410782,244826.6470410782,
giuseppe di serio__2001-07-20,Giuseppe Di Serio,FWD,1249999.999999999,1047240.5283016497,1030909.9247501662,78715.45815654159
giuseppe pezzella__1997-11-29,Giuseppe Pezzella,DEF,2100000.000000001,2192420.240542923,2192420.240542923,64488.2185878598
givairo read__2006-06-02,,,,10777428.551141521,10798289.603017125,1298542.6756145542
givaro rahajaan__2008-02-19,,,,539774.2111583701,539774.2111583701,
gjivai zechiel__2004-06-01,Gjivai Zechiël,MID,5450000.0,3060063.369615638,3018225.1101809144,161276.4284522645
glen kamara__1995-10-28,,,,2701150.0220638784,2728233.2351792715,144348.05628579945
glenn middleton__2000-01-01,Glenn Middleton,MID,575000.0000000001,502066.0255556172,504500.8170185048,4453.840022327148
godfried frimpong__1999-04-21,,,,1427670.1485451919,1447304.589224628,163065.99884791483
godson kyeremeh__2000-06-14,,,,1417963.544093932,1462575.3153101034,227206.12935141535
gokdeniz gurpuz__2006-02-25,,,,572424.7188915882,572424.7188915882,
gokhan akkan__1995-01-01,,,,659028.8435614306,659028.8435614306,44425.169719195794
gokhan degirmenci__1989-03-21,Gökhan Değirmenci,GK,90000.00000000001,125622.33112815651,125545.78366245636,3156.6710560245906
gokhan gul__1998-07-17,,,,1149617.8307918448,1143022.9014559658,44599.20290824514
gokhan sazdag__1994-09-20,,,,1737781.6916836163,1737781.6916836163,
goktan gurpuz__2003-01-22,,,,922614.8010819616,922614.8010819616,
goncalo esteves__2004-02-27,,,,855285.4229567796,855285.4229567796,145774.53194255824
goncalo nogueira__2003-12-28,,,,1376400.574840303,1400685.2727032378,102026.49865385631
gonzalo crettaz__2000-02-28,,,,2041830.2762603066,2041830.2762603066,296216.39477679576
gonzalo maroni__1999-03-18,,,,1588412.653932387,1588412.653932387,166013.47993402966
gonzalo montiel__1997-01-01,,,,8600198.586909238,8739602.835359463,329256.54767430126
gora diouf__2003-09-20,,,,2295804.7152096797,2295804.7152096797,246255.91284648352
gorkem saglam__1998-04-11,Görkem Sağlam,MID,1400000.0000000007,2039047.464005171,2039047.464005171,99388.01013169717
grady diangana__1998-04-19,,,,2037361.5911151515,2037361.5911151515,712855.1569387101
graham burke__1993-09-21,,,,790679.9244121506,796427.762635207,65011.886123170436
graham carey__1989-05-20,,,,236879.7260394813,236648.36539793087,33271.40256252474
granit xhaka__1992-09-27,,,,27023427.805195123,27023427.805195123,749390.9935266998
grant hanley__1991-11-20,,,,490459.5633921335,490459.5633921335,26713.979545908885
grantleon ranos__2003-07-20,,,,814058.7315484761,821001.2430916147,75310.40371711744
greg cunningham__1991-01-31,,,,140187.9825578876,140351.75304359698,14702.415143511398
greg docherty__1996-09-10,,,,844242.9519141252,859338.6927473161,34845.1774605805
greg kiltie__1997-01-18,,,,435822.3566668363,451443.87409984367,40026.6486080702
greg leigh__1994-09-30,Greg Leigh,DEF,600000.0000000003,949584.6631191996,949584.6631191996,
greg taylor__1997-11-05,,,,3172853.6298488746,3239386.7706493284,130031.69875065387
gregoire coudert__1999-04-03,,,,1417488.4336873125,1426377.427274149,22252.444583168188
gregor kobel__1997-12-06,,,,53203431.55805527,53203431.55805527,
grejohn kyei__1995-08-12,,,,1279992.0841644898,1312794.853620952,90524.20038122786
griffin yow__2002-09-25,,,,2251477.3806825783,2294367.8930842513,97225.68964567236
grigoris kastanos__1998-01-30,Grigoris Kastanos,MID,2150000.0,2496933.9501652597,2496933.9501652597,
grischa promel__1995-01-09,Grischa Prömel,MID,4999999.999999999,6088727.033035394,5903951.79750395,520422.1438141023
guela doue__2002-10-17,,,,14722907.931258835,14722907.931258835,
guglielmo vicario__1996-10-07,,,,25411367.505722333,24137599.35978926,3050804.398160674
guido carrillo__1991-05-25,,,,3307603.534817873,3184473.4537463486,536682.007743919
guido herrera__1992-02-29,,,,2989994.589058362,2989994.589058362,
guido rodriguez__1994-04-12,,,,5230716.7729674615,4978945.7509668525,441133.811527779
guillaume dietsch__2001-04-17,Guillaume Dietsch,GK,775000.0000000007,1079283.3597785921,1080821.845598348,27432.03319430724
guillaume francois__1990-06-03,,,,212269.06050283983,228062.76032302593,40260.255890088214
guillaume restes__2005-03-11,Guillaume Restes,GK,21750000.00000003,12471732.202012395,12471732.202012395,1336008.547565383
guillermo cotugno__1995-03-12,,,,908370.5509601972,984001.7629849989,147519.3035167059
guillermo maripan__1994-05-06,,,,5331841.134785966,5413325.736320845,305200.86433257046
guillermo soto__1994-01-19,,,,602231.1260487643,595526.3058524258,38314.80113184733
gustaf lagerbielke__2000-04-10,,,,2232272.642179098,2241050.2664733795,255540.88755288054
gustaf nilsson__1997-05-23,,,,3912948.812121319,3912948.812121319,
gustav christensen__2004-09-07,,,,682289.398273114,682289.398273114,
gustav grubbe__2003-01-27,Gustav Grubbe,MID,562500.0000000002,623231.9152683864,602154.76708783,61286.41506828966
gustav isaksen__2001-04-19,,,,11216174.68194972,11569476.25699855,1324789.2216283227
gustav marcussen__1998-06-12,,,,423312.1081499626,417029.89777929836,55337.290993613125
gustav mortensen__2004-03-19,,,,625698.5192215806,625698.5192215806,15121.189001464243
gustavo hamer__1997-06-24,Gustavo Hamer,MID,11250000.000000019,8755229.848469723,8984707.2721028,815882.9682858369
gustavo klismahn__1999-11-23,,,,913772.8899362984,962036.8192731428,134151.43923001224
gustavo puerta__2003-07-23,,,,2612803.268028455,2649471.9716418316,73508.87943954636
guus offerhaus__2001-01-03,,,,588699.4865981934,576275.5643262437,45390.026552243224
guus til__1997-12-22,,,,12171631.344117127,12171631.344117127,536228.9031090982
guven yalcn__1999-01-18,,,,1849975.8408470727,1849975.8408470727,
gvidas gineitis__2004-04-15,Gvidas Gineitis,MID,2349999.999999999,3168424.5565587883,3168424.5565587883,280681.93843640015
gyan de regt__2003-08-18,,,,1388693.7204302861,1393905.1063062458,68368.66182079338
gyrano kerk__1995-12-02,Gyrano Kerk,MID,2400000.000000001,1815916.2823287875,1770823.154558783,113395.1141239932
habeeb ogunneye__2005-11-12,,,,574657.9000623198,582403.1785772248,20961.003924603334
habib diarra__2004-01-03,,,,22289421.959664203,21370028.26598562,2095334.0953794227
habib keita__2002-02-05,,,,2188605.1306083295,2188605.1306083295,74243.7466564201
habib maiga__1996-01-01,,,,1506075.1153094927,1506075.1153094927,5908.4485309655065
haissem hassan__2002-02-08,,,,6486985.113305002,6486985.113305002,65871.49708275769
haitam aleesami__1991-07-31,,,,439247.37548650673,427948.83242705034,39328.615481995424
hakan calhanoglu__1994-02-08,,,,39624023.32533443,39624023.32533443,1165081.0612912735
hakeem odoffin__1998-04-13,Hakeem Odoffin,DEF,899999.9999999995,1263054.3464932814,1364127.0575610218,232685.6436034668
hakim sahabo__2005-06-16,Hakim Sahabo,MID,1299999.9999999993,1265027.3028178285,1265027.3028178285,
hakon arnar haraldsson__2003-04-10,,,,21733433.477736577,21733433.477736577,
hakon evjen__2000-02-14,,,,3225916.5068995734,3230672.153790732,432003.2477852479
hakon valdimarsson__2001-10-13,,,,2792898.511374686,2802825.360328757,46219.42208253456
hamari traore__1992-01-27,,,,3595930.021744546,3673244.3787460895,181194.15131300362
hamidou makalou__2006-07-15,,,,1035849.4009951606,1035849.4009951606,2388.286883052604
hamza choudhury__1997-10-01,,,,3186290.6358502074,3325402.871072703,435034.38095471426
hamza gureler__2006-04-10,Hamza Güreler,DEF,674999.9999999998,1278698.253036602,1237358.0476449984,148126.37589177844
hamza igamane__2002-11-02,Hamza Igamane,MID,8249999.9999999935,11805325.162115024,11805325.162115024,59012.94837746039
hannes delcroix__1999-02-28,Hannes Delcroix,DEF,2900000.0000000014,1900724.7308681575,1926502.328490513,203335.64588233616
hannes hermann__2005-03-23,,,,215134.1639769565,215134.1639769565,11131.095518011121
hannes van der bruggen__1993-04-01,,,,1351683.006718132,1368980.6323453141,42304.50033218165
hannes wolf__1999-04-16,,,,2205424.683851715,2205424.683851715,185625.3127935502
hannoah massengo__2001-07-07,,,,6490313.39549868,6490313.39549868,
hans christian bernat__2000-11-13,Hans Christian Bernat,GK,749999.9999999998,863143.2349665829,863143.2349665829,3817.686320368299
hans hateboer__1994-01-09,,,,2617878.7928261813,2613107.1419595107,153479.46713879963
hans nicolussi caviglia__2000-06-18,Hans Nicolussi Caviglia,MID,5250000.0,10373343.732887859,10722592.455520371,959537.8545536858
hans vanaken__1992-08-24,,,,12572513.258545151,12858180.830114517,617929.3158637176
hany mukhtar__1995-03-21,,,,11270754.561585007,11700339.011267915,962696.3546772832
haris belkebla__1994-01-28,,,,2170750.1088117342,2037549.6452221945,291297.7935644727
haris hajradinovic__1994-02-18,,,,5268561.361800293,5274662.88635916,170928.473210508
haris tabakovic__1994-06-20,,,,3867321.3394686375,3867321.3394686375,1097511.992088386
harold moukoudi__1997-11-27,,,,9975928.506984632,9975928.506984632,
harrison armstrong__2007-01-19,,,,9869326.576548362,9671431.114178713,895113.2427207719
harrison ashby__2001-11-14,,,,623230.7793813109,586136.6133135145,167564.52188924557
harrison jones__2004-12-25,,,,483904.10106082616,490226.82891746063,29134.238656837537
harrison reed__1995-01-27,,,,3077046.7188809738,3077046.7188809738,562692.5199060539
harrison sohna__2002-07-01,Harrison Sohna,MID,175000.00000000012,151845.99484383667,151141.0429011762,16026.04132347909
harry clarke__2001-03-02,,,,2114223.3706074026,2040781.576149933,135938.08260485603
harry cornick__1995-04-09,,,,1182642.2932938118,1182642.2932938118,
harry kane__1993-07-28,,,,79570480.79647912,78060378.5756953,11647033.667938886
harry maguire__1993-03-05,,,,10108404.146253008,10108404.146253008,103203.23385178362
harry mckirdy__1997-03-29,,,,354328.64853735303,354328.64853735303,17805.628485125315
harry milne__1996-10-29,Harry Milne,DEF,700000.0000000006,729947.2757618981,641202.145159143,163331.4434830384
harry smith__1995-05-18,,,,396980.5147514842,396724.8822188816,6107.075981556004
harry souttar__1998-10-22,,,,2931511.9105828367,3018804.881514132,415811.25979345245
harry toffolo__1995-08-19,,,,2085967.5499776334,2072694.7001061738,192861.4562364928
harry wilson__1997-03-22,,,,14161799.215390015,14879399.984821817,2122381.89743237
harry winks__1996-02-02,,,,5091661.94852152,5091661.94852152,
harvey barnes__1997-12-09,,,,23400832.13941118,23400832.13941118,944933.6305672019
harvey elliott__2003-04-04,,,,31399782.400776178,31399782.400776178,9625571.965962732
harvey griffiths__2003-09-22,,,,330598.4930823605,325762.32715308375,61840.580021448084
harvey rodgers__1996-10-20,,,,377887.67693170824,377887.67693170824,4347.750195894684
harvey vale__2003-09-11,,,,1301012.336303486,1316456.4312298947,189955.56726497566
hasan kurucay__1997-08-31,,,,1118979.0637380602,1165020.9194376378,89644.60541707426
hasip korkmazyurek__2003-05-01,Hasip Korkmazyürek,MID,187500.0,222654.39101633648,219411.03103745705,12172.931671314032
hassane kamara__1994-03-05,,,,2047038.201388697,2005988.9883383494,124314.71149719486
hatim essaoubi__2000-12-13,,,,736071.7337359426,701078.5768824354,88400.80372093548
havard nielsen__1993-07-15,Håvard Nielsen,MID,862499.9999999998,696148.8261598381,696148.8261598381,
hayden coulson__1998-06-17,,,,748372.7711504592,727254.0213591215,49016.960695809015
haydon roberts__2002-05-10,,,,2662113.3676109333,2622481.6209665686,337527.9941883022
heinz lindner__1990-07-17,,,,179200.46548895445,179200.46548895445,
hendrik van crombrugge__1993-04-30,,,,796019.6693694876,796019.6693694876,27347.22604909473
hendry blank__2004-08-21,,,,1367208.83951497,1399601.7166496366,73066.63160425339
henk veerman__1991-02-26,,,,552039.3022185453,542656.3619010249,78331.71164428264
hennes behrens__2005-01-19,Hennes Behrens,DEF,587500.0000000002,613965.2372164,609262.8428468443,32375.90748745326
henning matriciani__2000-03-14,,,,541308.7120149028,550150.5458991986,38666.36394102087
henok teklab__1998-11-16,,,,760716.0245722148,760716.0245722148,28692.091604371464
henri saivet__1990-10-26,,,,508185.4842857623,508185.4842857623,42318.14093150002
henrik heggheim__2001-04-22,,,,1701831.232236756,1701831.232236756,52218.6627165429
henrikh mkhitaryan__1989-01-21,,,,9615522.979644924,9615522.979644924,394793.60412242386
henry cartwright__2004-12-11,,,,364872.85348792793,357319.90825745784,18351.07349994577
henry onyekuru__1997-06-05,,,,2826493.735306617,2785971.646071879,194332.03038617203
herbie kane__1998-11-23,Herbie Kane,MID,1050000.0000000007,760956.436158998,763160.219003153,58462.76855909341
heriberto jurado__2005-01-03,Heriberto Jurado,MID,1550000.0000000012,1069220.4434267343,1117012.0520369424,103560.96780494766
hernan de la fuente__1997-01-07,,,,1491265.881643568,1500684.5625086806,45005.52361580267
herve koffi__1996-10-16,,,,3810710.938092238,3933284.2175049027,520764.4394964435
herve matthys__1996-01-19,,,,731443.508868905,731443.508868905,98195.43380921186
hervin ongenda__1995-06-24,,,,1063080.740149921,1040968.644094947,63793.01088732591
hiangaa mbock__1999-12-28,Hianga'a Mbock,MID,899999.9999999995,1156792.806226361,1153842.3352805297,21286.63673462174
hicham boudaoui__1999-09-23,,,,10789115.404707752,10789115.404707752,1900130.7136432596
hicham mahou__1999-07-02,,,,746584.931421899,746584.931421899,9401.56075648989
hidde jurjus__1994-02-09,,,,418662.5939656267,418368.25985358964,9502.856964115696
hidemasa morita__1995-05-10,,,,9113240.930729676,8850794.784208074,1087389.8100091228
hilmir rafn mikaelsson__2004-02-02,,,,591556.534069742,591556.534069742,12692.711920239557
himad abdelli__1999-11-17,,,,12798783.094936192,12806207.12489607,703705.1709320301
hiroki ito__1999-05-12,Hiroki Ito,DEF,21250000.000000034,20638994.463484593,21224142.97437482,1805383.1769088558
hiroki sakai__1990-04-12,Hiroki Sakai,DEF,950000.0000000008,425658.51481269795,424525.133161191,16049.738484197562
hirving lozano__1995-07-30,,,,11268405.981950825,10687903.826875303,1729071.5336828555
hjalmar ekdal__1998-10-21,,,,3574343.198162741,3574343.198162741,32986.64171314626
hjalte boe rasmussen__2007-10-15,,,,328468.0595068493,328925.6992930098,7927.008074721584
hobie verhulst__1993-04-02,,,,339076.4711857567,334115.1337338136,23121.574661187948
honest ahanor__2008-02-23,Honest Ahanor,DEF,11299999.99999999,4310410.016731684,4295740.370876971,241288.0657094306
horatiu moldovan__1998-01-20,,,,2012536.519931661,2012536.519931661,188561.6520805736
hosine bility__2001-05-10,Hosine Bility,DEF,262500.00000000023,332530.36966053245,333160.0345476221,17305.902657405357
houboulang mendes__1998-05-04,,,,1214760.0835211428,1197109.020199079,68388.9511715913
houssem aouar__1998-06-30,Houssem Aouar,MID,11000000.000000013,13634675.24428399,13610075.694725778,441777.2508004839
hristiyan petrov__2002-06-24,,,,1135786.7042159187,1135786.7042159187,94294.38037979245
hrvoje smolcic__2000-08-17,,,,2828945.7671532556,2831288.233899689,49059.51975777506
hugo andersson__1999-01-01,,,,401449.00364905386,401449.00364905386,
hugo bolin__2003-07-24,Hugo Bolin,MID,1499999.9999999986,1556899.7713336162,1551817.5281394063,46908.5308921763
hugo cuypers__1997-02-07,Hugo Cuypers,FWD,10499999.999999994,9796491.906622432,9762727.677578624,1591163.9134616496
hugo ekitike__2002-06-20,,,,87793770.13862327,86080154.60638529,8055912.489380111
hugo gambor__2002-12-30,Hugo Gambor,DEF,1150000.0000000005,1360840.0583575002,1369548.148870457,152226.11866287017
hugo lambotte__2006-06-20,,,,235377.4403945824,236757.95096859382,8127.0555876709395
hugo larsson__2004-06-27,Hugo Larsson,MID,35750000.00000005,27954120.48473651,27636056.302518465,3932273.054343403
hugo lloris__1986-12-26,,,,689665.1095671644,735049.5596572018,99280.90553052822
hugo magnetti__1998-05-30,,,,7347489.244856226,7347489.244856226,
hugo siquet__2002-07-09,,,,3337446.628228043,3337446.628228043,123583.6282771741
huseyin turkmen__1998-01-01,,,,837076.9289518057,837076.9289518057,
hussein ali__2002-03-01,,,,581204.3838450268,580409.3009457204,11986.09781326809
ian harkes__1995-03-30,,,,626016.454344491,626016.454344491,4314.484156683324
ian lawlor__1994-10-27,,,,163420.2946929509,170378.8453037489,13578.760809312094
ian maatsen__2002-03-10,,,,32393125.285298564,32393125.285298564,5287353.970449362
ian poveda__2000-02-09,,,,1817437.832318805,1838297.8502350606,37508.12483610024
ian struyf__2007-08-22,,,,1087577.5523367012,1098730.639143017,65930.84912468774
ianis hagi__1998-10-22,,,,3264820.4340878027,3264820.4340878027,
ianis stoica__2002-12-08,,,,2537594.641465502,2539889.4709006846,610305.5597627934
ibe hautekiet__2002-04-13,,,,2383309.772546466,2416169.04560563,164540.02997392052
ibou sane__2005-03-28,,,,1247043.4616917744,1247043.4616917744,
ibrahim cisse__1996-05-02,,,,1236972.3772124022,1238991.6664914035,40563.852608179375
ibrahim cissoko__2003-03-26,,,,1781153.803711902,1781153.803711902,95589.93411259676
ibrahim diabate__1999-11-17,,,,2477950.4816458067,2471987.985490641,208832.5605217516
ibrahim diakite__2003-10-31,,,,1964341.466099824,1964341.466099824,10916.939908153938
ibrahim kaya__2001-03-09,,,,1083394.7212577772,1083394.7212577772,70718.98293394106
ibrahim maza__2005-11-24,,,,9210620.930580191,9210620.930580191,1180340.3677538545
ibrahim mbaye__2008-01-24,,,,11620006.585378598,10732400.477319553,1571542.0320323075
ibrahim olawoyin__1997-12-01,Ibrahim Olawoyin,MID,1699999.9999999988,2006238.5242003049,2006238.5242003049,214399.34115379382
ibrahim osman__2004-11-29,,,,4453334.71062169,4453334.71062169,
ibrahim sabra__2006-02-01,,,,952484.8994645276,952484.8994645276,
ibrahim sadiq__2000-05-07,,,,3124542.0324605294,3050033.8166606957,421961.3747245711
ibrahim said__2002-06-15,,,,1293510.3981042071,1283724.2084049354,140572.4854788785
ibrahim salah__2001-08-30,,,,2250935.979589331,2233942.497029176,349646.26814785466
ibrahim sangare__1997-12-02,,,,18278141.90407357,18316165.563269373,1127675.084424892
ibrahim sulemana__2003-05-22,,,,5494229.953715332,5502458.964549629,213081.75128620135
ibrahima balde__2003-01-17,,,,998223.2005180096,990925.3581263316,77775.32241880441
ibrahima breze fofana__2002-08-15,,,,990659.2644687172,990659.2644687172,97123.73717685003
ibrahima konate__1999-05-25,,,,50946743.8848637,52743492.133306414,5046067.072455102
ibrahima sissoko__1997-10-27,,,,6069149.380249165,6102949.442915375,335760.18932563724
ibrahima sory bangoura__2004-01-05,,,,3537974.3832256566,3520981.3103361567,267119.8093337534
iddrisu baba__1996-01-22,,,,2099037.627486772,2099037.627486772,
idrissa gueye__1989-09-26,Idrissa Gueye,MID,2950000.000000002,3077312.553507228,3156530.131164091,389034.0049997529
idrissa gueye__2006-09-16,Idrissa Gueye,FWD,2250000.000000001,4173299.294526928,4499484.172565749,974799.207706761
idrissa toure__1998-04-29,,,,1661093.2185803,1662899.3039757265,256305.29412216946
ignace van der brempt__2002-04-01,,,,3930653.3319824548,3930653.3319824548,197384.769327559
ignacio de arruabarrena__1997-01-16,,,,1883247.241564677,1894213.6816413817,60334.7690621184
ignacio miramon__2003-06-12,,,,1772524.0395265468,1772524.0395265468,177131.69111313115
ignacio pussetto__1995-12-21,Ignacio Pussetto,FWD,2050000.000000001,1571059.4632175714,1557257.3968867362,44551.9500138846
ignatius ganago__1999-02-16,,,,2795884.010727076,2795884.010727076,84300.00824898614
igor vekic__1998-05-06,,,,710994.4989525668,709227.1054530735,20119.1899536041
ihlas bebou__1994-04-23,,,,3845768.1335832328,3845768.1335832328,72315.92600077543
ike ugbo__1998-09-21,,,,2137600.193603187,2102132.42555659,219145.07984771745
ilaix moriba__2003-01-19,,,,21454653.081165005,21454653.081165005,2499757.000410661
ilan kebbal__1998-07-10,,,,8817224.17361728,8817224.17361728,
ilario monterisi__2001-12-19,,,,1639691.5702588598,1609440.8648589808,74610.95779064739
ilay camara__2003-01-18,Ilay Camara,DEF,3499999.9999999995,2668842.023190072,2756848.299687645,269984.02345789963
ilia gruev__2000-05-06,,,,6262546.55266085,6262546.55266085,
ilias akhomach__2004-04-16,Ilias Akhomach,MID,10750000.000000006,8118713.097563758,8107044.869500259,723837.9333255567
ilias bronkhorst__1997-05-10,,,,744694.5580809356,749954.2982109459,43176.21146664119
ilias kostis__2003-02-27,Ilias Kostis,DEF,1400000.0000000007,1972105.0866428758,2016170.5525096697,169310.11504399814
ilias sebaoui__2001-10-04,Ilias Sebaoui,MID,1899999.9999999993,1578295.8707337603,1578157.8994112618,42328.2672682869
iliman ndiaye__2000-03-06,,,,39730777.90395391,39730777.90395391,
ilkay gundogan__1990-10-24,,,,9052594.005403513,9052594.005403513,
illan meslier__2000-03-02,,,,2846615.9995148517,2846615.9995148517,157684.08058067344
ilmari niskanen__1997-10-27,,,,463886.6944432485,478039.7084025542,28853.094791252555
ilyas chaira__2001-02-02,,,,3020513.9021866214,2949348.7360896985,317558.0030348086
imari samuels__2003-02-05,,,,282443.0955366643,282443.0955366643,
immanuel pherai__2001-04-25,,,,1755769.0706556581,1755769.0706556581,61075.25337801221
imran louza__1999-05-01,,,,5558920.9362582965,5509338.799646086,340440.92997192027
indiana vassilev__2001-02-16,,,,1486401.9756552873,1498284.9889123528,67907.60306351188
indrit tuci__2000-09-14,,,,1241118.683041336,1241118.683041336,22480.212683170914
inigo ruiz de galarreta__1993-08-06,,,,8778450.53385441,8778450.53385441,
innes cameron__2000-08-22,Innes Cameron,FWD,275000.0000000002,267312.1854738163,271676.27938411915,18943.152497868206
ionut pop__1997-08-01,,,,139483.2986352317,144784.63321031138,9828.886282121612
irakli yegoian__2004-03-19,,,,1040180.9032343333,1029648.4676453662,23817.492303058985
irfan can kahveci__1995-07-15,,,,6419945.616199272,6419945.616199272,2161509.523984466
irvin cardona__1997-08-08,,,,2229058.060853134,2229058.060853134,
isaac babadi__2005-04-06,,,,3438287.44429495,3438287.44429495,424766.9342089125
isaac hayden__1995-03-22,,,,1561492.2064111298,1567094.4730811217,79085.31695336409
isaac mbenza__1996-03-08,Isaac Mbenza,MID,1099999.9999999998,1220983.858143026,1304448.836477065,203729.05820267875
isaac olaofe__1999-11-21,,,,766976.8344457861,784644.4095643024,43048.26766652762
isaac pappoe__2003-12-20,,,,556411.440234472,547838.9446713146,22197.788589872627
isaac price__2003-09-26,,,,4619112.109664281,4619112.109664281,
isaac schmidt__1999-12-07,,,,2793000.121540559,2758587.7500049076,61389.53852563241
isaak davies__2001-09-25,Isaak Davies,MID,1800000.000000001,1331272.3143382217,1356387.9672075356,116857.1157670805
isaak toure__2003-03-28,,,,4081468.218387176,4070999.2221749607,442629.8584929766
isaiah ahmed__2005-12-28,Isaiah Ahmed,MID,312500.00000000023,275715.4030791015,269392.5153155988,20465.206033515813
isaiah jones__1999-06-26,,,,1471300.8947976443,1471300.8947976443,
isaias delpupo__2003-03-31,,,,705905.0766971499,744658.1252374096,70562.64585896622
isak andri sigurgeirsson__2003-09-11,,,,1111474.3850310277,1111474.3850310277,102660.78687387976
isak dybvik maatta__2001-09-19,,,,1037940.1526501474,1047717.8164977619,100554.29032002756
isak hansenaaren__2004-08-22,,,,697405.5758108291,702882.6610596471,19718.200805357086
isak hien__1999-01-13,,,,16380735.419990797,16378451.22427144,759403.4763271345
isak jensen__2003-12-23,,,,2966558.7265526373,2966558.7265526373,163699.11156863347
isak vural__2006-05-28,,,,908275.4682767391,882055.2168182377,96218.86610187
ishaq abdulrazak__2002-05-05,,,,832964.5268480326,832964.5268480326,
ishe samuelssmith__2006-06-05,,,,1833478.309646077,1833478.309646077,43063.230919009526
islam chesnokov__1999-11-21,,,,977211.2694280291,967715.5426334806,86000.1006754224
islam slimani__1988-06-18,,,,199698.5871378179,199698.5871378179,
ismael bekhoucha__2004-11-20,,,,919296.650615431,952664.6167335847,69421.56695909286
ismael bennacer__1997-12-01,Ismaël Bennacer,MID,24999999.999999963,17838443.629839167,17933239.426120624,1663280.9839954881
ismael boura__2000-08-14,Ismaël Boura,DEF,1350000.0,1310283.052045749,1319273.2850801595,86867.96977879552
ismael doukoure__2003-07-24,,,,11525182.150425836,11525182.150425836,1108870.7325554255
ismael gharbi__2004-04-10,,,,4236028.1478291275,4236028.1478291275,214890.40546855022
ismael guerti__2004-07-30,,,,239341.49520944053,233127.7695981098,16772.177248162825
ismael kone__2002-06-16,,,,7333086.174392972,7333086.174392972,
ismaelo ganiou__2005-03-14,,,,2675757.893697681,2676123.4060547194,173599.16568182988
ismahila ouedraogo__1999-11-05,,,,749911.5748915636,747763.541491059,91745.37022612049
ismail jakobs__1999-08-17,,,,8705863.83160337,8837112.408735333,470837.9101799185
ismail koybas__1989-07-10,,,,308996.1855130005,308996.1855130005,11040.769407262422
ismail yuksek__1999-01-26,,,,10038579.928939328,10104402.648177315,258012.6479961813
ismaila sarr__1998-02-25,,,,23922802.835538615,23929671.032372482,1052466.6878770713
ismaila soro__1998-05-07,,,,1607087.945799533,1634386.8612637394,122885.14154202896
isnik alimi__1994-02-02,,,,906576.672109016,895391.5267309662,55096.31204014656
issa diop__1997-01-09,,,,9171576.098394707,9171576.098394707,65849.81492945593
issa kabore__2001-05-12,,,,8176593.892109795,8176593.892109795,1879286.4196235547
issa kallon__1996-01-03,,,,865367.4069063974,879278.4768616618,121010.64694974243
issa soumare__2000-10-10,,,,4268098.72975224,4131290.9477157285,400349.1183901225
issam el maach__2000-02-01,,,,489706.6785220897,489706.6785220897,
issiaga camara__2005-02-02,,,,1604271.748190845,1604271.748190845,4878.4149780137805
iurie iovu__2002-07-06,,,,278527.9066459943,278527.9066459943,3448.280508766532
ivan angulo__1999-03-22,,,,1404677.5045656867,1357964.3181771422,155729.93395865834
ivan balliu__1992-01-01,,,,2210416.4344332404,2210416.4344332404,50890.78378200624
ivan brnic__2001-08-23,,,,1517743.80810476,1517743.80810476,
ivan dolcek__2000-04-24,,,,654222.3673375639,654222.3673375639,
ivan ilic__2001-03-17,,,,11911192.7345773,11911192.7345773,
ivan mbahia__2005-04-19,,,,396878.32925105485,394566.43986529927,15729.592372108613
ivan mesik__2001-06-01,Ivan Mesík,DEF,1099999.9999999998,971089.9149378599,971089.9149378599,
ivan nasberg__1996-04-22,Ivan Näsberg,DEF,725000.0000000006,812610.0930100363,812610.0930100363,61680.96585691179
ivan pavlic__2001-11-10,,,,901228.2480553826,885056.3351224803,95294.37877195384
ivan perisic__1989-02-02,,,,4979788.6339227315,5223176.5008623805,528409.8160856727
ivan pillud__1986-04-24,,,,179085.58234115862,177667.75376655054,7519.338853337157
ivan provedel__1994-03-17,,,,10830689.885441229,10830689.885441229,
ivan saio__2002-03-16,Ivan Saio,GK,425000.0000000001,404444.0861554098,405515.11148720415,7366.141987423758
ivan smolcic__2000-08-17,,,,3623913.036862176,3678612.2139763054,392797.09125173575
ivan toney__1996-03-16,,,,20690918.374457,21114165.372715227,2680663.531871145
ivan zlobin__1997-03-07,,,,1259034.8381712572,1214142.787889072,203395.60893436204
ivar jenner__2004-01-10,,,,518610.6123657746,521682.21430319373,45782.127701731944
iver fossum__1996-07-15,,,,1183144.8476830444,1183144.8476830444,
ivica ivusic__1995-02-01,,,,1030093.4189641135,1097187.9897526363,161671.67013946912
ivo grbic__1996-01-18,,,,1340310.167444414,1340310.167444414,46136.25994976309
ivor pandur__2000-03-25,Ivor Pandur,GK,2100000.000000001,1942174.109943498,1911501.2476126868,145300.98593323363
iyad mohamed__2001-03-05,,,,1107765.1431301981,1127145.4146370545,67619.26082189418
izzet celik__2004-06-20,,,,459729.61390832695,459729.61390832695,40390.87992432002
jacen russellrowe__2002-09-13,,,,950432.6339234994,950432.6339234994,22715.150700223472
jack aitchison__2000-03-05,,,,547091.635994182,547091.635994182,52787.88355409327
jack baldwin__1993-06-30,,,,245146.66737502796,237179.31053454883,26176.267248937467
jack burroughs__2001-03-21,,,,570796.260846795,587062.8523574852,58432.15264544185
jack byrne__1996-04-24,Jack Byrne,MID,662499.9999999998,619315.263613361,619315.263613361,27727.0154867576
jack clarke__2000-11-23,,,,5248815.117077974,5248815.117077974,
jack duncan__1993-04-19,,,,217566.89649017167,220466.19176087316,8222.562315303114
jack grimmer__1994-01-25,Jack Grimmer,DEF,525000.0000000003,638879.2199688178,638879.2199688178,88307.45013523755
jack hamilton__1994-03-22,,,,163415.68516266704,163415.68516266704,6249.892109684065
jack harrison__1996-11-20,,,,6168146.907343446,6168146.907343446,834964.0962283153
jack hinchy__2003-01-30,,,,267013.4971715682,267013.4971715682,8673.491333991687
jack hinshelwood__2005-04-11,,,,15594502.356192758,16118802.427984241,2778283.514537598
jack iredale__1996-05-02,,,,505175.2885528629,479879.12530959665,46871.423785857995
jack mcmillan__1997-12-18,,,,385475.0368824913,394418.4993506832,21906.98668522206
jack milne__2003-02-10,,,,406120.23631270434,415534.7748678754,66037.46267835126
jack payne__1994-10-25,,,,505745.99517810636,505745.99517810636,
jack robinson__1993-09-01,,,,1798916.2947836563,1744818.8887313274,176137.09328227423
jack simpson__1996-12-18,,,,534729.7369790282,534729.7369790282,
jack stacey__1996-04-06,,,,2726054.400376246,2532436.9629654605,583188.9458525621
jack stephens__1994-01-27,,,,2910960.420883934,2910960.420883934,168724.58987969413
jack thomson__2000-01-20,,,,354633.94188635226,352904.01708253234,11120.734458638888
jack vale__2001-03-03,Jack Vale,MID,649999.9999999995,657590.466448466,639707.1635402652,36960.14717527671
jack walton__1998-04-23,,,,741072.1389784022,741072.1389784022,
jackson muleka__1999-10-04,,,,1892057.4207914204,2062460.6926445588,408515.5901715923
jackson smith__2001-10-14,,,,370073.27476256667,362224.52065902646,33568.87224078612
jacob ambk__2008-03-28,,,,534983.026681923,544620.2730795279,37932.728034660155
jacob andersen__2004-01-26,,,,1119354.0334043424,1119354.0334043424,13994.925926824077
jacob barrett laursen__1994-11-17,Jacob Barrett Laursen,DEF,562500.0000000002,392533.8704783943,407342.04786661966,45487.953499276664
jacob brown__1998-04-10,,,,1003702.0219388378,1003702.0219388378,29820.029997103375
jacob bruun larsen__1998-09-19,Jacob Bruun Larsen,MID,6300000.000000002,7866726.632032764,7746423.259889453,582912.7048397287
jacob christensen__2001-06-25,,,,1452191.864527452,1456932.3809973847,38181.506480597665
jacob murphy__1995-02-24,,,,16634302.73798834,15889312.010521993,2069845.0125702927
jacob ondrejka__2002-09-02,,,,6945102.289851345,6896897.792771277,158050.31879231313
jacob trenskow__2000-11-26,,,,2068180.454500634,2105383.284648764,140743.33015770765
jacob wright__2005-09-21,,,,1784838.9092520948,1784838.9092520948,
jacopo fazzini__2003-03-16,,,,5258771.045097768,5258771.045097768,
jacopo petriccione__1995-02-22,,,,1035019.4323945241,1035019.4323945241,18087.11642534787
jacopo segre__1997-02-17,,,,1973083.284319027,1944412.9213155976,114376.86432948687
jacques ekomie__2003-08-19,,,,3153316.391166978,3023321.93164407,332093.10212486977
jaden philogene__2002-02-08,,,,8942371.148114543,8942371.148114543,1076343.0148489422
jaden slory__2005-05-09,Jaden Slory,MID,1550000.0000000012,1632616.4586599367,1631719.6139187617,145648.80297423445
jadon sancho__2000-03-25,Jadon Sancho,MID,20999999.99999998,27134740.727357972,24413869.749009125,4845060.8121344345
jahmai simpsonpusey__2005-11-04,Jahmai Simpson-Pusey,DEF,3200000.0000000023,2195041.7070608484,2195041.7070608484,208434.01029963235
jahnoah markelo__2003-01-04,,,,945880.8887493736,945880.8887493736,141473.01252147218
jaidon anthony__1999-12-01,Jaidon Anthony,MID,10750000.000000006,8835345.605415413,8835345.605415413,780341.5712293494
jairo riedewald__1996-09-09,,,,3113428.390045077,3182025.934734725,338313.7459218017
jak alnwick__1993-06-17,,,,524704.9458018423,530462.7244161363,20345.93632747457
jaka bijol__1999-02-05,,,,16085748.376946995,15812722.428192783,1595124.1713746758
jake caprice__1992-11-11,,,,264464.8373019585,270383.81793511496,19411.734866275514
jake clarkesalter__1997-09-22,,,,2737149.3244533297,2760112.2163772224,74954.21743085753
jake eastwood__1996-10-03,,,,178276.00266866,178276.00266866,21593.346996093693
jake mulraney__1996-04-05,Jake Mulraney,MID,449999.99999999994,284703.33551729994,284703.33551729994,
jake obrien__2001-05-15,,,,12676513.779314587,12676513.779314587,
jake young__2001-07-22,,,,548053.9692025281,551930.3645526549,29330.540745176106
jakob bonde__1993-12-29,,,,614686.8605481071,609689.1464601569,35375.42002824147
jakob breum__2003-11-17,Jakob Breum,MID,6999999.999999995,5708251.326983037,5562586.25084389,779000.4606043408
jakob busk__1993-09-12,,,,340186.43198174506,340186.43198174506,29008.023426494416
jakob haugaard__1992-05-01,Jakob Haugaard,GK,412500.0000000001,415786.4228624029,423449.1884782771,26649.79135652037
jakob jessen__2004-03-05,,,,362210.35249414976,356790.9314548725,11198.353366732501
jakob kiilerich__2000-05-10,Jakob Kiilerich,DEF,1200000.0000000005,1484120.670526256,1470137.406413516,46616.74359663777
jakub brabec__1992-08-06,Jakub Brabec,DEF,1750000.0,1377766.1531590333,1378439.9550588815,89078.53267661369
jakub hromada__1996-05-25,Jakub Hromada,MID,999999.9999999997,654807.869952509,654807.869952509,47790.291977264606
jakub kaminski__2002-06-05,,,,9731932.474381866,9731932.474381866,
jakub kiwior__2000-02-15,,,,26958219.11467728,26958219.11467728,1983493.5390946434
jakub moder__1999-04-07,,,,5795935.274012395,6027196.74139791,408315.401648344
jakub piotrowski__1997-10-04,,,,2103278.9166171593,2087427.5446552222,69367.42111197446
jakub stolarczyk__2000-12-19,Jakub Stolarczyk,GK,1499999.9999999986,2433385.6938054212,2433385.6938054212,280569.9285958938
jalen blesa__2001-02-05,,,,452208.0583335323,452208.0583335323,
jalmaro calvin__2003-06-30,,,,194949.62992990707,196476.9641817373,15752.948367922578
jamaal lascelles__1993-11-11,,,,2118832.0102203568,2043017.6477798342,134051.15543176694
jamal lewis__1998-01-25,,,,1407270.7048323983,1407270.7048323983,
jamal musiala__2003-02-26,,,,101083603.60325581,101083603.60325581,5537859.643657029
jamal thiare__1993-03-31,,,,959943.3460364575,964077.1638054798,45522.96399680497
james abankwah__2004-01-16,James Abankwah,DEF,1050000.0000000007,1251120.1214107075,1268550.1564932852,115280.41788748186
james bolton__1994-08-13,,,,373103.608130955,373103.608130955,36905.710632193106
james bree__1997-12-11,James Bree,DEF,1750000.0,2229562.1337144854,2158810.395322818,195617.8346139221
james collins__1990-12-01,,,,486031.01869319036,447223.13849239633,89770.05570430052
james forrest__1991-07-07,,,,1005556.7495169505,997096.8716374612,57262.27654376957
james furlong__2002-06-07,,,,509663.9566561698,509663.9566561698,
james garner__2001-03-13,,,,32763386.470891036,32591381.9805562,2349813.652390715
james gomez__2001-11-14,,,,830731.8524429803,830731.8524429803,81980.91109231855
james hill__2002-01-10,,,,6418766.364918938,6418766.364918938,
james husband__1994-01-03,,,,465484.478352836,458206.28205527196,44122.59333681506
james justin__1998-02-23,,,,6354899.307591579,6354899.307591579,1093961.7057597325
james maddison__1996-11-23,James Maddison,MID,36000000.000000045,43372050.24419027,43379518.34091723,2025402.4086564046
james mcatee__2002-10-18,,,,11850739.585935256,11781136.479735415,1613959.325134717
james mcclean__1989-04-22,,,,287886.28341720265,297876.58929780306,24522.636474457722
james mcconnell__2004-09-13,,,,3083109.840413205,3083109.840413205,
james mcgarry__1998-04-09,,,,546762.8865913905,546762.8865913905,4947.6743234308815
james milner__1986-01-04,,,,379574.1150371766,416061.2657501817,83649.34305145266
james morris__2001-11-23,,,,969817.391386249,974630.1564333766,21002.850958687377
james olayinka__2000-10-05,,,,269843.85588274855,275357.2771358076,22968.939163250394
james penrice__1998-12-22,,,,1700125.3717462209,1700125.3717462209,
james sands__2000-07-06,,,,2343545.602613736,2343545.602613736,
james shea__1991-06-16,,,,252347.39611638823,252295.74126953265,10565.155415275363
james tarkowski__1992-11-19,James Tarkowski,DEF,10250000.000000004,9817920.868031131,9817920.868031131,
james tavernier__1991-10-31,,,,2801361.30913828,2686073.6575844875,338641.72660070966
james tilley__1998-06-13,James Tilley,DEF,499999.99999999977,540378.8476234557,533169.5053396684,23295.77909243485
james trafford__2002-10-10,,,,20007181.64621581,20007181.64621581,1655923.9872117597
james wardprowse__1994-11-01,,,,5042463.7257527895,4921973.667710119,402722.9321303844
james wilson__2007-03-06,,,,1064134.448899651,1064134.448899651,
jamie brandon__1998-02-05,Jamie Brandon,DEF,337500.00000000006,312219.81588055595,353687.6396658447,87816.54303644234
jamie cumming__1999-09-04,,,,1114423.844852875,1114423.844852875,74237.18425102827
jamie donley__2005-01-03,,,,1397565.202066533,1397565.202066533,
jamie gittens__2004-08-08,Jamie Gittens,MID,33999999.99999994,31588075.85122626,32161712.13469471,1223715.7604444956
jamie lawrence__2002-11-10,Jamie Lawrence,DEF,1499999.9999999986,1892642.9579927202,1891756.5304421315,105594.77584850512
jamie leweling__2001-02-26,,,,12722682.67272716,12722682.67272716,
jamie maclaren__1993-07-29,,,,850233.2869159684,850233.2869159684,8359.093588187985
jamie mccart__1997-06-20,Jamie McCart,DEF,600000.0000000003,726721.1583213537,761450.6873721348,128612.78529397037
jamie mcdonnell__2004-02-16,,,,1274402.8965479825,1274402.8965479825,83017.82413477798
jamie mcgrath__1996-09-30,,,,1572041.728341914,1788639.191558941,513559.5598262577
jamie sneddon__1997-09-06,,,,130329.18610997601,132714.59159242443,6056.5529051735175
jamie sterry__1995-11-21,Jamie Sterry,DEF,324999.9999999999,430197.2240385658,429853.8168826309,16169.289945689581
jamie walker__1993-06-25,,,,381359.34839056316,377634.77770601044,64238.712120452445
jamil siebert__2002-04-02,Jamil Siebert,DEF,3149999.9999999995,3267235.329548694,3249735.7269036663,254096.88706041628
jamilu collins__1994-08-05,,,,909879.756346769,909879.756346769,
jan bednarek__1996-04-12,Jan Bednarek,DEF,15000000.00000001,10873933.148299996,10339670.063429693,1117727.3871400438
jan boller__2000-03-14,Jan Boller,DEF,562500.0000000002,475279.2321964112,474917.86252632324,6490.803944215338
jan faberski__2006-04-22,,,,1115346.3924299926,1115346.3924299926,198491.89123413066
jan hurtado__2000-03-05,,,,1703464.8963663047,1703464.8963663047,79378.83209219562
jan kliment__1993-09-01,,,,1061368.622613335,1077196.6297898083,113302.72521307677
jan kuchta__1997-01-08,,,,2139851.9815197326,2457107.13875897,669928.5620307875
jan mlakar__1998-10-23,,,,1030531.6651777866,1013287.8641246055,71608.7386323557
jan oblak__1993-01-07,Jan Oblak,GK,30999999.999999978,26557000.852121472,26398056.69982595,1808536.3355208838
jan olschowsky__2001-11-18,,,,757160.2197366161,761924.1871865285,98985.13247090628
jan paul van hecke__2000-06-08,,,,27857295.99725326,28520887.747888424,1203092.0108318864
jan schoppner__1999-06-12,,,,3232576.4749863604,3072123.1174899614,462583.2921091545
jan thielmann__2002-05-26,,,,3036098.0837897244,3036098.0837897244,115209.08007177914
jan urbich__2004-06-23,,,,699385.2247730498,700957.8000544528,32487.195826999014
jan zamburek__2001-02-13,,,,876130.7307960255,852332.3168961058,68368.61112129936
jancarlo simic__2005-05-02,Jan-Carlo Simić,DEF,4300000.000000002,3770636.3123911233,3911130.584632755,553294.3292533453
janik haberer__1994-04-02,,,,3174139.537645627,3180034.147613559,213374.91911947916
janis blaswich__1991-05-02,Janis Blaswich,GK,1262500.0,769744.9411422709,789479.0882051887,35317.210802943504
jankat ylmaz__2004-08-16,,,,918376.0550719914,918376.0550719914,107916.10671537998
jannes wieckhoff__2000-08-02,,,,688055.009443277,688055.009443277,97489.07229008133
janni serra__1998-03-13,,,,562020.03375199,548728.0098691882,28779.38325767503
jannich storch__1993-05-12,,,,421862.4168639218,421862.4168639218,
jannik vestergaard__1992-08-03,,,,3442271.3128111195,3246744.3447324354,549356.6664733568
jannik wanner__1999-12-20,,,,473475.9587898479,473475.9587898479,57734.077354327936
janoi donacien__1993-11-03,,,,399615.0248665611,399615.0248665611,14982.218004510562
jaouen hadjam__2003-03-26,,,,2086644.6777345818,2086644.6777345818,
japhet sery larsen__2000-04-10,Japhet Sery Larsen,DEF,1699999.9999999988,1401805.1147245185,1369705.6546916123,74843.05108665401
jari de busser__1999-10-21,,,,2320019.319143221,2320019.319143221,84948.581718883
jari vandeputte__1996-02-14,,,,3101136.4025472444,3101136.4025472444,127711.6210292388
jarne steuckers__2002-02-04,,,,13145336.408309005,13317124.96803169,410690.7992014901
jarrad branthwaite__2002-06-27,,,,31642579.836534005,31642579.836534005,
jarrod bowen__1996-12-20,,,,37435413.92351071,38554300.95939464,2552431.0633269106
jason cummings__1995-08-01,,,,1169136.0847477182,1106424.0604502792,129463.22106999226
jason davidson__1991-06-29,,,,331980.83682255074,331980.83682255074,17853.93287016074
jason kerr__1997-02-06,,,,769751.7100712706,758233.260794769,66694.04732674678
jason lokilo__1998-09-17,,,,783488.622898055,783488.622898055,10173.935219389878
jason steele__1990-08-18,,,,477660.9611216276,477660.9611216276,
jasper cillessen__1989-04-22,,,,817673.914504356,825076.7570097074,47684.06073260407
jasper dahlhaus__2001-11-27,,,,1122619.7453185138,1122619.7453185138,43453.82509688103
jasper samooja__2003-07-21,Jasper Samooja,GK,362499.9999999997,424635.8709494818,431752.79756735574,29697.642398955908
jasper schendelaar__2000-09-02,Jasper Schendelaar,GK,2499999.9999999995,2500599.231372568,2449079.6817768216,239516.9635166729
jaures assoumou__2002-10-17,,,,936915.5230625457,954667.0663790773,60063.64962942269
jawad el yamiq__1992-02-29,,,,1365554.0527738393,1369196.1927834954,162789.7772404463
jay idzes__2000-06-02,,,,2533888.4043637756,2533888.4043637756,464870.2382485149
jay rodriguez__1989-07-29,,,,376969.2065687002,376969.2065687002,20105.387670273114
jay stansfield__2002-11-24,,,,4217992.968329627,3871082.5746947485,799974.3722017774
jaydee canvot__2006-07-29,Jaydee Canvot,DEF,11749999.999999994,5808120.189866342,5858776.501832937,523540.5982560769
jayden addai__2005-08-26,Jayden Addai,MID,6549999.999999996,5737851.755746557,6294389.924620473,1037058.1163535995
jayden bogle__2000-07-27,,,,12665640.417903401,12665640.417903401,762403.0138013319
jayden candelaria__2004-03-02,,,,295772.3946142541,295772.3946142541,
jayden oosterwolde__2001-04-26,,,,9599590.166619416,9599590.166619416,1048712.9522038237
jayden richardson__2000-09-04,,,,423882.24464958033,407029.4124293524,91765.21894760933
jayden stockley__1993-09-15,,,,404306.41424593324,407278.5317977268,25901.33805750457
jaydon banel__2004-10-19,,,,1213657.7975559246,1213657.7975559246,5259.4014609036
jaygo van ommeren__2008-05-08,,,,799027.7530962437,786841.3470450802,41325.13334327438
jayroy grot__1998-03-13,,,,1193337.14041783,1193337.14041783,
jayson molumby__1999-08-06,,,,1734534.813000869,1730019.1346554887,31614.649899552547
jean butez__1995-06-08,,,,5262364.679095775,5133266.219814222,473109.0349033544
jean onana__2000-01-08,,,,3072605.9838736122,3055137.494562681,221608.6117418169
jeankevin duverne__1997-07-12,,,,2284590.4933106694,2252603.616448459,556567.1693679474
jeanluc dompe__1995-08-12,Jean-Luc Dompé,MID,3750000.0000000023,3980133.900449291,3995264.0206503845,363192.0402916577
jeanmatteo bahoya__2005-05-07,,,,11298688.456214014,11285866.303624026,663443.5172240058
jeanphilippe gbamin__1995-09-25,,,,1654540.2271168015,1665527.8886003103,34352.826819738264
jeanphilippe krasso__1997-07-17,,,,3383018.7193219247,3357580.9224672075,75944.97179236736
jeanphilippe mateta__1997-06-28,,,,37159369.42366178,37324530.14189893,2345159.2863114458
jeanpierre nsame__1993-05-01,Jean-Pierre Nsame,MID,2050000.000000001,1349374.039857571,1349374.039857571,74058.5860037179
jeanricner bellegarde__1998-06-27,,,,8030664.962169083,8189242.347789928,627980.4613648647
jeanuel belocian__2005-02-17,,,,3471618.3095919383,3541871.3773315838,383387.8762606599
jeanvictor makengo__1998-06-12,,,,1996460.8380597,1977161.301255049,51162.09600213727
jeff ekhator__2006-11-11,,,,2309624.5639569117,2302569.362134152,172779.16495968422
jeff hardeveld__1995-02-27,,,,905320.1987776253,905320.1987776253,202725.34766892772
jeff reineadelaide__1998-01-17,,,,1746189.4263809705,1746189.4263809705,101020.90062609538
jefferson lerma__1994-10-25,,,,6943323.538102241,6943323.538102241,281832.0488558306
jeffrey de lange__1998-04-01,,,,3467367.9146258268,3455816.0181461703,401024.59230515687
jeffrey gouweleeuw__1991-07-10,,,,3026543.48265407,3124333.6835985268,189588.37420265315
jeffrey schlupp__1992-12-23,,,,1849682.8159552186,1789852.3086758151,414692.5146226819
jelle duin__1999-01-27,,,,369956.352088467,369775.9378852653,26495.863307839016
jelle van neck__2004-03-07,,,,450702.5021660611,450702.5021660611,11645.029270765563
jens castrop__2003-07-29,,,,5236765.373320438,5230388.12760235,147069.1659971067
jens grahl__1988-09-22,,,,100325.43306671943,96132.6426846085,15130.101189141296
jens martin gammelby__1995-02-05,,,,443604.34376804275,443557.96381332364,9512.62885440878
jens odgaard__1999-03-31,,,,9674891.625544641,9674891.625544641,
jens petter hauge__1999-10-12,,,,4710614.741331151,4814268.707518258,352273.34946555755
jens stryger larsen__1991-02-21,Jens Stryger Larsen,DEF,850000.0000000005,537499.0886902951,531450.7825809956,52508.54784887614
jens toornstra__1989-04-04,,,,355907.79350324976,364407.79088234465,37528.59164471272
jensen weir__2002-01-31,Jensen Weir,MID,749999.9999999998,781145.588299746,771423.0212529567,35246.11545734259
jenson metcalfe__2004-09-06,,,,423097.38346011145,429412.58791348233,47958.90963127043
jeppe andersen__1992-12-06,,,,461885.4406155389,462104.8017683289,21179.295009664427
jeppe grnning__1991-05-24,,,,471431.83173196093,453659.44406281435,47025.92445957774
jeppe kudsk__2003-02-25,,,,623133.7242071675,621402.6883155986,23065.15331093932
jeppe okkels__1999-07-27,,,,1155929.3199461678,1156831.0572964996,4018.28487931215
jeppe tverskov__1993-03-12,Jeppe Tverskov,MID,1499999.9999999986,1959028.0850642647,1894518.1294950203,129274.39017109647
jerdy schouten__1997-01-12,,,,16698544.316097625,15899718.751776015,2038608.9730512125
jere uronen__1994-07-13,,,,565665.4923023435,558395.2875424151,95120.02956577479
jeredy hilterman__1998-06-20,,,,633056.0080709031,633056.0080709031,
jeremiah st juste__1996-10-19,,,,4252606.841918805,4085167.484739614,324928.485544735
jeremie boga__1997-01-03,,,,6389239.091650075,6389239.091650075,1175288.9041175437
jeremie frimpong__2000-12-10,Jeremie Frimpong,DEF,40749999.99999996,43228022.925061435,42326178.868884765,2664808.831159075
jeremy blasco__1999-02-12,,,,961848.358629103,961848.358629103,
jeremy bokila__1988-11-14,,,,174108.14675167543,156849.6656627944,43681.28837429898
jeremy doku__2002-05-27,Jérémy Doku,MID,57249999.99999994,42382137.63622025,43085971.77334676,1612974.447613489
jeremy frick__1993-03-08,,,,604635.5377428082,604635.5377428082,43189.46093651158
jeremy gelin__1997-04-24,,,,1323483.5085610503,1363403.486639322,74416.8943516002
jeremy jacquet__2005-07-13,,,,13558158.102692805,13035258.029653575,1921772.5165242446
jeremy le douaron__1998-04-21,,,,3017585.0542027643,3017585.0542027643,187935.06983725197
jeremy livolant__1998-01-09,,,,1465027.2661980516,1521794.4824406893,343619.95351150125
jeremy ngakia__2000-09-07,,,,1928926.0296571658,1889480.0731597205,105840.79897103118
jeremy petris__1998-01-28,Jeremy Petris,DEF,1200000.0000000005,1313586.6452303801,1361364.193496299,138600.06046833607
jeremy sarmiento__2002-06-16,,,,4724185.1278181095,4763994.816993939,397471.5535031532
jeremy sebas__2003-04-14,,,,992307.859365172,992307.859365172,42007.97342736521
jeremy toljan__1994-08-08,,,,2666856.732413082,2659022.8161164904,88250.68883246701
jeriel dorsett__2002-05-04,Jeriel Dorsett,DEF,499999.99999999977,560980.6086154209,559338.9225162897,10839.743125104247
jeroen zoet__1991-01-06,,,,262447.6124432206,256483.43190734566,20469.99304703644
jerolldino bergraaf__2006-07-05,,,,591726.2652292702,587531.9952510314,7838.592703227225
jerome onguene__1997-12-22,,,,315547.8794912534,312255.4772911934,30881.510125658213
jerome opoku__1998-10-14,,,,2671653.7437433815,2671653.7437433815,73169.19835627865
jerome prior__1995-08-08,,,,702119.9953772749,702119.9953772749,85527.32802087296
jerome roussillon__1993-01-06,Jérôme Roussillon,DEF,1800000.000000001,1576369.2056343455,1552058.0633092474,104456.20717804329
jerry afriyie__2006-12-10,,,,273792.97807826166,267909.4849071953,13671.611818612782
jesper daland__2000-01-06,,,,2137397.5072918846,2129091.2479145927,141235.94671665557
jesper hansen__1985-03-31,,,,157991.00075424297,158042.5115404242,16557.167245330787
jesper karlsson__1998-07-25,Jesper Karlsson,MID,4999999.999999999,5453072.419054045,5525090.018992037,692933.7315938873
jesper karlstrom__1995-06-21,,,,4529555.969046063,4480395.973803815,673274.7593850725
jesper lindstrm__2000-02-29,,,,8439441.990819694,8292893.716486789,840375.814320748
jesper verlaat__1996-06-04,,,,758728.304289978,732618.5851908016,48291.76367925594
jesse bosch__2000-02-01,,,,811099.3761913604,811099.3761913604,18966.695119752945
jesse joronen__1993-03-21,,,,1171620.8863090875,1196876.7741113137,165416.50371709227
jesse van de haar__2005-01-26,,,,771825.8159807947,771634.6018285435,60866.40197360457
jessic ngankam__2000-07-20,,,,1826332.405080345,1838137.921663733,55971.77891479724
jessy benet__1995-06-24,,,,1748380.3594041653,1687995.3895118157,211220.45154936422
jessy deminguet__1998-01-07,,,,2075965.7292282865,2083320.9686466127,55170.12942165965
jesurun raksakyi__2002-10-05,,,,6505458.02763993,6505458.02763993,
jesus castillo__2001-06-11,,,,1502602.8551118418,1479304.4507698156,70486.3512340536
jesus ramirez__1998-05-04,,,,1809159.5651520735,1812033.2603108478,68934.83512118591
jetro willems__1994-03-30,Jetro Willems,DEF,437500.0000000004,529074.1901472695,534623.7340117535,12854.206936588207
jhoanner chavez__2002-04-25,,,,3002389.642008651,3068075.608293373,415365.99770249997
jhon chancellor__1992-01-02,,,,463417.6077604722,463074.1217428256,5617.998749275444
jhon duran__2003-12-13,,,,30994935.91552713,30994935.91552713,975307.3054187244
jhon lucumi__1998-06-26,,,,8385070.844274546,8064843.344805833,561543.8234483105
jhon murillo__1995-11-21,,,,1675045.3022318343,1675045.3022318343,
jhon solis__2004-10-03,,,,3281465.1897351937,3281465.1897351937,
jhonny quinonez__1998-06-11,,,,737779.156515402,765132.838858095,77331.20559012333
jiaqi han__1999-07-03,,,,419593.6944903034,419593.6944903034,1685.5129100994118
jim allevinah__1995-02-27,Jim Allevinah,MID,1650000.0000000007,2066071.695507098,2085886.125768621,120000.77432737502
jimmy dunne__1997-10-19,,,,2440284.0754164923,2440284.0754164923,4600.028211426758
jindrich stanek__1996-04-27,,,,3839583.604723584,3653907.595176528,390244.31240443577
jing reec__2003-06-12,Jing Reec,FWD,299999.99999999977,301887.3320609734,301435.23445908003,6665.125817775344
jiri letacek__1999-01-09,,,,1511716.1231607087,1511716.1231607087,
jiri pavlenka__1992-04-14,,,,1348944.2508587812,1316597.47494748,141564.40524232603
jizz hornkamp__1998-03-07,,,,1953388.5616807034,1953388.5616807034,122066.88321147562
jo coppens__1990-12-21,Jo Coppens,GK,134999.99999999997,141731.3074226645,141731.3074226645,11611.59230163515
joachim andersen__1996-05-31,,,,14715667.237441331,14773167.14550156,806772.5925198232
joachim eickmayer__1993-01-11,Joachim Eickmayer,MID,387499.99999999977,555210.3730016394,563861.7403972044,57563.09916493075
joane gadou__2007-01-17,,,,1318810.1888380323,1330000.2382966685,29408.00779093109
joaquin ardaiz__1999-01-11,,,,708224.7700461783,693542.075393076,42996.16162919029
joaquin blazquez__2001-01-28,,,,616204.9452607561,616204.9452607561,
joaquin novillo__1998-02-19,,,,1416852.8062804795,1377970.190169652,105319.98084788406
joaquin panichelli__2002-10-07,,,,18195648.173544362,18154706.697203677,2603590.4210116034
joaquin seys__2005-03-28,,,,9247242.654683338,9209828.976176709,837352.1565502335
jobe bellingham__2005-09-23,,,,9137791.993906135,9181165.144875681,532662.6101153216
jocelin ta bi__2005-02-09,Jocelin Ta Bi,MID,1512499.9999999995,3477362.5325877964,3446749.4153466374,368871.30261464894
jocelyn janneh__2002-12-06,,,,1028607.7700038347,981268.8604856688,232022.1054301018
joe aribo__1996-07-21,,,,3191347.118422049,3191347.118422049,369502.7077829723
joe bell__1999-04-27,,,,4520087.978039442,4660643.086913275,692894.0036955716
joe bryan__1993-09-17,Joe Bryan,DEF,1600000.000000001,1533550.6388395615,1533550.6388395615,
joe garner__1988-04-12,,,,153301.50513977295,153301.50513977295,35432.35692524032
joe gauci__2000-07-04,,,,866718.5943953159,866718.5943953159,81494.34900411057
joe gelhardt__2002-05-04,,,,5070396.142514197,5070396.142514197,204792.09124429277
joe gomez__1997-05-23,,,,17850206.486995537,17753873.470515393,390336.8586629564
joe hilton__1999-10-11,Joe Hilton,GK,185000.00000000006,165196.24808395747,170940.37592473993,15604.458903320814
joe hodge__2002-09-14,Joe Hodge,MID,1499999.9999999986,1044420.2239785647,1033811.4373096088,87440.93295109631
joe lolley__1992-08-25,,,,1494938.3565794604,1471440.7352654194,106729.8157352151
joe mendes__2002-12-31,,,,5528045.412652649,5528045.412652649,315858.4759967523
joe newell__1993-03-15,,,,622540.5460913912,630347.7838116181,43183.309183849626
joe powell__1998-10-30,,,,502821.10635078314,502821.10635078314,
joe rodon__1997-10-22,,,,13552096.359457426,13477273.090641545,333914.9248050811
joe rothwell__1995-01-11,Joe Rothwell,MID,2250000.000000001,1854843.8619844585,1815447.8109125826,124191.75943671937
joe scally__2002-12-31,,,,6367175.225809095,6288754.332369981,551609.3348515007
joe shaughnessy__1992-07-06,,,,356209.3412764051,357254.75623491686,68310.9250778921
joe westley__2004-10-18,,,,280206.8790436247,269275.4625963004,33364.37970469095
joe white__2002-10-01,,,,802642.0068986339,802642.0068986339,122362.25535860995
joe whitworth__2004-02-29,,,,1185361.5866996273,1185361.5866996273,
joe williams__1996-12-08,,,,1691518.0414009062,1691518.0414009062,130241.4960017604
joe willock__1999-08-20,,,,12672785.41262283,12672785.41262283,418402.62973920116
joe worrall__1997-01-10,Joe Worrall,DEF,3299999.999999998,4003065.7768758964,3913614.4558033026,357051.57595327764
joedrick pupe__1997-06-04,,,,1101300.5969608454,1101300.5969608454,39059.71154163178
joel allansson__1992-11-03,,,,474403.49984899047,474403.49984899047,
joel asoro__1999-04-27,,,,800887.9182736818,800761.196895512,96141.60247916599
joel coleman__1995-09-26,,,,193097.9611000586,193097.9611000586,3392.349251444846
joel drommel__1996-11-16,,,,2595125.6953738458,2577789.991961477,116553.67808453648
joel felix__1998-01-13,,,,677694.1962714689,676510.0913757435,4132.8293074462445
joel ideho__2003-07-17,,,,908371.2946097142,890284.9072935807,31718.32486733386
joel ito__1998-03-27,,,,708243.1277522729,710029.2215816253,30022.885431529303
joel king__2000-10-30,,,,429969.7791038536,429969.7791038536,42042.939307026645
joel latibeaudiere__2000-01-06,Joel Latibeaudiere,DEF,1400000.0000000007,1736593.330261474,1736593.330261474,25241.385770023102
joel mvuka__2002-11-12,,,,3066513.4483402926,3084421.8634601864,55068.7914534893
joel ordonez__2004-04-21,,,,14412069.886730842,14412069.886730842,686724.2459862734
joel piroe__1999-08-02,,,,10362643.223886622,10454120.716477158,370066.37166919344
joel schmied__1998-09-23,,,,2361529.363653979,2364765.155804255,111833.23798019979
joel veltman__1992-01-15,,,,5053539.542231211,5053539.542231211,392410.8074721543
joel voelkerling persson__2003-01-15,,,,640512.6906279922,634261.3564280038,39993.91224720585
joeri heerkens__2006-05-08,,,,1193719.797546908,1193719.797546908,226515.67316714473
joey veerman__1998-11-19,,,,20922419.513966646,20922419.513966646,478472.00708195195
johan bakayoko__2003-04-20,,,,19765540.942249466,19765540.942249466,553600.3665190766
johan dahlin__1986-09-08,,,,140777.30548247253,140777.30548247253,
johan gastien__1988-01-25,,,,302803.1075627501,302803.1075627501,45023.67655711621
johan hove__2000-09-07,,,,1401714.954775356,1521053.2104005443,273904.50543618295
johan manzambi__2005-10-14,,,,7506173.095863556,6905552.394029977,1788455.3974691625
johan mojica__1992-08-21,Johan Mojica,DEF,5650000.000000001,6401959.603110229,6564289.538893849,683071.7703507617
johan vasquez__1998-10-22,Johan Vásquez,DEF,8249999.9999999935,8668565.975422295,8413855.352493174,1468171.3923323
johann lepenant__2002-10-22,Johann Lepenant,MID,6000000.0,6066658.7208135,6179026.05220666,388044.69613040576
johannes geis__1993-08-17,Johannes Geis,DEF,549999.9999999998,487161.87940962095,487161.87940962095,22211.692511985584
johannes schenk__2003-01-13,,,,2092137.9659402014,2061956.9689766984,139585.89389993416
john bjorkengren__1998-12-09,John Björkengren,MID,1774999.9999999986,2284843.3349972134,2235911.595116986,153035.48773778524
john brooks__1993-01-28,,,,1583422.4015803952,1542776.8308118647,105754.89286025384
john koutroumbis__1998-03-06,,,,499981.5184779476,483839.5951245238,35929.393858695046
john lundstram__1994-02-18,,,,2862730.4012446553,2732260.2671830053,243960.09128538732
john mcatee__1999-07-23,,,,962596.4119221988,962596.4119221988,7935.375108739217
john mcginn__1994-10-18,John McGinn,DEF,20000000.000000015,18582481.24887971,19113602.957397852,1763363.436604279
john souttar__1996-09-25,,,,2457357.873565635,2457357.873565635,38176.51394912195
john stones__1994-05-28,,,,19524714.292332917,19524714.292332917,
john swift__1995-06-23,,,,1422064.58729593,1422064.58729593,69650.11078126926
john yeboah__2000-06-23,,,,1903949.1950635146,1903949.1950635146,243456.0667649244
johnkymani gordon__2003-02-13,,,,265977.53682842304,258121.97461699173,16773.176881005915
johnny kenny__2003-06-06,Johnny Kenny,FWD,1737499.9999999995,3000280.090887674,3095007.9747456154,413323.3584458891
johny placide__1988-01-29,,,,165830.0149355682,167599.9602568456,4626.101129587728
jomaine consbruch__2002-01-26,,,,911814.4990360308,911814.4990360308,112281.55744130522
jon gallagher__1996-02-23,Jon Gallagher,DEF,1312500.0000000012,609455.1316341719,611133.0852437465,112338.91384448388
jon gorenc stankovic__1996-01-14,,,,1935945.5516968328,1935945.5516968328,
jon guthrie__1992-07-29,,,,518310.1993958238,518310.1993958238,
jon karrikaburu__2002-09-19,,,,1418698.4675153831,1418698.4675153831,
jon magunazelaia__2001-07-13,,,,935286.5710914695,935286.5710914695,
jon mccracken__2000-05-24,,,,690603.0010272001,694931.4874971535,29219.62506029919
jon mclaughlin__1987-09-09,,,,148041.79261362887,148041.79261362887,
jona niemiec__2001-09-19,,,,837981.9328834314,837981.9328834314,87992.43423512111
jonah ayunga__1997-05-24,,,,526730.1161633888,518425.98811709095,65786.56072265723
jonah kusiasare__2007-07-04,,,,1816533.7305677056,1816533.7305677056,179366.72486106766
jonas adjetey__2003-12-13,,,,3894304.703259304,3995580.247857573,193830.85375068075
jonas arweiler__1997-04-10,,,,525722.916231865,525722.916231865,8392.399939722598
jonas bager__1996-07-18,,,,747028.8858416092,745037.3007128434,67890.02953200307
jonas dirkner__2002-07-15,,,,696507.6761682603,685221.9734957492,33169.71749795288
jonas fohrenbach__1996-01-26,,,,2223658.1919963094,2236752.4091170244,51970.81908888844
jonas hofmann__1992-07-14,Jonas Hofmann,MID,6500000.0,7870364.495996994,7926308.712930562,419958.7450007026
jonas hofmann__1997-02-07,,,,393737.5056537647,396470.67652115296,28211.361454611157
jonas jensenabbew__2002-04-20,,,,889410.7866113578,894537.646566905,50147.77933869374
jonas kersken__2000-09-01,,,,1087269.3948954563,1087269.3948954563,
jonas lossl__1989-02-01,,,,299415.6700434134,305346.2318924449,13857.806291481438
jonas martin__1990-04-09,,,,716625.8452329503,716625.8452329503,2421.648585116054
jonas meffert__1994-09-04,Jonas Meffert,MID,1550000.0000000012,1287768.5766262612,1287768.5766262612,112284.21068217827
jonas mortensen__2001-01-16,,,,386135.4880702579,386135.4880702579,35663.587700681775
jonas nickisch__2004-05-21,,,,345577.34735554876,345577.34735554876,30054.5730212806
jonas omlin__1994-01-10,,,,1718834.6833360698,1718834.6833360698,10553.722025579107
jonas svensson__1993-03-06,Jonas Svensson,DEF,1899999.9999999993,1748683.4840594032,1739089.7648345274,405922.0976372013
jonas urbig__2003-08-08,,,,7840629.102449176,7508114.316550041,946331.3688909835
jonas wind__1999-02-07,,,,13835316.063898504,14119725.890262987,914143.3736381938
jonatan braut brunes__2000-08-07,,,,2767291.8085641046,2782414.2302731606,50759.11579528008
jonatan lindekilde__2006-03-31,,,,599604.903041417,588224.8207444488,37639.322451271466
jonathan amon__1999-04-30,,,,600766.5470617726,600766.5470617726,29989.862352008342
jonathan bamba__1996-03-26,,,,9090728.686740989,9611115.37100375,1051310.9176513168
jonathan bond__1993-05-19,,,,687637.2291952358,714688.530380216,65600.62905717897
jonathan burkardt__2000-07-11,,,,34935041.81789174,33661319.88697455,5127731.710988239
jonathan david__2000-01-14,,,,42046922.292664275,42046922.292664275,3403691.808330884
jonathan de guzman__1987-09-13,,,,186794.22340946845,186794.22340946845,9486.177917633187
jonathan fischer__2001-11-09,,,,2045946.986795145,2026067.447326755,62213.20716984324
jonathan hutters__2004-02-21,,,,193730.29911244405,186566.47985541524,15020.269065287941
jonathan ikone__1998-05-02,,,,5549951.692167126,5606821.962906653,123818.39387937241
jonathan klinsmann__1997-04-08,,,,720155.3943042061,720155.3943042061,
jonathan meier__1999-11-11,Jonathan Meier,DEF,537500.0000000003,506389.68909058004,512309.7863985987,22855.18316839407
jonathan panzo__2000-10-25,,,,2048696.6961998057,1966316.1103611384,234593.88142212265
jonathan rodriguez__1993-07-06,,,,6423419.671046179,6423419.671046179,450088.88311773207
jonathan rowe__2003-04-30,,,,12886453.872510338,12366778.077847686,1394456.5266023306
jonathan tah__1996-02-11,Jonathan Tah,DEF,48250000.000000015,58548390.596712425,58863140.108736426,4453981.16054009
jonathan tomkinson__2002-04-11,,,,539505.5912081574,539505.5912081574,68236.31838870591
jonathan varane__2001-09-09,,,,3220402.7883755504,3071719.3102597604,460446.5403980785
jones elabdellaoui__2006-01-12,,,,1567065.977033685,1544118.1333111727,54504.491853631225
jonjoe kenny__1997-03-15,,,,2769904.8794201654,2816259.1101926663,225608.40741239936
jop tijink__2005-01-30,Jop Tijink,DEF,212500.00000000017,237697.5093716593,239072.2154080247,8367.954248960346
jordan amissah__2001-08-02,,,,428852.9596758511,429714.1816630253,10205.14934187952
jordan archer__1993-04-12,,,,231992.50201148505,241369.89296090574,18766.41508931909
jordan ayew__1991-09-11,,,,2702772.64432114,2702772.64432114,217889.64047821081
jordan beyer__2000-05-19,,,,7276401.662272543,7276401.662272543,75325.61976495561
jordan bos__2002-10-29,,,,4675073.75471559,4675073.75471559,302323.3590448005
jordan bowery__1991-07-02,,,,276151.3778851864,276151.3778851864,8255.324001364494
jordan ferri__1992-03-12,Jordan Ferri,MID,2712499.9999999977,1278982.1658914443,1278982.1658914443,226391.82456461224
jordan henderson__1990-06-17,,,,4236636.242805733,4155152.546309444,273585.30842943606
jordan holmes__1997-05-08,,,,234716.76480553212,234716.76480553212,14389.678099097062
jordan holsgrove__1999-09-10,,,,3119226.8968891143,3038311.2216430437,322260.3754307494
jordan hugill__1992-06-04,,,,474275.7449623258,471648.9935305461,49264.88567171744
jordan larsson__1997-06-20,,,,2463287.013588321,2463460.9904874275,29429.120524119055
jordan lefort__1993-08-09,,,,2469226.739270131,2481495.222469311,108576.14355449725
jordan lotomba__1998-09-29,,,,4403689.992658822,4477126.111625258,301010.2389999878
jordan mcghee__1996-07-24,,,,581914.5596019999,581914.5596019999,13147.40792475483
jordan obita__1993-12-08,Jordan Obita,DEF,412500.0000000001,444575.691022244,444575.691022244,56190.45579210393
jordan pickford__1994-03-07,,,,19931839.441808984,19696814.21989956,512552.9932311066
jordan smith__1994-12-08,,,,290257.82764921663,286099.3209771142,16109.096328044548
jordan teze__1999-09-30,,,,11590815.566466363,10596467.734228466,1976098.5084803249
jordan thompson__1997-01-03,,,,1104629.1654627402,1104629.1654627402,2583.3275868041087
jordan torunarigha__1997-08-07,,,,3677109.9532043426,3729079.6148360614,276623.1057119749
jordan turnbull__1994-10-30,Jordan Turnbull,DEF,362499.9999999997,253365.2151003686,257651.84851465662,7608.601328284934
jordan williams__1999-10-22,,,,896091.4332758095,896091.4332758095,101409.91389291013
jordan zemura__1999-11-14,Jordan Zemura,DEF,3449999.999999999,2352060.126209076,2352060.126209076,32089.315483543236
jordi liongola__2000-05-17,Jordi Liongola,DEF,1450000.0000000002,1377777.768484729,1368486.7027177424,102844.45748133847
jordi oseitutu__1998-10-02,Jordi Osei-Tutu,DEF,712500.0000000002,752472.5839689398,776010.7311487508,62383.8186312467
jordi vanlerberghe__1996-06-27,Jordi Vanlerberghe,DEF,1650000.0000000007,1371817.4751280427,1483783.8960236653,204441.73796257342
jordy clasie__1991-06-27,,,,4703532.333557815,4703532.333557815,
jordy de wijs__1995-01-08,,,,896857.9191536264,895589.7623040247,16781.668606929295
jordy gillekens__2000-02-18,Jordy Gillekens,DEF,575000.0000000001,744133.3602319583,744133.3602319583,39790.62553471262
jorg schreuders__2004-09-09,,,,1870650.994926059,1870650.994926059,230002.29443532645
jorge grant__1994-12-19,Jorge Grant,MID,612499.9999999997,609498.6551959816,609498.6551959816,34172.69448506345
jorge sanchez__1997-12-10,,,,1394844.9435050897,1418932.121912322,234929.826995617
jorge segura__1997-01-18,,,,568753.9064747037,568753.9064747037,
joris chotard__2001-09-24,,,,6922956.959809019,6922956.959809019,563684.64014709
joris kayembe__1994-08-08,,,,3042614.2839729562,3041341.5342968768,37289.40423327264
joris kramer__1996-08-02,,,,2134810.9104939923,2094316.2438794854,99039.44148586673
joris van overeem__1994-06-01,,,,1342715.6114042106,1342715.6114042106,
jorman campuzano__1996-04-30,,,,2196347.8287551533,2274041.010622354,521724.7398797613
jorne spileers__2005-01-21,Jorne Spileers,DEF,2599999.9999999986,2837506.1999964355,2837506.1999964355,12684.007745059569
jorrel hato__2006-03-07,Jorrel Hato,DEF,31999999.999999955,37167018.01245404,37026019.43458392,2864573.685008754
jorthy mokio__2008-02-29,Jorthy Mokio,DEF,5650000.000000001,4555780.501405839,4546131.4968197085,214008.16129107054
jose cifuentes__1999-03-12,,,,3284443.458902348,3296545.5370393833,441436.4049878553
jose luis palomino__1990-01-05,,,,879335.6404954594,842635.9593784969,125943.06601384064
jose maria gimenez__1995-01-20,,,,19473965.196895603,19473965.196895603,1901058.6162685014
jose sosa__1985-06-19,,,,777065.9761060134,777065.9761060134,
josef bursik__2000-07-12,,,,756075.6437506559,756075.6437506559,15870.24677869261
joseph aidoo__1995-09-29,,,,3170261.1618905757,3145641.472171354,166882.56243858082
joseph anang__2000-06-08,,,,849579.9223026655,843279.9114203257,77387.46131837652
joseph hungbo__2000-01-15,,,,1023201.8065193297,801736.953375643,392757.05982629943
joseph mangondo__2005-08-06,,,,387692.0403581743,389912.4696560126,26215.953366987997
joseph nonge__2005-05-15,,,,1368400.9600488264,1353427.8784801834,128988.76211094514
joseph okumu__1997-05-26,,,,2921179.745200644,3317116.5244188686,1103947.945076662
joseph opoku__2005-08-08,Joseph Opoku,MID,2700000.0,2769935.0963138444,2691747.1817547632,326174.259450534
joseph paintsil__1998-02-01,,,,6247059.57938882,6247059.57938882,
josh benson__1999-12-05,Josh Benson,MID,562500.0000000002,576632.1188070235,567156.2577193861,31264.285709648124
josh bowler__1999-03-05,,,,1901502.2617756359,1901502.2617756359,
josh brownhill__1995-12-19,,,,6451015.483224295,6451015.483224295,
josh campbell__2000-05-06,,,,573490.5871265046,573490.5871265046,783.8273891936379
josh cullen__1996-04-07,Josh Cullen,MID,8000000.000000002,9412168.456386251,9431758.832301311,463705.51931406977
josh dasilva__1998-10-23,,,,3244503.033137028,3244503.033137028,
josh doig__2002-05-18,,,,5367807.503592134,5367807.503592134,303149.00109254266
josh feeney__2005-05-06,,,,915782.3417085555,923338.756634739,18694.351975617243
josh flint__2000-10-13,,,,820194.4909474071,794625.6498255492,61856.45228786268
josh king__2007-01-03,,,,13252737.88383423,12904238.910294987,1672446.6734334654
josh knight__1997-09-07,,,,975464.0026595913,976456.6376467813,15115.325649264309
josh laurent__1995-05-06,,,,2771905.734149962,2880181.158924522,318572.9077381826
josh magennis__1990-08-15,,,,358963.18977975333,352635.5819865747,33228.410316601214
josh maja__1998-12-27,,,,2662215.2045534924,2611990.100127626,114024.08204657698
josh martin__2001-09-09,Josh Martin,MID,525000.0000000003,386474.82742575376,390771.96458983223,23461.689490770223
josh mulligan__2002-11-12,,,,1064907.7291046695,1162831.726515639,237856.37889651651
josh sargent__2000-02-20,,,,5460603.866796714,5202930.786778996,1192246.815323745
josh sheehan__1995-03-30,,,,836614.5401258003,865166.4722621213,63881.74549684054
josh tymon__1999-05-22,Josh Tymon,DEF,2449999.9999999995,2038063.6307555097,2002153.1884050234,100524.76993205008
josh vickers__1995-12-01,Josh Vickers,GK,499999.99999999977,562847.8282297101,543022.1701084431,35318.8698384127
josh windass__1994-01-09,,,,2070131.6327920093,2070131.6327920093,
josha vagnoman__2000-12-11,,,,6847554.819001873,6811882.537528061,305698.1286248603
joshua bitter__1997-01-01,,,,540893.0974458273,570102.209505266,53815.418231414755
joshua brenet__1994-03-20,,,,1296234.7207416405,1302859.6145169544,125172.07760032105
joshua brillante__1993-03-25,Joshua Brillante,DEF,487499.9999999996,448363.17922203365,474168.3847481897,57718.969053227265
joshua eze__2003-03-20,Joshua Eze,MID,537500.0000000003,570105.0304326783,570105.0304326783,106325.98879309978
joshua kimmich__1995-02-08,,,,83592093.68983845,84021687.01094659,5509730.554863811
joshua king__1992-01-15,Joshua King,MID,2950000.000000002,3633855.4107424174,3627611.7299150936,278453.2425679058
joshua kitolano__2001-08-03,,,,2041228.1577805227,2041228.1577805227,
joshua quarshie__2004-07-26,,,,1961308.2317606763,1961308.2317606763,
joshua smits__1992-11-06,,,,521374.4043914271,521374.4043914271,
josimar alcocer__2004-07-07,,,,2927020.994653341,2927020.994653341,194312.24546577976
josip brekalo__1998-06-23,,,,4200012.209456599,4200012.209456599,
josip calusic__1993-10-11,,,,216519.64031901726,216519.64031901726,
josip misic__1994-06-28,,,,1584448.8902652424,1635507.5334401862,110083.69836100517
josip stanisic__2000-04-02,,,,18977699.96650701,18977699.96650701,744673.4068307948
josip sutalo__2000-02-28,Josip Šutalo,DEF,17249999.99999998,18210636.063350245,18642425.325070158,1615420.6764280035
josko gvardiol__2002-01-23,,,,76702507.99354628,76702507.99354628,2692083.547486635
josue casimir__2001-09-24,Josué Casimir,MID,3400000.000000002,2793563.769367973,2793563.769367973,
josue kongolo__2006-04-13,,,,812557.3744446043,804045.0797988859,36586.848312596296
jovan milosevic__2005-07-31,,,,1549089.2415996634,1547531.7978803446,13910.295340981173
joyskim dawa__1996-04-09,,,,1152186.9909099997,1164217.0118219578,104022.47466873143
jozhua vertrouwd__2004-08-21,,,,1800200.30879625,1741015.2100057963,183037.97678875233
jozo stanic__1999-04-06,,,,1221434.532012984,1244932.2356164819,148820.5050488812
jrgen strand larsen__2000-02-06,,,,23308447.23266215,23308447.23266215,4155626.683534684
juan castillo__2003-01-13,Juan Castillo,GK,1550000.0000000012,1392907.8625795734,1447182.4983197732,140101.10883548576
juan foyth__1998-01-12,,,,15727930.470705753,16292279.616207492,1721434.9420871711
juan garro__1992-11-24,,,,550754.3835036048,550754.3835036048,147009.94898201758
juan iturbe__1993-06-04,,,,1862571.8028193316,1960570.3242322672,187701.02081432953
juan jose perea__2000-02-23,,,,989825.578019775,1005253.4274227542,73699.31449976422
juan manuel garcia__1992-11-14,Juan Manuel García,FWD,825000.0000000006,1285349.9553465617,1296587.118033398,61168.00509103729
juan manuel insaurralde__1984-10-03,,,,285785.4240233548,247904.78550653756,59806.586271096785
juan musso__1994-05-06,,,,7013177.610882278,7168113.035296047,805758.6012763678
juan rodriguez__2005-05-30,,,,1923410.4339108618,1923410.4339108618,3371.3571017722074
jude bellingham__2003-06-29,,,,94256155.85217634,94256155.85217634,24250552.167261586
jude soonsupbell__2004-01-10,Jude Soonsup-Bell,FWD,525000.0000000003,476971.6182583721,497760.2597231707,38428.15926237564
juho talvitie__2005-03-25,Juho Talvitie,MID,1450000.0000000002,1616580.545855019,1582154.654825348,118109.36096061631
julen agirrezabala__2000-12-26,,,,8120071.834453302,7741676.591536403,1074896.4960924033
jules gaudin__2000-05-09,,,,1606936.1180722793,1631533.096664844,84655.87703872222
jules kounde__1998-11-12,,,,67052666.78295839,67052666.78295839,15872534.296358136
jules stawiecki__2007-04-10,,,,391105.43872012856,383637.7586144726,18989.168198901923
julesanthony vilsaint__2003-01-06,,,,441372.82308967103,436900.8274730829,12256.980134685156
julian alvarez__2000-01-31,,,,117934529.38563688,111349529.54723085,15738407.123489883
julian araujo__2001-08-13,Julian Araujo,DEF,8999999.999999996,6756924.244813153,7142137.602588108,877538.8563531761
julian baas__2002-04-16,,,,1400145.057524012,1332680.8936643037,152335.03050582143
julian brandes__2004-05-11,,,,794102.884787721,795528.2486606867,70984.73459649803
julian brandt__1996-05-02,,,,27044149.992885444,27044149.992885444,
julian eitschberger__2004-03-05,,,,1581107.0549076854,1581107.0549076854,5260.528429604799
julian green__1995-06-06,,,,1194713.6518582946,1201682.7112985796,60930.6886738526
julian illanes__1997-03-10,,,,1285017.9504772678,1242718.888993782,80912.08187842518
julian justvan__1998-04-02,,,,3958632.4475647993,4112658.145681045,560110.0199468175
julian martinez__2003-12-01,,,,1245760.0243524048,1190266.0903917167,138031.54177032484
julian niehues__2001-04-17,Julian Niehues,MID,1899999.9999999993,2016057.8727423502,2015324.1159786456,52809.15717480535
julian palacios__1999-02-04,,,,1478796.3638997106,1460261.195962024,99359.20542388079
julian rieckmann__2000-08-01,,,,504378.15645471914,499015.50408571446,20272.730321726543
julian ryerson__1997-11-17,,,,14671748.03514817,15503431.999643002,2123347.6486702156
julian von moos__2001-04-01,,,,1177535.528065085,1177535.528065085,47964.42881140841
julian weigl__1995-09-08,,,,8864013.830054035,8575923.820942353,957115.424082657
julien duranville__2006-05-05,,,,6440655.78068686,6102133.83779896,1532609.360556381
julien fabri__1994-02-05,Julien Fabri,GK,155000.00000000012,224177.51711239945,222028.94210207084,15248.548807149822
julien laporte__1993-11-04,,,,1843134.2082080373,1767487.3714716265,144251.42196049957
julien le cardinal__1997-08-03,,,,5314910.865769388,5314910.865769388,211005.90346508
julien lopez__1992-03-01,,,,493550.55885478656,493550.55885478656,57771.49023453339
julien ponceau__2000-11-28,Julien Ponceau,MID,3850000.0000000005,4384233.371268617,4356497.157713237,357155.97005916305
julio soler__2005-02-16,,,,3084066.975736166,3006177.2778418586,151101.2434933627
julius berthel askou__2006-05-27,,,,442495.08141950273,442495.08141950273,14631.151619690725
julius dirksen__2003-02-02,,,,617681.7265483699,625545.2855093249,50791.3606037809
julius eskesen__1999-03-16,,,,738118.6121612221,738927.6219329113,27695.526644054546
juninho bacuna__1997-08-07,Juninho Bacuna,MID,2050000.000000001,2039842.246634396,2039842.246634396,24125.624838187156
junior adamu__2001-06-06,,,,3202972.990241697,3286622.6630702866,210730.1050069107
junior diaz__2003-07-23,Junior Diaz,DEF,3449999.999999999,3220045.890259755,3220045.890259755,
junior dina ebimbe__2000-11-21,,,,4515411.008454498,4589804.216715071,216565.9428405289
junior hoilett__1990-06-05,,,,411769.6449891019,411769.6449891019,
junior messias__1991-05-13,Junior Messias,MID,1800000.000000001,1257173.4527204842,1216930.7355024633,132405.46733329655
junior mwanga__2003-05-11,,,,5410762.517393966,4976783.528945364,783123.0205856331
junior olaitan__2002-05-09,,,,1789313.3490132315,1789313.3490132315,
junnosuke suzuki__2003-07-12,,,,2526852.4436503593,2526852.4436503593,251622.30597317827
jure balkovec__1994-09-09,Jure Balkovec,DEF,1299999.9999999993,1181012.0858273606,1155937.6010791038,129102.91034534063
jurgen ekkelenkamp__2000-04-05,,,,5777348.932135437,5731652.245783726,461918.9717231613
jurrien timber__2001-06-17,,,,50847796.26573771,51432121.43701302,2256489.2220452935
jusef erabi__2003-06-08,,,,2072712.1727052953,2088385.747487838,292202.0454361818
justin amaluzor__1996-10-17,,,,207661.77594352164,204165.30425445893,16918.09029031482
justin bijlow__1998-01-22,,,,3870927.3327465057,3908156.3475926258,235124.213618344
justin che__2003-11-18,,,,648948.607528349,623706.0450885538,59341.81472326613
justin de haas__2000-02-01,,,,4584700.28893167,4584700.28893167,211686.91471061792
justin devenny__2003-10-11,Justin Devenny,MID,6099999.999999996,5113668.032357545,5508542.843707704,1185230.4752839617
justin diehl__2004-11-27,,,,1869008.8897299636,1869008.8897299636,36430.96218795668
justin hubner__2003-09-14,,,,895916.3610610813,895916.3610610813,23888.236883727837
justin janitzek__2004-02-10,Justin Janitzek,DEF,999999.9999999997,791688.8082381239,789602.4798615556,61042.200141266076
justin kalumba__2004-12-25,,,,1361175.3093778887,1361175.3093778887,713.2666249197466
justin kluivert__1999-05-05,Justin Kluivert,MID,26750000.00000001,27080606.264446862,27080606.264446862,12210.54802366626
justin lonwijk__1999-12-21,,,,1048695.9469578275,1081308.5081696261,120785.28432311318
justin njinmah__2000-11-15,,,,5006796.515296723,5006796.515296723,347819.5574891642
justin smith__2003-02-04,,,,1674312.4316874533,1640510.131575022,151802.22336569164
kaan ayhan__1994-11-10,,,,4061494.952670384,4065143.548521622,283086.30050393246
kaan kairinen__1998-12-22,Kaan Kairinen,MID,3850000.0000000005,4014303.7961996715,3946191.5659978734,381780.1252507183
kaare barslund__2004-03-23,,,,602890.1453067565,589118.1516316667,26929.258184364557
kacper potulski__2007-10-19,Kacper Potulski,DEF,950000.0000000008,1502115.7668123038,1483001.8738767467,189586.1811629836
kacper urbanski__2004-09-07,Kacper Urbański,MID,4799999.999999999,2760188.347813498,2688682.277846938,194226.69617018584
kadeem harris__1993-06-08,,,,320836.58935139433,323144.0831970455,15608.936829625056
kader keita__2000-11-06,,,,2017061.2475317707,2018385.1685380596,157161.5534142941
kaelan casey__2004-10-28,,,,598824.0271252862,598824.0271252862,
kahveh zahiroleslam__2002-06-13,,,,1365785.322454865,1365785.322454865,45420.494287915935
kai havertz__1999-06-11,,,,52750736.82556915,55056680.82700707,6505657.111569245
kaine keslerhayden__2002-10-23,,,,3077760.2814216744,3325234.1538287667,472533.48272614076
kaishu sano__2000-12-30,,,,19579526.17856187,19579526.17856187,
kaito mizuta__2000-04-08,Kaito Mizuta,MID,712500.0000000002,781306.3333835051,799132.304356837,54048.858073627285
kaj de rooij__2000-11-25,,,,837350.5719869928,834323.6062241683,53145.67908710663
kaj sierhuis__1998-04-27,,,,1652765.033511386,1617105.7357469257,149819.02381307402
kalidou koulibaly__1991-06-20,Kalidou Koulibaly,DEF,11000000.000000013,8626370.986351259,8277806.618435638,1316987.451821492
kalvin phillips__1995-12-02,,,,5269879.617492841,5209758.283611726,353835.06814654113
kamal sowah__2000-01-09,,,,1717751.9170129274,1717751.9170129274,3154.0560177851603
kamaldeen sulemana__2002-02-15,,,,4758932.554325077,4793907.899762275,335874.7786734243
kamarai swyer__2002-12-04,,,,327424.613305883,327424.613305883,13098.919225253207
kamiel van de perre__2004-02-12,,,,2028033.955456844,2028033.955456844,
kamil glik__1988-02-03,Kamil Glik,DEF,299999.99999999977,128137.22102441848,128344.52912916857,22243.100116229416
kamil grabara__1999-01-08,,,,18336678.87126822,18336678.87126822,379553.80497407046
kamil grosicki__1988-06-08,,,,912558.9967363586,912558.9967363586,197156.74719643156
kamil jozwiak__1998-04-22,,,,935018.8726202179,935018.8726202179,
kamil piatkowski__2000-06-21,,,,2335060.6099715503,2335060.6099715503,
kamory doumbia__2003-02-18,,,,8141608.998719133,8244591.862246705,322706.80191839894
kanayo megwa__2004-03-05,,,,220371.28036341246,220371.28036341246,12107.439316932398
kandet diawara__2000-02-10,,,,961999.328050399,961999.328050399,
kane wilson__2000-03-11,,,,1182080.309115974,1182080.309115974,
kanya fujimoto__1999-07-01,,,,3971468.439354324,4045675.3399857385,363346.5681983132
kaoru mitoma__1997-05-20,Kaoru Mitoma,MID,30250000.000000015,30581288.737292185,30581288.737292185,523742.86907722004
karamoko dembele__2003-02-22,,,,1869427.5905076338,2062260.7409086442,404255.92041720264
karim adeyemi__2002-01-18,,,,31945179.658208214,32911181.462754685,3217438.896077798
karim benzema__1987-12-19,,,,12686866.939598018,12686866.939598018,1176975.2274089637
karim onisiwo__1992-03-17,,,,1323109.1934018843,1307683.0303375127,31863.61105545893
karim zedadka__2000-06-09,Karim Zedadka,DEF,525000.0000000003,770375.1147124919,770981.4971514822,59938.507458129156
karl darlow__1990-10-08,,,,670043.5842834887,670043.5842834887,
karl hein__2002-04-13,Karl Hein,GK,4500000.000000002,4975394.143719122,5006065.954483473,814784.1191596881
karlan grant__1997-09-18,,,,2545826.488629287,2545826.488629287,289598.26362873265
karljohan johnsson__1990-01-28,,,,178494.64618480543,178494.64618480543,11064.643456053534
karlo muhar__1996-01-17,,,,797966.7701315472,825235.9345223592,74481.95095483812
karol angielski__1996-03-20,,,,644742.6107575947,646327.6134915488,4440.903370817555
karol linetty__1995-02-02,Karol Linetty,MID,2000000.0000000016,2721218.283692919,2695804.8408222324,180196.69883635538
karol mets__1993-05-16,,,,1033169.8754313918,1012954.507666833,87607.92572087335
karol swiderski__1997-01-23,,,,3398637.368912668,3543067.7830615854,361980.1175228781
kartal ylmaz__2000-11-04,Kartal Yılmaz,MID,2499999.9999999995,2424251.337459593,2415135.7651454667,70704.21679175714
kasey bos__2004-05-08,,,,1348367.9591962902,1387662.2905583456,71044.0955825017
kasey palmer__1996-11-09,,,,1732445.5022575129,1769487.0769279508,132463.63369281992
kasper boogaard__2006-01-29,,,,793423.4610259319,853632.5104219556,134998.73135566112
kasper dolberg__1997-10-06,,,,9822529.915839737,9097134.415538372,1392352.5282740442
kasper jrgensen__1999-11-07,Kasper Jørgensen,DEF,974999.9999999999,1312962.892605411,1311407.7953926427,48013.838298586765
kasper schmeichel__1986-11-05,,,,1356339.3432865308,1356339.3432865308,
kassoum ouattara__2004-10-14,,,,4661476.841835046,4661476.841835046,834542.2824244187
kay tejan__1997-02-03,,,,673896.278357138,673896.278357138,34407.89558425758
kaye furo__2007-02-06,Kaye Furo,FWD,1899999.9999999993,1649159.1324822567,1644699.2855492171,77107.50126502484
kazeem olaigbe__2003-01-02,,,,2439432.468841557,2457724.9864126244,159451.8625557578
kazmcan karatas__2003-01-16,Kazımcan Karataş,DEF,1350000.0,1431096.6317950406,1442800.375099097,73548.4098245738
kazuki nagasawa__1991-12-16,Kazuki Nagasawa,MID,324999.9999999999,292998.2225405954,292629.0344932072,4301.095848525855
keanan bennetts__1999-03-09,,,,410745.33921836916,396493.0569289562,30257.707666891107
keano vanrafelghem__2003-08-02,,,,892886.8928786225,892886.8928786225,
keanu baccus__1998-06-07,,,,700998.8291718047,700998.8291718047,35621.21885624134
keelan adams__2001-11-13,,,,285006.3433376895,285978.5339921099,14218.541227976206
kees smit__2006-01-20,Kees Smit,MID,16000000.000000026,9110865.196676632,8623309.320041813,1329793.780249453
keidi bare__1997-08-28,,,,1294771.3083385387,1288714.262349516,95127.67165855473
keinan davis__1998-02-13,Keinan Davis,FWD,3650000.000000001,3734940.502328153,3852423.8940872257,326202.45539986866
keisuke goto__2005-06-03,,,,572966.3725896955,572966.3725896955,43324.06499954844
keita balde__1995-03-08,,,,1894331.3989354912,1894331.3989354912,279851.2334367125
keito nakamura__2000-07-28,Keito Nakamura,MID,9500000.000000015,8611813.399085058,8731019.87788605,324128.237699673
keke topp__2004-03-25,,,,2873043.8783638566,2740868.7130837683,299798.02275991975
kelechi iheanacho__1996-10-03,,,,3468933.9760229695,3442193.313612401,374659.38883880957
kelechi nwakali__1998-06-05,,,,773279.6161694664,773279.6161694664,
kelian nsona__2002-05-11,Kélian Nsona,MID,1075000.0,1060167.2085771244,1052282.5752605065,28262.35443143302
kelle roos__1992-05-31,Kelle Roos,GK,379999.9999999999,161800.45282253626,160348.57116761545,9636.166269394796
kelven frees__2005-02-03,,,,510439.5524905141,510439.5524905141,
kelvin amian__1998-02-08,,,,2991104.250503891,2991104.250503891,
kelvin boateng__2000-03-24,,,,593212.3863873053,598016.991108459,21539.07943164219
kelvin yeboah__2000-05-06,Kelvin Yeboah,FWD,3299999.999999998,2745971.970071755,2702392.1233774554,242068.3517044853
ken nkuba__2002-01-21,,,,1086852.9208619432,1086852.9208619432,66073.38108137206
kenan bilalovic__2005-06-22,,,,406458.5792332483,402797.27063625556,39942.66993726889
kenan karaman__1994-03-05,,,,1970651.0156338855,2021075.446563606,105161.12653930116
kenan kodro__1993-08-19,,,,1281438.929400929,1281438.929400929,
kenan yldz__2005-05-04,,,,44342294.35283062,47329690.92298527,11891648.009666864
kenay myrie__2006-09-06,,,,447352.9731381835,447352.9731381835,
kenjivan boto__1996-03-07,,,,369244.7678034986,428906.40366448276,142271.45559561913
kenneth omeruo__1993-10-17,,,,567105.7680836159,589255.8830747537,62527.273152867216
kenneth paal__1997-06-24,,,,1237213.1303288792,1237213.1303288792,235774.3685121258
kenneth schmidt__2002-06-03,,,,1768306.0106969106,1768306.0106969106,69797.08880105178
kenneth taylor__2002-05-16,,,,18604919.60868937,18590849.182535656,191153.27754919094
kenny mclean__1992-01-08,Kenny McLean,DEF,1200000.0000000005,1560965.2563506842,1590050.3348651775,61836.26452111361
kenny nagera__2002-02-21,,,,593155.7495993841,600373.6367322517,56600.868642141795
kenny tete__1995-10-09,,,,9593060.921442023,9612676.536908094,733959.92873565
kenzo goudmijn__2001-12-18,,,,1899828.3399667572,1917212.6359559158,189492.41302693143
kepa arrizabalaga__1994-10-03,Kepa Arrizabalaga,GK,9249999.999999987,9746496.36085271,9746496.36085271,541947.6686826769
kerem akturkoglu__1998-10-21,,,,19246405.685016457,18963778.946842697,530043.20565901
kerem demirbay__1993-07-03,,,,2490363.6867357264,2490363.6867357264,148489.0250903957
kerim mrabti__1994-05-20,,,,2052697.95859521,1969422.8434159486,173019.46016266927
kervin arriaga__1998-01-05,,,,3627998.5594161893,3627998.5594161893,185645.43919432358
kevin akpoguma__1995-04-19,,,,2870766.782853653,2889852.638342014,47802.140965276005
kevin appin__1998-01-20,,,,1200957.2634996818,1200957.2634996818,
kevin behrens__1991-02-03,,,,923536.0648433274,909783.707835282,71041.38143597092
kevin boma__2002-11-20,,,,1844900.9509229057,1844900.9509229057,
kevin castano__2000-09-29,Kevin Castaño,MID,6000000.0,5635858.887937513,5545257.039418085,417273.50670512964
kevin chamorro__2000-04-08,,,,1315675.2295088617,1272051.871571261,87070.77852406954
kevin danois__2004-06-28,,,,9465788.22407565,9465788.22407565,
kevin danso__1998-09-19,,,,27859787.306842856,27340416.65833022,2056134.6314633419
kevin de bruyne__1991-06-28,,,,31458807.126559705,32424088.638049196,2088905.821770789
kevin denkey__2000-11-30,,,,10255055.169266274,10033925.760528363,1760391.7214089732
kevin diks__1996-10-06,,,,7573612.652812198,7835316.677352456,846668.64398369
kevin gadellaa__2003-04-08,,,,372706.60017819126,373120.4596373746,16647.03374618685
kevin hoog jansson__2000-09-29,Kevin Höög Jansson,DEF,700000.0000000006,818117.2801660256,818117.2801660256,58090.09759064932
kevin keben__2004-01-26,,,,2480664.289140634,2547832.54699743,159178.09217932218
kevin kelsy__2004-07-27,Kevin Kelsy,FWD,2700000.0,1937044.5273460043,1970394.956689168,77593.97214133371
kevin mac allister__1997-11-07,,,,8405426.273254702,8311347.047073515,391585.4198632985
kevin mbabu__1995-04-19,,,,1860222.2412168833,1873351.0247078876,51661.725411794934
kevin mcdonald__1988-11-04,,,,147606.89151893437,147606.89151893437,32275.22388397988
kevin mouanga__2000-07-24,,,,1082268.2017513195,1082268.2017513195,
kevin muller__1991-03-15,Kevin Müller,GK,700000.0000000006,719844.3669080222,720195.8767017208,37432.62273632593
kevin ndoram__1996-01-22,,,,813547.3874072491,833891.3478128538,61024.349579019006
kevin nisbet__1997-03-08,,,,1848633.8590455533,1851438.441272175,218009.10063433688
kevin paredes__2003-05-07,Kevin Paredes,DEF,7249999.999999998,7520462.760909082,7471549.900019427,520447.76957813365
kevin piscopo__1998-02-06,,,,1092575.4639707983,1123300.2451071108,154837.53306082822
kevin prieto__2003-06-27,Kevin Prieto,DEF,800000.0000000005,794915.9338916569,792670.6236920473,40630.77768891232
kevin rodriguez__2000-03-04,Kevin Rodríguez,FWD,1750000.0,1781794.6269488253,1797799.2021353631,136621.0884642303
kevin ruegg__1998-08-05,,,,588593.2866446299,589264.8923227044,61317.17919647463
kevin schade__2001-11-27,Kevin Schade,MID,27999999.99999999,27775485.239661988,27533648.414227337,880623.76992628
kevin sessa__2000-07-06,,,,1797204.6152952767,1812709.3508536047,52775.541280153346
kevin sibille__1998-09-15,,,,391516.7304338585,391718.6562033838,20469.324783730834
kevin stoger__1993-08-27,,,,3043744.3132873336,3030590.576625554,190004.62096817628
kevin theophilecatherine__1989-10-28,,,,588916.5437832384,588916.5437832384,9083.03907876276
kevin trapp__1990-07-08,,,,2587316.877844693,2621193.8851054017,359359.2679192736
kevin tshiembe__1997-03-31,,,,804882.0687584485,821142.0333322532,77883.96770748644
kevin van den kerkhof__1996-03-14,,,,1659227.075467061,1659227.075467061,
kevin vogt__1991-09-23,,,,2043779.5665293112,2057076.722844424,106276.7959884272
kevin volland__1992-07-30,,,,1397484.9891500748,1470570.583396804,154327.2853866484
kevin yakob__2000-10-10,,,,1325592.336057882,1325592.336057882,74308.96081895204
kevin zeroli__2005-01-11,,,,1692417.5769160881,1692417.5769160881,
keyshawn wongasoij__2006-10-01,,,,274189.06386179244,268633.2321154367,16340.959502950325
khaled narey__1994-07-23,,,,2419031.9349106476,2419031.9349106476,495424.9531192718
khalil fayad__2004-06-09,,,,2993620.376257275,3053638.488808789,292703.6888099093
khalis merah__2007-02-24,Khalis Merah,MID,4700000.000000004,4695670.280291684,4608483.887721262,714840.171673959
khayon edwards__2003-09-12,,,,532702.2737749486,532702.2737749486,25805.142507719596
khephren thuram__2001-03-26,,,,34701819.95352095,36385583.52670906,4493129.807126542
khusniddin alikulov__1999-04-04,,,,1182806.1814365974,1183618.8763236725,64651.6619945002
khvicha kvaratskhelia__2001-02-12,,,,96982356.65158673,100518705.66237697,18962952.087214634
kialonda gaspar__1997-09-27,,,,3391526.020489281,3264529.814648209,240834.4644923914
kian fitzjim__2003-07-05,,,,4161434.667963212,4161434.667963212,
kieffer moore__1992-08-08,,,,1968604.3600593978,1968604.3600593978,670422.2387149613
kieran dowell__1997-10-10,,,,2065604.266131091,2065604.266131091,7331.233923063754
kieran ohara__1996-04-22,,,,219918.78528950494,224768.20881118404,15631.65177452377
kieran trippier__1990-09-19,,,,4420962.392060301,4420962.392060301,360210.6096108328
kiernan dewsburyhall__1998-09-06,,,,20866630.113302656,20866630.113302656,
kieron bowie__2002-09-21,,,,1109477.3681098046,1109477.3681098046,
kijana hoever__2002-01-18,,,,4727456.835160914,4835840.547340412,545881.9151978723
kilian fischer__2000-10-12,,,,4192063.355373785,4116384.2282094224,151504.02759123093
kilian jakob__1998-01-25,Kilian Jakob,DEF,549999.9999999998,592372.4852993937,620287.2347902431,68128.96341461386
kilian ludewig__2000-03-05,Kilian Ludewig,DEF,462500.00000000006,511753.52130382665,530170.2383946781,40542.68340933864
kiliann sildillia__2002-05-16,,,,4115741.1944476394,4136387.1681485726,233193.5181855
killian phillips__2002-03-30,,,,1125299.4046202924,1134778.7954875175,19291.770632975833
killian sardella__2002-05-02,,,,6234878.878136261,6234878.878136261,522332.2226171336
kingsley coman__1996-06-13,,,,31796587.604003012,31796587.604003012,
kingsley schindler__1993-07-12,,,,723734.6065918949,761830.6248860375,77310.67850612104
kingstone mutandwa__2003-01-05,,,,1312566.579703968,1261426.7070181733,108842.29335096161
kion etete__2001-11-28,,,,1084506.1467783414,1134353.5616168843,110751.60759612049
kirian rodriguez__1996-03-05,,,,7277277.766303128,7333724.926991692,505578.89680754376
kiril despodov__1996-11-11,Kiril Despodov,MID,6749999.999999997,6941534.472924379,6935788.589160874,357495.19227033324
kjell peersman__2004-05-21,,,,546428.7971480727,540400.3378995905,18662.72651166611
kjell scherpen__2000-01-23,,,,4761611.8653620565,4761611.8653620565,496375.72707762953
kjell watjen__2006-02-16,,,,2584971.7489848845,2584971.7489848845,47921.315426694775
kjetil haug__1998-06-12,,,,1589368.3948025312,1653011.7332599722,138182.48711188682
ko itakura__1997-01-27,,,,10199264.22303844,10153788.698821593,99349.63533201549
kobbie mainoo__2005-04-19,,,,24249613.25843324,24303075.326734304,1389502.7305885432
kobe cools__1997-07-25,,,,1327369.623101517,1304084.8700353354,84750.69259460954
kobe corbanie__2005-05-10,,,,1381246.3881991976,1381246.3881991976,
kodai sano__2003-09-25,,,,12401958.478403687,10863618.521928325,4343158.88876596
koen casteels__1992-06-25,,,,10093893.080194663,10093893.080194663,1188184.2109905367
koen kostons__1999-09-18,Koen Kostons,MID,999999.9999999997,1267438.9157115358,1282040.860798799,37921.56232518676
koen van langendonck__1989-06-09,Koen Van Langendonck,GK,139999.9999999999,176958.62468909123,174877.1880406941,16581.922966987513
koffi kouao__1998-05-20,,,,1822570.0108553858,1822570.0108553858,
kofi balmer__2000-09-19,,,,466942.55300943134,470896.5800126047,22906.465257173455
koji miyoshi__1997-03-26,,,,1454695.4637546674,1454695.4637546674,
kojo peprah oppong__2004-06-04,,,,2945470.4399159695,2930358.4440147127,204465.82529444242
koki ogawa__1997-08-08,,,,1584813.7490907563,1584813.7490907563,
koki saito__2001-08-10,,,,3176992.7443080815,3176992.7443080815,249745.70900192493
kolbeinn finnsson__1999-08-25,,,,750487.0968731754,881547.0318966635,237073.88178636774
konan ndri__2000-10-27,,,,1564463.5218667416,1564463.5218667416,
koni de winter__2002-06-12,,,,10432980.057345804,10432980.057345804,548104.1089817217
konrad de la fuente__2001-07-16,,,,1323832.9995778892,1323832.9995778892,
konrad laimer__1997-05-27,Konrad Laimer,DEF,28999999.999999948,27245839.163967412,27303156.569258265,1796388.9400180026
konstantinos chrysopoulos__2003-05-21,,,,997058.2803115584,997058.2803115584,144898.6647668631
konstantinos doumtsios__1997-09-20,,,,417351.8630480796,417351.8630480796,31954.3829491622
konstantinos karetsas__2007-11-19,,,,7789622.963300007,7138981.465219807,1154859.7328086067
konstantinos koulierakis__2003-11-28,,,,10943703.414258573,11204502.392200883,651266.8678651209
konstantinos laifis__1993-05-19,,,,1034904.2325386085,1023437.8236025028,125403.99041468327
konstantinos mavropanos__1997-12-11,,,,9789145.087681452,9649773.648917254,218491.93428302015
konstantinos thymianis__2001-02-28,,,,1386761.3152787685,1386761.3152787685,193741.16628935313
konstantinos tzolakis__2002-11-08,,,,21246242.170389608,20553258.9446076,3874986.9825329348
koray gunter__1994-08-16,,,,1086070.3689845323,1109285.1510587735,73379.14637917427
korede osundina__2004-02-13,,,,874816.7609669262,874816.7609669262,121375.49455838531
korey smith__1991-01-31,,,,326483.1244283116,334914.4704979182,25944.730934171806
kosta barbarouses__1990-02-19,Kosta Barbarouses,MID,512499.9999999997,417689.08328130195,422451.06510563305,29042.077089648137
kosta nedeljkovic__2005-12-16,,,,6459383.65962465,6565991.124521101,303171.1413644835
kostyantyn vivcharenko__2002-06-10,,,,1958386.0147696068,1991572.5222073856,109008.31777361534
kota takai__2004-09-04,,,,5924813.920816157,5845999.818186738,251520.51172021165
kotaro uchino__2004-06-19,,,,412198.8066694817,410919.1058517608,10523.777131361809
krepin diatta__1999-02-25,,,,4284608.538043808,4284608.538043808,
kristers tobers__2000-12-13,,,,1492431.6713039847,1543583.081022942,116669.89086340654
kristian arnstad__2003-09-07,,,,3632802.915394902,3621571.40646566,174701.01840555793
kristian bilovar__2001-02-05,,,,1634479.777105817,1634479.777105817,157728.78128209748
kristian dennis__1990-03-12,,,,181265.20747517515,183931.9770798938,19609.796309287212
kristian hlynsson__2004-01-23,,,,2102297.050140527,2102297.050140527,297845.9784316191
kristian pedersen__1994-08-04,Kristian Pedersen,DEF,812499.9999999993,716845.5724345328,718788.4028477526,11408.883117993222
kristian thorstvedt__1999-03-13,,,,7216161.685459215,7216161.685459215,
kristijan jakic__1997-05-14,,,,4796120.621184519,4756186.308245582,373959.2585675522
kristijan trapanovski__1999-08-14,,,,517849.6295347488,517849.6295347488,124.95679691071594
kristjan asllani__2002-03-09,,,,6727308.562072732,6727308.562072732,
kristoffer ajer__1998-04-17,,,,9760620.309610564,9591404.172998302,1404304.6184926187
kristoffer askildsen__2001-01-09,,,,1478503.5675591826,1478503.5675591826,94982.09867150807
kristoffer klaesson__2000-11-27,,,,879891.8959929975,886879.1351260236,57735.35468275668
kristoffer lund__2002-05-14,,,,2984009.2284281254,2984009.2284281254,
kristoffer nordfeldt__1989-06-23,,,,201967.06514499363,201967.06514499363,
kristoffer peterson__1994-11-28,Kristoffer Peterson,MID,899999.9999999995,1203320.11481687,1184224.6660621522,86287.08805557723
krisztian keresztes__2000-01-04,Krisztián Keresztes,DEF,337500.00000000006,280430.2587842272,280853.7054760072,37214.89057906389
krys kouassi__2007-03-08,Krys Kouassi,MID,287499.9999999999,301477.6094625726,308401.9979031802,19390.07235216055
krystian bielik__1998-01-04,,,,1882598.0052049926,1783217.666311676,297473.7539005224
krzysztof koton__2003-05-17,,,,710017.9731410559,692432.8300858226,102711.11476106172
krzysztof piatek__1995-07-01,,,,4350129.467698652,4350129.467698652,
kwadwo baah__2003-01-27,,,,1651885.338791637,1665262.2406994498,215631.62347436836
kyan vaesen__2001-04-13,,,,1202486.6817830447,1218403.7338574817,48142.58347303992
kye rowles__1998-06-24,,,,1414406.9399825186,1414406.9399825186,
kyle edwards__1998-02-17,,,,475995.16942949325,475995.16942949325,
kyle jameson__1998-09-11,,,,210771.32535719065,210771.32535719065,
kyle john__2001-02-13,,,,454092.5616780016,488344.52627595805,93353.83429643758
kyle knoyle__1996-09-24,Kyle Knoyle,DEF,425000.0000000001,461090.01680468133,463416.3151003979,17764.42934540333
kyle walker__1990-05-28,,,,2253043.519960285,2253043.519960285,33180.063928399315
kyle walkerpeters__1997-04-13,,,,10434599.319369454,10703709.212914063,1144241.3061140531
kylian kaiboue__1998-08-20,,,,1416816.8644279547,1356571.386527655,85421.54683452414
kylian mbappe__1998-12-20,,,,125525461.44589761,125525461.44589761,5870466.437927899
kyliane dong__2004-09-27,Kyliane Dong,DEF,999999.9999999997,963230.437966867,985424.033135901,41168.03518709837
kyogo furuhashi__1995-01-20,,,,4042954.01717214,4008784.8831942007,430937.8004553166
kyriani sabbe__2005-01-26,,,,5535336.219320536,5535336.219320536,1440127.5093737
ladislav krejci__1999-04-20,,,,20553903.2524942,20553903.2524942,936682.8042727032
lado akhalaia__2002-07-01,Lado Akhalaia,FWD,187500.0,326703.76365581027,328892.83553603536,19704.42014562962
lameck banda__2001-01-29,,,,2055335.4171661583,2055335.4171661583,701089.9702183974
lamine camara__2004-01-01,Lamine Camara,MID,19249999.99999997,24038732.55356895,24601557.294507407,2333923.5868319618
lamine diack__2000-11-15,,,,1204731.706296622,1187245.4667141766,43848.23450109526
lamine fomba__1998-01-26,,,,1460802.0465789726,1444844.4659873687,72886.74765431305
lamine gueye__1998-03-13,,,,554757.2543269151,557176.5671517698,22970.62314410646
lamine sy__2002-08-10,,,,1555573.644763092,1555573.644763092,4716.6224818169985
lance duijvestijn__1999-01-15,,,,1235542.9961927698,1207821.7701791006,48633.362965909895
lapo nava__2004-01-22,,,,390627.9130119686,390627.9130119686,2417.615683247921
largie ramazani__2001-02-27,,,,6911946.126770634,6911946.126770634,
lars dietz__1997-01-07,Lars Dietz,DEF,525000.0000000003,577919.0880580137,582296.9454210234,21407.204915225982
lars kramer__1999-07-11,,,,1898010.190901385,1932562.874780856,139946.90182298992
lars lokotsch__1996-05-17,Lars Lokotsch,FWD,537500.0000000003,701870.01525482,685141.6442399818,50810.23971951775
lars olden larsen__1998-09-17,,,,979756.4003919523,979756.4003919523,199921.90822909502
lars unnerstall__1990-07-20,,,,1197267.5685039712,1194424.1533526536,101355.67216465536
lasse berg johnsen__1999-08-18,,,,2368886.9823059756,2368886.9823059756,
lasse gunther__2003-03-21,,,,1336131.597515659,1263040.8743166237,146237.62182220683
lasse nordas__2002-02-10,Lasse Nordås,FWD,1400000.0000000007,1031244.9921123605,1026557.3172858565,38169.06700715086
lasse rie__2001-07-27,,,,1130438.9695544343,1127341.9672500398,26597.684088538015
lasse wilhelm__2003-03-20,,,,680190.0443148192,683030.9648628837,48349.491514513225
lassina traore__2001-01-12,Lassina Traoré,MID,3449999.999999999,2695918.598964068,2646041.983332349,168906.09823641472
lassine diarra__2002-11-11,,,,668492.7304986968,660003.2647335902,26261.35364935375
lassine sinayoko__1999-12-08,,,,5470395.691397629,5626349.505477309,691813.5776079448
laszlo benes__1997-09-09,László Bénes,MID,2750000.0,2590675.9874594854,2584478.981194429,301843.9634373509
laurent abergel__1993-02-01,,,,4603327.003254808,4505570.256348957,468106.53372939146
laurent lemoine__1998-04-24,,,,910066.3380779586,938484.6331202089,70177.62243109978
laurin ulrich__2005-01-31,,,,1839183.3392072497,1975004.8401953857,241235.10110671225
laurs skjellerup__2002-08-12,,,,950439.8502467381,950314.4918499945,24833.793766720355
lautaro blanco__1999-02-19,Lautaro Blanco,DEF,4250000.000000002,4723440.021757911,4709480.522136465,134444.5075056974
lautaro giannetti__1993-11-13,Lautaro Giannetti,DEF,1699999.9999999988,1413317.2916960707,1413317.2916960707,52302.15872364942
lautaro martinez__1997-08-22,,,,98341767.02882184,99815896.51992011,11531415.191322872
lautaro valenti__1999-01-14,,,,1461819.3194421076,1493532.4033638434,58243.59644393548
lawrence agyekum__2003-11-23,,,,1291919.3724667958,1316967.5416105487,180298.07927474205
lawrence ofori__1998-06-28,,,,2191730.9258353836,2187755.5717389677,71133.50702850759
lawrence shankland__1995-08-10,,,,3691453.849908287,3691453.849908287,70329.97396691519
lawrence thomas__1992-05-09,,,,632222.8427574675,632222.8427574675,40967.01457036183
lawrence vigouroux__1993-11-19,,,,1822969.983407673,1822969.983407673,
layton stewart__2002-09-03,,,,750469.7833946361,750168.3283008169,31922.749647680426
lazar carevic__1999-03-16,,,,1405730.6882262677,1446484.409345117,271523.68621390325
lazar jovanovic__2006-11-30,,,,1397811.453983509,1397811.453983509,78258.46432972148
lazar rosic__1993-06-29,,,,943792.8135572429,931340.2371889967,72257.66717021928
lazar samardzic__2002-02-24,,,,12978458.529152855,13063503.276582256,1256237.5965769084
lazaros rota__1997-08-23,Lazaros Rota,DEF,4750000.000000003,5381688.758449674,5381688.758449674,723002.3511737802
leander dendoncker__1995-04-15,Leander Dendoncker,DEF,4750000.000000003,3836250.966673536,3740662.043231824,344673.8676535326
leandre kuavita__2004-05-31,Léandre Kuavita,MID,1299999.9999999993,1026617.5519197553,1035516.8017690186,18230.424919691184
leandro barreiro__2000-01-03,,,,8248074.544717383,8248074.544717383,
leandro cabrera__1991-06-17,,,,2668363.8372427523,2605712.5608031033,310594.9164102064
leandro chichizola__1990-03-27,,,,287632.75191910425,287632.75191910425,
leandro gonzalez pirez__1992-02-26,,,,1541097.6560256078,1541097.6560256078,
leandro paredes__1994-06-29,Leandro Paredes,MID,12750000.000000002,14430009.511169732,14678133.98817534,1101303.6749935308
leandro sanca__2000-01-04,,,,826882.7102390752,826882.7102390752,
leandro trossard__1994-12-04,,,,28783538.625829786,29238381.41803777,3193879.585041876
leart pacarada__1994-10-08,,,,1778786.6656308544,1806059.6791941882,97896.59764990478
lee nicholls__1992-10-05,,,,393242.1682786836,393242.1682786836,16501.024182972462
leeroy owusu__1996-08-13,,,,803915.3793257851,808848.385342794,61658.380055563575
leif davis__1999-12-31,,,,8635146.877029004,8671085.94610793,467881.2214774686
leighton clarkson__2001-10-19,,,,2088103.8552301219,2038733.765821699,157916.81672790594
lennard hartjes__2003-04-07,Lennard Hartjes,MID,899999.9999999995,941079.4402590962,941079.4402590962,10731.837990324344
lennard maloney__1999-10-08,,,,2894831.359222443,2894831.359222443,
lennart grill__1999-01-25,,,,724385.8794840345,718017.6590055015,15657.09317281032
lennon miller__2006-08-25,,,,4607824.735506574,4607824.735506574,217202.35576416404
lenny pintor__2000-08-05,,,,873433.6244643292,873433.6244643292,14465.619740826172
lenny vallier__1999-04-24,Lenny Vallier,DEF,899999.9999999995,956066.4850413935,944405.8038045458,43209.36444232939
leny yoro__2005-11-13,Leny Yoro,DEF,41749999.99999995,30897544.119914334,30617666.627250932,995223.5076630445
leo castledine__2005-08-20,,,,1739238.5718234938,1739238.5718234938,
leo greiml__2001-07-03,,,,1925997.9167327634,1925997.9167327634,10188.015673894195
leo leroy__2000-02-14,Léo Leroy,MID,1750000.0,2483904.4065448022,2386503.619578029,223479.91162937213
leo oppermann__2001-08-28,,,,364449.12213351263,364449.12213351263,
leo petrot__1997-04-15,,,,1372184.6259626474,1380098.4343940075,16970.116882001214
leo sauer__2005-12-16,Leo Sauer,MID,6999999.999999995,8321445.606258579,8981297.620279826,1666972.987916873
leo stigard__1999-11-28,Leo Østigård,DEF,8000000.000000002,8535514.16428971,8562883.254579972,519232.0708812259
leo weinkauf__1996-07-07,,,,535823.8866721499,550531.8995834839,41130.326457329276
leon avdullahu__2004-02-23,,,,7071338.174740292,6864521.543159498,502208.2151111627
leon bailey__1997-08-09,Leon Bailey,MID,20249999.999999978,19992779.643012755,21112219.42573974,2972710.0839881133
leon dajaku__2001-04-12,Leon Dajaku,MID,887500.0000000002,633633.562151023,633633.562151023,8871.6533947198
leon goretzka__1995-02-06,,,,18842048.164314914,18843908.054872602,43518.20090486132
leon guwara__1996-06-28,,,,375984.8046791926,370971.6096637678,20851.119532843153
leon klanac__2007-03-01,,,,239198.1354139951,236960.59793804894,7922.35635018987
leon klassen__2000-05-29,,,,787641.749661288,787641.749661288,6167.969591994791
leon mccann__2000-03-16,,,,255981.62504466248,259041.99773835123,19438.92514890997
leon opitz__2005-04-11,,,,1175288.6284335156,1117622.8502540328,251614.41578917287
leon reichardt__2004-06-28,,,,454878.26836421585,454878.26836421585,30010.748114251837
leonardo balerdi__1999-01-26,Leonardo Balerdi,DEF,24999999.999999963,28264346.4968974,28260399.155440643,870158.5811325633
leonardo bertone__1994-03-14,,,,1334764.7798436028,1324679.3294094675,63921.02842242204
leonardo candellone__1997-09-15,,,,1305583.6607071783,1298042.1513118339,99887.8081154487
leonardo cerri__2003-03-04,,,,2125542.142883758,2125542.142883758,16395.830183708462
leonardo koutris__1995-07-23,,,,1310975.9197975297,1310975.9197975297,
leonardo loria__1999-03-28,Leonardo Loria,GK,412500.0000000001,432670.644133596,432670.644133596,38089.819200564096
leonardo mancuso__1992-05-26,,,,1081879.734729264,1081879.734729264,18019.19212268703
leonardo marson__1998-01-05,,,,352380.6408871031,353139.179406191,6866.639775298888
leonardo mendicino__2006-06-25,,,,592307.2544185336,592307.2544185336,17603.476902949507
leonardo pavoletti__1988-11-26,,,,380551.5446867751,380551.5446867751,
leonardo spinazzola__1993-03-25,,,,8902833.128625192,8902833.128625192,
leonel montano__1999-10-02,,,,559158.1023426631,559158.1023426631,
leonidas stergiou__2002-03-03,,,,3556458.841074053,3556458.841074053,
leopold zingerle__1994-04-10,,,,643974.7660745425,643914.1775725982,31471.22504421371
lequincio zeefuik__2004-11-26,Lequincio Zeefuik,FWD,1075000.0,1042333.2844101931,1012181.0926658281,63140.51641891934
leroy sane__1996-01-11,,,,33130638.313191354,33130638.313191354,738490.3159812634
lesley ugochukwu__2004-03-26,Lesley Ugochukwu,MID,17749999.999999993,17084630.25438614,16585037.68371712,1515311.9049395144
levent mercan__2000-12-10,,,,3687595.469906508,3687595.469906508,
levi colwill__2003-02-26,,,,35222776.263404414,35264524.07430304,1904692.6914560397
levi smans__2003-03-25,,,,1541237.4970499189,1541237.4970499189,
lewin blum__2001-07-27,,,,2679172.365074778,2690028.823893468,150193.82334867667
lewis baker__1995-04-25,Lewis Baker,MID,2000000.0000000016,1816270.636495194,1816270.636495194,226991.9912655693
lewis brunt__2000-11-06,,,,1262107.2408990199,1300147.6097133472,160752.794482425
lewis dobbin__2003-01-03,,,,3968760.567061916,3968760.567061916,
lewis dunk__1991-11-21,Lewis Dunk,DEF,4500000.000000002,4955739.90043815,4840031.579718994,440402.8887962128
lewis ferguson__1999-08-24,,,,18911881.11476373,18911881.11476373,
lewis gibson__2000-07-19,,,,2584891.381212655,2584891.381212655,
lewis holtby__1990-09-18,,,,468261.1332913681,457751.3630195842,42271.29548316476
lewis jamieson__2002-04-17,,,,301958.09873711446,324985.5653869781,41036.09655737377
lewis koumas__2005-09-19,,,,3105768.12981249,3105768.12981249,843936.0315594894
lewis mayo__2000-03-19,,,,1161791.3466977235,1161791.3466977235,
lewis miley__2006-05-01,Lewis Miley,DEF,17999999.999999985,26037365.802443903,26647642.836074106,5042873.3824350685
lewis miller__2000-08-24,Lewis Miller,DEF,1200000.0000000005,1394100.1223802068,1405437.8163295132,107227.4037690325
lewis montsma__1998-04-25,,,,616294.077169565,614846.4963610978,49216.395518752826
lewis morgan__1996-09-30,,,,2993055.860692777,3089544.4167766552,350619.66069110093
lewis neilson__2003-05-15,Lewis Neilson,DEF,825000.0000000006,881168.6294166477,888480.6072010084,55018.35534866489
lewis obrien__1998-10-14,,,,2837271.9554579826,2706805.6228920133,290384.9923579894
lewis orford__2006-02-18,,,,642630.414988145,642630.414988145,55111.24760765933
lewis richards__2001-10-15,,,,345034.60158957774,345034.60158957774,
lewis warrington__2002-10-10,,,,386891.7169509532,386891.7169509532,44090.4780354543
liam boyce__1991-04-08,Liam Boyce,MID,230000.0000000001,192491.48214473567,186096.4623010034,36555.335159099086
liam cooper__1991-08-30,,,,879715.1433369153,859727.6418723987,42066.725643929974
liam delap__2003-02-08,Liam Delap,FWD,31999999.999999955,38947256.245179765,39222697.757983044,4160928.768911213
liam donnelly__1996-03-07,,,,496546.90940292843,496546.90940292843,
liam gibbs__2002-12-16,,,,1539118.4300971343,1539118.4300971343,99240.50622583709
liam gordon__1996-01-26,,,,470939.1695748628,458682.353142925,62375.07191097166
liam henderson__1996-04-25,,,,1160645.80600792,1164107.0909105998,126628.70725860733
liam henderson__1996-08-23,,,,216202.23709438383,208520.6038854069,21221.381198568313
liam kelly__1990-02-10,,,,198606.86440428672,189636.59368160125,25859.91234090239
liam kelly__1995-11-22,Liam Kelly,MID,387499.99999999977,408278.7249788765,408494.6790113397,20033.91470874297
liam kelly__1996-01-23,,,,667107.0668510981,667107.0668510981,
liam lindsay__1995-10-12,,,,1493754.9649555143,1459507.489126328,81196.81446574807
liam millar__1999-09-27,,,,2394982.1327653322,2394982.1327653322,
liam morrison__2003-04-07,,,,1548289.2688067032,1548289.2688067032,
liam polworth__1994-10-12,,,,407983.644089768,402612.59304764075,22350.84983549074
liam scales__1998-08-08,,,,5672554.5208320925,5672554.5208320925,
liam shaw__2001-03-12,,,,701898.3726614136,712126.4590139885,57254.820805396455
liam shephard__1994-11-22,Liam Shephard,DEF,205000.0,217871.97407284705,215501.9050085001,18823.212898799444
liberato cacace__2000-09-27,Liberato Cacace,DEF,2550000.0,3445397.608399209,3608565.0968050715,744018.2712057818
liel abada__2001-10-03,Liel Abada,MID,5800000.0,4861464.819165568,4861464.819165568,215657.3164837296
lilian brassier__1999-11-02,,,,10317000.780866321,10317000.780866321,293234.4810563722
lilian raolisoa__2000-06-16,Lilian Raolisoa,DEF,1949999.999999999,2285563.187982865,2204122.8077003397,152346.47625266662
lindon selahi__1999-02-26,,,,1506654.7914949805,1457408.9805955943,237840.58218683006
lino tempelmann__1999-02-02,,,,1689391.953866741,1719771.103360081,93799.75195458424
linus gechter__2004-02-27,,,,2057835.0215246605,2057835.0215246605,
lion lauberbach__1998-02-15,Lion Lauberbach,FWD,1575000.0000000002,2412367.8864594665,2446179.5708840573,73009.60207424796
lionel carole__1991-04-12,,,,461582.3873816227,461582.3873816227,9284.7469883352
lirim qamili__1998-06-04,,,,1375207.1859072482,1375207.1859072482,19264.5041145388
lisandro lopez__1989-09-01,,,,623432.8836961432,623432.8836961432,
lisandro magallan__1993-09-27,,,,1560946.705775301,1607616.8135378635,153804.27140138458
lisandro martinez__1998-01-18,,,,27361870.96477786,27777189.76627431,1345609.4809047028
lisandru olmeta__2005-07-21,,,,683348.6676341369,674918.040570521,25912.651533896227
lisandru tramoni__2003-04-18,,,,803707.0618733943,803707.0618733943,124843.68484765208
livano comenencia__2004-02-03,,,,619911.8671549205,617261.8785775742,46242.68882860067
lloyd jones__1995-10-07,,,,1094665.6356654312,1094665.6356654312,73184.64335409939
lloyd kelly__1998-10-06,,,,13153481.876609722,13153481.876609722,492571.2724680807
logi tomasson__2000-09-13,,,,1797794.5492186393,1797794.5492186393,231394.40359157103
lohann doucet__2002-09-14,,,,1466366.3665206393,1466366.3665206393,
loic bade__2000-04-11,,,,20123671.47612911,20341555.492721528,563499.864439733
loic nego__1991-01-15,,,,747498.9183097674,728429.7333093202,118115.18364959468
loick ayina__2003-04-20,Loick Ayina,DEF,337500.00000000006,455770.4761019343,456576.5764623189,18208.033359438843
lois openda__2000-02-16,Loïs Openda,FWD,41749999.99999995,38553312.21594204,38536951.662175596,2363611.9012592733
lorenco simic__1996-07-15,,,,945675.3562853643,945675.3562853643,27914.636811365708
lorenz assignon__2000-06-22,,,,8665212.034089537,8545772.987507349,396434.2279709866
lorenzo amatucci__2004-02-05,Lorenzo Amatucci,MID,2449999.9999999995,3345346.5517711053,3345346.5517711053,241238.14178272072
lorenzo andrenacci__1995-01-02,,,,398789.26212284237,395270.6026916792,15530.541955838244
lorenzo bernasconi__2003-11-16,,,,2104949.5549950753,2104949.5549950753,247309.14122324547
lorenzo carissoni__1997-02-07,,,,693080.031119931,693080.031119931,
lorenzo colombo__2002-03-08,,,,6469728.71569826,6614961.843561307,280548.1718821824
lorenzo crisetig__1993-01-20,,,,1035021.0004990178,1035021.0004990178,107123.510838621
lorenzo dickmann__1996-09-24,Lorenzo Dickmann,DEF,1200000.0000000005,1194681.928072462,1183515.3231900567,93363.31976404648
lorenzo ignacchiti__2004-04-25,,,,930849.4964152635,950318.6114470116,48443.041853973016
lorenzo lucca__2000-09-10,,,,10892524.567248669,10892524.567248669,
lorenzo melgarejo__1990-08-10,,,,1146675.9599222261,1153416.6282352458,61567.97726683327
lorenzo montipo__1996-02-20,,,,4617597.3258893825,4623882.8304819865,201271.0218810066
lorenzo moretti__2002-02-26,Lorenzo Moretti,DEF,499999.99999999977,551516.3330793259,552269.4748569473,27857.24837340244
lorenzo palmisani__2004-06-12,,,,660635.8034756228,681311.7985667938,63923.87224919135
lorenzo pellegrini__1996-06-19,Lorenzo Pellegrini,MID,22750000.000000004,18204481.24674454,18204481.24674454,309354.0201740188
lorenzo pirola__2002-02-20,,,,12159410.504254907,12159410.504254907,400786.5365179673
lorenzo scipioni__2004-11-24,,,,2130568.460137932,2130568.460137932,
loris benito__1992-01-07,,,,825317.0056230014,825317.0056230014,14226.28003531337
loris mouyokolo__2001-05-22,,,,892168.7986704254,903964.7616199194,48989.61600752186
louie barry__2003-06-21,,,,2048816.3906106278,2080154.495776149,481688.3564065144
louis appere__1999-03-26,,,,489254.12262212316,475514.57714600826,28221.108337455535
louis bostyn__1993-10-04,,,,283409.04818687873,289394.39719876734,10811.703427165665
louis fortin__2002-01-12,,,,370204.6290778639,391181.3553704765,44571.21680619323
louis leroux__2006-01-23,,,,4599158.124040755,4453826.730258848,806710.1224117283
louis mafouta__1994-07-02,,,,995526.2238760047,1034246.3508632157,89429.86336158417
louis moult__1992-05-14,,,,235571.46134018005,243409.5928137759,24571.63238771656
louis mouton__2002-06-03,,,,3177556.0700830966,3234981.954995719,183304.20639859507
louis munteanu__2002-06-16,,,,4024053.9791668546,4024053.9791668546,334322.63125103636
louis patris__2001-06-07,Louis Patris,DEF,2199999.9999999995,2322554.896875311,2322554.896875311,90147.70797823611
louis schaub__1994-12-29,,,,957229.450471889,978840.6796098778,80290.45306515104
louis thompson__1994-12-19,,,,465764.8646063449,465764.8646063449,46149.03508267797
louis verstraete__1999-05-04,,,,1628109.0945024164,1628109.0945024164,72513.85353323394
louka prip__1997-06-29,,,,1177046.430813604,1135399.8328312829,79484.76419772893
loum tchaouna__2003-09-08,,,,6333818.641102778,6333818.641102778,332378.8695471517
lovro golic__2006-03-05,,,,805507.1736566651,776915.0976959689,50875.60758750931
lovro majer__1998-01-17,,,,13146547.782381617,13125683.613190833,571952.7558971989
lovro stubljar__2004-08-09,,,,515253.4765323695,520629.8603096359,21963.59388803522
lovro zvonarek__2005-05-08,,,,1160645.8783999477,1160645.8783999477,
lubomir satka__1995-12-02,Ľubomír Šatka,DEF,1699999.9999999988,1609903.661089778,1609903.661089778,137384.0469518034
luc de fougerolles__2005-10-12,,,,1280028.7336152254,1252429.3959516971,146590.93805710113
luc ihorst__2000-03-07,,,,490491.1422870624,492473.92552766117,16398.822339423874
luc marijnissen__2003-01-09,,,,988649.01474156,988649.01474156,66533.72280885177
luca bazzoli__2000-11-01,,,,796709.4667015246,796709.4667015246,7564.299665358934
luca belardinelli__2001-03-14,,,,1145306.111892693,1148310.4789845396,60798.84425246187
luca connell__2001-04-20,,,,1177561.994217134,1177561.994217134,
luca dandrea__2004-09-06,,,,955067.5614388853,955067.5614388853,
luca itter__1999-01-05,,,,1098116.4956972534,1117786.1969659477,100165.79436099489
luca kerber__2002-03-10,,,,2169993.4183966694,2176347.0301407767,236520.685428011
luca kilian__1999-09-01,,,,1097192.3265459114,1104780.3498042922,75335.57493517033
luca kjerrumgaard__2003-02-09,,,,1726400.4989590577,1750838.9848688256,135808.4368442943
luca koleosho__2004-09-15,,,,6814287.630143213,6752598.448382739,302427.43882717204
luca lezzerini__1995-03-24,,,,838401.8914579828,838401.8914579828,
luca lipani__2005-05-18,Luca Lipani,MID,3200000.0000000023,1801108.5241073705,1801108.5241073705,110244.81841546121
luca mazzitelli__1995-11-15,,,,2316626.4565891786,2463736.033746137,301835.8505282832
luca moro__2001-01-25,,,,1602203.6788902138,1602203.6788902138,
luca netz__2003-05-15,Luca Netz,DEF,5050000.000000004,4911789.563378694,4911789.563378694,654494.2464859881
luca oyen__2003-03-14,,,,1633721.756638059,1647834.818762359,106740.01376914013
luca palmiero__1996-05-01,,,,619496.7869871571,619496.7869871571,
luca pellegrini__1999-03-07,Luca Pellegrini,DEF,4000000.0000000005,5415978.949044757,5294014.508250812,470322.3199316677
luca philipp__2000-11-28,,,,1024155.1802586212,1024155.1802586212,29401.477335922704
luca plogmann__2000-03-10,,,,815728.7058048518,815728.7058048518,29018.636971115993
luca raimund__2005-04-09,Luca Raimund,MID,850000.0000000005,875088.1020011338,874376.8553183821,26269.042348050043
luca ranieri__1999-04-23,Luca Ranieri,DEF,7249999.999999998,7463033.77889215,7504425.505918929,433033.3565859594
luca ravanelli__1997-01-06,,,,1523775.2738516466,1500728.007745619,93681.57501964612
luca ross__2006-08-11,,,,208469.22096197473,207089.623836688,17225.2333068703
luca schuler__1999-03-22,,,,862348.2500422645,862348.2500422645,
luca valzania__1996-03-05,,,,996364.5558546572,996364.5558546572,
luca vignali__1996-01-11,Luca Vignali,DEF,1099999.9999999998,1084521.5563430565,1141288.968821238,132566.66503938977
luca waldschmidt__1996-05-19,,,,4192762.689456023,4192762.689456023,763562.5209659259
luca wollschlager__2003-02-08,Luca Wollschläger,FWD,462500.00000000006,440931.0389367941,443718.5017751872,11196.912478631859
luca zanimacchia__1998-07-19,,,,1809815.969742689,1809815.969742689,283483.6596088379
luca zidane__1998-05-13,Luca Zidane,GK,1750000.0,1090413.932659992,1090413.932659992,38399.75456972437
lucas alario__1992-10-08,Lucas Alario,FWD,1499999.9999999986,1530899.4403847405,1530899.4403847405,12111.618272436432
lucas beltran__2001-03-29,,,,10861611.402402276,10940642.153305389,828643.4845613773
lucas bergstrom__2002-09-05,,,,1280883.064003616,1280883.064003616,164739.35483978488
lucas bergvall__2006-02-02,,,,24624749.192916468,24624749.192916468,
lucas boye__1996-02-28,,,,4644209.003969019,4644209.003969019,432158.20102632
lucas buades__1997-12-28,,,,893596.1350463952,893596.1350463952,
lucas castro__1989-04-09,Lucas Castro,MID,437500.0000000004,548755.9282548334,551049.4147775639,63005.75094838231
lucas cepeda__2002-10-31,Lucas Cepeda,MID,4349999.999999996,4369743.191300961,4468258.806932092,736827.9056188092
lucas chaves__1995-08-09,,,,1608786.1369062767,1591155.1899485295,226654.19408025674
lucas chevalier__2001-11-06,Lucas Chevalier,GK,42000000.00000003,35893279.03331755,36112287.69815566,2775870.359280721
lucas copado__2004-01-10,,,,1292899.3739097642,1328286.806260935,198426.27229189026
lucas da cunha__2001-06-09,,,,8869111.073544748,9462880.671812734,1133372.5503193724
lucas digne__1993-07-20,,,,11872340.729488507,11872340.729488507,1304870.0523640797
lucas gournadouath__2003-08-05,Lucas Gourna-Douath,MID,7500000.000000002,2801498.7064186893,2653440.051522591,372889.88288977096
lucas hernandez__1996-02-14,Lucas Hernández,DEF,23249999.999999963,23143290.164503142,23258833.487062916,1085714.4579234784
lucas hey__2003-04-13,,,,3475234.3418183047,3475234.3418183047,351912.9641441473
lucas hgsberg__2006-06-23,,,,4421346.21458084,4417870.617228536,306777.65075759275
lucas lissens__2001-07-25,,,,1032698.1306236302,1012738.3831313583,63404.59096300793
lucas lund__2000-03-19,,,,990516.0348580796,981375.3220852134,79558.87519375104
lucas martinez quarta__1996-05-10,,,,6668106.938782921,6443401.155482726,649940.7034335027
lucas masoero__1995-02-01,,,,974957.6377599211,968500.3509031158,44215.59715628131
lucas michal__2005-06-22,,,,1712238.8502547473,1704155.45724475,137505.76336628187
lucas mincarelli__2004-01-05,Lucas Mincarelli,DEF,2000000.0000000016,2629575.0583467144,2629575.0583467144,
lucas noubi__2005-01-15,,,,1419789.995525889,1375449.7514337217,126208.24974392718
lucas perrin__1998-11-19,,,,1977374.7396199638,1977374.7396199638,67559.54553805427
lucas pirard__1995-03-10,Lucas Pirard,GK,462500.00000000006,532401.9038637108,537584.8108310284,32837.14682136323
lucas possignolo__1994-05-11,,,,1005666.6682909627,1005666.6682909627,
lucas ribeiro costa__1998-10-09,Lucas Ribeiro Costa,MID,1150000.0000000005,1473684.634712372,1483768.9772346548,35891.62565171938
lucas robertone__1997-03-18,,,,2525603.0921961274,2525603.0921961274,57013.740789010895
lucas stassin__2004-11-29,,,,8489288.796916498,8158743.8576679,942604.8230124589
lucas torreira__1996-02-11,,,,28049229.544263016,27398981.579394042,2009407.0918962
lucas tousart__1997-04-29,,,,3839121.430717753,3866579.2383093443,89400.31551752484
lucca brughmans__2008-06-27,,,,665102.6085230737,665102.6085230737,38404.255627002465
luciano valente__2003-10-04,,,,16988098.051587936,16239795.444679035,2466204.875894955
lucien agoume__2002-02-09,,,,10561120.50570723,10561120.50570723,
luck zogbe__2005-03-24,,,,2377576.458017093,2377576.458017093,
ludovic ajorque__1994-02-25,,,,6514672.183885388,6584162.491460662,633973.6743214079
ludovic blas__1997-12-31,,,,10223132.946977207,9872364.288014302,623731.7535693045
ludovit reis__2000-06-01,Ludovit Reis,MID,4550000.0,2699422.6172258756,2508678.3961649323,367138.009010511
ludwig augustinsson__1994-04-21,,,,2534614.7127522007,2549637.815779294,133946.69110504157
ludwig vraa__2005-06-23,,,,491650.1530558446,491650.1530558446,
luigi cherubini__2004-01-15,,,,1640089.388587972,1640089.388587972,104711.31983304542
luis asue__2001-07-09,,,,1738031.605012382,1738031.605012382,55331.91257495404
luis binks__2001-09-02,,,,1888048.7636625175,1888048.7636625175,6834.396436623795
luis diaz__1997-01-13,Luis Díaz,MID,74249999.9999999,67892107.53176022,67892107.53176022,19841886.548982438
luis gorlich__2000-04-01,,,,479714.98662840854,479714.98662840854,34096.289110214006
luis hasa__2004-01-06,Luis Hasa,MID,1550000.0000000012,1624004.903612808,1605028.6588103361,82137.0771468126
luis palma__2000-01-17,,,,3283898.8354576593,3283898.8354576593,
luis suarez__1987-01-24,,,,3990663.2505334266,3990663.2505334266,404105.6271191106
luis vazquez__2001-04-24,,,,2505476.4771605395,2505476.4771605395,
luka gagnidze__2003-02-28,,,,713568.2231678031,713568.2231678031,9339.067045892707
luka gugeshashvili__1999-04-29,,,,1058627.451375759,1057405.1237129478,15055.278369817666
luka ilic__1999-07-02,,,,1845126.7523572084,1841575.5124683364,147589.06261470693
luka ivanusec__1998-11-26,,,,2999879.5373665886,3074482.8624963867,337502.58814926166
luka jovic__1997-12-23,,,,10456559.429248057,10510996.368380278,821953.9712199894
luka kulenovic__1999-09-29,,,,1446724.1593952775,1462032.849609644,93736.7181458423
luka lochoshvili__1998-05-29,,,,1531654.4153380236,1531654.4153380236,
luka modric__1985-09-09,,,,9738882.469949313,9738882.469949313,1553755.519268061
luka sucic__2002-09-08,,,,8553901.633410472,8708822.744263725,1130594.4710133397
luka tunjic__2005-11-19,,,,893501.5621096138,884634.9372310936,44094.06938710258
luka zahovic__1995-11-15,Luka Zahović,MID,1099999.9999999998,962323.797800181,970567.9680167732,28359.424816211627
lukas boeder__1997-04-18,,,,738652.3730199104,742116.6150066406,53549.337651191774
lukas daschner__1998-10-01,,,,2121518.773598333,2121518.773598333,
lukas engel__1998-12-14,,,,1602620.548054956,1763319.6308223004,423526.09893873276
lukas frode__1995-01-23,,,,488137.3555502263,489380.3287566018,32892.72924358481
lukas gortler__1994-06-15,,,,1592249.324503347,1622539.066579442,200598.00232434893
lukas hinterseer__1991-03-28,,,,313549.05522667844,326195.376201504,41362.70967407331
lukas hornicek__2002-07-13,,,,4400898.019821965,4400898.019821965,
lukas hradecky__1989-11-24,,,,3246177.9482871904,3072325.1344299484,434425.7234560105
lukas jager__1994-02-12,,,,477912.6957974448,477912.6957974448,1184.7130453564296
lukas jensen__1999-03-18,,,,1159687.737911505,1159687.737911505,
lukas klostermann__1996-06-03,,,,11086441.462387657,11001568.126734622,1111094.3134495995
lukas lerager__1993-07-12,,,,1384085.384138965,1361842.3292022613,140933.7661276237
lukas muhl__1997-01-27,,,,552411.3999498736,552411.3999498736,
lukas nmecha__1998-12-14,,,,10588680.809827743,10508753.986391462,843169.3657806125
lukas podolski__1985-06-04,,,,394953.2995976774,405800.1848458481,56661.14483729248
lukas spendlhofer__1993-06-02,,,,461898.8644917138,461898.8644917138,
lukas ullrich__2004-03-16,,,,7134316.100060944,7238152.008057395,511159.1127215786
lukas watkowiak__1996-03-06,,,,244938.34876518146,247424.12762104277,17166.315258415096
lukas willen__2003-04-25,,,,795875.0413463423,835261.2146734005,91724.61622608402
lukas zima__1994-01-09,,,,770225.2265667344,766005.3690653348,53095.22453063912
luke berry__1992-07-12,,,,628566.479852785,620150.8229288083,40894.8139704389
luke bolton__1999-10-07,,,,408909.2293099295,387580.6003158998,128481.17108792542
luke brattan__1990-03-08,Luke Brattan,MID,437500.0000000004,456162.08691035694,468150.6920001372,45355.37603687057
luke garbutt__1993-05-21,Luke Garbutt,DEF,299999.99999999977,337055.6052402514,337055.6052402514,30305.811998654375
luke harris__2005-03-04,,,,1805123.3414271579,1805123.3414271579,
luke le roux__2000-03-10,,,,1106243.0441752276,1106243.0441752276,
luke mccowan__1997-12-09,,,,3052959.588971613,2986570.9619427295,339219.89637595846
luke mcgee__1995-09-02,,,,169437.25855449744,169437.25855449744,3712.0528475795954
luke mcnally__1999-09-20,,,,2936773.091099632,2936773.091099632,232435.06999256765
luke onien__1994-11-21,Luke O'Nien,DEF,1600000.000000001,2341144.466372482,2301099.8040895066,91651.20626437076
luke plange__2002-11-04,,,,675767.0403924338,675767.0403924338,156055.32451236897
luke shaw__1995-07-12,,,,13120474.473294301,13120474.473294301,1853181.2877169114
luke southwood__1997-12-06,,,,502923.1825434153,520380.40533776535,74552.46907310015
luke thomas__2001-06-10,,,,2159059.9367977185,2159059.9367977185,282246.0155558179
lundrim hetemi__2000-02-18,,,,533598.9761498134,532235.4087438844,42557.572524982614
lutsharel geertruida__2000-07-18,,,,19347406.851477783,19577863.195592307,1571565.666029636
luuk brouwers__1998-05-03,,,,1207961.3955326765,1199020.9076793958,58090.52539038149
luuk de jong__1990-08-27,,,,4509724.790327712,4509724.790327712,
luuk koopmans__1993-11-18,,,,347532.5876234217,347532.5876234217,7021.668601815771
lyall cameron__2002-10-10,Lyall Cameron,MID,2100000.000000001,1813363.933002927,1740801.9918255436,136801.0810889924
lyes houri__1996-01-19,,,,1051360.6190763067,1057222.8260427113,29680.698052874766
lyle foster__2000-09-03,,,,5051048.769668745,5051048.769668745,
lynden gooch__1995-12-24,Lynden Gooch,DEF,1050000.0000000007,798405.5704054239,798405.5704054239,303000.73097931914
lyndon dykes__1995-10-07,,,,1789520.2312721934,1830848.9035936508,132296.8527828042
lynnt audoor__2003-10-13,,,,1948703.3492952473,1999548.3494831421,312698.12744549493
maarten paes__1998-05-14,,,,2202245.7043924886,2202245.7043924886,190231.99634942375
maarten vandevoordt__2002-02-26,,,,12862233.83514504,12862233.83514504,455432.33153417124
maas willemsen__2003-04-29,,,,979116.7888156631,978194.9492920975,36220.58531303105
macaulay tait__2005-08-27,,,,381115.1164793913,381115.1164793913,26605.456877039356
mads agger__1999-12-21,,,,721228.5235858948,721228.5235858948,76171.99134568058
mads emil madsen__1998-01-14,,,,2005083.9461435068,2005083.9461435068,
mads enggard__2004-01-20,,,,1109038.8663395743,1109038.8663395743,
mads frkjr__1999-07-29,,,,2835702.795891609,2760883.628086499,366073.3229436365
mads hansen__2002-07-28,,,,1855671.4085139544,1855671.4085139544,
mads hermansen__2000-07-11,,,,8079111.354720536,8079111.354720536,450075.24848607415
mads kikkenborg__1999-10-07,Mads Kikkenborg,GK,850000.0000000005,812688.2028586275,804138.6694167313,32320.47737467329
mads larsen__2001-09-20,,,,1294958.3476856337,1306088.6721536051,62465.55843089966
mads pedersen__1996-09-01,,,,1964000.054458682,1823708.36295609,298428.619414989
mads roerslev__1999-06-24,,,,5273180.3387016095,5378514.489811974,238501.674910566
mads sndergaard__2002-12-26,Mads Søndergaard,MID,1400000.0000000007,1210093.8674076858,1210093.8674076858,1067.6010623767002
mady camara__1997-02-28,,,,4206432.852583547,4250410.105844312,363513.2145874032
maghnes akliouche__2002-02-25,,,,32661060.34268909,32661060.34268909,
magnus christensen__1997-08-20,,,,379499.73705989716,379499.73705989716,
magnus jensen__1996-10-27,,,,794021.062218522,770960.8664830269,94407.16102678106
magnus knudsen__2001-06-15,,,,2434796.0745253,2441849.0926914765,83606.95575609009
magnus kofod andersen__1999-05-10,,,,1708986.4261870347,1782517.1722813214,149664.75176850776
magnus mattsson__1999-02-25,Magnus Mattsson,MID,2849999.999999999,2223756.071309589,2250975.349938994,159235.31234524472
magnus westergaard__1998-05-27,,,,732138.2769645925,725868.7509192217,13761.365568030153
magomed ozdoev__1992-11-05,,,,2982174.7378744143,2951488.165071842,214506.46632759296
mahamadou diawara__2005-02-17,Mahamadou Diawara,MID,2499999.9999999995,1966054.4787871158,1925295.1696005082,113707.56094518706
mahamadou doumbia__2004-05-15,,,,2603650.219872793,2526776.253744103,304670.2055124942
mahamadou nagida__2005-06-28,Mahamadou Nagida,DEF,1400000.0000000007,1682415.3892718845,1654311.8913660727,116193.53519008422
mahdi camara__1998-06-30,,,,13550925.071436377,13550925.071436377,
maher carrizo__2006-02-19,,,,8292294.160315758,8163986.747757112,709598.5319283117
mahir emreli__1997-07-01,,,,1627398.652812465,1543597.8315713333,263518.0199179537
mahmoud dahoud__1996-01-01,Mahmoud Dahoud,MID,3249999.9999999986,3267284.9664732274,3251827.1318620774,322863.71149411035
mahmut kucuksahin__2004-04-07,Mahmut Kücüksahin,MID,337500.00000000006,406256.8618495424,393045.64772595966,23464.92675015359
mai traore__1999-11-24,Maï Traoré,FWD,362499.9999999997,328043.3429194762,326051.17351582873,7795.600482586923
maidine douane__2002-08-23,,,,1356265.8568170744,1390369.3354538751,78591.02439413853
maik nawrocki__2001-02-07,,,,2047327.0149834023,2058139.161100213,219412.8697622646
majeed ashimeru__1997-10-10,,,,1489362.3629643368,1513978.4288302467,54362.12445179144
majid hosseini__1996-06-20,,,,1346144.5768973844,1346144.5768973844,178506.4514790611
makan aiko__2001-01-07,,,,902405.0073520276,902405.0073520276,
maksim paskotsi__2003-01-19,Maksim Paskotši,DEF,2349999.999999999,1535639.1797771575,1611501.3662763266,299037.65765370865
maksym dyachuk__2003-07-21,,,,1184934.3893451572,1190498.9714518571,53099.10292280979
maksymilian stryjek__1996-07-18,,,,617437.3843558936,617437.3843558936,10511.784810688296
malachi boateng__2002-07-05,Malachi Boateng,MID,974999.9999999999,1016102.0419155833,1008622.3415666437,33000.0172418127
malamine efekele__2004-07-19,,,,1004932.5497280699,1013725.8285617906,28744.06899299567
malang sarr__1999-01-23,Malang Sarr,DEF,7750000.000000002,9891045.015164634,9891358.688777383,859417.6157906502
malcolm jeng__2005-03-09,,,,1378593.31020847,1378593.31020847,
malcolm viltard__2002-10-24,Malcolm Viltard,DEF,875000.0,978425.6345058343,978342.7372642749,33629.13275563331
malcom bokele__2000-02-12,Malcom Bokele,DEF,3200000.0000000023,1975061.4274954132,1892305.963422452,141960.39256065973
malek el mala__2005-04-02,,,,429800.41358369123,426502.04171428346,24640.94064623126
malick fofana__2005-03-31,,,,21475089.232547734,21424899.275676742,2229548.1550213527
malick mbaye__2004-04-06,,,,1324442.20168831,1360004.2483965755,105476.77013768969
malik dijksteel__2001-07-08,,,,230029.1714235775,230029.1714235775,223.45048300419336
malik sellouki__2000-03-21,Malik Sellouki,MID,825000.0000000006,1073611.9551519684,1064161.8972888896,30939.72706841351
malik tchokounte__1988-09-11,,,,351823.033656661,345098.2609855091,52412.73556138832
malik tillman__2002-05-28,,,,40888857.8610385,39563393.78550643,2681406.88078196
malo gusto__2003-05-19,Malo Gusto,DEF,30000000.00000005,29829114.86889864,29540796.91055148,2230596.1810029317
malte amundsen__1998-02-11,,,,1132180.4683898287,1132180.4683898287,7141.166032658714
malthe hjholt__2001-04-16,,,,1233054.152751986,1233054.152751986,50310.76802469393
mamadou camara__2001-02-07,,,,869198.802121588,865399.6492626432,53552.63221490861
mamadou coulibaly__1999-02-03,,,,1117957.1354748628,1111277.4039921844,28555.163515151384
mamadou coulibaly__2004-04-21,,,,1508745.0493553588,1508745.0493553588,
mamadou diakhon__2005-09-22,,,,2620052.0898060864,2660193.9848013194,234302.58858504266
mamadou fall__1991-12-31,Mamadou Fall,MID,1200000.0000000005,1228296.8566314746,1212234.006471962,92656.52349985429
mamadou fofana__1998-01-21,,,,1718584.4790707838,1708440.261176595,59263.294136639735
mamadou loum__1996-12-30,,,,877078.9421844577,877078.9421844577,170555.14719380302
mamadou sangare__2002-06-26,Mamadou Sangaré,MID,12050000.00000001,12616679.277285598,12616679.277285598,1983349.382412674
mamadou sarr__2005-08-29,,,,17049388.78746006,17049388.78746006,1211752.5257783441
mamadou thierno barry__2005-03-20,,,,540741.4799584735,540741.4799584735,147174.2283740352
mamadou traore__1994-10-03,Mamadou Traore,DEF,812499.9999999993,698744.6308155577,680984.7684415558,63920.734177916514
mandela keita__2002-05-10,Mandela Keita,DEF,9249999.999999987,6170999.402795869,6242925.023400811,589595.8583913709
mannou berger__2004-10-15,,,,305608.58471357427,304247.71020989434,12683.545909283546
manolis siopis__1994-05-14,,,,1949069.3153039839,1949069.3153039839,60574.603688075054
manolo portanova__2000-06-02,,,,1535027.2002337654,1535027.2002337654,14418.342533705814
manor solomon__1999-07-24,Manor Solomon,MID,10250000.000000004,11311664.212212155,10821130.680974659,970184.8063799347
manuel akanji__1995-07-19,Manuel Akanji,DEF,23750000.00000003,24928080.452318482,24980343.1505023,2664100.4162085736
manuel de luca__1998-07-17,,,,1856689.0761067066,1744979.2892549443,249072.5559158726
manuel gasparini__2002-05-19,,,,331869.91897740535,331869.91897740535,
manuel lazzari__1993-11-29,Manuel Lazzari,DEF,7500000.000000002,8727242.5205817,8740238.535576936,175656.31889906776
manuel locatelli__1998-01-08,,,,37374943.27120012,37374943.27120012,5613916.613353432
manuel neuer__1986-03-27,,,,3381053.455416003,3367487.7418563226,164963.38200740033
manuel ugarte__2001-04-11,,,,22718366.842905197,23163591.494779613,1070148.0233135084
manuel wintzheimer__1999-01-10,Manuel Wintzheimer,MID,537500.0000000003,416780.1937357751,404766.2062957854,42068.41842350218
marash kumbulla__2000-02-08,,,,16035850.222259833,16035850.222259833,4190804.4574962314
marc bola__1997-12-09,Marc Bola,DEF,1650000.0000000007,2423618.6906341715,2456542.956549519,67938.24847379007
marc guehi__2000-07-13,Marc Guéhi,DEF,48499999.99999994,36685056.58358502,36384840.3617869,1581950.0250826299
marc leonard__2001-12-19,,,,1804364.38149966,1821848.47771858,158242.52276661538
marcandre ter stegen__1992-04-30,,,,11715099.293406697,11661349.671712827,1695506.0076813803
marcaurele caillard__1994-05-12,,,,499498.3166081435,500903.32410037343,29351.75729478619
marcel benger__1998-07-02,,,,856066.365993931,810464.0086858935,98192.81578580441
marcel hartel__1996-01-19,,,,4870493.051927224,5026033.97824883,419658.0576141844
marcel lotka__2001-05-25,,,,1121166.3092988296,1160609.092491611,102840.59084777744
marcel sabitzer__1994-03-17,Marcel Sabitzer,MID,13000000.000000013,15622511.416415522,15278511.584833005,2141485.218348797
marcel schuhen__1993-01-13,,,,1018782.6545331613,1018988.3609302142,45858.495395817474
marcel sobottka__1994-04-25,,,,1215846.69205101,1215846.69205101,
marcel wenig__2004-05-04,Marcel Wenig,MID,700000.0000000006,479001.418668848,443198.07914809015,62284.996186842975
marcelo diaz__1986-12-30,,,,278432.9578546274,278432.9578546274,18611.069796240194
marcelo saracchi__1998-04-23,Marcelo Saracchi,DEF,2000000.0000000016,2261807.173213447,2289750.7994445455,237586.10379998825
marco bizot__1991-03-10,,,,1734636.0778344837,1734636.0778344837,91539.25113944511
marco bleve__1995-10-18,,,,612998.2853814793,598005.730197561,46517.977381937904
marco brescianini__2000-01-20,,,,3079448.3322696476,3079448.3322696476,193873.4487219259
marco burki__1993-07-10,,,,515032.5594591353,503164.92552507075,39383.71816122024
marco carnesecchi__2000-07-01,,,,26030570.96206745,26030570.96206745,
marco curto__1999-01-05,Marco Curto,DEF,1499999.9999999986,1132388.0099230115,1106920.2087615444,108111.75009388063
marco dalessandro__1991-02-17,,,,595684.6577549558,593157.0175646255,26882.331107218277
marco festa__1992-06-06,,,,512029.02096861065,512029.02096861065,
marco friedl__1998-03-16,,,,12275010.494472595,12404333.432550754,899409.7075661422
marco frigerio__2001-07-16,,,,874053.385846038,881884.0153285213,25361.723003409625
marco ilaimaharitra__1995-07-26,,,,1736381.5161394216,1724847.730977533,95775.5287361872
marco imperiale__1999-05-01,Marco Imperiale,DEF,725000.0000000006,906023.5786416151,913055.4930652208,13439.928443442275
marco john__2002-04-02,Marco John,DEF,1650000.0000000007,1309858.2002232773,1308257.8427828925,87813.30710457839
marco kana__2002-08-08,,,,2124073.0072647072,2124073.0072647072,137219.0675172065
marco olivieri__1999-06-30,,,,664268.8772900586,673975.0685212171,28175.378349385846
marco palestra__2005-03-03,Marco Palestra,DEF,5900000.000000006,5190165.869411271,5126953.960153935,1040253.0060648379
marco pasalic__2000-09-14,,,,3045353.609926262,3045353.609926262,179942.4673195591
marco pellegrino__2002-07-18,,,,2375161.359317262,2375161.359317262,
marco perrotta__1994-02-14,,,,598857.4440965459,598857.4440965459,6754.349647391157
marco pissardo__1998-01-08,,,,192912.96524770546,197739.41293320555,12900.46031825383
marco pompetti__2000-05-22,,,,1277908.1883511292,1280211.0528896954,14442.450679352036
marco rente__1997-02-25,Marco Rente,DEF,1150000.0000000005,1050137.453934563,1054681.0688615018,64307.77303343247
marco reus__1989-05-31,Marco Reus,MID,4799999.999999999,3821209.740719116,3929650.78584248,547077.1307309907
marco richter__1997-11-24,,,,2412704.1373229083,2412704.1373229083,374907.15171519306
marco sala__1999-06-04,,,,1511594.682183642,1511594.682183642,124898.10872664339
marco schuster__1995-10-10,,,,544161.7744142149,544161.7744142149,36479.04236585985
marco silvestri__1991-03-02,,,,499389.7042281522,499389.7042281522,17232.682172164066
marco sportiello__1992-05-10,,,,2887604.830683674,2876770.621617424,598420.607259454
marco tilio__2001-08-23,,,,1141511.5271649426,1141511.5271649426,
marco varnier__1998-06-08,,,,1373858.3982207654,1368687.8022175645,66957.81042847091
marcos acuna__1991-10-28,,,,5405352.749805277,5629926.270850402,440723.6164797511
marcos lopez__1999-11-20,,,,2099741.38941649,2095176.1015093797,130391.75085574493
marcos peano__1998-10-15,,,,1110016.1108568,1136772.6824484684,54983.148465526065
marcos rojo__1990-03-20,,,,1278324.326820966,1278324.326820966,
marcos senesi__1997-05-10,Marcos Senesi,DEF,18500000.000000034,17102949.580474854,17060757.333967067,1335205.1586835757
marcus bettinelli__1992-05-24,,,,687235.9307492435,703648.4361933314,47920.9815325146
marcus bundgaard__2001-08-05,,,,753721.1707774635,734771.480774303,36265.81780302702
marcus dackers__2003-01-09,,,,416497.4674318395,416047.950564477,45754.70554731598
marcus edwards__1998-12-03,,,,8628276.20064383,8446394.78179496,864886.667752826
marcus forss__1999-06-18,,,,2037281.796102725,2053653.421098854,298233.68293157656
marcus fraser__1994-06-23,Marcus Fraser,DEF,425000.0000000001,379757.6749494142,379757.6749494142,33164.82166742833
marcus ingvartsen__1996-01-04,Marcus Ingvartsen,FWD,5349999.999999998,4504655.04744252,4430685.100456649,285362.31943400967
marcus linday__2003-06-02,,,,2293960.6862215227,2286973.744476098,116451.81923025695
marcus lindberg__2000-06-27,,,,1165131.4486929015,1165393.6546486642,34155.20024582391
marcus mathisen__1996-02-27,Marcus Mathisen,DEF,1450000.0000000002,1316517.288562454,1348946.5675251354,124602.7446816909
marcus mccoy__2005-08-24,,,,373870.0776012435,373870.0776012435,4868.403721818814
marcus mcguane__1999-02-02,,,,955510.7099396563,949221.0378870415,39728.58472155397
marcus muller__2002-08-20,,,,776403.0318533493,783518.240940773,29339.66399972995
marcus pedersen__2000-07-16,,,,3385825.0121054137,3385825.0121054137,164209.9466184816
marcus rashford__1997-10-31,,,,29455447.049575176,28941274.007716052,949585.3710347958
marcus tavernier__1999-03-22,,,,16159205.950170271,16159205.950170271,295660.09802269744
marcus thuram__1997-08-06,,,,58260007.20789608,55818475.75803837,5576545.243183343
mardochee nzita__2000-02-24,,,,984717.6052160736,988940.2438013288,87017.60858520847
marek rodak__1996-12-13,,,,3582831.6544769555,3550767.0797605067,235339.07131184085
marin pongracic__1997-09-11,,,,4842261.800760631,4709458.145169893,365677.4177640151
marin sverko__1998-02-04,,,,877899.1725872013,877899.1725872013,
mario dorgeles__2004-08-07,,,,2281150.385783294,2344941.8391396077,185283.73496180674
mario engels__1993-10-22,,,,606177.365030586,591813.6735851379,36462.96206226565
mario gotze__1992-06-03,,,,11509918.313824723,11373534.2077519,933171.4246634156
mario lemina__1993-09-01,Mario Lemina,DEF,9750000.000000004,9733800.344451679,10290693.662900968,1669827.7336802683
mario mitaj__2003-08-06,Mario Mitaj,DEF,3049999.999999998,1778093.7879787877,1797478.6240127105,143930.29009477538
mario pasalic__1995-02-09,,,,14258016.539684158,14215542.467104848,847749.9056082547
mario sampirisi__1992-10-31,,,,858761.2034052722,860543.5948076562,14062.324722998363
mario stroeykens__2004-09-29,,,,9765899.7108313,8844007.159852954,2737811.9786017747
marios vrousai__1998-07-02,,,,1783788.1829227624,1798090.249729977,159404.520696941
marius adamonis__1997-05-13,,,,772451.5341307269,772451.5341307269,11272.151288539373
marius broholm__2004-12-26,,,,2675272.040536737,2675272.040536737,3320.722278288901
marius bulter__1993-03-29,,,,4795043.9075533105,4795043.9075533105,
marius funk__1996-01-01,Marius Funk,GK,449999.99999999994,460882.23847755045,457277.6148657205,37552.26447347386
marius gersbeck__1995-06-20,,,,634344.0535179933,634344.0535179933,63694.339422144396
marius louer__2007-03-11,,,,257516.565901528,257516.565901528,
marius marin__1998-08-30,,,,1480967.4006585462,1480967.4006585462,160306.57350480134
marius mouandilmadji__1998-01-22,,,,3104013.9526988273,3227774.9919711854,227556.94250660544
marius muller__1993-07-12,,,,2299120.941921058,2488779.878322369,331694.6277310465
marius stefanescu__1998-08-14,Marius Ștefănescu,MID,1150000.0000000005,1075705.2971702977,1049919.9258402053,57126.951825507305
marius wolf__1995-05-27,Marius Wolf,DEF,3299999.999999998,4279666.886656103,4179520.912834661,286302.5942347497
mariusz stepinski__1995-05-12,,,,847356.0901877414,847356.0901877414,11832.422267105534
mark brink__1998-03-15,Mark Brink,MID,1299999.9999999993,1331943.6842347835,1294760.8064250355,106812.66648946104
mark flekken__1993-06-13,,,,5897951.06704737,5897951.06704737,
mark gillespie__1992-03-27,Mark Gillespie,GK,139999.9999999999,191217.25558348905,200527.62971792198,38047.592460500906
mark helm__2001-10-21,,,,489511.573428062,520880.7274918683,67767.20834114961
mark hoekstra__2006-02-10,,,,215053.21776121864,215053.21776121864,
mark kosznovszky__2002-04-17,,,,824923.7468391269,824923.7468391269,23545.6132840885
mark mckenzie__1999-02-25,,,,5873423.765404761,5850109.247841353,291310.2339537013
mark ohara__1995-12-12,,,,799729.7605405792,780941.9281733695,53705.97722332388
mark omahony__2005-01-14,,,,762127.6667145276,760093.0696165427,9371.135795060438
mark oxley__1990-09-28,,,,101417.79318372917,99040.3344780026,4741.204959579714
mark travers__1999-05-18,,,,3860248.88688093,3860248.88688093,
marko divkovic__1999-06-11,,,,830298.3788963773,830298.3788963773,
marko dmitrovic__1992-01-24,Marko Dmitrović,GK,3950000.0000000005,4940661.081680998,5012288.254364324,600125.3105283745
marko grujic__1996-04-13,,,,2494002.8703580364,2394014.9147996344,212254.20132784251
marko jankovic__1995-07-09,,,,1113200.9885798017,1113200.9885798017,112135.28255027393
marko jevtovic__1993-07-24,,,,1145515.2931203325,1145515.2931203325,36528.09207547244
marko livaja__1993-08-26,,,,9143449.824192494,9143449.824192494,479741.81281812955
marko milovanovic__2003-08-04,,,,1641087.4152251976,1627918.9358462724,126013.33544313253
marko pjaca__1995-05-06,,,,1457544.1680385957,1492382.1139214798,91085.80861127711
marko rog__1995-07-19,,,,1640217.6492642045,1640217.6492642045,
markus jensen__2005-07-15,,,,653618.420058942,653618.420058942,
markus kolke__1990-08-18,,,,209942.37632624153,219496.78816377086,25818.853533101534
markus solbakken__2000-07-25,,,,1641956.8944513672,1641956.8944513672,
markus walker__2006-11-23,,,,372987.1053210866,376599.71881513594,13996.940124692093
marley ake__2001-01-05,,,,1812912.7770768504,1802793.2262470338,63778.49187265131
marley watkins__1990-10-17,,,,274684.0872462417,276658.08179258177,6570.377470491126
marlon fossey__1998-09-09,,,,2253323.5629406627,2152774.291698424,250938.31821699894
marnon busch__1994-12-08,,,,2061933.0768825344,2115869.9139268436,128575.8675443636
marshall munetsi__1996-06-22,,,,4974319.108353323,4974319.108353323,914830.3429314623
marten de roon__1991-03-29,,,,8704498.289756546,8704498.289756546,
marten winkler__2002-10-31,,,,1725466.3954452057,1725466.3954452057,100607.52528075351
martial godo__2003-03-14,,,,4067845.7824641955,3961286.8542973646,246196.32044587465
martin adeline__2003-12-02,,,,1448830.0010633834,1452913.148519782,68070.26610359034
martin aguirregabiria__1996-05-10,,,,1105755.8283029129,1105755.8283029129,
martin baturina__2003-02-16,,,,23657625.045247883,23446879.321558133,1252655.170388326
martin boyle__1993-04-25,,,,1044635.0779717006,1044635.0779717006,47813.658525482344
martin degaard__1998-12-17,Martin Ødegaard,MID,77250000.00000004,88726286.17775212,84177984.57023704,13978479.711086273
martin delavallee__2004-03-18,,,,2268965.2780144718,2268965.2780144718,184565.461330967
martin dubravka__1989-01-15,,,,1504503.7216330245,1491719.9683007416,143059.5271214142
martin erlic__1998-01-24,,,,3087064.709303839,3137126.9302604645,282316.00182278367
martin frese__1998-01-04,Martin Frese,DEF,1750000.0,1800909.3426356534,1786235.977163321,49569.803345361135
martin georgiev__2005-09-24,,,,3209738.2344542732,3209738.2344542732,
martin hansen__1990-06-15,Martin Hansen,GK,100000.00000000003,128506.1559950302,128506.1559950302,8454.259910239658
martin linnes__1991-09-20,,,,751204.6666346692,757335.4436034022,25060.017666685115
martin minchev__2001-04-22,,,,1238933.7375264089,1238933.7375264089,
martin olsson__1988-05-17,,,,204160.29621805926,199030.81592139334,19714.814711464973
martin palumbo__2002-03-05,,,,548438.1317764068,548438.1317764068,
martin payero__1998-09-11,,,,3329284.8391737835,3329284.8391737835,154660.78201240307
martin remacle__1997-05-16,,,,894733.6193199683,857050.1560770066,88600.98796419408
martin satriano__2001-02-20,,,,7898679.633850074,7898679.633850074,131502.35626361784
martin sourzac__1992-03-25,,,,245685.28979348307,243010.9430239231,13713.699925882325
martin terrier__1997-03-04,,,,16078800.437487245,15116115.454279535,1906061.7691540276
martin turk__2003-08-21,Martin Turk,GK,749999.9999999998,767095.9841133334,766046.7230094037,54020.65593967117
martin valjent__1995-12-11,,,,6439448.0857369695,6114420.507513521,746803.6717846189
martin vitik__2003-01-21,,,,7362152.714026056,7438759.978925825,1119746.1712076417
marton dardai__2002-02-12,,,,1728947.9364561748,1943948.5183247789,404639.18830375705
marvelous nakamba__1994-01-19,,,,1259413.9459870788,1259413.9459870788,18167.461101912435
marvin cuni__2001-07-10,Marvin Çuni,FWD,1249999.999999999,1337641.327450031,1355635.0730617312,59152.3614917756
marvin ducksch__1994-03-07,,,,5735360.6782893585,5903681.144347245,389218.3701934945
marvin elimbi__2003-02-20,Marvin Elimbi,DEF,1124999.9999999995,1179770.2405758384,1165535.7226926344,71282.94959313955
marvin friedrich__1995-12-13,,,,2792698.0447202316,2768746.6492128633,205134.5611851836
marvin mehlem__1997-09-11,Marvin Mehlem,MID,2250000.000000001,2127699.172890442,2148866.5324051986,176521.26751947767
marvin obuz__2002-01-25,Marvin Obuz,MID,950000.0000000008,1021269.6071716658,1009844.9106467337,86205.70509516053
marvin peersman__1991-02-10,Marvin Peersman,DEF,375000.00000000006,465159.9809537601,433549.0409907768,76708.87358574555
marvin pieringer__1999-10-04,,,,5841701.447858125,5841701.447858125,
marvin schulz__1995-01-15,,,,921837.0532871339,898119.0620463884,117359.26410200894
marvin schwabe__1995-04-25,Marvin Schwäbe,GK,7750000.000000002,7258474.9481082745,7006027.014280848,749791.596141907
marvin senaya__2001-01-28,,,,2566100.8549634856,2619973.6469585528,331940.04781085113
marvin stefaniak__1995-02-03,,,,772375.3363974718,774116.7462202553,20597.41986805618
marvin wanitzek__1993-05-07,,,,3033240.8458159333,3033240.8458159333,272647.5083270289
marvin young__2005-10-02,,,,2465623.948478188,2415552.810180953,504568.2405227353
marwin hitz__1987-09-18,,,,491841.5459867567,467701.04867365235,47461.8042323552
maryan faryna__2003-08-28,,,,1449953.3794933674,1449953.3794933674,63596.679086890064
maryan shved__1997-07-16,,,,1560707.0434098658,1560707.0434098658,
mason burstow__2003-08-04,,,,1196819.828352033,1196819.828352033,133135.22845303404
mason greenwood__2001-10-01,Mason Greenwood,MID,46000000.00000004,56584017.58073747,60221388.91514717,6443381.529545588
massadio haidara__1992-12-02,Massadio Haïdara,DEF,1800000.000000001,1807339.1104674516,1815197.0853380272,229736.0397628498
massamba ndiaye__2001-10-08,,,,502514.87722506974,514495.5758492094,22370.88173060571
massamba sow__2004-06-13,,,,974345.6657781483,993439.8764359402,38916.26047311589
massimiliano mangraviti__1998-01-24,,,,990313.7826494618,990815.701972692,41506.55924656616
massimo bertagnoli__1999-02-26,,,,955587.8973303937,974296.5376311629,46695.45736255045
massimo coda__1988-11-10,,,,911235.2030505268,916703.947852686,55392.03762859343
massimo decoene__2004-02-11,,,,286635.8136927049,286635.8136927049,
massire sylla__2005-01-07,,,,601940.2237614546,599560.1639459998,58429.2987782177
matai akinmboni__2006-10-17,,,,316580.525422186,316580.525422186,23799.44004994447
matei ilie__2002-12-11,Matei Ilie,DEF,1487499.999999999,1819322.555764923,1810958.4657553844,124765.6500890425
matej hanousek__1993-06-02,,,,499680.39721265173,481337.34665037825,39385.36562216495
matej kovar__2000-05-17,,,,6877770.54560643,6894358.535083205,191453.22306901403
matej maglica__1998-09-25,,,,1551366.7843159372,1551366.7843159372,
matej rodin__1996-02-13,Matej Rodin,DEF,600000.0000000003,683802.4396116245,683802.4396116245,123457.46339223243
matej sin__2004-06-02,,,,9141255.338625358,9141255.338625358,985457.6015150534
matej vydra__1992-05-01,,,,2831071.2893919647,2772247.2897798014,347178.404998824
mateja stjepanovic__2004-02-20,,,,1138477.5132742296,1109831.2872852287,93236.57228092845
mateo biondic__2003-07-24,,,,692206.0043845021,703469.7254297305,106459.00548114175
mateo chavez__2004-05-12,,,,3972885.3487490527,4199552.633707367,695260.9885308541
mateo joseph__2003-10-19,,,,5279142.881762782,5279142.881762782,240327.93660422182
mateo kovacic__1994-05-06,,,,22488989.843967814,22488989.843967814,432956.7308183352
mateo pellegrino__2001-10-22,,,,2672934.2036991175,2582271.345163022,188877.58059770134
mateo retegui__1999-04-29,,,,42443535.62777586,42443535.62777586,
mateus uribe__1991-03-21,Mateus Uribe,MID,4250000.000000002,2591980.340770972,2591980.340770972,55997.60270413757
mateusz kowalczyk__2004-04-16,,,,2159309.7791956905,2159309.7791956905,
mateusz lis__1997-02-27,,,,3270745.953433655,3270745.953433655,221571.51322529538
mateusz praszelik__2000-09-26,,,,1158777.3382983217,1189314.5229638072,148462.19865609726
mateusz wieteska__1997-02-11,,,,2500952.380354265,2516077.716878338,37295.03308867285
mateusz zukowski__2001-11-23,,,,980319.8870976168,1009254.2606913036,170299.66694839566
mathew ryan__1992-04-08,,,,3583965.8191628736,3583965.8191628736,142453.1801675498
mathias de amorim__2004-12-10,Mathias de Amorim,MID,1600000.000000001,2409818.5590883885,2474230.57133841,151965.92982273287
mathias delorge__2004-07-31,Mathias Delorge,MID,7750000.000000002,5833431.082002896,5713536.586304382,314883.5893200653
mathias fixelles__1996-08-11,,,,867615.0723798783,867615.0723798783,89732.29818968728
mathias greve__1995-02-11,,,,1009934.4082173783,1102156.2799404783,287893.2497684591
mathias honsak__1996-12-20,,,,3219341.4303146577,3228684.6683093826,266529.00632173155
mathias jensen__1996-01-01,,,,10821288.81655824,10543087.823177015,1512572.3497062721
mathias jensen__2005-04-14,,,,410380.25331275025,409397.1744332047,34615.21048866988
mathias kjl__2001-06-27,Mathias Kjølø,MID,2050000.000000001,2822864.64893882,2761348.3173615863,112586.473319664
mathias kvistgaarden__2002-04-15,,,,5851104.217375462,5851104.217375462,171809.9142612347
mathias lvik__2003-12-06,Mathias Løvik,DEF,3400000.000000002,2248516.5328229647,2248428.7028209316,199309.24962438748
mathias olesen__2001-03-21,,,,1103684.2635899754,1109257.1875877809,29836.92942554291
mathias olivera__1997-10-31,,,,10392481.201492807,10264408.627347726,691864.1256944888
mathias pereira lage__1996-11-30,,,,3020583.495725509,3224339.911966306,503624.3091486153
mathias rasmussen__1997-11-25,,,,2925418.0196425086,2930953.0035612946,225664.331988856
mathias ross__2001-01-15,,,,775880.8712003727,801369.5802043669,89543.35502595452
mathias tomas__2001-01-30,Mathías Tomás,MID,850000.0000000005,924144.5170506309,934492.8882544063,20607.309829943857
mathieu cafaro__1997-03-25,,,,2336886.806968587,2336886.806968587,30183.57006237533
mathieu maertens__1995-03-27,,,,1377343.43018671,1369759.0273146965,86669.40723911974
mathieu michel__1991-09-04,,,,248685.2453532914,242581.4053887803,18225.0911110519
mathieu patouillet__2004-02-20,,,,817084.2907571556,802367.7091616481,44846.3107343678
mathijs tielemans__2002-04-26,,,,1908511.648773914,1848586.5918721622,194510.2231014482
mathis amougou__2006-01-18,,,,5661364.837212505,5661364.837212505,1156858.549490033
mathis clairicia__2002-08-30,,,,1506519.1444617491,1494159.708433856,27855.141387444968
mathis hamdi__2003-10-18,,,,267826.8988541491,273722.0752957433,18961.125960698955
mathis lambourde__2006-01-09,,,,1183417.5414347362,1173862.5823057299,76357.09596807748
mathis servais__2004-11-23,,,,1759803.6809517473,1852017.2123645283,219943.56350890239
mathys tel__2005-04-27,,,,32513808.96584401,32513808.96584401,3097787.423039321
matias dituro__1987-05-08,,,,566946.2105109566,585631.2929886144,38360.08810940256
matias fernandezpardo__2005-02-03,,,,12514866.003574045,12281547.928587511,526126.8539782471
matias galarza__2002-03-04,,,,6160263.772251318,6160263.772251318,
matias gonzalez__2002-02-28,,,,956828.3368014765,950248.8631599026,93204.79480150201
matias kranevitter__1993-05-21,,,,1490455.9032783203,1435155.3339062151,151678.99361684374
matias lacava__2002-10-24,Matías Lacava,MID,1299999.9999999993,1155320.284122811,1149018.0252434989,93664.40322328193
matias moreno__2003-09-24,Matías Moreno,DEF,3499999.9999999995,2508304.86004548,2482390.5269673234,236324.95588719638
matias perez__2005-04-13,,,,1654634.750328485,1614133.841862401,168938.0868282328
matias rocha__2001-02-13,Matías Rocha,DEF,999999.9999999997,1075412.477122179,1045076.6730054232,53742.60129191159
matias soule__2003-04-15,,,,27825610.929633286,28206219.62119198,4057905.766468899
matias vargas__1997-05-08,Matías Vargas,MID,7750000.000000002,9692126.391183479,9473627.804035563,1018026.6304756367
matias vecino__1991-08-24,,,,4608378.800637864,4673209.0771305,204978.73129381702
matija frigan__2003-02-11,Matija Frigan,FWD,7249999.999999998,8229299.554898775,8268491.867370147,438324.5012868137
matija mitrovic__2004-12-12,Matija Mitrović,MID,1699999.9999999988,2122985.3257753705,2153017.757439962,148899.50264341326
matisse didden__2001-10-08,Matisse Didden,DEF,2250000.000000001,1894934.7440035834,1862563.163201877,119679.10081308284
matisse samoise__2001-11-21,,,,2334496.757238151,2334496.757238151,304597.74317656754
mats deijl__1997-07-15,,,,2226565.298762921,2226565.298762921,215830.76314682653
mats egbring__2006-09-17,,,,566737.8875706622,564444.0541178056,33476.11031887904
mats knoester__1998-11-19,,,,912324.1636545369,912324.1636545369,
mats kohlert__1998-05-02,,,,2195727.3924294547,2213768.2526616263,98638.83955514434
mats rits__1993-07-18,,,,1302535.377223554,1302535.377223554,93347.39824503196
mats rots__2006-03-11,,,,2763869.7768901754,2809674.31753914,95228.05987177805
mats seuntjens__1992-04-17,,,,480694.63917956105,480694.63917956105,72341.38067875314
mats wieffer__1999-11-16,,,,24606852.31588568,24374276.451227225,1163313.9727626948
matt butcher__1997-05-14,,,,383097.5150037418,392392.7003598065,32775.41831908756
matt clarke__1996-09-22,,,,2087848.9973503544,2155958.3072479498,196257.1244951858
matt crooks__1994-01-20,,,,1813514.865480739,1782846.0569544528,84974.32435241099
matt dibleydias__2003-10-29,,,,294755.675502495,296186.14828500105,8888.12116541712
matt doherty__1992-01-16,,,,1749892.8380410527,1749892.8380410527,
matt grimes__1995-07-15,,,,3157627.743631609,3102286.1211167886,104109.17692814149
matt lendfers__2006-03-10,,,,274318.26752319187,274318.26752319187,7607.234305569244
matt macey__1994-09-09,Matt Macey,GK,375000.00000000006,279977.1176790476,283862.31879640906,33445.950674395994
matt miazga__1995-07-19,,,,2931106.521347729,2954128.048824531,190722.05606672476
matt oriley__2000-11-21,,,,14723620.296900608,14678707.777018744,1460895.5622927563
matt phillips__1991-03-13,,,,511305.95183734165,513462.3797515314,59759.58423590675
matt ritchie__1989-09-10,,,,304875.33905281464,311558.4904451582,71131.66559418937
matt targett__1995-09-18,,,,3232094.4432330146,3216753.169694092,164000.3707640144
matt turner__1994-06-24,,,,2860319.8396633267,2820105.240687199,214006.3378958508
matte smets__2004-01-04,Matte Smets,DEF,14250000.000000019,14038549.848069672,14466389.407287093,1127422.0229313555
matteo bianchetti__1993-03-17,Matteo Bianchetti,DEF,999999.9999999997,1208438.092300565,1225312.3325561518,103704.29763969798
matteo bignetti__2004-05-06,,,,390793.96231306205,398145.72201869986,34688.96573063697
matteo cotali__1997-04-22,Matteo Cotali,DEF,899999.9999999995,857513.7331194188,771326.1649060748,150417.60911945967
matteo darmian__1989-12-02,,,,3972641.5088345683,3972843.2751471675,326843.7133862603
matteo gabbia__1999-10-21,Matteo Gabbia,DEF,19000000.000000015,19378832.259119384,19562089.692821868,872112.408048416
matteo guendouzi__1999-04-14,,,,42610543.97814942,44051070.61321166,2721129.4297700147
matteo lovato__2000-02-14,Matteo Lovato,DEF,2700000.0,1306558.8263058842,1317036.6867027553,38211.63588831653
matteo palma__2008-03-13,,,,1126044.750205761,1126044.750205761,181697.14449857431
matteo perez vinlof__2005-12-18,Matteo Pérez Vinlöf,DEF,1450000.0000000002,1564740.8850515427,1562167.9794776626,36220.64617884782
matteo pessina__1997-04-21,,,,7808651.350836412,7987848.547916647,415210.5501325944
matteo politano__1993-08-03,,,,15626643.796596278,16371237.509751271,3403324.3167568813
matteo prati__2003-12-28,,,,4840260.866266959,4840260.866266959,723807.9517859874
matteo ricci__1994-05-27,,,,854078.1962226267,848935.6290632271,16797.74086938915
matteo rover__1999-02-20,,,,1182615.51847464,1182615.51847464,16987.24523052
matteo ruggeri__2002-07-11,,,,14801455.70899652,14801455.70899652,667441.4114208533
matteo tramoni__2000-01-20,,,,5427382.697381111,5427382.697381111,181380.34472666503
matthew cox__2003-05-02,,,,1049160.2181897492,1049160.2181897492,
matthew garbett__2002-04-13,Matthew Garbett,MID,800000.0000000005,763882.130345462,780511.6029783421,36668.104227286465
matthew hoppe__2001-03-13,,,,709000.4531113879,709000.4531113879,36820.21360495079
matthew pennington__1994-10-06,,,,561038.3981068349,561038.3981068349,
matthias bader__1997-06-17,,,,1434564.5559657167,1434564.5559657167,60335.739195944174
matthias ginter__1994-01-19,Matthias Ginter,DEF,14000000.000000007,15228309.820322698,14724107.555388533,1157363.7823589367
matthias kobbing__1997-05-28,Matthias Köbbing,GK,77500.00000000006,155704.322743545,157666.0199653194,4667.842687921471
matthias phaeton__2000-01-08,,,,923440.3045345793,960131.2086992664,163727.03765993772
matthias verreth__1998-02-20,,,,650008.713840181,650008.713840181,
matthieu epolo__2005-01-15,,,,6844919.998414325,6844919.998414325,89928.8174719602
matthieu udol__1996-03-20,,,,7569233.184816622,7569233.184816622,
matthis abline__2003-03-28,,,,12492173.48009506,12492173.48009506,1323637.583505319
mattia bani__1993-12-10,,,,2441405.4602242536,2425779.623695367,192419.0906495164
mattia compagnon__2001-11-06,,,,1084425.4751765772,1069368.9654171579,91482.0750018794
mattia felici__2001-04-17,Mattia Felici,DEF,1949999.999999999,3412525.7696772786,3412525.7696772786,
mattia finotto__1992-12-28,,,,912894.6760265973,912894.6760265973,
mattia perin__1992-11-10,,,,5859986.519846719,5593289.217224804,522466.33997125144
mattia valoti__1993-09-06,Mattia Valoti,MID,1249999.999999999,1203433.30617116,1194371.5993746587,28551.663119407618
mattia viti__2002-01-24,,,,4429231.108190849,4319618.155313125,649721.7530047225
mattia zaccagni__1995-06-16,,,,29881883.88158655,29881883.88158655,3263504.6389438505
mattia zanotti__2003-01-11,Mattia Zanotti,DEF,3750000.0000000023,4336571.045742785,4442722.315638286,389131.9000341198
mattias kait__1998-06-29,Mattias Käit,MID,812499.9999999993,735220.127973199,735717.9626665583,64400.77279055101
mattias svanberg__1999-01-05,,,,8508146.622343536,8619308.889831748,290683.7127365506
mattie pollock__2001-09-28,,,,2493809.257112473,2493809.257112473,282457.5716859549
mattijs branderhorst__1993-12-31,,,,907486.0296918455,907715.589289326,7065.833710886111
mattis hoppe__2003-07-23,,,,477125.4721143102,478542.38551357057,8891.246768269608
matty cash__1997-08-07,,,,28807441.406663466,29404019.83297421,1343910.1428702737
matty james__1991-07-22,,,,790792.0738009557,811387.9335310897,56912.054064753334
matty kennedy__1994-11-01,,,,504921.6557180006,522438.4210668411,74001.63862122885
matus bero__1995-09-06,,,,3278572.634420702,3156909.102607668,391500.52764294884
matvey safonov__1999-02-25,,,,18466178.729450658,18565097.280858893,263303.2439772982
matviy ponomarenko__2006-01-11,,,,1698134.3608586895,1711583.9940929613,150250.276331541
maurice malone__2000-08-17,,,,1897636.0125919462,1961724.2856045412,128498.94634375798
maurice multhaup__1996-12-15,Maurice Multhaup,MID,437500.0000000004,373555.5906310646,373555.5906310646,3434.73475231166
mauricio benitez__2004-02-03,,,,890223.0219685816,890223.0219685816,
mauro arambarri__1995-09-30,,,,15837002.081985421,15975567.180008145,1472794.4483057777
mauro icardi__1993-02-19,Mauro Icardi,FWD,12499999.999999985,11883284.754104616,11596953.619625166,928858.1377637181
mauro vigorito__1990-05-22,Mauro Vigorito,GK,104999.99999999997,155518.58361152542,155518.58361152542,761.5259028902823
mawouna amevor__1991-12-16,,,,336579.77742004674,314970.56780327717,40526.34555158257
max aarons__2000-01-04,,,,3092212.992117243,3092212.992117243,179527.6945916261
max albk__2006-02-19,,,,305129.23205287196,309149.19386149244,18431.749993918722
max anderson__2001-05-17,,,,497072.4693437101,497072.4693437101,9912.004420853247
max balard__2000-11-20,,,,949615.1799497675,949615.1799497675,
max bruns__2002-11-06,,,,2067467.1658093098,2109828.0527487816,139697.98493083345
max christiansen__1996-09-25,Max Christiansen,MID,912500.0000000002,598587.3536489813,576254.1495729012,42719.77989550569
max de ligt__2004-07-20,Max de Ligt,DEF,225000.00000000015,241666.6182285897,241666.6182285897,
max ejdum__2004-10-15,,,,1117839.3900374356,1124754.7865069895,18873.814368417407
max geschwill__2001-07-07,,,,1610600.2050539572,1610600.2050539572,
max meyer__1995-09-18,,,,1666894.1923908263,1666894.1923908263,27591.5763808415
max moerstedt__2006-01-15,Max Moerstedt,FWD,4949999.999999997,2314986.9631997887,2391547.8448971994,201673.12938360497
max reinthaler__1995-03-22,Max Reinthaler,DEF,349999.9999999997,329421.7490692141,328441.3603916378,18346.235410603567
max sanders__1999-01-04,,,,365175.28202471684,360799.39056833566,36281.56473352007
max schmitt__2006-01-18,,,,373651.05385604507,369079.63897917425,21404.374516440443
max scholze__2005-04-30,,,,565240.6218983553,565060.5736846285,56738.771161931436
max watters__1999-03-23,,,,305653.16949515557,305653.16949515557,
maxence caqueret__2000-02-15,,,,16188341.466339458,16188341.466339458,145114.96598811742
maxence lacroix__2000-04-06,,,,31323254.40367055,30793783.633527257,3142461.80243372
maxence maisonneuve__1999-02-11,,,,704542.115775422,704542.115775422,107517.51795672139
maxence prevot__1997-04-09,,,,593830.3067634515,587614.4475325921,24007.226667208433
maxence rivera__2002-05-30,,,,1428317.090501952,1428317.090501952,
maxi moralez__1987-02-27,,,,571457.8753403305,571457.8753403305,67090.68086142198
maxi oyedele__2004-11-07,Maxi Oyedele,MID,3499999.9999999995,2625217.652159444,2625217.652159444,
maxim dal__2006-01-26,Maxim Dal,DEF,324999.9999999999,297767.3658740327,297767.3658740327,
maxim de cuyper__2000-12-22,,,,28077465.719353326,26964464.04300525,3148134.4327190886
maxim dekker__2004-04-21,,,,1630625.9888569182,1630625.9888569182,159050.4538234616
maxime bernauer__1998-07-01,,,,1866500.1939722684,1883958.4032639663,150846.22298111854
maxime busi__1999-10-14,Maxime Busi,DEF,1499999.9999999986,1242796.042615604,1244077.5118770625,17352.864376631984
maxime delanghe__2001-05-23,Maxime Delanghe,GK,1400000.0000000007,935243.1144760647,931963.0188017818,40651.97453665819
maxime dupe__1993-03-04,Maxime Dupé,GK,1499999.9999999986,1728174.1816436816,1728174.1816436816,58286.75828436544
maxime esteve__2002-05-26,,,,16247651.892899135,15467742.169270907,1761753.779836632
maxime lopez__1997-12-04,,,,6718988.512032997,6718988.512032997,
maxime sivis__1998-04-01,,,,921272.3371052312,921272.3371052312,41490.35707009637
maximilian arnold__1994-05-27,,,,11539428.969300676,11483267.76663082,547451.6890736484
maximilian bauer__2000-02-09,,,,2152069.7740768953,2200073.525088881,99111.71748676685
maximilian beier__2002-10-17,Maximilian Beier,MID,26250000.00000004,22817529.187020212,22850670.806526262,3175277.4093128196
maximilian breunig__2000-08-14,Maximilian Breunig,FWD,1200000.0000000005,1367073.1887022706,1365177.117259468,71407.38128207697
maximilian ibrahimovic__2006-09-22,,,,1191515.446785328,1191515.446785328,19722.66878737717
maximilian kilman__1997-05-23,,,,11628591.116822395,10515322.860554054,2213050.0362750036
maximilian mittelstadt__1997-03-18,,,,23052363.652817648,22518079.212725732,2836871.411022564
maximilian schmid__2003-03-05,,,,506137.72633620084,515054.0621384233,39610.59518368015
maximilian ullmann__1996-06-17,,,,962916.7985531071,964540.369467071,84663.41252448788
maximilian wittek__1995-08-21,,,,2290936.6194680147,2290936.6194680147,38521.803299694424
maximilian wober__1998-02-04,,,,6477109.502560515,6477109.502560515,458928.92746552575
maximiliano caufriez__1997-02-16,,,,1143996.5919421532,1143996.5919421532,11824.317041256067
maximiliano lovera__1999-03-09,,,,1968983.5937805828,1968983.5937805828,140538.99067587245
maximiliano villa__1997-03-03,Maximiliano Villa,DEF,850000.0000000005,954386.6214881223,954386.6214881223,
maximo perrone__2003-01-07,,,,10425012.675336774,10425012.675336774,476717.085522992
maxwel cornet__1996-09-27,Maxwel Cornet,MID,9600000.0,4899294.506407501,4943446.600361624,349061.5200488038
maxwell woledzi__2001-07-02,,,,1405547.8501730266,1442513.9031316303,132858.4548198639
mayckel lahdo__2002-12-30,,,,1740209.064069253,1740209.064069253,52563.60934202428
mayssam benama__2005-03-09,,,,717779.9203066663,713488.1414137087,8418.698698973074
mbala nzola__1996-08-18,M'Bala Nzola,FWD,5150000.000000002,5661699.817105924,5687853.499757487,368159.17070439656
mbaye niang__1994-12-19,,,,1670726.0710490665,1684522.3603357319,55083.16367361389
medon berisha__2003-10-21,,,,3081343.3544990867,3078282.0549434493,261836.3070808718
mees de wit__1998-04-17,,,,1586855.9342471808,1586855.9342471808,13646.910037190757
mees hilgers__2001-05-13,,,,3718479.2074789535,3634396.150059372,157396.64222039463
mees hoedemakers__1998-02-18,Mees Hoedemakers,MID,1099999.9999999998,1319052.9000102857,1334366.665448192,44891.60948026756
mehdi boukamir__2004-01-26,Mehdi Boukamir,DEF,762499.9999999998,591902.8402691844,591902.8402691844,54925.44063356368
mehdi leris__1998-05-23,Mehdi Léris,MID,1750000.0,1552229.1788819274,1593520.7809877344,139371.4418868906
mehdi loune__2004-05-14,,,,589358.5979700584,589358.5979700584,
mehdi taremi__1992-07-18,,,,6936982.15203296,6936982.15203296,606493.7586205335
melih bostan__2004-04-08,,,,752411.3184502042,759403.5068358295,46707.72086937127
melih ibrahimoglu__2000-07-17,,,,636349.5337352876,636072.103295438,8011.899419365533
melker ellborg__2003-05-22,Melker Ellborg,GK,649999.9999999995,890761.5539454283,928785.8991993814,62942.60432743596
melle meulensteen__1999-07-04,,,,3480701.53762097,3559028.64034703,271891.1242185451
melvin bard__2000-11-06,,,,12276767.908782631,12602341.336001627,1371866.1060793032
melvin zinga__2002-03-16,,,,813961.0632577984,813961.0632577984,13539.27297839028
menno koch__1994-07-02,Menno Koch,DEF,562500.0000000002,628228.1184706083,627397.5838391244,7902.5469717336455
mergim berisha__1998-05-11,,,,4722269.159451331,4709631.073842909,235401.67043247694
mergim vojvoda__1995-02-01,Mërgim Vojvoda,DEF,3900000.000000001,5835277.032663956,5682017.947886878,815684.3964645683
merih demiral__1998-03-05,,,,18137840.610888172,18137840.610888172,
merlin rohl__2002-07-05,Merlin Röhl,MID,12750000.000000002,13718494.85876451,11702471.674752265,4388761.884763896
mert gunok__1989-03-01,,,,636738.7143768399,635955.8708139303,48862.53835230987
mert komur__2005-07-17,Mert Kömür,MID,4999999.999999999,5200388.711836683,5292052.660410765,256825.04639279316
mert muldur__1999-04-03,,,,4611425.832232287,4664774.526358657,326790.1174580108
meschack elia__1997-08-06,Meschack Elia,MID,2849999.999999999,1782359.0930608232,1805444.8736766968,112383.9811410539
metehan altunbas__2003-01-07,,,,281535.15385534364,277195.37717090844,29874.163214924472
metehan mimaroglu__1994-07-07,,,,1054538.820878722,1071534.4599293456,77963.49554498747
mexx meerdink__2003-07-24,,,,6849812.58451034,6849812.58451034,
micah hamilton__2003-11-13,,,,1019949.2850246215,1019949.2850246215,31624.966302272645
michael brouwer__1993-01-21,,,,488666.62036829744,488666.62036829744,33362.2444963853
michael cuisance__1999-08-16,,,,2311494.9049216025,2298971.1300807036,45692.459078043
michael duffy__1994-07-28,,,,1087143.2497113787,1055110.9934178423,83302.86120083595
michael folorunsho__1998-02-07,,,,9517287.804360665,8990028.922655601,1355614.98088461
michael frey__1994-07-19,,,,2004907.595271985,2004907.595271985,24462.189255014408
michael golding__2006-05-23,,,,643916.3788113351,632852.0411386519,51812.26023405126
michael gregoritsch__1994-04-18,,,,4615918.577058211,4615918.577058211,392722.5988891078
michael kayode__2004-07-10,,,,25602752.613997955,26190522.569537915,1282469.778546162
michael keane__1993-01-11,,,,4664403.551956501,4752753.48513889,297632.8812865524
michael lansing__1994-06-13,,,,434287.2464800705,421305.0059345359,32062.482972427926
michael obafemi__2000-07-06,,,,1538011.5307140374,1538011.5307140374,169962.4244113398
michael olise__2001-12-12,Michael Olise,MID,109250000.0000001,109560477.45106567,115135259.81051433,12082566.609997679
michael opoku__2005-07-20,Michael Opoku,MID,312500.00000000023,398494.3763594935,406452.76172181714,21530.488442326325
michael rose__1995-10-11,,,,639179.005909804,609525.8291935511,79525.05178264424
michael santos__1993-03-13,,,,1600765.369447695,1512039.1121153217,243368.63744626063
michael steinwender__2000-05-04,,,,1563070.5096442713,1563070.5096442713,
michael svoboda__1998-10-15,,,,1072946.2405663833,1072946.2405663833,64599.793070225685
michael verrips__1996-12-03,,,,715040.8587266091,722800.4878820942,62857.52952218382
michael woud__1999-01-16,,,,268387.4551402919,269183.6748342895,10336.514260921771
michael zetterer__1995-07-12,,,,4454279.251243366,4475856.153248768,583322.8949662743
michal sadilek__1999-05-31,,,,7149656.3499984965,7149656.3499984965,124397.49827423715
michalis kosidis__2002-02-09,Michalis Kosidis,FWD,899999.9999999995,1203208.9984916814,1203208.9984916814,
michel aebischer__1997-01-06,Michel Aebischer,MID,4349999.999999996,4961190.443511923,5143326.943765628,533882.7709439241
michel stocker__1999-04-14,,,,489219.1963402561,489026.22125148063,30105.850844018736
michele castagnetti__1989-12-27,,,,568791.2485671465,568791.2485671465,68261.353745571
michele cerofolini__1999-01-04,,,,814363.0692910828,810724.4274742639,44248.4798940715
michele collocolo__1999-11-08,,,,2794470.9914752115,2739709.660604667,104608.84874447192
michele di gregorio__1997-07-27,,,,19145934.901585046,19145934.901585046,
michele rigione__1991-03-07,,,,383808.09323343635,381630.00561796676,6460.669986118277
michy batshuayi__1993-10-02,,,,3805384.005792848,3805384.005792848,
mickael biron__1997-08-26,,,,1040985.2379666965,1040985.2379666965,
mickael nade__1999-03-04,Mickaël Nadé,DEF,1400000.0000000007,1661814.5350562676,1615744.7880088836,139307.3546227424
mickel miller__1995-12-02,Mickel Miller,DEF,499999.99999999977,715418.3951136892,693096.7923250117,111680.30333625403
micky van de ven__2001-04-19,,,,46461460.352331705,46135361.40164986,1476620.859242333
miguel almiron__1994-02-10,,,,4394948.282349293,4394948.282349293,
miguel borja__1993-01-26,,,,1847901.5729222922,1847901.5729222922,103176.67230721253
miguel chaiwa__2004-06-07,,,,422237.87922714,398566.5845914582,54651.88260967495
miguel de la fuente__1999-09-03,Miguel de la Fuente,FWD,2050000.000000001,1630583.9975154642,1633640.2827285982,93015.7569276404
miguel freckleton__2003-08-06,,,,335295.5337209057,340295.2697172256,31540.113189900854
miguel trauco__1992-08-25,,,,1120079.7425127076,1232530.9618058142,304261.2751241563
miha zajc__1994-07-01,,,,1802549.852946356,1802549.852946356,325192.46066068293
mihai popa__2000-10-12,,,,505304.0228485535,505304.0228485535,
mihai popescu__1993-05-07,,,,939951.5131370164,1001403.0130204242,120575.24176259742
mihailo ivanovic__2004-11-29,,,,2147114.8868138124,2043846.0026602058,183033.0927218409
mihailo ristic__1995-10-31,,,,2885432.3327171574,2897612.669639203,268184.3273368708
mihajlo cvetkovic__2007-01-10,,,,4086556.740399191,4282506.44556235,1097204.6915165088
mijat gacinovic__1995-02-08,,,,1792821.1824151021,1727155.7166450378,211783.9512806318
mika biereth__2003-02-08,,,,21166187.77576946,21041463.52512653,914198.5533918662
mika godts__2005-06-07,Mika Godts,MID,13750000.000000024,11857092.259622112,12078044.938275892,592269.9337146666
mika schroers__2002-02-04,Mika Schroers,MID,600000.0000000003,934667.1578382872,884872.0905609906,87342.51885051327
mikael anderson__1998-07-01,Mikael Anderson,MID,1800000.000000001,2376816.25861697,2475792.316798056,191638.79084096785
mikael egill ellertsson__2002-03-11,,,,2446964.7322961628,2656791.8312192927,466309.9959612085
mikael ishak__1993-03-31,,,,2313508.9912056476,2259419.1824528193,240542.16430939815
mikael mandron__1994-10-11,Mikaël Mandron,MID,387499.99999999977,389988.12206409866,383302.21288102213,16202.303670247808
mikael uhre__1994-09-30,,,,1788003.425427397,1796184.6759033075,137944.13154318562
mikayil faye__2004-07-14,,,,3193790.303189932,3107805.1024269583,474018.64177686744
mike eerdhuijzen__2000-07-13,Mike Eerdhuijzen,DEF,2550000.0,3583679.695344217,3557574.015537706,142089.02391305435
mike maignan__1995-07-03,,,,41114653.324695885,39900434.25817318,2214434.0323189683
mike penders__2005-07-31,,,,12646392.924365116,12591963.217941994,904352.2423371846
mike te wierik__1992-06-08,,,,322895.5855348913,328427.68084966065,32396.931084604494
mike tresor__1999-05-28,Mike Trésor,MID,3799999.9999999995,4555027.001094639,4609470.468052245,232848.3670247517
mike van der hoorn__1992-10-15,,,,1995011.3047531687,2063272.5258976077,149881.56718566632
mike van duinen__1991-11-06,,,,230537.82600561244,230537.82600561244,
mike vestergard__1997-11-19,Mike Vestergård,MID,399999.9999999999,434065.8813954482,437701.0794048485,7435.826146417644
mikel gogorza__2006-09-27,,,,2450186.043217519,2534999.470847044,349249.73554785986
mikel villanueva__1993-04-14,,,,1089359.0514529857,1089359.0514529857,150261.3543919113
mikesteven bahre__1995-08-10,Mike-Steven Bähre,MID,537500.0000000003,710917.8965052034,713704.0551591584,66816.05011923012
mikey johnston__1999-04-19,,,,3153082.9705396756,3153082.9705396756,26138.71762915944
mikey moore__2007-08-11,Mikey Moore,MID,11500000.000000019,7963471.349143924,8034309.900045253,868830.5336813998
mikkel damsgaard__2000-07-03,,,,31284354.66805321,31203238.526232775,454750.6855661797
mikkel desler__1995-02-19,,,,2264225.118545573,2264225.118545573,178780.97588547214
mikkel duelund__1997-06-29,Mikkel Duelund,MID,649999.9999999995,762056.8284550405,774304.7718889893,28290.496803345635
mikkel fischer__2004-03-23,,,,647647.4748570136,647647.4748570136,7490.923434462362
mikkel kaufmann__2001-01-03,,,,1654144.6758533898,1654144.6758533898,271488.0918721206
mikkel kirkeskov__1991-09-05,,,,393985.6649204701,397147.3069995613,23702.849885047464
mikkel maigaard__1995-09-20,,,,966811.9877095319,963057.1814652598,27437.620514996313
mikkel rygaard__1990-12-25,,,,627002.1489880077,620047.8356604697,77150.04084757606
mikki van sas__2004-02-29,,,,600338.8288956701,600338.8288956701,47117.99201111623
milan aleksic__2005-08-30,,,,688357.166893919,688357.166893919,98119.48173153766
milan borjan__1987-10-23,,,,1115567.415852475,1132173.6126744743,101608.54836531053
milan iloski__1999-07-29,,,,1352614.2729038948,1347634.091696614,34142.12857913111
milan skriniar__1995-02-11,Milan Škriniar,DEF,16500000.000000013,16250986.60002859,16250986.60002859,1673500.981318623
milan smit__2003-02-13,,,,1665262.5368639291,1665262.5368639291,
milan van ewijk__2000-09-08,,,,5699516.701970222,6052700.201585741,1089803.6353947127
milan zonneveld__2003-10-08,,,,916789.906645368,910058.0147668715,20257.403396205955
mile svilar__1999-08-27,,,,37177753.981190786,38246344.036700405,2193743.8237908506
milos kerkez__2003-11-07,,,,43655250.66439946,45953137.36676427,4349867.375877064
milos pantovic__2002-08-24,,,,3829500.414982283,3829500.414982283,608817.6591759492
milot rashica__1996-06-28,,,,7887114.885210961,7887114.885210961,
milutin osmajic__1999-07-25,,,,2018543.7153841497,2018543.7153841497,
mimeirhel benita__2003-11-17,,,,856641.0594574437,858752.2734290325,132822.5578034928
mingyang yang__1995-07-11,,,,676597.6924918714,670689.4462527904,33412.74355826365
mipo odubeko__2002-10-21,,,,376549.7936075385,379236.6425324204,29266.68936947809
mirko antonucci__1999-03-11,,,,1152502.952249916,1173817.036168515,73482.89539157326
mirko maric__1995-05-16,,,,1600318.0817312635,1600715.5914464938,120448.45065670884
mirko pigliacelli__1993-06-30,Mirko Pigliacelli,GK,1150000.0000000005,937632.2598046957,931949.5926492587,110209.34114692578
mirko topic__2001-02-05,,,,2250557.90973728,2218088.9421563405,70071.86730037435
mirnes pepic__1995-12-19,,,,498795.692898601,502771.71093222336,24351.92923644463
miro muheim__1998-03-24,Miro Muheim,DEF,4000000.0000000005,4836259.699516414,4836259.699516414,
miroslav stevanovic__1990-07-29,,,,1710796.3498718517,1566545.1833480387,255069.64989300913
mirza catovic__2007-05-01,,,,800706.6836263371,800706.6836263371,13868.607151812343
mitch pinnock__1994-12-12,,,,483348.0087637867,503566.3292465278,44315.36490751774
mitchel bakker__2000-06-20,,,,9064018.769086916,9320853.015890623,1153776.256653095
mitchell van bergen__1999-08-27,Mitchell van Bergen,MID,1299999.9999999993,1441950.2699511051,1467218.8129116374,44079.321999438274
mithat pala__2000-08-15,,,,707821.4051449208,707821.4051449208,
mj williams__1995-11-06,,,,273324.60547594615,262342.3934627868,34048.97169898283
modibo sagnan__1999-04-14,Modibo Sagnan,DEF,2849999.999999999,2698840.49772994,2678390.040301494,97152.72337760101
mohamad sylla__1993-12-01,,,,454839.95983748185,447640.8074795394,46355.66726067695
mohamed abdelmonem__1999-02-01,,,,5305788.392734662,5437334.458958145,262869.5319335635
mohamed achi__2002-01-16,,,,486150.5488973375,491043.7516505887,51245.76112121323
mohamed amoura__2000-05-09,,,,31171147.275454327,31171147.275454327,
mohamed badamosi__1998-12-27,,,,566101.1966029378,569850.3289686707,27678.671857897236
mohamed bamba__2001-12-10,,,,2231779.188158383,2231779.188158383,38409.55392840598
mohamed bayo__1998-06-04,,,,5027611.354292643,5074367.141015982,404859.5531819256
mohamed bechikh__2005-07-13,,,,463691.68379528786,465504.156839616,11612.941468023912
mohamed berte__2002-03-25,Mohamed Berte,MID,2150000.0,2057571.61108938,1974578.7622386438,182741.03921210402
mohamed bouldini__1995-11-27,,,,709183.8418363805,705153.5700157646,55336.25859143599
mohamed daramy__2002-01-07,Mohamed Daramy,MID,6849999.999999996,5255729.276443926,5255729.276443926,
mohamed hamdaoui__1993-06-10,,,,490655.18633705063,481746.37045098166,34695.91955181152
mohamed hassan fofana__2005-05-06,Mohamed Hassan Fofana,MID,150000.00000000006,223166.596746068,211106.96363156085,21781.313850793176
mohamed ihattaren__2002-02-12,,,,4028187.9215486976,4128091.666302564,259102.8705543951
mohamed jaouab__2002-05-14,Mohamed Jaouab,DEF,1050000.0000000007,1121597.8822267447,1139540.6788152265,88800.89900559903
mohamed kaba__2001-10-27,,,,1840478.0554192364,1840478.0554192364,168868.39323578821
mohamed kone__2002-03-07,,,,1152017.1411241242,1154182.5424774406,35575.57161194578
mohamed nassoh__2003-01-26,,,,1811775.7142994965,1811775.7142994965,
mohamed ofkir__1996-08-04,,,,245900.20745967186,256292.9191753598,20318.657112418343
mohamed salah__1992-06-15,,,,70238535.71935311,71595336.7084889,6636732.141122696
mohamed sankoh__2003-10-16,,,,667445.7238497154,659917.2579862896,135523.12304306144
mohamed simakan__2000-05-03,,,,32538886.472876005,32538886.472876005,1178652.6135887501
mohamed toure__2004-03-26,,,,1513871.6835526796,1543408.5573051337,68005.94363742453
mohamedali cho__2004-01-19,,,,8555090.277379563,8026723.283558427,1059982.3868326317
mohammed el adfaoui__2008-02-28,Mohammed El Âdfaoui,MID,1299999.9999999993,501107.9651502402,518589.7312909322,44969.98386344867
mohammed fuseini__2002-05-16,Mohammed Fuseini,MID,3750000.0000000023,3634371.33117134,3609766.3115802477,323566.18406073906
mohammed kamara__1997-10-31,,,,1017517.7521918104,1197333.9945326408,312933.69979346765
mohammed kudus__2000-08-02,,,,38902250.42110881,38902250.42110881,1003631.49611052
mohammed salisu__1999-04-17,Mohammed Salisu,DEF,11500000.000000019,13419410.982783057,13419410.982783057,
moise adilehou__1995-11-01,,,,415772.6778652439,409422.82972526166,12535.899185346254
moise bombito__2000-03-30,Moïse Bombito,DEF,11749999.999999994,12385155.43143871,13016723.921798049,1269771.2176793423
moise kean__2000-02-28,,,,47160403.943654865,47160403.943654865,2398251.615037603
moises caicedo__2001-11-02,,,,108508539.28191414,108508539.28191414,4145660.7929272936
moncef zekri__2008-09-20,,,,827882.610968404,827882.610968404,110642.10720039555
montassar talbi__1998-05-26,,,,3657548.0789502673,3739691.1996379113,439555.09191917547
mor ndiaye__2000-11-22,Mor Ndiaye,MID,587500.0000000002,637748.3808260454,638776.3475941254,37876.64330001665
morgan gibbswhite__2000-01-27,,,,35012503.652808174,33955258.299033776,3875585.458219148
morgan guilavogui__1998-03-10,,,,4223767.505335353,4457760.955437015,554656.1218496021
morgan poaty__1997-07-15,,,,1018818.2561721386,1018818.2561721386,154861.35002255466
morgan rogers__2002-07-26,,,,52520464.211713575,52520464.211713575,
moritz broschinski__2000-09-23,,,,1854022.158654711,1852749.495167294,129807.0463591456
moritz jenz__1999-04-30,Moritz Jenz,DEF,6749999.999999997,8933644.496576218,9076750.043126972,527845.655645761
moritz nicolas__1997-10-21,,,,5114054.639072632,5038462.188291505,374033.90442556277
moritzbroni kwarteng__1998-04-28,Moritz-Broni Kwarteng,MID,1249999.999999999,1209568.0418721766,1228494.9311035534,67019.60359889126
morlaye sylla__1998-07-27,Morlaye Sylla,MID,3149999.9999999995,3250091.038606123,3192890.636277048,235001.42078166
mortadha ben ouanes__1994-07-02,,,,1275604.523020301,1275604.523020301,
morten frendrup__2001-04-07,,,,11136842.911830086,11057875.677477838,1025106.7933907171
morten hjulmand__1999-06-25,,,,33178858.442448754,33178858.442448754,1588143.81649924
mory diaw__1993-06-22,,,,1085652.016478024,1085652.016478024,
mory gbane__2000-12-25,,,,1765220.805562405,1753904.339799642,100816.8458601159
mory konate__1993-11-15,Mory Konaté,DEF,1050000.0000000007,1219902.43888533,1212960.937486681,113716.72276727422
moses odubajo__1993-07-28,,,,1013556.9054583816,1018121.6629269285,80083.60377527412
moses opondo__1997-10-28,Moses Opondo,MID,462500.00000000006,519373.3329596783,533357.0321768062,38627.21506462487
moses simon__1995-07-12,,,,7506536.7570438655,7153028.015731161,810034.7786214344
mostafa mohamed__1997-11-28,,,,2428031.7499318826,2403670.946924889,211580.33595095502
mouctar diakhaby__1996-12-19,Mouctar Diakhaby,DEF,4500000.000000002,6504472.53242634,6524745.689661872,39527.57971872752
mouez hassen__1995-03-05,,,,588377.2603969965,588377.2603969965,86032.06923307446
mouhamadou drammeh__1999-05-15,,,,417361.59035484307,417361.59035484307,4603.12920068728
mouhamed belkheir__1999-01-02,,,,1740656.7726693028,1740656.7726693028,72552.9125602502
mounaim el idrissy__1999-02-10,Mounaïm El Idrissy,MID,825000.0000000006,908741.3932981604,908741.3932981604,
moussa cisse__2003-04-29,,,,933183.8883480313,933183.8883480313,16188.707994532015
moussa diaby__1999-07-07,,,,47662595.543569505,47716256.989967555,4867130.939450735
moussa diakite__2003-11-04,,,,1973407.8555451166,1930245.6028096438,74789.96008054995
moussa diarra__2000-11-10,,,,2879618.1297934284,2768781.66981427,346900.01818397193
moussa djitte__1999-10-04,Moussa Djitté,FWD,1249999.999999999,855006.8130173675,856172.0022148471,22276.2239176027
moussa kyabou__1998-04-18,,,,620012.2468213066,620012.2468213066,34672.18373146758
moussa mane__2003-11-19,,,,566672.1002294284,573498.7995047639,58200.762908141915
moussa ndiaye__2002-06-18,Moussa N'Diaye,DEF,4150000.000000003,5154443.158050956,5069565.909482122,285451.12267864554
moussa niakhate__1996-03-08,,,,12515649.62248982,12628534.264530629,209165.03151110827
moussa sissoko__1989-08-16,,,,667339.4445008582,667339.4445008582,
moussa soumano__2005-07-09,,,,1349188.3323218739,1349188.3323218739,68361.5549563004
moussa sylla__1999-11-25,,,,2310779.5508495634,2388962.0522942096,238729.00695319183
moustapha mbow__2000-03-08,,,,2879871.3736273698,2814009.635900487,424297.02510165767
muhamed buljubasic__2004-07-04,,,,353164.6969282955,353164.6969282955,56850.43169684952
muhammed cham__2000-09-26,,,,4127902.153649895,4151723.4941645325,749572.3214379152
muhammed damar__2004-04-09,,,,4787067.969139747,4775493.706852354,222547.0759118821
muhammed kadoglu__2007-01-01,Muhammed Kadıoğlu,DEF,275000.0000000002,358883.91626587743,350442.23829587677,24866.2543858972
muhammed sengezer__1997-01-05,,,,1342956.8080522127,1341755.9468631046,57355.28340077294
muharrem cinan__1998-05-13,,,,252596.05102715944,252596.05102715944,5668.6702888658
mukhammadali urinboev__2005-04-24,,,,907368.9387675781,907368.9387675781,375826.48660812655
mukhtar ali__1997-10-30,,,,1188766.131677032,1192420.4231345148,162863.9440505341
munashe garananga__2001-01-18,Munashe Garananga,DEF,2199999.9999999995,1706303.2029312197,1668812.6996623906,166365.84596317765
musa barrow__1998-11-14,,,,17481804.857234582,19331384.42328406,4659341.272911612
musa toure__2005-11-12,,,,324333.84342544054,328066.4303016429,13678.907677214554
mustafa eskihellac__1997-05-05,,,,1810043.8252332825,1810043.8252332825,185525.55700833863
mustapha bundu__1997-02-28,,,,1768210.20297609,1768210.20297609,72488.84270870077
mustapha isah__2004-07-23,,,,690594.9457493946,690594.9457493946,1812.0175712224607
myenty abena__1994-12-12,,,,1195800.3300919847,1195052.6190841566,114445.09521340187
mykola kovtalyuk__1995-04-26,Mykola Kovtalyuk,FWD,437500.0000000004,431692.49603065,431573.57405903237,42051.880411789476
myles lewisskelly__2006-09-26,,,,30334122.900066275,30334122.900066275,7947820.928257275
myles peartharris__2002-09-18,,,,1413997.9359658621,1536784.1291567367,491870.8983047719
myron boadu__2001-01-14,Myron Boadu,FWD,6749999.999999997,7099238.060358265,7099238.060358265,383509.35282345564
myron mauasam__2004-04-01,,,,257515.57819047233,290864.903295942,87480.15344751193
myron van brederode__2003-07-06,Myron van Brederode,MID,4250000.000000002,4817327.642060022,4732190.504113475,503359.6144757847
myrto uzuni__1995-05-31,,,,4328260.251831491,4436042.636170659,825492.0169050441
myziane maolida__1999-02-14,Myziane Maolida,MID,2950000.000000002,4204162.810506092,4123835.019109692,402005.98314503493
naatan skytta__2002-05-07,,,,4939064.672491526,4955267.965690058,397843.07554511615
nabil alioui__1999-02-18,,,,1277358.2545310948,1277358.2545310948,
nabil bahoui__1991-02-05,,,,275065.3534340163,275065.3534340163,
nabil bentaleb__1994-11-24,,,,8162910.964212676,8308356.881095596,914306.7249851306
naby keita__1995-02-10,Naby Keïta,MID,2100000.000000001,2097258.7042188877,2095596.7072391782,66178.00673881752
nachon nsingi__2001-04-24,Nachon Nsingi,FWD,850000.0000000005,1259340.2525939867,1256177.900148251,46501.60732838017
naci unuvar__2003-06-13,,,,2043939.558085096,2043939.558085096,
nadiem amiri__1996-10-27,,,,17602662.214888457,17424767.590776175,406632.5206019563
nadir zortea__1999-06-19,,,,5021726.4320928985,5021726.4320928985,
nahitan nandez__1995-12-28,,,,6737836.096625804,6737836.096625804,1015675.8702455155
nahki wells__1990-06-01,,,,741406.6491490781,741406.6491490781,30149.125626621095
nahuel estevez__1995-11-14,,,,1940531.388468957,1922402.2891659876,51417.42426321367
nahuel molina__1998-04-06,,,,11271695.839766579,11454789.215901691,1505973.1714540315
nahuel noll__2003-03-17,,,,1002322.2122184173,1012211.1800085931,58456.81502934725
nahuel tenaglia__1996-02-21,Nahuel Tenaglia,DEF,6000000.0,7992124.160666402,7967562.669398379,494295.1279872708
nail mouthasebtaoui__2005-11-17,,,,463545.16650558717,463545.16650558717,36650.97304656295
nais djouahra__1999-11-23,,,,1519232.7218061169,1542820.3189500298,142495.48291776323
nampalys mendy__1992-06-23,,,,1942247.6659826308,1973549.0491479477,195974.9866590693
nando pijnaker__1999-02-25,,,,760055.5274159313,790206.5234846333,152084.7052025843
nando verdoni__2003-07-09,Nando Verdoni,GK,212500.00000000017,244847.42052154237,244256.05198273732,4442.065491800949
naouirou ahamada__2002-03-29,,,,1808897.4380843914,1808897.4380843914,25680.385032860402
nasser djiga__2002-11-15,Nasser Djiga,DEF,4650000.000000001,2997870.9876817595,3029891.2368942257,214948.9769654413
nassim boujellab__1999-06-20,,,,442776.7915419774,442969.26151934866,3168.0495528502215
nassim chadli__2001-07-28,,,,865965.1526194258,870672.6879000627,38687.47640439595
nathan ake__1995-02-18,,,,20891462.834982518,21507318.362996295,1372381.3864189717
nathan baxter__1998-11-08,,,,741118.175980884,741118.175980884,59491.16172106963
nathan bishop__1999-10-15,,,,491001.3683543124,492403.433993355,26535.06386380474
nathan broadhead__1998-04-05,Nathan Broadhead,MID,2849999.999999999,5208060.02224705,5232190.841678735,1663063.9539458284
nathan buayikiala__2004-02-29,,,,718728.8731339102,718728.8731339102,
nathan collins__2001-04-30,,,,26327534.59411171,26816930.503155548,3477227.169468332
nathan de cat__2008-07-19,,,,2744774.4789353446,2781560.417519373,106854.60228793943
nathan moriahwelsh__2002-03-18,,,,348763.6787941108,348763.6787941108,36834.94736102005
nathan ngoumou__2000-03-14,,,,2796687.9591432023,2955481.995835098,372861.25464928366
nathan ngoy__2003-06-10,,,,6566369.747923688,6592999.742805034,296059.540543371
nathan patterson__2001-10-16,,,,3004532.5480680456,3004532.5480680456,31512.623603946966
nathan redmond__1994-03-06,,,,1421035.8141797518,1421035.8141797518,
nathan rodes__1997-12-11,,,,733272.8070629596,729212.1013444716,42388.61642821526
nathan tella__1999-07-05,,,,11666732.86695708,12105500.085772237,1572443.8025225084
nathan trott__1998-11-21,,,,1494259.460235669,1552186.578845562,151592.43690438208
nathan wood__2002-05-31,,,,1827205.1180063703,1866386.3149592476,135574.0395316819
nathan zeze__2005-06-18,Nathan Zézé,DEF,5500000.000000001,5594026.239026782,5557196.4970225,475722.0608985648
nathanael mbuku__2002-03-16,,,,2455431.911531263,2452061.7759991656,130949.36281024058
nathandylan saliba__2004-02-07,,,,3227660.3690779796,3237755.597123389,237851.61507113703
nathaniel adjei__2002-08-21,,,,1270599.8631169288,1270599.8631169288,64193.06014337368
nathaniel atkinson__1999-06-13,,,,1080742.0731328118,1134606.317132034,156721.04935107494
nathaniel brown__2003-06-16,,,,22676257.06381922,22448575.44733403,945627.8680261819
nathaniel chalobah__1994-12-12,Nathaniel Chalobah,MID,1499999.9999999986,1953887.6993350598,1973496.4500448266,90588.05834164658
nathaniel clyne__1991-04-05,,,,632737.9304560777,632737.9304560777,
nathaniel mendezlaing__1992-04-15,,,,520248.41857325117,529918.5964767548,62338.071889042156
nayef aguerd__1996-03-30,,,,22505392.883720774,22251648.555174977,1881311.685345906
nazar voloshyn__2003-06-17,,,,4656779.890894691,4656779.890894691,
nazariy rusyn__1998-10-25,,,,784402.5107253352,784402.5107253352,294641.11113594926
neal maupay__1996-08-14,,,,6611694.050047142,6611694.050047142,
necip uysal__1991-01-24,Necip Uysal,DEF,349999.9999999997,453463.08957685577,453463.08957685577,35568.60111020557
neco williams__2001-04-13,,,,21110574.223472763,21110574.223472763,4426781.144363331
nectarios triantis__2003-05-11,,,,3759271.341489588,3759271.341489588,
nediljko labrovic__1999-10-10,Nediljko Labrović,GK,2800000.000000002,3074098.2277200627,3080492.714701334,51805.1718777639
nedim bajrami__1999-02-28,,,,2897403.8743478092,2423755.2426065784,918777.8565301427
nehemiah fernandez__2004-12-11,,,,576733.1614332515,576733.1614332515,
nehuen perez__2000-06-24,,,,11252650.087475788,11252650.087475788,119711.63108026593
neil el aynaoui__2001-07-02,,,,17371276.40735297,17371276.40735297,194445.16564536653
neil farrugia__1999-05-19,,,,457976.195959559,457976.195959559,15472.056910820253
nelson deossa__2000-02-06,,,,8746484.37574544,8746484.37574544,829834.8822495198
nelson weiper__2005-03-17,Nelson Weiper,MID,6950000.000000006,4593929.162552643,4510783.57453087,321977.16894630523
nemanja matic__1988-08-01,,,,1934867.0536524823,1888241.5506969537,146234.05582021817
nemanja mijuskovic__1992-03-04,,,,295490.8859500765,295490.8859500765,
neraysho kasanwirjo__2002-02-18,,,,1985138.8168878192,1990896.0495219682,145732.63497385164
nesta elphege__2001-01-09,,,,674418.3854472011,674418.3854472011,21615.518048420785
nesto groen__2004-07-22,Nesto Groen,FWD,324999.9999999999,279868.084705101,274923.19056981616,10095.706448995556
ngalayel mukau__2004-11-03,Ngal'ayel Mukau,MID,11749999.999999994,8752593.629342536,8804516.258004304,887148.49424103
ngolo kante__1991-03-29,,,,18484297.769403636,18484297.769403636,
nhoa sangui__2006-02-27,,,,2943470.9661886115,2977426.043613459,497836.21906936326
niall ennis__1999-05-20,,,,995103.6434887343,967626.9613895336,115813.12858607146
niall huggins__2000-12-18,,,,1181443.6878633706,1115167.0300088336,120757.18334214679
niccolo belloni__1994-07-10,,,,530838.370026058,530838.370026058,
niccolo fortini__2006-02-13,Niccolò Fortini,DEF,5450000.0,2589987.5692775473,2565936.702356369,187462.52507735204
niccolo pierozzi__2001-09-12,,,,2043641.978345188,2093043.219749159,211023.23096329655
niccolo squizzato__2002-01-07,,,,919005.0568018209,919005.0568018209,
nicholas bonfanti__2002-03-28,Nicholas Bonfanti,FWD,1450000.0000000002,1447508.005620128,1399326.8024277948,152707.0933938959
nicholas mickelson__1999-07-24,,,,714060.5571294202,724136.3991280023,26167.509033943457
nicholas opoku__1997-08-11,,,,938694.6251093753,938694.6251093753,10787.981084499945
nicholas pennington__1998-12-18,,,,557201.671901917,557201.671901917,
nicholas pierini__1998-08-06,Nicholas Pierini,MID,1425000.0000000007,1963832.524069625,1984550.1687998557,183128.56307550467
nick batzner__2000-03-15,Nick Bätzner,MID,1200000.0000000005,1032891.1372774581,1037439.0131956438,12223.226715743132
nick fichtinger__2004-04-06,,,,1024589.0911295736,1024589.0911295736,89900.77917738198
nick olij__1995-08-01,,,,4587056.293318417,4392039.39841731,371805.24581738154
nick pope__1992-04-19,,,,5671059.780389108,5594168.044673293,245538.09962781714
nick powell__1994-03-23,Nick Powell,MID,687500.0000000002,544065.1701406427,544065.1701406427,52250.37688784268
nick suman__2000-02-28,,,,182882.31537377837,181972.5428202532,3345.6049732848783
nick verschuren__2005-01-13,,,,1242611.5579289098,1228283.3312326595,89061.55316677518
nick viergever__1989-08-03,,,,431888.6882520369,431888.6882520369,
nick woltemade__2002-02-14,,,,46205434.734406605,46205434.734406605,
nicky beloko__2000-02-16,,,,1125435.4408755277,1116776.9531461082,60494.46465274135
nicky cadden__1996-09-19,,,,807827.5867781373,805290.5342039106,11831.340503229214
nicky devlin__1993-10-17,,,,657976.923503973,650824.7973268565,25090.554046531044
nicky hogarth__2001-07-04,Nicky Hogarth,GK,134999.99999999997,133884.61918991263,128774.71716340094,13752.004267130329
niclas eliasson__1995-12-07,,,,7204694.119741843,7273568.7101453245,379701.4359614468
niclas fullkrug__1993-02-09,,,,9797316.093840433,10361957.316680314,1024988.2995035871
niclas thiede__1999-04-14,,,,813700.0078931602,813700.0078931602,
nico gonzalez__1998-04-06,,,,15323144.880237957,15139318.656754069,676503.0899384116
nico mantl__2000-02-06,,,,1923763.9829383641,1954287.6739618424,95630.4917578898
nico neidhart__1994-09-27,,,,479037.02319017716,481525.80014624074,20576.589768381273
nico oreilly__2005-03-21,,,,29985274.49592186,28950214.63193722,2387328.9635650744
nico schlotterbeck__1999-12-01,Nico Schlotterbeck,DEF,57749999.99999994,56285584.68057201,55379408.17765944,4443402.0944729205
nicola bellomo__1991-02-18,,,,521605.45825764124,521605.45825764124,
nicola leali__1993-02-17,,,,1009588.3689181355,1019723.8800414763,83825.96978516647
nicola mosti__1998-02-07,,,,1008402.6956029737,1008402.6956029737,68403.8013651878
nicola ravaglia__1988-12-12,,,,133873.7810129683,145808.12071510137,22562.75703699871
nicola zalewski__2002-01-23,,,,11313561.499895556,11313561.499895556,
nicolae stanciu__1993-05-07,,,,3894130.474908155,4005651.2813490415,729869.5215192648
nicolai fl__1995-09-25,Nicolai Flø,GK,425000.0000000001,352501.18774816307,352501.18774816307,22168.67918704276
nicolai larsen__1991-03-09,,,,453496.1341738608,447749.3452332098,29534.493666339356
nicolai poulsen__1993-08-15,Nicolai Poulsen,MID,899999.9999999995,1038591.3014034824,1028928.6181688259,77853.8074962726
nicolai remberg__2000-06-19,Nicolai Remberg,MID,3600000.0000000014,3748371.0481992722,3748371.0481992722,340320.55805697787
nicolai vallys__1996-09-04,Nicolai Vallys,MID,4550000.0,2166321.2658836925,2166321.2658836925,431304.3709952454
nicolas burgy__1995-08-07,Nicolas Bürgy,DEF,850000.0000000005,673232.897128926,660740.6398086445,40596.79058581445
nicolas capaldo__1998-09-14,,,,4112344.075621782,4112344.075621782,
nicolas closset__2004-07-10,,,,202942.297868558,202942.297868558,401.5820944154827
nicolas cozza__1999-01-08,,,,2141554.186239928,2141554.186239928,
nicolas dominguez__1998-06-28,,,,18535618.30378254,18572300.653422255,836498.2138933328
nicolas fonseca__1998-10-19,,,,3646147.290558059,3721130.2010408067,281306.60082375526
nicolas freire__1994-02-18,,,,1069021.1651720582,1069021.1651720582,
nicolas haas__1996-01-23,,,,1228101.3499228111,1228101.3499228111,116643.65360025958
nicolas jackson__2001-06-20,Nicolas Jackson,FWD,34499999.99999998,35173828.029044546,35173828.029044546,
nicolas janvier__1998-08-11,,,,1286093.9320704865,1342426.9219198362,109595.32267621922
nicolas kuhn__2000-01-01,Nicolas Kühn,MID,14499999.99999999,14935529.117082676,15203104.50003684,700876.9823446214
nicolas lemaitre__1997-01-12,,,,1170296.0265204413,1170296.0265204413,
nicolas madsen__2000-03-17,,,,2645933.387813382,2645933.387813382,
nicolas milanovic__2001-11-14,,,,2110241.155943748,2188329.772179351,218030.49515267333
nicolas oroz__1994-04-01,Nicolás Oroz,MID,1625000.000000001,2011360.2079066,2011360.2079066,119718.12490145351
nicolas otamendi__1988-02-12,Nicolás Otamendi,DEF,2800000.000000002,3369441.8066764735,3238996.741953621,360213.72937077
nicolas pallois__1987-09-19,,,,593792.2590139478,593792.2590139478,16441.496961253968
nicolas pepe__1995-05-29,,,,18699532.27114843,19155998.16324729,1221711.5039049883
nicolas raskin__2001-02-23,Nicolas Raskin,MID,13249999.99999999,13047303.280886112,13047489.985836694,1186355.3732059961
nicolas saintruf__1992-10-24,,,,475885.4306472909,475885.4306472909,7900.359188328983
nicolas seiwald__2001-05-04,,,,19645005.415353324,20124787.903425984,1358631.7418495815
nicolas sessa__1996-03-23,,,,423713.0658889632,423713.0658889632,
nicolas tagliafico__1992-08-31,,,,6469434.059693127,6426750.899026491,562481.552548336
nicolas valentini__2001-04-06,,,,5653345.566922402,5682423.260319792,114507.71796573368
nicolo barella__1997-02-07,,,,85642795.25308385,85642795.25308385,3920284.1287162188
nicolo bertola__2003-03-23,,,,2997622.5217967764,3096519.07748353,334307.62883234234
nicolo brighenti__1989-08-01,,,,234437.20182250184,231847.60038460768,34350.46399008061
nicolo calabrese__2004-11-16,,,,460679.7817680743,460679.7817680743,56132.63451011537
nicolo cambiaghi__2000-12-28,,,,6542758.0023546405,6542758.0023546405,314025.4150414302
nicolo casale__1998-02-14,,,,7686188.425399592,7686188.425399592,
nicolo cavuoti__2003-04-04,,,,809350.9872481719,809350.9872481719,29177.00849720219
nicolo fagioli__2001-02-12,,,,13153414.235270262,13079660.273563737,1144737.976354383
nicolo rovella__2001-12-04,,,,22610417.825205505,22596500.548331335,817653.6354045382
nicolo savona__2003-03-19,,,,14037607.382894646,14037607.382894646,
nicolo tresoldi__2004-08-20,Nicolò Tresoldi,FWD,7750000.000000002,6183152.5771385515,6160092.207185993,844301.7407639611
nicolo zaniolo__1999-07-02,Nicolò Zaniolo,MID,16999999.999999974,6833930.0606625425,6800030.1386623755,163081.9658407587
nidal celik__2006-07-17,,,,965749.342177012,901406.4164167244,115592.35696414998
niek schiks__2004-02-03,,,,595008.128311072,595008.128311072,26348.366970541265
niels devalckeneer__2004-05-17,,,,328013.8966138979,328013.8966138979,9446.72715348808
niels martens__2004-05-07,,,,190985.9323583705,190985.9323583705,6733.900336201386
niels nkounkou__2000-11-01,,,,4088919.6361358776,4088919.6361358776,529857.422455438
nigel lonwijk__2002-10-27,,,,1160058.6571610314,1160058.6571610314,85120.93252993526
nigel ogidi nwankwo__1998-08-04,Nigel Ogidi Nwankwo,DEF,249999.9999999998,314021.5946909149,284102.668533735,55417.119720799055
nihad mujakic__1998-04-15,,,,1132461.1270447026,1107651.8731714434,66909.66998863123
nik prelec__2001-06-10,,,,2143747.3899154067,2125385.574302444,97817.02021714265
nikita contini__1996-05-21,,,,881123.6308730043,881123.6308730043,
nikita haikin__1995-07-11,,,,2594202.4409521446,2594202.4409521446,362999.61710755696
niklas dorsch__1998-01-15,,,,4342317.652722764,4273794.890463921,130360.40573076063
niklas hauptmann__1996-06-27,,,,1207067.4954483819,1153543.4310632162,148833.04048990482
niklas hult__1990-02-13,,,,472310.0952709873,473027.4965056206,5740.440361394529
niklas kolle__1999-11-17,,,,452758.94213317614,451321.2558583763,7938.01924278089
niklas lomb__1993-07-28,,,,407842.9865594332,419611.5493274793,31238.974838066835
niklas pyyhtia__2003-09-25,,,,2337085.771518252,2335964.439970446,181633.4879029855
niklas schmidt__1998-03-01,,,,2604120.0327838087,2589544.317779244,270198.7547853054
niklas sule__1995-09-03,,,,12717731.594118018,12717731.594118018,604821.0882834763
niklas vesterlund__1999-06-06,,,,970010.1159482563,956787.7075760481,58872.85541011323
niklas wiemann__1999-02-23,,,,567869.7938783522,574563.6200353886,26934.95702005072
niko hamalainen__1997-03-05,,,,539860.0548094223,537823.7172212271,11314.96988512509
nikola cavlina__2002-06-02,,,,1285995.980938418,1332239.5591166294,80523.73539099951
nikola katic__1996-10-10,,,,1647097.026161322,1647097.026161322,55073.229939152305
nikola krstovic__2000-04-05,,,,12534146.390158482,12534146.390158482,593603.7915259656
nikola maras__1995-12-19,,,,1033193.761147409,1047639.9502329372,65144.17050507006
nikola milenkovic__1997-10-12,Nikola Milenković,DEF,30250000.000000015,28279228.146592107,28279228.146592107,885299.223363095
nikola mileusnic__1993-07-17,,,,201369.03633495673,211591.32951514336,42195.45479617677
nikola mituljikic__2003-01-20,,,,1005954.3928417992,968375.0486018092,136435.91467776117
nikola moro__1998-03-12,Nikola Moro,MID,5500000.000000001,7264455.9484218145,7264455.9484218145,427210.34382786165
nikola sekulov__2002-02-18,,,,1275518.9992617297,1238330.017216352,101925.44627493406
nikola stojanovic__1995-02-17,Nikola Stojanović,MID,195000.00000000006,177172.42618734518,181908.3086432573,10734.466080380436
nikola storm__1994-09-30,,,,2963804.2270178813,2963804.2270178813,127880.83940893352
nikola stulic__2001-09-08,,,,3697918.2440494555,3793617.2669815305,414564.86248273763
nikola vlasic__1997-10-04,,,,17649479.931017615,17649479.931017615,1227991.9061523667
nikolai alho__1993-03-12,,,,472342.56902867137,460426.45211716834,48786.372664658484
nikolai baden frederiksen__2000-05-18,,,,692078.2482547695,688401.0009398544,32208.31676918831
nikolai hopland__2004-07-24,,,,1974492.0708021102,1974492.0708021102,
nikolaos athanasiou__2001-03-16,Nikolaos Athanasiou,DEF,1150000.0000000005,1687297.3649891932,1687297.3649891932,11200.81681912952
nikolaos vergos__1996-01-13,,,,529894.7789068485,529894.7789068485,62026.12286318389
nikolas agrafiotis__2000-04-25,Nikolas Agrafiotis,FWD,737500.0000000005,698079.0584726391,710714.7109032393,40991.27700408916
nikolas dyhr__2001-06-18,,,,1725983.623464941,1749190.4859883855,150628.97573048883
nikolas ioannou__1995-11-10,,,,1434454.147257042,1406287.674670378,97346.67186255901
nikolas nartey__2000-02-22,Nikolas Nartey,DEF,1450000.0000000002,2867729.010872226,2844464.112275089,47347.478723334825
nikolas sattlberger__2004-01-18,,,,3878318.7875404656,3878318.7875404656,
nils de wilde__2003-01-27,,,,1119665.6125443927,1119665.6125443927,
nils rossen__2004-08-01,,,,1005044.9111920546,1005044.9111920546,44280.052499378835
nils zatterstrom__2005-03-29,,,,1068596.9951415088,1056854.156056133,98512.21776721124
nilson angulo__2003-06-19,,,,3579046.58728585,3458445.6872911165,509525.2992847639
nnamdi ofoborh__1999-11-07,,,,417294.76786705974,433346.1215064663,30144.44292852944
noa lang__1999-06-17,,,,22139777.85240082,22139777.85240082,2315538.5396321095
noah adedejisternberg__2005-06-19,,,,4317279.782216472,4267986.520895559,232850.99421309886
noah atubolu__2002-05-25,,,,12848829.458656989,12526602.981857259,1469406.646909766
noah cadiou__1998-10-26,,,,2184069.7843435574,2184069.7843435574,
noah edjouma__2005-10-04,Noah Edjouma,MID,2499999.9999999995,1529337.5034014354,1529337.5034014354,
noah fatar__2002-02-15,,,,482203.7107974006,482203.7107974006,42788.009127855774
noah ganaus__2001-01-19,,,,1276810.8744734777,1276810.8744734777,193479.6339242629
noah jean holm__2001-05-23,,,,1455040.0220869505,1455040.0220869505,194521.6153937872
noah katterbach__2001-04-13,,,,1947484.9914526322,1916774.106356774,161437.47449997062
noah konig__2003-05-17,,,,556930.6184218097,556930.6184218097,7455.692942616675
noah lahmadi__2005-01-05,,,,501667.3290674316,498118.83089586254,22436.752986784286
noah loosli__1997-01-23,,,,1135254.8899629486,1135254.8899629486,165289.86266041643
noah mbamba__2005-01-05,,,,1917035.175001313,1917035.175001313,
noah nartey__2005-10-05,Noah Nartey,MID,1350000.0,1777871.2010362113,1758171.9187547527,87005.76797480813
noah naujoks__2002-05-02,,,,1058009.7974668883,1092267.6779275453,121119.85449264887
noah ohio__2003-01-16,,,,1788042.1318771178,1805274.8022322848,238509.39213087285
noah okafor__2000-05-24,,,,13592965.216582758,13652167.130739171,262081.7860813282
noah raveyre__2005-06-22,,,,688125.5492297158,695413.1887054509,29165.82459686549
noah sadiki__2004-12-17,,,,18848413.070492733,18115201.608020023,1912058.115128102
noah shamoun__2002-12-08,Noah Shamoun,MID,512499.9999999997,416626.9366151781,404811.4321067164,73876.47633694267
nobel mendy__2004-09-03,,,,5758493.7767067,5758493.7767067,552424.5737346816
nodar lominadze__2002-04-04,,,,782300.596101596,787406.1457652517,42145.748646438224
noe dussenne__1992-04-07,,,,956745.5224167167,956745.5224167167,60136.752084760454
noe lebreton__2004-04-22,,,,1181947.013036889,1216189.5144287234,99360.33527530028
noe sow__1998-12-18,,,,537960.3667239547,531530.4315657512,22584.538243210904
noel aseko__2005-11-22,Noël Aséko,MID,1924999.9999999995,1983974.610219553,1983974.610219553,56631.82689822009
noham kamara__2007-01-22,Noham Kamara,DEF,1499999.9999999986,2206994.6412769686,2149742.6504440955,129030.21159993224
nohan kenneh__2003-01-10,,,,514395.8782658487,517417.4933782667,44155.39090290519
noni madueke__2002-03-10,,,,43553511.48195673,43058839.97842834,3474134.5394231523
nordan mukiele__2006-02-12,,,,979592.8150043881,979592.8150043881,26499.96013695674
nordi mukiele__1997-11-01,,,,19749891.351279538,20299471.7000603,2004572.7745068965
nordin bakker__1997-10-31,,,,593276.4878817162,593276.4878817162,30970.674078733526
nordin bukala__2005-09-18,Nordin Bukala,MID,737500.0000000005,872287.0361668441,885964.9994813452,76546.89682372245
nordin jackers__1997-09-05,,,,1515407.2809391925,1515407.2809391925,92642.1564543405
nordine kandil__2001-10-31,,,,1503675.084630948,1503675.084630948,98558.17135183893
nouha dicko__1992-05-14,Nouha Dicko,FWD,637500.0000000003,917185.912149719,942259.219482159,71633.47574397788
noussair mazraoui__1997-11-14,Noussair Mazraoui,DEF,21250000.000000034,21529494.707593936,22021268.368739188,2332288.998593483
novatus miroshi__2002-09-02,,,,2335463.5089776386,2315076.582452165,634354.9070797313
nunzio lella__2000-07-28,,,,1154565.8194843868,1154565.8194843868,99929.2809636743
nurettin korkmaz__2002-06-27,,,,312353.60891579965,308136.43967113853,20274.353933212864
obed nkambadio__2003-02-07,,,,4688985.84364924,4687534.735263333,138550.41592292264
obed vargas__2005-08-05,,,,2896488.5579154696,2896488.5579154696,
obinna nwobodo__1996-11-29,Obinna Nwobodo,MID,2750000.0,3087013.1334869578,3196145.60659285,318488.63385050563
odilon kossounou__2001-01-04,Odilon Kossounou,DEF,24500000.000000007,25409409.693909813,27824495.090682946,4867675.868547988
odin bailey__1999-12-08,,,,722819.4393744287,722819.4393744287,
odsonne edouard__1998-01-16,,,,7623476.320460732,7484534.399701072,735442.4881316996
odysseas vlachodimos__1994-04-26,Odysseas Vlachodimos,GK,5750000.000000004,5144794.792561808,5144794.792561808,1234645.2641562219
odysseus velanas__1998-06-05,Odysseus Velanas,MID,700000.0000000006,738831.5925717952,810251.9594424416,232485.46883970257
ofosu boakye__2007-07-10,,,,256136.6126588679,256136.6126588679,389.1498636713906
ogulcan ulgun__1998-05-11,Oğulcan Ülgün,MID,974999.9999999999,663557.7356719202,663557.7356719202,
ogun bayrak__1998-10-10,Ogün Bayrak,DEF,999999.9999999997,1261766.3880572056,1285902.0842242865,95824.33525977567
ogun ozcicek__1999-01-24,,,,877723.8599600947,877723.8599600947,
oguz aydn__2000-10-27,,,,9169694.678043153,9249380.408319138,513591.140298223
ohi omoijuanfo__1994-01-10,Ohi Omoijuanfo,MID,1200000.0000000005,625867.1842691817,625867.1842691817,23243.62455841115
okan kocuk__1995-07-27,,,,1775965.5875463197,1785992.7695980978,188980.6365936291
okay yokuslu__1994-03-09,,,,3127718.4951365236,3118659.3612817843,261363.9320053955
ola aina__1996-10-08,,,,17720894.614324775,18512878.280856773,2398504.433960875
ola brynhildsen__1999-04-27,,,,1906423.5153778938,1906423.5153778938,13672.47957145363
ola solbakken__1998-09-07,,,,1353352.636617612,1353352.636617612,104970.5286059372
ole pohlmann__2001-04-05,,,,2690187.815587487,2731186.037533409,172587.87432375067
ole romeny__2000-06-20,Ole Romeny,MID,1050000.0000000007,1325616.2073166515,1325616.2073166515,91567.80277271228
oleksandr nazarenko__2000-02-01,,,,1057524.9252472469,1057524.9252472469,15682.92298625012
oleksandr pikhalyonok__1997-05-07,,,,5763460.176086455,5763460.176086455,
oleksandr romanchuk__1999-12-16,,,,1772612.2054701038,1772612.2054701038,200518.29839140445
oleksandr safronov__1999-06-11,Oleksandr Safronov,DEF,324999.9999999999,429360.9073879629,429360.9073879629,
oleksandr svatok__1994-09-27,,,,1434436.2947553918,1434436.2947553918,
oleksandr syrota__2000-06-11,,,,1276803.7305334934,1273729.969824523,57936.102131185886
oleksandr tymchyk__1997-01-20,,,,2496560.7773325993,2496560.7773325993,178374.8536023106
oleksandr yatsyk__2003-01-03,,,,2816277.873260515,2816277.873260515,250966.27988358997
oleksandr zinchenko__1996-12-15,Oleksandr Zinchenko,DEF,12249999.999999989,10484985.542788155,10155712.483755942,1940271.6148938425
oleksandr zubkov__1996-08-03,Oleksandr Zubkov,MID,10499999.999999994,10315405.464107845,11298875.199841626,2610367.0571203516
oli mcburnie__1996-06-04,Oli McBurnie,FWD,4349999.999999996,4976713.302157615,4961867.983454673,519180.39963570866
oliver abildgaard__1996-06-10,,,,1591368.5404525325,1591368.5404525325,62029.103740346145
oliver antman__2001-08-15,,,,8281253.729266794,8281253.729266794,
oliver arblaster__2004-01-08,,,,3873746.5002221954,3873746.5002221954,423222.3840074792
oliver batista meier__2001-02-16,,,,1597764.0541134987,1610961.4139155282,132011.69724329654
oliver baumann__1990-06-02,,,,4007257.909974264,4007257.909974264,425227.65151823626
oliver braude__2004-02-21,,,,2138713.0755785834,2123506.963841168,66911.42129942041
oliver bundgaard__2001-06-15,,,,1036965.1094274007,1036965.1094274007,
oliver burke__1997-04-07,,,,2297076.3238526983,2794747.354671429,888690.9410751801
oliver christensen__1999-03-22,Oliver Christensen,GK,1699999.9999999988,1884269.0060977442,1962542.0826398535,281711.4787806508
oliver edvardsen__1999-03-19,,,,3775675.2135349098,3775675.2135349098,
oliver hjer__2007-01-24,,,,320120.03334755776,320120.03334755776,12219.895439763319
oliver norwood__1991-04-12,,,,744815.5211538398,744815.5211538398,33473.66380965659
oliver olsen__2000-08-13,,,,2141173.9293008586,2140750.596935308,81140.38661025785
oliver provstgaard__2003-06-04,,,,1815439.543689307,1861324.388707606,121595.56400143144
oliver scarles__2005-12-12,Oliver Scarles,DEF,5650000.000000001,4598371.803281043,4587667.790062437,606246.440032867
oliver skipp__2000-09-16,,,,6142763.137958385,6287916.890363199,677379.481756664
oliver sonne__2000-11-10,,,,2719640.6227535903,2719640.6227535903,190593.83908024838
oliver sorg__2007-07-31,,,,326044.141390105,326044.141390105,
oliver srensen__2002-03-10,Oliver Sørensen,MID,6350000.0,4511573.155326321,4317388.851361767,641048.5659900189
oliver villadsen__2001-11-16,,,,1260356.9623694557,1258359.5852647668,105546.51136406489
oliver zanden__2001-08-14,,,,1094414.5156553416,1094414.5156553416,
olivier aertssen__2004-08-07,,,,1169963.7878659407,1181553.6728893626,107196.66700538453
olivier boscagli__1997-11-18,Olivier Boscagli,DEF,16500000.000000013,20785858.668526232,21181228.180321045,1633954.105343283
olivier deman__2000-04-06,,,,2439827.9890492777,2504450.6307821563,246141.92222408793
olivier giroud__1986-09-30,Olivier Giroud,FWD,3149999.9999999995,3277098.0920672505,3144066.913232458,666299.9437826097
olivier kemen__1996-07-20,,,,2239993.881166797,2231973.3058494385,198704.164165752
olivier ntcham__1996-02-09,,,,3363103.065159451,3363103.065159451,103351.60837002638
oliwier zych__2004-06-28,,,,1259154.1667500427,1224107.452883108,67689.74805933102
ollie oneill__2003-01-08,,,,823165.6813164869,851372.0294280547,57074.70753685665
ollie watkins__1995-12-30,,,,33958848.43602782,33958848.43602782,4895681.058790254
oluwaseun adewumi__2005-02-23,,,,756148.2624145593,764082.1820085924,29932.16201529014
omar alderete__1996-12-26,,,,20116991.746819112,20116991.746819112,
omar bogle__1993-07-26,,,,278127.86742847314,281205.58646065753,22801.41400096868
omar fayed__2003-07-04,,,,1298254.207316422,1185519.4010236908,224858.97745640474
omar marmoush__1999-02-07,,,,45375195.57922859,39954262.207412764,12964109.77804734
omar richards__1998-02-15,,,,2541585.7491300977,2512690.8241112027,134848.58683208926
omari forson__2004-07-20,Omari Forson,MID,1849999.9999999995,1584990.4010358173,1576006.376273509,84336.60557601177
omer ali sahiner__1992-01-02,,,,649046.0390977056,645507.5710929714,35518.81274513737
omer hanin__1998-05-14,,,,222500.3743375862,228427.16128609207,19478.341654131385
omri gandelman__2000-05-16,,,,3513825.8691374436,3567036.1360936835,218765.0312670942
ondrej duda__1994-12-05,Ondrej Duda,MID,4000000.0000000005,4409262.561768045,4401600.093357033,489077.377560512
ondrej lingr__1998-10-07,,,,2385298.324958103,2400123.9498010515,52264.39901667459
onel hernandez__1993-02-01,,,,1523218.0705506725,1561242.9368726814,146310.9339327451
onur bulut__1994-04-16,,,,964410.0284182649,985660.8419065136,62016.50156773488
onur ergun__1992-11-15,Onur Ergün,MID,487499.9999999996,711089.7093266742,705969.9096905905,20557.05657552212
onuralp cevikkan__2006-01-02,Onuralp Çevikkan,GK,899999.9999999995,717991.8819734779,706064.6025811264,23215.315818070176
or israelov__2004-09-02,,,,354862.40165427816,354862.40165427816,27991.847802313674
orbelin pineda__1996-03-24,,,,7669991.315398361,7669991.315398361,1526841.007867726
orel mangala__1998-03-18,,,,8611513.13209573,8820801.505332481,603864.7366871021
orest lebedenko__1998-09-23,,,,1022048.2880964761,1022048.2880964761,74176.74818437552
orestis kiomourtzoglou__1998-05-07,,,,677417.9005357891,677417.9005357891,44349.82399160634
orji okwonkwo__1998-01-19,,,,1041248.965464544,1041248.965464544,
orkun kokcu__2000-12-29,,,,37221655.897279084,37195934.84399496,1959582.0629115968
orri oskarsson__2004-08-29,Orri Óskarsson,FWD,9249999.999999987,7031861.631366369,6925631.603802682,384631.15527238976
ortwin de wolf__1997-04-23,,,,1912503.0191013888,1912503.0191013888,146400.8640324303
osame sahraoui__2001-06-11,,,,10539346.951145083,10539346.951145083,109140.95494838606
osaze de rosario__2001-07-19,,,,293804.0579343494,290604.0639184091,41401.487874678765
osaze urhoghide__2000-07-04,,,,1712303.7069910732,1712303.7069910732,374466.8739195555
oscar bobb__2003-07-12,Oscar Bobb,MID,20999999.99999998,28145691.78770206,29211708.925512116,4533719.527577642
oscar cortes__2003-12-03,Óscar Cortés,MID,2700000.0,1584940.1730928011,1564223.9816072076,36612.11776681547
oscar gloukh__2004-04-01,,,,18928990.172124244,19834769.82707927,2788149.5971445628
oscar hedvall__1998-08-09,,,,694469.5715856755,711881.5133940745,31510.77144561411
oscar hjlund__2005-01-04,Oscar Højlund,MID,6999999.999999995,7781443.941346166,7745218.847080998,608500.4536460468
oscar perea__2005-09-27,,,,1827429.3459708386,1827429.3459708386,54299.71487418671
oscar pettersson__2000-02-01,Oscar Pettersson,MID,700000.0000000006,725489.2434964937,725489.2434964937,4829.694040197366
oscar priestman__2003-03-25,,,,708874.5284798224,707699.6217012083,21200.556357064652
oscar schonfelder__2001-02-05,Oscar Schönfelder,DEF,537500.0000000003,565514.7306964055,554568.1801309298,49709.11458411905
oscar schwartau__2006-05-17,,,,1806407.9719575127,1806407.9719575127,55497.57169341845
oscar trejo__1988-04-26,,,,529136.4595762234,530066.8290942673,45140.414180709486
oscar uddenas__2002-08-17,,,,744954.3766522533,744954.3766522533,56753.46740559032
oscar ustari__1986-07-03,,,,161982.32866348635,157430.17606457457,14387.79568449501
oscar vilhelmsson__2003-10-02,Oscar Vilhelmsson,FWD,2150000.0,1878772.5142508931,1930654.067506875,239389.0684240974
oskar annell__2005-02-15,,,,177357.9451887083,177357.9451887083,10958.840513908532
oskar boesen__2005-05-05,,,,595824.2137762683,598059.1142671792,57363.74964363651
oskar fallenius__2001-11-01,,,,1184889.5884212682,1167934.0663978641,80485.41976355542
oskar pietuszewski__2008-05-20,,,,1436916.6670284923,1436916.6670284923,
oskar sivertsen__2004-02-15,Oskar Sivertsen,MID,950000.0000000008,900558.7293498812,917350.6606581621,81171.33361050345
oskar zawada__1996-02-01,Oskar Zawada,FWD,825000.0000000006,922155.3945556203,939091.6327348391,47577.63411936479
osman bukari__1998-12-13,,,,1907581.7899110145,1907581.7899110145,243169.35795958017
otar kakabadze__1995-06-27,Otar Kakabadze,DEF,950000.0000000008,1008594.766295159,1008594.766295159,85666.01076153823
otar mamageishvili__2003-01-15,,,,1154588.760546028,1154588.760546028,
othmane maamma__2005-10-06,,,,1457100.4639247481,1479882.1073729247,86280.97625673987
otto stange__2007-02-09,Otto Stange,MID,2000000.0000000016,1116145.2275414374,1117871.4766255398,44090.116675936435
oumar diakite__2003-12-20,Oumar Diakité,FWD,5250000.0,5863182.117947184,5863182.117947184,1373197.6468269487
oumar ngom__2004-03-09,,,,1288046.7619289951,1383410.0192115868,184545.86928672713
oumar solet__2000-02-07,,,,19568696.53006097,19522190.678896856,1491143.2888241073
ousmane camara__2001-11-03,,,,903161.6635931494,934693.6254496599,174663.28622113875
ousmane camara__2003-03-06,,,,2985212.487811839,2985212.487811839,
ousmane dembele__1997-05-15,,,,100549893.99490295,106346431.12252755,26023442.92782723
ousmane diao__2004-06-08,Ousmane Diao,DEF,4449999.999999997,3505801.1574865864,3348178.551528978,459226.8207312278
ousmane diomande__2003-12-04,,,,28753619.646206856,29762075.27227468,1853238.3809241506
ousmane sow__2000-07-05,,,,1716492.0980987358,1747035.1886316692,108523.34616591093
ousmane toure__2005-02-18,,,,1205720.303758663,1249964.9046977314,98377.41875676315
oussama el azzouzi__2001-05-29,,,,1580013.3743198807,1591030.7839961564,107600.78816248165
oussama targhalline__2002-05-20,,,,7863892.029164661,7853122.400693446,93129.91150174619
ousseynou ba__1995-11-11,Ousseynou Ba,DEF,3049999.999999998,2925635.0259884936,2925635.0259884936,
ousseynou niang__2001-10-12,,,,4311443.016803697,4394505.894113714,524935.7512275071
ovie ejaria__1997-11-18,,,,370122.9136651396,370122.9136651396,
ovie ejeheri__2003-04-23,,,,404686.0084709693,413011.49117828626,25650.254580906738
owen beck__2002-08-09,,,,3099230.3716759663,3099230.3716759663,65212.949241870025
owen dodgson__2003-03-19,,,,732230.4497629568,677349.7640757753,143480.47076710314
owen elding__2006-03-07,,,,657930.661062404,659080.9369607428,58101.79561335389
owen jochmans__2003-01-28,,,,247032.98250060552,251510.87843640882,18519.757919745418
owen maes__1998-09-24,,,,734596.68396949,734596.68396949,27629.156196512227
owen wijndal__1999-11-28,Owen Wijndal,DEF,3149999.9999999995,2236425.623071357,2234671.337157965,53156.43887040577
owura edwards__2001-04-10,,,,383935.88276350877,386287.6005553516,25372.18517599641
ozan kabak__2000-03-25,,,,6573617.871132759,6573617.871132759,602972.8047853899
ozan kokcu__1998-08-18,,,,650479.4160851286,658075.7620033629,23410.64755120064
pablo galdames__1996-12-30,,,,1057587.1262615884,1057696.89382309,58113.79220647003
pablo pagis__2002-12-29,,,,2401535.4062032225,2401535.4062032225,756306.9707506037
pablo rosario__1997-01-07,,,,8967067.415731614,8954883.128048347,1577063.4318000325
pablo sabbag__1997-06-11,,,,1768414.1874790238,1748765.5427366872,227942.93834666282
pachanga kristensen__2006-12-07,,,,254572.77427698,256109.47304192313,14643.795819463585
paddy barrett__1993-07-22,,,,426274.66909499484,422042.40035728953,19296.747876271806
paddy mcnair__1995-04-27,,,,2232418.5341804945,2342621.320304521,241799.74826186404
pal alexander kirkevold__1990-11-10,,,,357194.6096412212,358018.4996534976,28772.628460016833
panagiotis retsos__1998-08-09,,,,9356562.660028003,9356562.660028003,
panos katseris__2001-07-05,Panos Katseris,DEF,2449999.9999999995,2339446.503969116,2339446.503969116,59814.94500366417
pantelis hatzidiakos__1997-01-18,,,,2174726.5656808275,2190391.705294793,56971.46466009467
paolo ghiglione__1997-02-02,,,,1091272.9971734176,1110821.8499054457,89673.54104428056
papa amadou diallo__2004-06-25,,,,2225173.359940998,2207077.4978932403,161507.0471260642
pape demba diop__2003-09-04,,,,2521603.3451161217,2521603.3451161217,234779.86613195227
pape gueye__1999-01-24,,,,16069975.213076701,16069975.213076701,
pape habib gueye__1999-09-20,,,,1405933.2580018996,1405933.2580018996,48332.45393903708
pape matar sarr__2002-09-14,,,,41849368.456231736,40130228.718864456,3166981.1330118407
pape moussa fall__2004-07-04,,,,658275.3296804312,658275.3296804312,
pape sy__1997-05-02,Pape Sy,GK,474999.99999999977,557918.1047145304,543392.8512046967,35966.87903521895
parfait bizoza__1999-03-03,,,,495639.45493437373,491561.52848668746,21486.25170178534
paris brunner__2006-02-15,,,,1610736.0020194938,1610736.0020194938,119354.04647196867
paris maghoma__2001-05-08,,,,1262063.4164791573,1266396.572117063,81447.41871455198
pascal gregor__1994-02-18,,,,487707.90117721795,495189.9111153295,20750.452556876095
pascal gro__1991-06-15,,,,5889943.536119429,5913584.149636838,94997.5884415981
pascal klemens__2005-02-23,,,,2182174.581172215,2182174.581172215,
pascal kuiper__2004-03-17,,,,238177.78974363854,238177.78974363854,17174.001534580875
pascal stenzel__1996-03-20,,,,1725108.2603442415,1725108.2603442415,125180.11711106932
pascal struijk__1999-08-11,,,,11665627.825167317,11598860.543016221,806819.1639440969
pasquale mazzocchi__1995-07-27,,,,2029608.108621398,2122301.326497759,175031.5707999202
pathe ciss__1994-03-16,,,,6194194.251819178,6226346.275182935,271081.68107178697
pathe mboup__2003-10-19,,,,3611602.8610361908,3611602.8610361908,564384.2525960349
patric pfeiffer__1999-08-20,,,,1831716.4772392586,1831716.4772392586,59695.588034388944
patrick bamford__1993-09-05,,,,2596327.2789450386,2579978.657997272,152663.5728731126
patrick bauer__1992-10-28,Patrick Bauer,DEF,487499.9999999996,358097.5670429381,358097.5670429381,35949.259523366025
patrick berg__1997-11-24,,,,9230109.215631329,9230109.215631329,1613070.0355347889
patrick brouwer__2001-03-19,,,,509096.4726680181,509096.4726680181,16500.670421563176
patrick cutrone__1998-01-03,,,,6420771.111065908,6363103.578303342,260567.2476922387
patrick dorgu__2004-10-26,,,,7760602.989099712,7760602.989099712,
patrick drewes__1993-02-04,,,,1048415.234950259,1048415.234950259,
patrick egelund__2000-08-02,,,,562805.651789536,562805.651789536,20049.619600436992
patrick enrici__2001-05-02,,,,548989.877361532,537193.749347544,39067.01978676673
patrick erras__1995-01-21,,,,816521.1119966712,811105.2667749937,30145.188798766692
patrick kammerbauer__1997-02-11,,,,550081.8273109546,551267.1436328692,8300.210201242682
patrick mainka__1994-11-06,Patrick Mainka,DEF,4500000.000000002,5791507.451628148,5767127.890850389,203811.15154158522
patrick mortensen__1989-07-13,,,,630157.3124497578,580398.2171702676,133160.74262421558
patrick pentz__1997-01-02,,,,1737716.8032793058,1788988.8855065068,91123.64705640913
patrick pflucke__1996-11-30,Patrick Pflücke,MID,2900000.0000000014,3681963.6928425888,3685882.216254545,651756.8856506293
patrick roberts__1997-02-05,Patrick Roberts,MID,2800000.000000002,2794554.8829630814,2642952.677224718,237143.1442457102
patrick sussek__2000-02-08,,,,613982.6147914855,613982.6147914855,55149.589933556264
patrick twumasi__1994-05-09,Patrick Twumasi,MID,749999.9999999998,662825.070351749,651724.9975915637,76857.90123299147
patrick van aanholt__1990-08-29,Patrick van Aanholt,DEF,625000.0000000002,712429.3966356607,712429.3966356607,34017.15576932337
patrick wimmer__2001-05-30,,,,14352445.537168875,14411532.178285431,849671.4516206481
patrik carlgren__1992-01-08,,,,647370.773679096,614949.6942732241,97458.0617302941
patrik gunnarsson__2000-11-15,,,,777171.7516378383,777171.7516378383,110326.6944447558
patrik mijic__1998-11-04,,,,995638.2411472065,989314.1175180406,27086.10417107545
patrik schick__1996-01-24,,,,42777592.00812219,41580277.70659369,6186843.061217785
patrik walemark__2001-10-14,Patrik Wålemark,MID,2750000.0,2486587.3933223295,2486587.3933223295,45339.44504567579
patrizio masini__2001-01-27,,,,1681417.6899257707,1681417.6899257707,29735.028226388393
patryk dziczek__1998-03-25,,,,1342420.5859601398,1321201.578928242,69479.19716145901
patryk klimala__1998-08-05,Patryk Klimala,FWD,1849999.9999999995,1131611.9951802464,1174266.7046365587,181159.41201569643
patryk szysz__1998-04-01,Patryk Szysz,MID,775000.0000000007,656749.8863849073,757414.358319546,178270.45095774878
patson daka__1998-10-09,Patson Daka,FWD,8249999.9999999935,2930975.5033652755,2853735.867067066,285548.67474409105
paul argney__2006-05-23,,,,432157.7298582577,432157.7298582577,
paul bernardoni__1997-04-18,,,,1374340.1555131532,1382052.025060417,38692.049487799144
paul gladon__1992-03-18,,,,368938.1426401921,368938.1426401921,13026.228571533238
paul izzo__1995-01-06,,,,1083819.2092112126,1075202.7409208799,44007.928971108544
paul joly__2000-06-07,Paul Joly,DEF,2100000.000000001,2573768.5891848532,2471087.372422886,213865.4241656648
paul mcginn__1990-10-22,,,,151809.99352036338,151809.99352036338,21422.57683544741
paul nebel__2002-10-10,,,,13359630.752024125,13359630.752024125,32626.81094678036
paul onuachu__1994-05-28,,,,6416486.705086671,6562572.222244731,619979.7610832081
paul pogba__1993-03-15,,,,7899729.056248694,8027164.621305469,316884.5284060089
paul reverson__2005-06-20,,,,792199.5764236647,795215.3763968823,63170.67071029829
paul seguin__1995-03-29,,,,1644325.3930442904,1644325.3930442904,
paul wanner__2005-12-23,Paul Wanner,MID,11749999.999999994,7620409.947855938,7685328.461195668,1428020.4936590001
paul will__1999-03-01,,,,939768.8740886524,953146.1777749443,71863.35365575126
paulo dybala__1993-11-15,,,,27961822.65158647,27042758.1418512,2959876.7273730994
paulo gazzaniga__1992-01-02,Paulo Gazzaniga,GK,3299999.999999998,3122314.9955826807,3042930.406410332,348951.4057263902
paulos abraham__2002-07-16,,,,1969888.0944717806,1969888.0944717806,144346.28295763818
pavao pervan__1987-11-13,,,,225561.00480545737,213797.78197002958,27448.177095046554
pavel kaderabek__1992-04-25,,,,2305501.027982625,2254850.549647211,185759.01580197978
pavel sulc__2000-12-29,,,,13966959.053772515,16332823.838996684,4141927.5445173928
pavlo isenko__2003-07-21,,,,1293176.1361234768,1293176.1361234768,214642.80896563822
pavlos pantelidis__2002-09-16,,,,2162952.328189663,2136686.320004237,69001.95555298016
paxten aaronson__2003-08-26,,,,9277716.109359069,9277716.109359069,
pedro bravo__2004-11-26,Pedro Bravo,MID,1949999.999999999,2304417.5691987355,2304417.5691987355,54752.03323849348
pedro silva torrejon__1997-01-25,,,,1496068.364383009,1480290.7783255903,35269.348098213304
peer koopmeiners__2000-05-04,,,,3729184.2821212276,3729184.2821212276,
pelle clement__1996-05-19,Pelle Clement,MID,950000.0000000008,1195336.583227824,879037.0755624129,799023.2697653704
pelle mattsson__2001-08-04,,,,3300227.0939516467,3327412.1611949336,383941.5096147579
pepijn reulen__2008-06-01,,,,558454.1727780434,567617.4993212502,42215.576726005565
percy liza__2000-04-10,,,,949527.6101374013,965254.7751979458,82873.14514010545
perr schuurs__1999-11-26,,,,9927946.256258497,10166925.17751173,501739.8803495701
pervis estupinan__1998-01-21,Pervis Estupiñán,DEF,19499999.99999998,18870578.08865349,19624130.31683876,2678831.218995059
petar filipovic__1990-09-14,,,,264157.77859776415,270114.24062745326,26851.10822618265
petar musa__1998-03-04,,,,7576534.488094138,7576534.488094138,
petar ratkov__2003-08-18,,,,4118392.9469476105,4171430.9824760826,537330.7585110327
petar stojanovic__1995-10-07,Petar Stojanović,DEF,1249999.999999999,1424241.7219765403,1418086.3176188716,115010.87503745728
petar sucic__2003-10-25,,,,18838525.782818865,18828053.91324771,1580175.1725338139
peter ankersen__1990-09-22,Peter Ankersen,DEF,375000.00000000006,451056.1298227164,455297.81744679663,16055.049756771816
peter gulacsi__1990-05-06,,,,5685629.15191087,5964516.593356721,931501.861063177
peter therkildsen__1998-06-13,Peter Therkildsen,DEF,649999.9999999995,827418.0034253255,814309.4174510413,56666.26029485304
petko hristov__1999-03-01,Petko Hristov,DEF,1200000.0000000005,1344767.2038862894,1333471.3420897457,38983.71607936876
petros bagalianis__2001-02-06,,,,349944.38423155766,352208.6355666536,10720.030087364534
phil foden__2000-05-28,,,,75202406.51316439,82614617.21373841,14668854.749925964
phil neumann__1997-07-08,,,,2610825.6304286947,2610825.6304286947,97716.31292642538
philip billing__1996-06-11,,,,10397337.506971434,10534455.941957919,266448.3149315128
philip brittijn__2004-04-09,,,,1407858.0921339858,1413217.4653544547,34482.043140002934
philip otele__1999-04-15,Philip Otele,MID,3799999.9999999995,3094069.8854881404,3094069.8854881404,140297.0721064801
philip zinckernagel__1994-12-16,,,,8251041.608274718,8292415.306580063,1119415.022451121
philipp hofmann__1993-03-30,,,,1981405.0700897623,1981405.0700897623,
philipp kohn__1998-04-02,,,,7937084.588233394,7937084.588233394,429869.30447700206
philipp sander__1998-02-21,,,,5816163.668181363,6230268.405980065,687967.4093545782
philipp schulze__2003-01-29,,,,700224.1128473656,701991.1573610681,40967.48914461324
philippe rommens__1997-08-20,Philippe Rommens,MID,2550000.0,1766275.0877510514,1766275.0877510514,
philippe sandler__1997-02-10,,,,4552234.923160228,4552234.923160228,338985.986332696
phillip cancar__2001-05-11,Phillip Čančar,DEF,387499.99999999977,472838.94574745477,460407.34910241526,58545.07147136214
phillip menzel__1998-08-18,,,,752203.7162671443,752203.7162671443,85957.67452781468
phillip tietz__1997-07-09,,,,4384415.833043672,4384415.833043672,25718.5715140218
pierluigi gollini__1995-03-18,,,,2695169.3343477612,2765234.5818980546,352430.25075772364
piero hincapie__2002-01-09,,,,58565753.62041398,58565753.62041398,32879.18059472807
pieros sotiriou__1993-01-13,Pieros Sotiriou,FWD,1249999.999999999,907866.172936452,1050633.5462371728,281037.85095423897
pierre dwomoh__2004-06-21,,,,2339173.39284759,2367935.7720951103,117650.78465588401
pierre kalulu__2000-06-05,,,,29168670.57525901,29080660.68210613,1821328.1826119383
pierre landry kabore__2001-07-05,,,,594719.4093342337,594719.4093342337,263334.3675836811
pierre leesmelou__1993-05-25,Pierre Lees-Melou,MID,9750000.000000004,8082585.648247495,8082585.648247495,
pierreemerick aubameyang__1989-06-18,,,,10407231.55114147,10405045.819927972,1209887.981302913
pierreemile hjbjerg__1995-08-05,,,,22279560.470727462,21114586.93490755,3072616.289158137
pierreyves hamel__1994-02-03,,,,816915.4448746535,819885.8247383372,54790.789403924115
pierrick capelle__1987-04-15,,,,262818.148414512,262818.148414512,
pieter gerkens__1995-02-17,Pieter Gerkens,MID,999999.9999999997,1470425.6674300558,1417068.4642993605,139630.68803624558
pietro ceccaroni__1995-12-21,,,,1470863.6057241564,1470863.6057241564,
pietro comuzzo__2005-02-20,,,,12733533.292661425,12733533.292661425,22438.20738406905
pietro iemmello__1992-03-06,,,,1150210.0707657638,1150210.0707657638,
pietro pellegri__2001-03-17,Pietro Pellegri,FWD,2400000.000000001,1951402.5143593892,1948935.6999681816,80838.15550587153
pietro terracciano__1990-03-08,,,,1629366.513159285,1563360.0706257222,190756.75184275283
pim saathof__2003-12-28,,,,229750.87473712987,229402.02030569004,984.72040238424
piotr zielinski__1994-05-20,,,,15131422.727048725,15073228.074290706,570419.9868141578
pontus almqvist__1999-07-10,,,,2535163.888466748,2423502.3222277313,261521.3590928923
pontus dahlberg__1999-01-21,,,,849110.8596472548,842986.3461560208,27673.03818564508
pontus jansson__1991-02-13,,,,905290.2925479381,921722.4857247873,59380.824706539905
pontus rodin__2000-08-16,,,,916700.793787148,900784.1397384983,35702.05809427374
poyraz yldrm__2005-01-15,,,,818327.7137301482,812537.212058403,62395.26109565495
precious ugwu__2006-02-08,Precious Ugwu,DEF,912500.0000000002,1083266.8854193452,1080341.1643080565,155625.79417831532
predrag rajkovic__1995-10-31,,,,9504247.15375159,9117823.594375923,764436.3844351481
prince amoako junior__2007-02-19,,,,1683101.8721081621,1668224.7749206056,107122.96172516176
prince ampem__1998-04-13,Prince Ampem,MID,1400000.0000000007,1274230.8920708117,1271667.9059905787,28551.05049449889
prosper obah__2003-11-24,Prosper Obah,MID,2400000.000000001,5272840.808615579,5568171.18555681,1361286.6014677638
prosper peter__2007-08-09,,,,1629136.3373541522,1661558.8389844582,173044.39011919958
qazim laci__1996-01-19,Qazim Laçi,MID,2649999.999999999,2251692.866349898,2389230.519369926,305978.16261927364
quentin beunardeau__1994-02-27,Quentin Beunardeau,GK,425000.0000000001,401483.96691270603,401483.96691270603,12373.95406448879
quentin boisgard__1997-03-17,Quentin Boisgard,MID,649999.9999999995,632389.9851551,630160.4267188144,24283.335739518272
quentin braat__1997-07-06,,,,828280.9581525291,828280.9581525291,
quentin lecoeuche__1994-02-04,,,,431434.70406255627,429156.9665954195,24200.932143801347
quentin merlin__2002-05-16,Quentin Merlin,DEF,13000000.000000013,12890413.334430898,12775995.83974981,926119.2225130587
quentin ndjantou__2007-07-23,,,,5638835.099170545,5638835.099170545,
quilindschy hartman__2001-11-14,,,,21068042.105619356,21507254.59248105,2008755.8159337598
quinten timber__2001-06-17,,,,30344614.102510937,30344614.102510937,2139777.5273826504
rabbi matondo__2000-09-09,,,,1472701.7810066883,1472701.7810066883,104556.41826234097
rabby nzingoula__2005-11-25,,,,3079216.968984748,3213136.3660368533,418336.4368401339
rachid ghezzal__1992-05-09,,,,1324591.4935332297,1324591.4935332297,
radek vitek__2003-10-24,Radek Vítek,GK,1949999.999999999,3148085.6025120416,3131607.7067316948,368043.453018827
radinio balker__1998-09-03,,,,976291.8771180129,976291.8771180129,39487.42034913799
radovan pankov__1995-08-05,,,,960662.9308298944,975771.604749252,38717.47808613543
radu dragusin__2002-02-03,Radu Drăgușin,DEF,15000000.00000001,15081549.13914504,15013729.857349863,1088574.6614109871
raf smekens__2004-01-29,,,,297903.0053066679,297903.0053066679,
raffaele celia__1999-03-04,Raffaele Celia,DEF,612499.9999999997,596207.6726877496,577534.7798498034,36257.89752661859
raffaele di gennaro__1993-10-03,,,,661920.889467785,661920.889467785,51065.947524602496
raffaele pucino__1991-05-03,,,,483513.0875542532,490115.5822366069,24513.0058471434
raffaele russo__1999-02-25,Raffaele Russo,MID,487499.9999999996,493603.4258501916,493603.4258501916,21838.328318220243
rafik belghali__2002-06-07,,,,1920071.1262148393,1990654.652975513,168738.88448203122
rafik el arguioui__2005-07-31,,,,482997.1820824918,482997.1820824918,31488.479725575005
rafik guitane__1999-05-26,,,,3727447.9313773215,3597080.027850264,249350.76410526686
rafik messali__2003-04-28,,,,898613.5542592576,898613.5542592576,31756.857847422674
rafiki said__2000-03-15,Rafiki Saïd,MID,2050000.000000001,1861863.8180997048,1988359.2274236407,336162.97540009004
rafiu durosinmi__2003-01-01,Rafiu Durosinmi,FWD,8000000.000000002,12204601.68604,12204601.68604,113821.72872960477
ragnar oratmangoen__1998-01-21,,,,636118.181539869,642608.4887444724,11411.854333769052
raheem sterling__1994-12-08,,,,11889809.598661616,11889809.598661616,231668.69838045418
rahim alhassane__2002-01-01,,,,2226637.134542283,2129567.078758733,203889.16263207025
ramazan civelek__1996-01-22,,,,847858.2000386547,851189.1473296839,20108.24307247007
rami kaib__1997-05-08,Rami Kaib,DEF,525000.0000000003,595074.0056030522,593386.1366444814,10923.043993069125
ramiro funes mori__1991-03-05,Ramiro Funes Mori,DEF,762499.9999999998,697704.1222839177,697704.1222839177,18774.637751635095
ramiz zerrouki__1998-05-26,,,,3590059.246770287,3590059.246770287,54316.64896096359
ramon arias__1992-07-27,,,,460041.17032611213,466647.9361236544,15978.459559425159
ramon hendriks__2001-07-18,,,,3892424.848304478,3892424.848304478,166825.9327480162
ramon pascal lundqvist__1997-05-10,,,,1005966.6184538582,1014109.8041450295,34899.19559295556
ramy bensebaini__1995-04-16,Ramy Bensebaini,DEF,12249999.999999989,16255825.484173808,16190440.777237328,634636.7190986521
ramzi safuri__1995-10-21,,,,1518545.3004819488,1498908.423718757,116529.681779878
randal kolo muani__1998-12-05,,,,18961148.203464262,18961148.203464262,
randy nteka__1997-12-06,Randy Nteka,MID,1450000.0000000002,2270468.6951637063,2384423.1203601807,214123.37730176584
rani khedira__1994-01-27,,,,4450739.9183760835,4424844.808546361,157847.58544213674
raoul bellanova__2000-05-17,,,,14313288.802907778,14313288.802907778,910059.5452595876
raphael guerreiro__1993-12-22,Raphaël Guerreiro,DEF,11749999.999999994,12864628.35155981,12878821.44632811,1508894.9270044963
raphael le guen__2006-09-01,,,,568926.9376411852,575929.523972982,52994.09819925401
raphael onyedika__2001-04-19,,,,20577986.098396502,20577986.098396502,
raphael sallinger__1995-12-08,,,,1089764.026633429,1095247.2396174062,116756.30259445295
rares burnete__2004-01-31,Rares Burnete,FWD,800000.0000000005,724340.0969892883,729791.1892862767,25366.346578836998
rares ilie__2003-04-19,,,,2606354.6646171333,2548127.6895028995,154247.23709945605
rasmus falk__1992-01-15,,,,1189689.4238310533,1189689.4238310533,70514.74585586399
rasmus hjlund__2003-02-04,,,,22571648.847457103,22571648.847457103,
rasmus kristensen__1997-07-11,,,,18312705.79670233,18278907.593975488,1416509.1308292584
rasmus lauritsen__1996-02-27,Rasmus Lauritsen,DEF,1550000.0000000012,995676.6278337822,995676.6278337822,33934.85500188566
rasmus nicolaisen__1997-03-16,,,,7228356.336526376,7234018.856022032,444370.2850990166
rasmus vinderslev__1997-08-12,,,,970617.9739213955,915413.8375521062,97027.95899125758
rasmus wikstrom__2001-03-18,,,,1558669.402363345,1516985.054497803,96084.82387377875
rassoul ndiaye__2001-12-11,,,,2448118.237019121,2496333.9790044464,225266.4084978909
raul florucz__2001-06-10,,,,3111743.488868802,3186058.8671592586,381089.59118518454
raul jimenez__1991-05-05,Raúl Jiménez,FWD,4500000.000000002,4640242.364796512,4582152.780722698,145032.5233805756
raul oprut__1998-01-04,,,,1273396.9600847475,1273396.9600847475,68590.63235550941
raul paula__2004-01-25,,,,958402.1206359346,958402.1206359346,
rav van den berg__2004-07-07,,,,3625076.482400495,3392191.1883701156,655192.1223233023
rayan aitnouri__2001-06-06,Rayan Aït-Nouri,DEF,37250000.00000006,43238071.38801466,43463623.23642411,1603193.6338304344
rayan cherki__2003-08-17,,,,81873820.97448736,81658594.80443081,4540045.930446202
rayan fofana__2006-02-12,Rayan Fofana,FWD,4250000.000000002,4246139.863465213,4182770.547704893,743403.7590917533
rayan philippe__2000-10-23,,,,3641036.7972359215,3641036.7972359215,153030.92571926911
rayan raveloson__1997-01-16,,,,2382088.1925763437,1687950.0674281244,1310805.032851324
rayane bounida__2006-03-03,,,,1505622.3214956818,1505622.3214956818,16315.508922440995
razvan marin__1996-05-23,,,,4309267.518750825,4154787.3915731893,441947.5809876913
razvan sava__2002-06-21,,,,3268135.9354644706,3268135.9354644706,
rdvan ylmaz__2001-05-21,,,,3848963.458006864,3848963.458006864,
reda belahyane__2004-06-01,,,,3108106.257987349,3108106.257987349,199935.32632564614
reda khadra__2001-07-04,,,,3739802.059003906,3744216.189450338,234607.44562751392
reda laalaoui__2005-05-11,Reda Laalaoui,MID,787499.9999999994,595642.4449194274,611704.8782331892,60410.52938261412
reece james__1993-11-07,,,,633982.2488891517,633982.2488891517,115197.18907892187
regan charlescook__1997-02-14,,,,764233.2517204082,764233.2517204082,
regan hendry__1998-01-21,Regan Hendry,MID,375000.00000000006,388481.32489088556,388481.32489088556,
reggie cannon__1998-06-11,,,,1656864.580343366,1682716.069773499,90497.18742993653
rein van helden__2002-07-24,,,,2888410.4616517904,2888410.4616517904,157395.25112010344
reiss nelson__1999-12-10,,,,7779985.571434863,7833115.211361384,1349667.4815132103
rekeem harper__2000-03-08,Rekeem Harper,MID,337500.00000000006,290800.1518884473,290800.1518884473,
remi matthews__1994-02-10,,,,233612.72124425098,240616.7822035497,17036.168867571167
remi oudin__1996-11-18,,,,1763391.7131665354,1763391.7131665354,
remko pasveer__1983-11-08,,,,436571.313743745,473673.11679174367,110687.1785010895
remo freuler__1992-04-15,,,,11142815.07960021,11142815.07960021,
remy cabella__1990-03-08,Rémy Cabella,MID,1899999.9999999993,1698310.1801550016,1698310.1801550016,32349.622060842692
remy descamps__1996-06-25,,,,4185244.7113981773,4185244.7113981773,65175.07210540761
remy labeau lascary__2003-03-03,,,,5165905.536307716,5217093.815136609,270518.86076991784
remy riou__1987-08-06,,,,114448.0905584588,118974.43298442478,13134.023119540243
remy vita__2001-04-01,,,,1740266.3463524845,1647111.0885411673,210154.9776161683
renan ribeiro__1990-03-23,,,,190270.58601160173,197624.02421475865,30562.698334902783
renat dadashov__1999-05-17,Renat Dadashov,FWD,1350000.0,1074469.4415341346,904983.794065531,350104.2622498372
renato steffen__1991-11-03,,,,2535959.281166481,2484546.9226653683,248466.5004397238
rene mitongo__2008-01-18,René Mitongo,FWD,700000.0000000006,869288.900720086,869288.900720086,58989.14579492021
reo hatate__1997-11-21,,,,7821371.938183643,7851146.545202673,855537.3406641684
rhian brewster__2000-04-01,,,,1940049.7450994668,1960791.7536352924,84558.50930203174
rhys healey__1994-12-06,,,,653810.4357403547,654686.9793513521,50645.08678510926
rhys norringtondavies__1999-04-22,,,,1367875.534211072,1367025.717921339,114896.31700326418
rhys williams__2001-02-03,,,,487944.3288386556,487944.3288386556,34574.208315477204
ricardo pepi__2003-01-09,,,,12973975.890661154,12973975.890661154,743005.2247982519
riccardo brosco__1991-02-03,,,,392191.8737549299,387185.31584278634,19938.84984366227
riccardo calafiori__2002-05-19,,,,31757034.21241368,33542288.56815432,3985696.878801436
riccardo capellini__2000-03-01,Riccardo Capellini,DEF,749999.9999999998,742500.6579960173,739309.9997051049,16385.135902058984
riccardo ciervo__2002-04-01,,,,1078044.128077532,1061989.60919282,80719.59632812743
riccardo marchizza__1998-03-26,,,,1334330.1625672358,1279478.4262543793,145655.75210070942
riccardo orsolini__1997-01-24,,,,28929704.000443626,28929704.000443626,
riccardo pagano__2004-11-28,,,,708530.6986610828,709476.3732841108,21491.357416039515
riccardo sottil__1999-06-03,Riccardo Sottil,MID,6250000.000000005,6418290.229600677,6418290.229600677,816241.2793065187
riccardo tonin__2001-01-30,Riccardo Tonin,FWD,412500.0000000001,524080.4353152773,511605.26847414265,29970.426149919404
richard king__2001-11-27,,,,339951.1256964355,338104.8437249772,9409.95663061626
richard neudecker__1996-10-29,,,,454996.59960325074,449173.1372100841,34658.22012227425
richard rios__2000-06-02,,,,22613652.378871005,22313792.042933088,2033644.8339646126
richard taylor__2000-10-02,,,,873150.438057842,873150.438057842,35642.15169761954
richie sagrado__2004-01-30,,,,1582473.7552090709,1488579.7638163203,253414.14724834496
richonell margaret__2000-09-07,,,,978590.7785801576,885644.7642309252,161681.28449541342
rick meissen__2002-02-24,,,,1402916.2901117548,1402916.2901117548,
rick van drongelen__1998-12-20,,,,5850428.663881721,5886609.308006549,172097.832141329
ricky van wolfswinkel__1989-01-27,,,,623749.8363756548,631033.9715749237,45392.63323275065
rico henry__1997-07-08,,,,9378455.742130397,9097778.009938,893270.4550207483
rico lewis__2004-11-21,,,,28539654.942116883,25858116.272287372,8869633.658562636
rico richards__2003-09-27,,,,266979.13977244543,266979.13977244543,85307.96787813657
ridgeciano haps__1993-06-12,Ridgeciano Haps,DEF,937499.9999999995,1110448.2353148167,1123847.9848889564,97838.3959630997
ridle baku__1998-04-08,,,,15441318.026053853,15441318.026053853,594090.631408838
riechedly bazoer__1996-10-12,Riechedly Bazoer,DEF,3900000.000000001,4552100.111106611,4587580.170750777,236710.7391134521
rigoberto rivas__1998-07-31,,,,973253.2830969704,911794.7716753524,113304.68524167084
rijad sadiku__2000-01-18,,,,523756.0845319086,533042.4550558801,41287.32040882506
rijk janse__2002-04-16,,,,243835.51509189678,243835.51509189678,11033.082936870605
riley harbottle__2000-09-26,,,,425282.24392719165,435106.3751078643,22790.941446902863
riley mcgree__1998-11-02,,,,2413932.457319118,2413932.457319118,89199.5986072921
ringo meerveld__2002-12-21,,,,3978932.7261672355,3978932.7261672355,
rio hillen__2003-03-05,,,,785848.2520728321,788225.0856797759,53832.551187482204
rio ngumoha__2008-08-29,,,,7427267.21815314,7354484.733006667,491191.50181407115
ritsu doan__1998-06-16,,,,23703452.23794649,23235254.793746747,1915482.5649298993
rjan nyland__1990-09-10,,,,887585.9825036083,923589.3923254954,64446.087680356315
rob holding__1995-09-20,,,,2326933.24078121,2326933.24078121,327832.25890756
robbie brady__1992-01-14,,,,1161927.1267519593,1161927.1267519593,11857.359449517704
robbie deas__2000-02-27,Robbie Deas,DEF,800000.0000000005,930437.5042089871,957455.4200676337,78818.68531728632
robbie gotts__1999-11-09,,,,406138.7146054923,418487.7549191782,36299.03351685937
robbie muirhead__1996-03-08,,,,283241.9064468943,283241.9064468943,19234.826086058616
robbie ure__2004-02-26,,,,1646706.0839141204,1645764.327937753,60931.2771734766
robbin weijenberg__2004-11-08,,,,366028.1153854043,378016.00258892495,37568.77507146163
robert andrich__1994-09-22,,,,11851630.15764064,11851630.15764064,3432076.0857075667
robert bozenik__1999-11-18,,,,2369344.063933415,2369344.063933415,53028.46604246198
robert glatzel__1994-01-08,,,,2075230.2573627087,2075230.2573627087,
robert gumny__1998-06-04,,,,1557893.7324676844,1557893.7324676844,134968.08175602212
robert ivanov__1994-09-19,Robert Ivanov,DEF,299999.99999999977,395495.50346482696,406034.6545512418,38763.14071762977
robert leipertz__1993-02-01,,,,369628.29718652775,369628.29718652775,7906.657151839822
robert lewandowski__1988-08-21,,,,26711039.656540155,27584936.68195154,2397103.1120214434
robert ljubicic__1999-07-14,,,,2260806.2113506305,2335566.5157288495,397470.63907435106
robert mudrazija__1997-05-05,,,,604948.4312676516,604948.4312676516,167.73662240721308
robert muhren__1989-05-18,,,,264713.3091876423,264713.3091876423,59369.80471247928
robert street__2001-09-26,,,,574876.0777981373,574876.0777981373,2732.2912054403478
robert voloder__2001-05-09,,,,462750.277951514,462750.277951514,44594.00969601171
robert wagner__2003-07-14,,,,1441717.9311631708,1441717.9311631708,302066.1641627649
robertjan vanwesemael__2002-03-26,,,,1854449.4197214625,1818449.486984299,150865.8045548834
roberto gagliardini__1994-04-07,,,,2103364.339071585,2100056.879884951,199367.996233503
roberto insigne__1994-05-11,,,,2221939.779186761,2221939.779186761,
roberto pereyra__1991-01-07,,,,2197161.8073734217,2197161.8073734217,235096.51735710388
roberto piccoli__2001-01-27,Roberto Piccoli,FWD,14250000.000000019,10815637.633054033,10673205.883188307,760210.3587352552
roberto rosales__1988-11-20,,,,295805.8805527999,306579.4245415845,37134.92895661441
roberts uldrikis__1998-04-03,Roberts Uldriķis,FWD,612499.9999999997,609373.610957374,609216.3919792515,30943.69022999301
robin bormuth__1995-09-19,,,,526855.8342585866,542098.9166062557,34470.06735542808
robin fellhauer__1998-01-21,,,,3356171.1855386687,3620640.530951312,498310.3622235849
robin gosens__1994-07-05,,,,14953508.077037219,15221448.254919384,547615.154130674
robin hack__1998-08-27,Robin Hack,MID,11749999.999999994,9418934.294080859,9413506.258664256,556940.3478422672
robin himmelmann__1989-02-05,,,,160244.5170679064,160244.5170679064,
robin hranac__2000-01-29,,,,4969231.2373366635,5000327.936780684,140922.2685256294
robin knoche__1992-05-22,Robin Knoche,DEF,1625000.000000001,1033276.5812536677,1048064.2455133266,65457.094781683445
robin koch__1996-07-17,,,,18223303.78228342,18351016.58435524,391353.6234359804
robin le normand__1996-11-11,Robin Le Normand,DEF,27250000.00000005,22548166.941562712,21826637.163194463,2837465.491260303
robin lod__1993-04-17,Robin Lod,MID,2449999.9999999995,1640345.2609629221,1817641.9023572372,413714.5127438237
robin mantel__2000-11-15,,,,234959.86934230113,233949.7624164281,5051.748513195644
robin mirisola__2006-12-08,Robin Mirisola,FWD,2150000.0,1948375.817301087,1981902.3566959098,427063.5251110623
robin olsen__1990-01-08,,,,315597.5471950441,315597.5471950441,38109.51076430926
robin propper__1993-09-23,Robin Pröpper,DEF,2050000.000000001,1808947.3168072556,1808947.3168072556,131686.5454619912
robin risser__2004-12-02,,,,9927359.222006338,9400089.491298648,933213.8031444184
robin roefs__2003-01-17,,,,20565330.94046466,20380186.95769101,633717.1998602297
robin strm__2002-08-09,Robin Østrøm,DEF,1350000.0,1448419.75953231,1460828.260067502,102502.01320757467
robin van cruijsen__2006-02-20,,,,1025944.2888166533,1025944.2888166533,
robin yalcn__1994-01-25,,,,855751.0380819493,855751.0380819493,82112.83070912093
robin zentner__1994-10-28,Robin Zentner,GK,5500000.000000001,4495147.9126806175,4510583.048481654,233836.97232073316
robin ziegele__1997-03-13,,,,487256.44449885515,489018.03593157243,20071.966050851188
rocco ascone__2003-09-12,,,,1092114.2148422436,1092114.2148422436,226743.33573298837
rocco reitz__2002-05-29,,,,14913431.821814442,14754190.024352245,1010337.7492867747
rocco robert shein__2003-07-14,,,,1221935.95663787,1168059.1390755977,116053.96072824895
rocco vata__2005-04-18,Rocco Vata,MID,1275000.0000000005,2242407.486856721,2187742.455900922,131215.8356827207
rockson yeboah__2004-08-02,,,,503322.9617444459,515079.76895078225,36066.418952147775
rocky bushiri__1999-11-30,,,,1119857.5356659752,1119857.5356659752,
rodrigo abascal__1994-01-14,,,,1469514.4438043907,1469514.4438043907,
rodrigo battaglia__1991-07-12,Rodrigo Battaglia,DEF,2599999.9999999986,2580646.3087149397,2580646.3087149397,
rodrigo de paul__1994-05-24,,,,15063163.761559576,15063163.761559576,
rodrigo guth__2000-11-10,,,,1528847.7201486498,1489359.3161042496,68546.0090626763
rodrigo huescas__2003-09-18,,,,4117862.4652436874,4201572.276274655,577707.1642475777
rodrigo rey__1991-03-08,,,,1476901.2206116044,1476901.2206116044,23090.73909634145
rodrigo zalazar__1999-08-12,Rodrigo Zalazar,MID,19499999.99999998,18378991.660717294,18400117.187493056,834481.6357950114
roger fernandes__2005-11-21,,,,9408648.986578222,10299620.672592118,1820000.6676046015
roger martinez__1994-06-23,,,,3325560.1634871215,3339519.339154789,179782.45133156248
roggerio nyakossi__2004-01-13,Roggerio Nyakossi,DEF,600000.0000000003,516284.71601674386,528954.6153612579,43020.62326340846
roland idowu__2002-01-21,,,,382048.3051912867,382048.3051912867,33888.08492362119
roland sallai__1997-05-22,Roland Sallai,DEF,11749999.999999994,9730121.734452538,9903252.277177088,750901.3558721627
rolando mandragora__1997-06-29,,,,8294896.507954268,8294896.507954268,313446.8053595425
romain del castillo__1996-03-29,,,,7084015.696666129,7084015.696666129,580902.0835156651
romain faivre__1998-07-14,Romain Faivre,MID,6999999.999999995,8717733.756197205,8373596.389782912,616825.1522823304
romain matthys__1998-07-10,Romain Matthys,GK,587500.0000000002,582426.1963400315,586296.4892182454,44457.78981657713
romain perraud__1997-09-22,,,,8702820.14291148,8735316.334456978,141322.87262812877
romaine mundle__2003-04-24,,,,4786852.755725899,4971308.802024526,533293.7885428419
roman kvet__1997-12-17,Roman Květ,MID,1600000.000000001,1708864.4229980865,1674566.187437778,109051.48396382373
roman neustadter__1988-02-18,,,,204962.86302272222,196666.18466096176,16846.607916071294
roman yaremchuk__1995-11-27,,,,4405560.305500233,4687787.975696617,529801.8216198087
romano floriani mussolini__2003-01-27,,,,2925765.37142907,2925765.37142907,29601.222221210683
romano schmid__2000-01-27,,,,17169673.945755653,17169673.945755653,1150380.2135642953
romario rosch__1999-07-01,,,,882480.4378342957,879902.1901601963,138223.55249226117
romejayden owusuoduro__2004-07-02,,,,3298623.6089712903,3392430.4218098484,373795.5932183636
romelu lukaku__1993-05-13,,,,26002106.201311387,26056444.65673515,1093077.0477697842
romeo beney__2005-01-19,,,,749483.8127366949,749483.8127366949,
romeo lavia__2004-01-06,,,,30099859.505565256,29612948.777983718,1782406.8312599997
romeo vermant__2004-01-24,Romeo Vermant,FWD,5750000.000000004,6911875.95904665,7045512.96087316,588257.1984991565
ronael pierregabriel__1998-06-13,,,,2688004.718833746,2694472.3300250056,85790.2040031622
ronald araujo__1999-03-07,,,,36366943.16598126,34604341.380235046,4342278.415507948
ronald koeman jr__1995-05-23,Ronald Koeman Jr.,GK,775000.0000000007,905307.185590844,905657.300164829,63643.68562375994
ronnie stutter__2005-01-06,,,,475448.14060783124,475652.98948840814,1681.3564896936223
ronrobert zieler__1989-02-12,,,,530016.8380463831,530016.8380463831,24963.62916754908
ronthorben hoffmann__1999-04-04,,,,1612844.8210874267,1612844.8210874267,160432.611428588
roony bardghji__2005-11-15,,,,12695624.056147456,13027428.154633727,1466792.3862899486
rory mckenzie__1993-10-07,Rory McKenzie,MID,212500.00000000017,203527.18210070967,204897.6741747581,6760.327514231424
rosen bozhinov__2005-01-23,,,,1094300.320550646,1096448.7295228345,72143.52872052099
ross barkley__1993-12-05,,,,7652987.294658837,7652987.294658837,99847.14215526912
ross doohan__1998-03-29,,,,249198.59448637237,237215.8240256245,33087.456269398535
ross fitzsimons__1994-05-28,,,,220135.23390771562,222577.65015777864,18802.26898195274
ross maciver__1999-02-28,,,,277360.38343318785,277360.38343318785,7405.152154767378
ross mccrorie__1998-03-18,,,,1862934.0848279572,1862934.0848279572,
ross stewart__1996-07-11,,,,2265950.2505421713,2280595.630749547,164408.0270309875
ross sykes__1999-03-26,,,,3320339.001393326,3436291.056292185,275711.4636665593
ross tierney__2001-03-06,,,,606699.596642772,606699.596642772,9745.46887259729
roy kortsmit__1992-08-26,Roy Kortsmit,GK,349999.9999999997,302171.51193143916,301911.5967930603,7733.457907765761
roy steur__2005-02-01,Roy Steur,GK,312500.00000000023,311362.5190553294,311362.5190553294,4062.6091612554233
royer caicedo__2006-05-05,,,,436221.8427467016,448943.2524377855,30161.505176046725
rozangelo daal__2004-02-10,,,,3384674.724694309,3384674.724694309,
ruben aguilar__1993-04-26,Ruben Aguilar,DEF,5500000.000000001,5208929.006280988,5208929.006280988,310631.60461734654
ruben bentancourt__1993-03-02,,,,1210518.351640756,1214961.450992086,15385.075710439676
ruben botta__1990-01-31,,,,1736958.3257946176,1736958.3257946176,
ruben kluivert__2001-05-21,,,,2847551.352372881,2884746.4602421615,620146.7056749536
ruben loftuscheek__1996-01-23,,,,21942844.075410914,21942844.075410914,421721.6637139192
ruben roosken__2000-03-02,,,,726517.1090525672,737547.8197090097,44451.80637085894
ruben van bommel__2004-08-03,Ruben van Bommel,MID,10750000.000000006,9921375.301943988,9960346.095549513,437045.9332253067
ruben vargas__1998-08-05,,,,13088447.952617245,13089696.277663143,1299551.585274237
ruben yttergard jenssen__1988-05-04,,,,214609.51461208935,214609.51461208935,21028.77921832916
rudy camacho__1991-03-05,,,,642069.3154467976,642069.3154467976,5610.8874691791725
runar alex runarsson__1995-02-18,Rúnar Alex Rúnarsson,GK,637500.0000000003,408020.6920964663,435253.15887867357,64844.19847079833
runar norheim__2005-02-14,Runar Norheim,DEF,1899999.9999999993,1515353.4531820791,1497755.062044652,98379.59592548085
rushian hepburnmurphy__1998-08-28,,,,385022.7366495155,379482.35852106055,29067.868576398392
ruslan malinovskyi__1993-05-04,,,,3876548.908573905,3822880.2416039947,178339.72130296324
ruslan neshcheret__2002-01-22,,,,2162215.393641697,2115845.9149139617,225802.68897809932
ryan alebiosu__2001-12-17,,,,1881751.6011368292,1881751.6011368292,93392.74035425358
ryan allsop__1992-06-17,,,,612637.9962430396,612637.9962430396,38130.30683040692
ryan astley__2001-10-04,,,,589979.4277277784,589979.4277277784,
ryan edmondson__2001-05-20,Ryan Edmondson,FWD,287499.9999999999,389516.77379345143,389516.77379345143,
ryan flamingo__2002-12-31,,,,12029910.271809835,12079879.32914537,781898.284650568
ryan fraser__1994-02-24,,,,2558087.040317155,2373202.2891697404,561232.5347732353
ryan fulton__1996-05-23,,,,269203.8957855676,269203.8957855676,7179.766906912086
ryan giles__2000-01-26,,,,2863822.4761045333,2718679.1635983,273597.08603006083
ryan gravenberch__2002-05-16,,,,81208067.05754283,78913070.37197301,10299396.54830429
ryan hardie__1997-03-17,,,,1759677.5216579067,1759677.5216579067,144769.579646283
ryan howley__2003-11-23,,,,297008.9018805086,297008.9018805086,48.05741079789121
ryan ledson__1997-08-19,,,,1118131.487967287,1137930.3955158424,58279.12752938164
ryan longman__2000-11-06,,,,1173020.7090800845,1173020.7090800845,370641.7487868961
ryan mcgowan__1989-08-15,Ryan McGowan,DEF,139999.9999999999,180897.13729959322,186481.80394858,14436.991626142406
ryan mullen__2001-05-18,,,,261523.7353730888,261523.7353730888,40306.34076283525
ryan naderi__2003-07-10,,,,843193.4357491151,836571.5337015563,51006.28643706686
ryan one__2006-06-26,,,,566625.3475237302,566625.3475237302,21977.0360801421
ryan porteous__1999-03-25,,,,2375686.3942978852,2378414.262508311,240195.27664190336
ryan sessegnon__2000-05-18,,,,14122924.571633846,13829496.145116173,845435.9875760371
ryan strain__1997-04-02,,,,622764.1851923764,620309.2605568497,4410.051389137905
ryan sweeney__1997-04-15,,,,389102.5731219757,389772.4466495362,14739.47306491127
ryan teague__2002-01-24,,,,1758132.3436904268,1801407.2352991377,139622.48178152982
ryan thomas__1994-12-20,,,,629694.4133192409,629734.0803801302,27923.83613975103
ryan trevitt__2003-03-12,,,,880469.3546221581,864638.3570603619,71182.67327072509
ryan yates__1997-11-21,,,,10628437.131970525,10628437.131970525,1134489.8550264721
ryotaro ito__1998-02-06,Ryotaro Ito,MID,3499999.9999999995,3783207.825032967,3831108.814404226,188997.58813068038
saba goglichidze__2004-06-25,,,,2877179.362057712,2877179.362057712,59010.70066895357
saba sazonov__2002-02-01,,,,5133202.73137344,5133202.73137344,
sabah kerjota__2001-08-14,,,,463211.4346539789,463211.4346539789,73937.31340674711
sabit abdulai__1999-05-11,,,,501612.14456058905,524751.9589453812,51399.86880262242
sacha boey__2000-09-13,,,,12383673.410210487,12270531.68739753,429583.9582944261
sadibou sane__2004-06-10,,,,3010063.305778558,3046848.5853774557,78000.2866411571
sadik fofana__2003-05-16,,,,959008.5013764398,959008.5013764398,97926.87606688058
sadio mane__1992-04-10,,,,17374506.02393515,17374506.02393515,1406392.3224351788
sael kumbedi__2005-03-26,,,,6812712.293233802,6812712.293233802,437968.6433204464
said ahmed said__1993-04-20,,,,199719.4711678105,197054.92091094019,22682.941813657868
said bakari__1994-09-22,,,,567465.5075182577,567465.5075182577,16923.67394995262
said benrahma__1995-08-10,,,,8052469.558308493,8123521.419575739,751689.7281563379
said el mala__2006-08-26,,,,10291206.385101661,11081068.04730858,2223854.0833716965
saidou sow__2002-07-04,,,,3101406.1095155976,3220744.9247243023,255081.0680728701
saidy janko__1995-10-22,,,,1013250.3396448855,986399.0584129487,121308.47569101381
saimon bouabre__2006-06-01,,,,1089696.1391756723,1077146.1878691555,53837.01301543245
salem mbakata__1998-04-19,,,,874617.749850764,876601.9515150436,33981.2899991975
salih malkocoglu__2005-02-23,,,,461935.7688733336,461935.7688733336,
salih ozcan__1998-01-11,,,,5200152.9778288305,5358726.644390072,281195.5727070004
salih ucan__1994-01-06,Salih Uçan,MID,1499999.9999999986,1483157.241981481,1483157.241981481,79186.63915153769
salis abdul samed__2000-03-26,,,,3022142.35094947,3022142.35094947,
salvatore esposito__2000-10-07,,,,3691389.348198064,3645267.5534515902,415391.80876819807
sam adekugbe__1995-01-16,,,,1103471.6988773665,1103471.6988773665,7789.651902904384
sam beukema__1998-11-17,,,,13089199.974685943,12638336.321096161,1511543.5927755204
sam byram__1993-09-16,,,,1652570.5967960006,1705639.7521799784,189111.1620201065
sam clucas__1990-09-25,,,,431100.71040955815,431100.71040955815,131571.12977057602
sam cosgrove__1996-12-02,,,,440700.5878837035,440700.5878837035,14322.07416718651
sam curtis__2005-12-01,,,,706540.7017349363,706067.6088774875,47449.93392512744
sam dalby__1999-12-07,,,,727294.0217033998,739378.1779043913,21722.982152126104
sam de laat__2006-06-12,,,,316597.1877531304,300733.0049974776,43288.87272813601
sam field__1998-05-08,,,,1911512.7184487588,1914617.96476326,171824.32313544131
sam foley__1986-10-17,,,,118456.85228641865,117684.56184311137,2899.765166942978
sam gallagher__1995-09-15,,,,1251656.9542132283,1310765.0113878022,109949.9426440239
sam greenwood__2002-01-26,,,,2613192.491277783,2595948.284223727,162874.8182345628
sam hart__1996-09-10,Sam Hart,DEF,159999.99999999997,227555.7832274493,239441.26653045486,39221.1425621272
sam hutchinson__1989-08-03,,,,133544.366938919,132360.1417303371,13180.338941885033
sam johnstone__1993-03-25,,,,3846594.8259223537,3755594.595647823,412001.4423699003
sam karssies__2003-02-26,Sam Karssies,GK,262500.00000000023,279869.8189755971,280765.68647268217,1824.1632893497883
sam kersten__1998-01-30,,,,672418.4559738412,672418.4559738412,
sam lammers__1997-04-30,,,,2780678.4531420246,2780678.4531420246,
sam larsson__1993-04-10,,,,1302067.412964453,1302067.412964453,
sam mccallum__2000-09-02,,,,1590709.9990606736,1592597.417858831,35931.1900550738
sam nicholson__1995-01-20,,,,363174.35773102596,370389.9627125625,29572.98770673503
sam sanna__1999-03-08,,,,1347748.0378447284,1312119.8397356316,190265.5352520792
sam schreck__1999-01-29,,,,749983.1568551237,757678.2228975135,16936.856728094568
sam stubbs__1998-11-20,,,,496043.8542976699,499842.1565084746,8063.431776355104
sam vokes__1989-10-21,,,,305780.20881663583,318909.7212147486,34921.967407210985
sam walker__1991-10-02,,,,225780.07069146284,225780.07069146284,1514.4902289205122
samed onur__2002-07-15,,,,475007.9138748704,475007.9138748704,
samet karakoc__2002-10-22,,,,564071.4988303285,564071.4988303285,1042.8753679837153
samet yalcn__1994-03-03,,,,240653.9261248355,240653.9261248355,1525.5485235204437
sami lahssaini__1998-09-18,,,,959347.7420039332,857131.8987906618,179116.51751760696
sami ouaissa__2004-10-02,,,,2715768.738406363,2813016.712455235,234220.1672262468
samir el mourabet__2005-10-06,,,,3594231.445194011,3594231.445194011,337543.722750485
samir lagsir__2003-05-20,,,,386651.61232873605,400777.546055411,25765.246838005183
samson baidoo__2004-03-31,Samson Baidoo,DEF,9999999.999999996,9376980.723255485,9175652.753683124,635887.9213765603
samson lawal__2004-04-25,,,,214250.96089733718,212170.14973484055,21632.46167655221
samuel amoameyaw__2006-07-18,,,,4069145.8427568655,4069145.8427568655,247785.5074310849
samuel ballet__2001-03-12,,,,1070055.096367258,1070055.096367258,35515.92747610508
samuel bastien__1996-09-26,Samuel Bastien,MID,625000.0000000002,920334.6015932132,920334.6015932132,32492.612469733198
samuel chukwueze__1999-05-22,Samuel Chukwueze,MID,16500000.000000013,23838508.328670286,23838508.328670286,55375.64351615163
samuel dahl__2003-03-04,,,,5207867.288967267,5122463.940114328,344238.5066440307
samuel edozie__2003-01-28,,,,4752594.027077846,4779513.0430838065,111925.25834612154
samuel essende__1998-01-23,,,,2303038.2685443973,2248626.3894103053,217739.1150831656
samuel gigot__1993-10-12,Samuel Gigot,DEF,4250000.000000002,5931682.2080772,5941874.246177662,281950.1263597097
samuel giovane__2003-03-28,,,,1344228.6625122535,1344228.6625122535,109001.73871429363
samuel gueulette__2000-05-19,,,,575222.4823656821,557657.5239283211,53715.307421345446
samuel ilingjunior__2003-10-04,,,,3460152.01380534,3460152.01380534,1532399.8193906422
samuel loric__2000-07-05,,,,999749.3217206023,953368.1209414548,91951.5144833685
samuel mraz__1997-05-13,,,,1255989.0980212921,1266143.5662333807,64122.095173083595
samuel sahinradlinger__1992-11-07,,,,793213.9069493258,803063.1913329392,61682.42194800125
samuel souprayen__1989-02-18,,,,214892.77732421033,214892.77732421033,3981.242886083502
samuel yohou__1991-08-06,Samuel Yohou,DEF,362499.9999999997,387329.7888945807,390742.2270271449,27799.255629302937
samuele angori__2003-10-07,,,,2817444.6846262673,2817444.6846262673,79432.09146241413
samuele birindelli__1999-07-19,,,,4385248.714942311,4385248.714942311,125679.2127582903
samuele di benedetto__2005-07-16,,,,690423.8177227988,690423.8177227988,2954.229750722054
samuele mulattieri__2000-10-07,,,,2788207.220316916,2788207.220316916,
samuele perisan__1997-08-21,Samuele Perisan,GK,999999.9999999997,1158733.1468591203,1139780.9661897244,64546.731202540715
samuele ricci__2001-08-21,,,,22135036.283744026,22135036.283744026,1582785.8573304352
samy benchamma__2000-06-25,Samy Benchamma,MID,587500.0000000002,504863.8246599439,498481.1385790234,20061.07662983461
samy mmaee__1996-09-08,,,,781246.0643561131,800344.6874872908,90630.07985003777
sana fernandes__2006-03-10,,,,1121301.1749353711,1079399.1625603035,120277.08195260128
sander svendsen__1997-08-06,Sander Svendsen,MID,974999.9999999999,1344966.4156370666,1299447.5824945231,97477.82908583693
sander tangvik__2002-11-29,,,,2421116.034991362,2415446.2754338207,156441.37949872398
sander van de streek__1993-03-24,Sander van de Streek,DEF,1024999.9999999995,1108580.31606042,1108580.31606042,36953.43133879795
sanders ngabo__2004-07-04,Sanders Ngabo,MID,899999.9999999995,1169841.0298472582,1203144.894173617,89287.4298571579
sandi lovric__1998-03-28,,,,3818339.6213083533,3839478.720674535,80513.93781347208
sandro kulenovic__1999-12-04,,,,2398853.427988452,2398853.427988452,21832.883341602974
sandro tonali__2000-05-08,,,,66321017.72663343,66321017.72663343,
sanoussy ba__2004-01-05,,,,737414.8379551301,719877.8924884761,34075.448345888646
santiago arzamendia__1998-05-05,Santiago Arzamendia,DEF,2050000.000000001,2656529.8670109273,2674064.743778062,229706.92753847825
santiago ascacibar__1997-02-25,,,,8812391.134303018,8680516.669786727,541929.4167445468
santiago bueno__1998-11-09,Santiago Bueno,DEF,8999999.999999996,11232292.669003535,11040697.297733502,1156530.6709456274
santiago castro__2004-09-18,,,,18989725.69442268,19589714.341000542,1496800.700734948
santiago colombatto__1997-01-17,,,,2995472.369861114,2995601.71597779,251277.55082314025
santiago gimenez__2001-04-18,,,,32502653.77719058,32502653.77719058,4152307.4908869225
santiago hezze__2001-10-22,,,,16963949.439854007,16607738.851126432,835998.9177620382
santiago hidalgo__2005-02-17,Santiago Hidalgo,MID,3000000.000000001,4105051.614523721,4048723.0211875294,199767.0923634119
santiago mourino__2002-02-13,,,,18594168.968437072,18647480.975755848,454531.0903489734
santiago pierotti__2001-04-03,Santiago Pierotti,MID,2499999.9999999995,3007317.948318087,3032524.658842465,182573.42469983167
santino andino__2005-10-25,,,,2344953.518079916,2344953.518079916,195304.00651466195
sargis adamyan__1993-05-23,,,,694818.0091061966,731298.6331581743,98510.33972989957
sasa kalajdzic__1997-07-07,,,,4193372.753688488,4193372.753688488,228283.40152858797
sasa lukic__1996-08-13,,,,12621968.587097064,13226575.36403073,1842936.7683308204
sascha britschgi__2006-08-27,,,,657226.0344822858,657226.0344822858,83974.20395749241
saud abdulhamid__1999-07-18,Saud Abdulhamid,DEF,5250000.0,6297586.897349586,6386420.855829764,756793.9874775821
saulo decarli__1992-02-04,Saulo Decarli,DEF,289999.9999999999,331016.5609066263,325954.402211949,39393.5267478689
savaarangel cestic__2001-02-19,,,,503247.11408374435,499598.92051732296,9151.972042682954
scott arfield__1988-11-01,Scott Arfield,MID,162500.00000000012,158718.11832073552,151638.14969021143,18439.837257476232
scott bain__1991-11-22,,,,268995.7600129061,282861.5399721011,31863.219412331255
scott banks__2001-09-26,,,,549940.4295096621,541892.7319308678,40265.07505880997
scott malone__1991-03-25,,,,250484.31427674316,250484.31427674316,8232.856649695848
scott mckenna__1996-11-12,,,,3932704.854389713,3841053.5499808537,241234.146279714
scott mctominay__1996-12-08,,,,44829895.067118526,44829895.067118526,893018.5004368027
scott pittman__1992-07-09,,,,254572.2015741709,254572.2015741709,38362.093543139614
scott robertson__2001-07-27,,,,395352.2223153852,393325.6016834106,40197.9880421505
scott tanser__1994-10-23,,,,400290.8676255311,400290.8676255311,
scott twine__1999-07-14,Scott Twine,MID,2900000.0000000014,3288065.011702509,3288065.011702509,
scott wootton__1991-09-12,,,,320946.116873683,328815.0033882001,31007.087202167142
scott wright__1997-08-08,,,,1493186.9783213881,1482817.2931669168,103957.40310255016
sead haksabanovic__1999-05-04,,,,2183136.234647218,2183136.234647218,236844.44896837918
sead kolasinac__1993-06-20,,,,7715691.621262984,7715691.621262984,747036.2536989874
seamus coleman__1988-10-11,,,,427870.3529357005,446602.7406603609,41250.10608839724
sean clare__1996-09-18,,,,347601.04741834244,343625.2127900182,74121.09099743314
sean klaiber__1994-07-31,Sean Klaiber,DEF,1750000.0,1090031.2772154894,1117728.419826005,63837.838323290925
sean longstaff__1997-10-30,,,,11748511.983053502,11748511.983053502,586044.1097852436
sean maguire__1994-05-01,,,,155876.40744771043,155876.40744771043,
sean mcloughlin__1996-11-13,,,,1392470.6358269772,1415243.0674341302,65535.726972016426
sean murray__1993-10-11,,,,150970.6622272328,161642.28311416335,25855.174163017495
sean raggett__1994-01-25,,,,495267.58336604823,516603.06073685846,39183.49494385446
sean steur__2008-01-11,,,,1270077.8813833562,1270077.8813833562,
sebastiaan bornauw__1999-03-22,,,,7494077.2945175795,7535368.070961689,472036.90451086004
sebastian boselli__2003-12-04,,,,2641436.7618291173,2641436.7618291173,205493.7396042976
sebastian coates__1990-10-07,,,,3866088.426698394,3829255.515985045,186612.44025589616
sebastian cristoforo__1993-08-23,,,,755079.1609660442,764467.6800089292,24384.350493412578
sebastian driussi__1996-02-09,Sebastián Driussi,MID,10250000.000000004,4548319.462612774,4548319.462612774,31290.857906399233
sebastian holmen__1992-04-29,,,,917327.4267997752,924733.0494361763,54575.71187720245
sebastian jrgensen__2000-06-08,,,,1410812.5115603867,1410812.5115603867,
sebastian jung__1990-06-22,,,,532325.4003061171,532325.4003061171,
sebastian kerk__1994-04-17,Sebastian Kerk,MID,587500.0000000002,578254.4056581437,577038.6943249522,81755.2021415022
sebastian lomonaco__1998-09-17,,,,1383514.8799820514,1383514.8799820514,67410.05521040925
sebastian muller__2001-01-23,,,,409355.3567431063,408802.09774583566,9525.87107861958
sebastian nanasi__2002-05-16,,,,12706755.210621633,13229019.04722232,1962750.4575031297
sebastian otoa__2004-05-13,,,,1272931.903501749,1226514.113591589,107319.22160894258
sebastian revan__2003-07-14,,,,838106.1305879233,838106.1305879233,
sebastian schonlau__1994-08-05,Sebastian Schonlau,DEF,1650000.0000000007,1469197.762925202,1516603.8620175049,132259.56785581488
sebastian sebulonsen__2000-01-27,,,,2850070.36620454,2740929.3522938574,247704.4545107675
sebastian stolze__1995-01-29,Sebastian Stolze,DEF,525000.0000000003,497963.95538272994,497963.95538272994,
sebastian szymanski__1999-05-10,,,,12369357.523554523,12369357.523554523,2123109.7884774944
sebastian tounekti__2002-07-13,,,,5263208.553216483,5413342.151928277,525438.1037985875
sebastian vasiliadis__1997-10-04,,,,715184.8955270263,692610.5154204229,106814.89854114137
sebastian walukiewicz__2000-04-05,,,,2916027.91759958,2916027.91759958,
sebastiano desplanches__2003-03-11,,,,1872995.3277471568,1962374.682577114,154935.95764836733
sebastiano esposito__2002-07-02,Sebastiano Esposito,MID,8249999.9999999935,9949951.5364629,9967701.243815128,294289.05682389875
sebastiano luperto__1996-09-06,,,,8643471.775756974,8605395.982440844,251174.7704141718
sebastien haller__1994-06-22,,,,3837217.5251603187,3703881.705651231,403798.8856222185
sefer emini__2000-07-15,Sefer Emini,MID,1050000.0000000007,1097418.817419297,1098551.7173900355,7031.56361991336
seiji kimura__2001-08-24,,,,451866.95381958404,453513.1741897169,43922.05728062228
seiya maikuma__1997-10-16,Seiya Maikuma,DEF,3550000.000000002,4116460.7035281444,4116460.7035281444,399754.85918565874
seko fofana__1995-05-07,,,,6632048.780749852,6632048.780749852,204939.18212663988
sekou doucoure__2005-04-26,,,,832899.3934279084,831580.3159841712,29640.987269033085
sekou koita__1999-11-28,,,,2802784.2011728417,2802784.2011728417,
sekou mara__2002-07-30,Sékou Mara,FWD,4150000.000000003,3245322.2576987837,3299441.8586252895,162215.62806835107
sekou sidibe__2001-05-05,,,,662090.1197460353,662090.1197460353,
sem scheperman__2002-06-24,Sem Scheperman,MID,1150000.0000000005,1135197.8341880315,1144220.0493774288,54687.384714210835
sem steijn__2001-11-12,,,,20949983.426760685,21183169.13986133,546749.0149517214
sem van duijn__2004-03-18,Sem van Duijn,MID,562500.0000000002,636200.9212506596,646749.0788497899,27155.728317857316
semi ajayi__1993-11-09,,,,1614246.8584539546,1634177.0850053392,80542.47537778749
semih guler__1994-11-30,,,,1124497.862600331,1140729.0992225404,36695.79288711725
semih klcsoy__2005-08-15,Semih Kılıçsoy,MID,9249999.999999987,3772709.389340663,3800574.7719063405,398091.4769425571
semir telalovic__1999-12-23,,,,837010.868689166,837010.868689166,
semm renders__2007-12-17,,,,916752.0438130704,916752.0438130704,14599.678568412046
semuel pizzignacco__2001-09-01,,,,997212.9249141943,1014891.0836497995,38368.702396586275
senne lammens__2002-07-07,,,,32490802.03983666,32490802.03983666,
seny dieng__1994-11-23,,,,1065678.1924095172,1057824.0499217634,107763.92819065816
seny koumbassa__2007-06-20,Seny Koumbassa,DEF,412500.0000000001,516968.9856062851,478897.2875340622,97693.3302751859
sepp van den berg__2001-12-20,Sepp van den Berg,DEF,21500000.000000007,22838252.75519241,21552026.11705255,4348455.29911703
serdar dursun__1991-10-19,,,,963771.1823748912,979483.2897322827,58201.82125533882
serge gnabry__1995-07-14,,,,28055054.94000972,28055054.94000972,1928878.042711942
sergio cordova__1997-08-09,Sergio Córdova,MID,1299999.9999999993,1211767.5878245572,1210188.5842425665,25430.756684128883
sergio kalaj__2000-01-28,,,,420576.37275428406,420576.37275428406,38092.20477669445
sergio pena__1995-09-28,,,,2814529.1007325463,2787042.398946782,110996.46424430322
sergio romero__1987-02-22,,,,342435.3573914111,339305.5349176954,42390.79278763004
serhou guirassy__1996-03-12,Serhou Guirassy,FWD,56500000.00000009,55570147.88561457,56183299.334505476,2329227.4792039054
serxho ujka__1998-08-27,Serxho Ujka,MID,625000.0000000002,757884.1753611,750551.6406688269,29195.137741828687
seydou fini__2006-06-02,Seydou Fini,MID,1400000.0000000007,1991722.1880839078,1963410.6291005684,66956.2351756295
shafiq nandja__2007-01-15,,,,337763.99573855277,337763.99573855277,
shamal george__1998-01-06,,,,433381.4314898636,425099.4591046262,19057.652088414514
shandre campbell__2005-07-15,,,,1666608.268646059,1701360.9980385178,123919.95256459441
shane blaney__1999-01-20,,,,276740.9784054196,277383.097654166,7436.226168021995
shane duffy__1992-01-01,,,,975044.5407413595,975044.5407413595,
shangyuan wang__1993-06-02,,,,647922.4392003237,657365.0007404208,41827.57771061886
shaocong wu__2000-03-20,Shaocong Wu,DEF,637500.0000000003,585127.5358682763,572537.6406651232,39409.0203996624
shaq moore__1996-11-02,,,,1518502.3905651968,1524952.3578332113,56104.09229969628
shaqueel van persie__2006-11-16,Shaqueel van Persie,FWD,812499.9999999993,591074.4608611573,598657.6054766297,58820.032072788
shaquil delos__1999-06-16,Shaquil Delos,DEF,950000.0000000008,1129366.9822638643,1143371.6411424563,49498.45467020009
shaquille pinas__1998-03-19,,,,2681595.0688280156,2681595.0688280156,
shaun rooney__1996-07-26,Shaun Rooney,DEF,612499.9999999997,430823.8472565448,435037.19302883383,34104.03333402566
shawn adewoye__2000-06-29,,,,1216335.317251371,1183100.829755516,70949.95609154085
shayne lavery__1998-12-08,,,,599844.9721098542,599844.9721098542,34582.04682906325
shea charles__2003-11-05,,,,5325817.70721223,5325817.70721223,1086640.3281343428
sheraldo becker__1995-02-09,Sheraldo Becker,MID,2250000.000000001,2319628.3224031576,2404541.86548695,446920.01439053525
sherel floranus__1998-08-23,,,,612057.0949540384,612057.0949540384,
shihao wei__1995-04-08,,,,1331351.5808569156,1317202.5897113143,68658.87547761897
shiloh t zand__2003-05-14,,,,1309401.5064464961,1309401.5064464961,259781.61535343056
shinta appelkamp__2000-11-01,,,,1583028.346278587,1594473.7686594431,45711.38036212571
shio fukuda__2004-04-08,,,,1221872.59056652,1245329.463485818,109634.70463614335
sho fukuda__2001-03-23,,,,1119073.8712691355,1127097.1573021258,184679.04703803884
shola ogundana__2005-02-22,,,,1561457.9841976843,1561457.9841976843,
shola shoretire__2004-02-02,,,,1712914.2479362895,1712914.2479362895,
shon weissman__1996-02-14,,,,1618082.5978466836,1559798.6305124988,374031.36486135126
shunsuke mito__2002-09-28,,,,1987146.6170023705,2017445.495566117,354744.4345926758
shurandy sambo__2001-08-19,,,,1826681.4778098366,1847157.3919371248,275582.5704673096
shuto machino__1999-09-30,,,,4924758.809769025,4898007.575482413,240910.60127749052
sidi sane__2003-04-21,,,,707316.4764531851,706375.6233879616,23354.343994742045
sidiki cherif__2006-12-15,,,,3557261.468279065,3552098.6552507863,216963.0411837556
sidney raebiger__2005-04-17,Sidney Raebiger,MID,625000.0000000002,714194.7101750276,702529.9967050998,53575.45777288318
sidny lopes cabral__2002-09-18,Sidny Lopes Cabral,DEF,1275000.0000000005,1881668.4557249944,1935054.871527829,204317.37735626427
siebe horemans__1998-06-02,Siebe Horemans,DEF,3249999.9999999986,2127694.61990239,2127694.61990239,
siebe schrijvers__1996-07-18,Siebe Schrijvers,MID,2250000.000000001,3372590.112602725,3364818.0698769097,107616.18548831432
siebe van der heyden__1998-05-30,,,,3200449.0619671084,3193440.9814482313,112769.12169656905
siemen voet__2000-02-03,Siemen Voet,DEF,749999.9999999998,762106.7366073555,729486.4532963953,72084.73555402462
sigurd haugen__1997-07-17,,,,702889.6430818848,711291.9406409196,29754.670884585772
sikou niakate__1999-07-10,Sikou Niakaté,DEF,6250000.000000005,5517711.116772102,5342191.840379825,763441.4806700703
sil swinkels__2004-01-06,,,,767203.2662943625,767203.2662943625,
silas ostrzinski__2003-11-19,,,,735642.0095990781,735642.0095990781,
silvan hefti__1997-10-25,,,,1116720.018366624,1116720.018366624,
silvan widmer__1993-03-05,,,,1694652.830244501,1652334.944046908,73964.96706855907
silvere ganvoula__1996-06-29,,,,1409611.8451636573,1409611.8451636573,139132.40099862637
silvinho esajas__2002-07-08,,,,518546.42628048285,518546.42628048285,29686.597474036225
simen bolkan nordli__1999-12-25,,,,2873747.641575847,2906551.387284902,302074.64841941657
simen juklerd__1994-05-18,,,,577365.0093859873,582073.6765271719,26764.478276675207
simon adingra__2002-01-01,,,,18309806.85206906,18175227.698917318,1719429.0618453396
simon asta__2001-01-25,,,,1185150.8507500282,1185150.8507500282,113317.65150746582
simon ebonog__2004-08-16,,,,1809548.678906616,1799180.017683307,43275.44867412125
simon elisor__1999-07-22,,,,1644753.7315181773,1644492.6299104693,11827.420310866268
simon graves__1999-05-22,Simon Graves,DEF,1150000.0000000005,1275351.5138943489,1261853.4181256704,45162.33608956503
simon hedlund__1993-03-11,,,,1028572.5868046171,976055.2529693902,110489.96424393675
simon janssen__2000-09-25,Simon Janssen,DEF,637500.0000000003,809342.2442193832,767663.052101726,109129.31022121014
simon lorenz__1997-03-30,Simon Lorenz,DEF,725000.0000000006,562927.8249034756,559594.2917798157,20371.63480575142
simon mignolet__1988-03-06,,,,589359.2907412398,589359.2907412398,16133.282919701329
simon moore__1990-05-19,,,,167624.96521151008,169965.79965820775,5619.716626118948
simon murray__1992-03-15,,,,379056.73376802925,379056.73376802925,33141.441502258065
simon ngapandouetnbu__2003-04-12,,,,1023160.0502387261,1035610.9130441407,92673.83488839483
simon olsson__1997-09-14,,,,1335757.6167522979,1335757.6167522979,
simon piesinger__1992-05-13,,,,537994.3901334325,537644.6813625986,61466.93860473922
simon power__1998-05-13,,,,258557.2205071232,267174.7288434157,32079.322382596223
simon simoni__2004-07-14,,,,895602.3944435924,886166.382900145,41457.71788655926
simon sohm__2001-04-11,,,,7228330.518063948,7331103.419842024,356664.23094480886
simon straudi__1999-01-27,,,,600266.1611444742,600266.1611444742,30017.878317988732
simon thern__1992-09-18,,,,456339.1865599952,454472.6323320027,23291.512585255852
simon wver__1996-01-21,,,,278247.52458376257,276796.08548039873,13704.848616680883
simone bastoni__1996-11-05,,,,1446017.5980886584,1446017.5980886584,82869.12244969756
simone canestrelli__2000-09-11,,,,2024920.2469578427,2008271.5743358217,117122.51918766239
simone colombi__1991-07-01,Simone Colombi,GK,230000.0000000001,302285.2884153576,300690.0214594549,14786.198805416416
simone ghidotti__2000-03-19,,,,1056054.923984683,1035754.0204436271,98941.17929823307
simone pafundi__2006-03-14,Simone Pafundi,MID,6650000.000000001,3417852.513221308,3335037.960616557,145127.80953403818
simone perilli__1995-01-07,,,,556370.5986439253,562715.3382049466,24166.32040883646
simone pontisso__1997-03-20,,,,992228.6653370913,988602.6431656186,34739.42695971155
simone romagnoli__1990-02-09,Simone Romagnoli,DEF,587500.0000000002,421001.1457199836,435144.1198579868,26031.31815638357
simone scaglia__2004-07-12,,,,809315.2341518626,809315.2341518626,
simone scuffet__1996-05-31,Simone Scuffet,GK,1650000.0000000007,1952018.12113097,1952018.12113097,97397.69991512602
simone verdi__1992-07-12,,,,1460537.5305247428,1458756.6256190676,27943.01076540736
sinaly diomande__2001-04-09,,,,4047948.275062262,4098294.051177115,360770.83292090025
sindre walle egeli__2006-06-21,Sindre Walle Egeli,MID,1575000.0000000002,2434436.541655918,2517777.430136935,432204.2159324685
siriki dembele__1996-09-07,,,,1861122.3207862538,1890617.2260754057,210973.09241925957
sivert heltne nilsen__1991-10-02,,,,411372.6336638942,409724.00821511453,28264.978888608777
sivert mannsverk__2002-05-08,,,,2129461.802695039,2129461.802695039,93382.38886073613
skelly alvero__2002-05-04,,,,1768141.2851391868,1738369.5474394371,84340.18942982717
slobodan rubezic__2000-03-21,,,,1364653.6607581766,1350378.3179717597,185355.62755558826
sofiane alakouch__1998-07-29,Sofiane Alakouch,DEF,537500.0000000003,789982.4525068484,789982.4525068484,69667.38994790478
sofiane boufal__1993-09-17,,,,2621771.9414168326,2560864.7516211476,206583.95723481025
sofiane diop__2000-06-09,,,,8674315.735311413,8674315.735311413,
sofus berger__2003-06-02,,,,784541.9160664431,784541.9160664431,6863.983546319845
sofyan amrabat__1996-08-21,,,,10473734.678464275,10174487.4834133,846390.0092473619
soichiro kozuki__2000-12-22,Soichiro Kozuki,MID,899999.9999999995,738710.9292169481,745982.0859476121,58660.75889885225
solly march__1994-07-20,,,,4111445.0575872115,4080528.22844113,570258.9194375835
sondre rjaster__2003-11-28,,,,3346202.4841544605,3346202.4841544605,
sondre tronstad__1995-08-26,,,,2483769.765658696,2483769.765658696,
soner dikmen__1993-09-01,,,,784883.8249508713,784883.8249508713,34640.04319654743
soner gonul__1997-06-11,Soner Gönül,DEF,737500.0000000005,646933.2940160627,647381.592598407,29804.36168460019
sonny perkins__2004-02-10,,,,538006.4837548045,541191.0536538045,35309.81387977802
sontje hansen__2002-05-18,,,,1980084.004218871,1951584.5924640754,265143.3639255976
sota kawasaki__2001-07-30,,,,2742536.6933000647,2742536.6933000647,241747.11815546092
sotirios papagiannopoulos__1990-09-05,,,,682205.5353340877,682205.5353340877,51185.17174437053
sotiris alexandropoulos__2001-11-26,Sotiris Alexandropoulos,MID,2449999.9999999995,1660375.6424361772,1662199.8096125736,29453.79128439916
sotiris kontouris__2005-02-24,,,,1100646.4415872004,1056242.2169393192,119449.05213713746
soualiho meite__1994-03-17,,,,3350178.1652407995,3350178.1652407995,297355.2955736918
souffian el karouani__2000-10-19,,,,7939523.629436413,7939523.629436413,131605.46502004
souleyman doumbia__1996-09-24,,,,763685.340445295,776659.2778787763,36392.70536165192
soumaila coulibaly__2003-10-14,,,,5122168.059084864,5129261.64377401,89446.5292936311
soungoutou magassa__2003-10-08,,,,9707032.91525952,9739394.824863594,959541.1431768147
sren tengstedt__2000-06-30,,,,1085903.8991772195,1085903.8991772195,
stan henderikx__2003-07-08,,,,793921.9840988495,784577.9834906107,63536.108616539794
stanis idumbo__2005-06-29,,,,2536129.409725829,2412894.316911401,313295.62293138943
stanislav lobotka__1994-11-25,,,,22081639.54990115,22081639.54990115,
stanley mills__2003-10-25,,,,1964985.7455705625,1964985.7455705625,
stanley nsoki__1999-04-09,,,,2793078.373011686,2793078.373011686,
stav lemkin__2003-04-02,,,,1952718.6933426117,1952718.6933426117,
stavros gavriel__2002-01-29,,,,1126281.5571977715,1126281.5571977715,
stavros pilios__2000-12-10,,,,2053786.614721204,2063339.0281767033,111750.81507861159
stavros pnevmonidis__2006-08-07,Stavros Pnevmonidis,MID,1600000.000000001,1635933.0170987814,1665038.6504261713,80103.22717487579
steeven assengue__2005-06-14,,,,423416.62237934896,423416.62237934896,28312.83922706968
stefan bajic__2001-12-23,,,,832938.9011792851,828918.4864055391,37565.38756047905
stefan bell__1991-08-24,,,,1205574.6006951418,1212034.1783134637,152280.68342178693
stefan de vrij__1992-02-05,Stefan de Vrij,DEF,12249999.999999989,11284212.396117669,11185217.700861145,914960.113737803
stefan drazic__1992-08-14,,,,845749.8852505233,845749.8852505233,
stefan drljaca__1999-04-20,,,,814806.13832527,827520.5053796521,40526.707469447174
stefan gartenmann__1997-02-02,,,,1817038.69297199,1840401.8058955627,156507.88954548675
stefan knezevic__1996-10-30,,,,1239700.3890318233,1239700.3890318233,29710.237063770015
stefan kutschke__1988-11-03,,,,201798.15382702276,201798.15382702276,826.259024778532
stefan lainer__1992-08-27,Stefan Lainer,DEF,1899999.9999999993,1360518.9045593434,1397790.4282697267,105483.27437589852
stefan mitrovic__1990-05-22,,,,440605.5238908659,440605.5238908659,35943.50991992135
stefan ortega__1992-11-06,,,,6068606.621391831,5939063.77057701,319079.78099346004
stefan posch__1997-05-14,,,,14700447.087695267,14700447.087695267,1361625.7398820196
stefan savic__1991-01-08,,,,3510446.654976964,3510446.654976964,
stefan schimmer__1994-04-28,,,,1307686.84819262,1306186.489444598,80202.60780256314
stefan schwab__1990-09-27,,,,813524.9344672565,813524.9344672565,27529.654959519874
stefan smarkalev__2007-05-14,,,,397022.00903349306,396460.55930147774,41419.31282759429
stefan velkov__1996-12-12,,,,724333.7014480836,724333.7014480836,9075.06847719266
stefano mazzini__1998-12-06,,,,196379.39569730018,194609.29128742684,17479.996822502908
stefano moreo__1993-06-30,,,,1406472.6654187988,1444456.243665549,88696.89735446352
stefano russo__2000-06-29,,,,1085607.4556559336,1085607.4556559336,
stefano sabelli__1993-01-13,,,,1405412.2716926057,1405412.2716926057,39217.42162321681
stefano turati__2001-09-05,,,,3775444.926283837,3906759.167370391,517532.99448795966
stefanos kapino__1994-03-18,,,,685068.4823090623,685068.4823090623,61104.798641668145
stefanos tzimas__2006-01-06,,,,4521158.593943429,4521158.593943429,
stefen tchamche__2006-01-08,,,,283117.7279329063,275167.9555559525,25164.252512377105
steffen tigges__1998-07-31,Steffen Tigges,FWD,1350000.0,1063569.10097501,1041550.41086266,122420.47343247278
stelios andreou__2002-07-24,Stelios Andreou,DEF,2900000.0000000014,3276209.2447291943,3275059.787524295,22963.034417755913
stephan ambrosius__1998-12-18,,,,1212455.661451835,1212455.661451835,
stephan el shaarawy__1992-10-27,,,,9009760.671281591,8912915.895286404,1005870.6406590005
stephane diarra__1998-12-09,,,,1328874.6986026776,1332521.388192214,84037.10990592827
stephen dukemckenna__2000-08-17,,,,325410.8760231958,316045.6742278616,27358.056145773324
stephen humphrys__1997-09-15,Stephen Humphrys,MID,712500.0000000002,721684.0197587602,721684.0197587602,
stephen kingsley__1994-07-23,Stephen Kingsley,DEF,534999.9999999995,743805.5910337454,743805.5910337454,60101.297483082715
stephen odonnell__1992-05-11,,,,204217.7557573533,201266.59584555688,12319.514477296123
stephen welsh__2000-01-19,,,,1547254.5952186235,1547254.5952186235,
stephy mavididi__1998-05-31,Stephy Mavididi,MID,6749999.999999997,6246271.8287249105,6453657.173686145,383894.5921575347
steve cook__1991-04-19,,,,954462.352473861,836211.0904990229,280454.61395553837
steve mounie__1994-09-29,,,,3196407.9191495785,2953082.5853652433,505505.23614896234
steve ngoura__2005-02-22,,,,1472937.1474750247,1472937.1474750247,
steven baseya__2005-01-14,,,,661577.1408739174,666939.9007509854,21421.32499824443
steven benda__1998-10-01,Steven Benda,GK,1099999.9999999998,1144079.086459288,1144079.086459288,23099.38507593355
steven berghuis__1991-12-19,,,,5483223.463394963,5483223.463394963,46034.72412905383
steven bergwijn__1997-10-08,,,,20172907.031619817,20615828.71425259,2393128.9111826117
steven moreira__1994-08-13,,,,1527701.1357042664,1527701.1357042664,262301.3577157805
steven nzonzi__1988-12-15,,,,443247.3447158459,452340.2633365228,44091.72046262589
steven skrzybski__1992-11-18,,,,1279984.7254110032,1269319.4212225107,49975.64681071933
stevie may__1992-11-03,,,,195388.15918637137,182862.48543854163,20848.6392957016
stian gregersen__1995-05-17,,,,1412770.7284557275,1469057.8128639024,99819.67625473512
stije resink__2003-05-28,,,,4723357.386710002,4651524.847755938,358900.2517195227
stijn spierings__1996-03-12,,,,2035695.7926580864,1958870.9671195059,147669.78276334473
stijn van gassel__1996-10-18,Stijn van Gassel,GK,999999.9999999997,889317.7129581075,893224.0792709488,29113.2483736544
stipe perica__1995-07-07,,,,930320.9322907396,926666.1879922897,54453.37344815569
stipe radic__2000-06-10,,,,1263945.1804262481,1263945.1804262481,153239.65933787273
stiven shpendi__2003-05-19,Stiven Shpendi,MID,1949999.999999999,1267865.0141262135,1298701.6928069463,79825.71889407889
stole dimitrievski__1993-12-25,,,,3199210.8880470414,3253767.162709587,363410.4994236796
stoppila sunzu__1989-06-22,,,,283818.3077792462,321494.3730598655,74685.87228812373
strahinja pavlovic__2001-05-24,,,,12587161.204722892,12457968.251791818,1743546.2418735016
stratos svarnas__1997-11-11,,,,1693136.0061970805,1693136.0061970805,113525.22087916464
streli mamba__1994-06-17,,,,543392.454239831,551834.136006074,45882.12271535441
stuart armstrong__1992-03-30,,,,1157494.7417450699,1214212.944297162,103511.0428506467
stuart findlay__1995-09-14,Stuart Findlay,DEF,1024999.9999999995,1019555.3068774076,973255.2320145436,138384.8441667606
suat serdar__1997-04-11,,,,8194095.067742449,8194095.067742449,
sullay kaikai__1995-08-26,,,,349213.6519280322,406656.84280653583,110120.9489382359
svante ingelsson__1998-06-14,,,,1250604.9033016027,1250604.9033016027,286262.30832203943
svar atli magnusson__2000-06-16,,,,908454.628321264,859391.3467263472,90757.36201157693
sven botman__2000-01-12,Sven Botman,DEF,35499999.999999955,35789178.58673742,35895484.08159319,2057575.5260774114
sven bouland__2006-02-22,,,,442980.5248529668,442980.5248529668,10107.551586280593
sven jansen__2004-10-23,,,,184076.7069211733,188043.0293442705,7037.336089676043
sven kohler__1996-11-08,,,,813402.1746332254,817170.3441559069,14533.520526400627
sven mijnans__2000-03-09,,,,9885913.272419453,9818375.716300724,1068958.2210675399
sven sonnenberg__1999-01-19,,,,591643.5406998263,591643.5406998263,4838.711174478038
sven ulreich__1988-08-03,,,,426199.190105157,421273.58051067806,34710.789179607
svenn crone__1995-05-20,Svenn Crone,DEF,512499.9999999997,529788.2358375427,528332.9340670714,37124.37231139543
sverre nypan__2006-12-19,,,,5966844.887203172,5966844.887203172,3001930.674042911
sverrir ingi ingason__1993-08-05,,,,1521033.496734484,1521033.496734484,17809.36260763294
syb van ottele__2002-02-02,,,,1227031.4019341748,1227031.4019341748,
sydie peck__2004-09-13,,,,3748625.919140281,3256262.703069001,878526.944486043
sydney van hooijdonk__2000-02-06,,,,1729656.3496797916,1736600.0940908147,212101.23540715105
szymon czyz__2001-07-08,,,,1021256.1814488181,1021256.1814488181,21229.521280734873
taha altkardes__2003-08-22,,,,1785589.940996905,1755515.6631124571,68839.66811460166
taha emre ince__2007-07-26,Taha Emre İnce,DEF,312500.00000000023,364271.92972098733,364271.92972098733,6909.36343917497
taha sahin__2000-10-22,,,,1893044.9852655225,1924241.3217583331,80626.00231418261
tairyk arconte__2003-11-12,,,,1024722.6634584863,1057338.4861284988,162428.6522726923
taishi brandon nozawa__2002-12-25,,,,419930.3554717004,419930.3554717004,69965.27962951321
taiwo awoniyi__1997-08-12,,,,7251216.473353876,7251216.473353876,
tajon buchanan__1999-02-08,,,,6489363.5785996225,6346025.188986627,585125.624607413
takahiro akimoto__1998-01-31,,,,1142881.8942678585,1142881.8942678585,51238.86182605196
takayuki seto__1986-02-05,,,,100779.81710763129,91448.6039814961,26377.64298917628
takefusa kubo__2001-06-04,,,,28297197.543506913,27743232.364211522,1953023.4791111134
takehiro tomiyasu__1998-11-05,,,,10750223.82572363,11282448.574580176,1096412.7506518452
takuma asano__1994-11-10,,,,3625906.9332882892,3625906.9332882892,260470.9669138136
takumi minamino__1995-01-16,,,,10696346.073748985,10629680.12792508,1317800.4556483843
talha sararslan__2004-01-18,,,,307291.19025773933,298145.29236537876,36885.1803700915
talha ulvan__2001-04-20,,,,248846.26862731102,246419.46588416415,30752.61115756102
tamas nikitscher__1999-11-03,,,,1583214.4891803071,1510259.6811166531,292253.6045538516
tammer bany__2003-10-19,,,,819757.8859033275,914244.65852749,251246.67942627764
tammy abraham__1997-10-02,,,,16015976.432836816,16015976.432836816,560311.2803721328
tanguy coulibaly__2001-02-18,,,,2924928.8430154882,2924303.1155656204,260956.2720913811
tanguy ndombele__1996-12-28,,,,3124572.165767206,3104392.269818592,269853.19699742156
tanguy nianzou__2002-06-07,,,,3410837.852791219,3456534.6198903183,242317.55487537416
tanguy zoukrou__2003-05-07,,,,949947.6075098885,952064.4326618486,20885.234347578524
tani oluwaseyi__2000-05-15,,,,2370528.2771931286,2401914.640178614,238414.80538100415
tanner tessmann__2001-09-24,,,,10895014.37772537,10895014.37772537,
taras mykhavko__2005-05-30,Taras Mykhavko,DEF,4799999.999999999,4468520.0822212845,4847356.127392558,861406.6674178935
taras stepanenko__1989-08-08,,,,468330.38589314715,461639.2188817827,32226.40264197528
tarek buchmann__2005-02-28,,,,552258.5980916609,552258.5980916609,
tarik muharemovic__2003-02-28,,,,6381638.087431389,6229651.158201022,736766.2020110027
tariq lamptey__2000-09-30,,,,3749886.6998964036,3749886.6998964036,
tark cetin__1997-01-08,,,,925808.4434124641,925808.4434124641,
taskn ilter__1994-07-05,,,,442797.22430464556,455647.44721035234,28879.6182213837
tatsuhiro sakamoto__1996-10-22,,,,3592069.3184938044,3509409.1859442117,159911.3237613561
tawanda maswanhise__2002-11-20,,,,1310123.8878148685,1310123.8878148685,
tayfur bingol__1993-01-11,,,,464920.19999149226,451227.3525454231,23886.757495826852
taylan antalyal__1995-01-08,,,,1183393.5039631769,1148825.1783958145,78108.06526628847
taylor booth__2001-05-31,,,,1543797.0319347014,1543797.0319347014,
taylor gardnerhickman__2001-12-30,,,,2192036.8883407866,2170767.296207196,137557.91415367104
taylor harwoodbellis__2002-01-30,Taylor Harwood-Bellis,DEF,15000000.00000001,9921434.687621545,9921434.687621545,561282.7909723752
taylor perry__2001-07-15,,,,292292.70109106135,287360.1463491099,25433.30110590228
taylor richards__2000-12-04,,,,558250.3307026414,566172.4849257687,46171.16608830714
tayo adaramola__2003-11-14,,,,940698.6632693512,902687.5048014675,137516.8844495335
tayyip talha sanuc__1999-12-17,,,,1516308.1710625465,1489071.816414028,105620.03685731544
teddy okou__1998-05-15,,,,1433764.1377309565,1433764.1377309565,
teddy teuma__1993-09-30,,,,3652667.535562586,3541521.6397649213,255907.00319505474
teemu pukki__1990-03-29,Teemu Pukki,FWD,1150000.0000000005,753739.7595526709,747534.3789761427,88622.04165493364
teenage hadebe__1995-09-17,,,,1288198.9339348865,1288198.9339348865,178792.99413258926
teji savanier__1991-12-22,Téji Savanier,MID,6250000.000000005,3117295.9017764265,3173684.542954913,196499.4226170731
telasco segovia__2003-04-02,,,,2588934.1281555397,2594190.926880156,516761.21063355316
telli siwe__2004-12-14,,,,749205.2340341662,749205.2340341662,
telmo arcanjo__2001-06-21,,,,2184471.709068697,2139352.2321198704,89356.57836594201
tendayi darikwa__1991-12-13,,,,423495.263224092,431736.1643768825,28012.636457269142
terem moffi__1999-05-25,,,,5943963.400003834,5943963.400003834,
terrence boyd__1991-02-16,,,,444057.9543091173,444057.9543091173,32996.791098340174
terry taylor__2001-06-29,,,,588890.3728888419,588890.3728888419,28054.63453172692
terry yegbe__2001-01-25,,,,2209132.6167398114,2209132.6167398114,280673.8266194965
tete yengi__2000-11-28,,,,307608.02369097486,297918.08463396895,18222.675209881603
teun koopmeiners__1998-02-28,,,,21816678.7341148,21874428.054762527,144499.26178462332
thelo aasgaard__2002-05-02,,,,2247817.560684393,2247817.560684393,147953.80247371923
theo bair__1999-08-27,,,,2235364.612926669,2256793.4378206036,102622.24772978168
theo corbeanu__2002-05-17,,,,2105636.695148612,2103077.2415966587,162011.64671480117
theo de percin__2001-02-02,Théo De Percin,GK,899999.9999999995,1134847.4187580869,1128106.3416739192,29917.07760562229
theo defourny__1992-04-25,,,,187319.88918925708,193140.2957765484,17064.071647714496
theo guivarch__1995-11-17,,,,558085.979039215,564345.5329982716,29396.99005637955
theo hernandez__1997-10-06,,,,37700614.813255146,37584818.95422414,1922094.72390416
theo le bris__2002-10-01,Théo Le Bris,DEF,2849999.999999999,3372309.0607868265,3372309.0607868265,49000.7845987673
theo leoni__2000-04-21,Théo Leoni,MID,3499999.9999999995,2272944.515258332,2272944.515258332,67928.07230156561
theo sainteluce__1998-10-20,Théo Sainte-Luce,DEF,1249999.999999999,1459378.5106184797,1550083.4684724072,174686.9728670688
theo sander__2005-01-08,,,,833619.2301066208,834656.1704946316,36812.45064677913
theo vermot__1997-01-27,,,,199487.5694051293,179288.73456750673,38806.69283514048
theo zidane__2002-05-18,,,,1171626.2945336187,1171626.2945336187,57153.43114898906
therence koudou__2004-12-13,,,,2830484.741922234,2830484.741922234,40020.830529120925
thiago almada__2001-04-26,,,,33794580.31812125,33669550.19269776,5162226.996823823
thiago borbas__2002-04-07,,,,4177200.966376191,4177200.966376191,447706.82891719864
thiago fernandez__2004-04-03,,,,6401642.487280499,6430065.532961711,282889.56844735023
thibault de smet__1998-06-05,,,,1853290.3219012222,1876109.5799519378,76825.39758856312
thibault klidje__2001-07-10,,,,1996934.232660309,2056275.5816350197,129774.81048522028
thibault vlietinck__1997-08-19,,,,767886.7875325982,767886.7875325982,8913.251964602072
thibaut courtois__1992-05-11,,,,30007044.98794955,30007044.98794955,4641110.86783012
thibaut vargas__2000-05-22,Thibaut Vargas,DEF,1350000.0,1440229.691549394,1440229.691549394,5960.298054015385
thibo baeten__2002-06-04,,,,781574.0647780853,781574.0647780853,
thibo somers__1999-03-16,,,,3248450.816884068,3278658.1999651548,283155.13755073963
thierno balde__2002-06-10,,,,902927.5540716227,902927.5540716227,
thierno barry__2002-10-21,,,,19533028.176602207,19274850.445127547,1308070.0808259004
thierry lutonda__2000-10-27,,,,835393.0630333371,835169.9749620364,63986.7698324025
thierry small__2004-08-01,Thierry Small,DEF,1750000.0,2240794.4898681617,2211821.05885725,137299.15498058006
thijmen blokzijl__2005-02-25,,,,2783921.156827968,2783921.156827968,195902.8176787669
thijmen nijhuis__1998-07-25,,,,440726.6288037016,434336.47783972055,40652.999514513634
thijs dallinga__2000-08-03,,,,13353260.457447894,13353260.457447894,
thijs oosting__2000-05-02,,,,865384.9159317157,870659.5823288788,35514.12106306129
thilo kehrer__1996-09-21,,,,11502732.748795064,11626038.22452595,439236.33170696785
thom van bergen__2004-01-06,Thom van Bergen,MID,2150000.0,1707269.3168408943,1753774.547742265,96419.65764464454
thomas battistella__2001-07-29,,,,926523.4607612789,933984.3550765084,24495.03489175692
thomas beelen__2001-06-11,,,,7676910.829591356,7379597.761370076,765381.698493892
thomas bruns__1992-01-07,,,,421198.2635901787,421198.2635901787,37124.211616304645
thomas buitink__2000-06-14,,,,651143.3676858807,661991.3950777914,26034.13872897592
thomas callens__1998-09-06,,,,534496.2627503787,534496.2627503787,19157.43634613176
thomas carrique__1999-02-26,,,,806082.4903324157,816907.5578173511,34593.146678596015
thomas claes__2004-03-26,,,,1809541.4509540242,1767034.9206668688,285364.2951223479
thomas delaney__1991-09-03,,,,1564456.0461744561,1501981.546090916,179672.92562969448
thomas foket__1994-09-25,Thomas Foket,DEF,3600000.0000000014,1240743.3108599545,1258900.2541419123,72560.03563460518
thomas gundelund__2001-11-06,Thomas Gundelund,DEF,875000.0,1049951.6310296927,1127162.2072338457,150003.50338566827
thomas henry__1994-09-20,,,,1884837.9633716366,1853028.5774729114,207308.35251487227
thomas isherwood__1998-01-28,Thomas Isherwood,DEF,749999.9999999998,856314.9237441961,841403.4255613231,74322.37703709955
thomas jrgensen__2005-09-30,,,,1873323.208692317,1873323.208692317,128510.83150256475
thomas kastanaras__2003-01-09,,,,678261.5255898025,678261.5255898025,69091.92632349649
thomas keller__1999-08-05,,,,1193509.8804412873,1200752.501779269,79597.46301610078
thomas kristensen__2002-01-17,Thomas Kristensen,DEF,6950000.000000006,4714543.303173406,4743284.149897145,155014.56582559907
thomas lemar__1995-11-12,,,,8770620.97467961,9700558.206664765,1757001.6155630937
thomas meiner__1991-03-26,,,,241250.73228210688,239561.46745509584,3737.8436377286844
thomas mikkelsen__1983-08-27,Thomas Mikkelsen,GK,37500.000000000015,108844.4532111228,106865.28669769122,9157.195570287515
thomas monconduit__1991-02-10,,,,448510.5938756143,446572.54757712147,26731.327176506227
thomas muller__1989-09-13,,,,5466082.168731298,5633165.288569142,342243.6532000181
thomas oude kotte__1996-03-20,Thomas Oude Kotte,DEF,950000.0000000008,1108618.9702433185,1138114.4125165765,78783.48128193681
thomas ouwejan__1996-09-30,,,,1382350.789577989,1382350.789577989,135189.5553359892
thomas partey__1993-06-13,,,,11520679.539934888,11520679.539934888,
thomas robinet__1996-08-18,,,,1012166.4787727583,1012166.4787727583,23179.882706580527
thomas santos__1998-10-10,,,,619242.099246212,691603.915430137,109875.05973218825
thomas strakosha__1995-03-19,,,,3331751.57956704,3281410.990214935,208501.3140034645
thomas van den belt__2001-06-18,,,,2278078.2951670308,2278078.2951670308,14968.241331065798
thomas van den keybus__2001-04-25,,,,1468335.6290813242,1468335.6290813242,132988.63960935292
thore jacobsen__1997-04-19,,,,668023.1879081245,668023.1879081245,
thorgan hazard__1993-03-29,,,,2882265.1147818435,3023262.4349220595,259463.5311332813
tiago cukur__2002-11-30,Tiago Çukur,FWD,649999.9999999995,738006.8938404808,739846.237953826,64679.889157486956
tibe de vlieger__2005-11-05,Tibe De Vlieger,MID,749999.9999999998,994456.6396116526,991295.0215710999,6003.199405781014
tidiam gomis__2006-08-08,Tidiam Gomis,MID,3249999.9999999986,5677850.061694269,5626872.601151626,521614.35568519554
tidjany toure__2002-07-15,,,,1841603.7989960145,1839638.1251045843,70893.43991465915
tijjani noslin__1999-07-07,,,,6476517.793132428,6757994.260648478,668352.3359833991
tijjani reijnders__1998-07-29,,,,81114008.7546697,81114008.7546697,3461599.832890589
tijmen holla__2006-07-25,,,,204156.66150269238,198549.32784199863,18077.94892560719
tijn van ingelgom__2007-03-05,,,,428852.58014318265,433406.0766936091,23845.666231077885
tijs velthuis__2002-01-12,,,,1031178.81582756,1001767.1776207503,44372.34948590153
tika de jonge__2003-03-11,Tika de Jonge,MID,1800000.000000001,1790902.9815732285,1790902.9815732285,46876.73776655872
till cissokho__2000-02-08,,,,804481.2461310052,799205.3574526047,92745.19889677459
tim breithaupt__2002-02-07,,,,1938125.9439972169,1940106.7854310805,70208.60075158876
tim chow__1994-01-18,,,,1493231.7702577445,1536104.319916599,130819.549489791
tim civeja__2002-01-04,Tim Civeja,MID,674999.9999999998,656291.2886160957,655167.6298500758,52630.28851419122
tim drexler__2005-03-06,,,,2348496.4517583726,2289060.3756126505,235576.8994466222
tim freriks__1998-10-02,,,,551940.0226938057,561560.178511471,36094.375750649204
tim handwerker__1998-05-19,,,,1121381.09642513,1105040.7753261125,56464.41280812356
tim iroegbunam__2003-06-30,,,,12178381.4394203,12122948.313072078,775830.569246917
tim jabolfolcarelli__1999-12-06,,,,1883349.2496593867,1884174.249136595,65217.110748828374
tim kleindienst__1995-08-31,,,,22064472.19582517,21794129.661763825,1096437.0464290907
tim lemperle__2002-02-05,,,,7863481.5481307395,7863481.5481307395,509029.7078533268
tim oermann__2003-10-06,,,,4371557.97765311,4371557.97765311,530205.4023426946
tim paterok__1992-08-05,,,,208828.42627595185,212398.22594277828,13836.911612245282
tim ream__1987-10-05,,,,552545.2514010265,552545.2514010265,88453.19936780636
tim schreiber__2002-04-24,,,,1179242.1199535192,1224724.3892904078,115396.27783088275
tim siersleben__2000-03-09,,,,2832853.1165119465,2906702.029376287,200613.56028595797
timjustin dietrich__2002-11-08,,,,287905.8868694553,287560.6186760657,10244.874591525588
timo baumgartl__1996-03-04,Timo Baumgartl,DEF,1499999.9999999986,1425691.706201387,1425304.5092541315,134190.54630539747
timo becker__1997-03-25,Timo Becker,DEF,1200000.0000000005,1580806.1187005797,1580806.1187005797,
timo horn__1993-05-12,,,,1515760.7581910237,1498965.4020409044,112208.04474635563
timo hubers__1996-07-20,,,,3168723.729016179,3002084.324619146,379653.1321811046
timo letschert__1993-05-25,,,,1942610.8312704575,2043008.8649577787,178176.58326554875
timo schlieck__2006-03-02,Timo Schlieck,GK,587500.0000000002,557792.7099469661,583914.2666047788,71195.50413436929
timo stavitski__1999-07-17,,,,644166.8870095005,645481.3298558219,42728.412295120135
timo werner__1996-03-06,,,,8168746.162571812,8329643.187236597,730349.9086108208
timon vanhoutte__2004-01-29,,,,372332.16929091996,365055.6569262535,19177.965739974043
timon wellenreuther__1995-12-03,,,,4586888.742165082,4586888.742165082,545931.8968280167
timothe cognat__1998-01-25,,,,3488921.3830387853,3488921.3830387853,
timothe nkada__1999-07-20,,,,1810769.3941790892,1810769.3941790892,
timothee kolodziejczak__1991-10-01,,,,545038.9095626324,545038.9095626324,
timothee pembele__2002-09-09,,,,3661037.3515028744,3656025.9303787635,573163.7586897223
timothy castagne__1995-12-05,,,,5326831.61559003,5326831.61559003,
timothy tillman__1999-01-04,,,,1533322.185590412,1532351.8559931032,261491.63482154813
timothy weah__2000-02-22,,,,10990202.034691174,10545156.98713387,2273844.2592740636
tin jedvaj__1995-11-28,,,,2061675.4666861482,2142110.856967227,205085.17043378932
tino anjorin__2001-11-23,,,,1874387.16863298,1943461.237598011,314304.5201003732
tino livramento__2002-11-12,,,,36859076.45247487,37644944.92440594,2342618.263593602
titouan thomas__2002-01-12,,,,1124975.3611306555,1112960.1362350588,47592.72619332695
tjaronn chery__1988-06-04,Tjaronn Chery,MID,950000.0000000008,793918.9094459846,785277.8155454095,44633.113080755444
tobe leysen__2002-03-09,Tobe Leysen,GK,3600000.0000000014,2137979.5833690106,2027871.149359584,288946.1783940758
tobi oluwayemi__2003-05-08,,,,209260.59358096862,213424.63955827555,7068.837931002731
tobias anker__2001-03-06,,,,1014197.6153214182,1014197.6153214182,
tobias bach__2003-06-04,,,,742232.6523788772,737090.2594933165,10118.016884753855
tobias bech__2002-02-19,,,,1729971.13060062,1729971.13060062,96937.00977159082
tobias hedl__2003-01-15,Tobias Hedl,FWD,725000.0000000006,882160.8237617865,865922.0742063337,93198.16997500304
tobias heintz__1998-07-13,,,,1657405.6913261695,1657405.6913261695,
tobias klysner__2001-07-03,,,,868578.8388383549,851253.463346812,50105.103510707
tobias lauritsen__1997-08-30,,,,3127282.0732704275,2982484.438849978,530587.9134172981
tobias lauritsen__2004-06-18,,,,884003.1674417751,880766.2027160546,31594.503133995146
tobias lawal__2000-06-07,,,,3252427.5311719477,3252427.5311719477,
tobias mohr__1995-08-24,,,,1324348.7558049888,1304064.5463470593,45596.534876462916
tobias raschl__2000-02-21,,,,998176.7175949732,999668.4971554717,55028.597250656705
tobias salquist__1995-05-18,,,,983115.9588294604,983115.9588294604,50101.293970472085
tobias sippel__1988-03-22,,,,92354.36456515644,91002.57923499553,3007.356592600321
tobias slotsager__2006-01-01,,,,2826107.1470657443,2826107.1470657443,
tobias sommer__2001-11-27,,,,758838.7165389409,717832.8751166789,112327.3965733411
toby collyer__2004-01-03,,,,3318924.266284651,3361817.2038635053,311910.7223993556
toby sibbick__1999-05-23,,,,515903.6893780332,515903.6893780332,237516.96848174074
tochi chukwuani__2003-03-24,,,,2009063.1266418728,1969165.3089272864,276735.80904852087
tochukwu nnadi__2003-06-30,,,,615567.5719398849,615567.5719398849,47658.41721511016
tolcay cigerci__1995-01-24,Tolcay Ciğerci,MID,787499.9999999994,800334.5983008272,807741.3892844792,77016.64831907413
tom aldred__1990-09-11,Tom Aldred,DEF,362499.9999999997,291041.3945827545,291041.3945827545,31165.89135467567
tom anderson__1993-09-02,,,,291432.61470202496,291432.61470202496,6574.716056203223
tom bischof__2005-06-28,,,,28561039.339439355,28564560.39153903,972490.8804968013
tom bradbury__1998-02-27,Tom Bradbury,DEF,237499.99999999983,314013.40853050887,313947.88153149,19892.675520985966
tom cairney__1991-01-20,,,,1608181.4387123873,1448192.6765858955,538224.466931018
tom cannon__2002-12-28,,,,3390029.4079524227,3328748.729009074,566504.0291232559
tom davies__1998-06-30,,,,2162985.6292176587,2159759.770616153,149521.15689847796
tom davies__2003-11-11,,,,264788.029977156,264788.029977156,
tom de graaff__2004-12-10,Tom de Graaff,GK,899999.9999999995,844895.3024159444,853358.6807049423,23029.428717165527
tom edwards__1999-01-22,,,,377853.94075462053,386326.89112682594,19133.187057356048
tom gaal__2001-03-03,,,,1080745.983665054,1081808.7637248093,51644.88595516455
tom grivosti__1999-06-15,Tom Grivosti,DEF,275000.0000000002,249429.63946261918,251653.36220389607,11276.714431782899
tom heaton__1986-04-15,,,,127663.87975566456,127663.87975566456,12957.686218294395
tom hendriks__2002-05-14,,,,246563.65290917747,246563.65290917747,
tom hulsmann__2004-04-11,,,,1130594.8273738236,1130594.8273738236,
tom ince__1992-01-30,,,,1064288.460895927,1032774.9496054668,127317.22425797406
tom james__1996-04-15,,,,639694.5572176535,639694.5572176535,309857.59917249775
tom king__1995-03-09,,,,406035.80502428615,406035.80502428615,25120.48594626298
tom krau__2001-06-22,Tom Krauß,MID,4500000.000000002,5579560.681245835,5597340.759161043,233214.9944246453
tom lawrence__1994-01-13,,,,2013505.5729783124,2013505.5729783124,
tom louchet__2003-05-04,,,,4122674.694187415,4416723.70513289,478987.7088379907
tom lowery__1997-12-31,,,,463036.94266009395,475762.4989996244,31025.25224838697
tom mcgill__2000-03-25,,,,421024.2955440207,421024.2955440207,12864.062879795945
tom mcintyre__1998-11-06,,,,617801.7769619713,624479.2397451636,33754.58996346363
tom moustier__2002-05-02,,,,750394.8141856755,750394.8141856755,51413.72116387588
tom negrel__2003-04-13,,,,302752.27971216297,312115.5370891974,19030.948593245095
tom pettersson__1990-03-25,Tom Pettersson,DEF,387499.99999999977,489265.8585300889,489265.8585300889,80374.61493128022
tom sang__1999-06-29,,,,397577.96590650274,397577.96590650274,17341.296109582654
tom sparrow__2002-12-06,Tom Sparrow,MID,312500.00000000023,373266.8963426373,385732.5225536719,40720.5778418841
tom trybull__1993-03-09,Tom Trybull,DEF,337500.00000000006,319155.73319046997,319155.73319046997,39515.697281377434
tom van de looi__1999-07-02,,,,1998183.5758195384,1998183.5758195384,87678.11964800036
tom vandenberghe__1992-08-17,,,,475741.1794778877,452454.46852607984,67647.88506224389
toma basic__1996-11-25,,,,2868896.453245827,2865659.63111827,125458.51252482945
tomas alarcon__1999-01-19,,,,965481.7209171274,992886.3387074675,122457.95794267376
tomas chory__1995-01-26,,,,5637196.768962265,5392981.3474795995,507514.8225324064
tomas cvancara__2000-08-13,,,,3767086.555391433,4035580.4130653376,512115.0429730039
tomas kalas__1993-05-15,,,,950465.8392318045,950465.8392318045,
tomas muro__2002-05-05,Tomás Muro,MID,837499.9999999995,759581.9325514925,782940.9734866393,85522.89995929187
tomas ostrak__2000-02-05,,,,754177.865282566,754177.865282566,
tomas soucek__1995-02-27,,,,7285691.864616037,8330131.859891256,1950962.0885495443
tomas suslov__2002-06-07,,,,4694909.8257145975,4694909.8257145975,73834.03315988072
tomasz kedziora__1994-06-11,,,,2915352.3495438765,2775906.8673780663,302124.20404118736
tommaso augello__1994-08-30,,,,2681263.781451594,2681263.781451594,644248.7034555638
tommaso baldanzi__2003-03-23,,,,9478779.124377573,9346608.254769366,362088.70099604834
tommaso barbieri__2002-08-26,,,,2872853.691996468,2820036.8440214344,309826.6920454112
tommaso biasci__1994-11-10,,,,1005964.8486535107,1005964.8486535107,13192.051213916726
tommaso cassandro__2000-01-09,,,,1017925.886717547,1018823.5767761592,48832.00390544675
tommaso corazza__2004-06-29,,,,1996708.2696524663,2043780.2426191145,181047.3218296869
tommaso del lungo__2003-11-21,Tommaso Del Lungo,DEF,875000.0,1269043.7167336536,1269043.7167336536,166930.09587187177
tommaso martinelli__2006-01-06,,,,1570460.451363682,1588265.3673892308,43382.245898347515
tommaso pittino__2005-01-14,,,,476054.7148634531,497780.9119871543,44667.30894288991
tommaso pobega__1999-07-15,Tommaso Pobega,MID,7750000.000000002,7161701.704472512,6957383.25332254,441626.13885544316
tommi oreilly__2003-12-15,,,,536696.9300177637,536696.9300177637,46159.5480167419
tommy doyle__2001-10-17,,,,7143247.5213516215,7009804.10558953,478352.8256499963
tommy st jago__2000-01-03,,,,1605420.1753991486,1617342.2086569131,106023.9023457228
tomoki iwata__1997-04-07,Tomoki Iwata,DEF,1750000.0,2708750.6045433325,2748915.499311351,131919.6206046241
toni borevkovic__1997-06-18,,,,3240482.5747952564,3300895.042980957,305636.51945463964
tonni adamsen__1994-11-15,Tonni Adamsen,MID,1249999.999999999,1546541.061979022,1538414.2324025063,66821.07685702205
tonny vilhena__1995-01-03,,,,1938942.2149571155,1901174.533006527,138359.85879267674
tony miettinen__2002-09-23,Tony Miettinen,DEF,487499.9999999996,598786.5001492098,598786.5001492098,39963.8083156932
tony springett__2002-09-22,,,,730341.2904348542,744817.8663975274,58536.925332756306
tony strata__2004-09-07,Tony Strata,DEF,800000.0000000005,796945.6443747351,903074.0410470229,246575.35735674406
tony yogane__2005-09-24,Tony Yogane,MID,462500.00000000006,526954.5827858914,535883.0255685683,28298.67048520435
toon raemaekers__2000-09-09,,,,1429226.6791106528,1429226.6791106528,107095.68840859772
torben musel__1999-07-25,,,,628753.6181714464,657257.2684542525,62233.922884012405
torbjrn heggem__1999-01-12,Torbjørn Heggem,DEF,5500000.000000001,5822804.328982331,5853188.246043272,52669.388531092656
toyosi olusanya__1997-10-14,,,,466299.6586106146,466299.6586106146,64266.94228713441
trai hume__2002-03-18,,,,19535819.148854565,19535819.148854565,1548700.396025714
travis hernes__2005-11-04,,,,662420.089728802,618321.3483835539,111025.78911702053
trent alexanderarnold__1998-10-07,,,,95734546.30966333,95734546.30966333,
trent sainsbury__1992-01-05,,,,528700.4037098524,515715.8009556013,54677.85851894795
trevan sanusi__2007-04-25,,,,874888.1534449777,887472.9429897435,64887.9692418589
trevis dago__2005-01-21,,,,718743.2535924274,718743.2535924274,58623.55574142252
trevoh chalobah__1999-07-05,,,,25101823.63584131,24908931.875717077,1000487.2422435716
trey nyoni__2007-06-30,,,,2208589.8864833126,2221651.6605980466,141502.73752907262
tristan crama__2001-11-08,,,,2507226.055487333,2507226.055487333,359895.2332638347
tristan degreef__2005-01-19,,,,1980473.9240735949,1980473.9240735949,
tristan gooijer__2004-09-02,,,,974571.5001991779,1003194.2530762954,51213.04824024394
tristan muyumba__1997-03-07,Tristan Muyumba,MID,1099999.9999999998,1063590.8330603198,1074935.482463975,50937.519556186664
tristan schenkhuizen__2004-07-12,,,,243225.33034392435,248028.60294348394,9725.924409069243
tristan van gilst__2003-02-18,,,,555844.7868992719,567319.1742938716,25843.15636442684
troy parrott__2002-02-04,Troy Parrott,FWD,15499999.999999987,8871410.408779664,8733232.897504479,281438.37238835165
true grant__2005-11-02,True Grant,GK,487499.9999999996,306502.7270875224,306502.7270875224,31230.537670586935
tsuyoshi watanabe__1997-02-05,,,,6880337.007946399,6951884.125440652,200033.80990348567
tudor baluta__1999-03-27,,,,1039434.3361443529,1039434.3361443529,
tugbey akgun__2003-04-09,,,,247925.19687740132,244018.6950457379,13866.72711982252
tunahan tasc__2002-04-29,,,,779728.5664523819,779728.5664523819,
tunmise sobowale__1999-03-19,,,,286314.85242061794,282704.23067662446,22939.002463034936
tuomas ollila__2000-04-25,,,,1430021.5691983674,1420499.435960889,129056.93271363266
tuur rommens__2003-03-26,,,,2849155.4586286168,2841160.6072422387,125243.83522937435
tygo land__2006-01-11,,,,2369939.5327426153,2393670.0845393525,86484.75916694952
tylel tati__2008-01-19,,,,2288852.5164976073,2288852.5164976073,34128.76992116182
tyler adams__1999-02-14,Tyler Adams,MID,22249999.999999985,20440612.67730211,20461408.660388023,1104151.8562448637
tyler dibling__2006-02-17,Tyler Dibling,MID,19499999.99999998,20445239.838859532,20056441.223157436,1906470.8472889264
tyler onyango__2003-03-04,,,,575229.8249492152,552294.6449546787,41166.47569772768
tyler roberts__1999-01-12,,,,1011976.7238137531,1038159.7819816812,268262.5051710693
tyreece johnjules__2001-02-14,,,,656063.7766973925,656063.7766973925,59184.6088738446
tyrell malacia__1999-08-17,Tyrell Malacia,DEF,5500000.000000001,9049560.9854318,9102502.04607251,897511.9268596029
tyrese campbell__1999-12-28,,,,2516040.4196437,2462203.625067515,344521.54328811
tyrese francois__2000-07-16,,,,594488.1985943564,596285.2323504124,36761.75561025516
tyrese noslin__2002-09-11,,,,1223732.4823160456,1294727.7364623423,169698.78799955425
tyrhys dolan__2001-12-28,,,,9629852.67075638,9629852.67075638,485624.9292065006
tyrick mitchell__1999-09-01,,,,21539431.823953904,21539431.823953904,
tyrique george__2006-02-04,,,,6412784.369100021,6412784.369100021,249260.38180615375
tyrique mercera__2003-12-19,,,,800175.683958125,824310.7533549726,43184.06958657887
tyrone mings__1993-03-13,Tyrone Mings,DEF,6500000.0,8766943.096781101,8443013.55232605,702633.1214280925
tyronne ebuehi__1995-12-16,,,,2244162.1013425854,2244162.1013425854,
uchenna ogundu__2006-05-12,Uchenna Ogundu,FWD,462500.00000000006,624271.6936436322,633489.8971410198,54451.64837647318
ufuk akyol__1997-08-27,,,,806663.2418691674,826448.922044919,53705.76930295493
ugo raghouber__2003-07-13,,,,2900977.8605295084,2900977.8605295084,85310.92500754287
ugur kaan yldz__2002-08-06,,,,181878.14276514752,181878.14276514752,
ugurcan cakr__1996-04-05,Uğurcan Çakır,GK,16250000.0,14703785.124841258,15383807.072521929,1219470.0156073149
ugurcan yazgl__1999-04-09,,,,937683.5102822462,937683.5102822462,
ulisses garcia__1996-01-11,,,,3493999.0534403613,3493999.0534403613,295647.0893503843
umit akdag__2003-10-06,,,,1665098.1559666274,1665098.1559666274,
umut bozok__1996-09-19,,,,1021333.1548047146,1009228.566985397,23850.486844614046
umut gunes__2000-03-16,,,,1881872.6575637255,1835248.5948580643,105274.1849852269
umut meras__1995-12-20,,,,891431.7740016258,847924.4536879475,112651.91004749175
umut nayir__1993-06-28,,,,1367235.28986263,1375091.3367868664,117308.39433760085
umut tohumcu__2004-08-11,Umut Tohumcu,MID,5400000.000000005,3845304.1135918614,3908510.137527476,421740.37709576025
urko gonzalez de zarate__2001-03-20,Urko González de Zárate,MID,7750000.000000002,10726041.34260002,10927562.672036653,387987.17883234716
uros radakovic__1994-03-31,Uroš Radaković,DEF,775000.0000000007,709587.3805684879,715221.4622047831,67317.04864848993
uros spajic__1993-02-13,,,,709540.8497403867,709540.8497403867,12957.476539423713
vaclav cerny__1997-10-17,,,,12076208.881657414,12076208.881657414,
vaclav hladky__1990-11-14,,,,302916.6277950891,289449.42276827345,35206.123463403164
vaclav jemelka__1995-06-23,Václav Jemelka,DEF,2900000.0000000014,3225973.6548095136,3236350.1781752068,297767.8354699114
valdemar birks__2001-03-17,,,,886282.8182998274,886282.8182998274,124326.60389609079
valdemar byskov__2005-01-25,,,,2415056.1544214836,2415056.1544214836,178983.07981874244
valdemar lund__2003-05-28,,,,1467875.0162835347,1468287.6167559712,36139.26785665687
valentin atangana__2005-08-25,,,,4556509.357897182,4162405.8053243505,1104649.4880411732
valentin barco__2004-07-23,,,,18064368.81464307,17328743.97665145,2996621.4315285175
valentin carboni__2005-03-05,,,,7033864.8836515,7033864.8836515,132193.75945815817
valentin cojocaru__1995-10-01,,,,1255363.149332853,1255363.149332853,30387.626868456653
valentin gendrey__2000-06-21,,,,5814529.8853594605,5814529.8853594605,
valentin gheorghe__1997-02-14,,,,489696.6430845372,490544.95564723306,22544.645373070925
valentin gomez__2003-06-26,,,,13702286.728380725,12991494.542672977,1451389.0568854057
valentin mihaila__2000-02-02,,,,2082613.9431256466,2313424.373233614,363956.4110210822
valentin rongier__1994-12-07,,,,9981979.654870437,10747792.261387002,1354829.7653262434
valentin rosier__1996-08-19,,,,8425038.998822246,8321126.99926091,723751.9065907596
valentin vada__1996-03-06,,,,1426286.217486334,1448406.727626936,77342.8746976015
valentyn morgun__2001-08-10,,,,301328.79976938246,303490.7770674953,17792.52327720614
valentyn rubchynskyi__2002-02-15,,,,1739865.2446575898,1770255.9466296658,60665.57409256457
valeri qazaishvili__1993-01-29,Valeri Qazaishvili,MID,3099999.9999999986,2916512.321873765,2996249.119656351,223803.01754813673
valerio mantovani__1996-04-18,,,,770989.0812396412,770989.0812396412,73314.25340364446
valeriy bondar__1999-02-27,,,,6718941.864521807,6976273.54580442,1214921.4658587838
valmir sulejmani__1996-02-01,,,,327603.61520741996,327603.61520741996,23918.452760917346
valon berisha__1993-02-07,,,,1054411.9862614872,1059355.9022461553,69576.44071307928
valy konate__2006-11-14,,,,634354.2195135833,627202.096378191,41712.056858277836
vangelis pavlidis__1998-11-21,,,,32482038.211588077,31771681.144067068,3183755.916216651
vanja milinkovicsavic__1997-02-20,Vanja Milinković-Savić,GK,16500000.000000013,13185700.283909248,13073627.71198422,631601.9622216829
vasilije adzic__2006-05-12,,,,4060172.9892407944,4060172.9892407944,395102.7433565242
vasilije janjicic__1998-11-02,Vasilije Janjičić,MID,337500.00000000006,465959.0775528333,446762.12096807366,37312.26756204923
vasilios barkas__1994-05-30,Vasilios Barkas,GK,2849999.999999999,1956469.564518601,1983505.9271599986,132374.75995883218
vasilios zagaritis__2001-05-04,Vasilios Zagaritis,DEF,1750000.0,1083086.2204557424,1029771.0753387728,105682.27120901099
vaso vasic__1990-04-26,Vaso Vasić,GK,75000.00000000004,145282.12237923028,141763.91317723464,19760.719910805306
vedat muriqi__1994-04-24,,,,14098400.972485663,13943639.89835969,288667.45986458537
veljko birmancevic__1998-03-05,,,,8755375.3129928,8755375.3129928,
veljko milosavljevic__2007-06-28,,,,9336956.217131607,9226581.451924652,957867.1054234083
vetle dragsnes__1994-02-06,Vetle Dragsnes,DEF,1050000.0000000007,1109330.1046860213,1092216.808112598,83986.40804410115
veysel sar__1988-07-25,,,,189142.3973003775,189142.3973003775,
vic chambaere__2003-01-10,,,,721553.8682210259,711497.0836732031,20073.44788653997
vicente taborda__2001-06-14,,,,2599441.308584408,2599441.308584408,138503.666783265
vicko sevelj__2000-09-19,Vicko Ševelj,MID,925000.0000000007,873708.8074004265,895256.6285342197,91703.42627243782
victor bak__2003-10-03,Victor Bak,DEF,1725000.0000000005,1812469.9548685006,1819573.8653277168,136756.01846114374
victor boniface__2000-12-23,,,,41963617.96338245,41886626.651592374,5466386.182003062
victor edvardsen__1996-01-14,,,,1911513.8562413834,1895956.2332388065,52195.02895079748
victor froholdt__2006-02-25,,,,28209579.57893175,28209579.57893175,4014038.772781563
victor garcia__1994-06-11,,,,584186.6951136462,560246.9093906853,44280.09172667236
victor jensen__2000-02-08,Victor Jensen,MID,2250000.000000001,1675571.2450480112,1669383.6168132029,36163.121111601205
victor kristiansen__2002-12-16,,,,4831738.0935525615,4831738.0935525615,
victor lindelof__1994-07-17,Victor Lindelöf,DEF,6000000.0,7211727.844297217,7421088.850469636,840369.539787158
victor loturi__2001-05-21,Victor Loturi,MID,674999.9999999998,912719.9333667164,928919.9688307247,51536.41045243699
victor nelsson__1998-10-14,,,,4868660.462218613,4768919.086646625,225070.29909923786
victor osimhen__1998-12-29,,,,95739349.31306686,89557896.2287465,12087955.395416798
victor torp__1999-07-30,,,,3861743.526328885,3861743.526328885,
vid belec__1990-06-06,,,,336236.24419655546,336236.24419655546,35362.68844742496
viggo gebel__2007-11-22,,,,949267.841712724,949267.841712724,234860.71520198605
viktor claesson__1992-01-02,,,,1055299.298856021,1055299.298856021,
viktor damjanic__2005-11-03,,,,1556589.3932069545,1527576.0538988933,78860.16491008559
viktor gyokeres__1998-06-04,,,,82636502.20327392,82636502.20327392,
viktor tsukanov__2006-02-04,,,,1557962.3321246891,1545730.4204092845,75531.98687978655
viktor tsygankov__1997-11-15,,,,11602036.553658534,11602036.553658534,548858.8995252537
viljami sinisalo__2001-10-11,,,,2062024.764444287,2062024.764444287,213579.51118916486
viljar myhra__1996-07-21,Viljar Myhra,GK,712500.0000000002,605866.8290614012,605866.8290614012,23008.73820237075
villads westh__2004-04-25,,,,370475.43056025845,370475.43056025845,
ville koski__2002-01-27,,,,740491.979806379,691993.5494026227,147688.29334413874
vince osuji__2006-04-06,,,,1426301.0275974735,1426301.0275974735,83008.44515046543
vincent janssen__1994-06-15,,,,5868660.747392435,5812483.644157921,750472.2517882643
vincent marchetti__1997-07-04,,,,1718809.0733430474,1701730.905121331,87902.02777972443
vincent sierro__1995-10-08,Vincent Sierro,MID,4750000.000000003,5572206.8893811265,5596179.642222607,254990.18311268833
vincent thill__2000-02-04,,,,537332.2767977453,554565.6395355647,38709.613610283224
vincent vermeij__1994-08-09,,,,887326.0310840633,905826.1378454446,61074.41763772298
vincenzo fiorillo__1990-01-13,,,,191246.8673530845,191246.8673530845,4662.573314534722
vincenzo grifo__1993-04-07,,,,10146056.610573623,10106694.739801422,426400.8324564759
virgil misidjan__1993-07-24,,,,1495890.8332921108,1495890.8332921108,
virgil van dijk__1991-07-08,Virgil van Dijk,DEF,33750000.00000005,34184177.126296505,33753529.250542924,1519345.6301881154
virgiliu postolachi__2000-03-17,,,,774009.2320491148,760023.3946208756,53501.62965631378
vital nsimba__1993-07-08,Vital Nsimba,DEF,1312500.0000000012,559616.0999035019,566114.8220372198,22440.891743833112
vitaliy mykolenko__1999-05-29,,,,13605206.261539811,12795330.789542321,1694268.2586852906
vitaly janelt__1998-05-10,,,,15791730.888911827,15791730.888911827,
vitezslav jaros__2001-07-23,,,,4205717.971931715,3981302.4524462484,575292.6691507279
vito van crooij__1996-01-29,Vito van Crooij,MID,1099999.9999999998,1214611.4651120945,1214611.4651120945,121903.17250773044
vitor reis__2006-01-12,,,,6292983.897089775,6173009.22011701,413982.10167983186
vivaldo semedo__2005-01-28,,,,1084993.768812137,1078806.5157853349,86144.35695917821
vlad chiriches__1989-11-14,,,,275563.7466647165,275135.98458028975,19750.022430820114
vlad dragomir__1999-04-24,,,,757846.8271080545,748692.2243004667,85376.52768164445
vladimir coufal__1992-08-22,,,,3654422.8898444413,3587638.2870377055,446568.2515993472
vladimir rodic__1993-09-07,,,,376997.47153593163,376787.94387198176,22070.492392464625
vladimir screciu__2000-01-13,,,,1562285.7629458816,1478965.7489584354,269386.01462704065
vladislav blanuta__2002-01-12,,,,1998922.0375448852,2028707.7548549925,101760.45737647623
vladyslav dubinchak__1998-07-01,,,,2049484.9891112992,2049484.9891112992,
vladyslav kochergin__1996-04-30,,,,1801899.7878181105,1792539.8690550625,113549.53406846078
vladyslav krapyvtsov__2005-06-25,,,,1001051.895076569,991851.8135606399,69779.63354336028
vladyslav vanat__2002-01-04,Vladyslav Vanat,FWD,13249999.99999999,11662452.870218983,11738030.303971129,409856.29504977097
vladyslav veleten__2002-10-01,,,,1785719.3225476863,1785719.3225476863,230041.60317013154
volkan babacan__1988-08-11,,,,184217.57080536603,180588.75495145912,16992.522168595504
volodymyr brazhko__2002-01-23,,,,14796891.180414017,14796891.180414017,2845968.464721494
vontae daleycampbell__2001-04-02,Vontae Daley-Campbell,DEF,369999.99999999977,217567.56986308433,218411.7520812236,20068.547509582917
wagane faye__1993-11-20,,,,843421.3335721807,843421.3335721807,188623.44188817876
wahid faghir__2003-07-29,,,,788900.0349622833,788900.0349622833,90345.583999765
waldemar anton__1996-07-20,,,,29501533.902252,29708649.94013683,1931417.1534365672
walid cheddira__1998-01-22,,,,3462487.975922973,3502929.2300381484,306778.2676553938
walid ouldchikh__1999-11-06,,,,1075295.9061284908,1022861.0175086857,107790.76565267834
walter montoya__1993-07-21,,,,1064132.1374547784,1064132.1374547784,37129.903777735555
waniss taibi__2002-03-07,,,,1617819.6737746727,1545125.7867165236,212002.15786577234
warmed omari__2000-04-23,,,,6053498.933978195,6330745.638170933,756771.2153493736
warner hahn__1992-06-15,,,,937052.5003708879,954044.1540183227,75015.24462187958
warren bondo__2003-09-15,,,,5984689.727619447,6013958.410686692,241055.16680580628
warren kamanzi__2000-11-11,,,,3149603.648780539,3089164.0761076254,268400.95839668915
warren ohora__1999-04-19,Warren O'Hora,DEF,712500.0000000002,665567.1128406378,665567.1128406378,36275.806838619654
warren zaireemery__2006-03-08,Warren Zaïre-Emery,DEF,50000000.00000009,48300989.97323513,48300989.97323513,
wassim bouziane__2006-12-22,,,,1180862.5278114695,1180862.5278114695,
wataru endo__1993-02-09,,,,9747784.533992361,9768982.054017607,355265.83108988946
wes burns__1994-11-23,Wes Burns,MID,1750000.0,2413929.9211691758,2473570.2811651127,332426.4952285534
wesley hoedt__1994-03-06,,,,2149536.2607747503,2177858.2193594305,75638.15347825005
wesley said__1995-04-19,,,,6536859.304291711,6536859.304291711,1047517.6390637895
wessel dammers__1995-03-01,,,,1402466.8815978728,1403050.8409570856,39604.00083241528
weston mckennie__1998-08-28,Weston McKennie,MID,20749999.99999997,16855986.162182055,16409524.580578769,1198156.2110561552
wilder cartagena__1994-09-23,,,,1247158.914908166,1247158.914908166,
wilfred ndidi__1996-12-16,,,,7902851.266554877,7491562.453945078,954288.389401154
wilfried gnonto__2003-11-05,,,,10350502.37060573,10350502.37060573,424016.87360087014
wilfried kanga__1998-02-21,,,,2042837.8553042102,1936940.393949997,229914.42684059474
wilfried singo__2000-12-25,Wilfried Singo,DEF,26999999.999999993,25577899.888795417,24702401.250449955,2230997.282453874
wilfried zaha__1992-11-10,,,,9301608.196419576,9301608.196419576,34695.25881832122
wilguens paugain__2001-08-24,,,,364708.96730915795,364708.96730915795,58776.66004434329
wilitty younoussa__2001-09-09,,,,936714.7037535161,931500.6760363831,46824.6582926617
will collar__1997-02-03,,,,461185.02468667866,462646.3909275407,6024.859644597092
will dennis__2000-07-10,Will Dennis,GK,775000.0000000007,944939.518242614,944939.518242614,70336.18621373823
will ferry__2000-12-07,,,,1437653.1420493473,1437653.1420493473,
will fish__2003-02-17,,,,1812050.4886839155,1806758.7700517694,36032.69747050641
will hughes__1995-04-17,,,,7539360.764694995,7539360.764694995,524317.6399580315
will keane__1993-01-11,,,,1325509.9942348571,1293006.7841760386,189567.21136548105
will mannion__1998-05-05,,,,530853.6137662905,530853.6137662905,17645.956042083915
will norris__1993-08-12,,,,445347.382306466,445347.382306466,22191.436104320117
will smallbone__2000-02-21,Will Smallbone,MID,3200000.0000000023,3397568.218283025,3375019.7590308515,76322.45896937685
willem geubbels__2001-08-16,,,,5068147.43034374,5194784.105350154,259326.17781717854
willi orban__1992-11-03,Willi Orban,DEF,17749999.999999993,16619984.820320794,16366131.488054957,1943575.3860289992
william balikwisha__1999-05-12,,,,1631903.079053476,1643277.7113660467,131850.22899542932
william bving__2003-03-01,,,,4121221.46504626,3890591.0591794644,647327.7846680953
william clem__2004-06-20,William Clem,MID,2250000.000000001,1748027.4506998719,1755184.1820918296,145248.5648210121
william madsen__2002-04-05,,,,490855.41303839814,513520.5612457524,44333.281813990136
william martin__2007-04-23,William Martin,MID,437500.0000000004,456128.66949988855,431405.10278078617,104169.48003858555
william mikelbrencis__2004-02-25,,,,2500548.186335387,2500548.186335387,129932.9593292309
william osula__2003-08-04,,,,6012804.295226486,5983367.295703757,367462.0335650705
william saliba__2001-03-24,William Saliba,DEF,97750000.00000006,116118571.16927776,115872363.09461547,3417183.1461984552
william troostekong__1993-09-01,,,,1617288.085615592,1617288.085615592,67959.09558451214
willian pacho__2001-10-16,Willian Pacho,DEF,80999999.99999987,95881729.4095245,93323155.63082117,5748834.087307573
williot swedberg__2004-02-01,Williot Swedberg,MID,10750000.000000006,10928644.215750389,10423030.095865589,1310971.9496318572
willy boly__1991-02-03,,,,1240168.6987106502,1260753.3823755125,94859.22668624259
willy kambwala__2004-08-25,,,,5070039.931112194,5070039.931112194,
willy kumado__2002-10-16,,,,795735.891914174,792536.2187524121,9465.145746911016
wilson odobert__2004-11-28,,,,24962466.944995973,24694828.149377123,1188559.5145685417
wladimiro falcone__1995-04-12,Wladimiro Falcone,GK,12750000.000000002,14263766.04940258,13994056.32456111,581769.8995342354
wojciech szczesny__1990-04-18,Wojciech Szczęsny,GK,2449999.9999999995,5034643.394677887,5034643.394677887,302409.56342752685
wout faes__1998-04-03,,,,3889610.7536723437,3889610.7536723437,195470.84674934318
wout weghorst__1992-08-07,,,,7307981.255771829,7222921.465422345,559149.0145609275
wouter burger__2001-02-16,,,,9090526.991633339,9097321.136333844,50366.15494975381
wouter george__2002-03-03,,,,521034.759916516,527686.6672534054,55750.086672268684
wouter goes__2004-06-10,,,,16368375.785935074,16368375.785935074,2856677.1918067415
wouter prins__2004-02-06,,,,900668.1602015002,899637.4086333303,33311.43408959892
woyo coulibaly__1999-05-26,,,,3388909.73272339,3372437.7823400726,46887.69546858368
wylan cyprien__1995-01-28,,,,1018460.8917300735,1032281.1316368805,50639.581008341986
xander martle__2003-08-27,,,,317178.2601672468,317178.2601672468,8445.298371677174
xander severina__2001-04-12,,,,1165059.1689013108,1165059.1689013108,
xaver schlager__1997-09-28,Xaver Schlager,MID,14000000.000000007,15702757.810804231,15588112.340249406,873132.1081054185
xavi simons__2003-04-21,,,,44190875.78461361,45202726.45003764,3024734.7566460297
xavier chavalerin__1991-03-07,Xavier Chavalerin,MID,950000.0000000008,409916.1188874327,412089.42861416726,26539.365174346327
xavier mbuyamba__2001-12-31,,,,2132927.8004356907,2263412.012310009,249386.50713401462
xavier simons__2003-02-20,,,,1366318.4049755845,1474937.5754541,230977.65779121334
xherdan shaqiri__1991-10-10,Xherdan Shaqiri,MID,6250000.000000005,4160894.7104342002,4407595.085490205,1270899.7789020215
xian emmers__1999-07-20,,,,524399.4328546348,522337.7103819438,13482.4182657678
xizhe zhang__1991-01-23,,,,243816.98523146543,243816.98523146543,4616.331817938127
yacine adli__2000-07-29,,,,14935891.882683657,14742683.017536558,827087.1000689481
yadaly diaby__2000-08-09,,,,778153.6826240412,778153.6826240412,22466.476105258982
yahia fofana__2000-08-21,,,,3871490.662747687,3902495.159225502,468051.44829386205
yaimar medina__2004-11-05,,,,4675794.093132378,4675794.093132378,926893.0426269842
yakou meite__1996-02-11,,,,1217460.0702601797,1217460.0702601797,36541.90490894048
yalcn kayan__1999-01-30,,,,1309148.4903518658,1309148.4903518658,101575.33095480879
yan dhanda__1998-12-14,,,,860071.8209590169,860071.8209590169,51188.81805806971
yan diomande__2006-11-14,,,,11716001.782991013,11741665.631001148,244123.83970519292
yan valery__1999-02-22,,,,2546910.4628883363,2643379.2389160395,218141.22590329437
yangel herrera__1998-01-07,,,,26069789.182364475,25362267.6433888,1669488.3838837743
yanis begraoui__2001-07-04,,,,2926693.1712915734,2906180.047514211,101801.74770812194
yanis issoufou__2006-10-28,,,,692846.4065945932,685810.7348617206,142734.33734611096
yanis massolin__2002-09-20,,,,974266.4026795388,976021.6045564273,75694.67403414019
yanis zouaoui__1998-04-28,,,,1851614.6368707542,1855153.1591986166,157999.87203495088
yankuba minteh__2004-07-22,Yankuba Minteh,MID,36499999.99999996,40003312.31576853,41593366.77890141,3931747.050937103
yann bodiger__1995-02-09,Yann Bodiger,MID,1124999.9999999995,855509.96646473,857198.7273587816,40092.23129378864
yann gboho__2001-01-14,,,,8530932.539796727,8050775.792577079,921495.3140308528
yann karamoh__1998-07-08,,,,1711270.41866682,1711270.41866682,455653.89715422306
yann lienard__2003-03-16,,,,983336.595385305,983336.595385305,54150.2878103869
yann sommer__1988-12-17,,,,8224757.234856583,8462583.561783662,1013159.8188578109
yannick agnero__2003-02-20,,,,1429725.0204857741,1412076.2027550382,72495.97800119493
yannick cappelle__2003-07-07,Yannick Cappelle,DEF,1099999.9999999998,1009172.0545631347,1009172.0545631347,178672.86305737923
yannick carrasco__1993-09-04,Yannick Carrasco,MID,17749999.999999993,14544678.563533667,14451066.40835002,2099981.668370006
yannick gerritsen__2006-02-14,,,,226884.8394458551,226884.8394458551,
yannick leliendal__2002-04-23,,,,1511289.725208222,1511289.725208222,48679.340652669925
yannik engelhardt__2001-02-07,,,,2662447.4794510812,2673776.700343151,31007.704974107153
yannik keitel__2000-02-15,,,,2704709.3010458583,2704709.3010458583,165447.92178984478
yannis nahounou__2004-05-16,,,,519809.1682111657,523542.9685082302,25176.21238025405
yarek gasiorowski__2005-01-12,Yarek Gąsiorowski,DEF,11500000.000000019,11435119.079680514,11639496.185013046,1088908.723409199
yari verschaeren__2001-07-12,,,,3534700.3126418837,3534700.3126418837,95208.76423570502
yaser asprilla__2003-11-19,,,,6577034.347159025,6577034.347159025,263353.81047331914
yasin ayari__2003-10-06,,,,29946661.95679026,30958777.142663486,2113086.7720700167
yasin ozcan__2006-04-20,,,,3577957.6205814867,3421682.980960008,908658.5458940318
yasir subas__1996-01-01,,,,283566.18484082754,286718.4132451565,6049.564441810342
yassin belkhdim__2002-02-14,,,,4175007.86533083,4299274.039448026,318055.0767077768
yassin oukili__2001-01-03,,,,1081135.2686896534,1081135.2686896534,13009.451114578045
yassine benzia__1994-09-08,,,,3344644.798621876,3344644.798621876,
yassine kechta__2002-02-25,,,,6847089.292792287,6847089.292792287,
yassir zabiri__2005-02-23,,,,957527.8473774082,957527.8473774082,
yaya fofana__2004-06-12,,,,1583196.2962841133,1524602.3351816589,119386.99530387014
yeferson paz__2002-06-13,,,,1942660.5959977724,1852079.1605893131,147907.893805783
yehvann diouf__1999-11-16,,,,12917637.809027268,13109676.821384795,609131.3449641083
yerry mina__1994-09-23,,,,6095171.577727675,6133694.83282803,492678.9578546499
yerson mosquera__2001-05-02,,,,6163740.372896264,6256626.779726213,502556.67892824335
yevgen cheberko__1998-01-23,,,,1346091.4320618596,1350018.1797484895,34948.40148132835
yhoan andzouana__1996-12-13,,,,417430.59440509544,417430.59440509544,85830.19170190384
yigit efe demir__2004-08-02,,,,1010379.8962812494,1010379.8962812494,34981.704075189096
yigit emre celtik__2003-04-07,,,,225439.25484918716,225439.25484918716,3961.8157867368477
yira sor__2000-07-24,,,,3909755.1781575843,3909755.1781575843,
ylber ramadani__1996-04-12,,,,1416735.5632276854,1442682.1333407648,112297.81264980449
ylies aradj__2005-06-05,,,,682437.4153309993,682437.4153309993,138075.54728885661
yllan okou__2002-12-23,Yllan Okou,DEF,1650000.0000000007,1648892.74490428,1682857.1558798365,117199.10843066774
yoan severin__1997-01-24,,,,1088712.2338658408,1088712.2338658408,12976.332816598577
yoann barbet__1993-05-10,,,,1130295.1409344687,1105538.4895814175,107082.86045019707
yoann cathline__2002-07-22,,,,11341806.72569557,11816578.453737818,980597.4157378892
yoann salmier__1992-11-21,,,,793757.9990422844,793757.9990422844,137128.9354975829
yohan boli__1993-11-17,Yohan Boli,FWD,2199999.9999999995,1809504.3248659472,1774996.6030815397,141266.27138538373
yonis njoh__2004-01-17,,,,1298643.937919896,1267373.2234650303,100444.36439053746
yoram zague__2006-05-15,,,,1310441.1331479445,1310441.1331479445,
yorbe vertessen__2001-01-08,,,,3746397.0252134497,3746397.0252134497,
youba diarra__1998-03-24,,,,940792.9865080673,940792.9865080673,46380.15729010394
younes bakiz__1999-02-05,,,,1154331.8335886206,1154331.8335886206,135736.5805812763
younes ebnoutalib__2003-09-13,,,,3347576.1041754736,3280877.0896161785,332056.9063439303
younes namli__1994-06-20,Younes Namli,MID,1400000.0000000007,1437666.027886849,1437666.027886849,
younes taha__2002-11-27,,,,2098191.025503256,2098191.025503256,156644.44292042038
youri baas__2003-03-17,,,,11635175.891596993,11489438.195913795,641253.8058545843
youri regeer__2003-08-18,Youri Regeer,DEF,6000000.0,6770403.560769666,6810619.524819421,2010337.53932139
youri tielemans__1997-05-07,Youri Tielemans,MID,44500000.000000075,49509910.474074066,48235900.40668256,2751416.3100971784
yousef salech__2002-01-17,,,,1708058.0324355944,1695010.9117672397,82669.25658115311
youssef ait bennasser__1996-07-07,,,,1321696.8931298049,1321696.8931298049,47731.39673797557
youssef chermiti__2004-05-24,,,,3285526.877565749,3078203.6535105086,637548.1915683611
youssef el arabi__1987-02-03,,,,469820.4650536502,469820.4650536502,
youssef ennesyri__1997-06-01,,,,24597243.45221337,24597243.45221337,5271962.922564946
youssef hamdaoui__2008-03-20,Youssef Hamdaoui,MID,437500.0000000004,570711.6356217379,548897.2394687887,57173.34492006277
youssef maleh__1998-08-22,,,,2670231.9970762534,2670231.9970762534,
youssef maziz__1998-06-24,Youssef Maziz,MID,1899999.9999999993,2470881.387745077,2448241.3802912747,297942.7075131668
youssouf fofana__1999-01-10,,,,30144098.819649596,29232862.336645894,2792990.820502252
youssouf ndayishimiye__1998-10-27,,,,11624749.803361585,11624749.803361585,
youssouph badji__2001-12-20,,,,736884.3459875183,744384.4411288578,75269.37492427918
yuki kobayashi__2000-07-18,,,,735044.2340579173,735044.2340579173,19061.744119495794
yukinari sugawara__2000-06-28,,,,6680738.645106045,7011502.788091893,772674.8629351504
yuning zhang__1997-01-05,,,,706528.7023320373,706528.7023320373,27152.845928782222
yunus akgun__2000-07-07,,,,20562917.97513308,20746183.255374722,781274.9355372821
yunus emre cift__2003-09-01,,,,975361.8569338683,975361.8569338683,
yunus emre konak__2006-01-10,,,,991594.8811473424,986307.9886444107,28302.65062936452
yunus musah__2002-11-29,,,,11234420.4564897,12204992.077447247,1994526.2696743521
yussuf poulsen__1994-06-15,,,,2970880.8044936545,3001514.99367656,122591.38661365231
yusuf akcicek__2006-01-25,,,,1316960.9774011278,1414256.6178294895,188824.2984354781
yusuf baras__2003-03-31,,,,875599.7667720147,876711.7136836643,12581.642817919594
yusuf demir__2003-06-02,,,,907121.6011047786,903248.0175076356,47316.28961261035
yusuf kabadayi__2004-02-02,,,,1892617.0012825998,1919975.3066208106,215670.00272296375
yusuf sar__1998-11-20,,,,4357596.390684983,4357596.390684983,79359.27058518518
yusuf yazc__1997-01-29,,,,4404118.190059077,4378989.179328913,393956.7047922434
yuto tsunashima__2000-08-15,,,,440109.1406260119,440109.1406260119,48296.78487153364
yvan neyou__1997-01-03,,,,4597352.256796585,4597352.256796585,147020.18777695004
yvandro borges sanches__2004-05-24,,,,942128.7092712927,942128.7092712927,
yves bissouma__1996-08-30,,,,13318711.84860392,13318711.84860392,
zac williams__2004-03-27,,,,489430.6645087714,489430.6645087714,93017.27837977333
zach abbott__2006-05-13,,,,899844.4316368416,889241.7793339931,105720.3004649889
zach booth__2004-02-17,,,,952051.4311802149,954445.5071763054,23239.779357140334
zach hemming__2000-03-07,,,,469393.3547229392,474658.91442173923,46688.73179871832
zach robinson__2002-06-11,,,,367326.6679057727,367326.6679057727,30403.427455029945
zacharie boucher__1992-03-07,,,,257396.54747988688,260967.4118626642,18896.70692589533
zachary athekame__2004-12-13,,,,2339784.610844857,2228883.6617067195,261504.08720626606
zachary braultguillard__1998-12-30,,,,479911.0063783031,474481.5936856001,34932.87029620548
zack steffen__1995-04-02,,,,1793194.5852117639,1683288.403203897,221076.04027546215
zafer gorgen__2000-06-21,,,,783844.3934785448,783844.3934785448,
zaid romero__1999-12-15,Zaid Romero,DEF,2900000.0000000014,2861191.9004357085,2852182.02360186,321736.4659213358
zaidu sanusi__1997-06-13,,,,1174877.1821271682,1174877.1821271682,
zak jules__1997-02-07,,,,499920.2268019,499920.2268019,
zak sturge__2004-06-15,,,,1283630.6682324158,1283630.6682324158,223454.0181783244
zak swanson__2000-09-28,,,,1651623.7089314763,1558049.4186701276,195916.98974321326
zak vyner__1997-05-14,,,,1578489.3128726953,1578489.3128726953,179352.8437697317
zakaria aboukhlal__2000-02-18,,,,7555568.957803753,7760876.272643609,848786.8977070098
zakaria el ouahdi__2001-12-31,Zakaria El Ouahdi,DEF,19499999.99999998,20373131.25229074,20373131.25229074,239853.09063243703
zakaria labyad__1993-03-09,Zakaria Labyad,MID,1099999.9999999998,1397758.5511691417,1385274.7375771604,35943.00251890732
zan celar__1999-03-14,,,,1637780.596054731,1637780.596054731,
zan majer__1992-07-25,Žan Majer,MID,987499.9999999999,524681.5134534816,509703.9833278569,54379.73232735959
zan rogelj__1999-11-25,,,,1148994.7301185192,1156146.4685571499,33861.688035180094
zan zaletel__1999-09-16,,,,1049514.3134695257,1042004.0916486112,41124.13024941165
zan zuzek__1997-01-26,,,,721502.6092240715,729640.5158029314,36448.56728073789
zander clark__1992-06-26,,,,557233.6686143627,584816.9998975595,56636.24388446572
zaydou youssouf__1999-07-11,,,,9656458.517414298,10643009.93783131,2045269.3566763944
zeki amdouni__2000-12-04,,,,12570522.251339445,12667057.933965819,521890.8386890515
zeki celik__1997-02-17,Zeki Çelik,DEF,9249999.999999987,10481230.86588576,10390316.443737999,1009710.0988405026
zeki yavru__1991-09-05,,,,825055.2218370844,814852.8793932152,33140.79455489624
zeno debast__2003-10-24,Zeno Debast,DEF,25999999.999999985,27066063.036366634,28000536.80252733,2551050.0136387944
zeno ibsen rossi__2000-10-28,,,,268942.3169453401,268942.3169453401,
zeno van den bosch__2003-07-06,,,,10547879.666537449,10998966.740913518,1127007.5255184008
zhenao wang__1999-08-10,,,,320626.65107029607,320626.65107029607,18927.80940540459
zian flemming__1998-08-01,,,,8592572.587735137,8980441.38775413,939052.9957070193
zico buurmeester__2002-06-07,,,,2474668.8398218467,2474668.8398218467,279009.05189776834
zidan sertdemir__2005-02-04,,,,1475733.8317665213,1476146.7976547638,156679.13419749597
zidane iqbal__2003-04-27,,,,2137889.000542237,2137889.000542237,
zie ouattara__2000-01-09,Zié Ouattara,DEF,775000.0000000007,1103175.072193265,1088912.406274023,51042.11608631852
zion suzuki__2002-08-21,,,,5408674.856843841,5408674.856843841,
zlatko tripic__1992-12-02,,,,4671849.65366732,4671849.65366732,12908.935072949502
zorhan bassong__1999-05-07,,,,685747.7944507605,726726.8989694482,98416.38741610496
zuriko davitashvili__2001-02-15,,,,3681296.817460095,3681296.817460095,
zvonimir sarlija__1996-08-29,Zvonimir Šarlija,DEF,1350000.0,1640680.4962898996,1640680.4962898996,101175.49522055188
