player_id,player_name,position_group,actual_value,pred_run_1,pred_run_2,pred_run_3,pred_run_4,pred_run_5,pred_run_6,pred_run_7,pred_run_8,pred_run_9,pred_run_10,pred_run_11,pred_run_12,pred_run_13,pred_run_14,pred_run_15,predicted_value_mean,predicted_value_std,predicted_value_median
aaron anselmino__2005-04-29,Aaron Anselmino,DEF,5750000.000000005,12119530.444521656,,,,,,9660804.349702636,,,,10099736.64103568,,,,9633855.223531207,10378481.664697794,1180180.622798283,9880270.495369159
aaron bouwman__2007-08-28,,,,,,,,2249041.3167796973,,,,,,2125487.9999948866,,,,,2187264.658387292,87365.38813662935,2187264.658387292
aaron connolly__2000-01-28,,,,,,1803542.738068139,,,,,,,,,,,,,1803542.738068139,,1803542.738068139
aaron cresswell__1989-12-15,,,,,,,,,,,,,724550.9195277938,,,,,752669.5433827024,738610.2314552481,19882.86960543971,738610.2314552481
aaron donnelly__2003-06-08,,,,,,,536341.5713639704,,624616.4202428232,,,,,,,645217.3653057156,,557238.6705721171,590853.5068711565,52271.31704031152,590927.5454074701
aaron escandell__1995-09-27,,,,,,,6506227.496469773,,,,7665419.95409058,,6262154.86436369,,,,,,6811267.438308015,749716.7815909303,6506227.496469773
aaron hickey__2002-06-10,Aaron Hickey,DEF,11749999.999999994,10190397.152584746,,,9272846.021710958,,,,10360990.22487651,,,,8883661.755050153,,,9112843.73832026,9564147.778508525,666846.9541788362,9272846.021710958
aaron mceneff__1995-07-09,,,,,,285957.47540438076,,269144.7920143866,,,,,256092.92748956094,,,,261463.54403289483,,268164.6847353058,13015.076127139771,265304.16802364076
aaron mcgowan__1996-07-24,,,,,,,,,,,,,,,,457503.50294572057,,,457503.50294572057,,457503.50294572057
aaron meijers__1987-10-28,,,,,,168521.1564272696,,,,,,153472.48052480194,,,,,,182402.07037784086,168131.90244330416,14468.722516666352,168521.1564272696
aaron nemane__1997-09-26,,,,,,,,,,,312229.5498047802,,,,369653.6198490895,,373621.64282225806,,351834.9374920426,34356.60565266399,369653.6198490895
aaron ramsdale__1998-05-14,,,,,,,,7917088.871244937,,8498469.976643974,,,,,,,,,8207779.423944456,411098.52208138985,8207779.423944456
aaron ramsey__2003-01-21,Aaron Ramsey,MID,9299999.999999993,3494310.652217205,,,,,,,,,3069991.2290778263,,,,3403712.076556623,,3322671.3192838845,223466.88002439638,3403712.076556623
aaron rowe__2000-09-07,,,,,,,,,,,,,,269542.53610949015,,260020.3033196368,262083.1624584438,,263882.00062919024,5009.50031434677,262083.1624584438
aaron wanbissaka__1997-11-26,Aaron Wan-Bissaka,DEF,18500000.000000034,19011546.36846137,17415347.459813606,,,,,,,,,18198762.551683538,,,18066233.78524549,,18172972.541301,655555.77295833,18132498.16846451
aaron zehnter__2004-10-31,,,,,,,5424712.594769647,,,,7446094.273124262,7931958.853665876,,,,,,,6934255.240519929,1329682.4234230851,7446094.273124262
abakar sylla__2002-12-25,,,,,3580323.028208202,,,,,3247622.3999941107,,,,,3753017.354928301,,,,3526987.5943768714,256884.24726852233,3580323.028208202
abbosbek fayzullaev__2003-10-03,,,,,,,,,,,,,,,,,,1047561.1195074819,1047561.1195074819,,1047561.1195074819
abdallah sima__2001-06-17,,,,,,,,7257019.426803944,,,,,6983731.616730774,,,,,6925697.536419213,7055482.859984644,176931.42582194065,6983731.616730774
abdelhamid ait boudlal__2006-04-16,,,,,3109018.959821979,,,3018335.7096263436,,,,2785374.1857645903,,,3136704.4142824807,,3805458.2211279944,3115968.5402017096,3161810.005137516,341200.9526927693,3112493.7500118446
abdelhamid sabiri__1996-11-28,Abdelhamid Sabiri,MID,2649999.999999999,3848301.439616045,,,,3608736.5092368205,,,4022855.8825100483,,,,,,,4300001.073847117,3944973.726302508,291267.9436036884,3935578.6610630467
abdelkahar kadri__2000-06-24,,,,,,,,,,,,,,,6153414.2519550845,5717163.326886983,,5986283.616250052,5952287.065030706,220103.4791337948,5986283.616250052
abdellah baallal__2004-11-07,Abdellah Baallal,MID,299999.99999999977,472847.85948788776,,,,,,443099.01708883315,,441600.3547568828,,,,,,,452515.74377786793,17624.065766176904,443099.01708883315
abdellah zoubir__1991-12-05,,,,,,,909514.2207623764,,,,,,,1008853.7233582735,,,1098117.7652727743,784309.6382536826,950198.8369117767,134777.4329455368,959183.972060325
abdenego nankishi__2002-07-06,,,,,590796.8466945097,,,,,,429224.5565298481,,,,609414.8685241659,,,,543145.4239161746,99096.5726135477,590796.8466945097
abdou harroui__1998-01-13,,,,,,,,,,,,2048521.3938141759,,,,,,,2048521.3938141759,,2048521.3938141759
abdoul kader ouattara__2005-05-26,Abdoul Kader Ouattara,MID,950000.0000000008,803716.6082060991,,,,,,,,736245.9056072988,,,,,,892245.7534419006,810736.0890850994,78236.45547289777,803716.6082060991
abdoul ouattara__2005-10-22,,,,,,,,3173112.294316207,,,,,,,,,4547041.399053234,4086585.330021717,3935579.674463719,699301.3136114842,4086585.330021717
abdoulaye bamba__1990-04-25,Abdoulaye Bamba,DEF,337500.00000000006,386150.6017249901,,,364106.9408625978,,389450.1497156971,,390238.9189522399,,,,,,413161.32286033855,,388621.5868231727,17411.02063625314,389450.1497156971
abdoulaye camara__2006-12-21,,,,,,,880422.8069503391,,,,,,,761549.7888397033,,,,,820986.2978950213,84055.91720614185,820986.2978950213
abdoulaye doucoure__1993-01-01,Abdoulaye Doucouré,MID,6650000.000000001,3179060.1244451087,3746347.511176568,,,,,,,3718671.7861299105,,,,,,3758752.687352802,3600708.0272760973,281597.45276679855,3732509.648653239
abdoulaye faye__2004-09-22,,,,,,,,,,,2359799.9908055575,,,,,,,,2359799.9908055575,,2359799.9908055575
abdoulaye kamara__2004-11-06,,,,,,,,,,,,,716042.240384909,,819839.7152550903,778033.2190391169,,,771305.0582263721,52224.80309487146,778033.2190391169
abdoulaye ndiaye__2002-04-10,Abdoulaye Ndiaye,DEF,6499999.999999999,6416219.243899223,,,,6363271.411513521,6549611.741729826,,,,,,,,,,6443034.132380857,96020.61419035067,6416219.243899223
abdoulaye toure__1994-03-03,,,,,,,,,,3462996.3693137425,3118034.49648783,,,,,,3817167.1338058384,,3466065.9998691366,349576.42671470065,3462996.3693137425
abdoulie sanyang__1999-05-08,,,,,,,,,,1325832.5237368145,,,,,,,,1288740.732180126,1307286.6279584703,26227.85733609236,1307286.6279584703
abdoullah ba__2003-07-31,,,,,,,,,,,,,,,877778.1708251118,,838305.4399970077,,858041.8054110598,27911.435640503678,858041.8054110598
abdukodir khusanov__2004-02-29,,,,,33504443.184714403,,,30333142.590279374,,30745469.57723753,31846613.20636225,,,,,,,24089674.249984797,30103868.56171567,3578959.9860006752,30745469.57723753
abdul fatawu__2004-03-08,,,,,,,,,,12726830.077130884,,,12783558.969369505,,,,,,12755194.523250194,40113.38439112958,12755194.523250194
abdul mumin__1998-06-06,,,,,,,10650975.39066947,,,12431826.512116807,10611756.450576676,,11228490.064888543,,,,,,11230762.104562875,848897.619765649,10939732.727779007
abdulkadir omur__1999-06-25,,,,,3071870.9747664626,,1729473.4355933955,,3850625.563315485,,2643390.5380643713,,,3207550.5424643476,3485206.470702222,,,,2998019.5874843807,741433.2552388913,3139710.7586154053
abdulkerim bardakc__1994-09-07,Abdülkerim Bardakcı,DEF,13249999.99999999,12904077.556855053,12743677.442356853,,9219793.715091236,,,,,,,,13200295.2715159,,,,12016960.99645476,1874345.8762055363,12823877.499605954
abdullah yigiter__2000-02-20,,,,,,,,,,,,,,,,689347.4985931917,,,689347.4985931917,,689347.4985931917
abdurrahim dursun__1998-12-01,Abdurrahim Dursun,DEF,387499.99999999977,412266.9938758778,,417388.0024816413,,,399305.5759393683,,,404419.49746898253,,,,,,,408345.0174414675,8047.332628747848,408343.24567243014
ablie jallow__1998-11-14,,,,,,,1467760.555801096,1866020.9086754455,,,,,,1564406.9731047289,,,,,1632729.479193757,207734.929168434,1564406.9731047289
aboubacar lo__2000-01-02,,,,,,,,,783415.468755877,,,,813750.7631378331,807589.6587509076,,,,,801585.2968815393,16034.238129818586,807589.6587509076
aboubakary koita__1998-09-20,,,,,4376787.866425263,,,4226465.339167429,,5233042.15241223,4901116.347603945,4440432.460071753,2488171.111430839,,,,,,4277669.21285191,953170.0223230171,4408610.163248507
abu francis__2001-04-27,,,,,,,,1949561.943301017,,,,,,,,,,,1949561.943301017,,1949561.943301017
abu kamara__2003-07-21,,,,,,2072671.4729268535,,,2179476.326631938,2180024.5123198526,,,,,2238518.8973186277,2159663.862734075,2036487.4655526208,,2144473.756247328,75340.38884037247,2169570.0946830064
achraf hakimi__1998-11-04,,,,,,108802550.70073082,111772480.53715985,112264717.35943149,,,,,,,,,,124298993.90551013,114284685.62570807,6849126.948311476,112018598.94829567
achraf laaziri__2003-07-08,,,,,1123618.4563958158,1114408.1515180247,853649.7611993669,,,,,1200875.5827896905,,,,,,,1073137.9879757245,151375.3380541304,1119013.3039569203
adam armstrong__1997-02-10,,,,,,,4645957.330809534,,4520943.341487727,4001623.3227724866,,,,4748962.796491443,,,,,4479371.6978902975,331864.3523184211,4583450.336148631
adam aznou__2006-06-02,,,,,,1795312.5051604272,,,,,,2101183.3079506205,,,2235148.6047015875,,,1772835.3888863341,1976119.9516747424,228584.50833698988,1948247.9065555239
adam boayar__2005-10-13,,,,,695678.1550568612,,,,,,686215.4673199183,,772384.5423252466,,,,,,718092.721567342,47255.549575769925,695678.1550568612
adam carlen__2000-06-27,,,,,,,,,,,876060.1048584711,922384.496958538,812307.4595680608,947019.4924968279,,888706.6242476369,,,889295.6356259069,51306.972864704345,888706.6242476369
adam daghim__2005-09-28,,,,,2659791.730227065,,,,,2412770.2094711303,,2764427.7877867348,,3009352.1152868597,2986587.4571081237,,2704255.2679590853,,2756197.4279731666,222337.08687902137,2734341.52787291
adam davies__1992-07-17,,,,,,563929.520478172,,,,,,,,,,580274.5452553002,,,572102.0328667362,11557.67785856952,572102.0328667362
adam frizzell__1998-02-21,,,,,231506.73381559018,,,289480.16893526126,,,,,214555.71749284992,,,,,264086.31908936135,249907.23483326568,33443.34393046215,247796.52645247575
adam gabriel__2001-05-28,,,,,1280803.2764059047,,1274626.7816670549,,,,,,1255019.679930537,,1241777.9503104503,1193522.2133428056,1395828.5648678683,,1273596.4110874368,67473.0857752802,1264823.2307987958
adam gnezda cerin__1999-07-16,,,,,,,,,3867380.3044946566,3918519.8428842896,,,,,3616205.318209808,3732260.3617002736,3833921.0054138536,3837893.5672477023,3801030.066658431,109120.47751505034,3835907.286330778
adam hlozek__2002-07-25,,,,,,21176963.48806149,15119193.60140448,,,,,,,18756237.283020154,,18681427.414703038,,,18433455.446797293,2495118.3113545496,18718832.348861597
adam idah__2001-02-11,,,,,,,,,,,3143171.808197611,,,3163359.1723455186,,2934955.814951585,,3265322.7554690754,3126702.3877409473,138560.83645012148,3153265.4902715646
adam jackson__1994-05-18,,,,,,,,,,,530910.9248583865,,,,,442073.0014300457,454550.2680397986,,475844.7314427436,48095.05991762001,454550.2680397986
adam jakobsen__1999-04-07,,,,,,,,,,1163638.8210101214,1295479.4424723333,1210092.9813485402,,1139272.886360574,,,,,1202121.032797892,68823.72351478908,1186865.901179331
adam karabec__2003-07-02,,,,,,,,,,,,5557696.939368218,,4976933.66038749,,,5425353.097520113,,5319994.565758607,304379.38779476675,5425353.097520113
adam lewis__1999-11-08,,,,,,,,,,400832.34140887804,,,,,,,,359968.8477276212,380400.59456824965,28894.853484990344,380400.59456824965
adam marusic__1992-10-17,,,,,,6930291.429252542,,,,,,,,,,,,,6930291.429252542,,6930291.429252542
adam matthews__1992-01-13,,,,,,,,,,,236251.86812954245,,169361.05807551698,,242605.78800657613,251245.09402240615,,170916.8520286235,214076.13205253304,40464.17417383978,236251.86812954245
adam montgomery__2002-07-18,,,,,,,,,,,,,,,,623394.8534057081,,,623394.8534057081,,623394.8534057081
adam nagy__1995-06-17,,,,,,,,,,,1144105.0605082845,1289751.8945760517,,,,,,,1216928.477542168,102987.8640276701,1216928.477542168
adam nhaili__2005-08-09,,,,,,,,309891.5090792004,,374103.69969674014,,311017.59497304837,,,347023.40153172665,,,288305.8837961113,326068.41781536536,34134.76332135775,311017.59497304837
adam obert__2002-08-23,,,,,,,,,,,,,3082230.0883983644,,,,3505521.7263624338,2880472.332650035,3156074.7158036116,319000.7176990736,3082230.0883983644
adam phillips__1998-01-15,,,,,,,,,,,,,,669725.8086599447,,684243.1495845059,670565.5700568178,645333.5811741508,667467.0273688547,16186.730952217493,670145.6893583813
adam reach__1993-02-03,,,,,529520.9354237975,,,540203.3496614818,,,,,469182.6157606284,509374.3182885216,,,,496852.3105906726,509026.70594502037,27963.748025609995,509374.3182885216
adam smith__1991-04-29,Adam Smith,DEF,800000.0000000005,1351903.980998698,,1601769.30294323,1204955.8294708775,1301753.3067666662,1276013.2168444616,,1437520.782220119,1332479.1629691424,,,,,,1379781.8277948452,1360772.176251005,119616.35818035922,1342191.5719839202
adam srensen__2000-11-11,,,,,,,,899124.1802840935,936857.7098885521,,848969.9243290267,,,872853.6858652589,,,,894076.0757862739,890376.3152306409,32681.283511670536,894076.0757862739
adam stahl__1994-10-08,,,,,,,1032189.3574179151,,,,,,,,,,986637.8426691475,,1009413.6000435313,32209.784972172605,1009413.6000435313
adam taggart__1993-06-02,,,,,,,1232265.4636820834,,,,,1354957.6903224709,1360828.0475409362,,,1335349.0072637515,,,1320850.0522023104,60052.81039941047,1345153.3487931113
adam webster__1995-01-04,,,,,,,5690355.682627674,,,,4763721.13994785,5735946.5974480165,,,4495824.995291644,,,5953348.469058546,5327839.376874747,651864.3486608263,5690355.682627674
adam wikman__2003-12-15,,,,,,,,,,570274.9307568535,,,,632443.8753441182,,,,,601359.4030504859,43960.08229686556,601359.4030504859
adam zrelak__1994-05-05,,,,,,,,,,,,,,,,511796.1874192729,,,511796.1874192729,,511796.1874192729
adama bojang__2004-05-28,,,,,910110.1949758966,,,,,,,,826658.8617299511,902114.2982481313,,,,,879627.7849846598,46046.32139696587,902114.2982481313
adama camara__1996-10-18,Adama Camara,MID,2199999.9999999995,2202816.9637496048,,,,,,,2345594.3725862075,,1930917.3569404276,,,,2153954.544715077,,2158320.809497829,172029.73548991865,2178385.754232341
adama diakhaby__1996-07-05,,,,,,516758.81837101944,,511877.3434110162,474024.14533489395,,,,,,,,,,500886.76903897646,23391.400420809336,511877.3434110162
adama traore__1990-02-03,Adama Traoré,DEF,175000.00000000012,108890.43957005713,147370.50918889805,,,,,,,151214.82798524102,,,,,,111018.53508493371,129623.57795728248,22782.641737188755,129194.52213691588
adedire mebude__2004-05-28,,,,,,,,,1052590.637547538,,,,,,,,,,1052590.637547538,,1052590.637547538
adem arous__2004-07-17,Adem Arous,DEF,537500.0000000003,459556.88396626734,,,,484650.8464529679,455978.3891200597,461838.49487880676,,468008.71513556386,,,451605.9015976672,,,,463606.5385252221,11695.911127085323,460697.68942253705
adem zorgane__2000-01-06,Adem Zorgane,MID,12499999.999999985,19444200.939879797,17293937.058989793,,,,,,,,,,,17570012.617076136,17325212.48041939,,17908340.77409128,1031320.0154327132,17447612.548747763
ademola lookman__1997-10-20,,,,,,,,,36471731.658963405,32796002.37282762,,,,33628589.84788209,,,,32014827.043506153,33727787.73079482,1944353.0861125453,33212296.110354856
ademola olaadebomi__2003-09-03,,,,,,,,,,,,,652785.7428063202,,,,,,652785.7428063202,,652785.7428063202
adil demirbag__1997-12-10,Adil Demirbağ,DEF,1849999.9999999995,1555280.1070627307,,,,,1724420.30687023,1669409.7184096128,,1612430.1829822608,,,,,,,1640385.0788312084,72866.73149402163,1640919.9506959368
adil lechkar__2001-09-02,,,,,,287991.8246464043,,,,,,301966.5608942912,,,,,268807.2599522968,,286255.2151643308,16647.722640360113,287991.8246464043
adilson malanda__2001-10-29,,,,,,,2381418.0980200004,,,2500763.3164915727,2257465.5787783107,,,,2752623.279435871,,2220260.6241098884,2328156.6798283313,2406781.262777329,196137.4845429655,2354787.3889241656
adnan januzaj__1995-02-05,,,,,,3170416.0992308236,2844937.5540563343,,,,,,,,,,3494716.469210429,,3170023.3741658623,324889.63559867616,3170416.0992308236
adnane abid__2003-08-23,,,,,,,1373538.8032554036,,,1361052.5856829265,1183779.6383982876,,,,,,,,1306123.6757788726,106136.81745395088,1361052.5856829265
adrian bajrami__2002-04-05,,,,,,,1676346.8950934454,,,,1518123.4290936757,1744262.1895736854,,,,,,,1646244.1712536023,116035.83599385235,1676346.8950934454
adrian balboa__1994-01-19,,,,,,,,,,,1639853.7167294435,,,,,,,,1639853.7167294435,,1639853.7167294435
adrian beck__1997-06-09,,,,,,,2108547.784074615,2103662.567526861,,2065495.98595981,,,,2128239.8518220275,,,,2409862.297079551,2163161.697292573,139769.57676503996,2108547.784074615
adrian benedyczak__2000-11-24,,,,,,2561464.9971078425,,,,,,,,2653394.5224171267,,,,,2607429.7597624846,65003.99073745522,2607429.7597624846
adrian blake__2005-07-15,,,,,1708796.3944624607,,1687890.8778117409,,,,,,,,,,,,1698343.6361371009,14782.432587932251,1698343.6361371009
adrian fein__1999-03-18,,,,,,,,643324.8565192677,623747.5224595098,566984.4111550894,597766.5926520585,,,,,608464.9791168497,,,608057.6723805551,28648.86856851848,608464.9791168497
adrian grbic__1996-08-04,,,,,,1081918.0972807568,,,,,,,,,,,,,1081918.0972807568,,1081918.0972807568
adrian palacios__2004-06-07,Adrián Palacios,DEF,725000.0000000006,508843.6867285004,,,,,645114.2091562478,,,560177.744980763,,,,,,,571378.5469551703,68822.28777318593,560177.744980763
adrian przyborek__2007-01-01,,,,,,,,,1878815.612719225,,,1667217.9062056101,,,,,,1575493.5110774564,1707175.6766674304,155558.80528373984,1667217.9062056101
adrian semper__1998-01-12,,,,,,,1543911.5731017105,,,,,,,,1657689.4957498328,,,1711734.368623272,1637778.4791582718,85664.80672043817,1657689.4957498328
adrian sporle__1995-07-13,,,,,,1345830.2100816278,1375208.248104518,,,,,,,,,,,,1360519.229093073,20773.40990394191,1360519.229093073
adriano bertaccini__2000-08-13,,,,,14403848.49043529,,21111121.866274405,12099929.166864386,,,14440848.43547842,,,,,17132462.596707307,,,15837642.111151963,3444685.892451022,14440848.43547842
adrien hunou__1994-01-19,Adrien Hunou,MID,999999.9999999997,427901.9992690664,,,,495368.825030099,,465356.80548771226,,,483942.9130663832,,,,,500818.44038665685,474677.7966479835,29462.477787312866,483942.9130663832
adrien lebeau__1999-07-08,,,,,969816.6099722635,1008343.0892546579,,,,,,,,,,,,,989079.8496134607,27242.334755824115,989079.8496134607
adrien rabiot__1995-04-03,,,,,,,31677897.675290927,,36678739.27373817,32217451.06200925,33416772.607784033,,,,,,,,33497715.154705595,2241746.190450639,32817111.83489664
adrien tameze__1994-02-04,Adrien Tameze,DEF,4000000.0000000005,2599827.196514582,,,2816504.95149325,,,,,,,,2875160.4627550375,,,,2763830.87025429,145027.65598476678,2816504.95149325
adrien thomasson__1993-12-10,,,,,,,8323740.977685044,,,,,,,,,,,,8323740.977685044,,8323740.977685044
adrien truffert__2001-11-20,,,,,,,,,,,,21486502.735410567,,23090088.501083516,,,,,22288295.61824704,1133906.3691215636,22288295.61824704
adrion pajaziti__2002-11-16,,,,,,,,,,1995083.9620695633,,,,1987285.223136169,,,,,1991184.5926028662,5514.541184506744,1991184.5926028662
afeez aremu__1999-10-03,Afeez Aremu,MID,950000.0000000008,1241737.2402838075,,,,,1142295.0353811462,,1257128.8958864214,,,,1183786.1192454593,,1136927.683807662,,1192374.9949208994,55420.83182360266,1183786.1192454593
afimico pululu__1999-03-23,,,,,,,,,,,,2143683.401640395,,,2257806.9535832983,,,,2200745.1776118465,80697.53747192197,2200745.1776118465
agon mucolli__1998-09-26,,,,,,,,495192.908492432,,,,494248.27119840635,,,487429.2079725758,,499729.3328642661,,494149.9301319201,5079.216344367359,494720.58984541916
agustin albarracin__2005-08-29,,,,,,1853126.3176490455,,1838941.5825186453,,,1114083.9138106783,,1280243.1574338782,,,,,,1521598.7428530618,380761.45867616497,1559592.3699762616
agustin alvarez__2001-05-19,,,,,,,,,,,3867785.5361786042,,,,,,,,3867785.5361786042,,3867785.5361786042
agustin anello__2002-04-22,,,,,,,,,,1567333.4187672543,,,,,1557186.9038960477,,,,1562260.161331651,7174.669470840336,1562260.161331651
agustin martegani__2000-05-20,Agustín Martegani,MID,2050000.000000001,2007505.531972675,,2535039.2674294584,,2161308.244325683,,,,,2077387.7885279641,,,,,,2195310.208063945,235051.95220518194,2119348.0164268236
agustin moreira__2001-05-28,,,,,780403.5231965616,,,,,804528.2775338668,,,688100.3220441547,,,,,,757677.3742581945,61451.00153012342,780403.5231965616
agustin rogel__1997-10-17,Agustín Rogel,DEF,1400000.0000000007,1236564.8082459546,,,1217908.9874784865,,,,,,,1098639.93020491,,,1280592.7157315332,1212621.5259706166,1209265.5935263003,67373.61021436942,1217908.9874784865
ahmad benali__1992-02-07,,,,,,,,814014.4092276231,,,,,,,,,,,814014.4092276231,,814014.4092276231
ahmed abdullahi__2004-06-19,,,,,,358312.51509075996,349781.28075389855,,,,,336748.0074812636,,369725.8798026105,,,,,353641.9207821331,13914.225778114953,354046.89792232926
ahmed kutucu__2000-03-01,,,,,,,2201083.502218067,,,,,2036596.5195888784,,,,1786866.7171849355,,,2008182.2463306272,208565.1323792926,2036596.5195888784
ahmed sidibe__2002-02-10,Ahmed Sidibé,DEF,700000.0000000006,826532.9699684829,,,,,,,,,756338.3751609996,,,,,,791435.6725647412,49635.07399101343,791435.6725647412
ahmed touba__1998-03-13,,,,,,2063304.9847988465,,,,,,2204868.555184222,,,,2176535.8957255823,,,2148236.4785695504,74904.63185672912,2176535.8957255823
ahmet arslan__1994-03-30,,,,,,,586275.5207847374,,,,669275.5476841381,748318.651608497,,,,,,,667956.5733591242,81029.61700356266,669275.5476841381
ahmet gurleyen__1999-04-26,,,,,1126485.5523733515,,,1238587.8886017823,,,,,1168855.141917326,1101893.6017556495,,,1085211.9487010136,,1144206.8266698248,61441.37955772873,1126485.5523733515
ahmet oguz__1993-01-16,Ahmet Oğuz,DEF,925000.0000000007,1288351.3772047998,,,,,,,,,,,,,,,1288351.3772047998,,1288351.3772047998
ahmet sagat__1996-05-27,,,,,,427378.80282410036,,,,471556.73756317474,,,422342.5712197648,,,,,,440426.03720234666,27077.320508312376,427378.80282410036
ahmet sivri__1999-07-06,,,,,,,,,,,,,,,307438.123104566,,,294928.27587712236,301183.19949084416,8845.797806133134,301183.19949084416
ahmetcan kaplan__2003-01-16,,,,,3170586.239302206,3535304.22532981,3133221.5649208566,,,,,,3295863.6246312433,,3729910.0043427427,3526644.0692912955,,,3398588.287969692,235720.34225105474,3411253.846961269
aidan denholm__2003-11-09,,,,,,,,,,,,564522.0656676961,,,,,,,564522.0656676961,,564522.0656676961
aidan keena__1999-04-25,,,,,502287.9754814109,,,,,,,,,,483426.9751806031,,,,492857.47533100704,13336.741212662722,492857.47533100704
aidan nesbitt__1997-02-05,,,,,,,227694.1182165911,,,,,,212019.94876512684,,,233973.18079372175,,,224562.41592514655,11306.713428623305,227694.1182165911
aiden oneill__1998-07-04,,,,,,,,,,,1549128.7685433053,,,1688786.6252936646,,,,,1618957.696918485,98753.0175541585,1618957.696918485
aiham ousou__2000-01-09,,,,,,,2476853.910585712,3070387.59322573,,2997020.216048223,3328967.15036455,,,,2765113.058830535,,,,2927668.38581095,322442.6586065049,2997020.216048223
aimar sher__2002-12-20,,,,,,,,,1484836.1147591968,,,,1326061.8813325565,1447819.0112195406,,,,,1419572.3357704312,83070.57424563647,1447819.0112195406
aime omgba__2002-10-22,,,,,1262842.035659188,,1075720.944171957,,,,,,,,,1269440.694710139,,,1202667.8915137614,109988.77740419612,1262842.035659188
aimen moueffek__2001-04-09,,,,,1817249.1468519636,,1884657.7117079706,,,,,,,,,,,1784293.9526277268,1828733.6037292203,51157.99640822029,1817249.1468519636
ainsley maitlandniles__1997-08-29,Ainsley Maitland-Niles,DEF,11000000.000000013,11005467.997952295,,,6220353.714073927,,,11790533.403872015,,,,,,11451231.819233287,,,10116896.73378288,2617512.5736521427,11228349.90859279
aissa mandi__1991-10-22,,,,,3684500.377022128,,3569489.44382613,,4016023.180021113,,4250923.942931119,4021333.739466022,,,3957193.3271424957,,,,3916577.335068168,248447.34333261198,3986608.253581804
aitor fernandez__1991-05-03,Aitor Fernández,GK,1200000.0000000005,1977154.051050837,,,1768610.827303053,2140110.884347864,2122386.7073226143,,,,,,,,,,2002065.617506092,171906.35586858634,2049770.3791867257
ajdin hasic__2001-10-07,,,,,,2150374.390526749,2135697.403477957,1740480.397333911,,,,,,,,,,1442933.582764621,1867371.4435258096,340753.24603328767,1938088.900405934
ajdin hrustic__1996-07-05,,,,,860590.4249437448,,,,,,,889400.0929194675,,,901081.434659643,,,921376.2274397844,893112.0449906599,25389.036609451694,895240.7637895553
akin famewo__1998-11-09,,,,,,1332338.5246484133,1734428.716130034,,,,,,,,1353368.1447052916,,1242537.6527695525,,1415668.2595633229,217874.2639778811,1342853.3346768524
akram afif__1996-11-18,,,,,,,,,,3342979.8676300393,,,3767969.043051624,,,,11548198.936679926,,6219715.949120529,4619491.5479237335,3767969.043051624
alaa bellaarouch__2002-02-01,,,,,1639940.420482525,1549256.0588908705,,,,,,1548393.5721790846,,,,,,,1579196.6838508267,52607.38660889589,1549256.0588908705
alaa ghram__2001-07-24,,,,,,,,,,,,1627839.8556219894,,,,1600263.4599498,,,1614051.6577858948,19499.456380488416,1614051.6577858948
aladji bamba__2006-07-14,,,,,,,,,,,,,1339166.8345835744,,,,,,1339166.8345835744,,1339166.8345835744
alan forrest__1996-09-09,,,,,,,1208676.2166776152,,,,1043956.1681759384,,,,,,,,1126316.1924267767,116474.66329291265,1126316.1924267767
alan matturro__2004-10-11,Alan Matturro,DEF,2950000.000000002,2103336.5396761023,,,,1687308.3924444688,,2093187.147177659,,,1995459.9558664178,,,,,,1969823.008791162,194521.9225640694,2044323.5515220384
alan virginius__2003-01-03,,,,,2048304.6090535915,,,,2173922.7895599464,,,,,,,,,,2111113.699306769,88825.46727635933,2111113.699306769
alasana manneh__1998-04-08,,,,,,,1183372.241176064,,,,,,,,,,,969041.376802589,1076206.8089893265,151554.80761605827,1076206.8089893265
alassana jatta__1999-01-12,Alassana Jatta,FWD,587500.0000000002,675271.5906776282,,,,,,672878.8130508218,,,575738.076629202,703287.7517694376,,,,,656794.0580317724,55772.97504230026,674075.201864225
alassane sidibe__2002-06-09,,,,,,,,,,538730.3524759642,,,,,,,,,538730.3524759642,,538730.3524759642
alban lafont__1999-01-23,,,,,,,,,,2892043.1543487897,3492213.7822395083,,,,,,,,3192128.4682941493,424384.72085051524,3192128.4682941493
albert adomah__1987-12-13,Albert Adomah,DEF,180000.00000000003,125930.30180071828,,,,,125459.25501198275,,,,,104494.18776613359,,102610.96577174726,103403.2064463607,,112379.58335938852,12174.568539955626,104494.18776613359
albert rusnak__1994-07-07,,,,,,,,,3852540.6808448206,3801349.776241391,2458503.2731790575,,2770419.687834144,3601405.767020314,,,,,3296843.837023945,639535.0811291047,3601405.767020314
albert sambi lokonga__1999-10-22,,,,,,10376305.26866628,,,,10700753.738653347,,,,,,,,,10538529.503659815,229419.71327345472,10538529.503659815
alberto brignoli__1991-08-19,,,,,,,,,,,,,,,911180.762664869,,,,911180.762664869,,911180.762664869
alberto cerri__1996-04-16,,,,,,,,,,,,1093907.424906352,,,1097677.1210923798,1086003.625117386,,,1092529.390372039,5957.50463305469,1093907.424906352
alberto dossena__1998-10-13,Alberto Dossena,DEF,4250000.000000002,5030544.203139097,,,,5284345.580327024,,,,,,5473744.743223826,,4724522.663275281,,,5128289.297491306,324691.97032203485,5157444.891733061
alberto paleari__1992-08-29,,,,,,,527613.5771527744,618226.7600396816,,531205.8366879354,,,,,,,,,559015.3912934639,51309.996333486706,531205.8366879354
albian ajeti__1997-02-26,,,,,,,,1257970.3376898258,1101987.8562914126,1139195.267457787,,,,1277849.3075553991,,,,,1194250.6922486061,86780.2826954938,1198582.8025738064
albian hajdari__2003-05-18,,,,,,,,4690854.515929008,4743507.50299064,,,,,5113190.404386935,,5299021.459435375,,,4961643.4706854895,293087.21047241485,4928348.953688787
alec georgen__1998-09-17,,,,,1175557.3991681335,,,1136870.7161472396,,,,,,,,1238891.5328331955,,1408243.1033521087,1239890.6878751693,119854.66298591836,1207224.4660006645
alec van hoorenbeeck__1998-12-30,,,,,1102170.3881279784,,,,,,,1156185.7665295906,,,,,,,1129178.0773287844,38194.64035613734,1129178.0773287844
alejandro alvarado__2003-07-29,,,,,,,,1083179.5159305092,,943161.988705238,,813799.76211595,1060611.10486058,,,,,,975188.0929030693,123869.69374269545,1001886.546782909
alejandro bedoya__1987-04-29,,,,,,,,258441.55581114718,,,,,,,,,,,258441.55581114718,,258441.55581114718
alejandro garnacho__2004-07-01,Alejandro Garnacho,MID,33750000.00000005,30902865.326658364,,,,32035861.519660525,,,,31596311.880609553,34002117.584157035,32918852.5020831,,,,,32291201.76263372,1203819.6549263594,32035861.519660525
alejandro marques__2000-08-04,,,,,,2774473.191874477,,,,,,,,2992883.7067103367,,,3013293.9733074186,2831616.7082296964,2903066.895030482,118122.16575936157,2912250.2074700166
alejo sarco__2006-01-06,,,,,,1373556.6105704345,,,,1173051.8323080451,,,,,1203416.062627856,,,,1250008.168502112,108067.84801161206,1203416.062627856
alejo veliz__2003-09-19,,,,,4374135.3405257035,,,,,,,,,,,,,,4374135.3405257035,,4374135.3405257035
aleksa terzic__1999-08-17,,,,,,,1745340.189358126,,,2069867.8894026782,2273281.067442529,,,,,,,,2029496.382067778,266275.77178838773,2069867.8894026782
aleksandar cirkovic__2001-09-21,Aleksandar Ćirković,MID,1050000.0000000007,1573937.7189975225,,1470001.9204876279,1118331.8761856111,,,1435866.1440894979,,,,,,,,,1399534.4149400648,196449.35237798712,1452934.032288563
aleksandar dragovic__1991-03-06,Aleksandar Dragović,DEF,2750000.0,1002629.1043009843,,1040175.1853875137,953808.8663593042,900192.6865669487,,864485.8050835888,,,,,,954681.5239858815,,,952662.1952807034,64325.318670511624,954245.1951725928
aleksandar jovanovic__1992-12-06,,,,,,,,,691240.7737561874,,,,,,,,,,691240.7737561874,,691240.7737561874
aleksandar palocevic__1993-08-22,,,,,,1273313.7596032259,836898.0442522297,,,,,,,1280011.406294566,,,,,1130074.4033833405,253920.25870897158,1273313.7596032259
aleksandar pavlovic__2004-05-03,,,,,,,,,,,,,41252851.18647431,42807021.587503575,,,,,42029936.38698894,1098964.4296872104,42029936.38698894
aleksandar pesic__1992-05-21,,,,,,1261997.3394129917,1052493.9181246627,,,,,,,,1316761.4471373092,,1218570.9777912996,,1212455.9206165657,113957.9325959105,1240284.1586021455
aleksandar radovanovic__1993-11-11,,,,,,870039.7176417164,1062281.3010459389,,,,,,,,,877665.798426803,,,936662.2723714862,108856.072641217,877665.798426803
aleksandar stankovic__2005-08-03,,,,,3583588.5702856113,,,3606823.5772735756,,,,,,3159631.4442651784,,,,,3450014.5306081213,251747.33168987642,3583588.5702856113
aleksandar vukotic__1995-07-22,Aleksandar Vukotić,DEF,850000.0000000005,1207162.7631823958,,,,,,,,,,,,,,,1207162.7631823958,,1207162.7631823958
aleksey miranchuk__1995-10-17,,,,,8686586.98767186,,7937883.441878865,,11154868.166942637,,8426422.181719875,11313011.286471216,,,11175205.63539635,,,,9782329.616680132,1587959.1066933277,9920727.577307248
alen halilovic__1996-06-18,,,,,,,,,,1613247.1942246347,1703506.585252051,1619262.5057283395,,,,,,,1645338.7617350083,50464.51983972513,1619262.5057283395
alen sherri__1997-12-15,,,,,,,911313.6684189594,,803455.3156789589,814638.2897887575,,,,,,,,,843135.7579622251,59307.97023309724,814638.2897887575
ales mateju__1996-06-03,,,,,,,,,,,922891.0408751783,1035064.8714244958,,,,,,991563.6535392848,983173.1886129864,56555.65392855373,991563.6535392848
alessandro bastoni__1999-04-13,,,,,,,,,,,,,,66264085.26169093,76673889.15107058,,,,71468987.20638075,7360842.921002448,71468987.20638075
alessandro bellemo__1995-08-07,,,,,,1734594.6537870602,,,,1628806.594659556,,,,,1797731.5926693464,,,,1720377.613705321,85355.1809187132,1734594.6537870602
alessandro bianco__2002-10-01,,,,,,3127564.620765068,3798237.8323724144,,,,,,,,,,,,3462901.2265687413,474237.5758877149,3462901.2265687413
alessandro buongiorno__1999-06-06,,,,,,,34100579.6769177,,,,,,34525830.93588251,39597701.06572957,35093644.03040792,37759099.165239014,,,36215370.97483534,2366876.247527687,35093644.03040792
alessandro circati__2003-10-10,,,,,,,,,,,,,2818845.942654168,,,,,,2818845.942654168,,2818845.942654168
alessandro confente__1998-06-07,,,,,,,,,,490665.4117930103,,,,,,463102.8278553993,,458058.66568086366,470608.9684430911,17551.54075564716,463102.8278553993
alessandro deiola__1995-08-01,,,,,,1975609.0865934289,,2123541.9752976606,,,,,,,,,,,2049575.5309455446,104604.34876327706,2049575.5309455446
alessandro dellavalle__2004-05-11,,,,,1366149.3724543191,,,1221993.6785255808,,,,1255305.5334220547,,,,,1301018.069673373,1259878.9906458447,1280869.1289442345,55315.23689150251,1259878.9906458447
alessandro di pardo__1999-07-18,Alessandro Di Pardo,DEF,999999.9999999997,1143582.9021794647,1194971.5140383265,,,1304106.547785763,1234831.1916024531,1262962.6558930273,,,,1149277.4816099973,1084369.634754093,,1140729.5283409816,,1189353.9320255134,73458.72483223674,1172124.4978241618
alessandro fontanarosa__2003-02-07,,,,,,1094640.1196420449,,,,,1064873.8543268337,,,1076070.1093554252,,,,,1078528.027774768,15034.582133235153,1076070.1093554252
alessandro mallamo__1999-03-22,Alessandro Mallamo,MID,562500.0000000003,556558.9062230824,,,,590596.3350055183,,,,,,,,591159.7908245189,,,579438.3440177065,19816.177127880805,590596.3350055183
alessandro marcandalli__2002-10-25,,,,,1486524.302671903,1491565.115324543,,,1683563.7194618508,,,,,,,1663073.9175000812,,,1581181.7637395945,106738.8843767408,1577319.5164123122
alessandro micai__1993-07-24,,,,,,,392292.417567957,,,491480.5455979822,,,,,451585.82732809754,,,418592.22111017094,438487.75290105195,42854.936795719324,435089.02421913424
alessandro murgia__1996-08-09,,,,,,,,,,,,,,,,,,728175.440942275,728175.440942275,,728175.440942275
alessandro nunziante__2007-03-14,,,,,,,286873.61950959224,240455.2254563359,,,,,,,,246931.41600728358,269478.8291130896,,260934.77252157533,21302.038460911564,258205.1225601866
alessandro plizzari__2000-03-12,,,,,770886.0631233662,773522.497700642,,,,,,,,,794547.2006497236,781930.6580920029,,,780221.6048914337,10648.53564157001,777726.5778963224
alessandro schopf__1994-02-07,Alessandro Schöpf,MID,1400000.0000000007,980355.2217313005,,1090186.6623593045,,,,,,,,,,,,,1035270.9420453025,77662.55645554933,1035270.9420453025
alessandro sersanti__2002-02-16,,,,,1776783.0349328648,1827098.2674121617,1306255.7966264982,,1656956.4392124696,1810081.9993650767,1457841.3806325227,1745027.1210978932,,1728296.0394808063,,,,,1663542.5098450365,185891.90873954658,1736661.58028935
alessandro sorrentino__2002-04-03,,,,,721417.2504855692,,,,,,,,,,723051.6079898728,,,,722234.429237721,1155.6652741761743,722234.429237721
alessandro tripaldelli__1999-02-09,,,,,,,,,596527.7159270948,562189.3856323096,,,,,587857.8287744641,,,,582191.6434446228,17856.6366934684,587857.8287744641
alessandro vinciguerra__2005-08-18,Alessandro Vinciguerra,MID,487499.9999999996,643088.4797363317,,,,,,,772194.074227704,,,,,,607979.4703604261,,674420.6747748206,86474.78745431629,643088.4797363317
alessandro vogliacco__1998-09-14,,,,,,,2023377.755497565,,2043779.9437244423,,,,,,,,,,2033578.8496110037,14426.525646269245,2033578.8496110037
alessandro zanoli__2000-10-03,,,,,,,4177299.0802462357,,,,,3482347.8902625465,,3659282.744881271,,,,,3772976.571796684,361156.4810770263,3659282.744881271
alessio castromontes__1997-05-17,,,,,,,,,,7744146.318348504,,,,8727659.505503472,,7281893.971704466,,,7917899.931852147,738378.1100049359,7744146.318348504
alessio romagnoli__1995-01-12,,,,,,,,,,,,,,20588073.096992835,19540974.661059886,,19491173.11367593,19575886.17352273,19799026.761312846,527178.2104050632,19558430.417291306
alessio zerbin__1999-03-03,,,,,,3607317.053591309,,,,,,,5147015.927330287,,3893067.0380493966,,,,4215800.006323664,819015.0072230722,3893067.0380493966
alex bangura__1999-07-13,,,,,,,,,,,,,,1411124.102764362,,1297141.325163482,,,1354132.713963922,80597.99498006038,1354132.713963922
alex cairns__1993-01-04,Alex Cairns,GK,157500.00000000006,292844.9511842756,180806.65473187756,,,,,,,,,,,,,243265.8446786041,238972.48353158575,56142.40536744843,243265.8446786041
alex cochrane__2000-04-21,Alex Cochrane,DEF,1949999.999999999,2602612.4723531185,,,,,2765983.503923603,,,2748570.7563639893,,,2725309.0560533777,,,,2710618.9471735223,73907.08551281363,2736939.9062086837
alex ferrari__1994-07-01,,,,,,,,,,1043214.5145290676,,1018299.627901042,,,1066934.7347469027,,,,1042816.2923923373,24319.99876911404,1043214.5145290676
alex freeman__2004-08-09,,,,,,,,,,,,,,,,,5866563.082428314,5608620.606528061,5737591.844478188,182392.87386511604,5737591.844478188
alex gersbach__1997-05-08,,,,,388109.1210028268,384691.1122146658,,,,,392757.9957529202,,,386275.16088996927,,,,,387958.3474650955,3491.2891398848833,387192.140946398
alex gilbert__2001-12-28,,,,,866037.293245155,965191.4184970424,,,,,,,,,,,,,915614.3558710987,70112.55434822985,915614.3558710987
alex gogic__1994-04-13,,,,,314195.90474521805,,,364001.87693402526,,,,,,,352849.907307876,381746.74438014044,,,353198.60834181495,28595.099602281734,358425.8921209506
alex iwobi__1996-05-03,,,,,,,22539788.531146426,22269251.75085348,23716869.384800702,,24789234.36133663,,,,,,,,23328786.00703431,1158828.1380574438,23128328.957973562
alex kral__1998-05-19,,,,,,,3355635.300126841,,,,,,3219116.0780907613,,,,,,3287375.689108801,96533.66766402377,3287375.689108801
alex lowry__2003-06-23,,,,,1200239.2380636886,1100748.3526289104,,,,,,1185456.7582866617,,,,1201434.3670664218,,1113641.077825815,1160303.9587742996,49100.6492402708,1185456.7582866617
alex matos__2004-10-03,,,,,,,,,,,2068291.0779160794,,,,1713436.441802951,1835571.4778974673,,1926805.515899154,1886026.1283789128,149684.4925656467,1881188.4968983107
alex meret__1997-03-22,,,,,,22725660.50799477,,,,22039299.615032513,,,,,,,,22472352.707147803,22412437.610058364,347080.9458777808,22472352.707147803
alex mighten__2002-04-11,,,,,,,,,,,1286766.6851280867,,,,,,,,1286766.6851280867,,1286766.6851280867
alex mitchell__2001-10-07,Alex Mitchell,DEF,712500.0000000002,867937.7948632481,,,,,,817299.9910948079,,,,,,,,,842618.8929790279,35806.334429057824,842618.8929790279
alex murphy__2004-06-25,Alex Murphy,DEF,850000.0000000005,1399796.6913952872,,1611780.944009185,,,,,,,,1477276.4655807987,1659432.1956550814,,1407128.9999331015,,1511083.0593146908,118829.20323028529,1477276.4655807987
alex palmer__1996-08-10,,,,,,,3901140.6549410834,,2482575.8951932536,,,,2432377.75525216,,,2142133.3518463075,,1969225.898563774,2585490.711159316,765068.2777512975,2432377.75525216
alex plat__1998-02-04,Alex Plat,MID,637500.0000000003,768918.5816477832,,,,,,,,,,764052.6548447863,,,,,766485.6182462848,3440.7298391564823,766485.6182462848
alex robertson__2003-04-17,,,,,,,1817805.9266065229,,1825743.6781588153,,,,,,1982895.7687037436,,,,1875481.7911563606,93107.86166773865,1825743.6781588153
alex scott__2003-08-21,,,,,,,,,,,,,,27790735.20097021,,,,,27790735.20097021,,27790735.20097021
alex timossi andersson__2001-01-19,,,,,,1303173.1847067848,1149438.7899386927,,,,,1363705.9823349859,,,,,,,1272105.9856601546,110460.33485735836,1303173.1847067848
alex toth__2005-10-23,,,,,,,,,,,6843809.257633353,,6567397.911720636,,,,,,6705603.584676994,195452.33709178222,6705603.584676994
alexander bah__1997-12-09,,,,,,,,8368219.075592529,,,,,,,,,,9294728.83251536,8831473.954053946,655141.3319556342,8831473.954053946
alexander brunst__1995-07-07,,,,,,,,,,,,417016.4028266748,421004.10029066505,,429356.03068250464,,,,422458.8445999482,6297.127492685583,421004.10029066505
alexander busch__2003-07-25,,,,,,2305659.774454808,2021955.4164204313,1821883.8690798944,,1912813.1428690301,,,,,,,,,2015578.050706041,209973.12488751425,1967384.2796447307
alexander callens__1992-05-04,,,,,,,,,,,,,1318507.8823144485,,,,,,1318507.8823144485,,1318507.8823144485
alexander djiku__1994-08-09,,,,,,,,,,4495527.213145771,,,,,,,,2551076.0308391717,3523301.6219924716,1374934.6166951961,3523301.6219924716
alexander groi__1998-07-01,,,,,,,,,415188.4015369407,,400556.37000430236,,,,395682.9077848393,,,,403809.22644202743,10151.447083133233,400556.37000430236
alexander isak__1999-09-21,,,,,,,,,,93745192.04504557,,,,,92317091.18581347,,,,93031141.61542952,1009819.8017813516,93031141.61542952
alexander jensen__2001-08-24,,,,,,,1343865.2007151935,,,,1364176.1207898194,,,,,,,,1354020.6607525065,14361.989316905932,1354020.6607525065
alexander jeremejeff__1993-10-12,Alexander Jeremejeff,FWD,1200000.0000000005,1599656.398598867,1520516.0118382035,,,,,,,,1528220.7590183734,,1594443.0376898553,1405528.6288996888,1463819.5068325575,,1518697.390479591,75105.94744763743,1524368.3854282885
alexander lind__2002-06-26,,,,,,,2860808.461607617,,,,,2740791.3107215865,,2782949.197955938,,,,,2794849.656761714,60887.14820502781,2782949.197955938
alexander lyng__2004-11-26,,,,,,,,,,,,,,,1023512.1852898131,,,,1023512.1852898131,,1023512.1852898131
alexander meyer__1991-04-13,,,,,,,,,,,1200981.490446805,,,,,1119403.0575818752,,,1160192.2740143402,57684.66307736336,1160192.2740143402
alexander nubel__1996-09-30,,,,,,,,12329825.52833352,,,11764703.74188548,,,,,,,,12047264.6351095,399601.44739366573,12047264.6351095
alexander prass__2001-05-26,Alexander Prass,DEF,5250000.0,5234346.515346561,,5378244.004915954,,,,,,,,,5384454.510494328,5228796.4521446675,,,5306460.370725377,86541.0660954538,5306295.260131257
alexander ring__1991-04-09,,,,,,,,,725580.050221034,,600548.3582102689,,396310.28548010933,,,,,612301.9108645637,583685.1511939939,137048.3969942821,606425.1345374163
alexander rossipal__1996-06-06,,,,,,900810.1079172983,,840070.0000885079,,,,,,941213.9780420758,,,,,894031.3620159607,50911.5862654478,900810.1079172983
alexander rssinglelesiit__2007-01-20,,,,,,936284.074760709,696977.6092075738,,,,,919628.666279917,,830201.5716079129,,,,,845772.9804640282,109589.31182560386,874915.118943915
alexander schwolow__1992-06-02,Alexander Schwolow,GK,600000.0000000003,807515.3987106106,,,,,,774362.332543156,,,,,773292.123179355,701807.3139376255,,,764244.2920926868,44553.349664589536,773827.2278612555
alexander simmelhack__2005-11-11,,,,,,688925.6211106834,,,,,,,,753969.8920000225,,,,,721447.756555353,45993.245023186384,721447.756555353
alexander srloth__1995-12-05,,,,,,,,,,,28937748.305466317,,,,,,33848063.27774386,,31392905.79160509,3472117.014659286,31392905.79160509
alexandre jankewitz__2001-12-25,,,,,,,,650647.3185420799,629354.2974672384,,608887.9266745149,634407.0137160851,,,,,,,630824.1390999795,17215.81911797879,631880.6555916618
alexandre lacazette__1991-05-28,,,,,5173842.131430726,5531641.907577613,,,,,,,,,,,,,5352742.019504169,253002.6480204931,5352742.019504169
alexandre lauray__1997-03-18,,,,,,,,,,,,,528208.1418260178,,,556451.3085528589,,,542329.7251894383,19970.934714731626,542329.7251894383
alexandre mendy__1994-03-20,Alexandre Mendy,FWD,2400000.000000001,1391691.8776023542,,,,1291286.352955707,,,,,1013125.3447284099,,,1372691.9645425295,,,1267198.8849572502,174891.26623620823,1331989.1587491184
alexandre olliero__1996-02-15,,,,,,,,,,,,820222.0556975403,,,,,,,820222.0556975403,,820222.0556975403
alexandro calut__2003-04-22,Alexandro Calut,DEF,625000.0000000002,754244.2546458142,,,721625.5126860291,,,841012.2415500857,,,,,745618.083957221,,,,765625.0232097874,52118.42005401652,749931.1693015175
alexandros katranis__1998-05-04,Alexandros Katranis,DEF,775000.0000000007,874316.3291917717,,729335.0597930239,,,805287.4064745742,,,767634.8711620923,825897.6994840372,,,,,,800494.2732211,55365.55359471501,805287.4064745742
alexandros kyziridis__2000-09-16,,,,,3379878.2520572785,,,,3733144.1205606135,,,,,,,,,,3556511.186308946,249796.69118046333,3556511.186308946
alexandros paschalakis__1989-07-28,Alexandros Paschalakis,GK,375000.00000000006,478548.86679471086,,,,,,,,,528949.7976612863,,,494801.6117570964,417931.2974487269,579978.0670365102,500041.9281396661,60118.673255998045,494801.6117570964
alexandru cicaldau__1997-07-08,,,,,1062264.3958640238,1314624.27664747,,,,,,,1250365.131960422,,,,1194354.8775364885,,1205402.170502101,107333.74987104748,1222360.0047484552
alexandru mitrita__1995-02-08,,,,,,,,,,,,4050576.650189155,3121919.4087347174,,,,,,3586248.029461936,656659.8328304257,3586248.029461936
alexandru tirlea__2000-03-28,,,,,,,,,,,,,333073.92569853424,,,,,,333073.92569853424,,333073.92569853424
alexi pitu__2002-06-05,,,,,708448.6453690327,,,,,,,,,,,,638364.8701295161,,673406.7577492744,49556.71272301606,673406.7577492744
alexios kalogeropoulos__2004-07-26,,,,,2334304.7066697422,,,,,,,,2163578.2841631845,,,,,,2248941.4954164634,120721.81108210661,2248941.4954164634
alexis antunes__2000-07-31,,,,,,,,,,1999675.7967375084,,1958102.6677410705,,,,,,,1978889.2322392894,29396.641428524315,1978889.2322392894
alexis beka beka__2001-03-29,,,,,2218300.168504823,,,,,,,,,2254720.9744068426,,2202152.185531472,,,2225057.7761477125,26928.021404240877,2218300.168504823
alexis blin__1996-09-16,,,,,,,,,,,,,,1520240.9635486829,,,,1545835.4025648215,1533038.1830567522,18098.0013889772,1533038.1830567522
alexis claudemaurice__1998-06-06,,,,,,,,8734591.963787165,,,,8981396.955311181,,,9328871.666936157,,,7874853.128300707,8729928.428583803,619985.1988602263,8857994.459549174
alexis flips__2000-01-18,,,,,,,,1993655.035495902,,,2114280.7915633917,2049255.66944562,,,,,,,2052397.165501638,60374.208109223815,2049255.66944562
alexis mac allister__1998-12-24,,,,,,,,,82504078.63195853,,79264266.6143297,80526735.21310717,,,76086868.6008778,72367035.53219424,,,78149796.9184935,3985838.9986942695,79264266.6143297
alexis mirbach__2005-03-04,,,,,,262899.19957489526,,,278867.92086325964,,,,,,288267.88689112494,,266337.9854735436,,274093.24820070586,11678.594459420032,272602.9531684016
alexis saelemaekers__1999-06-27,Alexis Saelemaekers,DEF,20249999.999999974,20901439.249983817,,,,,,,,,,,,,,,20901439.249983817,,20901439.249983817
alexis trouillet__2000-12-23,,,,,1197243.655567305,,,1144861.861268379,,,,,,,1213440.5823632218,,1142052.831480834,,1174399.7326699349,36354.00308809251,1171052.758417842
alexis vossah__2008-03-11,,,,,,,,,,,2626049.4706526813,,,,,,,,2626049.4706526813,,2626049.4706526813
alfie devine__2004-08-01,,,,,,,,,7730253.763359631,8584428.050888063,,,,,,,,,8157340.907123847,603992.4310265421,8157340.907123847
alfie dorrington__2005-04-20,,,,,1279900.3746868044,1988368.850767212,1564511.4650290904,,1460907.5703296342,,,1069857.0570132262,,,,,1413191.4138530365,,1462789.4552798339,308832.9195019072,1437049.4920913354
alfie gilchrist__2003-11-28,,,,,,,,,2778163.164096076,,,3130112.7525918977,,,,,,2832591.9326819796,2913622.6164566516,189450.80362811257,2832591.9326819796
alfie jones__1997-10-07,Alfie Jones,DEF,2449999.9999999995,2092294.2688192516,,,2880181.994468079,,2245154.6962495963,,2092973.203798514,2235443.6186268767,,,,,2270791.873077952,,2302806.609173378,293460.14989541157,2240299.1574382363
alfie mccalmont__2000-03-25,,,,,,738326.2906097799,,,,,,,,715413.1977423687,,,,,726869.7441760743,16202.003344503579,726869.7441760743
alfons sampsted__1998-04-06,,,,,,,,1622054.4895401068,1727591.9814479728,1654544.167527651,,1663759.1676877248,1635104.61788181,,,1567903.893152963,,,1645159.719539705,52597.53715174499,1644824.3927047304
alfonso trezza__1999-06-22,,,,,,,,2283968.5909963674,,,,,,1994163.5569247908,,2165362.399571323,,,2147831.515830827,145695.7046616303,2165362.399571323
alfred duncan__1993-03-10,,,,,,2092537.803157898,,1908418.5288895553,,,,1934494.7196982936,,,,,,,1978483.6839152488,99630.56016572288,1934494.7196982936
alfred gomis__1993-09-05,Alfred Gomis,GK,825000.0000000006,622587.3471602168,,,,550518.5051784992,,,,,,,,,,,586552.926169358,50960.366877534274,586552.926169358
alhassan yusuf__2000-07-18,,,,,,,,,2943050.7873196877,,,,,,2971299.23400448,2846661.182239702,,,2920337.067854623,65349.795530537805,2943050.7873196877
ali abdi__1993-12-20,Ali Abdi,DEF,3550000.0000000014,3416201.1103139045,,,,,,,,3450430.5536121544,2799889.341199276,3122038.08674541,,,3289021.23675521,,3215516.0657251915,265681.20963064255,3289021.23675521
ali coote__1998-06-11,Ali Coote,MID,412500.00000000006,533278.4632802283,,,,510281.41923128924,,,,,,,,,,468943.2434372931,504167.7086496035,32600.43283251256,510281.41923128924
ali emre yanar__1998-05-15,,,,,,,183012.81220945972,,,,,,,,,184235.70508517267,174675.05484440606,,180641.19071301282,5202.878976910232,183012.81220945972
ali fadal__2004-01-14,Ali Fadal,MID,299999.99999999977,350687.8385056492,,,,,,,,,419127.0593598724,,,360426.9615718504,,,376747.28647912404,37023.59371525835,360426.9615718504
ali maamar__2005-03-23,,,,,,616206.5043604976,377480.4724464242,,586057.5930944142,,487666.83883204113,,,,,,,,516852.8521833443,107914.97884041519,536862.2159632277
ali mccann__1999-12-04,,,,,,,,,2333725.825907109,,,,,2386275.6066812403,,,,,2360000.7162941745,37158.30633525478,2360000.7162941745
ali sowe__1994-06-14,Ali Sowe,FWD,1699999.9999999988,1716063.4653732083,,,,,,,,,,1632704.1350076569,1831577.0184672729,,,,1726781.5396160458,99868.73274700013,1716063.4653732083
ali yavuz kol__2001-01-29,,,,,,,524349.3337407575,,,,402044.9713949035,,,,,480595.15311059373,,,468996.48608208494,61971.655374333466,480595.15311059373
alidu seidu__2000-06-04,Alidu Seidu,DEF,5750000.000000005,6147302.034187766,6373318.0738827,6629233.600565448,,,,,,,,,,6492867.893838519,,6713542.842460821,6471252.888987051,222859.21539986774,6492867.893838519
alieu fadera__2001-11-03,,,,,3157180.123641844,,,3083391.8008063263,3250761.4342876486,,,,,,,3586672.02468892,,3422884.4314006353,3300177.962965075,204341.83385941328,3250761.4342876486
alimami gory__1996-08-30,Alimami Gory,MID,1450000.0000000002,1393690.426077138,,,,1427542.0915254946,,,,,,,,,,,1410616.2588013164,23936.74219299134,1410616.2588013164
alin tosca__1992-03-14,,,,,374121.0941457933,,,,290855.28494529054,,,,307422.64946418727,,,,287855.5863206602,,315063.6537189828,40300.910932727136,299138.9672047389
aliou balde__2002-12-12,,,,,1178249.7429472355,,,,1429417.062923275,,,,,,1292032.1528546212,,,,1299899.6529083773,125768.3538248332,1292032.1528546212
aliou thiare__2003-12-20,,,,,,,,1171000.819487066,,,,,,,1214266.018098095,,,,1192633.4187925805,30593.115327241372,1192633.4187925805
alioune ndoye__2001-10-05,,,,,,,,,868831.4700384858,,,,,,,,,,868831.4700384858,,868831.4700384858
alistair johnston__1998-10-08,,,,,,,,,,,,14534757.019565426,,,,,14347326.423696728,,14441041.721631076,132533.44534059122,14441041.721631076
allahyar sayyadmanesh__2001-06-29,,,,,,4179609.6230460587,4229374.151961961,,,,,4308509.622791193,,,,,,,4239164.4659330705,65005.3087779269,4229374.151961961
allan campbell__1998-07-04,,,,,,751430.8196409678,794654.3109147692,,,,,,,,,,,,773042.5652778684,30563.623786262553,773042.5652778684
allan tchaptchet__2001-12-21,,,,,,,,787730.2459301349,,827502.8934384652,832662.1016672879,,,,816173.0289082414,,,,816017.0674860324,20076.104854653677,821837.9611733533
ally samatta__1992-12-23,,,,,1217282.976851219,,,,1239118.2434091829,,,,,1266583.6852893708,1243192.2292223154,,,,1241544.283693022,20200.528358615422,1241155.2363157491
almugera kabar__2006-06-06,,,,,1116957.7786518228,,,,,,,,,,1114912.304808851,,,,1115935.0417303368,1446.3684251050142,1115935.0417303368
alonzo engwanda__2003-01-27,Alonzo Engwanda,MID,5199999.999999999,3128526.748729582,,,,3351567.9030352575,3040317.426253416,,3124085.2698131753,,,,,,,,3161124.336957858,133288.60514872277,3126306.0092713786
alou kuol__2001-07-05,Alou Kuol,FWD,462500.00000000006,623512.7644097387,,,,,521854.1819512774,,,,546136.2251321492,,,,,,563834.3904977217,53089.882650523046,546136.2251321492
alouis diriken__2004-04-01,Alouis Diriken,DEF,262500.00000000023,278661.16963497584,,,,,,,,,,,263555.8420826793,,,252212.46004518354,264809.8239209462,13268.870056614478,263555.8420826793
alpha sissoko__1997-03-07,,,,,,,,,,,,,,1839922.4220212304,1613464.4003348583,,,,1726693.4111780445,160130.00278852397,1726693.4111780445
alpha toure__2006-01-25,,,,,,,,,,1665793.7233962268,,1607310.838747047,,,,,,,1636552.2810716368,41353.64431878574,1636552.2810716368
alphadjo cisse__2006-10-22,,,,,,1484317.9562447479,,,,1759726.922431502,,,,,,1616144.9422931653,,,1620063.2736564716,137746.2872621933,1616144.9422931653
alphonse areola__1993-02-27,,,,,3773733.5579284034,,,,,,,,,,,,4008768.283448162,,3891250.9206882827,166194.64822934024,3891250.9206882827
alphonso davies__2000-11-02,,,,,,,,,63607549.108173415,,,,,,,,,,63607549.108173415,,63607549.108173415
altay bayndr__1998-04-14,,,,,5016470.968871641,,5054517.990690622,,4692876.078395687,4723912.572469635,,,4937568.88708593,,,,,,4885069.299502702,167066.74509170905,4937568.88708593
altin zeqiri__2000-07-18,,,,,1255636.7054583211,1161749.2746999161,1099054.6938263357,,,,,,,,,,,1180586.070427829,1174256.6861031004,64483.96089620349,1171167.6725638725
alwande roaldsy__2004-06-09,,,,,,,660107.4720596649,,,781970.7280226677,786633.7683742405,,737511.6921838515,,,645961.5293477166,,,722437.0379976282,66381.85718092855,737511.6921838515
amad diallo__2002-07-11,,,,,29619540.98924474,,,,,,,,,,,,35929347.29844222,,32774444.14384348,4461706.829207201,32774444.14384348
amadou dante__2000-10-07,Amadou Dante,DEF,2100000.000000001,1323975.9061051095,,,,1242224.0498939424,,,,,,,,,1391515.1206767135,,1319238.3588919218,74758.2050283745,1323975.9061051095
amadou diawara__1997-07-17,,,,,,,,,,,,,,,1822039.9622517226,2051342.122982851,,,1936691.0426172868,162141.11279370857,1936691.0426172868
amadou haidara__1998-01-31,,,,,,,,5175326.050047452,,,,5086335.963107442,6568577.191240074,,,,,,5610079.734798322,831274.8278381695,5175326.050047452
amadou onana__2001-08-16,,,,,,,,,,,,36815333.7936463,34758821.868539624,,,,,37608468.06578334,36394207.90932309,1470758.6886371414,36815333.7936463
amadou sagna__1999-06-10,,,,,,,661453.3178104523,,,,,888935.2213119202,824122.4571617865,,855665.206984729,,,781283.0987058642,802291.8603949504,88189.03590783186,824122.4571617865
amady camara__2005-05-28,,,,,828338.5454599097,757954.2730641565,,,,,,755656.2722832788,,,,,,,780649.6969357817,41315.734376447326,757954.2730641565
amando lapage__2004-11-08,,,,,,,,,,,,,,750050.9315539715,,,772503.3879203275,,761277.1597371495,15876.284150945396,761277.1597371495
amar dedic__2002-08-18,,,,,,6265558.459341903,,,,,,,5650614.340147924,6640701.465458235,,6309224.499593878,,,6216524.691135485,412786.4767416933,6287391.479467891
amar fatah__2004-02-19,,,,,,,,,,,,,,813585.3617471086,,,,,813585.3617471086,,813585.3617471086
amara conde__1997-01-06,,,,,,,,,,,,,,,,,1174377.7106677452,1233391.8007520926,1203884.755709919,41729.26328419585,1203884.755709919
amario cozierduberry__2005-05-29,,,,,2385022.329314161,,,,,2256103.3002632624,,,,,,2468423.13221122,,,2369849.5872628815,106970.02774430907,2385022.329314161
amath ndiaye__1996-07-16,,,,,2122154.9932725644,,,,2135608.02796153,,,2082382.2545154644,1868230.5180695718,,,2165824.0361890867,,,2074839.9660016433,119325.102428935,2122154.9932725644
amin cherni__2001-07-07,,,,,,1005406.5163358479,,,,1073007.0383337603,,1030191.4535922486,,,,,,,1036201.669420619,34198.679277499235,1030191.4535922486
amin nouri__1990-01-10,,,,,,,205998.92748894024,149087.39206230035,,,219185.28159885414,194235.5589919344,,,,,,,192126.7900355073,30449.054980509824,200117.24324043732
amin sarr__2001-03-11,Amin Sarr,FWD,3449999.999999999,2646201.237438829,2766698.5177754005,,,,,,,,,,,,,2721126.0828520334,2711341.9460220877,60841.56179995624,2721126.0828520334
amine adli__2000-05-10,,,,,,,23965682.122461535,,,,,,,,,,,,23965682.122461535,,23965682.122461535
amine boukamir__2006-10-23,,,,,,,280288.25949838356,,,,,,282518.2704421593,,320321.5757147882,,,321964.7951254853,301273.22519520414,22971.706051736404,301419.9230784738
amine boutrah__2000-10-26,,,,,,2507706.4595552906,2470320.023144412,2400190.577402177,,2530426.9860703317,,2590351.5374717913,2255742.0810114793,2589399.931548427,2689743.5934282914,,,,2504235.148704025,132829.01539162634,2519066.722812811
amine el ouazzani__2001-07-15,,,,,2778793.719591149,2511214.1088018403,,,,,,2816975.237500239,2618464.180788521,,2687908.4033019473,,,,2682671.1299967393,123313.23631100512,2687908.4033019473
amine gouiri__2000-02-16,,,,,,,,26639218.43404866,25270881.91645179,,,,,,23492000.80557958,,,,25134033.718693346,1578065.3573787543,25270881.91645179
amine harit__1997-06-18,,,,,,5798999.164504522,,,5633268.559913043,,,,,,5080865.074149724,,,,5504377.5995224295,376017.0244619775,5633268.559913043
amine ouahabi__2008-07-04,,,,,,,358741.1687938438,,,395512.52287423785,377041.8010592679,,,,,,,,377098.49757578317,18385.742603921834,377041.8010592679
amine salama__2000-07-18,,,,,,,,1312069.2469376787,,,,,,,,1289091.9011377762,,,1300580.5740377274,16247.43702877926,1300580.5740377274
amine sbai__2000-11-05,,,,,,1922596.14812963,,1986926.4240112184,,2101555.3069106876,,1985286.1843051172,,,,,,1727049.926831941,1944682.798037719,137744.35531565474,1985286.1843051172
amir abedzadeh__1993-04-26,,,,,,,,582147.3378533482,,689837.4099139263,,,687572.3887543243,,,,,,653185.7121738662,61531.45983795515,687572.3887543243
amir abrashi__1990-03-27,,,,,,,,,,,337615.6883332925,,,317154.7411204147,,307953.1540360533,,,320907.8611632535,15183.244639262446,317154.7411204147
amir hadziahmetovic__1997-03-08,,,,,,2155729.076652699,,2253662.847453097,,,,,2888738.937643426,,,,,,2432710.2872497407,397956.4716783869,2253662.847453097
amir murillo__1996-02-11,,,,,,,,6721633.613633592,,,,,,,,,,,6721633.613633592,,6721633.613633592
amir richardson__2002-01-24,,,,,,,,,,6140199.319159232,,,6153926.283843446,,,,,,6147062.801501339,9706.42981331563,6147062.801501339
amir rrahmani__1994-02-24,,,,,,,24167527.78457204,,,,,,,,,20202766.77830273,,,22185147.281437382,2803509.393317029,22185147.281437382
amourricho van axel dongen__2004-09-29,,,,,,,,,,,1556189.7138389738,1499464.6822669832,,,,,1355248.811438457,,1470301.0691814714,103596.32624053118,1499464.6822669832
anan khalaili__2004-09-03,,,,,,10988440.802543774,5171687.716441984,,,10536696.634151444,,,,,,,,,8898941.7177124,3235789.7012798693,10536696.634151444
anass salaheddine__2002-01-18,Anass Salah-Eddine,DEF,4849999.999999997,8653042.402314503,,,8895312.389211504,,,9709005.61922297,9056979.555661667,,,7930777.169498799,,,,,8849023.427181888,645473.1872554682,8895312.389211504
anastasios bakasetas__1993-06-28,,,,,,,3651760.823470643,,,,,,3243769.5308161993,,,,,,3447765.177143421,288493.40970102226,3447765.177143421
anatoliy trubin__2001-08-01,,,,,,,,,,27168302.957081925,,29003194.619282037,27630365.84143777,,,,,,27933954.47260058,954374.871699456,27630365.84143777
anders brset__2006-02-22,,,,,,,,,,,,,298116.03004057315,,322989.6757822053,,,,310552.8529113892,17588.323576739986,310552.8529113892
anders christiansen__1990-06-08,,,,,,,,,,,,,,557609.3474737777,,,618761.624339751,,588185.4859067644,43241.18965692692,588185.4859067644
anders dahl__2002-05-01,,,,,,,633169.372215151,,,,,,,,,,,633342.4905634156,633255.9313892833,122.4131580057138,633255.9313892833
anders dreyer__1998-05-02,,,,,,,,11179205.650972344,,,,,,,,,,,11179205.650972344,,11179205.650972344
anders klynge__2000-10-14,,,,,,,,,,,,,,1340533.0839737123,,,1387225.9524169217,,1363879.5181953171,33016.84390924475,1363879.5181953171
anders trondsen__1995-03-30,Anders Trondsen,DEF,487499.9999999996,546754.0299967414,,,,,,,,,,,,578216.9702590479,,,562485.5001278947,22247.658415544167,562485.5001278947
anderson lucoqui__1997-07-06,,,,,,,,599444.1686239585,594633.2456564598,,,,,,,,,,597038.7071402092,3401.836254084408,597038.7071402092
andi zeqiri__1999-06-22,,,,,,,,,,,,2014793.1806110407,2233535.5369719644,,,,,2133643.8791150413,2127324.1988993487,109508.02886137528,2133643.8791150413
andras schafer__1999-04-13,,,,,,,,,4888790.277328492,,,,,,,,5325179.128140223,,5106984.702734358,308573.51564317965,5106984.702734358
andre ayew__1989-12-17,,,,,,,,,671594.8502223094,,,,,,,,,844945.4157924001,758270.1330073548,122577.36043713444,758270.1330073548
andre brooks__2003-08-20,Andre Brooks,MID,2800000.000000002,3002653.5058385083,2363806.7242117054,2978370.072085784,,3092029.746261966,,3012997.4022253896,,,,,,3063944.7892141338,,,2918967.0399729144,275153.07670379884,3007825.454031949
andre onana__1996-04-02,,,,,,,,,13681178.894402243,,,,,,,,,,13681178.894402243,,13681178.894402243
andrea adorante__2000-02-05,,,,,2032955.8920769177,,,2340928.228477472,,,,,,,,,,,2186942.0602771947,217769.32748669654,2186942.0602771947
andrea belotti__1993-12-20,,,,,,,5002007.897639528,4093402.6255638627,,,,,,,,,,,4547705.261601696,642480.9493065509,4547705.261601696
andrea cagnano__1998-06-17,,,,,,,713905.7272903158,,,,,649917.7182906552,,,,,,,681911.7227904855,45246.35507828585,681911.7227904855
andrea cambiaso__2000-02-20,,,,,,,,,23464111.17246047,,,,,,,,21959236.623713877,16929404.752921853,20784250.849698734,3422139.7800562265,21959236.623713877
andrea carboni__2001-02-04,,,,,,,,,2512505.028879421,2443036.9557364057,,2390140.56051354,,,2516469.28518203,,,,2465537.9575778493,60528.14355353774,2477770.9923079135
andrea ciofi__1999-06-28,,,,,,,1056821.0057903284,,,,1179420.4032044152,,,1061867.238850919,,1094713.045547233,,,1098205.4233482238,56689.80897513778,1078290.142199076
andrea cistana__1997-04-01,,,,,,,1170330.0238664674,1093145.4230222693,,,1226696.4577790725,,,,,,,,1163390.6348892695,67045.4029795172,1170330.0238664674
andrea colpani__1999-05-11,Andrea Colpani,MID,14750000.0,11075266.740833882,,,,,,,,,9064462.656462533,,,,,,10069864.698648207,1421853.2036965874,10069864.698648207
andrea favilli__1997-05-17,,,,,,,,,,,,,,1045283.2860193236,,,,1204417.447276313,1124850.3666478184,112524.84454325082,1124850.3666478184
andrea fulignati__1994-10-31,,,,,,935161.5467972743,,,,,,,,,,,,,935161.5467972743,,935161.5467972743
andrea ghion__2000-02-23,Andrea Ghion,MID,1175000.0,1424514.8979137556,,,,,,1457129.9224373158,,1378188.0689290627,,1507001.0430489,,,,,1441708.4830822586,54256.801613313204,1440822.4101755358
andrea masiello__1986-02-05,,,,,,,,,,,275781.80598688906,,,,,,,,275781.80598688906,,275781.80598688906
andrea oliveri__2003-01-14,,,,,,720525.72661581,,843256.6267418447,,763194.19082437,,842247.1544090003,849767.21852525,,,,,,803798.1834232549,58590.59349613126,842247.1544090003
andrea papetti__2002-07-03,,,,,,,,,1544794.6353250693,,1485886.846433024,,,,1513439.6361023353,,,1566856.4652338636,1527744.395773573,35483.072171944994,1529117.1357137023
andrea petagna__1995-06-30,,,,,,1794751.148426476,,1760910.075341002,1909024.3721768418,,,1814874.3296002762,1942137.3772166793,,,,,1947352.2585589339,1861508.260220035,81091.62437019193,1861949.3508885591
andrea pinamonti__1999-05-19,Andrea Pinamonti,FWD,11250000.000000019,11734421.447287317,,,,,,,,,,,,,,,11734421.447287317,,11734421.447287317
andrea tiritiello__1995-03-28,,,,,,,,,,,,725558.7791519054,,,,,,,725558.7791519054,,725558.7791519054
andreas christensen__1996-04-10,Andreas Christensen,DEF,14750000.0,19151561.049835663,,,16192044.907247528,,,,22819076.20055145,,,,,,20939762.225393344,17691137.26907163,19358716.33041992,2613682.1579568,19151561.049835663
andreas cornelius__1993-03-16,,,,,,,,,,,,,,1088634.1515936358,,1145093.5559386204,,,1116863.853766128,39922.82767409181,1116863.853766128
andreas hancheolsen__1997-01-17,,,,,,,5016712.252495145,,,,,,,,,,5049125.144794702,,5032918.698644923,22919.3759428854,5032918.698644923
andreas hansen__1995-08-11,Andreas Hansen,GK,1050000.0000000007,918127.1025326363,,,,,925687.4218525279,,,,,,,868017.3380378572,,,903943.9541410072,31342.158756569635,918127.1025326363
andreas kuen__1995-03-24,,,,,,,658873.2674764516,,,746769.698277425,,,,685080.5958277466,,,,,696907.8538605411,45126.03086155822,685080.5958277466
andreas linde__1993-07-24,,,,,,,,,,,,,493846.0790553469,,,451620.2350352006,,,472733.15704527375,29858.180647970872,472733.15704527375
andreas muller__2000-07-20,,,,,,,,,,,1727680.6851044025,,,1768482.6308692377,1651544.5495739027,,,,1715902.6218491811,59352.09174739835,1727680.6851044025
andreas nibe__2003-05-31,,,,,,579017.333810876,,,549561.2941844149,,525510.0029560314,532662.1412034881,,552999.452435696,,,,,547950.0449181013,20799.907228584005,549561.2941844149
andreas ntoi__2003-02-02,,,,,,,,3020344.2287346707,,2952870.9650311107,,2969877.816808263,,,,,,,2981031.0035246816,35092.10038101179,2969877.816808263
andreas oggesen__1994-03-18,,,,,,,,,409135.4627201095,,,411616.57160617976,,,,,,301793.8783196177,374181.970881969,62702.20039151566,409135.4627201095
andreas poulsen__1999-10-13,Andreas Poulsen,DEF,999999.9999999997,1320150.8133216521,,,,,1314004.264761588,,,,,,,,1361172.2840759314,,1331775.7873863906,25642.943045094245,1320150.8133216521
andreas pyndt__2001-03-04,,,,,615082.2234920482,,,,,,,,,,,,613864.7030342183,,614473.4632631333,860.9169719648941,614473.4632631333
andreas schjelderup__2004-06-01,,,,,,,,,,,7833687.739470865,,,10586711.10723992,,,,,9210199.423355393,1946681.492114526,9210199.423355393
andreas skov olsen__1999-12-29,,,,,,,,,,,,,,5715867.746290626,,,6075404.038260777,,5895635.892275701,254230.55013475992,5895635.892275701
andreas tetteh__2001-05-25,,,,,3224718.1432539686,,,,,,,,,,,2809975.0810444946,3044735.7632205845,,3026476.329173016,207973.57310852266,3044735.7632205845
andreas verstraeten__2006-01-10,Andreas Verstraeten,DEF,649999.9999999995,366984.647335827,,,386460.7356538362,,,,,,392878.09780920995,,,,,,382107.8269329577,13484.381895497065,386460.7356538362
andreas voglsammer__1992-01-09,,,,,,600162.2695250913,,,613776.4834493184,,,,,,610581.689292669,611472.0502840191,,,608998.1231377744,6042.434212124518,611026.869788344
andreas weimann__1991-08-05,,,,,1350681.650960515,,,1207012.0382648972,,,1078462.140653679,,,1016233.7460177272,1383660.6515449125,,,,1207210.0454883461,161838.5979302835,1207012.0382648972
andreaw gravillon__1998-02-08,,,,,,,1363900.3597910078,,,,1548934.9753400024,1457885.562931796,,,,,,,1456906.9660209354,92521.18933939685,1457885.562931796
andrei coubis__2003-09-29,,,,,,1156941.6356735635,,1115462.2463607427,1194022.1229919253,1277830.3228232001,,,,1279304.496430376,,1207989.982509355,,,1205258.4677981937,65239.68541646197,1201006.05275064
andrei girotto__1992-02-17,Andrei Girotto,DEF,4500000.000000002,3561854.522758487,,3454736.156808098,,3627701.1067650183,,,,,,,,3100456.7280384493,,,3436187.128592513,234896.336068956,3508295.3397832923
andrei marginean__2001-07-03,,,,,,1000810.5955131333,,,937850.2746277312,,,966386.5641682697,,,1134822.40970799,,,,1009967.4610042811,87125.94244603586,983598.5798407015
andrei ratiu__1998-06-20,,,,,,,,15711882.17006482,,15352653.826874394,,,,,17146267.90223238,,,,16070267.96639053,948995.8625234254,15711882.17006482
andrej ilic__2000-04-03,,,,,,5757826.944588358,,,,6130725.141307105,,,,,,,,,5944276.042947732,263678.8435920617,5944276.042947732
andrej kramaric__1991-06-19,Andrej Kramarić,MID,8000000.000000002,8931369.647550005,,10245774.36728993,,11705210.029081043,,,9994061.347907154,,,,11441907.77627614,,,,10463664.633620854,1130743.7766347877,10245774.36728993
andrejs ciganiks__1997-04-12,,,,,,,,,,,736818.1984370102,,,,899928.6428345662,,,,818373.4206357882,115336.50131586316,818373.4206357882
andres cubas__1996-05-22,,,,,,,,,,,,,,,3743547.1527756047,,,,3743547.1527756047,,3743547.1527756047
andres sfait__2004-12-09,,,,,,827943.1051814301,,,,,521821.5669053058,,,,682225.1204910796,,813698.6787956032,658690.5971586991,700875.8137064235,125561.6975831328,682225.1204910796
andres vombergar__1994-11-20,Andrés Vombergar,MID,3550000.0000000014,2366674.1684334143,2570693.5772345024,,,,,,2960680.792555651,,,,,2515401.2130559976,,,2603362.4378198916,253312.833607082,2543047.39514525
andrew hjulsager__1995-01-15,,,,,,,,867859.1805233727,853355.6491210685,,,,,,,,820831.9915310884,,847348.9403918432,24082.1414838324,853355.6491210685
andrew moran__2003-10-15,,,,,,2674183.335749856,,,,,,,,,,,,,2674183.335749856,,2674183.335749856
andrew omobamidele__2002-06-23,Andrew Omobamidele,DEF,6099999.999999996,4809483.700728038,,,,,,,4984980.715658733,,5270499.095826414,,,,,,5021654.5040710615,232685.46086253898,4984980.715658733
andrew robertson__1994-03-11,Andrew Robertson,DEF,15249999.999999983,17588758.725292064,,,,,,,,,,,16671766.397913493,,,,17130262.56160278,648411.4929854221,17130262.56160278
andrew shinnie__1989-07-17,,,,,,,,,,209845.84392036768,,,,,,,,,209845.84392036768,,209845.84392036768
andri fannar baldursson__2002-01-10,Andri Fannar Baldursson,MID,887500.0000000002,546134.9740932737,,,425916.52384237974,,,,,,,,,,,,486025.7489678267,85007.28139614475,486025.7489678267
andrias edmundsson__2000-12-18,,,,,853821.6809645271,,742650.1085657419,,,938680.5670210456,,,,858355.564016645,,,,,848376.9801419899,80544.24473483309,856088.622490586
andries noppert__1994-04-07,Andries Noppert,GK,525000.0000000003,437527.4189652858,,,,,,,,,,,,,,441057.2050315463,439292.3119984161,2495.9356635905733,439292.3119984161
andrija bulatovic__2006-12-27,,,,,,2978522.001583616,,3041711.3451114865,,,,,,,,,3046784.836311948,,3022339.3943356834,38031.671129888615,3041711.3451114865
andrija maksimovic__2007-06-05,,,,,,,,,,,,,3437782.3399472935,5118561.282568105,,,,,4278171.8112576995,1188490.1880027305,4278171.8112576995
andrija novakovich__1996-09-21,,,,,,828758.7631654846,,,,892425.0664472802,,,,,,,,,860591.9148063825,45018.874783637,860591.9148063825
andrija vukcevic__1996-10-11,,,,,876021.4393635456,,,,,,,,956455.3344146432,,872715.3791755168,,,979058.7059129418,921062.714716662,54718.53392068733,916238.3868890945
andrija zivkovic__1996-07-11,Andrija Živković,MID,9249999.999999987,7662163.60104508,,,,,,7424089.276452154,,,5498551.372711798,,,7853899.462312238,8149119.560185497,,7317564.654541354,1050957.1632093906,7662163.60104508
andriy lunin__1999-02-11,Andriy Lunin,GK,24749999.999999993,22346323.51198867,,,,,,,20484584.262274154,,,,,,19630750.67704569,19366282.2112055,20456985.165628504,1346929.52823244,20057667.469659925
andriy yarmolenko__1989-10-23,,,,,,741833.9104166307,548278.2157431056,,,,,619996.9090012398,614556.8670936247,,,719454.9259574112,767881.378183688,,668667.0343992834,86679.2324114211,669725.9174793256
andy diouf__2003-05-17,Andy Diouf,MID,13499999.999999993,9400436.787456943,,,,,,,11966135.882436575,,,10742878.485421047,,,,,10703150.385104856,1283310.8364542383,10742878.485421047
andy najar__1993-03-16,Andy Nájar,DEF,1050000.0000000007,1401583.181568605,,,,,1374636.3961724665,,,,,,,,1474592.0141928752,1192543.1715232795,1360838.6908643066,119880.06588959842,1388109.7888705358
andy pelmard__2000-03-12,,,,,2076486.6596656197,,,,,,1580352.4405949605,,,,,,,,1828419.55013029,350819.87068355526,1828419.55013029
andy visser__2004-09-22,,,,,,,,,387827.20327557396,,,,,,,,356463.2952350863,,372145.2492553301,22177.632059940115,372145.2492553301
anel ahmedhodzic__1999-03-26,,,,,,,,,,,6534927.670820062,,,7348863.284543651,,,,,6941895.477681857,575539.3919131842,6941895.477681857
anfernee dijksteel__1996-10-27,,,,,1432229.154968123,1580706.344477084,,1351889.0649215593,,,,,,,,,,,1454941.5214555888,116087.14635735303,1432229.154968123
angel di maria__1988-02-14,Ángel Di María,MID,6499999.999999999,7513502.521490168,,,,,,7638402.998479912,,,,,,,,,7575952.75998504,88317.97425288249,7575952.75998504
angel gomes__2000-08-31,,,,,,12374785.465361195,,,12662011.347159041,,10855561.99727307,,,,,,,12554804.368032318,12111790.794456407,845829.1141016409,12464794.916696757
angel torres__2000-04-06,Ángel Torres,MID,700000.0000000006,1024507.0600621409,,,994413.942553708,983305.2297001254,,,,1063427.6617543523,,,,,,,1016413.4735175816,35851.43051550076,1009460.5013079245
angelo fulgini__1996-08-20,,,,,3027022.4137687273,3324882.9640051895,,3222895.3940106886,,3265709.7484295904,,,,,,,,,3210127.630053549,129033.19286227267,3244302.5712201395
angelo stiller__2001-04-04,,,,,,,,,,,,,,,,44562955.33960553,,45005337.42670615,44784146.38315584,312811.3736643046,44784146.38315584
angelos angelopoulos__2003-02-19,Angelos Angelopoulos,GK,437499.9999999996,536403.1492118799,,494357.5224674905,,,,,,506335.5512697937,,,,,550884.9438211203,,521995.29169257113,26148.754694713294,521369.35024083685
angus gunn__1996-01-22,,,,,,,,,,1767209.6941402461,,,,,,1857807.189669239,,,1812508.4419047427,64062.10344706885,1812508.4419047427
anis slimane__2001-03-16,,,,,,,,,,,,1220568.7289692697,,,,,,,1220568.7289692697,,1220568.7289692697
anl yigit cnar__2003-07-10,,,,,403703.0311835019,,,,,,,,,,,,419292.1867885303,,411497.60898601613,11023.197641287887,411497.60898601613
anouar ait el hadj__2002-04-20,,,,,,6726695.561234581,6399342.637463992,,,5718447.549059524,,,,5372270.781238177,6326392.237301507,,,5861515.323884079,6067444.01503031,501855.44983427675,6093953.780592794
anouar el azzouzi__2001-05-29,,,,,1814584.469440733,1931250.0577106555,,1771224.634357538,,1965228.3026950234,,,,,,,,,1870571.8660509875,92459.26123718782,1872917.2635756943
anrie chase__2004-03-24,,,,,,1632812.148109872,,,,,,,1613869.3539289287,,,,,1512534.3196873884,1586405.2739087297,64671.44478843827,1613869.3539289287
anselmo garcia macnulty__2003-02-19,,,,,1762147.5924166744,,,,,1739370.2227274156,,1647536.7800249888,,,,,,,1716351.5317230262,60673.75611363782,1739370.2227274156
ansgar knauff__2002-01-10,,,,,,,,12524910.186379027,,,,,,,15026129.191270819,14661838.063723436,,,14070959.147124426,1351250.3647247928,14661838.063723436
anssi suhonen__2001-01-14,,,,,,1016926.106328851,1285732.0445408695,902893.284647741,,,,,1056414.6935333852,1001069.8732833685,,,,1137221.4352869226,1066709.5729368564,131659.781534431,1036670.3999311181
ante budimir__1991-07-22,Ante Budimir,FWD,9750000.000000004,9492886.43188733,,,10594786.251138609,10699443.104477897,,,,,,9851303.25045725,,,9479070.641701682,,10023497.935932554,589676.3660274565,9851303.25045725
ante palaversa__2000-04-06,Ante Palaversa,MID,749999.9999999998,825069.3953545875,,,760716.4647736419,,,812203.4984355778,,852318.9047275301,,835827.4421525598,755328.5162304986,,,,806910.7036123993,40125.96171092708,818636.4468950827
ante rebic__1993-09-21,,,,,,,,1782314.2071213536,1837294.204451818,,,1851416.3564188692,,,,,,,1823674.9226640137,36508.77136655999,1837294.204451818
antef tsoungui__2002-12-30,,,,,,,,,,968409.5774487206,,,,,,,,827917.0342030035,898163.3058258621,99343.23003519082,898163.3058258621
anthony bermont__2005-02-10,,,,,,,2192608.7758653588,,2838379.430576629,,2556578.339985311,,,2631794.5873299204,,,,,2554840.2834393047,269277.4893218897,2594186.4636576157
anthony briancon__1994-11-29,,,,,1193588.4227611308,1139483.4547974803,,,,,,1148110.9014903111,,,,,1205437.0166750588,,1171654.9489309953,32719.171647999243,1170849.662125721
anthony caceres__1992-09-29,,,,,,,,,,,,,683173.7952406668,,,,,,683173.7952406668,,683173.7952406668
anthony caci__1997-07-01,,,,,,,,,11347604.47783548,,,12094885.492064584,,,12938496.575003581,,,10712395.431020897,11773345.493981134,960526.8451739297,11721244.984950032
anthony dennis__2004-06-21,,,,,,2789235.6051754444,,,,,,,,2453809.5343043855,,2632817.513790074,,,2625287.551089968,167839.76736369092,2632817.513790074
anthony descotte__2003-08-03,,,,,,,,1188751.196729895,1189944.262424383,,1369893.232537121,1372331.250795818,,,,1287951.3343811845,,1219214.6454715396,1271347.6537233235,85265.62914217051,1253582.989926362
anthony lopes__1990-10-01,,,,,1376888.4122943047,,,,,,,,,1599291.257898768,,,,,1488089.8350965362,157262.56028210072,1488089.8350965362
anthony moris__1990-04-29,,,,,,,,,,,,,,,,,,786153.3277407801,786153.3277407801,,786153.3277407801
anthony musaba__2000-12-06,,,,,,3126661.748363057,,,,,2378912.303963451,3963003.0748573416,3982969.8385903183,3986623.6619922123,,,,,3487634.1255532755,721090.9787973581,3963003.0748573416
anthony nwakaeme__1989-03-21,Anthony Nwakaeme,MID,700000.0000000006,885985.9606465758,,,,,,,,,,,,,,1099414.4580310916,992700.2093388337,150916.73779904647,992700.2093388337
anthony oyono__2001-04-12,,,,,949915.419887465,,,,,,,,,,,,,764548.8076083581,857232.1137479115,131073.98854813402,857232.1137479115
anthony racioppi__1998-12-31,,,,,1229956.6397826804,,,1132061.730425373,,,1119079.977060109,,1115935.3592346048,,,1218495.036346651,1188762.600878202,1193797.6694706653,1171155.5733140407,47976.957031581514,1188762.600878202
anthony ralston__1998-11-16,,,,,,,1944678.5953648444,1696231.8875102282,1901858.656802724,,,,,,,,,,1847589.713225932,132816.71709033853,1901858.656802724
anthony ribelin__1996-04-08,,,,,,,,,,,,,415047.84854125325,,,,,,415047.84854125325,,415047.84854125325
anthony rouault__2001-05-29,,,,,,,,,,,,,,,7520850.303004191,7905532.070955862,,,7713191.186980027,272011.0867174565,7713191.186980027
anthony valencia__2003-07-21,,,,,,,,,1581263.9231782872,,1667177.2166743462,,,1501650.413696888,,,,,1583363.851183174,82783.37936569066,1581263.9231782872
antoine baroan__2000-06-24,,,,,,,,878466.3365928277,855133.1489975213,,,918688.7403063441,853931.6629427237,,,,,,876554.9722098542,30274.391597244743,866799.7427951745
antoine bernede__1999-05-26,Antoine Bernede,MID,2000000.0000000016,3055923.8118074695,,2956534.213732583,,,,,2714627.6173457215,,,,,,,,2909028.5476285913,175537.35876589286,2956534.213732583
antoine bernier__1997-09-10,,,,,,,,,,1593981.732663767,,,,,1626478.988019431,1387531.3251125335,,,1535997.348598577,129597.98609057031,1593981.732663767
antoine colassin__2001-02-26,,,,,,852623.1224717619,984157.4535329675,,,,,,871104.3685697544,,,798358.5479609682,,,876560.873133863,78092.71652945019,861863.7455207582
antoine griezmann__1991-03-21,Antoine Griezmann,MID,15749999.999999972,17971773.117937375,,15718789.46123221,15475289.576257242,13643944.901571853,,,,16978262.018856205,14894840.688344961,,,,,,15780483.29403331,1528563.6020677562,15597039.518744726
antoine joujou__2003-03-12,Antoine Joujou,MID,2100000.000000001,1973884.074096716,,2108282.162774871,,,,,,,,,2053007.0737969175,,,1908480.5522986345,2010913.4657417848,87780.4317659995,2013445.5739468168
antoine leautey__1996-04-14,,,,,,,1510455.9332671326,,,,,,1741483.2626878298,,,,,,1625969.5979774813,163360.99127279336,1625969.5979774813
antoine makoumbou__1998-07-18,,,,,,,,,,,,3751459.4788157037,,,,,4082762.7526512733,,3917111.1157334885,234266.79155843495,3917111.1157334885
antoine mendy__2004-05-27,,,,,4386594.8901096685,,,,4827920.329421775,,,4762013.155019274,,,,,4802076.33152941,,4694651.176520032,207153.0374612075,4782044.743274342
antoine rabillard__1995-09-22,,,,,,,,548113.6840104328,538763.3677531851,,,,564832.6055553722,539649.9229423829,576827.8009871393,,538337.7293192499,,551087.5184279603,16159.168667801243,543881.8034764079
antoine semenyo__2000-01-07,Antoine Semenyo,MID,50749999.99999993,42905744.28200357,,,,,,,,,,,,,,,42905744.28200357,,42905744.28200357
anton gaaei__2002-11-19,Anton Gaaei,DEF,4300000.000000002,3135409.12667477,,,3045671.0916653867,,3215295.107694934,3179785.4300492406,2812774.4791130656,3175772.7172854193,,,,,,3111861.5353147653,3096652.783971083,136727.45810969477,3135409.12667477
anton kade__2004-01-17,,,,,,,,,,,,3573868.4662868716,,3282251.4877084624,,3578631.852646282,,3152271.4974209038,3396755.82601563,213956.0755750116,3428059.976997667
anton kresic__1996-01-29,,,,,466535.7307705078,,,,,,342630.9636709639,,,,,,,,404583.34722073586,87613.90103742735,404583.34722073586
anton saletros__1996-04-12,,,,,2434077.5806659595,,,2350190.385238013,,,2415592.6342829377,,,,,,,,2399953.533395637,44076.08758288325,2415592.6342829377
anton stach__1998-11-15,Anton Stach,MID,18250000.00000002,15349722.837553998,,,,,,,,,,,,,,,15349722.837553998,,15349722.837553998
anton tanghe__1999-01-28,Anton Tanghe,DEF,1249999.999999999,1631571.0216236126,,,,,1928900.9024853758,,,,,,,,,1635854.382116905,1732108.7687419646,170440.44332769845,1635854.382116905
anton tsarenko__2004-06-17,,,,,967971.128607453,,,,,,,,,,,,,,967971.128607453,,967971.128607453
antonee robinson__1997-08-08,,,,,,,27307418.217615634,,,,,,,,,,,,27307418.217615634,,27307418.217615634
antoni milambo__2005-04-03,,,,,,,,11274794.117422748,,,,,10238615.59133912,,,,,,10756704.854380935,732688.862313615,10756704.854380935
antonin barak__1994-12-03,,,,,,,,3371638.794577564,,,,,,,,,,,3371638.794577564,,3371638.794577564
antonin bobichon__1995-09-14,,,,,,,,,,,,,,1239667.463591975,,1170579.9901835916,,,1205123.7268877833,48852.22094211313,1205123.7268877833
antonin kinsky__2003-03-13,,,,,9147858.595658517,,,8514006.027103852,,,,,,,8491662.731325535,,,,8717842.451362634,372572.4345451255,8514006.027103852
antonino gallo__2000-01-05,Antonino Gallo,DEF,4999999.999999999,6860305.5336937485,,,,,,,,,7975343.210507798,,6729981.1568371365,,,,7188543.300346228,684497.3957389885,6860305.5336937485
antonio barreca__1995-03-18,Antonio Barreca,DEF,837499.9999999995,799505.8464639939,,,,911078.731613081,,,,,,,,,,,855292.2890385374,78893.9436854673,855292.2890385374
antonio candela__2000-04-27,,,,,,,,,,,,,,,,,1611407.4104232935,,1611407.4104232935,,1611407.4104232935
antonio caracciolo__1990-06-30,,,,,,636147.0035484128,,,,,,,,,613226.2074169514,,,577315.4326520585,608896.2145391409,29653.83722681783,613226.2074169514
antonio colak__1993-09-17,,,,,1032968.3666170762,986907.367437313,,,,1090760.2693551003,1164618.5851031002,,,,,,,,1068813.6471281475,76711.06646646603,1061864.3179860883
antonio di nardo__1998-09-30,,,,,,,,,381015.4886633681,,,,,,,355006.96682776086,351664.27060213464,,362562.24203108787,16068.140463912598,355006.96682776086
antonio foti__2003-11-03,,,,,1120097.814575209,,,,,,,1083783.2825171712,,,,,,,1101940.5485461901,25678.251873854813,1101940.5485461901
antonio milic__1994-03-10,,,,,,,,,,1236571.364491477,1489528.1111184126,,,,1292474.926352575,1275489.7663513967,1298195.0550964738,,1318451.844682067,98618.43128789855,1292474.926352575
antonio nusa__2005-04-17,,,,,,23259276.20113863,14724485.574111199,,,,,,,,,,,,18991880.887624916,6035008.328378483,18991880.887624916
antonio palumbo__1996-08-06,,,,,,,,3704102.786595915,,,,3405921.8111194624,,,,,,3829710.330111495,3646578.309275625,217671.71687105938,3704102.786595915
antonio rudiger__1993-03-03,,,,,,,,,,,28339169.774827532,,,,,,,,28339169.774827532,,28339169.774827532
antonio sanabria__1996-03-04,,,,,,,,,,,,4992262.560812394,,,,,,,4992262.560812394,,4992262.560812394
antonio tikvic__2004-04-21,,,,,,,,,,,,,,,,,897761.0918856476,,897761.0918856476,,897761.0918856476
antonio vergara__2003-01-16,,,,,,,1809273.6277876159,,,,,1943612.5818280522,,,,,1826548.7417657275,1613151.180784563,1798146.5330414898,137008.6972958814,1817911.1847766717
antonios papadopoulos__1999-09-10,,,,,,,,,2045244.828493161,,,,,,,,,,2045244.828493161,,2045244.828493161
antonis tsiftsis__1999-07-21,Antonis Tsiftsis,GK,1050000.0000000007,1349740.6997527347,,,,,,,,,1332401.6693569038,1224135.5688135074,,,,1332168.5745268275,1309611.6281124933,57575.17090856803,1332285.1219418657
antony evans__1998-09-23,,,,,,,,,,,,,,,,,646888.6466229368,572738.9798550084,609813.8132389726,52431.73219432496,609813.8132389726
antwoine hackford__2004-03-20,,,,,,,,,,,,272055.0198592628,,,,,,,272055.0198592628,,272055.0198592628
apostolos konstantopoulos__2002-08-02,,,,,,,1196280.9194989058,,,,,1127995.9582013416,,,,,,,1162138.4388501237,48284.7591865686,1162138.4388501237
aral simsir__2002-06-19,,,,,7755597.726315657,,8520914.685559418,,,7892369.862695226,,8098219.100239699,,,,,,,8066775.3437025,333906.1909256034,7995294.481467463
arber zeneli__1995-02-25,,,,,,,,1389487.803895849,,,,,1303011.399354749,,,,1497769.3444440272,1555428.1320506947,1436424.16993633,112438.37311409981,1443628.574169938
arbnor mucolli__1999-09-15,,,,,971245.8382299214,,1087105.8160399173,,,1019785.3803461166,,,1619235.3164764023,,,,1018383.3635400418,,1143151.14292648,269320.7951975712,1019785.3803461166
arbnor muja__1998-11-29,,,,,,,,,,,3492806.908383107,,,,,,,,3492806.908383107,,3492806.908383107
archie brown__2002-05-28,,,,,,,5134659.683512304,,5339223.967513173,,,,,,,,,5281943.861468577,5251942.504164685,105530.55316946792,5281943.861468577
archie gray__2006-03-12,,,,,,,,,,,15705582.746857483,18137842.66370073,,15058078.518939117,,,,,16300501.30983244,1623786.5836583793,15705582.746857483
archie meekison__2002-05-04,,,,,,,,232710.1535135507,,,,,248372.9303869191,,257665.79262720223,,,,246249.62550922402,12612.584929166436,248372.9303869191
arda guler__2005-02-25,,,,,,,,,,55579188.681683145,,54146013.361466505,,,,,54128792.30541415,35122172.3802749,49744041.68220967,9771581.159686117,54137402.833440326
arda kzldag__1998-10-15,,,,,,1622947.1492432232,1284066.8810354904,,,,,,1665402.67406584,,,,,,1524138.9014481846,208989.35172818188,1622947.1492432232
arda unyay__2007-01-18,Arda Ünyay,DEF,837499.9999999995,1047946.989069546,,,954277.2325117408,,,,,,,,,,,,1001112.1107906434,66234.52005411715,1001112.1107906434
ardian ismajli__1996-09-30,Ardian Ismajli,DEF,3299999.9999999986,3318984.6707587745,,,,,,3687545.190510574,,,,,,,,,3503264.930634674,260611.64279413575,3503264.930634674
ardon jashari__2002-07-30,,,,,,,,,21335168.140483297,,,,,,,,,,21335168.140483297,,21335168.140483297
argyrios liatsikouras__2006-12-20,,,,,,,,876258.2943269477,,,,,,,,,,918760.437885841,897509.3661063943,30053.553925457632,897509.3661063943
arif bosluk__2003-06-06,,,,,,,,,554376.2946673549,583070.5341638403,,,598891.4263361152,,512771.1911342055,650162.2712664717,,477134.76892157726,562734.4144149275,62061.25777982013,568723.4144155977
arif kocaman__2003-09-14,,,,,,,655976.2047291567,,789103.9043330125,722416.051735256,,,,,,,,,722498.7202658084,66563.88830302868,722416.051735256
arijanet muric__1998-11-07,,,,,,2911987.3346317,,2695733.1526303594,,2653595.4104853966,,,,,2483126.981897022,,2665898.1265251795,,2682068.201233932,153051.72220478312,2665898.1265251795
arijon ibrahimovic__2005-12-11,Arijon Ibrahimović,MID,3700000.000000002,5176458.765914737,,,,,,,,5866311.9271051595,,,,,,,5521385.346509948,487799.848300724,5521385.346509948
aritz elustondo__1994-03-28,,,,,,,,4888353.437901805,4622419.119926632,4913015.68534705,,5130521.128082481,,,,,,,4888577.342814492,208146.00449346047,4900684.561624428
arkadiusz milik__1994-02-28,Arkadiusz Milik,FWD,6749999.999999997,8343180.181485119,9223956.050083434,,,,,,,,,,,9109449.738314783,,,8892195.323294446,478895.75411633257,9109449.738314783
armand lauriente__1998-12-04,Armand Laurienté,MID,19000000.000000015,25974938.16631156,25137770.61445427,,,,24536260.80150017,,,,,,,21072802.213726163,,,24180442.94899804,2154122.143526169,24837015.70797722
armando izzo__1992-03-02,,,,,,,,2303767.950398523,,,2085934.0375641028,,,2132704.9021225814,,2249061.4740387937,,,2192867.091031,100848.0311956035,2190883.1880806875
armando obispo__1999-03-05,,,,,,,3861287.109222244,3229722.9741095193,,,,,,,,,,,3545505.041665882,446583.2826924246,3545505.041665882
armel bellakotchap__2001-12-11,,,,,,,,5565205.285130731,,5172825.40693768,,,,,,5490037.497887256,5871401.41295365,,5524867.400727329,286856.3252867505,5527621.391508993
armindo sieb__2003-02-17,Armindo Sieb,MID,3600000.0000000014,4180992.6215678426,,,,,,,,,,,,,3898907.413892261,,4039950.0177300517,199464.36321981912,4039950.0177300517
arnaud bodart__1998-03-11,,,,,2793748.4535768507,,,2650619.40074815,,,,2651875.6108213174,,,2473703.8465821776,2843624.448674076,2499227.356200555,,2652133.186100521,149628.45152835984,2651247.5057847337
arnaud kalimuendo__2002-01-20,,,,,,16871310.378325645,,,,,20335785.867302943,,,,,,17805938.554656003,,18337678.26676153,1792402.8410219825,17805938.554656003
arnaud nordin__1998-06-17,,,,,,,,,,,,3246022.096842281,,,,,,,3246022.096842281,,3246022.096842281
arnaut danjuma__1997-01-31,Arnaut Danjuma,MID,4750000.000000003,6825245.607805391,,,,,,,,4993171.408512171,,,,,,,5909208.508158781,1295472.0899571497,5909208.508158781
arne engels__2003-09-08,,,,,8649010.470642941,,6342543.894113152,,,9978016.184199998,,,,10172447.999998627,,,,,8785504.63723868,1763744.4572185094,9313513.32742147
arne maier__1999-01-08,,,,,2753891.2577533573,,,,4420366.7066280395,,6024828.457866207,,,,,,,,4399695.474082534,1635566.5735951364,4420366.7066280395
arno verschueren__1997-04-08,,,,,,,1390431.8592729385,,1461825.4556616314,,,,,,,,,,1426128.657467285,50482.89613974021,1426128.657467285
arnor ingvi traustason__1993-04-30,Arnór Ingvi Traustason,MID,999999.9999999997,639028.8769248781,566615.1712834713,,,658123.7294576408,,,,,,,,620083.948682117,729720.5240462103,,642714.4500788634,59422.90398976011,639028.8769248781
aron gunnarsson__1989-04-22,Aron Gunnarsson,MID,199999.99999999997,258823.69612673245,,,,,,257720.37832896388,,292307.104158151,,,,259581.6331365608,,,267108.20293760207,16816.64036676002,259202.66463164662
arouna sangante__2002-04-12,,,,,,6759857.362376411,,,,,,6405381.396883349,,5931529.233210706,,,,6675556.543870227,6443081.134085173,373049.8681760562,6540468.970376788
arsen zakharyan__2003-05-26,,,,,,,,,,,,,,5418367.3265845785,,,,,5418367.3265845785,,5418367.3265845785
arsene kouassi__2004-09-11,,,,,,4796401.447007081,5284498.234773943,,4727939.42099674,,,,,,,4686952.448942559,4667007.772125382,,4832559.86476914,257444.2530117978,4727939.42099674
arseniy batagov__2002-03-05,,,,,,,,,9403313.308355527,,8619288.592518603,,,,,8567167.40277523,,,8863256.434549786,468428.4628560567,8619288.592518603
artem bondarenko__2000-08-21,,,,,,13602447.628648672,,15017029.901910795,,14709071.812794846,,,,14402209.617025139,14590724.98824612,,,,14464296.789725114,531048.8649993911,14590724.98824612
artem dovbyk__1997-06-21,,,,,,,27290152.618757173,,29214716.532354705,,,,,,,,,,28252434.57555594,1360872.1941317352,28252434.57555594
artem putivtsev__1988-08-29,,,,,,145851.3807686922,259290.53648528756,,,,169442.50407729275,149018.76310221368,,,182802.70188831384,,,,181281.17726435998,46162.92666568459,169442.50407729275
artem smolyakov__2003-05-29,Artem Smolyakov,DEF,787499.9999999994,710838.4122991588,,664009.6909356772,,,,,,1042251.3814684328,660718.9513155182,771365.4019135782,878577.1615976375,,,,787960.1665883338,148763.34241175553,741101.9071063685
artem stepanov__2007-08-10,,,,,,,,,,,,,,,1549428.6528493995,,1535146.376131806,,1542287.5144906028,10099.094717793057,1542287.5144906028
arthur atta__2003-01-14,,,,,,7256398.720188787,,,,,,,,,,,,,7256398.720188787,,7256398.720188787
arthur masuaku__1993-11-07,Arthur Masuaku,DEF,3299999.9999999986,4472883.269367294,,3961007.537645433,,,,4097567.498723216,,,,4118413.402754018,,,,,4162467.9271224905,218400.88518818485,4107990.450738617
arthur okonkwo__2001-09-09,,,,,,,,,,1677156.4328047486,,,,1665195.5846023576,,,,,1671176.0087035531,8457.596872653647,1671176.0087035531
arthur piedfort__2005-02-01,,,,,,,,,,,3342987.5758882393,3589709.6718853046,,,3766283.427667445,,,,3566326.8918136633,212614.464080598,3589709.6718853046
arthur theate__2000-05-25,,,,,,25365677.15262342,,,,25792103.79257095,,,,,,,,,25578890.47259718,301529.1687854927,25578890.47259718
arthur vermeeren__2005-02-07,,,,,,,,,24469818.94012478,,,23645044.74759391,,,21110620.951773036,,,,23075161.54649724,1750607.873969993,23645044.74759391
arthur zagre__2001-10-04,,,,,,,,,,1647898.9315610079,,,1783568.812515148,,1664604.5702915492,,,,1698690.7714559017,73979.5984166592,1664604.5702915492
artur jedrzejczyk__1987-11-04,Artur Jędrzejczyk,DEF,175000.00000000012,104054.24650010077,,,,,,,,,,,,,,,104054.24650010077,,104054.24650010077
arturo calabresi__1996-03-17,,,,,,,,1068755.2587456969,,1125116.9380177713,,,,,,,,,1096936.098381734,39853.725612345144,1096936.098381734
arturo vidal__1987-05-22,Arturo Vidal,MID,600000.0000000003,220410.4355662204,279242.1392819614,,,,,,,,,310584.326433457,,,,,270078.9670938796,45779.96769270815,279242.1392819614
arvin appiah__2001-01-05,,,,,,,,,,1157382.4512483722,,1133551.5299359483,,,,,,1125788.0140261815,1138907.331736834,16464.0692280042,1133551.5299359483
asbjrn bndergaard__2004-05-05,,,,,,,,696205.3352447881,,664198.287847133,659178.2441798613,678089.0840498573,,669562.4076522777,,632537.0142602266,,,666628.395539024,21158.372464565557,666880.3477497054
aschraf el mahdioui__1996-05-24,,,,,,11634065.838358123,,,,,,14507438.321834434,,12437235.765922107,,,12847466.633308781,,12856551.639855862,1210482.9216851948,12642351.199615445
ashley barnes__1989-10-30,Ashley Barnes,MID,437499.9999999996,735703.5149054277,688838.5318259656,635629.7945495421,,,656761.7942485216,634305.8012075326,,,,,,,651169.0836472973,925564.3627924158,703996.1261681004,103987.23469178096,656761.7942485216
ashley fletcher__1995-10-02,Ashley Fletcher,FWD,825000.0000000006,764082.0670444093,676433.7208695981,690091.452243072,,,,,,725565.9192867674,668301.9546782969,,,,,679243.5560812011,700619.7783672241,37005.31763514301,684667.5041621365
ashley hay__2003-07-10,Ashley Hay,FWD,249999.9999999998,361562.6140340009,,,,,,,,,,325953.7924703663,,,,,343758.2032521836,25179.239197707797,343758.2032521836
ashley maynardbrewer__1999-06-25,Ashley Maynard-Brewer,GK,474999.99999999977,435122.99508040765,,,,,,,,,,,426980.67388356896,,,427629.53989639273,429911.06962012313,4525.304633759046,427629.53989639273
ashley phillips__2005-06-26,,,,,,,,,,4175873.7002199413,3756367.0675693047,,3454337.2540618065,,3652797.733320636,,,,3759843.9387929225,304349.62107634277,3704582.4004449705
ashley westwood__1990-04-01,,,,,,,819150.0298433511,847498.4112554011,,,,829919.4701499866,,851358.621848371,,,,,836981.6332742774,15112.253841124886,838708.9407026938
ashley young__1985-07-09,,,,,,,,,533632.2316833969,,,,,,,643748.6261898548,,,588690.4289366258,77864.04927532951,588690.4289366258
aske adelgaard__2003-11-10,,,,,,,,,,,,,,1149659.5596161895,,,,,1149659.5596161895,,1149659.5596161895
aske andresen__2005-07-12,,,,,620231.5002249053,,,623360.0628400963,624952.9442619592,,,604292.15546037,,,,,,,618209.1656968327,9483.025213175777,621795.7815325009
asker beck__2003-07-07,,,,,,,,,,,,,,,904434.1601495869,,,,904434.1601495869,,904434.1601495869
asmir begovic__1987-06-20,,,,,,,,314692.0702036209,,201103.45306469497,,,,,,,,,257897.7616341579,80319.281444537,257897.7616341579
assan ouedraogo__2006-05-09,Assan Ouédraogo,MID,6999999.999999995,9920504.568076013,,11814153.651708543,,,9808909.582157513,,,,,,,,,,10514522.600647358,1126895.7413542485,9920504.568076013
assane diao__2005-09-07,,,,,,,,,14229838.94567413,,,13933872.027904408,,,,14442896.190685067,,,14202202.388087869,255634.96251501254,14229838.94567413
assane diousse__1997-09-20,Assane Dioussé,DEF,1050000.0000000007,1438509.909550009,,1407381.8792552012,1384310.225217411,,1395319.777278877,1394459.1706413878,,,,,,,,1502490.8202373618,1420411.963696708,44363.85520558385,1401350.8282670393
aster vranckx__2002-10-04,,,,,,,,,6334097.275520616,,,,6495766.377703692,,,,,6238904.777324552,6356256.143516287,129856.58246877756,6334097.275520616
aston oxborough__1998-05-09,,,,,,380797.3371385984,,,,,,,,,,,,,380797.3371385984,,380797.3371385984
ataberk dadakdeniz__1999-08-05,,,,,,,,759992.3801846203,774821.7569636689,,,,,,,768748.9726228602,790205.6625800526,,773442.1930878004,12725.838431688975,771785.3647932645
atakan karazor__1996-10-13,Atakan Karazor,MID,9249999.999999987,8380310.443404366,,,,,,7641114.344084615,,7232031.609542451,,,,,,,7751152.132343811,581994.2492907913,7641114.344084615
atli barkarson__2001-03-19,,,,,,,198606.66789915206,,513210.1994518016,554544.0323006257,,505876.60618771735,,,465975.3527941031,,,,447642.57172668,142717.56295636154,505876.60618771735
atsuki ito__1998-08-11,,,,,,,,,,,,,,,1996305.6945364391,,,,1996305.6945364391,,1996305.6945364391
attila mocsi__2000-05-29,,,,,1361426.6570740917,,,1371438.7841021842,1539320.6660786571,,1407965.9361415955,,,,,,1362794.627845537,,1408589.334248413,75486.26758598433,1371438.7841021842
attila szalai__1998-01-20,,,,,1593625.303339469,1569890.839560182,,,,,,,1696814.0152499028,,,,1735560.5210283445,1968775.22436995,1712933.1807095695,158841.4746637307,1696814.0152499028
august erlingmark__1998-04-22,,,,,,896979.5231310701,,,,,831189.3085001224,,,,,,,885739.6068737102,871302.8128349675,35190.96264503639,885739.6068737102
august priske__2004-03-23,,,,,4104379.4534989404,,,,,,,,,4769323.1238693,,,,4743128.459161273,4538943.678843171,376571.493313773,4743128.459161273
augusto batalla__1996-04-30,,,,,11950298.875221865,11733881.973243015,,12468719.95853998,,,15178907.86208807,,,13305497.955099162,11785329.62274734,11244965.529502394,,,12523943.11092026,1341473.8940223046,11950298.875221865
augusto max__1992-08-10,,,,,,654444.1664172421,,662455.6245582397,,,,,,,,610782.8644197701,,571988.5795679104,624917.8087407905,41961.066739602415,632613.5154185061
aurele amenda__2003-07-31,,,,,,,,,,,,4651241.883534787,,4785639.090846202,,,,4407686.406587039,4614855.793656009,191585.5384343415,4651241.883534787
aurelian chitu__1991-03-25,,,,,,,,,,517246.4310878976,,,,,,499045.64489423303,,,508146.0379910653,12869.899340466724,508146.0379910653
aurelien nguiamba__1999-01-18,,,,,416512.49034874194,,,446336.47695692163,,,,,405210.5235517572,423073.1254827357,,,,,422783.1540850391,17348.98334458026,419792.8079157388
aurelien platret__2003-02-20,,,,,,,,,,,,709859.4476184224,,,,,,,709859.4476184224,,709859.4476184224
aurelien scheidler__1998-06-04,Aurélien Scheidler,FWD,1650000.0000000007,1624617.6101307194,,,,,1712646.6280509913,,1780783.741778045,,,1583645.7732412815,,,,,1675423.4383002594,88488.6647803375,1668632.1190908554
aurelien tchouameni__2000-01-27,,,,,,,56745794.44292681,,56943699.43267973,,,,,,,58413418.71977168,,,57367637.53179274,911062.7399308254,56943699.43267973
aurelio oehlers__2004-02-05,,,,,,,,965414.6837940286,,,,1034885.4709034639,,,,891185.1977589905,,1038010.6054967289,982373.989488303,69416.38257156977,1000150.0773487462
auston trusty__1998-08-12,,,,,,,,7158231.006426359,,,,,,7028366.092085346,,6562734.578833151,,,6916443.892448285,313127.66230048524,7028366.092085346
awer mabil__1995-09-15,,,,,,,,,,,834104.1494721539,,915074.7080074424,915765.0609971788,,,,,888314.6394922584,46948.93042421196,915074.7080074424
axel bjornstrom__1995-09-10,,,,,,,,,,391261.17872760026,,,,412985.7522723163,,,,,402123.46549995826,15361.593271854594,402123.46549995826
axel borgmann__1994-07-08,,,,,,,,,,,,,,,,,526888.0677529369,,526888.0677529369,,526888.0677529369
axel camblan__2003-08-30,,,,,,824340.7188907713,,,,898843.8701958989,,,,,,842857.8706830133,,,855347.4865898945,38790.111726118426,842857.8706830133
axel disasi__1998-03-11,,,,,12753000.247330777,,,,,,,,,,,,12070469.130680121,,12411734.68900545,482622.38095450524,12411734.68900545
axel gueguin__2005-03-24,,,,,,,,,,,,533053.9824313127,640395.2580703506,,,560131.5290251109,518501.8323154902,,563020.650460566,54390.879404690495,546592.7557282117
axel piesold__2005-03-31,,,,,,,180894.3757006312,,,,,,189844.1728714905,,,,,201258.9338166651,190665.82746292895,10207.112423014381,189844.1728714905
axel tape__2007-08-10,,,,,,,,2347960.7731991927,1952263.070065806,,,,,,,,1947813.487839893,,2082679.1103682972,229751.43127136334,1952263.070065806
axel willockx__2007-02-07,,,,,,,,,,242942.87537063262,,,,227579.71186657395,229194.47871028938,,235226.38011951637,232480.18643789666,233484.7265009818,6057.525527059025,232480.18643789666
axl de corte__2006-03-24,,,,,662962.4996469986,,,,,,,,,675310.5029542434,,656269.2538695592,,693063.4637913539,671901.4300655387,16162.950009437132,669136.5013006211
ayanda sishuba__2005-02-02,,,,,730979.9468080626,,,,,,,,,,700810.4521314036,,,,715895.199469733,21333.054270837027,715895.199469733
ayase ueda__1998-08-28,,,,,,16849629.617654286,19673406.551032394,,,13411150.265648328,17347376.98497004,15319458.687581427,,,,,,,16520204.421377296,2336847.6170285856,16849629.617654286
ayden heaven__2006-09-22,,,,,,11746961.129010608,,,,,,,,10926522.700766684,,11773264.08394004,10787774.688934311,,11308630.65066291,524504.6087530389,11336741.914888646
aymen sliti__2006-03-24,,,,,,,,,1440975.2360489385,,,,,,1309063.574176541,,,,1375019.4051127397,93275.63062755916,1375019.4051127397
aymeric laporte__1994-05-27,Aymeric Laporte,DEF,15000000.00000001,17736041.424182214,,18000876.3886737,,,,,,,,,,,17473721.950312294,,17736879.92105607,263578.21946964436,17736041.424182214
ayoni santos__2005-07-18,,,,,,,568225.6763950288,,786379.3734616829,756328.3108536351,,,,,,,,899630.8290828172,752641.0474482911,137558.34585038738,771353.842157659
ayoub el kaabi__1993-06-25,,,,,,,,,,,11569301.586060323,,,,,,,,11569301.586060323,,11569301.586060323
ayoub oufkir__2006-01-04,,,,,,,1646766.1045985154,1531172.04120281,,1682705.2539394905,,1669713.7091200203,,,1287369.496605104,,,,1563545.3210931881,165618.25858123676,1646766.1045985154
ayumu seko__2000-06-07,,,,,,,,,,,,2797337.9636708763,,2728853.550438332,,,,,2763095.757054604,48425.7930023139,2763095.757054604
ayumu yokoyama__2003-03-04,Ayumu Yokoyama,MID,1249999.999999999,1148928.53068507,1255432.4237855787,,,,,1296306.6765152637,,,1359789.1115177816,1187516.4919341858,,1170398.8996875358,,,1236395.3556875691,81942.56074272668,1221474.4578598822
ayyoub bouaddi__2007-10-02,Ayyoub Bouaddi,MID,25250000.000000004,23417113.542539448,,20549362.117480423,21590089.701112725,,,,,,,,20533098.793768916,19354025.41173444,19773033.582639493,21197733.13245589,20916350.897390187,1342666.0102245559,20549362.117480423
aziz behich__1990-12-16,,,,,,,,535803.2536922406,,474378.49699581513,,,,,,480683.0189475001,,,496954.9232118519,33790.99488169798,480683.0189475001
azor matusiwa__1998-04-28,,,,,,,,,,6242189.546027307,,6187341.131236183,6484445.155404827,,,,,5970824.571242888,6221200.100977802,211007.78121969482,6214765.338631745
azzedine ounahi__2000-04-19,Azzedine Ounahi,MID,15249999.999999983,20571977.327429786,,,22380830.148463264,,21170826.504354257,,,,,,,,19847191.08428008,,20992706.266131848,1072043.62530597,20871401.91589202
bachir gueye__2003-03-08,,,,,,,904532.433947747,897383.1706790099,,,842438.588403177,999503.5184773764,908258.994030252,966873.3021942549,955069.1186587396,,875175.0073493122,932448.680720604,920186.9793844972,48497.531273215354,908258.994030252
badavi huseynov__1991-07-11,Badavi Hüseynov,DEF,349999.9999999997,357322.51191171614,,321004.78039682057,,,,,,419639.4642889295,282727.3096062284,,,351067.7769451746,,,346352.3686297739,50507.984206307716,351067.7769451746
badredine bouanani__2004-12-08,Badredine Bouanani,MID,8999999.999999996,8849533.943446334,,,,,,,8981946.83457299,,,,,,,8045503.342601952,8625661.373540426,506774.8998134524,8849533.943446334
bahadr gungordu__1996-01-16,,,,,,,,763296.7779038791,,722629.4455536918,,,,,,,,,742963.1117287854,28756.14647758445,742963.1117287854
bahadr ozturk__1995-10-01,,,,,,,422469.44184520835,,,,,,,531563.9371375514,510431.69459695456,,546869.7217340977,,502833.698828453,55619.96418197097,520997.815867253
bahmed deuff__2006-03-10,,,,,,988962.2114457308,,,,,,988380.5536536132,,,,969377.2843569091,,,982240.0164854176,11143.248619864316,988380.5536536132
baila diallo__2001-06-24,,,,,,,,,,,,,,947552.361275764,,989748.431820651,,,968650.3965482075,29837.12762171561,968650.3965482075
bailey peacockfarrell__1996-10-29,,,,,,,,,512490.88874259865,,,,,517375.58411167166,,,,,514933.2364271352,3454.001219502055,514933.2364271352
bailey rice__2006-10-04,,,,,,,,,,,,,,,,664755.1355710132,643537.5558509046,,654146.3457109588,15003.094500454998,654146.3457109588
baily cargill__1995-07-05,,,,,,,504676.5807968653,,,487399.6997869502,,479707.45415571384,,497336.12359606154,,,,,492279.9645838977,10971.56689573878,492367.91169150587
bakary haidara__2005-06-01,,,,,,620028.2782535627,,,,,,,,,,,,,620028.2782535627,,620028.2782535627
bakery jatta__1998-06-06,,,,,,,,,,,1050358.200737139,,,1240864.3711161092,1358290.1524196952,,,,1216504.2414243144,155404.58054931273,1240864.3711161092
bali mumba__2001-10-08,,,,,,,,,,,,,2261723.746008231,,,1565648.343121041,,,1913686.044564636,492199.63759869,1913686.044564636
balthazar pierret__2000-05-15,Balthazar Pierret,MID,1249999.999999999,1341169.963641528,,,,,1322868.081019244,,1127359.2280420135,,1277703.8971758753,,,,,,1267275.2924696652,97015.87747607275,1300285.9890975596
bamba dieng__2000-03-23,,,,,,,,2783167.847773785,2943654.719297405,2726595.9713084637,,,2616295.7872043494,,,,,,2767428.581396001,136396.23615590524,2754881.9095411245
bambase conte__2003-07-07,,,,,,,,1964580.258903145,,,,2049026.8441765856,,,,,2047170.8351607108,,2020259.3127468138,48228.40418323391,2047170.8351607108
bambo diaby__1997-12-17,,,,,,,,1333273.1129473038,,,,,,,1487235.274392145,,1275866.2196151789,,1365458.2023182092,109298.34999983714,1333273.1129473038
bamo meite__2001-12-03,,,,,,5564954.701332813,,,,,,,,,5278803.763985926,,,,5421879.23265937,202339.2682408706,5421879.23265937
bandiougou fadiga__2001-01-15,Bandiougou Fadiga,MID,512499.9999999997,588514.976560757,,610000.055030762,,,,,,,,,616952.3032253551,,,,605155.7782722913,14824.663569260487,610000.055030762
baptiste guillaume__1995-06-16,,,,,,,,,,,,,,,,784597.9699998166,,697390.7891529781,740994.3795763974,61664.78894496112,740994.3795763974
baptiste mouazan__2001-09-27,,,,,,,,,,813258.0604355923,857331.0207139605,,783038.7958747059,,,833401.3552430663,,838549.8137999026,825115.8092134455,28275.536519436642,833401.3552430663
baptiste santamaria__1995-03-09,,,,,,4204581.6134232385,,,4823663.839454902,,,,,,,,,,4514122.72643907,437757.24013905245,4514122.72643907
bard finne__1995-02-13,,,,,,1212729.4881587897,,1208050.9325648313,,,,,,,,,,,1210390.2103618104,3308.23838664621,1210390.2103618104
barnabas varga__1994-10-25,,,,,,,,,7349891.640438279,,,7798205.441039087,,,,,,,7574048.540738683,317005.7285043451,7574048.540738683
barry bannan__1989-12-01,Barry Bannan,MID,749999.9999999998,859831.5846534104,,,,,812822.2956174747,738150.1326214218,,,,,,,,,803601.3376307689,61362.557735134586,812822.2956174747
bars alper ylmaz__2000-05-23,Barış Alper Yılmaz,MID,26499999.999999996,25425984.110713594,,,,,,,,,,,,,,,25425984.110713594,,25425984.110713594
bart nieuwkoop__1996-03-07,Bart Nieuwkoop,DEF,2349999.999999999,2888265.17112407,,,,,,,,,2002017.6569115971,2978302.330485178,,2933317.399830532,,,2700475.6395878443,467087.22140753816,2910791.285477301
bart schenkeveld__1991-08-28,,,,,,,,,,,,,,,,1016281.0192595753,,942366.4492199048,979323.7342397401,52265.493703538996,979323.7342397401
bart van rooij__2001-05-26,,,,,,,,,,,,,,,,5230928.962025517,,5603348.660560221,5417138.811292869,263340.49428133946,5417138.811292869
bart verbruggen__2002-08-18,,,,,,28340654.517818388,25693593.903759647,,,,30087514.628296953,,,,,27603516.645230554,,,27931319.92377639,1819487.3951901412,27972085.58152447
bart vriends__1991-05-09,,,,,,,,285086.58876886114,,,,,,310648.43796443,,,,309541.81373318157,301758.94682215754,14449.283601282294,309541.81373318157
bartol franjic__2000-01-14,,,,,,,,,1634640.451319123,,,1695898.216458436,,,,,,,1665269.3338887794,43315.781130341245,1665269.3338887794
bartosz bereszynski__1992-07-12,,,,,,914924.9496342968,932598.201870979,,,898934.0338434645,,,1010873.0297527435,,,,,,939332.5537753709,49635.88336152666,923761.5757526379
bartosz salamon__1991-05-01,,,,,,,,,,,,,416757.28309836943,,,388067.4250824845,,,402412.35409042693,20286.793154311465,402412.35409042693
bartosz slisz__1999-03-29,Bartosz Slisz,MID,3799999.9999999995,3618865.380631143,,,,,,3714089.2499648994,,3923537.4601926534,,,,,,,3752164.0302628987,155863.8370089081,3714089.2499648994
bartug elmaz__2003-02-19,,,,,,,,,,,1575011.3120359133,,,,1623802.3200968367,,1662669.5505695457,1579367.1030549959,1610212.5714393228,41340.00286839885,1601584.7115759163
bas kuipers__1994-08-17,,,,,,,1223331.9370102517,,,,1162873.7318591094,,1408457.2627087731,1244953.389863427,,,,,1259904.0803603902,104950.75246938599,1234142.6634368394
basar onal__2004-07-06,,,,,,,2507085.2426317013,,,,,,,,,,,,2507085.2426317013,,2507085.2426317013
bastien meupiyou__2006-03-19,,,,,,,,,910496.4328212439,828334.073374048,,,829842.4778197935,,,,,854238.1613201058,855727.7863337977,38393.959278922186,842040.3195699496
batista mendy__2000-01-12,,,,,,,,,11346154.635597933,12671148.158895312,,,,,,,,13396627.25788008,12471310.017457774,1039740.8118190145,12671148.158895312
batuhan sen__1999-02-03,,,,,855472.8558225555,,,,,851819.305081472,,,,779401.5024388531,,889944.0708283439,,,844159.4335428061,46463.21056456519,853646.0804520138
batuhan yavuz__2005-05-04,Batuhan Yavuz,DEF,237499.99999999983,295816.4110890024,,,,,,,,,,280834.1196424945,,,,,288325.26536574843,10594.079879538951,288325.26536574843
bazoumana toure__2006-03-02,Bazoumana Touré,MID,10499999.999999994,10389995.601566374,,,,,8476714.130710885,,,,10077056.735148845,,,,9520956.257913884,,9616180.681334998,840366.582422777,9799006.496531364
becir omeragic__2002-01-20,,,,,,,4820544.343730028,,,,,,,,,7131441.166392748,,,5975992.755061388,1634050.8139272563,5975992.755061388
bedirhan cetin__2006-06-29,,,,,,,337859.1152668542,,272039.0652150239,,,,259959.93617137618,,,317500.5143063076,,,296839.65773989045,36899.18762619781,294769.78976066574
ben amos__1990-04-10,Ben Amos,GK,172499.99999999985,148992.934574067,,,,,,,,,,,,,144892.18141997655,,146942.55799702177,2899.6703632294875,146942.55799702177
ben bobzien__2003-04-29,Ben Bobzien,FWD,1150000.0000000005,1252001.8491845576,1082634.9843384195,,,,,1285183.731757632,,,,1191149.541723368,1248507.7602298306,,,,1211895.5734467616,79779.09728133265,1248507.7602298306
ben brereton diaz__1999-04-18,,,,,,,2264809.7606001575,,,2810845.811932093,,,,,,,2625471.1399700562,,2567042.2375007686,277667.5977159869,2625471.1399700562
ben chilwell__1996-12-21,,,,,,,,,9404040.576947514,,,,,,,,,,9404040.576947514,,9404040.576947514
ben chrisene__2004-01-12,,,,,,,,1079930.2155816138,,,,1062830.7588629532,,1142758.8133771128,,,,,1095173.2626072268,42087.84072120358,1079930.2155816138
ben davies__1993-04-24,,,,,4335579.173873046,,,4146712.486267069,4419714.40386564,4464294.154833462,,,,,,,,,4341575.054709804,140443.47212641142,4377646.788869344
ben davies__1995-08-11,,,,,,,,,,,,,,1805627.444912653,,2032688.1251772381,1713885.202153499,,1850733.5907477967,164118.0953648804,1805627.444912653
ben gannondoak__2005-11-11,,,,,8280086.92293173,,,,,,,,7057254.984509587,6820949.19630465,,,,,7386097.034581989,783181.6818200459,7057254.984509587
ben garuccio__1995-06-15,,,,,,,,,,,,,,1014748.433250276,,,,,1014748.433250276,,1014748.433250276
ben gibson__1993-01-15,,,,,,,,678054.4528264515,,,,,,675115.5291709137,,,,,676584.9909986826,2078.1328462203155,676584.9909986826
ben godfrey__1998-01-15,,,,,,2742808.7934470302,,,,,,,,,,,,2831281.212885663,2787045.003166347,62559.44773303768,2787045.003166347
ben hamed toure__2003-08-21,,,,,,,,,,,,,,1137431.4125360125,908813.288759394,,,1224081.2151815265,1090108.6388256445,162874.33819162496,1137431.4125360125
ben hamer__1987-11-20,,,,,,,,,157301.0899863279,,,,,,174552.2639427197,,,,165926.6769645238,12198.422087993411,165926.6769645238
ben johnson__2000-01-24,,,,,,,,,,4704775.307684095,,,,,,,4503295.864667487,3836896.5835949737,4348322.585315519,454220.1095465365,4503295.864667487
ben lhassine kone__2000-03-14,,,,,,,,1215152.716072267,,,1075088.738435379,,,,1113194.491594112,,,,1134478.648700586,72417.131713887,1113194.491594112
ben mee__1989-09-21,Ben Mee,DEF,812499.9999999993,802436.9045459869,,,,,,,,,,,,655339.1312361398,,,728888.0178910634,104013.83300483444,728888.0178910634
ben nelson__2004-03-18,,,,,1553658.4436223544,,,,,,,,,1449700.9883366812,,,1501691.4786746511,,1501683.6368778956,51978.72808648286,1501691.4786746511
ben osborn__1994-08-05,,,,,1091340.9031386785,979246.4988502617,,925322.1748953623,,,,,,,,1080038.9428967275,,,1018987.1299452576,80238.8806924127,1029642.7208734946
ben purrington__1996-05-20,,,,,,,,,,,,,,,,413380.36938238435,,,413380.36938238435,,413380.36938238435
ben sheaf__1998-02-05,,,,,3885726.613323125,3611389.3134409487,,,,,,,3413270.0988915884,,3585114.4732302735,,3328586.227985098,,3564817.345374207,214671.4865810642,3585114.4732302735
ben wilmot__1999-11-04,Ben Wilmot,DEF,4150000.000000003,2309754.7973606596,,,,2293779.8383823023,,,2195810.6473447913,,,,,,,,2266448.427695918,61693.369484009665,2293779.8383823023
ben woodburn__1999-10-15,Ben Woodburn,MID,812499.9999999993,453586.0986767585,,480435.569555111,,,,,346837.0397678101,460363.34324608784,,,,,,421273.41913187894,432499.09407552925,52399.87393223124,453586.0986767585
benedict hollerbach__2001-05-17,,,,,,7532201.414580749,,,,,,,,,,7580393.807300139,,,7556297.610940444,34077.16769348578,7556297.610940444
benedikt gimber__1997-02-19,,,,,,,,,,,2336647.4368772553,,,,,,,2509407.120078817,2423027.278478036,122159.54350746394,2423027.278478036
benedikt saller__1992-09-22,,,,,,,205538.90007698492,,526443.1322172403,,,476193.6671123473,,,,,,,402725.2331355242,172606.74854893953,476193.6671123473
beni baningime__1998-09-09,,,,,3170233.939385282,,,,,3524025.7610998657,,,,,,3412362.2912815274,,,3368873.997255558,180860.68413560148,3412362.2912815274
benie traore__2002-11-30,Bénie Traoré,MID,8249999.9999999935,10407908.291491725,,,,,,9839024.007567309,,,9840044.90303506,10893937.535968637,,,,,10245228.684515683,508744.8492217426,10123976.597263392
benito raman__1994-11-07,Benito Raman,MID,2150000.0,2305845.206437932,,,,2370679.3725022813,,,,2438857.875417415,,,,,,,2371794.1514525427,66513.34134098476,2370679.3725022813
benjamin andre__1990-08-03,,,,,6677021.402224678,6949161.985824475,6017613.07595573,,6127239.31242967,,4904157.5867304,,5535800.268058826,,,,,,6035165.605203964,746283.9653369702,6072426.1941927
benjamin fredrick__2005-05-28,,,,,,820062.60310386,,,873938.1996154675,,,840774.3864339668,,,,,818630.2867385256,,838351.368972955,25792.076110742037,830418.4947689134
benjamin hadzic__1999-03-04,Benjamin Hadžić,MID,177500.00000000015,244815.9680608435,,,186039.8640863511,,,265088.560135319,,,,,,,208341.78029125344,,226071.54314344178,35546.0307177107,226578.87417604847
benjamin henrichs__1997-02-23,,,,,,,10975022.04385414,,19470598.16951035,,,,,,,,,,15222810.106682245,6007279.488538043,15222810.106682245
benjamin kallman__1998-06-17,,,,,,,,,3211552.795344259,,,3181943.0604913686,,,,,3196864.831055896,,3196786.895630508,14805.021275314573,3196864.831055896
benjamin lecomte__1991-04-26,,,,,,,970020.8577120306,946048.0586371667,,,,,,,977072.5058443574,,,,964380.4740645182,16263.133981378993,970020.8577120306
benjamin leroy__1989-04-07,Benjamin Leroy,GK,139999.9999999999,160700.4837108339,,,,,,142981.34763131206,,,,,137664.4358214362,,,,147115.42238786072,12061.625353168862,142981.34763131206
benjamin mendy__1994-07-17,,,,,,558744.5192308676,,,,661531.4969024532,,642571.2794170893,,,,,,,620949.0985168034,54698.53494270461,642571.2794170893
benjamin nygren__2001-07-08,,,,,,,5097473.772572491,,,,,,4467358.180364733,5424741.541190991,,,,,4996524.498042738,486609.486054072,5097473.772572491
benjamin pauwels__2004-10-29,,,,,1207045.3550789373,,,,,,1206013.9898747343,,,,,,,,1206529.6724768358,729.285329771749,1206529.6724768358
benjamin pavard__1996-03-28,,,,,,,20637662.180733427,,28587695.379203867,,,,,,,28863859.703835655,,,26029739.087924317,4671716.677340973,28587695.379203867
benjamin sesko__2003-05-31,,,,,,,,41451051.886706844,36124253.75057469,,,,,,,38647975.31399468,,35686445.10214179,37977431.5133545,2658229.614083298,37386114.53228469
benjamin siegrist__1992-01-31,,,,,,564171.8155391946,,,,570835.0182402163,,,,,,566752.0746044988,,,567252.9694613032,3359.723098992761,566752.0746044988
benjamin stambouli__1990-08-13,Benjamin Stambouli,MID,600000.0000000003,841275.882809215,690863.8133815982,,719498.2567610788,,,,,,,,,,723053.968469003,,743672.9803552236,66645.068824605,721276.112615041
benjamin tahirovic__2003-03-03,,,,,,,,,1688265.1458800912,1682591.1561150488,,,,,,,,,1685428.15099757,4012.1166392445743,1685428.15099757
benjamin uphoff__1993-08-08,Benjamin Uphoff,GK,474999.99999999977,598001.5952480629,,,,,,,,,593648.760000393,,,,621305.4571410557,,604318.6041298372,14871.169257724727,598001.5952480629
benjamin van durmen__1997-03-20,Benjamin Van Durmen,MID,562500.0000000003,604471.1425452805,,,,,,,,,,,,655821.6922781118,,,630146.4174116962,36310.321933742074,630146.4174116962
benji michel__1997-10-23,,,,,397725.980549539,425853.4959133646,,420874.9062404827,,419668.86330211716,,430526.75421582727,515652.2497606436,,,,,456916.91557505995,438174.1665081478,38388.7836605901,425853.4959133646
benoit badiashile__2001-03-26,,,,,,,,,14651700.31317282,,,,,,,,,,14651700.31317282,,14651700.31317282
benoit nyssen__1997-09-12,Benoit Nyssen,DEF,712500.0000000002,797619.3829765578,802792.7947876031,813405.4001587629,,,786079.6015111639,820971.0348348927,,760048.4358766392,,,,,,,796819.4416909367,21735.525568284276,800206.0888820805
berat djimsiti__1993-02-19,,,,,8019716.400410609,8323484.537454394,8310568.009447105,,,,,,8041995.608468844,,,,8493729.13483255,,8237898.738122702,202507.10643115253,8310568.009447105
berat ozdemir__1998-05-23,Berat Özdemir,MID,3550000.0000000014,3100578.960783253,,,,,,,,,,,,,,3012601.338490244,3056590.1496367482,62209.57331605541,3056590.1496367482
berkan kutlu__1998-01-25,,,,,,,,,1980399.8386440466,,,,,,1952978.3520304072,,,,1966689.095337227,19389.919134720556,1966689.095337227
berkay ozcan__1998-02-15,,,,,,,,,1263839.1718471248,,,,,,,1255383.0840170158,,,1259611.1279320703,5979.357046979152,1259611.1279320703
berke ozer__2000-05-25,,,,,,,,12756539.57193687,12852441.104063021,,12950001.786918372,,,,13093632.893392874,,,,12913153.839077786,143926.5150132644,12901221.445490696
bernardo schappo__1999-03-22,,,,,,,,,1519286.2545370047,1579482.8438056393,,,,,,,,,1549384.549171322,42565.41647615285,1549384.549171322
bernd leno__1992-03-04,,,,,,,5963186.497970868,,,,6081532.305001725,,,,,,,,6022359.401486296,83683.12267651396,6022359.401486296
bernt klaverboer__2005-09-26,,,,,,1237555.8463939894,,,,,,,,,,1342423.9364937998,,,1289989.8914438947,74152.93763965777,1289989.8914438947
bersant celina__1996-09-09,,,,,,,,1067238.1544814021,,,,1247378.5596759259,1273680.9587022506,,,,,1162958.034138921,1187813.9267496248,93233.4434409159,1205168.2969074235
bert esselink__1999-08-16,Bert Esselink,DEF,487499.9999999996,472087.6983229853,,473784.18061533064,422214.13115488685,,,,,,,,,,,,456028.6700310676,29296.532091676225,472087.6983229853
bertrand traore__1995-09-06,,,,,,,,,,,,,3296815.8323028362,,,,,5715960.602286538,4506388.217294687,1710593.6715274462,4506388.217294687
bertug yldrm__2002-07-12,,,,,,,,,,,,2494566.6436611786,,,2566243.7648091954,2574222.6638934626,2373097.427476786,,2502032.6249601557,93120.88600082781,2530405.204235187
besard sabovic__1998-01-05,,,,,,1134300.3682503058,,,,,,,,1303162.209777984,1226772.402414875,,,,1221411.6601477216,84558.46231614445,1226772.402414875
bi abdoul kader yameogo__2004-12-17,,,,,486516.75865772023,,381930.29216786503,,,,,,,,444887.8660279941,492697.4318058633,431002.7567050309,,447407.0210728947,45120.507914940055,444887.8660279941
bilal bafdili__2004-08-03,,,,,3473186.212373459,,,3210311.0385524738,,,,,,3130388.5141337975,2832112.1612175973,3496815.5391960405,,,3228562.6930946736,273379.1196121279,3210311.0385524738
bilal bayazt__1999-04-08,,,,,,,,1128634.352446949,,,,1063665.9291299058,,1113615.343135758,,,,,1101971.8749042044,34013.25875919619,1113615.343135758
bilal boutobba__1998-08-29,,,,,,,,,,,1779119.0293578089,,1779927.878922321,,,,1939810.5953495614,,1832952.501209897,92542.70782603852,1779927.878922321
bilal el khannouss__2004-05-10,,,,,17824589.191737987,,,,,,,,,,,,,,17824589.191737987,,17824589.191737987
bilal nadir__2003-11-28,,,,,,,,5527014.583941409,,,5235313.824797278,,,5228998.236717401,,,,,5330442.21515203,170265.9501832343,5235313.824797278
bill antonio__2002-09-03,,,,,,,,,,,,,,920922.0367411283,,860493.6356861324,,,890707.8362136304,42729.332162247956,890707.8362136304
bill tuiloma__1995-03-27,,,,,,,,,,,,,510561.7492130308,,,,,,510561.7492130308,,510561.7492130308
billy gilmour__2001-06-11,,,,,,,8735572.746141946,,,,11022491.551187035,,9831447.228836868,,,,10155700.002276883,,9936302.882110681,945284.52306066,9993573.615556875
billy koumetio__2002-11-14,,,,,,,,,607797.6685219072,,,,567495.414008821,,,,,600727.3413943112,592006.8079750132,21519.844494029556,600727.3413943112
billy sharp__1986-02-05,,,,,124743.11836300588,,,135972.42348334647,135169.64967572023,,,,,140776.436049627,163421.82474138387,128753.12738879783,107566.235976078,,133771.83081113704,16972.631761503737,135169.64967572023
billy van duijl__2005-10-04,,,,,,,643173.9871247652,,,685482.3964624278,,,,680721.1321408204,,622281.6660269982,,,657914.7954387529,30370.5611922312,661947.5596327928
bingourou kamara__1996-10-21,,,,,,,,,,988895.8268604117,,,,,,,,,988895.8268604117,,988895.8268604117
birger meling__1994-12-17,,,,,,,,,1535738.870545283,1652115.073294791,,,,,,,1620324.6222049568,,1602726.188681677,60150.92508393885,1620324.6222049568
birger verstraete__1994-04-16,,,,,,1206862.2211636729,,,1234475.5160667375,,1141300.6825621675,,1299523.6608322707,,,,,,1220540.5201562122,65570.74639232623,1220668.8686152052
birk risa__1998-02-13,,,,,,1025392.6824347152,,,1078064.5141738993,,,,,,1102814.7863895039,,978197.6893312823,,1046117.4180823503,55611.18815167412,1051728.5983043073
bjarke jacobsen__1993-08-21,,,,,,,,,425479.1596735455,386989.72768781264,407838.7501141546,,,,,395671.6154165195,403869.9945812456,,403969.84949465556,14446.574098811036,403869.9945812456
bjorn meijer__2003-03-18,,,,,,,4381557.327508078,4517571.279990676,,,,4854370.4546606485,,4924701.269906795,,,,,4669550.083016549,261596.43329672472,4685970.867325662
bjrn paulsen__1991-07-02,,,,,,341445.00028332294,279960.516563796,,,,324003.0477038192,,,308413.6161514963,,,,,313455.5451756086,26089.572609248167,316208.3319276577
blair spittal__1995-12-19,,,,,1043446.4081274867,952831.1184346372,,,,,,,,,,,,1018017.7501938674,1004765.0922519971,46738.714021921085,1018017.7501938674
blair turgott__1994-05-22,,,,,450644.2876027617,,,,450996.52825026115,,,,468779.5865072316,,437091.055134979,,,,451877.8643738084,12995.081166268415,450820.4079265114
blas riveros__1998-02-03,,,,,1976945.7836642026,,,,,,,,,,,,,,1976945.7836642026,,1976945.7836642026
blaz kramer__1996-06-01,,,,,,,,,,,,1286223.8566336099,,,,,,,1286223.8566336099,,1286223.8566336099
blendi idrizi__1998-05-02,,,,,,,,,,667404.0966738155,,,713708.7159818155,,,,,,690556.4063278155,32742.310312948313,690556.4063278155
bobby clark__2005-02-07,,,,,,,,2068174.7794473956,1876871.9870302905,,2202909.175787074,,,,,,1801340.7605392565,1836887.6593332102,1957236.8724274454,171688.77762622305,1876871.9870302905
bobby de cordovareid__1993-02-02,,,,,,,,,,,,,,,2612489.7505180864,,,,2612489.7505180864,,2612489.7505180864
bobby thomas__2001-01-30,,,,,,,4979745.869235186,3566931.6723889695,,,,,,,,5350476.016387541,,,4632384.519337232,941144.270186309,4979745.869235186
bobby wales__2005-06-23,,,,,,,,,,,,,1613658.0126498002,,826138.071419674,,,,1219898.042034737,556860.6907634536,1219898.042034737
bogdan racovitan__2000-06-06,,,,,,,,1262377.0988180593,,1302776.498927619,,,,,,,1226851.1850801003,1343600.2855937511,1283901.2671048825,50458.72525926573,1282576.7988728392
bojan miovski__1999-06-24,,,,,,,,,,,,3205441.086922577,,,,,3050765.813488985,,3128103.450205781,109371.93472677647,3128103.450205781
bojan radulovic__1999-12-29,,,,,,,,,,,,603560.4400297949,,,,,,,603560.4400297949,,603560.4400297949
boli bolingoli__1995-07-01,,,,,575688.0187193556,,,,,,,,,,,562811.826082107,588258.4077189908,585591.6008143448,578087.4633336996,11530.576986382172,580639.8097668502
boris popovic__2000-02-26,,,,,,,,,,,1015743.1191396075,,,,,1001998.5619723826,,,1008870.840555995,9718.869577350915,1008870.840555995
boris radunovic__1996-05-26,,,,,,847003.2088493248,,984126.3647334792,,,,,,,,,,,915564.786791402,96960.71338338559,915564.786791402
borna sosa__1998-01-21,,,,,,,3066086.1087257755,,,,,3443131.911526964,,,3590803.3141888096,,,3832139.067477567,3483040.1004797793,320897.8517498012,3516967.6128578866
bosko sutalo__2000-01-01,Boško Šutalo,DEF,2150000.0,1904022.9575569965,1824818.2598313459,,,,,,,,,,,1853835.3854816407,,1722806.678240517,1826370.820277625,76402.65860496748,1839326.8226564932
botond balogh__2002-06-06,,,,,,,,,,,,,2677465.346495578,2968197.383788591,,,,,2822831.3651420847,205578.59507806954,2822831.3651420847
boubacar kamara__1999-11-23,,,,,,,,54347162.23668965,,,,,,,52212756.98498281,,,,53279959.61083623,1509252.4272820854,53279959.61083623
boubacar traore__2001-08-20,,,,,,,,,,2212482.352494266,,,,,,,2318438.6479147207,2029780.8230576436,2186900.60782221,146019.36244263785,2212482.352494266
boubakary soumare__1999-02-27,,,,,5451905.452595222,,,,,,,,,5376272.866639608,,,,5357101.75039558,5395093.35654347,50125.7779775598,5376272.866639608
boulaye dia__1996-11-16,,,,,,,21844229.452709988,,,,,,,,,,,,21844229.452709988,,21844229.452709988
boy kemper__1999-06-21,Boy Kemper,DEF,1024999.9999999995,1063625.4572763613,,,,,980455.8805928752,,,,,,,,,,1022040.6689346182,58809.7716613076,1022040.6689346182
boyd lucassen__1998-07-01,,,,,542794.510791726,,,,,,,,,,,,,,542794.510791726,,542794.510791726
bozhidar kraev__1997-06-23,,,,,,,,,,,,1226235.5670192793,1152195.2576559463,,,,,809449.6309083017,1062626.8185278424,222361.21087289398,1152195.2576559463
brad lyons__1997-05-26,Brad Lyons,DEF,537500.0000000003,552446.0569735428,,,,,,609149.6584963801,,,,533988.6217354584,,,,,565194.7790684603,39168.773251586994,552446.0569735428
brad spencer__1996-05-16,,,,,,321166.6938545891,,,,,345914.27376665536,,360475.2431879181,,366649.4150927091,337482.7809482332,,353164.26211810193,347475.44482803455,16513.26436261691,349539.26794237865
bradley barcola__2002-09-02,Bradley Barcola,MID,65750000.0000001,62241829.47676016,57348881.182699695,,54434333.640217565,52696237.63845525,,,,,,,,,,,56680320.48453317,4175113.9188851546,55891607.41145863
bradley ibrahim__2004-10-21,,,,,883680.2358990014,,,,918484.818820845,,,,,,,,,,901082.5273599231,24610.556600405132,901082.5273599231
bradley locko__2002-05-06,Bradley Locko,DEF,9999999.999999996,7487546.572885979,,,,,,6595615.519544468,,6618358.005101751,,6545612.78024449,,,,,6811783.219444172,451532.4279908765,6606986.762323109
bradley mazikou__1996-06-02,Bradley Mazikou,DEF,1050000.0000000007,893842.47554935,746403.5605989,957945.6487996568,,,,,,,,,,,852439.9636637839,,862657.9121529227,88828.88133194846,873141.2196065669
brady scott__1999-06-30,Brady Scott,GK,237499.99999999983,262115.28053548466,,,,,,,,,,,,,,279923.4966847163,271019.3886101005,12592.310399957487,271019.3886101005
brahim diaz__1999-08-03,,,,,,34214588.66428722,,35177979.17269639,,,,,37724764.43498595,,,,,,35705777.423989855,1813632.1928250613,35177979.17269639
brahim ghalidi__2005-01-31,,,,,,,357319.89285304287,,,343839.6163360588,,,364461.07389968244,341544.8570901583,,359875.03349243134,,,353408.0947342747,10143.766510924199,357319.89285304287
brahim traore__2004-02-04,,,,,,,922619.6289823634,918808.8484217385,,,,,,1007188.6131930323,,,,,949539.0301990447,49962.34909064833,922619.6289823634
brajan gruda__2004-05-31,,,,,,12836150.783458162,10122847.80163607,,,12803919.457251597,,,,,,,,,11920972.680781944,1557305.2126509366,12803919.457251597
bram lagae__2004-01-14,,,,,,998429.1829048486,,,938360.8262355644,,,,,,938120.441153538,,,,958303.4834313169,34750.082948491596,938360.8262355644
bram nuytinck__1990-05-04,,,,,,,,,,358894.9032230695,,,,,,,,,358894.9032230695,,358894.9032230695
branco van den boomen__1995-07-21,,,,,2086939.6358357535,,,,,,,2070210.6817189793,,,,,,,2078575.1587773664,11829.156898129688,2078575.1587773664
brandley kuwas__1992-09-19,,,,,,,,693879.252863507,,,,,,,,,,,693879.252863507,,693879.252863507
brandon austin__1999-01-08,,,,,,,,1042860.8487022439,,,,,897107.9763394768,,,,,,969984.4125208603,103062.84442512995,969984.4125208603
brandon borrello__1995-07-25,Brandon Borrello,MID,1150000.0000000005,1421847.6528589202,,,836028.8277310475,,,,,,,,,,,,1128938.2402949838,414236.463794655,1128938.2402949838
brandon comley__1995-11-18,,,,,,,,299918.7625876779,,,,,,,,,271953.50238832843,,285936.1324880032,19774.425124606285,285936.1324880032
brandon domingues__2000-06-06,,,,,,,,,,,,,971972.7646151667,,,,,,971972.7646151667,,971972.7646151667
brandon khela__2005-01-19,Brandon Khela,MID,537500.0000000003,674782.458702148,,630696.3914251894,,676126.6225097969,621939.5964516338,603424.0141321262,,,,,,,,,641393.8166441789,32618.157191179856,630696.3914251894
brandon mechele__1993-01-28,,,,,,,,,,,,,,,,6462017.150836012,6178972.561866041,,6320494.856351027,200142.74823882562,6320494.856351027
brandon soppy__2002-02-21,,,,,,,,,1600641.6420427212,1580922.439798386,,,,,,,,1409492.4775518088,1530352.1864643053,105130.93580434968,1580922.439798386
branimir hrgota__1993-01-12,,,,,,,,,,,,,1285545.826757834,,1388438.0061179276,,1377588.0493999198,,1350523.9607585606,56533.60782630037,1377588.0493999198
brayan medina__2002-03-04,,,,,,,,,1736146.9198834943,,,,,,,,,1703121.9344089152,1719634.4271462047,23352.19117766207,1719634.4271462047
brayan vera__1999-01-15,,,,,,,,1184619.7319609043,,,,,,,,,1415832.0030762346,,1300225.8675185693,163491.76479919255,1300225.8675185693
breel embolo__1997-02-14,,,,,,,,10802677.663912827,11619930.337408744,11602204.199873682,,12809085.014513552,,,,,,,11708474.303927202,826830.2643914871,11611067.268641213
brendan chardonnet__1994-12-22,,,,,,,5789367.7454007175,,,5968762.052279651,,,,,,,5977435.404023193,5995892.7032728745,5932864.47624411,96331.15233998153,5973098.728151422
brendan galloway__1996-03-17,,,,,,,,,,,,,473003.43758785294,,,,,,473003.43758785294,,473003.43758785294
brenden aaronson__2000-10-22,,,,,,,5487122.613585487,,,10165452.829620292,,,,,,9923210.351876767,,,8525261.931694182,2633892.222867957,9923210.351876767
brennan johnson__2001-05-23,Brennan Johnson,MID,30000000.00000005,34060163.22424732,,33119909.58467173,,,,,,,24177620.58540677,,35284873.06987935,,,,31660641.61605129,5066814.3946147645,33590036.40445952
brent gabriel__1999-01-27,,,,,892808.2952056483,907889.1275098168,878968.6860045026,,,,831459.2927289358,913832.2895094489,844851.0932222793,,,841904.7779637704,890807.8436934233,,875315.1757297281,31784.236863871567,884888.2648489629
brian brobbey__2002-02-01,,,,,,,,,,,20384137.159405444,,,,21101050.606470063,,,21839032.67030114,21108073.47872555,727473.1798885437,21101050.606470063
brian graham__1987-11-23,,,,,,,,129322.71244026642,,,,,,,134396.2866725539,,,149960.95593581386,137893.31834954474,10754.357096441638,134396.2866725539
brian mansilla__2002-05-14,,,,,,,1509816.0000836395,1932058.1619460117,,,,1708226.4832719797,,,,,1701870.6022939873,,1712992.8118989044,172643.0478238773,1705048.5427829835
brian ocampo__1999-06-25,,,,,,,,,,,,,,,1932749.6820366026,2041166.476186777,,,1986958.0791116897,76662.25033809431,1986958.0791116897
brian orosco__1998-02-28,,,,,,430715.09535428794,,,,,,,,,,,,396495.0310217179,413605.0631880029,24197.2395422002,413605.0631880029
brice samba__1994-04-25,,,,,,,,,,,,,,11106695.13683346,,,,,11106695.13683346,,11106695.13683346
bright arreymbi__2003-03-26,,,,,3482088.0506556476,,,,,,,,,3676530.2078963774,,3535315.637219361,,,3564644.631923795,100484.23048362724,3535315.637219361
bright osayisamuel__1997-12-31,,,,,,3162963.4251555027,,,,3103126.7459021145,,2747418.5596007626,,2945680.8406965355,,,,,2989797.392838729,185763.09822711672,3024403.793299325
brighton labeau__1996-01-01,,,,,,,,,,,,,882477.6926310343,,,,,564804.11245193,723640.9025414821,224629.1427484531,723640.9025414821
britt assombalonga__1992-12-06,,,,,,,,,,,547237.778005656,,,505151.9725452561,608899.0370644958,555859.1955798218,,,554286.9957988074,42618.02766036532,551548.4867927389
brodie spencer__2004-05-06,,,,,,,,,,1938312.540064304,1822520.6192946697,1665839.3778346458,,,,,,,1808890.8457312065,136746.97100631098,1822520.6192946697
brooke nortoncuffy__2004-01-12,,,,,,,,,,,,,,4912251.667851521,,,,,4912251.667851521,,4912251.667851521
brooklyn ezeh__2001-06-23,,,,,,775368.9365647084,,,,,,783848.1516103235,798636.0535148536,769495.789754315,,,,,781837.2328610502,12654.304201981766,779608.5440875159
bruce anderson__1998-09-23,,,,,,575406.8511015003,,577848.7143344987,,,,,,,,,,,576627.7827179995,1726.6580507832823,576627.7827179995
bruno martins indi__1992-02-08,Bruno Martins Indi,DEF,487499.9999999996,603650.2832125882,,,,,,,,,508102.851382525,602781.309793908,,,,,571511.481463007,54915.20331577727,602781.309793908
bruno onyemaechi__1999-04-03,,,,,,,,2858408.6131467433,2859254.3852504725,,,,,,,,,2767749.989480932,2828470.9959593825,52587.634510689895,2858408.6131467433
bruno petkovic__1994-09-16,,,,,,7161328.7720718775,,,,,5115434.246043101,6538651.553303244,5933232.508506554,,,,6105026.914831273,5176442.286565,6005019.380220175,789287.1820626672,6019129.711668914
bruno zuculini__1993-04-02,,,,,,,1383772.7844559404,,,,,1514770.329899059,,,,,1609988.3438941867,,1502843.8194163954,113578.39174864865,1514770.329899059
bruny nsimba__2000-04-05,Bruny Nsimba,MID,1749999.9999999998,1419470.1621620583,1429326.0709857622,,,,,,,,1332417.488203261,1475985.2391650483,,,,,1414299.7401290324,59895.26373811015,1424398.1165739102
bryan cristante__1995-03-03,,,,,,,17461087.05575884,,,,17653302.548042133,,21379696.85132397,,,,,17463635.546240833,18489430.500341445,1928945.7448834903,17558469.047141485
bryan fiabema__2003-02-16,,,,,,,,,,,,,,,,,633891.7221658853,,633891.7221658853,,633891.7221658853
bryan goncalves__1996-07-19,,,,,,,,,1191549.279375452,,,,1190056.960641564,,1148418.826900809,,,,1176675.022305942,24481.956373636873,1190056.960641564
bryan heynen__1997-02-06,,,,,,,,12547955.994583862,12096921.01704149,12020620.754720617,,,,,12044781.040067032,,,13209071.087350944,12383869.978752788,509203.32479991234,12096921.01704149
bryan lasme__1998-11-14,,,,,,930071.1696809571,934582.1876085446,939563.9482235953,,,,,1029690.2543145065,995690.0649257827,,,,,965919.5249506772,44482.41418206725,939563.9482235953
bryan limbombe__2001-05-14,Bryan Limbombe,MID,875000.0,923153.8636497589,968102.1420856984,,,,,,,,,924596.9655071226,,,,,938617.65708086,25544.50582303542,924596.9655071226
bryan linssen__1990-10-08,,,,,,,,702271.7599328232,,829646.1497348662,,,,841611.8012367451,817963.8062537827,,,708943.9685891834,780087.49714948,68543.06209502074,817963.8062537827
bryan okoh__2003-05-16,,,,,,,,835185.1032346033,,,,,,,,,,,835185.1032346033,,835185.1032346033
bryan reynolds__2001-06-28,,,,,,,,,,,6945000.785723835,,,,6939802.822392277,,7502172.235693859,,7128991.947936657,323194.05948069337,6945000.785723835
bryant nieling__2002-10-31,,,,,,,,,1399157.2747547922,,,,,,1452133.0883399805,,,,1425645.1815473863,37459.55702496103,1425645.1815473863
bukayo saka__2001-09-05,,,,,,,,,,,120701070.39950809,98189217.68527898,120567440.02327235,,105344549.52164507,,,,111200569.40742612,11278091.250659963,112955994.7724587
buluthan bulut__2002-07-21,Buluthan Bulut,MID,162500.00000000012,252832.09156532967,,,211129.695926387,,,,,,217468.79707846793,229159.97695970302,,,,,227647.6403824719,18375.664009465974,223314.38701908546
bunyamin balc__2000-05-31,,,,,,,,,,,1520937.1324288005,,,,,,,,1520937.1324288005,,1520937.1324288005
burak ince__2004-01-20,Burak İnce,MID,637500.0000000003,731258.7822083869,644031.9403571205,,,,,,,658300.2732261481,619969.5747813621,685923.2944960452,670508.6471099565,,,,668332.0853631698,38220.47610244273,664404.4601680522
burak kapacak__1999-12-08,,,,,,783877.7865028784,,,863556.3554651089,,,,,,734740.4197902203,669314.3752965324,,,762872.2342636851,81900.3407544062,759309.1031465493
caglar soyuncu__1996-05-23,,,,,,9493257.491894526,,,,,,,,,8559478.330035487,,,,9026367.910965007,660281.5774812174,9026367.910965007
cagtay kurukalp__2002-02-24,Çağtay Kurukalıp,DEF,625000.0000000002,460857.8755719366,544096.3806702782,507052.96233738674,680991.7952585077,,476218.41118295625,,,,560596.4195186417,,,472462.6588224535,,505753.3957731948,526003.7373919195,71617.74800185532,506403.17905529076
caleb ekuban__1994-03-23,,,,,,,2096654.3684749058,,,,,,,,2267979.7545752143,1902651.887848007,2201990.7849287875,,2117319.1989567284,159558.73544224576,2149322.576701847
caleb kporha__2006-07-15,Caleb Kporha,DEF,987499.9999999999,996207.9633718815,,,,,,1040357.5982218427,,,,,,,,,1018282.7807968621,31218.50618931745,1018282.7807968621
caleb okoli__2001-07-13,Caleb Okoli,DEF,5950000.000000001,5408555.142079626,,,,,,4991624.000622229,,,,,,,,,5200089.571350927,294814.83741237345,5200089.571350927
caleb taylor__2003-01-14,,,,,1972614.2663037593,,,,,2050675.1194914137,,,1938446.374328826,,,,,1997477.0932009555,1989803.2133312388,47248.499814143026,1985045.6797523573
caleb watts__2002-01-16,,,,,,,,,550069.3693472964,,679323.7561230212,,,,576597.8770400095,,,,601997.0008367758,68267.93348582304,576597.8770400095
caleb wiley__2004-12-22,,,,,2687865.72447408,,,,2921300.7739491747,,,,,,,,,,2804583.249211627,165063.50645045674,2804583.249211627
caleb yirenkyi__2006-01-15,,,,,,,,,,4084489.4207468783,4293942.741310479,,,,,,,,4189216.0810286785,148105.8633125619,4189216.0810286785
calem nieuwenhof__2001-02-17,Calem Nieuwenhof,MID,1600000.0000000012,1645474.3162835354,1831949.177477627,,,1662465.191606377,,,,,,1831950.0225410254,,1731893.978970335,,1838294.7423097289,1757004.5715314383,89273.55767938316,1781921.578223981
callum connolly__1997-09-23,,,,,,,,,,552033.3083954367,,,514702.016855484,544194.5650529024,568022.5295395306,,,,544738.1049608384,22344.62236137302,548113.9367241696
callum hendry__1997-12-08,Callum Hendry,MID,324999.9999999999,352207.0019139051,,319337.4434911125,,,,,,,341097.4471881059,,,,,,337547.29753104114,16719.887549502582,341097.4471881059
callum hudsonodoi__2000-11-07,Callum Hudson-Odoi,MID,24500000.000000007,25299452.362863436,,,27865625.32924443,,27112710.19327286,,24202794.549467273,,,,,,,,26120145.608712003,1671491.987963924,26206081.278068148
callum lang__1998-09-08,,,,,,,,,,,1793567.9143225916,,,,,2187588.994322557,,2105616.4153452087,2028924.441330119,207904.7787566057,2105616.4153452087
callum mccowatt__1999-04-30,,,,,,,,,,,,,,,,,1540378.56632402,,1540378.56632402,,1540378.56632402
callum mcgregor__1993-06-14,,,,,,,,,,,,9684148.972021569,,,,,8723914.928754583,,9204031.950388076,678988.0035202622,9204031.950388076
callum osmand__2005-11-08,,,,,,,,,,,,949658.6853680918,,825477.8740757237,,,,798107.8351356548,857748.1315264901,80764.73356916184,825477.8740757237
callum paterson__1994-10-13,,,,,,,,1032012.192532462,,,885644.60631585,,1037997.8295679527,1245803.0338258648,,,1077322.7217714316,,1055756.0768027124,128840.99291884867,1037997.8295679527
callum robinson__1995-02-02,,,,,,,1122022.0769569883,,,1462607.0576885887,,,,,,,,,1292314.5673227885,240829.9494456043,1292314.5673227885
callum slattery__1999-02-08,,,,,,,953404.2213779143,,,,,1216403.0727169944,,,,,,,1084903.6470474545,185968.27122613628,1084903.6470474545
callum wilson__1992-02-27,,,,,,,,,,,,,,5150756.499759999,,,,,5150756.499759999,,5150756.499759999
calum chambers__1995-01-20,,,,,,,1387847.687604812,,1782892.5639285287,,1600074.4232390192,,1546750.8551638639,,1668954.009590419,,,1562852.1702907626,1591561.9516362343,131909.95662886204,1581463.296764891
calum ward__2000-10-17,,,,,,,256246.57251517306,,,214218.40761286867,,260531.51916584576,,242985.70256301513,,245108.80516485212,,,243818.20140435096,18112.881493226952,245108.80516485212
calvin bassey__1999-12-31,Calvin Bassey,DEF,22249999.999999985,21911331.383135248,,,,,,19213907.598942593,,,,,,,,23042035.240379415,21389091.40748575,1966771.7849074285,21911331.383135248
calvin miller__1998-01-09,,,,,,,291555.95331885264,,,,,,,330821.9017923366,,337078.4117602196,327790.0984705559,,321811.59133549116,20537.832405648576,329306.0001314463
calvin raatsie__2002-02-09,,,,,985278.8096452956,,,,1158527.2047829907,,1093340.7875587824,,,,,,,1122538.3668371781,1089921.2922060618,74682.40958207085,1107939.5771979801
calvin ramsay__2003-07-31,Calvin Ramsay,DEF,3249999.9999999986,1300148.5429617006,,,,,,1178893.806432031,,,,,,,,,1239521.174696866,85740.04645111748,1239521.174696866
calvin stengs__1998-12-18,,,,,,8548532.106516592,8372930.446976697,,8273666.813122452,,,,8815634.073618008,8609048.934400521,,,,,8523962.474926855,211171.90014897424,8548532.106516592
calvin twigt__2003-01-30,,,,,1196857.2871813797,,,,1121857.1211966688,,,1223291.7304809026,,,1169444.5964917466,1190674.9863886267,,,1180425.144347865,37958.54499886121,1190674.9863886267
calvin verdonk__1997-04-26,Calvin Verdonk,DEF,2900000.0000000014,2780832.484398519,,2741526.886697385,,2509963.1536235698,,,2245321.278317194,,,2782161.94612485,,,,,2611961.1498323036,234041.3988386435,2741526.886697385
cameron archer__2001-12-09,,,,,,,,,,,,,,6951470.425501208,6110335.730106916,,,5806289.925212684,6289365.360273603,593210.1658927329,6110335.730106916
cameron brannagan__1996-05-09,,,,,,,,,,,,,1485529.9685065877,1789938.7544439055,1708229.4817937855,,,1376728.9443431043,1590106.7872718456,191791.72813320442,1596879.7251501866
cameron burgess__1995-10-21,,,,,,2813509.1301550698,,,,,,,,,,,,2600825.2852802356,2707167.2077176524,150390.188959823,2707167.2077176524
cameron cartervickers__1997-12-31,Cameron Carter-Vickers,DEF,15749999.999999972,18173972.93840328,16850542.477578584,,,,,,,,20194526.411136728,,,18442845.597347137,,,18415471.856116433,1375149.7031856698,18308409.26787521
cameron congreve__2004-01-24,,,,,,,,,,,,,,,,,555673.8551835227,,555673.8551835227,,555673.8551835227
cameron harper__2001-11-19,,,,,,,,766280.03707724,,,,,,,,,,,766280.03707724,,766280.03707724
cameron humphreys__1998-08-22,,,,,794992.8741395872,791873.1201920755,525900.7985680186,696818.4676774173,,,1012748.7154585873,,,,,798307.9282506953,,,770106.9840477301,158600.90979728228,793432.9971658313
camiel neghli__2001-11-06,,,,,2152751.286332396,2193993.5744925337,2234309.9453701167,,2199769.7571830465,2051862.5105686677,,,,,,2157697.508901462,2168717.2578786057,,2165585.9772466896,57544.61342009822,2168717.2578786057
cammy kerr__1995-09-10,,,,,,,,,,,,,,,,284431.3751436538,,252380.32009829147,268405.8476209726,22663.51836675899,268405.8476209726
can keles__2001-09-02,,,,,,1549120.3113811847,,,,,1615701.2130680352,,1694563.6751424964,1648818.376978372,,,,1554052.6868974897,1612451.2526935157,62243.03275500938,1615701.2130680352
can uzun__2005-11-11,,,,,,30192074.880196016,,,,,,31008130.3525154,25248116.50988005,,,,,23359973.784568515,27452073.881789997,3730766.4269392085,27720095.695038036
caoimhin kelleher__1998-11-23,,,,,,,,,,,,,,,,18492565.905115068,,,18492565.905115068,,18492565.905115068
carl jenkinson__1992-02-08,,,,,,185702.23774343941,,,,,,,192605.28138356504,235677.71915048064,,,,159773.6176980753,193439.7139938901,31506.7185211594,189153.75956350222
carl johansson__1994-05-23,Carl Johansson,DEF,875000.0,1014138.2647263688,,,,,,,,,1075285.1658522612,,,1004531.5476781905,993794.8747794704,,1021937.4632590727,36522.942804329025,1009334.9062022797
carl mchugh__1993-02-05,,,,,,,,,,,,758367.3021228068,,,,700128.1160117906,739231.8536868257,,732575.7572738077,29684.649472630448,739231.8536868257
carl rushworth__2001-07-02,,,,,,,,,,,5911176.57448459,,,,,,,,5911176.57448459,,5911176.57448459
carl starfelt__1995-06-01,Carl Starfelt,DEF,8249999.9999999935,8845355.272673072,,,,,,,,,,8730965.969796443,8224421.094355276,,,7628806.040538549,8357387.094340835,555633.1008748392,8477693.53207586
carlens arcus__1996-06-28,,,,,,,,,,,,,,2176572.1106917635,,2023488.4060209657,,,2100030.2583563644,108246.52566187987,2100030.2583563644
carljohan eriksson__1995-04-25,,,,,,,,,,,,,,411110.6770426961,,,402693.4955519624,,406902.0862973293,5951.84611057569,406902.0862973293
carlo boukhalfa__1999-05-03,,,,,,2070364.378918642,1578677.388281002,,,,,1996279.8186429914,1907805.0379655764,,,,2112657.94809029,,1933156.9143797003,212913.98646629739,1996279.8186429914
carlo holse__1999-06-02,,,,,,,,,,5395971.437941385,,,,,,5097184.921929411,,,5246578.179935398,211273.97159917033,5246578.179935398
carlo pinsoglio__1990-03-16,,,,,215964.60211378068,,,229615.08370737595,,,,,,,,,174101.26151526382,,206560.3157788068,28927.090498302667,215964.60211378068
carlos alcaraz__2002-11-30,,,,,,,,,,,,,,,,,14230562.68319552,13114003.162451522,13672282.922823522,789526.8087164824,13672282.922823522
carlos baleba__2004-01-03,,,,,,,,,,,,,35034673.10511772,,,,,,35034673.10511772,,35034673.10511772
carlos protesoni__1998-03-30,Carlos Protesoni,MID,2250000.000000001,3304288.1633788915,,,,,,,,,3178204.2874080352,,,3311164.050996635,,,3264552.167261187,74858.44457363342,3304288.1633788915
carlos zambrano__1989-07-10,Carlos Zambrano,DEF,525000.0000000003,596075.2210688224,520640.76835082105,708247.7249496931,,,,671041.6213501645,,,,,,,,,624001.3339298753,83213.61534588294,633558.4212094934
carney chukwuemeka__2003-10-20,,,,,,20324232.844343957,,,,,23928058.728562385,,,,,,,,22126145.786453173,2548289.7209464563,22126145.786453173
cas odenthal__2000-09-26,,,,,,1506398.241897321,,,,,,,1471773.7636366733,,,,,,1489086.002766997,24483.203373150212,1489086.002766997
casper de norre__1997-02-07,,,,,,,,,2627807.091151815,,,,2200281.3093614234,,,,,,2414044.200256619,302306.379436066,2414044.200256619
casper hjer__1994-11-20,,,,,,,1654683.9163900868,,1561810.1055721333,,,,,,,,,,1608247.01098111,65671.70142401141,1608247.01098111
casper nielsen__1994-04-29,,,,,1406482.2632527174,,,,,,,,,,,1378778.378017754,,,1392630.3206352359,19589.605114856477,1392630.3206352359
casper staring__2001-02-01,,,,,,,,493367.2340375586,568288.1027789179,,,,,,,,545704.1915437259,,535786.5094534009,38432.4661812583,545704.1915437259
casper tengstedt__2000-06-01,,,,,,7585219.983832702,,7829903.242897167,,,,,,,,,9220324.665349584,7124116.062825817,7939890.988726318,902383.5023432422,7707561.613364935
casper widell__2003-05-05,,,,,,,,,,,,1918378.4232632897,,,,,,,1918378.4232632897,,1918378.4232632897
castello lukeba__2002-12-17,,,,,,,,,,,,,,,,38514084.37430589,,,38514084.37430589,,38514084.37430589
catalin cirjan__2002-12-01,,,,,,,,,,,,,,,3892827.117161344,,,,3892827.117161344,,3892827.117161344
cazim suljic__1996-10-29,,,,,291346.8076223866,,,320563.4846841594,,,,,,,327016.3110736978,,,,312975.53446008125,19006.870088683485,320563.4846841594
cedric bakambu__1991-04-11,Cédric Bakambu,MID,2050000.000000001,1875061.942665082,,,1493457.6496388782,,,,2431610.2429476557,,1862179.6463794187,,,,,1927810.0670843872,1918023.9097430843,335069.959901936,1875061.942665082
cedric hatenboer__2005-03-19,,,,,,,1055351.138562082,1070825.8759736202,977129.4939689875,,,,,1018124.3373847409,,,,,1030357.7114723576,41814.04196337347,1036737.7379734116
cedric kipre__1996-12-09,Cédric Kipré,DEF,3099999.9999999986,4094059.921068199,,,,3440158.390453593,,,,,,,,3360723.367275129,3568632.4136921396,,3615893.523122265,330086.5350572397,3504395.4020728664
cedric nuozzi__2006-01-30,,,,,,,,,,,,,829406.8665092932,,1001236.2788306384,,,,915321.5726699658,121501.74265972248,915321.5726699658
cedric teuchert__1997-01-14,,,,,,,1434994.3364146894,1341244.2142245027,,,,1221629.4569408642,,,1174374.5872144885,,,1423820.1623213438,1319212.5514231778,117615.96869079438,1341244.2142245027
cedric zesiger__1998-06-24,,,,,,,,,,5204828.553588859,,,,,,,,,5204828.553588859,,5204828.553588859
celil yuksel__1998-01-01,,,,,,,,,,,,1020153.5305526014,1211692.373628313,,1034508.2544563398,,,,1088784.7195457513,106682.86225372425,1034508.2544563398
cengiz under__1997-07-14,,,,,,,,8169315.031650465,,,,,,,7874505.663114172,,,,8021910.347382318,208461.70364933647,8021910.347382318
cenk ozkacar__2000-10-06,,,,,,,,2295157.087429212,,,,,2211289.361820894,,2292215.3790811696,,,1867609.949849856,2166567.944545283,203058.5574233236,2251752.3704510317
cenk tosun__1991-06-07,,,,,,1131613.1630507316,,,,,,929898.1429534246,1324246.3439507803,,,,1213948.4755760252,,1149926.5313827405,166567.38132710772,1172780.8193133785
cephas malele__1994-01-08,,,,,1242573.6048271165,,,,,,,,,,,,,1310370.7553510673,1276472.1800890919,47939.824880610715,1276472.1800890919
cesar huerta__2000-12-03,,,,,3845031.5026916414,,,,,,,,,,,,,,3845031.5026916414,,3845031.5026916414
cesar montes__1997-02-24,César Montes,DEF,2250000.000000001,4478315.312055236,,,,,,,,,,,5700143.338028111,,,,5089229.325041673,863962.882609193,5089229.325041673
cesare casadei__2003-01-10,,,,,,,,,,,9800042.844633581,,,9573354.479751008,,,,,9686698.662192294,160292.88002455814,9686698.662192294
cezary miszta__2001-10-30,,,,,,,3687697.2998460745,,,,3431522.7901311503,,,,,4489483.284551058,,,3869567.7915094276,551930.9365687941,3687697.2998460745
chadi riad__2003-06-17,,,,,,,,,5176290.948181757,,,5082638.4435973065,,,,,5596516.465771285,,5285148.61918345,273688.05202327436,5176290.948181757
charalampos lykogiannis__1993-10-22,,,,,,,,,,,2782869.391260996,,2468197.5476507545,,,2736566.1804512152,,,2662544.3731209887,169894.12367881348,2736566.1804512152
charles de ketelaere__2001-03-10,,,,,39956906.23176408,,,,,,,36463955.2307017,31569575.275360625,39006525.83601007,,,,32416003.31215262,35882593.17719782,3785377.5463835592,36463955.2307017
charles pickel__1997-05-15,,,,,,,,,,2048915.9771375244,,,,,,,,,2048915.9771375244,,2048915.9771375244
charles vanhoutte__1998-09-16,,,,,,,,,,,,,,,,,,13296193.476235688,13296193.476235688,,13296193.476235688
charlesandre rauxyao__2001-11-15,,,,,,643815.8643924295,,,640738.7816389021,,,655451.5468899106,,620870.1259130599,,,,741391.4143885319,660453.5466445668,46926.24549024865,643815.8643924295
charlesandreas brym__1998-08-08,,,,,,,914954.463372714,,,,779613.0505992104,,,,,,,,847283.7569859622,95700.83074751201,847283.7569859622
charlie cresswell__2002-08-17,,,,,9389270.864989445,10411217.93958841,,,10573521.248396108,,,,,,,,,,10124670.017657988,642023.7739536521,10411217.93958841
charlie goode__1995-08-03,,,,,,765290.4581138358,728962.8067188185,,740489.5583267462,,,,711855.3199577037,,,,,,736649.535779276,22426.822833346625,734726.1825227824
charlie lakin__1999-05-08,,,,,,,380301.851877547,,436531.3796730334,,370725.21440369496,,,,401666.43845557113,,,379121.728048185,393669.32249160635,26541.77688203443,380301.851877547
charlie mccann__2002-04-24,,,,,,,,,,,,,352826.0927662234,,,341516.30548559997,,,347171.1991259117,7997.227279906206,347171.1991259117
charlie reilly__2001-12-05,,,,,,,,336553.995294469,,,288755.38864669256,,314699.7313635999,,,,,,313336.3717682538,23928.450877707925,314699.7313635999
charlie savage__2003-05-02,,,,,,,,,,,,1254193.7425791305,,,,,,,1254193.7425791305,,1254193.7425791305
charlie taylor__1993-09-18,,,,,,,,,,,,,,,2764054.759503129,3320828.3423861596,,,3042441.550944644,393698.3760421212,3042441.550944644
charlie webster__2004-01-31,,,,,,,,763061.4782382677,,,,,,,,765823.8115949795,775739.4833335127,,768208.2577222533,6666.8688902038275,765823.8115949795
charly nouck__2004-03-21,,,,,,,,1657145.973898663,,,,,,,,,,,1657145.973898663,,1657145.973898663
che adams__1996-07-13,,,,,,11158131.845441353,8534170.096650481,,,,,,,12198827.470805857,,,,,10630376.470965898,1888471.0002945878,11158131.845441353
check keita__2003-04-02,,,,,,3002470.328438252,,,,2879072.8930769805,,,,,3087226.526842709,,,,2989589.9161193143,104672.88368340039,3002470.328438252
cheick doucoure__2000-01-08,,,,,14429958.844218703,,,,,,,14270334.315134633,,14498233.044238102,,,,,14399508.734530479,116960.95317140098,14429958.844218703
cheick souare__2002-09-03,Cheick Souaré,DEF,1600000.0000000012,2137840.8951765657,1930265.3563421883,,,,,,,,1727117.7319394918,,,,,,1931741.3278194154,205365.55960948812,1930265.3563421883
cheikh niasse__2000-01-19,Cheikh Niasse,MID,2649999.999999999,2486494.1274247603,,,,,,,2408608.3739636247,2236356.6148768994,2389879.0301623116,,,,,,2380334.536606899,104705.95001305563,2399243.702062968
cheikh sabaly__1999-03-04,Cheikh Sabaly,MID,2550000.0,2650452.0230671144,,,,,2736107.9693472935,2225641.5956648607,,,,,,,,,2537400.529359756,273366.896015633,2650452.0230671144
chemsdine talbi__2005-05-09,Chemsdine Talbi,MID,12249999.999999987,22958040.213136476,,24502986.32211246,,,22610490.743375167,,,,,,,,,,23357172.426208034,1007404.9689765283,22958040.213136476
chengdong zhang__1989-02-09,,,,,,,,122907.70020424957,118195.08166573395,,,,,,133940.20224461085,,,,125014.32803819813,8081.189029710806,122907.70020424957
cher ndour__2004-07-27,Cher Ndour,MID,3900000.000000001,4064701.004282385,,,,,,,,,4217537.850259088,4307526.4008421535,,,,,4196588.418461208,122760.75237262389,4217537.850259088
cherif ndiaye__1996-01-23,,,,,1822530.1316682843,1656426.4689771468,2289247.4352146606,,,,,,,1532172.1596403632,,,,,1825094.0488751137,331510.14334577287,1739478.3003227157
cherrion valerius__2005-09-22,,,,,,,1229992.831080877,,,1311852.3076576875,,,,,,,,,1270922.569369282,57883.39099184403,1270922.569369282
chibuike nwaiwu__2003-07-23,,,,,,,,,,,3533946.062326294,,3341704.293176721,,,3401283.3550930102,,,3425644.570198675,98408.9734348844,3401283.3550930102
chidera ejuke__1998-01-02,Chidera Ejuke,MID,7500000.000000002,9276673.555595761,9901863.608384848,10555508.081072172,8955495.491395036,,,9927423.5524613,,,,,,,,,9723392.857781824,623522.368939782,9901863.608384848
chidozie awaziem__1997-01-01,,,,,,1611383.06426389,,,,,,,,,1805172.7813484832,,,,1708277.9228061866,137030.02307473833,1708277.9228061866
chiedozie ogbene__1997-05-01,,,,,4056512.135296931,,,,,,,,,,,,4762476.328959108,,4409494.232128019,499192.06861341867,4409494.232128019
chima okoroji__1997-04-19,,,,,,,,,,959031.1604711823,,,,,,,978143.2905467567,,968587.2255089695,13514.316779358012,968587.2255089695
chovanie amatkarijo__1999-05-20,,,,,,,271266.78814998694,389533.04341874766,,,,,,424748.3731453006,,,,,361849.40157134505,80398.61474316499,389533.04341874766
chris bedia__1996-03-05,,,,,,,,,,,,,2201511.7429624703,,,,2102858.464754237,,2152185.1038583536,69758.4020073249,2152185.1038583536
chris cadden__1996-09-19,,,,,627739.0973753465,,,,,,,,,,,,609832.6008705469,,618785.8491229466,12661.805105836995,618785.8491229466
chris durkin__2000-02-08,,,,,860857.2926663661,907772.8670682568,,,904750.1505009492,,,,,,1011652.3618929046,,,975128.2948018858,932032.1933860725,60405.580164705076,907772.8670682568
chris forrester__1992-12-17,,,,,,,,,,,,,,520788.488084631,,554396.023269125,,,537592.255676878,23764.116027921227,537592.255676878
chris fuhrich__1998-01-09,,,,,,,8237467.995665324,,,,,8320956.181120648,,,,,,,8279212.088392986,59035.06208441978,8279212.088392986
chris long__1995-02-25,Chris Long,MID,275000.0000000002,278649.6398503437,,,,,,,,,,,,,,,278649.6398503437,,278649.6398503437
chris mepham__1997-11-05,,,,,,,,,4013277.0590982996,4298981.508094168,,4446136.130703452,,,4428501.213925539,,,,4296723.977955365,200030.4006567068,4363741.361009853
chris mueller__1996-08-29,,,,,694277.4917036429,,,,,,,,,,,,,639535.0797192857,666906.2857114642,38708.73073264668,666906.2857114642
chris richards__2000-03-28,Chris Richards,DEF,22249999.999999985,20927083.73001438,,,,,,,18294082.009147808,,,,18611395.752255145,,21072683.414489333,,19726311.226476666,1477485.4448843454,19769239.741134763
chris rigg__2007-06-18,,,,,,,,,,,,,,,,,7335557.07310097,,7335557.07310097,,7335557.07310097
chris smalling__1989-11-22,,,,,3082940.3353690295,,,,,,,2891639.883284737,2619268.6638173773,,,,3314074.424027338,,2976980.8266246207,294448.9649801466,2987290.109326883
chris wood__1991-12-07,,,,,9694603.339460209,,,,,,,,,,,,,,9694603.339460209,,9694603.339460209
chriskevin nadje__2001-08-14,,,,,,,,,,2022414.3054566158,,,1666856.6016774264,,,,1857341.371258869,,1848870.7594643037,177930.13692827057,1857341.371258869
chrislain matsima__2002-05-15,,,,,,,19745040.99193172,15894816.255098997,,,,,20104061.550656848,,,,16861020.073757738,,18151234.717861325,2090440.8773515061,18303030.53284473
christ kouadio__2000-12-23,Christ Kouadio,DEF,449999.99999999994,584257.0409973298,,,560289.7379534683,,,569687.9654935142,,,,583202.400779482,,,,,574359.2863059486,11488.24980140195,576445.1831364981
christ makosso__2004-05-09,Christ Makosso,DEF,1350000.0,1489647.8612636465,,,1223985.3043725672,,,1525137.607839904,,,,,,,1508246.0608989294,,1436754.2085937615,142584.54252895853,1498946.9610812878
christ sadia__2007-04-11,,,,,,284336.8616181608,312843.34003455105,,,,,,,285640.52289077354,,,300344.9615910834,,295791.42153364216,13487.65284413248,292992.74224092846
christ souanga__2006-10-23,,,,,,296574.2676753542,,,280357.0071023565,,,287599.06229929294,,,,,,,288176.77902566787,8124.050872875938,287599.06229929294
christiaan ravych__2002-07-30,,,,,,,,,,3146873.55925733,,2977866.7723440044,,,,,3165916.4978253217,,3096885.609808886,103512.1786600248,3146873.55925733
christian bassogog__1995-10-18,Christian Bassogog,MID,1550000.0000000012,1613299.98062838,1621761.0760101466,,,,,,,,,,1498873.332317954,1469984.1578619378,,,1550979.6367046046,77822.81577774171,1556086.656473167
christian burgess__1991-10-07,,,,,4489359.160242129,,,4564907.6983868675,,,,,4533741.928054486,,,,,,4529336.262227827,37966.469713207334,4533741.928054486
christian cappis__1999-08-13,Christian Cappis,DEF,899999.9999999995,889000.5607047868,,,,,,,,,,,,,,,889000.5607047868,,889000.5607047868
christian conteh__1999-08-27,,,,,1453655.4337804476,,,,,,,1352060.8564548595,,,,,,,1402858.1451176535,71838.2145587044,1402858.1451176535
christian dalle mura__2002-02-02,,,,,,,1070738.8951867805,,,,1041608.8543737043,,,1045042.6377707626,,,,,1052463.4624437492,15919.839778191103,1045042.6377707626
christian eriksen__1992-02-14,,,,,,,4109434.5784316626,,5006046.641785424,,4533108.190418449,,,4221557.888780516,,,,3897921.2704814365,4353613.713979498,430872.5991011184,4221557.888780516
christian fruchtl__2000-01-28,,,,,,,,,,,,,,,,1590683.8932234594,,1546889.790995675,1568786.842109567,30967.10666124328,1568786.842109567
christian gammelgaard__2003-03-10,,,,,,1134476.01627298,,,1081441.354233307,,1185943.9555851102,,1094221.8636495888,,,,,,1124020.7974352466,47062.98812707332,1114348.9399612844
christian kabasele__1991-02-24,,,,,1169260.829704457,1147593.0911552194,,,,,,974113.3695799801,,,1031788.474489272,1068123.8076860195,,,1078175.9145229897,80927.52759408377,1068123.8076860195
christian kouame__1997-12-06,,,,,5441539.898095601,,,,,,5454331.441619758,,,,,,,,5447935.669857679,9044.987167773805,5447935.669857679
christian kuhlwetter__1996-04-21,,,,,,,,,,626882.3243504374,,,,,,,636172.5164000895,,631527.4203752634,6569.1577968343545,631527.4203752634
christian mathenia__1992-03-31,,,,,,,,411655.8186950111,,,364781.75753017486,,,,,383950.81848250225,,,386796.13156922936,23566.210078040283,383950.81848250225
christian mawissa__2005-04-18,Christian Mawissa,DEF,13249999.99999999,11067852.101286532,9847249.382139817,,,,,,,,,,,10813681.23219774,,,10576260.905208029,644006.256373348,10813681.23219774
christian nrgaard__1994-03-10,,,,,,,,,,11115094.239045506,10316553.014334576,11198283.999336962,,,,,,,10876643.750905681,486832.98876402143,11115094.239045506
christian oliva__1996-06-01,,,,,,,1590847.452574638,,1832130.6225199571,,,,,,,,,,1711489.0375472975,170612.96565452137,1711489.0375472975
christian ordonez__2004-07-24,,,,,3888793.462456534,,,3422782.4164401824,3308399.5516551496,,5148113.563894133,,,,3984595.393813922,,,3994102.1769354003,3957797.760865887,652933.2095693371,3936694.4281352283
christian ortag__1995-01-14,,,,,,,423850.7417282909,469459.99217371375,,511974.56169010623,,,,,,,,,468428.43186403695,44070.96548375115,469459.99217371375
christian pastina__2001-02-15,,,,,,,,805109.466370155,,835121.3643160431,,,,,838266.1655227573,,,,826165.6654029852,18302.8708660706,835121.3643160431
christian pierobon__2002-03-26,,,,,,1720439.4385989392,1424339.3191505296,,,,,,,,,,1578519.7435001559,1504559.0758724753,1556964.394280525,125862.95608792623,1541539.4096863156
christian pulisic__1998-09-18,,,,,,,,,52510435.720382355,,,,49623376.85974211,,44075009.222924165,,,46302941.77040692,48127940.89336389,3705827.2383921803,47963159.31507452
christian rasmussen__2003-01-19,,,,,,,,,,1548177.4485880637,,,,,,,,,1548177.4485880637,,1548177.4485880637
christian srensen__1992-08-06,,,,,,667644.2271256759,,,,,,,,504101.766351715,,,,,585872.9967386954,115641.98302520267,585872.9967386954
christian walton__1995-11-09,,,,,,,778921.6764266128,,,934381.3628511447,,,,,,,,,856651.5196388788,109926.59847192082,856651.5196388788
christoph baumgartner__1999-08-01,,,,,,,,,24811986.19155166,,,26870101.013233304,24029065.443247925,,,,,,25237050.88267763,1467440.2104385884,24811986.19155166
christoph klarer__2000-06-14,Christoph Klarer,DEF,2950000.000000002,3243257.3019765313,,,,,,,2874004.083814784,,,,,,,,3058630.6928956574,261101.45453712717,3058630.6928956574
christophe vincent__1992-11-08,,,,,,,,,,,,,,462809.6122430149,,,,,462809.6122430149,,462809.6122430149
christopher antwiadjei__1994-02-07,,,,,,,,1200662.4699717527,1230841.9133894767,,1212025.8394159926,,,,,,,,1214510.0742590742,15242.318338021474,1212025.8394159926
christopher bonsu baah__2004-12-14,,,,,,,,,,,,,,5698474.523523018,,,,,5698474.523523018,,5698474.523523018
christopher jullien__1993-03-22,,,,,,1303718.995868178,,,1276189.5765973483,,,,1177106.0888168078,,,,,,1252338.220427445,66591.08387282361,1276189.5765973483
christopher lenz__1994-09-22,,,,,1031660.9064736348,,,,,,975104.2542422032,,,1024529.01826611,999893.5473673706,985596.6957787636,,1089400.3808392056,1017697.4671612146,41339.028600058125,1012211.2828167402
christopher lungoyi__2000-07-04,,,,,,,,,1068320.5404198058,,796482.529422472,1124567.583526186,,,,,,,996456.8844561545,175451.53025239118,1068320.5404198058
christopher nkunku__1997-11-14,,,,,,,,,,,20137287.32699256,,,19942478.021199442,,,,,20039882.674096003,137750.9811645573,20039882.674096003
christopher operi__1997-04-29,,,,,,,,3625061.9083757205,,,,,,,,,,,3625061.9083757205,,3625061.9083757205
christopher scott__2002-06-07,,,,,,,,,,1287415.0575566776,1190074.718824893,,,1359652.9612004212,,,,,1279047.5791939974,85098.21439023143,1287415.0575566776
christopher trimmel__1987-02-24,Christopher Trimmel,DEF,899999.9999999995,1518386.422133873,1593265.341247239,,,,,,1425703.2313837302,,,,,,,,1512451.664921614,83938.55593738784,1518386.422133873
christos donis__1994-10-09,Christos Donis,MID,474999.99999999977,393948.4683463851,,379839.52465471136,373682.4569024274,,,,,,,,392170.2105176187,,,,384910.1651052856,9766.814747479295,386004.867586165
christos kosidis__2005-02-28,,,,,895177.9466857617,,,,,,,896513.5566438182,,,668629.8892154834,902448.4360685508,780022.238139892,793214.2216543516,822667.7147346429,93262.74949917984,844196.0841700566
christos mandas__2001-09-17,,,,,,,,,,,,,5460053.138578077,5531323.5296948515,,,,,5495688.334136464,50395.77685648883,5495688.334136464
christos mouzakitis__2006-12-25,,,,,,,,,,,,,,,,,8125492.785113446,,8125492.785113446,,8125492.785113446
christos tzolis__2002-01-30,,,,,,,,,,34700144.84144423,,,,,,,,,34700144.84144423,,34700144.84144423
christos zafeiris__2003-02-23,,,,,,,,,13085397.657038676,,,,14330808.500691878,,13799004.560455354,,,,13738403.572728636,624913.1156867613,13799004.560455354
chuba akpom__1995-10-09,,,,,,,,,,,,,,,4584876.980072257,,4672839.639711514,,4628858.309891885,62198.99312212286,4628858.309891885
chuks aneke__1993-07-03,,,,,,,,,,227660.44044663868,,,,,256122.00462794382,,,,241891.22253729124,20125.365035777017,241891.22253729124
chukwubuikem ikwuemesi__2001-08-05,,,,,,,,,,,2145601.861396637,,,,,2055287.806709569,,,2100444.834053103,63861.680505678385,2100444.834053103
ciaron brown__1998-01-14,,,,,1206735.2755904982,,968604.4891769523,,,,,,1134902.9886049065,1464848.357799282,,,1318169.2507285892,1091889.661566034,1197525.0039110438,175263.5634398145,1170819.1320977025
cieran slicker__2002-09-15,,,,,,,,,,,,,367204.3780417091,,,,,,367204.3780417091,,367204.3780417091
cihan canak__2005-01-24,,,,,,,,,,,,,,,1765647.6636972653,1684373.1992464422,,,1725010.4314718537,57469.724950482036,1725010.4314718537
ciro immobile__1990-02-20,,,,,6192015.017818335,,,,,4720401.558228206,,6028554.988296671,6713374.058376452,,,,5875509.933395878,5117336.141572292,5774531.949614639,731237.0459657833,5952032.460846275
cisse sandra__2003-12-16,,,,,,,1749031.680513936,,,1812870.0606415325,2363011.274426981,,,,,,1831883.5428047227,,1939199.139596793,284754.90140813735,1822376.8017231277
cj eganriley__2003-01-02,,,,,11607955.670668317,,,,,,,,,10824814.204190139,,10287480.017995121,,11725755.573804595,11111501.366664542,679454.638943058,11216384.937429227
clark robertson__1993-09-05,,,,,,,,,,,435115.30671353644,,,,,,,,435115.30671353644,,435115.30671353644
claudio echeverri__2006-01-02,,,,,,9164439.504347632,,,10009364.87133972,,,9237002.070422165,9202579.042698253,,,,,11032391.815104347,9729155.460782424,808601.277541762,9237002.070422165
claudio gomes__2000-07-23,,,,,,3119371.483478701,3813470.2259323495,,,,,,,,,,,,3466420.8547055256,490801.9276020297,3466420.8547055256
claudio spinelli__1997-01-21,,,,,,,,,2174017.076830055,1872197.3836190563,,,,,,,,,2023107.2302245558,213418.7517651406,2023107.2302245558
claudiu micovschi__1999-05-19,Claudiu Micovschi,MID,362499.9999999997,514168.1054653738,,,,,,,,,621143.3376234291,490162.82524066186,,,,,541824.7561098216,69732.6422822543,514168.1054653738
clemens riedel__2003-07-19,,,,,,,,,,,,,,5401521.522178218,,,,,5401521.522178218,,5401521.522178218
clement akpa__2001-11-24,Clément Akpa,DEF,6499999.999999999,6740821.480757045,,,,,7312645.207106201,,,,,,,,7960734.323124089,8230885.912001266,7561271.73074715,669055.8709633885,7636689.765115146
clement bischoff__2005-12-16,,,,,,,,,,,,,,,2232406.5032486655,,,,2232406.5032486655,,2232406.5032486655
clement lenglet__1995-06-17,,,,,,,,,,9321375.573694136,8769178.658840619,,,8951481.233452631,,,,,9014011.821995795,281359.0483192276,8951481.233452631
clement michelin__1997-05-11,,,,,,,,,,,1412726.8426618765,1417999.1924446097,1102517.2730066644,1284226.2026530777,,1317229.7034688,,1408708.214898862,1323901.2381889818,122119.70697957223,1362968.959183831
clement vidal__2000-06-18,Clément Vidal,DEF,1450000.0000000002,1218884.3711887565,1240268.4997021144,1350270.000264183,1132956.4727382027,,,,,,,,,,,,1235594.835973314,89416.83226828954,1229576.4354454353
clinton mola__2001-03-15,,,,,,,,,,,350040.5538920002,,,,,,,,350040.5538920002,,350040.5538920002
clinton nsiala__2004-01-17,,,,,,,,742972.7122520051,,,679104.1393637295,,,,,,,,711038.4258078673,45161.90099400696,711038.4258078673
cody drameh__2001-12-08,,,,,1935984.2313887044,2071085.4610675978,,1966560.8036085027,,2027169.2295233912,,,,1963525.8281405673,,,,,1992865.1107457527,54962.12396680853,1966560.8036085027
cody gakpo__1999-05-07,,,,,,,,51258180.28920817,,47901983.92558454,,,,,,,50856012.39162702,,50005392.20213991,1832670.0570131086,50856012.39162702
cohen bramall__1996-04-02,,,,,,,,538269.491192727,,,,,,,,,,,538269.491192727,,538269.491192727
cole campbell__2006-02-20,Cole Campbell,MID,1949999.999999999,2091799.159168218,,,,,,,,,2153129.241661494,2302130.1366682644,,,,1844333.205619263,2097847.93577931,190694.82293854322,2122464.200414856
cole palmer__2002-05-06,,,,,126529750.34255682,,,,,110916207.057757,99680044.32492362,,98886512.57642303,,109022805.46306199,,,,109007063.95294449,11181552.53983985,109022805.46306199
colin coosemans__1992-08-03,,,,,,,4066714.834021787,3307180.639829867,,2999544.985131651,,,,,,,,2819284.258728356,3298181.1794279153,550530.2915463159,3153362.812480759
coll donaldson__1995-04-09,,,,,,,,,249188.87934414632,,,,,,241065.07883830662,260235.41381050443,,,250163.12399765244,9622.229482829407,249188.87934414632
come bianay balcot__2005-05-13,,,,,602300.2208892272,,595492.5659468848,,,,,,,,,,,,598896.393418056,4813.738973708448,598896.393418056
conan ledesma__1993-02-13,,,,,,,,,,,3210949.6986389086,,,,,,,,3210949.6986389086,,3210949.6986389086
connor barron__2002-08-29,,,,,,,,4557857.070609271,,4596553.180637565,,,5452926.165893177,,,,4460070.567519617,,4766851.746164908,460974.7559276795,4577205.125623418
connor mahoney__1997-02-12,,,,,,,,,,,,,,,,,,329678.4877654837,329678.4877654837,,329678.4877654837
connor mclennan__1999-10-05,,,,,,,,,,,249806.96989097522,,,253973.5714195779,247282.07035585307,,237187.79866094643,,247062.60258183815,7137.996002230125,248544.52012341414
connor ogilvie__1996-02-14,,,,,1114607.2129333557,,,,,,,1055459.0230290592,1087120.0315390422,1084044.503884828,,,,,1085307.6928465713,24181.84708329811,1085582.267711935
connor roberts__1995-09-23,,,,,5241958.484139697,,,,,,,,,,,,,,5241958.484139697,,5241958.484139697
conor bradley__2003-07-09,,,,,26007627.659373455,,23799716.76745868,,,,,,,,,,,,24903672.21341607,1561228.763928575,24903672.21341607
conor coady__1993-02-25,,,,,,,,,,,,,,,,,,2046035.5952585142,2046035.5952585142,,2046035.5952585142
conor coventry__2000-03-25,,,,,,,,,,,,,1778276.672639301,,,,,,1778276.672639301,,1778276.672639301
conor gallagher__2000-02-06,,,,,33326359.194408897,32900094.931189038,,,31134347.61088008,,,,,31131776.798080463,34484546.24656438,,34656337.8916353,,32938910.445459694,1549990.2763037165,33113227.06279897
conor grant__1995-04-18,,,,,,,,203551.9931592379,,,,,,,,,,,203551.9931592379,,203551.9931592379
conor hazard__1998-03-05,,,,,,,,,,,748627.0559635722,,,,,,,,748627.0559635722,,748627.0559635722
conor masterson__1998-09-08,,,,,,,,,421517.65934069897,,,,,,,,,,421517.65934069897,,421517.65934069897
conor mcaleny__1992-08-12,,,,,,276210.39342328283,,,285394.6120921559,,,260412.77391214826,238078.95271540596,,,,,,265024.18303574825,20715.503163072808,268311.58366771555
conor mcgrandles__1995-09-24,,,,,,,,,,535896.0524406101,,,,,,,,,535896.0524406101,,535896.0524406101
conor mcmenamin__1995-08-24,,,,,,,226799.39951152477,,,,,389763.0805873392,266849.57522511325,332924.28848526947,,,,,304084.0859523117,71953.64005421757,299886.93185519136
conor no__2001-01-01,,,,,,,,,735672.1540084889,,809659.9187917343,,,,,,,,772666.0364001116,52317.25020306805,772666.0364001116
conor shaughnessy__1996-06-30,,,,,,,,1077109.8181077952,,,,1109781.395313184,,,,,,,1093445.6067104896,23102.293793990255,1093445.6067104896
conor townsend__1993-03-04,,,,,,,,,,,,1264173.5167609951,,,,,,,1264173.5167609951,,1264173.5167609951
conrad harder__2005-04-07,,,,,10036674.736092,,,,,,,,,,,9325179.538035247,,,9680927.137063622,503103.0793275949,9680927.137063622
corentin tolisso__1994-08-03,,,,,16406446.983467137,,,,,,,,,,,,16053043.3056954,15941700.37311181,16133730.220758116,242652.29579780405,16053043.3056954
corey blacketttaylor__1997-09-23,Corey Blackett-Taylor,MID,825000.0000000006,1042208.2404534692,965715.0946305842,1053107.0446670023,,,,,1052163.1869510938,,,,,,,,1028298.3916755373,42012.50083343018,1047185.7137022815
corrie ndaba__1999-12-25,,,,,,,,,825437.3232908982,,769170.4975990367,,,,,703119.1497523792,697091.7617989129,,748704.6831103067,60686.852309194874,736144.8236757079
costantino favasuli__2004-04-26,,,,,1012807.4645537202,,443301.95820088283,,,,1283612.190546288,,,,,,1274256.9492187367,,1003494.6406299069,393988.42608210805,1143532.2068862284
couhaib driouech__2002-04-17,Couhaib Driouech,MID,3850000.0000000005,4820937.442026484,4208356.454119638,,,,,,,,,,,,,,4514646.948073061,433160.17057488544,4514646.948073061
craig goodwin__1991-12-16,,,,,,,1018768.1820162821,,,,,,,,,,,1468856.956543668,1243812.569279975,318260.82460425753,1243812.569279975
craig gordon__1982-12-31,,,,,,123575.69386267809,,145320.525441597,,,,,,,,,,,134448.10965213756,15375.91786521295,134448.10965213756
craig halkett__1995-05-29,Craig Halkett,DEF,1099999.9999999998,1858819.4290971518,1975248.274944153,,,,1644830.0144120143,1909986.6470538187,,,,,,,,1637753.279152213,1805327.5289318704,155345.22495959883,1858819.4290971518
craig sibbald__1995-05-18,,,,,,,,,,312281.154137812,,,,329543.1662158204,,,,,320912.16017681616,12206.085797283855,320912.16017681616
cristian buonaiuto__1992-12-29,,,,,,,,1135922.2639855235,1105270.0811968485,,,,,,1195081.8899410397,,,,1145424.7450411373,45653.73048432097,1135922.2639855235
cristian casseres jr__2000-01-20,Cristian Cásseres Jr,MID,5750000.000000005,6099624.0299078915,,,,,,,,,,,,6115048.952295793,,,6107336.491101842,10907.06721976148,6107336.491101842
cristian cauz__1996-08-15,,,,,772570.0550772256,,775787.3130554314,,820656.2046022484,,,,,804628.6264000016,,,,,793410.5497837267,23188.184073301123,790207.9697277164
cristian devenish__2001-01-25,,,,,,,,,,,,1635428.3588900112,,,,,,,1635428.3588900112,,1635428.3588900112
cristian manea__1997-08-09,,,,,,,,,862747.2123841296,,,,,814694.9500839062,,,,,838721.0812340179,33978.0805238427,838721.0812340179
cristian montano__1991-12-11,Cristian Montaño,DEF,175000.00000000012,259894.50857820193,187523.27703725477,,230198.66529166914,,,,,214676.3417489013,,,,,,,223073.19816400678,30226.286971112302,222437.50352028522
cristian romero__1998-04-27,,,,,,33071844.43895636,,,,33592783.900531806,,,,,34006336.9409264,,,,33556988.426804855,468273.47353235754,33592783.900531806
cristian volpato__2003-11-15,,,,,,,,,,,2731417.986370983,,,2573317.343054086,,,,,2652367.6647125343,111794.03699933356,2652367.6647125343
cristiano biraghi__1992-09-01,,,,,,,,,,,,,,,,6996149.878124913,,,6996149.878124913,,6996149.878124913
crysencio summerville__2001-10-30,,,,,16343202.111351758,,19616644.110250805,,,,,17627602.016703703,,16506221.301501075,,,,15152326.017394507,17049199.111440368,1682090.0647609131,16506221.301501075
curtis jones__2001-01-30,Curtis Jones,MID,34499999.99999998,31777401.477014754,,,,,,30460250.29476621,,,34669479.659238026,28753361.026224304,,33306739.844314475,,,31793446.460311554,2322789.9566715835,31777401.477014754
cyle larin__1995-04-17,,,,,,,8111167.650261682,,,,,7525801.6844960395,,,,,,,7818484.667378861,413916.24386869854,7818484.667378861
cyriel dessers__1994-12-08,,,,,,,,,,,,,,,,,3053022.505881813,,3053022.505881813,,3053022.505881813
cyril ngonge__2000-05-26,,,,,,3413038.4634090257,,,,,3626758.4421942653,,,,,,,,3519898.4528016457,151122.84627408802,3519898.4528016457
cyrus christie__1992-09-30,Cyrus Christie,DEF,800000.0000000005,543939.7017289479,,,,,,,,543468.7565078322,508045.3127660101,,,,,,531817.9236675968,20589.03152552348,543468.7565078322
daam foulon__1999-03-23,Daam Foulon,DEF,2649999.999999999,2463031.7272874713,,,,,,,2465884.789136266,,,,,,2386061.626980192,,2438326.0478013097,45284.790529530146,2463031.7272874713
daan dierckx__2003-02-24,,,,,,,,,,,,1632240.5228794927,,,,,,,1632240.5228794927,,1632240.5228794927
daan heymans__1999-06-15,,,,,,2991285.7213493944,,,,,,2692947.6053447505,,,3370335.6223899554,3066802.571881676,,2915103.572104001,3007295.0186139555,246429.24213833496,2991285.7213493944
daan reiziger__2001-06-18,,,,,,,,,,546276.7239591808,,601919.198560647,518471.840283398,,,,,,555555.9209344086,42490.505095158565,546276.7239591808
daan rots__2001-07-25,,,,,3494644.737996889,,,3313895.4421049287,,,,3483230.006121077,,,,,,3744203.511541869,3508993.424441191,177253.72239796372,3488937.372058983
dael fry__1997-08-30,,,,,,,,,,,2753612.9932810464,2224184.644050097,2781159.4797150656,,,,,,2586319.039015403,313919.8818829114,2753612.9932810464
daichi kamada__1996-08-05,,,,,,,,,,11092238.705345007,,,,,,,9639135.085346973,,10365686.89534599,1027499.42346733,10365686.89534599
daijiro chirino__2002-01-24,,,,,,,4103316.8096241686,,3945777.00288177,,,,,,3844904.920152979,,4182965.7387700584,,4019241.117857244,152386.0880113863,4024546.906252969
daiki hashioka__1999-05-17,,,,,,,,,,,,,2250207.168434074,,2222734.064063147,,,,2236470.6162486104,19426.41840092824,2236470.6162486104
daisuke yokota__2000-06-15,,,,,,1624199.2915073687,,,,,,,1793107.5760639356,,,,1638254.063532518,,1685186.9770346077,93725.80181202243,1638254.063532518
daizen maeda__1997-10-20,,,,,16230361.66935255,,11798674.331674147,,16836629.74390376,,,,,,,,,12187865.493747557,14263382.809669504,2637749.396055916,14209113.581550054
dakonam djene__1991-12-31,Dakonam Djené,DEF,3299999.9999999986,3447439.536120622,,,,,3984891.731927415,,,,,,,,,,3716165.6340240184,380036.0922185834,3716165.6340240184
dal varesanovic__2001-05-23,,,,,,,,1648258.9713183173,1587898.008255155,,,,,,,,,,1618078.4897867362,42681.64630091277,1618078.4897867362
dale taylor__2003-12-12,,,,,,,,,,,,759919.2390162412,,742461.7274438136,,,,,751190.4832300274,12344.32481550617,751190.4832300274
daley sinkgraven__1995-07-04,,,,,,,1075037.1528837876,1032738.1092793463,,,886386.1851750751,1034394.8218176016,,,,,1045349.31707824,,1014781.1172468101,73752.31220641703,1034394.8218176016
damian puebla__2002-09-15,,,,,,,,,,1738234.3044664906,,,,1562423.8523432303,,,1557010.406001902,,1619222.854270541,103102.47479391495,1562423.8523432303
damian szymanski__1995-06-16,,,,,,,,,,,,,,,,2226594.819333484,,,2226594.819333484,,2226594.819333484
damian van bruggen__1996-03-18,,,,,,,,433403.5072944865,,461607.9334032199,,,,,,475536.7373617313,,,456849.39268647926,21465.904390206906,461607.9334032199
damian van der haar__2004-01-16,,,,,848070.662500268,,,,,,,922428.2502101416,,,,936968.5925105162,942228.6671941207,,912424.0431037616,43711.90637829197,929698.4213603289
damien da silva__1988-05-17,,,,,,,,,240208.30455251542,,,,212852.73199731743,,,161034.05120097683,,,204698.36258360324,40212.07410523477,212852.73199731743
damion downs__2004-07-06,,,,,,3880294.823846653,,4216195.763526456,,3820894.190216608,4138338.4150162297,3923972.5573815946,,,3730528.7390933894,,,3669967.1199422795,3911455.9441461735,201958.17683686654,3880294.823846653
damon mirani__1996-05-13,,,,,,,,,,1060104.7370849396,,,,,,1134722.5659617898,,,1097413.6515233647,52762.77279623816,1097413.6515233647
dan agyei__1997-06-01,Dan Agyei,MID,562500.0000000003,644370.0546574515,,,365897.10012187593,660563.789535218,,,,,,,,,,,556943.6481048485,165649.16807663275,644370.0546574515
dan burn__1992-05-09,,,,,,,9684046.409180071,,9990518.870094754,,,,,8886663.274040675,,,10382470.72752589,,9735924.820210347,634238.725779852,9837282.639637413
dan casey__1997-10-29,Dan Casey,DEF,600000.0000000003,647514.3228998431,,599023.2363018353,,558398.6852193626,,603618.7185812659,,,611535.8562664451,,,,,531695.2224088503,591964.3402796004,41020.76820910323,601320.9774415506
dan kemp__1999-01-11,,,,,,,,,,,,,,773569.7396723536,,,,,773569.7396723536,,773569.7396723536
dan ndoye__2000-10-25,,,,,,,,21101805.85281169,,,21912242.668495484,,,,,,,,21507024.260653585,573065.3680932424,21507024.260653585
dan nlundulu__1999-02-05,,,,,337814.48687764845,306158.1239628869,,,,343086.0570677497,354681.9887602021,,318119.3950580322,351258.0479525758,,,,,335186.3499465158,19191.72081291264,340450.2719726991
danaxel zagadou__1999-06-03,,,,,,,,,,,,,,6467248.39248322,,,,,6467248.39248322,,6467248.39248322
dane murray__2003-06-26,Dane Murray,DEF,1425000.0000000007,1955386.2719524938,,,,,,,,,,,,,,,1955386.2719524938,,1955386.2719524938
dane scarlett__2004-03-24,,,,,1354648.688385453,,,1345086.1951011673,,,,,,1433803.761577054,,,1419182.5182145478,,1388180.2908195555,44811.11705442237,1386915.6033000005
danel dongmo__2001-01-31,Danel Dongmo,MID,412500.00000000006,636486.2329975462,,567301.3467532872,,,596608.6488044066,,628118.3829047468,,543347.0025700763,,,,,579583.9890478617,591907.6005129876,35877.69749261558,588096.3189261341
dango ouattara__2002-02-11,,,,,,,,,18246644.006985255,,,,12821301.509416128,,,19907996.576539285,,18356111.55929241,17333013.41305827,3102017.2615393363,18301377.783138834
dani de wit__1998-01-28,,,,,,,,,,,,,,,,2427699.909102699,,2346605.525143001,2387152.71712285,57342.38881404773,2387152.71712285
dani van den heuvel__2003-05-28,,,,,,,,595901.6660466932,,633117.3960677708,,,,,619255.0388679533,,,,616091.3669941392,18808.4889091151,619255.0388679533
daniel anyembe__1998-07-22,,,,,,1567133.7985636746,,,,1578261.9453856598,1246700.0341634278,1497605.644279499,,,,,,,1472425.355598065,154657.73025371044,1532369.7214215868
daniel arzani__1999-01-04,,,,,,,,,1178351.141009906,,,1047409.367831859,,,,,,,1112880.2544208826,92589.81575478784,1112880.2544208826
daniel bachmann__1994-07-09,Daniel Bachmann,GK,1899999.9999999993,743341.7058070062,,,569854.8867311844,611219.6209308926,,,,,,748189.4241544895,,,,,668151.4094058932,91219.69704452633,677280.6633689494
daniel batz__1991-01-12,,,,,,,,,,,,236978.84543208638,259356.99646297435,250471.76172697055,,,,,248935.86787401044,11267.858640219913,250471.76172697055
daniel bielica__1999-04-30,,,,,,1064791.7694325987,,,,,1073113.6963802748,1074443.3883080506,,,1153565.0169882863,,,,1091478.4677773025,41610.80878192564,1073778.5423441627
daniel boloca__1998-12-22,,,,,,3804335.4894145196,4122919.813023988,,,,4294790.728027193,,,,,,,,4074015.3434885666,248858.03307520392,4122919.813023988
daniel denoon__2004-01-28,Daniel Denoon,DEF,662499.9999999998,597384.7895688161,,,504468.4470134809,,,,,597200.1591532864,,,,,,,566351.1319118611,53592.05668540578,597200.1591532864
daniel elfadli__1997-04-06,,,,,,,,,,3372568.4052640833,,,,3628498.6682347804,,,,,3500533.536749432,180970.02445743632,3500533.536749432
daniel freyr kristjansson__2005-08-30,,,,,,,,,,,,,,,,,517069.56065199163,,517069.56065199163,,517069.56065199163
daniel gleiber__2005-02-01,Daniel Gleiber,MID,499999.99999999977,635088.6213487594,604626.1362105429,,,,,,,,,660034.8858234914,,,662440.8935110033,,640547.6342234493,26951.948712555615,647561.7535861253
daniel gore__2004-09-26,,,,,,,,,,1032118.8121387959,,,,915419.1256931565,,,,,973768.9689159761,82519.13964805541,973768.9689159761
daniel graovac__1993-08-08,,,,,,,349719.1850178817,,550733.3222814256,,,,601155.821173268,,,,,581950.3739349019,520889.67560186924,115990.00402290962,566341.8481081638
daniel grimshaw__1998-01-16,,,,,751764.6808321956,,,784937.8950562308,,,,,,,755407.5295688242,,,,764036.7018190837,18192.374660332778,755407.5295688242
daniel haarbo__2003-03-14,,,,,,,,,,299780.59578260634,,,266206.7772035064,,295306.5489077451,,232752.02433951045,,273511.48655834206,30982.701525085886,280756.66305562574
daniel harvie__1998-07-14,,,,,,,453544.8101485087,,,673756.2330643169,,,,,,,783732.371890255,,637011.1383676935,168132.7094007521,673756.2330643169
daniel hegh__1991-01-06,,,,,,752629.8732639244,878085.1892731962,,,,,705630.1712139724,,,,,,,778781.7445836976,89152.24951506431,752629.8732639244
daniel heuer fernandes__1992-11-13,Daniel Heuer Fernandes,GK,2199999.9999999995,3034689.8543816474,,2949181.042709108,,,,2858103.281716675,2543238.4734095805,3324004.2429706836,,,,,,,2941843.379037539,283116.367375718,2949181.042709108
daniel iversen__1997-07-19,,,,,2426024.5351289646,,2258773.1973079164,,,,,,,,,,,,2342398.8662184402,118264.55513578528,2342398.8662184402
daniel james__1997-11-10,,,,,,,,10355665.01048415,,10772002.326074727,9848736.506493757,,,,,,10448341.2129051,,10356186.263989434,382492.29194211995,10402003.111694625
daniel johnson__1992-10-08,Daniel Johnson,MID,700000.0000000006,782035.3496624591,,,,,,808907.1059301732,,,,,,,,,795471.2277963161,19001.201079292736,795471.2277963161
daniel karlsbakk__2003-04-07,Daniel Karlsbakk,MID,1600000.0000000012,1656401.0206985304,1722684.8833219854,,,,,,1588974.8757989493,1561187.8886274234,,,,,,1663263.2893798598,1638502.3915653497,64130.06721950601,1656401.0206985304
daniel klein__2001-03-13,Daniel Klein,GK,287499.9999999999,318204.56395610527,,,,307342.1847064075,,,,,,,,,311124.0389332422,,312223.5958652517,5514.035711356408,311124.0389332422
daniel leo gretarsson__1995-10-02,,,,,,,,,,581303.4474028855,,641926.5131761921,,,,,632667.9443654903,,618632.6349815227,32657.793221012827,632667.9443654903
daniel luna__2003-05-07,,,,,1249957.2917954056,,,,1326537.6929685662,,,,,,1317551.0951327307,,,,1298015.3599655675,41861.35655173765,1317551.0951327307
daniel maldini__2001-10-11,,,,,,,,,,8344149.099089749,,,,,,,8821099.192290677,,8582624.145690214,337254.6451899318,8582624.145690214
daniel mancini__1996-11-11,,,,,1961390.366110327,1579894.0314600992,,,,,,,,,1876019.3766542047,1742383.5177040806,,,1789921.8229821778,166519.08170051943,1809201.4471791426
daniel mesenholer__1995-07-24,,,,,,192295.2639926182,,,,,,,,,,,242312.89527816017,,217304.07963538918,35367.80626089515,217304.07963538918
daniel mosquera__1999-10-20,Daniel Mosquera,FWD,1600000.0000000012,2399720.6074156757,,,2610108.864402422,,,,,,2783878.1343245786,,2349402.7256239727,2356246.893566792,,2583708.328084536,2513844.2589029963,174337.78223129394,2491714.467750106
daniel munoz__1996-05-26,,,,,,,,,,,28192264.235704117,26074492.7758455,,,,,,,27133378.50577481,1497490.560269361,27133378.50577481
daniel oshaughnessy__1994-09-14,,,,,,,328149.2065900024,354114.9942636666,,367603.663526124,,,,,,,,,349955.95479326433,20053.347601294427,354114.9942636666
daniel oyegoke__2003-01-03,,,,,,587665.9516402428,449676.21991353016,,,,465129.2997081778,,,,,,533412.9525020871,507874.5041067461,508751.7855741568,55292.92928163748,507874.5041067461
daniel peretz__2000-07-10,,,,,,,,,,,,3558730.070324353,,,3267727.3301946945,,,,3413228.7002595235,205770.01088954817,3413228.7002595235
daniel phillips__2001-01-18,Daniel Phillips,MID,912500.0000000001,1163804.229502754,,,,,,,,1176543.3869309116,,,,,,,1170173.8082168328,9007.944604053158,1170173.8082168328
daniel sundgren__1990-11-22,,,,,,,,,,,,410033.88552698237,,419220.8092811598,,,,,414627.3474040711,6496.136084822619,414627.3474040711
daniel svensson__2002-02-12,,,,,,,,,18286405.21213079,19802042.544617508,,,,,,,,18643239.586914927,18910562.44788774,792392.1156257691,18643239.586914927
daniel wass__1989-05-31,,,,,593090.1416126249,,,,,,549616.4463245682,,,,596695.4017402258,,,,579800.6632258063,26202.37942635472,593090.1416126249
daniele baselli__1992-03-12,,,,,1009418.825995989,,,1168622.173518006,1006768.0153804922,,,959625.7003815579,,,,1182577.1953124923,,,1065402.3821177075,102646.37853057992,1009418.825995989
daniele ghilardi__2003-01-06,Daniele Ghilardi,DEF,6449999.999999996,5966921.024867382,,,,,,6020964.440009011,6051206.329839714,5563666.091963669,,,,5884536.323154936,5372771.172272899,,5810010.897017934,277386.3015181331,5925728.674011159
daniele padelli__1985-10-25,,,,,,,,,,,,,,,,,103973.77537843937,,103973.77537843937,,103973.77537843937
daniele rugani__1994-07-29,,,,,4368535.065923738,,,,,,4201012.681627727,,,4169542.7034901776,,,,4336871.136593068,4268990.396908678,98366.23650165046,4268941.909110397
daniele sommariva__1997-07-18,,,,,,,,304165.8611278432,,,,,,,,,331618.5825963442,,317892.22186209366,19412.00551240255,317892.22186209366
daniele verde__1996-06-20,,,,,,,,1335752.5671161527,,,1123338.777581194,,1350646.9883191776,,,,,,1269912.7776721749,127155.07883189886,1335752.5671161527
danielkofi kyereh__1996-03-08,,,,,,,,,,,,,,,,,,1462656.5964397483,1462656.5964397483,,1462656.5964397483
daniil khudyakov__2004-01-09,,,,,,,,,815800.727821572,,823620.6509432027,,,,,,769400.5013688967,848455.7497453236,814319.4074697488,33023.75624400085,819710.6893823873
danilho doekhi__1998-06-30,Danilho Doekhi,DEF,16999999.999999974,18276706.97647206,,,,,,,,,19173006.102724027,16336970.042281564,16574890.178937588,,17950502.305739217,,17662415.12123089,1191820.9785956747,17950502.305739217
danilo cataldi__1994-08-06,,,,,,,,,,,,,,7194445.522152241,,,,7381197.733278948,7287821.627715595,132053.75488927602,7287821.627715595
danley jean jacques__2000-05-20,,,,,,,,2179326.762902982,1970849.6707553088,1976814.960034977,,1948405.2318038244,,,,,,2137601.978053478,2042599.720710114,107317.3088474831,1976814.960034977
danny bakker__1995-01-16,,,,,,,,,,,,,833420.7987962832,,,,,918708.2169812114,876064.5078887474,60307.311748455635,876064.5078887474
danny da costa__1993-07-13,Danny da Costa,DEF,2649999.999999999,3889790.537351568,,,,,,3353659.796893604,,,,,,,,,3621725.167122586,379101.68218039133,3621725.167122586
danny finlayson__2001-01-19,Danny Finlayson,DEF,237499.99999999983,252076.86096115498,,,,,,,,,,,243315.55532584744,,,,247696.2081435012,6195.178626773873,247696.2081435012
danny ings__1992-07-23,Danny Ings,FWD,4650000.000000001,2060195.361004388,,2239431.1977917524,,,2392250.200435541,,,,1656654.7124514692,2344308.818595598,,,,,2138568.0580557496,298010.0733121011,2239431.1977917524
danny namaso__2000-08-28,,,,,,,,,,5023253.28052244,,4921764.685993725,,,4758207.617811512,,4949058.698426418,4824378.546495555,4895332.56584993,104626.22493467857,4921764.685993725
danny rogers__1994-03-23,,,,,,147159.84648492438,,,167714.20114154142,,,,,175234.4815475102,,,,145804.4564253213,158978.24639982433,14762.626293752868,157437.0238132329
danny ward__1993-06-22,,,,,,949896.287656532,,,,,,,,,,,,,949896.287656532,,949896.287656532
danny welbeck__1990-11-26,,,,,,,,,7021190.320658135,6724452.288274465,5731589.323496309,,,6880639.523575841,,,,6399110.296203568,6551396.350441664,513402.9613448868,6724452.288274465
danny wilson__1991-12-27,,,,,,,,,,,,420167.26260371483,,,399869.325150563,,,,410018.2938771389,14352.809217224078,410018.2938771389
dante vanzeir__1998-04-16,,,,,1947449.8441302667,,,2148793.45298938,,,,,,,,,,,2048121.6485598232,142371.43117285075,2048121.6485598232
danylo sikan__2001-04-16,Danylo Sikan,MID,5950000.000000001,6270466.356282511,5455190.264067432,,,,,,3502976.5086708935,,,,,,,,5076211.043006945,1422135.3492741305,5455190.264067432
daouda guindo__2002-10-14,Daouda Guindo,DEF,1849999.9999999995,1436819.7467989142,,,,1311679.4978439864,,,,,,,1372588.243512966,,,,1373695.8293852888,62577.476275204266,1372588.243512966
daouda weidmann__2003-05-04,Daouda Weidmann,MID,1299999.9999999993,1203870.2223775063,,,,1471343.4371243617,,,1299492.76638061,,,,,,1505405.9660016801,1152004.5486202326,1326423.388100878,157482.58013334454,1299492.76638061
dara costelloe__2002-12-11,,,,,,452855.1848313206,322407.3631338846,,,,333274.1585117917,,,,406078.50531623675,,,355458.9401149768,374014.83038164215,54569.530930240726,355458.9401149768
dara oshea__1999-03-04,,,,,9485846.304864269,,,,,10272933.210584348,,,11090769.243440013,9342599.223361772,,10734176.361132685,,,10185264.868676618,762921.9250090505,10272933.210584348
darian males__2001-05-03,,,,,,2166456.4952848316,,2211089.4497168916,,,,,1874710.8665015085,2242900.1341529363,,,2128700.2044113134,,2124771.430013496,146363.03890160966,2166456.4952848316
dario melnjak__1992-10-31,Dario Melnjak,DEF,1737499.9999999995,937352.9344665359,,,,,,,,,,,,,,,937352.9344665359,,937352.9344665359
dario naamo__2005-05-14,,,,,,,,,,456917.9694621101,,,,,,464387.17096580734,,,460652.57021395874,5281.523033313089,460652.57021395874
dario osorio__2004-01-24,,,,,,,,,,,,,,5521725.134687779,,6241949.557540119,,,5881837.346113948,509275.57337505714,5881837.346113948
dario saric__1997-05-30,,,,,,,,,,,,979975.049656723,1327438.1549485188,1036180.1459903549,,1031762.4863045082,,,1093838.9592250262,157809.5913632669,1033971.3161474315
dario spikic__1999-03-22,,,,,,,,,,,1637954.8233511525,,,,,,1373424.092611489,,1505689.4579813206,187051.47353824883,1505689.4579813206
darko brasanac__1992-02-12,,,,,,1005511.692584321,,1065922.1213908775,,,896953.6578136587,,1059243.4662483735,,,,,,1006907.7345093077,78131.45885988146,1032377.5794163472
darko churlinov__2000-07-11,Darko Churlinov,MID,1550000.0000000012,1530003.0629919744,,1469171.827117171,,1481174.8349174308,1612160.5758674766,,,,1217187.003653039,,,,,,1461939.4609094183,147923.21435031897,1481174.8349174308
darko gyabi__2004-02-18,,,,,,2298746.8222168693,,,,,,,,2447394.6561510954,2360773.5222488404,,,,2368971.6668722685,74662.25160537481,2360773.5222488404
darko nejasmic__1999-01-25,,,,,2085327.8608244692,,,,,,,,,,,,,,2085327.8608244692,,2085327.8608244692
darlin yongwa__2000-09-22,,,,,,2615316.7232387275,,,,2486023.524232223,2693355.4791455576,,2762778.303945088,,,,2753170.5375183825,,2662128.9136159956,114671.77594018217,2693355.4791455576
darly nlandu__2000-07-14,,,,,,,,,,,,,,512996.61248562013,,,,,512996.61248562013,,512996.61248562013
darnell furlong__1995-10-31,,,,,,2684688.74257127,,,,,,,,,1952739.344877831,,,,2318714.0437245504,517566.3825944399,2318714.0437245504
darryl bakola__2007-11-30,,,,,,,,2227748.1385192377,,,2065254.1386575478,,,,,,,,2146501.1385883926,114900.6092043269,2146501.1385883926
darwin nunez__1999-06-24,,,,,,,,27214758.053485528,25255475.016865887,27622840.168942932,22361884.722455107,,,,,,,24425062.555434912,25376004.103436876,2146684.7186600426,25255475.016865887
dave kwakman__2004-08-07,,,,,,1487675.452757492,969287.1385672513,,,1685700.933724594,,,,,,,1645710.504688353,,1447093.5074344226,329812.0858383975,1566692.9787229225
david affengruber__2001-03-19,,,,,,,,,,,,,,,,,14043129.03561089,,14043129.03561089,,14043129.03561089
david alaba__1992-06-24,,,,,,10461645.777601887,,,,,,10040650.301505491,,,,,,,10251148.039553689,297688.7559966203,10251148.039553689
david ankeye__2002-05-22,,,,,,610658.6872973497,,,,593385.3981646874,,,,,,574627.7411633814,,620536.8015060135,599802.157032858,20188.410367944467,602022.0427310185
david bates__1996-10-05,,,,,1144241.321371977,,,,,,,,,1124835.6042326095,1064741.214148153,,1220269.0017832369,,1138521.7853839942,64151.39574303374,1134538.4628022932
david brooks__1997-07-08,,,,,,,,,,,,,,10916801.675438168,,,,,10916801.675438168,,10916801.675438168
david button__1989-02-27,,,,,108195.43752396884,,,,,,153552.61642341258,122936.38634023773,,,,,,,128228.1467625397,23136.993445655753,122936.38634023773
david cornell__1991-03-28,David Cornell,GK,175000.00000000012,214634.68831317933,,,191364.4216644502,,197334.15488417275,183355.43340025388,,,,,,,188011.60648864525,,194940.0609501403,12130.563731025704,191364.4216644502
david douline__1993-05-28,,,,,,,,957323.3480968018,,,838941.32371163,,,908849.8834224922,,953991.9724002184,,922312.7425785897,916283.8540419464,47905.168501045,922312.7425785897
david grof__1989-04-17,,,,,177039.3520269621,,,,,,127640.20262851732,,,,,183553.08308506108,,,162744.21258018014,30574.92124420182,177039.3520269621
david hancko__1997-12-13,,,,,,,21236886.78440736,,,,,,,25974745.840716362,,,,,23605816.312561862,3350172.267022193,23605816.312561862
david hrncar__1997-12-10,,,,,,,,,,,1326507.5878027244,1324991.267842971,,1347078.128024803,,1318625.5697088935,,,1329300.638344848,12333.802267975458,1325749.4278228479
david jurasek__2000-08-07,,,,,,,,4055008.224845845,,,,,,,,3732394.582295822,,,3893701.4035708336,228122.29435041404,3893701.4035708336
david kiki__1993-11-25,David Kiki,DEF,775000.0000000007,404923.3216204062,,,295357.82631348347,,,,410214.7983930028,,,,,,,288991.33212103485,349871.8196119818,66708.70054206917,350140.5739669448
david kopacz__1999-05-29,,,,,,,962435.1451489809,,,,,,,,,,,,962435.1451489809,,962435.1451489809
david mcgoldrick__1987-11-29,,,,,277473.9058531715,306228.6179226326,,244323.80450915775,247023.70590883994,,,,,254410.57868468808,,,,,265892.12257569795,26049.02062753244,254410.57868468808
david min__1999-06-23,,,,,1528280.5148090112,,,,,,,,,1486200.6974757372,,,,,1507240.6061423742,29754.924187449305,1507240.6061423742
david mller wolfe__2002-04-23,,,,,,6826303.005185544,6667968.320772742,,6914290.415707224,,,,,7254032.705169153,,6586964.526773636,,,6849911.79472166,259932.86896726093,6826303.005185544
david odogu__2006-06-03,,,,,,,,,,2703088.600925875,1970583.3674431825,,,2582651.5715286992,,,,,2418774.5132992524,392788.4251481153,2582651.5715286992
david okereke__1997-08-29,,,,,2943178.8794376976,,,2250345.665145162,2245595.4042938645,2295416.3541143676,,2253801.2745900154,,,,,2552810.3354416625,,2423524.6521704616,280578.98835828516,2274608.8143521915
david ozoh__2005-05-06,,,,,2109481.416620897,,,,,,2148257.2353299214,,,,,,,,2128869.3259754092,27418.64435521123,2128869.3259754092
david philipp__2000-04-10,David Philipp,MID,562500.0000000003,586290.5843780894,,,,,,,,,,,,,,,586290.5843780894,,586290.5843780894
david raum__1998-04-22,,,,,,,,,,,,,35795340.225230925,,,33438248.571302798,,,34616794.39826686,1666715.4923707936,34616794.39826686
david schnegg__1998-09-29,,,,,,,,,,,,2008748.7157664292,,,,,1967881.5914838698,,1988315.1536251495,28897.420707791156,1988315.1536251495
david strelec__2001-04-04,,,,,,,,2417672.5686825556,2565028.063962209,,,,,,,,,,2491350.3163223825,104196.06995734526,2491350.3163223825
david tijanic__1997-07-16,,,,,,,,,,1628797.1377519674,,,,,,,,,1628797.1377519674,,1628797.1377519674
david turnbull__1999-07-10,,,,,,,,,,,,,,1837861.7822660941,1633492.9739870247,,,,1735677.3781265593,144510.5701971434,1735677.3781265593
david van der werff__2004-08-31,,,,,,,,1276347.371538665,,,,1416188.2222036603,,,,,,,1346267.7968711625,98882.41379211356,1346267.7968711625
david voute__2005-11-04,,,,,,,,,,,,,,,,,,314686.13636875345,314686.13636875345,,314686.13636875345
david watson__2005-02-12,,,,,,,,1555383.498078965,1640174.379372207,,,,1520697.3420235005,,,,,,1572085.073158224,61464.604212523394,1555383.498078965
david wieser__2002-02-13,,,,,,,,,,,,1005811.6837501618,,,,1062611.6137861218,,,1034211.6487681419,40163.61569934881,1034211.6487681419
david zec__2000-01-05,,,,,,2455412.596021892,,2338013.4258877304,,,,,2627903.8251627106,,,2521144.718688032,,,2485618.641440091,121390.39021502953,2488278.657354962
david zima__2000-11-08,David Zima,DEF,5250000.0,6091650.315025566,5377409.712254539,,,,6286859.947868366,,,5701004.782900807,,,,,5669555.520620666,5889587.922447739,5836011.366852947,324880.275237371,5795296.352674274
davide bartesaghi__2005-12-29,,,,,2861605.8960717306,3389611.8268275983,,,3493720.989418348,,,2738673.479825148,,,,,,,3120903.0480357064,376179.07129791245,3125608.8614496645
davide biraschi__1994-07-02,,,,,,,,,,,,,,751692.3370018707,,,,,751692.3370018707,,751692.3370018707
davide bragantini__2003-08-17,,,,,,,,1895251.1605397058,,,,,,,2072297.7896252286,,,,1983774.4750824673,125190.87201259265,1983774.4750824673
davide buglio__1998-02-26,Davide Buglio,MID,649999.9999999995,887077.8424214114,,,928979.3203349406,,,,,,,,,,,,908028.581378176,29628.81917439481,908028.581378176
davide calabria__1996-12-06,,,,,,,,,,,,,9080956.867775606,8753899.594296962,,9266270.5786662,,7095303.084573757,8549107.53132813,992080.9294280831,8917428.231036283
davide frattesi__1999-09-22,,,,,,,,,,,,32635846.36953718,33093658.033214092,27326786.285339277,,,,28995175.79137206,30512866.619865652,2806066.088891331,30815511.080454618
davide zappacosta__1992-06-11,Davide Zappacosta,DEF,7249999.999999998,7486462.355155562,,7850148.568667221,,,,,,8025109.40391061,,,,7645411.914124634,,,7751783.060464507,235296.23928492767,7747780.241395928
davie selke__1995-01-20,,,,,5179003.550509485,4065948.264448317,,,,,5145111.477215896,,4907915.930008231,5357034.197701365,,,,,4931002.68397666,509338.2969069465,5145111.477215896
davinson sanchez__1996-06-12,,,,,24211747.12589734,,,,23058625.459978413,22982598.08583942,21046951.15069595,,,,,,,,22824980.45560278,1311988.7337395384,23020611.77290892
davis keillordunn__1997-11-02,,,,,,,,,1056548.5472672284,1070800.2721819729,,,1114927.0082677058,,,1168397.2610489884,997612.5501540861,,1081657.1277839963,64114.231696927316,1070800.2721819729
davis opoku__2007-10-29,Davis Opoku,DEF,549999.9999999998,465307.6943840251,,,,,,,,,,571466.9736419192,,,,570748.4163316888,535841.0281192111,61084.715412297344,570748.4163316888
davy roef__1994-02-06,,,,,,,,,,,,4583958.010912349,,,,,4369892.054117683,,4476925.032515016,151367.48967069492,4476925.032515016
davy van den berg__2000-02-04,,,,,,,,,,,,1105476.596685289,1075527.4878578521,,,1061259.95323993,,,1080754.6792610239,22567.02321679893,1075527.4878578521
dawid kownacki__1997-03-14,Dawid Kownacki,FWD,2199999.9999999995,2413410.3883848987,,,3125947.4985635746,,2404299.248517153,,,,,,,2240509.4225632767,,,2546041.6395072257,394682.44413976785,2408854.8184510255
dawid kurminowski__1999-02-24,,,,,,,,,,,,,,,737332.5497284161,,670737.5609891331,607015.2347069546,671695.1151415013,65163.934281677255,670737.5609891331
dayann methalie__2006-02-15,,,,,,,,,,3480461.0532061923,,,,,,,,3563304.582215442,3521882.817710817,58579.22113986481,3521882.817710817
daylam meddah__2002-10-06,,,,,1074513.6866045487,,,,1028609.5582641439,,,,,1053923.7033998345,,1085132.1560782255,,,1060544.776086688,24922.322369060996,1064218.6950021917
dayot upamecano__1998-10-27,,,,,,,69787048.59965205,,,61544159.13284476,,,64448006.15642716,,63724627.1734901,69461760.48200695,,,65793120.3088842,3658963.3409426617,64448006.15642716
dean bouzanis__1990-10-02,,,,,,,,,,,,154147.30269956827,,,,,142940.2047981756,,148543.75374887194,7924.614923496282,148543.75374887194
dean campbell__2001-03-19,,,,,516544.32707565825,,522893.8378800686,,543300.5353169611,,,,,,,,475353.26498596126,,514522.9913146623,28498.95536067849,519719.0824778634
dean henderson__1997-03-12,,,,,,,,,,,24547327.266829234,22952754.537646186,,,,20918967.303575337,,,22806349.702683587,1818605.1763676673,22952754.537646186
dean huijsen__2005-04-14,,,,,66313565.076204754,,,,56471200.521254055,,,,,,,,,,61392382.798729405,6959602.719715755,61392382.798729405
dean james__2000-04-30,Dean James,DEF,2050000.000000001,1850756.2068324958,,,1895479.7577539966,,,,,,,,,,,,1873117.9822932463,31624.326135335148,1873117.9822932463
deandre yedlin__1993-07-09,,,,,1127995.37830874,1146743.9899176955,,,,,920023.1703120886,,,,,,,,1064920.846179508,125834.73273762963,1127995.37830874
declan john__1995-06-30,,,,,,,,,,,,,,,,,,424850.3202616942,424850.3202616942,,424850.3202616942
declan rice__1999-01-14,,,,,,,116304967.0996806,,111532033.68725553,,,,119842246.8260403,,,,,,115893082.53765881,4170389.3430148284,116304967.0996806
dehmaine tabibou__2005-04-17,,,,,,,,,,2486386.6076374203,,,,,,,,,2486386.6076374203,,2486386.6076374203
deian sorescu__1997-08-29,Deian Sorescu,DEF,1849999.9999999995,2174959.6597597026,,,,1921323.5073788976,,,,,,,2128246.419514779,,,2042986.8813462332,2066879.1169999032,111362.20776947954,2085616.650430506
deiver machado__1993-09-02,,,,,3466469.907323264,,,,3713802.5573914223,,3319526.4758121185,,,4148133.478008457,,,,3964163.009010774,3722419.085509207,341898.9433481521,3713802.5573914223
dejan drazic__1995-09-26,,,,,,,,,,,,390154.22600359126,282816.99473211076,,393137.5195528417,,,,355369.58009618125,62850.08546023069,390154.22600359126
dejan iliev__1995-02-25,Dejan Iliev,GK,387499.99999999977,377312.0882779428,,364320.37155877147,,,,,,,,,,393271.92056561646,,369874.7880576259,376194.79211498913,12567.431210155728,373593.43816778436
dejan joveljic__1999-08-07,Dejan Joveljić,FWD,5500000.000000001,6166376.594956357,,,,,,,,6891952.550422562,7580217.437839907,6430983.396105109,,,,,6767382.494830985,619298.2019011786,6661467.973263836
dejan kulusevski__2000-04-25,,,,,,,52385412.20737985,,,56885049.900657654,,,,,,,,,54635231.05401875,3181724.325799331,54635231.05401875
dejan ljubicic__1997-10-08,Dejan Ljubičić,MID,4099999.999999998,3189827.4095436605,,,2798262.4293517093,,,,,,,,,,,,2994044.9194476847,276878.2527689048,2994044.9194476847
dejan lovren__1989-07-05,,,,,597481.7238825535,,763039.8364823591,,,,,,,,,603472.6263041272,554640.7815155523,622258.9193534933,628178.7775076171,79345.90381902595,603472.6263041272
dejan stojanovic__1993-07-19,,,,,846386.0159866238,,,,,,,,,849206.8130259847,,,,,847796.4145063043,1994.6047148829978,847796.4145063043
delano burgzorg__1998-11-07,,,,,,,,,,,,,,,,,1681545.700694192,,1681545.700694192,,1681545.700694192
demarai gray__1996-06-28,,,,,2453896.411179215,,,,,,,,,,,,,1581578.328122422,2017737.3696508186,616822.0318811084,2017737.3696508186
demba thiam__1998-03-05,Demba Thiam,GK,1075000.0,1464188.8993142555,,,,,,,,,,,1429769.9336655503,,,,1446979.416489903,24337.88401162624,1446979.416489903
dembo sylla__2002-11-10,,,,,1077966.6682928978,1125242.5534806144,861728.1428257521,,,1143472.992426596,,,1046512.3124491443,,,,1178666.2859773508,,1072264.8259087258,113331.29416175705,1101604.610886756
demir ege tknaz__2004-08-17,,,,,,,,,,,5884656.458158636,,,,,,5328153.377743111,5624097.730942019,5612302.522281256,278438.97866230074,5624097.730942019
denil castillo__2004-03-24,,,,,,,,,,,,,,,2233381.6255844873,,,,2233381.6255844873,,2233381.6255844873
denis alibec__1991-01-05,,,,,,,462624.152472325,,,,,,,,,,,483480.58973181737,473052.3711020712,14747.728217578813,473052.3711020712
denis bouanga__1994-11-11,,,,,10572451.376668638,,12500487.823893951,,,,13615624.707233049,,9889776.822070686,14698484.132146966,,12060195.564960156,,,12222836.737828908,1807715.1897500777,12280341.694427054
denis dragus__1999-07-06,,,,,,,,2813988.5831973967,,,,3136416.400114462,,,,2871998.396786909,2976413.4687295128,,2949704.21220707,141458.77044183842,2924205.932758211
denis genreau__1999-05-21,Denis Genreau,MID,1400000.0000000007,1092832.1621108593,1048740.7093382704,,,1164552.4032285667,,,,,,,,,1115085.1239104862,,1105302.5996470456,48169.825454875405,1103958.6430106726
denis huseinbasic__2001-07-03,,,,,,,3277079.6447165115,,,,,,,4005295.2094222363,,3649483.3684238554,,,3643952.7408542014,364139.28386114165,3649483.3684238554
denis odoi__1988-05-27,,,,,229700.09712136493,,,,,243426.58900717745,268676.7700206767,242765.9035055156,,237749.02771265505,,265297.40122394334,237510.68159780456,,246446.63859844822,14765.640967304727,242765.9035055156
denis portanova__2001-06-20,,,,,705323.6605481748,,,,,824781.191029729,,,,,,768285.2193895412,,,766130.0236558149,59757.92038446341,768285.2193895412
denis radu__2003-03-25,,,,,,,,,,,,760066.444439459,,698146.8495255837,776993.0669111625,728489.0623968246,783432.0318735334,,749425.4910293126,35698.31602477674,760066.444439459
denis vavro__1996-04-10,,,,,10866375.23659295,,,,,11156043.533107694,,,10781269.005016558,11367177.485775784,,,,,11042716.315123247,269300.935470934,11011209.384850323
denis zakaria__1996-11-20,,,,,,,23337384.35637593,,23649170.975248627,,,,,,,,,,23493277.665812276,220466.43248811064,23493277.665812276
deniz donmezer__2008-09-21,,,,,,,523864.11133125005,,475035.1394770321,436052.6272704242,,423777.5327348688,,,,,,,464682.3527033938,45101.833751674014,455543.88337372814
deniz gul__2004-07-02,,,,,,,,,,,,4500332.060937487,,,,,,4918910.300286263,4709621.180611875,295979.5115006457,4709621.180611875
deniz turuc__1993-01-29,Deniz Türüç,MID,1699999.9999999988,2177495.797498322,,,,2049468.9282002044,,,,,,,,,,,2113482.3628492635,90528.66745478283,2113482.3628492635
deniz undav__1996-07-19,,,,,,25316768.898380533,,22624530.510505334,,,,,25116956.960738312,,,,,,24352752.12320806,1500014.5531179667,25116956.960738312
dennis adeniran__1999-01-02,,,,,476080.1726581984,,,,,,373029.26805553347,,470578.2629457676,361419.4089730192,,326631.22816455015,,,401547.66815941373,67742.83459292687,373029.26805553347
dennis appiah__1992-06-09,,,,,,,,697833.911840224,,,663785.7375802697,,,,,683439.836836917,,654982.9984647328,675010.6211805359,19313.70805589014,673612.7872085933
dennis borkowski__2002-01-26,Dennis Borkowski,MID,725000.0000000006,535186.9877276099,,,,527281.5949219551,551385.6168863128,,,,,,,,,,537951.3998452927,12287.491586237316,535186.9877276099
dennis cirkin__2002-04-06,,,,,,,,,,,4842299.189971639,,,,,,,5029669.515628926,4935984.352800283,132490.82786539983,4935984.352800283
dennis eckert ayensa__1997-01-09,,,,,,,,,,,4058591.1635435284,3885886.7271043966,,,,,,,3972238.9453239627,122120.47814711121,3972238.9453239627
dennis geiger__1998-06-10,,,,,,2315128.923931095,,,,,2404625.6041955296,,,,,,,,2359877.264063312,63283.709508666085,2359877.264063312
dennis hadzikadunic__1998-07-09,Dennis Hadžikadunić,DEF,2250000.000000001,1148055.6008180424,,1235120.313516523,,,,,,,,,,1114774.9538408986,1289916.9752566214,,1196966.9608580214,80090.01322313778,1191587.9571672827
dennis johnsen__1998-02-17,Dennis Johnsen,MID,1600000.0000000012,2280557.284041062,,,,,,,1922186.733549305,,,,,,,1825728.3537349035,2009490.790441757,239653.57857388954,1922186.733549305
dennis man__1998-08-26,,,,,7145559.373217489,7399215.7954479465,,,,,,,,,,,,5534200.102458016,6692991.75704115,1011525.5652643327,7145559.373217489
dennis praet__1994-05-14,,,,,,,,,,,3331287.096281004,,,,,,,3073183.084095587,3202235.0901882956,182507.09726776375,3202235.0901882956
dennis seimen__2005-12-01,,,,,2443173.401230704,,3390590.35357751,,,,,,,,,,,,2916881.877404107,669924.9516155187,2916881.877404107
dennis srbeny__1994-05-05,Dennis Srbeny,MID,762499.9999999997,665954.2836147409,,755022.1833650452,,,,754886.282712406,,,,,,,,,725287.5832307307,51384.18968649265,754886.282712406
denso kasius__2002-10-06,Denso Kasius,DEF,4999999.999999999,3540907.9749247865,,3519283.695248649,,,,,,,3008789.129492924,,,,,2987570.0706876745,3264137.7175885085,307350.94491303765,3264036.4123707865
denys popov__1999-02-17,Denys Popov,DEF,5500000.000000001,8876442.34549743,,,9017039.680132143,,,,9043804.764392942,,,,,8704277.689130591,,,8910391.119788276,155786.5864609346,8946741.012814786
denys tvardovskyi__2003-06-13,,,,,,,,,,,,,598927.4755053866,,,,,,598927.4755053866,,598927.4755053866
denzel de roeve__2004-08-10,,,,,,573902.8249425079,549820.6451772318,,637040.3980061229,,579222.6308314052,,,582101.2272885421,579644.6947885273,,570620.0595016029,,581764.6400765629,26686.161545476592,579222.6308314052
denzel dumfries__1996-04-18,Denzel Dumfries,DEF,31999999.999999955,30664886.79431836,,,,,,,,33740004.225516915,,,,,,,32202445.50991764,2174436.3885454554,32202445.50991764
denzel hall__2001-05-22,,,,,,,288203.1387335419,,,565129.2673423976,,,,,,,606096.4288247421,,486476.2783002272,172927.02358279005,565129.2673423976
dereck kutesa__1997-12-06,,,,,,,,3397516.725811483,,,,,,,,,,3310735.2373572956,3354125.981584389,61363.778967417915,3354125.981584389
derek cornelius__1997-11-25,,,,,,,,,,4113872.8656973625,4347595.469643177,,,4497766.580576221,,,,,4319744.971972254,193456.283811773,4347595.469643177
derensili sanches fernandes__2001-05-28,,,,,,,,1520383.4499328611,,,,,,,,,1526548.3390311964,1450968.074803833,1499299.9545892968,41969.98233375962,1520383.4499328611
derlis gonzalez__1994-03-20,,,,,,,,,,,,,946152.0792863297,,,,,,946152.0792863297,,946152.0792863297
dermane karim__2003-12-26,,,,,,,,3102187.1556086503,,,3537004.8652016837,,2752940.124504502,2909124.497046229,,3092841.5957959923,,,3078819.6476314114,293968.6449201955,3092841.5957959923
deron payne__2002-09-25,Déron Payne,DEF,1075000.0,1148230.7518697074,,,,,1105199.3202108548,,,,,,,,1137409.6335642703,,1130279.9018816107,22384.164783450484,1137409.6335642703
derrick kohn__1999-02-04,,,,,5502409.977214773,,,,,,5579959.021768156,,,,5643076.775725599,,,,5575148.591569509,70456.6691651215,5579959.021768156
derrick williams__1993-01-17,,,,,,,543270.2899230259,,,,639908.8032624485,,,,696274.7532647183,,,,626484.6154833976,77380.54060140213,639908.8032624485
desire doue__2005-06-03,,,,,,,,,,,,,,,91392166.45787086,88962530.4802994,,,90177348.46908513,1718012.0755555842,90177348.46908513
desmond acquah__2002-07-23,,,,,,,,,,,,,,323745.2773454485,,,,,323745.2773454485,,323745.2773454485
destiny udogie__2002-11-28,,,,,,,,,33057382.83197123,,,,,,33578038.767365694,,29888052.198808223,,32174491.266048383,1997153.8140355914,33057382.83197123
detlef esapa osong__2004-09-21,,,,,370573.88645899895,,,341528.91177558736,,,,356420.6056952038,,,,,,,356174.46797659673,14524.051653116494,356420.6056952038
devante cole__1995-05-10,,,,,,,,,899667.3525220267,,,,,,,,797126.3768984628,,848396.8647102448,72507.41921290656,848396.8647102448
deveron fonville__2003-05-16,,,,,618612.9620530494,,637301.8748567414,604244.0252360258,,,,625437.1533266513,,,645052.1811006598,,,617318.6678470365,624661.1440700274,14720.977281760826,622025.0576898503
devid eugene bouah__2001-08-13,Devid Eugene Bouah,DEF,700000.0000000006,801350.0825645517,,,,782798.598061085,,,,764891.1579995388,894152.4798884522,,,,,,810798.0796284069,57528.65115954047,792074.3403128183
devis epassy__1993-02-02,,,,,,,,,,,,430819.96811087365,,443495.73173768545,,,,,437157.84992427955,8963.118417236405,437157.84992427955
devis vasquez__1998-05-12,,,,,,,,1961307.5521207065,,1855333.6889046167,,2146579.447517449,,2064727.3411717152,,,,,2006987.0074286219,126366.31556350739,2013017.4466462107
devon koswal__2003-08-21,,,,,,,,,,,,,,712949.2581165204,,,,,712949.2581165204,,712949.2581165204
devrim sahin__2007-04-01,,,,,348600.94461152784,299359.3812342375,,,,321209.8004730897,,297635.94255078,,,,,344333.33811599034,,322227.8813971251,24046.610596665996,321209.8004730897
devyne rensch__2003-01-18,,,,,,,,,7913909.324315046,,,,,,,,6897530.921221602,7103243.041396926,7304894.428977858,537358.0986210976,7103243.041396926
dexter lembikisa__2003-11-04,,,,,,962972.7060503052,,716752.768038035,984602.9360068744,,,1171633.3830867324,,919853.1139123145,,,,777116.0725828811,922155.1632795237,161886.97261173555,941412.9099813099
diallang jaiyesimi__1998-05-07,,,,,,,310056.3434420876,,,,,,,,331530.2199100199,,310601.5946638564,,317396.05267198797,12243.583517835033,310601.5946638564
diant ramaj__2001-09-19,,,,,,7441161.208741258,,,,,7829333.749361049,,,,,,,7157873.526111923,7476122.828071411,337092.634109797,7441161.208741258
dickson abiama__1998-11-03,,,,,,,,,,,787710.4755701267,,,,,,718466.7410143837,,753088.6082922552,48962.714259047105,753088.6082922552
diego arroyo__2005-04-29,Diego Arroyo,DEF,499999.99999999977,415615.0281612877,340902.5624449005,,,,,,,,,,,,413799.97800894984,,390105.856205046,42620.965373853935,413799.97800894984
diego coppola__2003-12-28,,,,,,,7049892.950004822,,,,,9354153.829205753,,,,,9106358.573512647,,8503468.45090774,1264915.777751579,9106358.573512647
diego demme__1991-11-21,,,,,,,,,,,,935338.2701196785,805871.8680709105,,,975801.629863088,,,905670.5893512256,88764.62948337402,935338.2701196785
diego duarte__2002-04-08,,,,,,1711771.6039925967,1562617.7989314278,,,,1500139.0971175663,,1523582.500871927,,,1693020.1722796957,,,1598226.2346386428,97901.96084151157,1562617.7989314278
diego lainez__2000-06-09,,,,,4448774.151207813,5514538.625640708,,,,,,,4994412.676241742,,5371191.134324622,,7885932.837207467,,5642969.88492447,1319845.7283253109,5371191.134324622
diego leon__2007-04-03,,,,,,1543153.2173134494,1651151.2834440528,1527343.6956409405,1447342.12614864,,,1284909.9758536902,,,,,1595947.8876721144,,1508308.031012148,129062.01252215485,1535248.456477195
diego rodriguez__1989-06-25,,,,,650813.0939285414,,,,,,624897.8896646476,,,,,,539721.9940971135,,605144.3258967676,58120.22519388454,624897.8896646476
diego rossi__1998-03-05,,,,,5208132.97009055,,,,,,6125400.008030683,5098068.108627097,,,,,5224270.710799658,4084771.2435023477,5148128.608210066,724170.6412917186,5208132.97009055
diego valencia__2000-01-14,,,,,,1040831.6938120391,,,,,,,,1028857.9041417136,,1005796.5767283338,,,1025162.0582273621,17807.563422158724,1028857.9041417136
dies janse__2006-01-17,,,,,2516138.395603406,,2608038.1164652393,,,,,,,2588024.552831015,,2546014.1435340247,,,2564553.8021084215,41350.26102967108,2567019.34818252
dikeni salifou__2003-06-08,,,,,1199789.1349837584,,,1141044.1904378035,,1169994.0041482127,,,,1155507.2102908485,,,,,1166583.6349651557,25094.396849904377,1162750.6072195307
dilan markanday__2001-08-20,,,,,,,,,610759.3916755897,,548314.0235193052,614696.5759884292,558924.432271632,640171.0704570661,651854.8818448734,590072.4939894575,608370.7127185223,,602895.4478081095,36044.80390475356,609565.052197056
dilane bakwa__2002-08-26,Dilane Bakwa,MID,24500000.000000007,22894329.44543797,22293000.290318944,,,,,,,,,,,,,22296549.23111595,22494626.322290957,346157.60678526876,22296549.23111595
dillon phillips__1995-06-11,,,,,,472900.37445014174,,,,,483852.0971414668,,,,,,,,478376.2357958043,7744.037380710539,478376.2357958043
dimitar mitov__1997-01-22,,,,,1107198.938755375,1200286.7349314603,1043308.3089446585,,,,,,,,1221994.0621751838,1141772.1434046272,,,1142912.037642261,72012.93296119827,1141772.1434046272
dimitri bisoli__1994-03-25,Dimitri Bisoli,MID,1699999.9999999988,1478962.8792709552,,,,,,,,,,,,,,1391398.2777849187,1435180.578527937,61917.523502674085,1435180.578527937
dimitri foulquier__1993-03-23,,,,,,2289918.844804551,,,2215076.37298601,,,,1982168.1910442465,,,2298335.7033664836,2521314.8700579354,,2261362.796451845,193552.0504937303,2289918.844804551
dimitri lavalee__1997-01-13,,,,,,,,,,,1928564.901557588,,,1807590.9195627098,,,1968335.3841364773,1450721.9294100013,1788803.283666694,235525.69731926158,1868077.9105601488
dimitrije kamenovic__2000-07-16,,,,,,,,675750.1682373215,,,,,627146.1466850871,,,,,,651448.1574612043,34368.23323252206,651448.1574612043
dimitrios diamantakos__1993-03-05,,,,,,,,,,,,,,553130.8156956271,,,,,553130.8156956271,,553130.8156956271
dimitrios goutas__1994-04-04,,,,,1181814.3320298379,,,,,1300730.2428917699,,,,1220539.8916097772,1295194.596666506,,,,1249569.7657994728,58116.41193540707,1257867.2441381416
dimitrios kaloskamis__2005-03-01,,,,,,,,,,,,,,,,,2938336.755743619,,2938336.755743619,,2938336.755743619
dimitrios keramitsis__2004-07-01,,,,,,,505272.3169868094,,478991.82314813224,,,,,,,,,,492132.07006747084,18583.115406259916,492132.07006747084
dimitrios nikolaou__1998-08-13,,,,,1420351.3852453325,,,1239481.2386078166,1267853.5201468628,,,,,,,1279044.3407811192,,,1301682.6211952828,80845.91800623623,1273448.9304639911
dimitrios pelkas__1993-10-26,,,,,,,,,1606394.3271731406,,,,,,,,1776861.668639218,,1691627.9979061792,120538.61312150606,1691627.9979061792
dimitrios sounas__1994-08-12,,,,,,911974.8891703994,970091.5852437821,,,,,904467.3423676817,,,,890509.83255399,947857.9796577066,,924980.325798712,32926.24921882846,911974.8891703994
dimitrios stamatakis__2003-04-23,,,,,,,,,,,,,,453877.9451193316,,,,,453877.9451193316,,453877.9451193316
dino mikanovic__1994-05-07,,,,,,,,,,,865297.7451083242,,,,,,,884273.7011438184,874785.7231260713,13418.02719219576,874785.7231260713
dion de neve__2001-06-12,,,,,,,,,,,,,,1401425.6494193363,,1457979.2330773235,,,1429702.4412483298,39989.422504963455,1429702.4412483298
dion lopy__2002-02-02,,,,,,,,,,,,,,,,,5515388.650504659,,5515388.650504659,,5515388.650504659
dion malone__1989-02-13,Dion Malone,DEF,82500.00000000001,110312.42559812588,,,149581.89091041408,,,,,,151654.08132281265,,,,,147183.11796995392,139682.87895032665,19665.343793031006,148382.50444018398
dion pereira__1999-03-25,,,,,,,,,,,,,,,,275740.5497772757,,,275740.5497772757,,275740.5497772757
dion sanderson__1999-12-15,,,,,,,,,,1176450.131076202,,1138683.8982136862,,,,,1546035.9673593116,,1287056.6655497334,225076.16746445847,1176450.131076202
dion vlak__2001-06-28,,,,,,,126304.85413531706,,,,,,,,,,,,126304.85413531706,,126304.85413531706
dirk abels__1997-06-13,,,,,,,,,,,468946.5369567379,,,,,,,,468946.5369567379,,468946.5369567379
dirk baron__2002-08-16,Dirk Baron,GK,175000.00000000012,165368.73696367603,,,,,,186274.78123496,186402.02910926894,,,,,182074.6097744493,,,180030.03927058858,9978.862837447361,184174.69550470466
dirk proper__2002-02-24,,,,,,,,,,,,,2401645.5450671054,,,,,,2401645.5450671054,,2401645.5450671054
dishon bernard__2000-10-14,Di'Shon Bernard,DEF,2300000.0,2095151.6545876006,,,,,,2194351.929700451,,,,,1922599.6323205247,,,,2070701.0722028587,137516.18456396964,2095151.6545876006
divin mubama__2004-10-25,,,,,,1672445.5684751947,,,,,,,1745772.5643961101,,1688494.8322643212,,,,1702237.6550452085,38546.86713841536,1688494.8322643212
djaoui cisse__2004-01-31,,,,,,,,,,,,,7889367.315758316,8382492.9325688295,,,,,8135930.124163573,348692.46762351313,8135930.124163573
djed spence__2000-08-09,,,,,,,26481124.93137851,,,,,,,,,26016171.838182315,,,26248648.384780414,328771.48513269,26248648.384780414
djeidi gassama__2003-09-10,,,,,5215504.470898224,5524470.49597955,,,,5969610.762716955,,,,,,,5567614.458550049,,5569300.047036194,309533.25542399357,5546042.477264799
djenairo daniels__2002-01-07,,,,,,,,,,,,,606220.3517822617,,518053.3166923755,,,615748.0403924844,580007.2362890405,53864.74104278111,606220.3517822617
djevencio van der kust__2001-04-30,Djevencio van der Kust,DEF,850000.0000000005,951467.7225675923,,,946106.231530682,,,,,,,999293.54078836,,1040451.5568267535,1001634.587370023,,987790.7278166821,39223.997777397,999293.54078836
djibril coulibaly__2008-11-18,,,,,,,620971.7585247527,,,,,,578364.5932943315,568353.3713310345,570769.1269129477,543284.8036790937,510053.21277081635,,565299.4777521627,37003.07848657475,569561.2491219911
djibril diani__1998-02-11,Djibril Diani,MID,899999.9999999995,1204215.5123419687,1320694.2885350534,,1170229.5326451024,,,,,1141148.9101481934,,1237489.2658838201,,,,1178797.0040632659,1208762.418936234,63763.54054172172,1191506.2582026173
djibril lamego__2003-02-25,,,,,1268723.7752105787,,,,,,,,1188188.919486448,1292016.4940304176,,1345833.666726608,,1225661.0744175897,1264084.7859743282,60665.361204019704,1268723.7752105787
djibril soumare__2003-01-07,,,,,,,1793616.9099074756,,2028025.759123553,1950234.2264519646,1964278.0451743328,,,2160443.6922725425,,2015472.8682780447,2002472.4645647346,1800274.9306484764,1964352.3620526404,121210.49285406328,1983375.2548695337
djibril sow__1997-02-06,,,,,,,,,,,,,,,,,7479125.81033382,,7479125.81033382,,7479125.81033382
djordje mihailovic__1998-11-10,,,,,4957644.853957403,,,,,,,,,,,,,,4957644.853957403,,4957644.853957403
dmytro kryskiv__2000-10-06,,,,,3386539.545392091,,,,3037659.2907578554,3025348.108719235,,,,,,,,,3149848.9816230605,205072.44703707309,3037659.2907578554
dmytro pospelov__1991-10-19,,,,,,,,,,,614863.8872951404,,,,624543.5811521774,,,,619703.7342236589,6844.577166120628,619703.7342236589
dmytro riznyk__1999-01-30,,,,,,,,,,4969740.2888453035,,,,4945883.5934360875,,,,,4957811.9411406955,16869.2311005586,4957811.9411406955
dodi lukebakio__1997-09-24,Dodi Lukébakio,MID,26250000.00000004,28438153.15781868,,,,,,,27165051.360497642,,,,,,,,27801602.25915816,900218.9140264866,27801602.25915816
dogan alemdar__2002-10-29,,,,,1992049.7890449294,,,,,,,,,,,1830649.135396523,,,1911349.462220726,114127.49668272951,1911349.462220726
dogucan haspolat__2000-02-11,,,,,,11425684.190377263,,,,,,10888316.695123905,,11600717.153904092,,,11704345.883901443,,11404765.980826676,362997.8956552441,11513200.672140677
dogukan sinik__1999-01-21,,,,,,,,,,,,,,,,,1260594.9104079055,1191271.8426593917,1225933.3765336485,49018.811297628534,1225933.3765336485
dom ballard__2005-04-01,,,,,,,,,,,,1535363.978110967,,,,,,,1535363.978110967,,1535363.978110967
domagoj bradaric__1999-12-10,,,,,2401366.499657403,,,,,,,,,2465929.7995002214,,,,,2433648.1495788125,45653.14713463709,2433648.1495788125
domagoj vida__1989-04-29,Domagoj Vida,DEF,575000.0000000001,689462.3918917897,,,,,,,,,,,684857.1215990745,,,,687159.756745432,3256.4178531759353,687159.756745432
domen crnigoj__1995-11-18,,,,,,,,,856886.1984895929,,809871.0929803059,,,,,825903.4125652252,,,830886.9013450412,23900.447837357813,825903.4125652252
domenico berardi__1994-08-01,,,,,,21330175.011473775,,,,20482995.38599081,,20176116.099468432,,,,23745672.226916004,19366024.270220347,19862920.275283076,20827317.21155874,1573386.2133404927,20329555.74272962
dominic ball__1995-08-02,,,,,,,,,,,423651.29517351516,,,,,,,400818.3091141435,412234.8021438293,16145.359277319616,412234.8021438293
dominic calvertlewin__1997-03-16,,,,,11239480.757955443,,,,,,,11420417.096581757,,13920913.355667423,,10281879.110931234,,,11715672.580283964,1552716.4414321503,11329948.9272686
dominic solanke__1997-09-14,,,,,,,,,,27053034.604733694,,,,24517341.691931076,,,29974156.861001875,,27181511.05255555,2730675.300284526,27053034.604733694
dominik franke__1998-10-05,,,,,,,591111.423665046,,,,565811.7944141909,616898.9736849727,,,,623168.2794147255,,,599247.6177947337,26254.652648961353,604005.1986750094
dominik greif__1997-04-06,,,,,,12892459.555660276,,13056570.07922589,,,,12740919.615575286,,,,,,,12896649.750153817,157866.94428578363,12892459.555660276
dominik kohr__1994-01-31,,,,,,5436360.2543875445,5422511.496571294,5918036.895418548,,,,5194417.870471713,,,,,,,5492831.629212274,304403.3656430549,5429435.875479419
dominik kotarski__2000-02-10,,,,,,,8778177.156061353,,8349709.207439033,8593205.971688917,,,,,,,,7238545.993631101,8239909.582205102,690250.0305712192,8471457.589563975
dominik livakovic__1995-01-09,,,,,,,5492737.308628942,,,6056239.377469912,,,,6272387.770061305,5582036.539430916,,,,5850850.248897769,374336.8644548369,5819137.958450414
dominik prpic__2004-05-19,,,,,,,6865404.27872067,,8872700.986785542,8981431.861195883,8996028.523703964,9033145.07941474,,,,,,8726713.031595126,8579237.29356932,846947.6150417016,8927066.423990712
dominik reimann__1997-06-18,,,,,,696605.8099722251,705452.2211631186,,,,,,,,,,,,701029.0155676719,6255.357342245356,701029.0155676719
dominik szoboszlai__2000-10-25,Dominik Szoboszlai,MID,77499999.99999993,77266803.98553714,,77285287.76053342,,,,,,,,,74264517.32927884,72321486.55676255,,,75284523.90802798,2432590.8043940687,75765660.657408
dominique heintz__1993-08-15,,,,,,,,,,,1733527.3307515103,,,1600428.2267882521,,1664680.8334463774,1699667.205942914,,1674575.8992322634,56864.267064615655,1682174.0196946457
donald love__1994-12-02,,,,,,,163925.16603647632,,260992.3075493092,233111.117479159,,,,,,,253624.5410453373,,227913.28302757046,44259.79082349291,243367.82926224815
donangelo konadu__2006-05-03,Don-Angelo Konadu,FWD,1050000.0000000007,897710.9209112178,860001.5446754781,,,892310.7831822858,,,,,,,,,,,883341.0829229938,20392.177570781845,892310.7831822858
donervon daniels__1993-11-24,,,,,,,238053.09443958866,,,,,268591.13504264597,,,,,257731.40709751312,,254791.87885991592,15479.780381620978,257731.40709751312
donis avdijaj__1996-08-25,,,,,,,,,,1341261.297504812,1119712.337583662,,,,1299100.3752007263,,,888421.8255590121,1162123.958962053,206207.28092794828,1209406.356392194
donny van de beek__1997-04-18,Donny van de Beek,MID,3750000.0000000023,6176889.368434665,5573642.776334162,6012696.5164494915,,,,,,,5380204.433458288,5827069.066077387,,,4871710.299202763,,5640368.743326127,474196.79223787616,5700355.921205774
donyell malen__1999-01-19,,,,,,,20424620.786336735,,19137971.117248636,,,19740769.54201127,,,18937506.174423043,,,,19560216.905004922,669789.3907916609,19439370.32962995
dorian hanza__2001-05-12,Dorian Hanza,FWD,387499.99999999977,586998.7875535169,472381.5428561104,,,,,,,,,,,,,,529690.1652048137,81046.63096645402,529690.1652048137
dorukhan tokoz__1996-05-21,Dorukhan Toköz,DEF,1550000.0000000012,1522901.9329039906,,,1554638.2141788125,,1434548.4030604856,,,,,,,,,,1504029.5167144295,62229.54887537639,1522901.9329039906
douglas aurelio__1999-03-27,,,,,,1094048.4703149826,982039.679354644,,,,,,,,,1103359.5436779198,,,1059815.8977825155,67516.88038185322,1094048.4703149826
drey wright__1995-04-30,,,,,,424870.2782506611,,,,,,,,,,452825.5642032239,,554451.5321454575,477382.45819978084,68191.68660698691,452825.5642032239
drissa camara__2002-02-18,,,,,973285.7756404048,,,,,,,,,,,,,,973285.7756404048,,973285.7756404048
duccio degli innocenti__2003-04-28,,,,,1223913.4393551166,,,,,,,,,,,,,,1223913.4393551166,,1223913.4393551166
duje caletacar__1996-09-17,,,,,,,3301356.169661129,,,,,,4121395.295084568,,,,,,3711375.7323728483,579855.2264251998,3711375.7323728483
dujon sterling__1999-10-24,,,,,,,1440897.193439568,,4043622.1703679278,,3273470.921498268,,,,,,,,2919330.095101921,1337013.8817799157,3273470.921498268
duke verduin__2003-10-30,,,,,,,170751.9787149666,,185366.18841269446,,,,,174437.41381261408,175561.46436788753,,,,176529.26132704067,6239.143415424212,174999.43909025082
dusan lagator__1994-03-29,,,,,396246.58604790043,,,,,,458641.08856576635,,,,,,,,427443.83730683336,44119.5758391441,427443.83730683336
dusan vlahovic__2000-01-28,,,,,,37543374.51117163,37643880.692669615,,,,,,,,,,,,37593627.60192062,71068.60248839014,37593627.60192062
duvan zapata__1991-04-01,,,,,,,,,,,,,,,,,10295958.864853526,,10295958.864853526,,10295958.864853526
dwight mcneil__1999-11-22,,,,,,,,,,,,15370052.193330986,,,,14189318.25769012,,,14779685.225510553,834904.9726687368,14779685.225510553
dylan batubinsika__1996-02-15,,,,,,1289917.0685441352,,,,,,,1150524.0399362575,,1264682.8586125716,1277133.5509858844,,,1245564.3795197122,64192.30483923608,1270908.2047992279
dylan bronn__1995-06-19,Dylan Bronn,DEF,1150000.0000000005,902948.1844173252,904532.3809592325,,,,,,,,,,,884363.7051056112,,,897281.4234940563,11215.07939977361,902948.1844173252
dylan chambost__1997-08-19,Dylan Chambost,MID,1200000.0000000005,1287336.1870697045,1397877.6863274118,,,,,,1356268.525884029,,,,,,,,1347160.799760382,55830.715299850395,1356268.525884029
dylan levitt__2000-11-17,Dylan Levitt,MID,1150000.0000000005,1238229.4260396757,,1186141.6876693082,,,,,,,,,,,,,1212185.556854492,36831.59301835763,1212185.556854492
dylan mertens__1995-07-20,,,,,556029.1412983999,,,,,575205.5068165543,,,,589566.4998032324,,,,,573600.3826393955,16826.197478589445,575205.5068165543
dylan nandin__2002-02-28,Dylan Nandín,FWD,1625000.0000000012,1736101.8808372682,,,1484344.5193896338,1854578.4114797907,,,,,,,1890218.6800910248,,,,1741310.8729494293,183541.01337583733,1795340.1461585294
dylan ourega__2004-10-06,,,,,1175712.0264067966,,,,,,,,,,,,,,1175712.0264067966,,1175712.0264067966
dylan tait__2001-12-01,,,,,,,,,441611.7048974094,,,419079.3184467867,,,,446148.96837048203,,426566.30629821453,433351.5745032232,12672.01906402583,434089.005597812
dylan wells__2006-03-20,Dylan Wells,MID,162500.00000000012,223294.34639286093,,210806.75290653712,,,,,,,,,,218595.46069323356,,,217565.51999754386,6307.18488292499,218595.46069323356
dylan williams__2003-09-13,,,,,,,,,683770.0489813889,,,,672878.0984668155,,,,,,678324.0737241022,7701.772069203136,678324.0737241022
dynel simeu__2002-03-13,,,,,,,307818.7982665569,,,,,,,360864.1860092052,,344215.1384019079,,335569.9242387505,337117.01172910514,22174.23790762945,339892.5313203292
dzenan pejcinovic__2005-02-15,,,,,3983935.2307329043,,2764126.1625966365,,,,,2964058.4989766614,,,3566440.3212468065,3036975.306742618,,,3263107.1040591253,500287.88381181384,3036975.306742618
dzenis burnic__1998-05-22,,,,,1093802.182260453,,,,,1183069.4578761824,,,1176454.2132318392,,,,,1204678.2991655127,1164501.038133497,48649.101164921674,1179761.8355540107
ebenezer annan__2002-08-21,,,,,,1051379.842951869,,,,,,,838165.5539090149,1023712.8471307612,1054894.5129450003,,1120885.5381572521,,1017807.6590187795,106575.95016087494,1051379.842951869
eberechi eze__1998-06-29,Eberechi Eze,MID,56749999.99999994,52372036.61970482,,,,,,49610601.44255098,45353684.29566439,53312419.12848834,,53342849.16645179,,,,,50798318.130572066,3403183.8192544878,52372036.61970482
ebrima ceesay__2006-06-01,Ebrima Ceesay,FWD,287499.9999999999,315033.6826219501,,,,,,336747.14824545744,,,298183.2087032185,,314842.983137166,,,,316201.755676948,15811.30237430741,314938.3328795581
ebrima colley__2000-02-01,,,,,,888164.1146432195,,,,,,,,859247.3992089138,,,,,873705.7569260667,20447.205573239276,873705.7569260667
ebrima darboe__2001-06-06,,,,,,,1669618.8826021412,,1322043.2454500294,,1350729.7500424804,,,1324621.1991570068,,,,1598882.777129712,1453179.170876274,167552.49665879546,1350729.7500424804
ebube duru__1999-07-31,Ebube Duru,DEF,324999.9999999999,395320.0679902979,,,,,,,,,,337115.6752485563,328675.41965005,353115.16340735723,,410136.41332979675,364872.5479252116,36037.41512766791,353115.16340735723
ed turns__2002-10-18,,,,,,,,,,,,,,,,,,493979.2567107362,493979.2567107362,,493979.2567107362
edan diop__2004-08-28,,,,,,,2532925.209752679,,,2155644.767482832,,,2491425.301795839,2164337.28290698,2263423.5572953965,,2406992.150679448,2262993.9492950006,2325391.745601168,152633.56146563397,2263423.5572953965
eddie beach__2003-10-09,,,,,251090.7816731391,,,,,253854.61636459111,,,,,,,,218109.55238006392,241018.3168059314,19887.642172724656,251090.7816731391
eddie nketiah__1999-05-30,Eddie Nketiah,FWD,10750000.000000006,10089278.724806346,9658606.834477825,,,,,,,,,,,,,9032017.573252147,9593301.044178775,531647.3646425472,9658606.834477825
eddy gnahore__1993-11-14,,,,,,,,,,,1038564.858917608,1138660.9669226264,,1250263.1145038675,1243829.057573673,,,,1167829.4994794438,100218.73462184558,1191245.0122481496
eddy kouadio__2006-05-07,,,,,,,624560.6424905275,,,,638878.6776776926,,818719.873041296,661537.6479142236,821112.4643381546,,,,712961.8610923787,98525.19130906476,661537.6479142236
eddy sylvestre__1999-08-29,Eddy Sylvestre,MID,662499.9999999998,652126.0181252628,,,,,556911.2996197358,,,,,,,,540360.9498545954,,583132.7558665314,60320.238702807685,556911.2996197358
eden karzev__2000-04-11,Eden Karzev,MID,1849999.9999999995,1483593.0228090107,,1612028.2032960593,1538855.9177344074,,,,,,,,,,,,1544825.7146131592,64425.365755774736,1538855.9177344074
edgaras utkus__2000-06-22,,,,,,,,,,,,4270582.935460161,,,,,4462653.468774603,,4366618.202117382,135814.37657275816,4366618.202117382
edhy zuliani__2004-08-11,,,,,,,,,,670309.8202721854,,,,,,,,,670309.8202721854,,670309.8202721854
edimilson fernandes__1996-04-15,,,,,3874621.191382146,,,,,,,,,4476418.6282531805,,,,,4175519.909817663,425535.0485121918,4175519.909817663
edin dzeko__1986-03-17,Edin Džeko,FWD,5850000.000000001,6367548.443752623,4609811.271556675,6009299.996246772,,,,,,,,,5809646.783342988,,,,5699076.623724764,761975.039543544,5909473.3897948805
edin visca__1990-02-17,,,,,,,,,,,,,,,,,3404568.6513512493,3984841.8403488747,3694705.245850062,410315.106880964,3694705.245850062
edinson cavani__1987-02-14,,,,,,1057892.5808096025,,1020363.8023270196,,,,,,,,727858.0719147937,,,935371.4850171385,180688.86176695296,1020363.8023270196
edmond tapsoba__1999-02-02,Edmond Tapsoba,DEF,31500000.00000002,27590452.89389512,,,24997688.0596006,,30038194.822025392,,,,,,,29861703.493164103,,,28122009.817171305,2362360.2792284912,28726078.193529613
edo kayembe__1998-06-03,Edo Kayembe,MID,3049999.999999998,2574860.8650370673,2294519.357691297,,,,,,,2550689.20602838,,,,,,,2473356.476252248,155348.3295893324,2550689.20602838
edoardo corvi__2001-03-23,,,,,765828.2799868489,,754706.3611127904,891497.2161446968,983127.9834634204,,,,,759435.5201593282,,791166.6110859466,,,824293.6619921719,93069.04186508217,778497.4455363977
edoardo goldaniga__1993-11-02,,,,,1889090.025462892,,,,,,,,,,1858186.6914766182,,1836686.7570829454,,1861321.158007485,26341.87340623325,1858186.6914766182
edoardo iannoni__2001-04-11,,,,,,,,1593853.723067094,1488967.357644044,,,,,1337964.8555684744,,,,,1473595.3120932041,128635.15447086912,1488967.357644044
edoardo masciangelo__1996-07-08,,,,,,781779.4695432221,,907375.1189403222,832469.9128318079,785504.966699925,,,864516.6334614942,,,,771794.6265272232,,823906.7880006657,54137.855772354254,808987.4397658664
edoardo motta__2005-01-13,,,,,,776067.4171995217,737927.3321727159,,,,721712.8725030988,,768263.9938430816,,,,,,750992.9039296045,25528.096731472368,753095.6630078987
edoardo pieragnolo__2003-01-03,,,,,,,,,,,1214017.3510116613,,,1220563.8793013198,,,,1154850.9907318223,1196477.4070149346,36197.83360358786,1214017.3510116613
edoardo soleri__1997-10-19,Edoardo Soleri,FWD,749999.9999999998,1008013.4151956695,,,,1010650.2510213006,945895.1074063523,,,1015197.4671888497,1127883.3663384498,,,,,1035642.9618761902,1023880.4281711354,59226.46722704704,1012923.8591050751
edon zhegrova__1999-03-31,,,,,,,,,,20319897.465161767,,19800723.854540538,,,,,,,20060310.659851152,367111.18068337505,20060310.659851152
edouard mendy__1992-03-01,,,,,5820019.864911956,,,6147862.462213002,,,,6625033.917756875,6156616.793836339,,,,,,6187383.259679543,331160.80242260976,6152239.628024671
edouard michut__2003-03-04,,,,,,,,,,,,,,,1934201.1569889109,,,,1934201.1569889109,,1934201.1569889109
edson alvarez__1997-10-24,,,,,,,,,,,,,,,,12985081.32149895,,15739006.18601241,14362043.75375568,1947318.9465757122,14362043.75375568
eduard lowen__1997-01-28,,,,,,3890385.242004955,,,,,,,,4040257.862291382,,,,,3965321.552148169,105975.94611872904,3965321.552148169
eduardo camavinga__2002-11-10,,,,,,45121934.92148773,,,,,,43901113.7864413,25575795.848027024,,,,,,38199614.85198535,10949575.596545676,43901113.7864413
eduardo guerrero__2000-02-21,Eduardo Guerrero,FWD,2199999.9999999995,2230434.312818686,,,,,,,,,2470175.770479374,,,,,,2350305.04164903,169522.8104434201,2350305.04164903
eduardo salvio__1990-07-13,,,,,,,,1516579.8696478463,,,,,,,,1283380.2065422013,,,1399980.038095024,164897.0631524199,1399980.038095024
edvinas gertmonas__1996-06-01,,,,,,,,,,,,,,732017.6678705728,,726441.8043728102,715935.7349228503,,724798.4023887444,8165.94877492408,726441.8043728102
edward chilufya__1999-09-17,,,,,,,,1104042.3003517056,,,,,,,,1343507.9610405935,,,1223775.1306961495,169327.79253442943,1223775.1306961495
efe akman__2006-03-20,,,,,,,,,,799053.4467349858,,,,,935921.924322436,813640.7863440182,,,849538.7191338134,75164.7605145661,813640.7863440182
efecan karaca__1989-11-16,,,,,,,,,,,,667059.6214542238,,,,,,768357.8660377485,717708.7437459861,71628.67566730382,717708.7437459861
efkan bekiroglu__1995-09-14,Efkan Bekiroğlu,MID,1550000.0000000012,1385122.0870564315,,,1396267.577100417,,1457885.276013388,1476611.7614104592,,1274386.431421258,,,,,,,1398054.6266003908,79396.46821897016,1396267.577100417
ehije ukaki__2004-10-02,,,,,367825.94685707794,,,,,,390617.41943612834,,,,,287071.619644418,,,348504.99531254143,54409.62727372781,367825.94685707794
eivind helland__2005-04-25,,,,,2405820.837752461,,,,,,,,,,,,2073544.4147459175,,2239682.6262491895,234954.9119363366,2239682.6262491895
el bilal toure__2001-10-03,,,,,,,,,,8382522.966260456,,,,,,,,,8382522.966260456,,8382522.966260456
el chadaille bitshiabu__2005-05-16,,,,,10696954.801987734,,,,10074510.864724336,10820528.102065831,,,,,,,,,10530664.589592634,399843.41392158106,10696954.801987734
elayis tavsan__2001-04-30,Elayis Tavşan,MID,1550000.0000000012,1687886.91263948,,1593041.4451655932,1617593.1448374044,,,1730969.3291857229,,1692882.4359393036,,,,,1675445.9820667226,1546055.5032415928,1649124.9647251174,65283.26937681159,1675445.9820667226
elbasan rashani__1993-05-09,,,,,,,427188.41672716173,,,,,,,665387.4595225727,,,772048.4975011837,,621541.4579169727,176561.52672783769,665387.4595225727
eldor shomurodov__1995-06-29,,,,,,4194435.952570559,,,4953941.378352512,,,,,5598307.571339508,,,,3737826.432090299,4621127.83358822,822178.4929208558,4574188.665461536
eli king__2002-12-23,,,,,,,,,,,,,691550.1124527704,,,,,,691550.1124527704,,691550.1124527704
elia caprile__2001-08-25,,,,,,,17934571.17813025,12986383.725952005,,,,,,,,15290570.736090904,,13531405.717067221,14935732.839310095,2227931.622782768,14410988.226579063
elias achouri__1999-02-10,,,,,,2196247.745023887,,2211896.4271597774,,,,,,2297693.6281829323,,,,2307025.828566379,2253215.907233244,57231.82749079894,2254795.027671355
elias bakatukanda__2004-04-13,Elias Bakatukanda,DEF,1024999.9999999995,1233108.3453036612,,1187645.9631879504,1318549.4585086838,,,1244275.3327018314,,,,,,,,,1245894.7749255316,54276.27625092168,1238691.8390027462
elias baum__2005-10-26,Elias Baum,DEF,2875000.000000001,4935858.017406161,,,4977105.865545918,,,,,,,5354113.411550565,,,,,5089025.764834215,230497.16175096264,4977105.865545918
elias cobbaut__1997-11-24,,,,,,,,,,,,,,,3213841.044927209,,,,3213841.044927209,,3213841.044927209
elias hoff melkersen__2002-12-31,,,,,,,,,923865.0428226658,,,955527.4760337736,,,,,,,939696.2594282196,22388.721232440515,939696.2594282196
elias jelert__2003-06-12,,,,,,,,,,6691599.978734324,4579680.190302651,,6188751.69590375,,,6546817.269147388,,,6001712.2835220285,971295.268063723,6367784.482525568
elias kachunga__1992-04-22,,,,,,,241735.9481237949,303687.74583226844,,339909.4280678191,,341453.1584721351,,267806.5520011112,309158.6617139918,301612.2749766776,,,300766.25274111406,36143.72839230196,303687.74583226844
elias manoel__2001-11-30,,,,,673971.5507144484,,,,,,701083.7320761713,,589602.914097725,,,,,584112.6150967916,637192.7029962841,59208.75772831298,631787.2324060868
elias mar omarsson__1995-01-18,,,,,,,,,,,,,,,,640511.3598999685,639723.2250539775,,640117.292476973,557.2954940896775,640117.292476973
elias pereyra__1999-02-15,Elías Pereyra,DEF,875000.0,1258463.140992919,,,,,1389422.8410124464,,1320546.5014955977,,1161380.5944404544,1176934.1176194747,1270178.1691632385,,,1323554.4360246642,1271497.114392685,81916.33588982695,1270178.1691632385
elie youan__1999-04-07,,,,,,,,,,,,1404768.9014114009,,,1384945.2162791195,,,1634201.7277786846,1474638.6151564016,138540.73337953523,1404768.9014114009
elies mahmoud__2001-02-10,,,,,,1247421.801862753,,,,,,1264314.0601471562,,,,,,,1255867.9310049545,11944.63038245617,1255867.9310049545
eliesse ben seghir__2005-02-16,,,,,,,,11111700.784050107,,,,,,,,,,,11111700.784050107,,11111700.784050107
elijah dijkstra__2006-08-05,,,,,1244331.9162975426,,,,,,,,1144922.991330606,,,,,,1194627.4538140744,70292.72495458563,1194627.4538140744
elijah just__2000-05-01,,,,,,801261.7408959839,,,,877368.8361183702,,,,,,,,,839315.288507177,53815.84312815964,839315.288507177
eliot bujupi__2006-07-03,,,,,,,,504553.73358028976,,,,,,,,582590.8938664629,,594042.8999359305,560395.8424608944,48698.490263341395,582590.8938664629
eliot matazo__2002-02-15,,,,,,2450987.1133096064,,,,,,,1996662.811762327,,,2648516.9513116824,2349839.2716245446,2202262.5604037596,2329653.741682384,246938.48506316356,2349839.2716245446
elisha owusu__1997-11-07,,,,,,,,,,,,,,3353008.5969647835,,,3481637.3693298507,,3417322.983147317,90954.27719503977,3417322.983147317
eljif elmas__1999-09-24,,,,,11117792.886172976,,,10279007.023099884,,,,,,,,,,,10698399.95463643,593111.1717423942,10698399.95463643
ellery balcombe__1999-10-15,,,,,,,,,,452758.1031055111,,,,444429.08746687695,,,439407.1986140283,445937.3601112408,445632.93732441426,5509.680499228722,445183.22378905886
elliot anderson__2002-11-06,,,,,,46404640.384005986,,,,47530071.14419218,,,,,,,,,46967355.764099084,795799.7222835899,46967355.764099084
elliot lee__1994-12-16,Elliot Lee,MID,787499.9999999994,768759.2733602587,,,,,,,527991.7139307072,,,,,,,,648375.4936454829,170248.37396237094,648375.4936454829
elliot watt__2000-03-11,,,,,,674627.0770855176,,,,,,,,,,,,,674627.0770855176,,674627.0770855176
ellis simms__2001-01-05,,,,,,,,,,,,,,,,,,2935251.601871025,2935251.601871025,,2935251.601871025
ellyes skhiri__1995-05-10,,,,,,,,9116283.168096192,,,,,,,9347331.24949037,10089085.779231917,,,9517566.732272826,508253.20437430916,9347331.24949037
elseid hysaj__1994-02-02,Elseid Hysaj,DEF,2349999.999999999,2037590.190782325,,2112143.5461616223,,,,,,,,,,,,,2074866.8684719736,52717.183148911594,2074866.8684719736
elton fikaj__2005-10-18,,,,,,,707643.2888925085,,,697634.8586109962,,792409.3693530739,,,,,,,732562.5056188594,52069.92887733947,707643.2888925085
elton kabangu__1998-02-08,Elton Kabangu,MID,662499.9999999998,734698.1986060326,,,,,,,,,,,,,,,734698.1986060326,,734698.1986060326
elvis rexhbecaj__1997-11-01,,,,,,,,,3378696.2938438463,3251763.74789428,,,,,3284806.7639276944,3406890.6130525433,,,3330539.354679591,74039.79003679367,3331751.5288857706
elvis van der laan__2008-02-29,,,,,,245488.61408725812,,252562.55448486435,,,,,,,217702.9395364043,235874.19615286146,,258928.851021875,242111.43105665263,16110.047470132502,245488.61408725812
elye wahi__2003-01-02,,,,,,,,,,9371311.581189422,9356503.414153999,,8459662.758690875,,,,,,9062492.584678099,522118.4442035896,9356503.414153999
elyess dao__2006-11-20,Elyess Dao,FWD,512499.9999999997,410763.47496872937,,,,400291.9010934074,480374.8944816585,,,,,,,,,455604.8626922609,436758.78330901405,37696.725835619225,433184.1688304951
eman kospo__2007-05-17,Eman Košpo,DEF,1112500.0000000005,538395.797736242,,,,531520.4461169894,,,,,,,,508653.7318477228,507949.78137209814,,521629.93926826306,15646.563147412378,520087.0889823561
emanuel mammana__1996-02-10,Emanuel Mammana,DEF,4349999.999999996,4371892.521977222,,,,4971352.548415546,,,,,,,,,5041408.305648015,,4794884.458680261,367992.6441753893,4971352.548415546
emanuele valeri__1998-12-07,,,,,,5917706.615584432,5182777.213805957,6102601.99363373,,,5715791.894305821,,,,,,,,5729719.4293324845,397374.865969059,5816749.254945126
emil audero__1997-01-18,,,,,,,,,8560724.43425982,,,,,,8185021.143023248,,,,8372872.788641535,265662.3449474851,8372872.788641535
emil bohinen__1999-03-12,,,,,,,,,,,,,,,,1663418.6963127817,,,1663418.6963127817,,1663418.6963127817
emil forsberg__1991-10-23,,,,,,,,,,5569920.50980593,,,,,,,,,5569920.50980593,,5569920.50980593
emil gazdov__2003-09-11,,,,,,454433.6211479267,,,,,499967.4993485349,,,445803.9632939412,,,,,466735.02793013427,29101.814653047397,454433.6211479267
emil hansson__1998-06-15,,,,,,,,1066719.5119340373,,,,,,,,1091838.031002956,,,1079278.7714684966,17761.475166995984,1079278.7714684966
emil hjlund__2005-01-04,,,,,,,,,,,,546295.2782649222,543400.953182143,,,,464818.6805823872,520724.45049475395,518809.8406310516,37766.31299962317,532062.7018384485
emil holm__2000-05-13,,,,,5866369.466356666,,,,,,6299199.8205239205,,,,,,,,6082784.643440293,306057.2785350408,6082784.643440293
emil holten__1996-08-08,,,,,,,,,,,,,,,678810.1648477027,,,,678810.1648477027,,678810.1648477027
emil kornvig__2000-04-28,,,,,,2352874.4819616717,,,2079527.9236081804,,,,2064009.0914302047,,,,,,2165470.499000019,162481.9933422182,2079527.9236081804
emil krafth__1994-08-02,,,,,,,,,,,2274200.200897546,,,,,,,2186229.414297824,2230214.8075976847,62204.73975097825,2230214.8075976847
emil riis__1998-06-24,,,,,,2229616.8492637817,,,,2069031.5972528064,,,,,2307806.6585313273,,,,2202151.7016826384,121733.86226059218,2229616.8492637817
emile smith rowe__2000-07-28,,,,,21367265.340988427,,,21089524.22707121,18935801.537368864,,,,,,,,,,20464197.035142835,1330894.2970055137,21089524.22707121
emiliano buendia__1996-12-25,,,,,,,9808202.277941218,,,,,12602550.95178859,,,,,,,11205376.614864904,1975902.8962771127,11205376.614864904
emiliano martinez__1992-09-02,Emiliano Martínez,GK,20749999.99999997,15647156.412815142,,,,,,17406104.755407415,,16148933.227402644,,,17446174.898916714,,,,16662092.32363548,905863.7028843521,16777518.99140503
emilio simonsen__1999-10-31,Emilio Simonsen,MID,412500.00000000006,391386.593320181,,,,389907.5411219295,,409903.2138200328,,408396.62471526884,,,,,,,399898.49324435304,10717.341662403645,399891.6090177249
emin bayram__2003-04-02,,,,,,,,,,,,,4817698.515929569,5386654.698071244,,5805274.368282314,,,5336542.52742771,495691.37401463644,5386654.698071244
emir karic__1997-06-09,,,,,,1059117.8906836333,812436.6996299293,,898266.789718929,,,,,,,,,,923273.7933441639,125227.45376974207,898266.789718929
emir ortakaya__2004-06-22,,,,,,,,,,,,,,,,,574035.2441819707,,574035.2441819707,,574035.2441819707
emirhan demircan__2005-01-20,,,,,,,,,,,,,,,,641089.6358189133,,,641089.6358189133,,641089.6358189133
emirhan ilkhan__2004-06-01,,,,,,,,,,,,,,,,829131.0380901584,,,829131.0380901584,,829131.0380901584
emirhan topcu__2000-10-11,,,,,,,,,,,,7863984.468863906,,,6909153.63773913,,7866830.249567824,,7546656.118723621,552095.1770872381,7863984.468863906
emmanuel agbadou__1997-06-17,Emmanuel Agbadou,DEF,14000000.00000001,12626617.441180443,,,,,,13098234.231683737,,,,,,,13074753.675801728,,12933201.782888636,265769.2665859173,13074753.675801728
emmanuel biumla__2005-05-08,,,,,,,3513790.8072065767,3919124.9273671857,,,,,,,,,,,3716457.8672868814,286614.5050118495,3716457.8672868814
emmanuel boateng__1996-05-23,,,,,,,,,2305329.3371604667,,2276662.0746940146,,2532413.153928087,2198172.703887508,,,,,2328144.317417519,143514.60150213205,2290995.7059272407
emmanuel danso__2000-11-10,,,,,,,,,,,,,,,,,,558667.8859864663,558667.8859864663,,558667.8859864663
emmanuel ekong__2002-06-25,,,,,1051252.998489823,1091876.6326339096,,,,,,,,1010971.9008983846,,,,1003920.4129027696,1039505.4862312218,40666.13642633291,1031112.4496941038
emmanuel gyabuaa__2001-09-21,,,,,587903.0417028116,601196.5317205363,,591966.9541776478,,,,,,,,,,,593688.8425336652,6811.96695865282,591966.9541776478
emmanuel gyasi__1994-01-11,,,,,,,,,,,,2471515.9730966897,,,,,,,2471515.9730966897,,2471515.9730966897
emmanuel iyoha__1997-10-11,Emmanuel Iyoha,DEF,1150000.0000000005,1096928.070759378,945327.2572213856,,,989354.1041233438,,,,1019273.5804107453,,,,,,,1012720.7531287132,63827.0983838132,1004313.8422670446
emmanuel kakou__2005-06-30,Emmanuel Kakou,DEF,1099999.9999999998,894155.4323120355,900853.9015152367,,,,922928.1338675382,943430.8778850287,,,1120265.5673712585,,,,945863.1213321451,,954582.839047207,83894.52515242998,933179.5058762834
emmanuel longelo__2000-12-27,,,,,,963922.397751503,,821518.7403979333,,,,,,,867533.9596078445,,887965.9160836542,992218.8450096075,906631.9717701084,70229.34593990518,887965.9160836542
emmanuel sabbi__1997-12-24,,,,,,,,,,1673480.1355995229,,,,,,,,,1673480.1355995229,,1673480.1355995229
emmanuel yeboah__2003-02-25,,,,,,423959.11915319646,,,,,,,371294.0742438522,,,,,,397626.5966985243,37239.81038689137,397626.5966985243
emran soglo__2005-07-11,,,,,,,1408171.1197254574,,1262827.846121232,,1250456.1267286397,1460803.8457473686,,,,1239263.4897586224,,,1324304.4856162642,102628.71908421056,1262827.846121232
emre akbaba__1992-10-04,,,,,,,,,1290101.7132806687,,,1259883.112804509,,,,1372687.3939583285,,,1307557.4066811688,58392.87101801628,1290101.7132806687
emre bilgin__2004-02-26,,,,,,,,752153.8664819307,772234.3996119078,,,,,785406.8743523711,,781580.3374733587,,,772843.8694798921,14861.613214390392,776907.3685426333
emre can__1994-01-12,,,,,,,,17211696.717505112,18459829.332668994,,,,,,16882718.392666038,17609991.735867493,,,17541059.044676907,680877.5011365737,17410844.226686303
emre klnc__1994-08-23,,,,,,,,,,,2064789.898990216,2072065.5496676299,,,2251578.3044181,,,,2129477.917691982,105804.59395600756,2072065.5496676299
emre mor__1997-07-24,,,,,1906288.9941804053,,,2321570.2554811924,,,1364834.648674713,,2449639.121209628,2456808.474526707,,2375079.3251206614,,,2145703.469865551,433539.16095677443,2348324.790300927
emre tasdemir__1995-08-08,,,,,399787.6522959541,,,,,,,,383627.63390365033,,,,425961.1161118988,,403125.4674371677,21363.208710460807,399787.6522959541
emrecan bulut__2002-11-26,,,,,,,,,,,,,,,,550323.1541310265,,,550323.1541310265,,550323.1541310265
enda stevens__1990-07-09,,,,,,,,,383779.49566148815,,349811.213082021,,,,,,,,366795.35437175457,24019.202957202106,366795.35437175457
enea mihaj__1998-07-05,,,,,,,2402730.585020236,,,2028848.3362881078,,,,,,,,,2215789.460654172,264374.67344376346,2215789.460654172
enes mahmutovic__1997-05-22,,,,,,,,,,463871.85598951374,,464714.5711818306,,506143.4122099709,,,,,478243.27979377174,24165.897124976033,464714.5711818306
enes unal__1997-05-10,,,,,,,,,12002636.798008604,,,,9276385.535660041,,,,,,10639511.166834323,1927750.754825054,10639511.166834323
enis bardhi__1995-07-02,,,,,,3421681.4497116585,,,,,3688565.8638406675,,,,,,,,3555123.656776163,188715.7790236211,3555123.656776163
enis destan__2002-06-15,,,,,2240973.3856133414,2223452.6353540975,,,,,,,,,,,,,2232213.0104837194,12389.041319787311,2232213.0104837194
enock agyei__2005-01-13,,,,,1307192.266208789,,,,,,,1180111.894247099,1332016.5485999777,,,,,,1273106.903018622,81486.9007348487,1307192.266208789
enrico delprato__1999-11-10,,,,,,,,,,6009465.968179537,,6228896.39595469,,,6185283.9984666025,,6546747.750969122,,6242598.528392488,223852.81176060336,6207090.197210646
enrique lofolomo__2000-04-14,,,,,,,1172524.9168687847,,,,,1138057.7713702163,,,1073837.246679366,,,1074138.2646815744,1114639.5498999853,49004.458499173925,1106098.0180258953
ensar kemaloglu__1998-10-05,,,,,,,,,,,,274957.26170396805,,,,,,262650.7345249598,268803.99811446393,8702.028821133274,268803.99811446393
enso gonzalez__2005-01-20,,,,,,,,,,,,,,,,1174118.9184020427,,886313.1074144992,1030216.0129082709,203509.44061418582,1030216.0129082709
enzo barrenechea__2001-05-22,,,,,,,,13898336.500579925,,,14507152.777962128,,,,,,,,14202744.639271026,430498.11823370546,14202744.639271026
enzo basilio__1994-10-03,,,,,,,,,932605.8972520042,,,,936603.3969940664,993854.3060045264,,,,,954354.5334168657,34266.14986987352,936603.3969940664
enzo ebosse__1999-03-11,Enzo Ebosse,DEF,1849999.9999999995,1634137.5159234516,,,,,,,,,,,,,,1622674.0944484863,1628405.805185969,8105.863060547451,1628405.805185969
enzo fernandez__2001-01-17,Enzo Fernández,MID,78999999.99999993,76453957.03056915,,,,81123292.85218036,,,,,,76501230.15519114,,72013456.3854415,,,76522984.10584553,3719494.535291385,76477593.59288014
enzo le fee__2000-02-03,Enzo Le Fée,MID,17249999.99999998,15958698.465448273,,,,13154795.355357202,,17812621.336240493,,,,,,,,,15642038.385681989,2345003.3948026686,15958698.465448273
enzo loiodice__2000-11-27,Enzo Loiodice,MID,4300000.000000002,4364896.741579755,,,4392486.688941554,,,,4976572.924748869,,,,,,,,4577985.451756726,345462.41694076254,4392486.688941554
enzo martinez__1998-04-29,,,,,,,1377213.780030386,,,,,,,,,,,,1377213.780030386,,1377213.780030386
enzo millot__2002-07-17,,,,,,,,,21149026.97954102,,,,,,,20874964.274842564,,,21011995.62719179,193791.5969626035,21011995.62719179
enzo perez__1986-02-22,,,,,,,,,,,,,521698.0902883414,,,,,,521698.0902883414,,521698.0902883414
enzo tchato__2002-11-23,,,,,,,,,,,,,,2871775.619768159,3399757.0931123556,,,,3135766.3564402573,373339.28014254576,3135766.3564402573
eray comert__1998-02-04,,,,,,,,,,,,,,2507147.724267693,,,2585971.9505883623,,2546559.8374280278,55737.14495312856,2546559.8374280278
ercan kara__1996-01-03,,,,,1042462.6982509111,,,,1057214.001271106,1037073.9426478319,,,,,1028799.1697590846,,,1017248.045845253,1036559.5715548374,14957.237467017008,1037073.9426478319
erdem canpolat__2001-04-13,,,,,,,,,,,699208.760416341,,,,,,,,699208.760416341,,699208.760416341
erdogan yesilyurt__1993-11-06,,,,,,645697.7298616823,,,743796.3097622656,,,,,751598.3989367288,,687135.2478643083,744461.2440742445,,714537.7860998459,46408.0165825877,743796.3097622656
eren dinkci__2001-12-13,Eren Dinkçi,MID,7249999.999999998,6772633.551863211,6654852.502081378,,,,6837162.53544285,,,,,,6615052.433851105,,6913062.967488367,,6758552.798145382,124093.97327226365,6772633.551863211
eren elmal__2000-07-07,Eren Elmalı,DEF,6999999.999999995,5941130.063035619,,,,6438093.786639396,,,,,,,,,6330047.391401952,,6236423.7470256565,261375.73669768416,6330047.391401952
erencan yardmc__2002-02-04,Erencan Yardımcı,FWD,2349999.999999999,1942285.355225132,,,,,,,,,1965423.488969544,,,1819767.8756743262,,,1909158.9066230005,78274.58475676342,1942285.355225132
erhan erenturk__1995-05-30,,,,,217771.59099747884,,,,,,,,233515.94349910604,,,,,,225643.76724829245,11132.938419291979,225643.76724829245
erhan masovic__1998-11-22,Erhan Mašović,DEF,3400000.000000002,1939077.2528750487,,,,1899655.10027214,,,,1829520.19498583,1763577.5077066189,,,1893450.8450668263,1894565.3025322547,1566011.0188010768,1826551.031748542,128428.6185235658,1893450.8450668263
eric bailly__1994-04-12,,,,,2678788.965365721,,,2446046.4311675574,,,,,,,,,,,2562417.6982666394,164573.82420206338,2562417.6982666394
eric dier__1994-01-15,Eric Dier,DEF,8750000.000000007,8532189.121517716,,,,,8488313.879809903,,,,,,7976960.306122218,,,,8332487.769149945,308676.35467254184,8488313.879809903
eric kahl__2001-09-27,,,,,,,,2079515.1124240386,2108909.1500369674,,,,,,,,2204598.9537030077,,2131007.7387213376,65404.53006983785,2108909.1500369674
eric martel__2002-04-29,,,,,,,7308045.074044274,10289460.355655193,,,,,,11096058.690073013,11245360.021697301,,,,9984731.035367444,1833188.6874583678,10692759.522864103
erik ahlstrand__2001-10-14,,,,,,,,826889.5410418861,,,,,,,,825640.1024529212,,,826264.8217474036,883.4864989332106,826264.8217474036
erik botheim__2000-01-10,,,,,,,1616197.3940981955,2129405.84046793,,,,,,,,,1863221.3279742189,,1869608.187513448,256663.82942944946,1863221.3279742189
erik majetschak__2000-03-01,,,,,,,,,,708203.8824488859,704912.4234068898,704235.5153137989,,717912.5862434304,,,731148.1951262272,,713282.5205078464,11383.312690954377,708203.8824488859
erik palmerbrown__1997-04-24,,,,,,1989076.4503739784,,,,,,,,1994722.666759505,1942241.1548775996,,,,1975346.7573370275,28808.950441127043,1989076.4503739784
erik sviatchenko__1991-10-04,Erik Sviatchenko,DEF,1087500.0000000007,513869.0472198291,,559029.4492962261,642521.6266107769,,730751.453113225,517027.6537246357,,,585904.3120827364,,,,649015.1667155647,,599731.2441089991,79042.4336427261,585904.3120827364
erling haaland__2000-07-21,,,,,,,,,,,,151359817.27477503,190467333.0494737,,,,,164592846.7205639,168806665.6816042,19891371.24972518,164592846.7205639
ermedin demirovic__1998-03-25,Ermedin Demirović,FWD,22500000.00000001,24655861.689625714,,,24415667.05695634,,,,23139887.54743139,,19888513.65160485,,,,22502177.41959558,,22920421.473042775,1914619.4520905719,23139887.54743139
ernest agyiri__1998-03-06,,,,,,,,,,,,,540045.1663553133,,617263.6603937745,,,,578654.4133745439,54601.72076760894,578654.4133745439
ernest muci__2001-03-19,,,,,,,,9317301.128187515,,,,7828722.894439477,8185662.626649363,,,,,,8443895.549758784,777161.1618128732,8185662.626649363
ernest nuamah__2003-11-01,,,,,,10722698.943326443,,,,,,,9759448.958804145,,,,10435390.104347078,,10305846.002159223,494518.84592934884,10435390.104347078
ernest poku__2004-01-28,Ernest Poku,MID,6549999.999999996,9818001.878945613,10009459.225490049,,,9040948.79441496,,,,,,9443326.897169555,10007874.997019963,,,,9663922.358608026,417791.23426757735,9818001.878945613
ernestas lysionok__2007-03-09,,,,,,,,225373.28141011167,,,,,,,,,,,225373.28141011167,,225373.28141011167
ernesto torregrossa__1992-06-28,Ernesto Torregrossa,MID,987499.9999999999,852394.3859379812,,,,,918943.8803220214,,,,821418.2238834789,,,,,839553.5488662265,858077.509752427,42520.7922862069,845973.9674021038
eros maddy__2001-02-05,,,,,,,445819.45003482595,,,,499600.49605119077,,,519452.0439342211,,,,,488290.6633400793,38096.90221072189,499600.49605119077
ersin destanoglu__2001-01-01,Ersin Destanoğlu,GK,2750000.0,2430008.935893857,,,2722275.637153895,,,,,,,,,2571578.630975398,,,2574621.0680077164,146157.10206376502,2571578.630975398
ertugrul taskran__1989-11-05,,,,,,,,182641.5573725695,,167545.63751255293,158845.41744270557,,,148780.96804126352,,,,,164453.3950922729,14346.260759136752,163195.52747762925
erwin koffi__1995-01-10,,,,,825025.6526465589,,,878353.3062940161,,,,,1013113.113052192,,,,,,905497.3573309224,96937.21071126804,878353.3062940161
eser gurbuz__2007-03-06,Eser Gürbüz,MID,612499.9999999997,414344.74904091354,,,,,,,,,,,416965.7542585252,,,398200.4484018021,409836.9839004136,10162.38829682872,414344.74904091354
eskild dall__2003-01-08,,,,,,365345.3170608808,,,417358.29550107516,,,388186.30899437505,,,,,,,390296.6405187771,26070.627263497012,388186.30899437505
esmir bajraktarevic__2005-03-10,Esmir Bajraktarević,MID,4750000.000000003,5118931.643442424,,,,4513860.043664939,5660876.244292427,,,,4873204.137344643,,5352568.91791361,,,,5103888.197331609,439787.57604344306,5118931.643442424
esteban burgos__1992-01-09,,,,,,,,,,523638.64861646295,511863.89101031376,554874.9384423227,,602093.9826357178,551332.2123293107,,,,548760.7346068256,34931.8178865029,551332.2123293107
ethan ampadu__2000-09-14,,,,,,,,,,,,,,,,,14482569.9894762,,14482569.9894762,,14482569.9894762
ethan brierley__2003-11-23,Ethan Brierley,MID,700000.0000000006,786454.4323410414,,,923026.8807020487,,,851585.7762903012,,,,,,,,,853689.029777797,68310.51287506556,851585.7762903012
ethan galbraith__2001-05-11,,,,,1990240.2337601744,,,,,,,2029837.6325177138,,,,1952042.7695690887,1874584.2617089676,,1961676.2243889861,66180.79682373394,1971141.5016646315
ethan hamilton__1998-10-18,,,,,,,,,,,,,,635881.1508917258,,616701.1090454326,,,626291.1299685792,13562.33765295563,626291.1299685792
ethan horvath__1995-06-09,,,,,634380.7324332525,756059.0086615669,594207.0203473773,,,,,,,,703601.8361162567,,,723279.6011966064,682305.6397510119,66389.22428389799,703601.8361162567
ethan ingram__2003-04-16,,,,,,,,,,,,349387.93423074746,,466613.34756545187,,,,356008.4211318467,390669.9009760153,65852.20589785777,356008.4211318467
ethan laird__2001-08-05,Ethan Laird,DEF,3550000.0000000014,2168807.059318197,,,,,,,,,,,,,,,2168807.059318197,,2168807.059318197
ethan mbappe__2006-12-29,,,,,5135313.456889469,,,,,,,5235415.167039241,,,4687574.172832323,,,,5019434.265587011,291724.92002927983,5135313.456889469
ethan nwaneri__2007-03-21,Ethan Nwaneri,MID,27999999.99999999,21461847.620704856,18472864.998139784,,,,20277699.465877894,,12868573.398802357,17424764.245478794,,,,,19397665.848306905,,18317235.929551765,3013568.590976368,18935265.423223346
ethan pinnock__1993-05-29,,,,,,,,5795056.825739475,,,,,,,,4960449.963222548,,,5377753.394481012,590156.1721105474,5377753.394481012
ethan ross__2001-08-15,,,,,,,,407961.9825768516,,,409907.2436876731,,,415966.89832382416,,387237.9516150156,,,405268.5190508411,12494.387982193513,408934.61313226237
ethan schiltebrown__2005-06-01,,,,,,,224145.62920382305,,,,,,,264753.6107179429,223585.69938983108,,,,237494.97977053234,23608.32694611152,224145.62920382305
ethan williams__2005-11-14,,,,,601023.7397986728,,558252.4241242039,,,,642477.0365144204,,639361.989513511,,615610.3641735208,,,,611345.1108248658,34269.880199956206,615610.3641735208
etienne camara__2003-03-30,,,,,,,2689480.2496039513,,2309114.3822428593,2374246.6942232214,,,,,,,2381070.7465564623,,2438478.0181566235,170448.74918400857,2377658.720389842
etienne green__2000-07-19,,,,,,,643700.0780650337,,,,701126.230749462,,,,,,,,672413.1544072479,40606.42198061336,672413.1544072479
etienne vaessen__1995-07-26,,,,,1290768.5504273237,,1146436.2795976659,,,1231524.1813247015,,,,,,,,,1222909.670449897,72550.73017496457,1231524.1813247015
etienne youte kinkoue__2002-01-14,,,,,,2564454.0705063352,,,,,,,3115581.2669921005,,,,,2898211.2214921066,2859415.519663514,277604.26246159227,2898211.2214921066
ettore gliozzi__1995-09-23,,,,,,,,,1039876.446789464,1049803.7825903941,,,,1192230.8018168805,,1105539.1649070685,,,1096862.549025952,69838.69665184847,1077671.4737487314
eus waayers__2006-04-08,,,,,,,,,568995.6095637354,,,,,,,567550.2199778133,,,568272.9147707743,1022.0447776619492,568272.9147707743
evan ferguson__2004-10-19,,,,,,10076998.192997217,8333585.960562311,9723951.642370418,,,,,,,,,,,9378178.598643316,921705.3766671562,9723951.642370418
evan ndicka__1999-08-20,,,,,,,29613229.09399348,,29280709.778856523,,,,,,,28371767.356422715,,,29088568.74309091,642647.2163495845,29280709.778856523
evann guessand__2001-07-01,,,,,,27390699.120947048,,,27028172.29855679,,,,27893127.790680055,,,26014204.399963286,,,27081550.902536795,795048.7402738876,27209435.70975192
ever banega__1988-06-29,,,,,,,,,,,,,2988322.4113481217,,,2595757.589862246,,,2792040.0006051837,277585.24732794915,2792040.0006051837
evert linthorst__2000-03-03,,,,,,,1416727.7874176602,,,,,1538219.3929727508,,,1661242.054994096,,,1504977.0011946897,1530291.5591447991,101239.7155360871,1521598.1970837202
ewoud pletinckx__2000-10-10,,,,,,2433305.638927656,2192082.9177239602,,,,,,,2261071.1930383085,,,2255818.315063386,,2285569.516188328,103361.83670328118,2258444.754050847
eyup aydn__2004-08-02,,,,,1477822.5419215534,,,1763062.0669785594,,,1491122.5257143287,,,,1614297.0113622816,,1752506.9424116272,,1619762.21767767,136821.8907344474,1614297.0113622816
ezechiel banzuzi__2005-02-16,,,,,,,,5236512.307827688,,,,,,,,,,,5236512.307827688,,5236512.307827688
ezequiel ponce__1997-03-29,Ezequiel Ponce,FWD,4050000.0000000033,3475492.681968679,,,,,,,,,,,,3535073.4893864654,,,3505283.0856775725,42129.992953686386,3505283.0856775725
ezgjan alioski__1992-02-12,,,,,,776227.8574822722,,,,,800925.1207625958,,,,762464.429680268,,,,779872.4693083788,19487.652145777018,776227.8574822722
ezri konsa__1997-10-23,,,,,,,,,,,,,,,,44444375.495494284,46328770.9883074,,45386573.24190085,1332468.8314055218,45386573.24190085
fabian bredlow__1995-03-02,,,,,,1125282.2073902423,,,,,,,,,,,,,1125282.2073902423,,1125282.2073902423
fabian de keijzer__2000-05-10,,,,,,,,,747947.5194910532,,,,,808975.3315681915,,788891.8994430824,773564.4829469231,,779844.8083623125,25737.88882776876,781228.1911950028
fabian ehmann__1998-08-28,Fabian Ehmann,GK,312500.00000000023,338696.5687189638,,,,,313210.7690372663,,,,,,338870.9920510475,,,,330259.44326909253,14764.842554930803,338696.5687189638
fabian holland__1990-07-11,,,,,,446479.61359906924,,,,,,471418.6545050372,,,472723.26838677685,,,,463540.5121636277,14789.563861646599,471418.6545050372
fabian kunze__1998-06-14,Fabian Kunze,MID,1499999.9999999986,1781694.8560756892,,,,,,1949976.208989498,,,1632478.9073634357,,1874082.0137761908,,,,1809557.9965512035,136643.06496360523,1827888.43492594
fabian nurnberger__1999-07-28,Fabian Nürnberger,DEF,2250000.000000001,1995861.6091982438,,2123379.0531329275,,1936639.7860242666,1839050.745403202,,,,,,,,,1555368.2865030665,1890059.8960523414,213554.39861299426,1936639.7860242666
fabian reese__1997-11-29,Fabian Reese,MID,4399999.999999997,4686833.798154785,,,,,,,,,,,,,,,4686833.798154785,,4686833.798154785
fabian rieder__2002-02-16,,,,,,,,,,,,,,,8957795.261039717,,,,8957795.261039717,,8957795.261039717
fabian schar__1991-12-20,,,,,,,,11982938.68076621,,,,,14528195.711391201,11698182.182713972,,,,,12736438.858290462,1558225.2825797827,11982938.68076621
fabian schleusener__1991-10-24,,,,,,,,,1069061.029301916,,912829.8756144335,,,,945934.2205131617,1101844.232433181,,,1007417.3394656731,92092.96905132032,1007497.6249075389
fabiano parisi__2000-11-09,,,,,,,,7729966.44178754,,,7829466.065536265,,8594906.942985812,,,,,,8051446.48343654,473272.6456300478,7829466.065536265
fabijan buntic__1997-02-24,Fabijan Buntić,GK,600000.0000000003,456583.22232243425,,,,,,,,483024.22145865456,508581.247486684,,469520.9853331162,,,,479427.41915022227,22232.689544881476,476272.6033958854
fabio balde__2005-07-20,Fabio Baldé,MID,1050000.0000000007,1433954.3145811006,,,,,1290208.9310431692,,,1637108.922790577,1309942.4237690722,,1479923.2615800535,,,,1430227.5707527946,140852.03244750388,1433954.3145811006
fabio chiarodia__2005-06-05,,,,,,,2154149.914437933,,,,,,2316303.405505029,,,2180670.547037845,,,2217041.2889936026,86980.23809533358,2180670.547037845
fabio depaoli__1997-04-24,,,,,,,,,1601004.6700198923,,,,,,,,,1647726.1247802877,1624365.39740009,33037.057487976126,1624365.39740009
fabio ferraro__2002-09-03,Fabio Ferraro,DEF,1949999.999999999,2427372.1402479834,,,,2536211.646226445,,2453893.3869298897,,,,,,2566367.5966481557,,,2495961.1925131185,65957.86312632385,2495052.5165781677
fabio maistro__1998-04-05,,,,,,,,,,,,1212069.7779382325,,,,1246369.0526511588,,,1229219.4152946956,24253.24973929042,1229219.4152946956
fabio miretti__2003-08-03,,,,,,,4832024.8103806805,,,,,,,,,,,6064352.251901577,5448188.531141128,871387.0905416947,5448188.531141128
fabio moreno fell__2000-06-04,,,,,518716.2435001452,,,,,461415.24368775927,,,,,,,,437098.7916022173,472410.0929300406,41904.85826217546,461415.24368775927
fabio torsiello__2005-02-02,,,,,,,,,,,,,949513.819528601,,782696.1935007083,,,934461.7502743895,888890.5877678996,92274.47224200281,934461.7502743895
fabrizio bagheria__2001-04-05,,,,,348960.34118262253,,327973.5101378542,,,,,,317264.1593669224,,,,,,331399.33689579973,16123.405414337,327973.5101378542
fabrizio brignani__1998-01-13,Fabrizio Brignani,DEF,850000.0000000005,1167078.4305761978,,1130394.0589251518,,,,,,,1200771.3818065405,,,,1302906.37509266,,1200287.5616001375,74204.22958328966,1183924.906191369
fabrizio caligara__2000-04-12,,,,,,1285075.5830790503,,,,,,,,1158435.5096879452,,,,,1221755.5463834978,89548.05466481244,1221755.5463834978
facundo buonanotte__2004-12-23,Facundo Buonanotte,MID,14499999.99999999,16542812.443497373,,16551722.39163399,,,16515044.785738561,,,,,,,,,,16536526.540289974,19129.71844812853,16542812.443497373
facundo colidio__2000-01-04,,,,,5225981.983751107,,6233168.0998753635,,,5887561.539008019,,,,,,,,,5782237.20754483,511786.9471049372,5887561.539008019
facundo lescano__1996-08-18,,,,,,,,,,1004566.5742675522,945410.4835664041,,,959047.6659157409,,,,,969674.9079165658,30976.837656040494,959047.6659157409
facundo medina__1999-05-28,,,,,,,,,21353902.19480803,,,,,21308595.081413053,,21029775.792819053,21119521.992649082,,21202948.765422303,153728.10064236715,21214058.53703107
facundo pellistri__2001-12-20,,,,,4326662.267895309,,,,,,,,,,,3721557.776878012,,3909882.6532456633,3986034.232672995,309656.5170463614,3909882.6532456633
faitout maouassa__1998-07-06,,,,,,,,,,,,,,,946230.0690833182,,,,946230.0690833182,,946230.0690833182
fali cande__1998-01-24,,,,,,,,2434351.860326998,,,,,,,,,,,2434351.860326998,,2434351.860326998
falko michel__2001-01-14,,,,,,,,,,1034829.9988819497,,,,1094413.2922803513,,,,1197063.118437993,1108768.803200098,82063.73614786616,1094413.2922803513
fallou fall__2004-04-15,Fallou Fall,DEF,1249999.999999999,1528758.2521826094,,,,,,1499855.3948239824,,,,,,1339307.6514854163,,,1455973.7661640027,102064.10008676452,1499855.3948239824
fares chaibi__2002-11-28,,,,,9189389.85145661,,,9822540.788845247,9835105.377445918,,,,,,,,,,9615678.672582591,369230.3975628362,9822540.788845247
fares ghedjemis__2002-09-06,Farès Ghedjemis,MID,899999.9999999995,1086811.0678020767,,,,,,977117.5478539708,,1045875.9277524025,,,,,,942392.5079263396,1013049.2628336975,65324.46952789056,1011496.7378031866
faride alidou__2001-07-18,,,,,,,,,1505831.3322155622,,,,,,,,1228469.778834458,,1367150.55552501,196124.23523621343,1367150.55552501
fashion sakala__1997-03-14,,,,,,,,3763142.3704945436,,,,,,,,,4055720.089883293,,3909431.2301889183,206883.68940387957,3909431.2301889183
fatih aksoy__1997-11-06,,,,,1292170.4522645315,,,1268616.6613281071,,,,,,,,1205486.6305782346,1218059.802080953,,1246083.3865629565,41090.07982602009,1243338.23170453
fatih kaya__1999-11-13,,,,,,,,,,,1355160.3003515296,,,,1441605.3095458539,,,,1398382.8049486917,61125.852201040136,1398382.8049486917
fausto grillo__1993-02-20,,,,,,,,,,,,,721631.0039898847,,938675.3698502638,914849.3202124615,,800324.8256625505,843870.1299287901,101430.89010723964,857587.072937506
fayssal harchaoui__2006-01-15,,,,,,,,,,,,,386529.0684178921,,424213.820418562,,445139.7563310304,,418627.5483891615,29701.986647405774,424213.820418562
fedde leysen__2003-07-09,Fedde Leysen,DEF,3700000.000000002,4794171.093389997,,,,4380257.522296882,,,,,,4232522.180917736,,,,,4468983.598868205,291147.0637291807,4380257.522296882
federico alvarez__1994-08-07,Federico Álvarez,DEF,499999.99999999977,392068.71622328035,,,,,,,,,,,,,,,392068.71622328035,,392068.71622328035
federico artioli__2001-06-12,Federico Artioli,DEF,612499.9999999997,698865.6031796313,,699376.228396205,,,,711885.2726498998,633615.3382414302,,,,,,,659872.7854882912,680723.0455910915,32794.997552885055,698865.6031796313
federico baschirotto__1996-09-20,,,,,,6126158.087276534,,,5845347.368708624,,,,,,5958205.813155874,,,,5976570.423047011,141303.25222016938,5958205.813155874
federico bernardeschi__1994-02-16,,,,,,7650875.879588978,,,,,,,,,8320250.464526536,,,,7985563.172057757,473319.30816327763,7985563.172057757
federico bonazzoli__1997-05-21,,,,,,,,,,,,,,,,,2380486.771596819,,2380486.771596819,,2380486.771596819
federico bonini__2001-08-06,,,,,,,,2611764.169809091,,,,,,,3029959.5810163077,,,,2820861.8754126993,295708.8111257197,2820861.8754126993
federico ceccherini__1992-05-11,,,,,1039162.6577312498,,,,,,,,,,,,,,1039162.6577312498,,1039162.6577312498
federico chiesa__1997-10-25,Federico Chiesa,MID,20249999.999999974,23877444.913029503,25886700.746078096,,,,,,,,,,,,,20100045.404773235,23288063.68796028,2938004.8810563767,23877444.913029503
federico di francesco__1994-06-14,,,,,,,,1997192.2716882024,,,,,,,,,,,1997192.2716882024,,1997192.2716882024
federico dimarco__1997-11-10,,,,,,,,43077426.47072147,,44863151.625569165,,,,,37978409.70101774,,39319280.46521051,,41309567.06562972,3204743.371963308,41198353.46796599
federico gatti__1998-06-24,,,,,,25163553.691642262,23426287.109917402,,,,,,,,,,,,24294920.400779832,1228432.9806664218,24294920.400779832
federico gattoni__1999-02-16,Federico Gattoni,DEF,1899999.9999999993,1849441.3911831137,,,,,,,1625875.581333431,,1815999.4595183416,,1899581.67429045,,,,1797724.5265813342,119604.27219285049,1832720.4253507275
federico gino__1993-02-26,,,,,,,,651896.8776566987,,,,,672018.6863587284,,,,636598.0945828982,,653504.5528661084,17764.938646719736,651896.8776566987
federico ravaglia__1999-11-11,,,,,,,,,,,,,,,,1842942.7555183014,,1934121.9190546647,1888532.337286483,64473.40483947966,1888532.337286483
federico redondo__2003-01-18,,,,,,3524674.5117875612,,,,3182315.94385619,3629457.8035956384,,,,,,,,3445482.7530797967,233853.50471659552,3524674.5117875612
federico ricca__1994-12-01,,,,,,,,,,,,,,,1201860.3140170863,,,,1201860.3140170863,,1201860.3140170863
federico santander__1991-06-04,,,,,,,,,,,,,405566.79349252547,,417446.0528455871,,,,411506.4231690563,8399.904844023587,411506.4231690563
federico valverde__1998-07-22,Federico Valverde,DEF,113499999.99999997,105717687.6972488,,,,,,,,,,105389072.0265212,,,,,105553379.86188501,232366.36917564855,105553379.86188501
federico vinas__1998-06-30,Federico Viñas,MID,3350000.0000000014,2744120.3980097217,,2665961.104530978,,,2612735.379158166,2513751.937923313,2540010.783426322,,,,,,,3133827.8160260534,2701734.569845759,227681.26035568817,2639348.241844572
federico zuccon__2003-04-01,,,,,,,,,,1485509.603264671,,,,,,,,1378548.5550092978,1432029.0791369844,75632.88254419596,1432029.0791369844
fedor chalov__1998-04-10,,,,,2179889.000231393,2088862.3786970482,,2497966.588340423,,,,,,,,2237917.2309664655,,2306037.5073113414,2262134.5411093337,154044.04752734824,2237917.2309664655
felipe caicedo__1988-09-05,,,,,,,,,264786.425844391,,,,,,235112.65167339996,272870.0376608807,,,257589.70505955722,19880.886340730533,264786.425844391
felipe chavez__2007-04-10,,,,,,,,,,,572471.5820782903,,551311.7182796098,,,440954.66547977296,,,521579.321945891,70620.01403075719,551311.7182796098
felipe loyola__2000-11-09,Felipe Loyola,DEF,6549999.999999996,3416358.9996741065,,,,,,,3141854.3516992615,,,,,,,,3279106.675686684,194104.098050239,3279106.675686684
felix agu__1999-09-27,,,,,,,,,,,,6525624.157544438,,5949814.281196341,,,,6185384.583791409,6220274.340844062,289486.13919391297,6185384.583791409
felix beijmo__1998-01-31,,,,,,2646128.4364359574,,2417882.786502867,,,,2401268.3275143737,,2410335.837166768,2360186.882912436,,,2783283.9300243184,2503181.0334261204,170658.2203200068,2414109.3118348178
felix klaus__1992-09-13,,,,,,,,,,,,,,,1217315.1781828445,1225058.2354531134,,1073572.4175643604,1171981.9437334395,85313.04041346585,1217315.1781828445
felix lemarechal__2003-08-07,,,,,9683207.040967135,,,,,,,,,9555905.53878226,,,,,9619556.289874697,90015.75545015943,9619556.289874697
felix mambimbi__2001-01-18,,,,,,,,1281134.4983849493,,,,,,,,,,,1281134.4983849493,,1281134.4983849493
felix nmecha__2000-10-10,,,,,,,,,48993003.855435364,44563324.529465504,47381249.59422636,,,,41449748.87818805,,,,45596831.71432882,3315849.0884992387,45972287.06184593
felix passlack__1998-05-29,,,,,,,,,,,2337209.676933686,2377309.1339985286,2533464.5037365356,,,,,,2415994.438222917,103688.97642977402,2377309.1339985286
felix uduokhai__1997-09-09,,,,,,5362484.824834191,,,5583769.925004063,,,,,,5223652.074113126,,,,5389968.941317127,181625.2986968294,5362484.824834191
femi seriki__2002-04-28,,,,,,,3410954.2236535163,,2450167.4847632884,,,2459651.1033407096,,,,,,,2773590.9372525048,551993.1647169681,2459651.1033407096
ferdi kadoglu__1999-10-07,,,,,,,,,,,,,,,20409919.36105716,20073377.089958083,,,20241648.22550762,237971.32205007787,20241648.22550762
ferland mendy__1995-06-08,Ferland Mendy,DEF,15000000.00000001,18839557.066100396,,,17787649.301550522,,,,,,,,21510260.307728365,,,,19379155.558459762,1919070.8886194061,18839557.066100396
fernand goure__2002-04-12,,,,,,,,,,,,,,,710914.4502335904,,,,710914.4502335904,,710914.4502335904
fernando muslera__1986-06-16,,,,,,,,,1145622.6611447788,,,,,,1124655.7989184011,,,,1135139.23003159,14825.81046047575,1135139.23003159
fernando pacheco__1999-06-26,,,,,582425.0718988368,,,,,,,,,,,,,,582425.0718988368,,582425.0718988368
fernando zuqui__1991-11-27,,,,,,666398.2619379504,,,,,1019554.4002946696,,566928.8700922565,,734108.791578193,734458.3592948129,,,744289.7366395766,168445.02181245954,734108.791578193
festy ebosele__2002-08-02,,,,,2031622.5334276361,2469347.731798032,,,,,2180934.1002734643,,,,,,2336329.0256545637,,2254558.3477884238,189685.55593294086,2258631.562964014
fiacre kelleher__1996-03-10,Fiacre Kelleher,DEF,157500.00000000006,178584.08961188386,,,224037.3830671387,,,140055.68924919603,,,,,,,,,180892.3873094062,42038.40390438197,178584.08961188386
fidan aliti__1993-10-03,,,,,795491.1249667148,,,749368.115220597,,,,,,,,,,790844.0159087944,778567.7520320354,25394.152832669595,790844.0159087944
fikayo tomori__1997-12-19,Fikayo Tomori,DEF,33750000.00000005,26596899.900185995,,,,28455015.627682947,,,30789902.477295868,,,,,,,27714113.55627937,28388982.89036104,1773488.5815894145,28084564.591981158
filip bednarek__1992-09-26,,,,,306632.48747212044,291383.2252002793,,,,,,,,,,,316923.1533484982,,304979.62200696603,12849.93990797121,306632.48747212044
filip benkovic__1997-07-13,,,,,,,,1879889.0068846093,,,2040309.0001810521,,,2188863.4570118403,,,,,2036353.821359167,154525.19305113648,2040309.0001810521
filip bundgaard__2004-07-03,,,,,,,,1853838.0394706978,,,,1794980.7837933975,1813241.4517547265,1902208.9008242055,,,,1800509.613090055,1832955.7577866162,45043.23569275678,1813241.4517547265
filip kostic__1992-11-01,,,,,,11212988.408785945,,,,,11898303.129343906,,,,,,,,11555645.769064926,484590.68615349854,11555645.769064926
filip krastev__2001-10-15,,,,,,,,1831134.0083677513,1977688.9856039777,2001099.772614192,,,,,,,,,1936640.922195307,92118.39059694245,1977688.9856039777
filip krovinovic__1995-08-29,,,,,,,,,,,,,1814090.9371573883,,,1679879.4929424599,,,1746985.215049924,94901.82231721593,1746985.215049924
filip kurto__1991-06-14,Filip Kurto,GK,334999.9999999998,242060.52026870855,225514.52003192148,259252.94595685106,214651.15242896866,240526.07736976887,,,,,,,,,,,236401.04321124373,17050.140633162537,240526.07736976887
filip manojlovic__1996-04-25,,,,,,,,865151.3357127529,923276.4626168668,,929932.9306271023,,,958052.2619452168,,897344.221428537,,,914751.4424660951,35147.17788496929,923276.4626168668
filip marchwinski__2002-01-10,,,,,,,,,,,,,,,,1990393.8069797861,,,1990393.8069797861,,1990393.8069797861
filip marschall__2003-04-24,Filip Marschall,GK,1099999.9999999998,813960.3243248912,,,751159.0311283568,,,,,,,,800100.3776266944,,,744508.496552339,777432.0574080704,34748.620091528566,775629.7043775256
filip mladenovic__1991-08-15,,,,,,,786031.7473424249,,,914485.4857832717,,,,,,,,,850258.6165628483,90830.50952028586,850258.6165628483
filip stankovic__2002-02-25,,,,,,5096532.222708859,4450870.252732063,,,,,,,4769223.002290956,,,,3922108.8637521868,4559683.585371016,500151.67488205346,4610046.627511509
filip stojilkovic__2000-01-04,Filip Stojilković,FWD,1249999.999999999,1719456.4651421318,1633338.332660312,,,,,,,,,,,,1631808.7950577305,,1661534.5309533915,50167.69594512989,1633338.332660312
filip szymczak__2002-05-06,,,,,,,,,,,1071045.9053069928,,875533.2663537756,1079913.0158617382,1349099.7022767756,1180145.8398878607,1180607.5722984564,,1122724.2169976,157162.59023934614,1130029.4278747994
filip ugrinic__1999-01-05,,,,,4734412.572944822,4921679.609016276,,,5038792.879385867,,,,,4549615.767133539,,,,,4811125.207120125,214729.95460789735,4828046.090980548
filippo bandinelli__1995-03-29,Filippo Bandinelli,MID,2000000.0000000016,1429361.941774157,,,,,,,,1407888.628820872,1430350.5210251822,,,,,,1422533.6972067368,12692.629485409614,1429361.941774157
filippo delli carri__1999-05-03,Filippo Delli Carri,DEF,950000.0000000008,1200538.2763199015,,,1243647.000142509,,,,,,1279255.753996245,,,,,,1241147.0101528852,39418.24178464305,1243647.000142509
filippo distefano__2003-08-28,,,,,,1264253.5831402396,1356037.630470279,,1287887.9150905532,,1221026.5599784418,,,,,,,,1282301.4221698784,56416.813533709676,1276070.7491153963
filippo mane__2005-03-08,,,,,,,880869.5725514094,,,820054.8403284043,,,,,,,,798048.6026681395,832991.005182651,42899.14374382733,820054.8403284043
filippo melegoni__1999-02-18,Filippo Melegoni,MID,1024999.9999999995,697214.3214731733,,,,,,,639337.6536258964,666888.8783055019,,,659059.6965361625,692795.1308722447,,676447.8640293542,671957.2574737222,21671.990668153732,671668.3711674281
filippo missori__2004-03-24,,,,,,,,,,1145647.7619150677,,,,1085733.2510274372,1330752.3109095232,,,1076406.8079627187,1159635.0329536868,118131.5331500512,1115690.5064712525
filippo oliana__1999-06-30,Filippo Oliana,DEF,737500.0000000005,935339.3258892905,,,927523.4595243778,,,927673.4079502528,944546.7078553542,935469.0439959506,899381.7946876506,932702.098323869,,,,,928947.976889535,14251.318064366453,932702.098323869
filippo ranocchia__2001-05-14,,,,,,,,,,3314188.9131057924,,,2874058.4170382773,,,,3150344.838664188,,3112864.05626942,222446.2186211585,3150344.838664188
filippo romagna__1997-05-26,Filippo Romagna,DEF,1099999.9999999998,1531286.1613678113,,,,1614124.8856371376,,1408969.6041668872,,1331600.1208816068,,1479526.8621968792,,,,,1473101.5268500645,108914.9619542256,1479526.8621968792
filippo terracciano__2003-02-08,,,,,,,,,,,,,,,5538910.491546595,,,,5538910.491546595,,5538910.491546595
findlay curtis__2006-10-01,,,,,920680.3505312077,960000.4620800515,,,,,866675.1083198849,,937503.2037247968,,,,,993682.089552918,935708.2428417718,47290.886838255006,937503.2037247968
finlay pollock__2004-06-27,,,,,,320571.12499602465,,326438.51129152346,331816.93770063884,335969.09704353526,,,,320715.4181406565,,,,,327102.21783447574,6795.899879578854,326438.51129152346
finlay robertson__2002-11-12,,,,,,532628.305083792,,488386.7203160018,,,,,,511409.45147106977,462027.83561077225,,,,498613.0781204089,30352.60120501837,499898.08589353575
finley burns__2003-06-17,Finley Burns,DEF,749999.9999999998,835938.0652729635,,,,900002.7244306147,,,,,,891576.1779718617,,841969.7378718496,,,867371.6763868224,33085.61410135946,866772.9579218556
finley munroe__2005-02-08,,,,,,1112502.9228462412,987930.507303402,,,1026933.3412678107,,,987292.4701632741,,,,912370.2206633019,,1005405.892448806,72839.42330575228,987930.507303402
finn dahmen__1998-03-27,Finn Dahmen,GK,7750000.000000002,4972557.832941177,,,,,,5450932.776085952,,,,,5138471.8514036685,5307530.391313112,4788022.286365524,,5131503.027621887,262827.01345319784,5138471.8514036685
finn jeltsch__2006-07-17,,,,,,,,6911989.745948878,,,,7970301.493362382,,,7927186.063324037,,,,7603159.100878432,598958.298191243,7927186.063324037
finn porath__1997-02-23,Finn Porath,DEF,1099999.9999999998,1608959.9492534245,,,1013827.9986610132,,,,,1606975.1832097152,,,,,,,1409921.0437080509,343028.07476216595,1606975.1832097152
finn stokkers__1996-04-18,Finn Stokkers,FWD,562500.0000000003,666632.4950146232,,,,,,,,,,,,,,,666632.4950146232,,666632.4950146232
finn yeats__2004-04-19,,,,,,,,,,,,,,226879.88071569783,,,236947.4913533076,181629.12843096498,215152.16683332346,29464.97537385921,226879.88071569783
fisayo delebashiru__2001-02-06,,,,,,4645304.938421865,,,4941113.461705024,,,,,4494368.577107956,,,,,4693595.659078281,227253.69799972256,4645304.938421865
fisnik asllani__2002-08-08,,,,,,,,,,,,,,,,13677897.315502064,,,13677897.315502064,,13677897.315502064
flavio paoletti__2003-01-16,,,,,,,,,564727.1563844963,,,,,,,,,,564727.1563844963,,564727.1563844963
flavius daniliuc__2001-04-27,,,,,,3789011.669952571,,3579234.025667507,,,,,3591860.404064264,,3551899.522948694,,,,3628001.405658259,108628.15949750184,3585547.2148658857
florent hadergjonaj__1994-07-31,,,,,1090517.1980134386,,,1173138.2584635203,,,,,,,,,,,1131827.7282384795,58421.91211307645,1131827.7282384795
florent hanin__1990-02-04,,,,,,,,,,564676.618986413,573724.5816258877,,570199.9740920301,527505.478903495,,,,,559026.6634019564,21341.49902722128,567438.2965392215
florent mollet__1991-11-19,,,,,,,,,,,,,,,,,686019.1488611603,,686019.1488611603,,686019.1488611603
florent muslija__1998-07-06,Florent Muslija,MID,2649999.999999999,2536024.164053531,,2480524.018958405,,,,,,,,2626514.3714314136,,2623943.0142129627,,,2566751.392164078,71231.58887459608,2579983.589133247
florent poulolo__1997-01-02,,,,,975975.8677329628,,992253.7669577256,,,,,,,919905.3067637585,,,906569.3843375291,,948676.081447994,41813.17345475995,947940.5872483607
florian aye__1997-01-19,,,,,,,,,1897027.1913513052,,,,,2038393.380340317,,,,,1967710.285845811,99960.99086462929,1967710.285845811
florian escales__1996-02-03,,,,,,1114851.1243938485,,1026423.158566435,,,,,,,,,,1063327.6690678073,1068200.6506760304,44414.92707873234,1063327.6690678073
florian flecker__1995-10-29,,,,,,616876.214570757,,,,,,,,,647312.8440849946,,,,632094.5293278758,21521.947125980045,632094.5293278758
florian flick__2000-05-01,Florian Flick,DEF,1299999.9999999993,831417.5744561673,,,,811351.314340477,,,,,,,,,865523.3748229324,,836097.4212065255,27387.565763204133,831417.5744561673
florian grillitsch__1995-08-07,,,,,,,,,,4927225.974427723,3847922.209548498,4594232.297058633,,,,4453441.025323789,,3695434.30544174,4303651.162360077,518009.78962876444,4453441.025323789
florian hellstern__2007-10-18,Florian Hellstern,GK,1150000.0000000005,693986.8635391531,,,725435.3062703199,,,,,,,,,,,,709711.0849047365,22237.40711296478,709711.0849047365
florian hubner__1991-03-01,Florian Hübner,DEF,255000.0000000001,236250.87214240283,,,,,,,,,,,,203609.87560096846,,,219930.37387168565,23080.66999913489,219930.37387168565
florian kastenmeier__1997-06-28,,,,,,,,,,,,,,,,,1547501.821426464,1546712.7902928004,1547107.3058596323,557.9292651808463,1547107.3058596323
florian kruger__1999-02-13,Florian Krüger,MID,787499.9999999994,656887.5243816708,,,804781.957586278,761261.2932555481,,699143.694839295,704905.0607667972,671820.0870663304,,,688826.6555155254,,,,712518.0390587777,52341.38758721185,699143.694839295
florian le joncour__1995-02-03,,,,,,,,,,1116201.589870695,,,,,,,1131253.1015519763,1126792.9226635029,1124749.2046953912,7731.0793763111005,1126792.9226635029
florian lejeune__1991-05-20,Florian Lejeune,DEF,3299999.9999999986,4005834.379245566,,,,,,3982264.9579175073,,4407721.550329362,,,,3923725.080505482,,,4079886.49199948,221265.97210129342,3994049.668581537
florian miguel__1996-09-01,,,,,,,,1657617.8151072103,,,,,,,,,1701219.267378098,,1679418.5412426542,30830.88257032635,1679418.5412426542
florian neuhaus__1997-03-16,,,,,,,3820060.0401758603,,,,,,,5265889.559553782,,4955187.69902998,,,4680379.099586541,761081.8448249812,4955187.69902998
florian niederlechner__1990-10-24,,,,,,,,,,,,,574580.9537423674,,,,,,574580.9537423674,,574580.9537423674
florian sotoca__1990-10-25,,,,,,1722588.6979277679,1611030.524957927,1760698.442816669,,,,,,,,1531093.1462296366,,,1656352.702983,104911.54500616938,1666809.6114428474
florian stritzel__1994-01-31,Florian Stritzel,GK,575000.0000000001,592837.1913592516,,,,,,,,,,,,,,635724.6696096308,614280.9304844412,30326.026698833706,614280.9304844412
florian tardieu__1992-04-22,Florian Tardieu,MID,1350000.0,1186053.680855211,,1076516.671974429,,,1196215.1605707726,,,,,,1228053.918026475,,,,1171709.8578567219,65935.95598294048,1191134.4207129919
florian thauvin__1993-01-26,Florian Thauvin,MID,8499999.999999998,9159119.159567662,,,7086022.6193231465,,9152383.798477711,,,,,,,,,,8465841.85912284,1194963.2597545858,9152383.798477711
florian wirtz__2003-05-03,,,,,,,,,,,145224623.49018204,133951562.96219169,,,,,138300945.4574431,,139159043.96993896,5685307.661841551,138300945.4574431
flynn downes__1999-01-20,,,,,,,,,,6479338.838446782,,,7115986.416128609,5693962.972423705,,,,,6429762.742333032,712306.8233500213,6479338.838446782
fode ballotoure__1997-01-03,,,,,,,2185193.367558964,,,,,,,,,,2167508.7044596295,,2176351.036009297,12504.945200538985,2176351.036009297
fode doucoure__2001-02-03,,,,,,,,,,,2382297.838036334,2268755.80420925,,,2345676.289273079,2332502.2202372784,,,2332308.037938985,47316.71436997103,2339089.2547551785
fode sylla__2006-04-16,,,,,,,,,1390530.2610205968,1402539.3690445025,,1512765.8443046608,,,1369476.9199493804,,,,1418828.0985797853,64098.697918343874,1396534.8150325497
folarin balogun__2001-07-03,,,,,,,14702026.858829267,,15557389.45892895,,,16092532.321855843,14243550.352760158,,,,15404568.43609297,,15200013.485693436,729548.2492748129,15404568.43609297
formose mendy__2001-01-02,,,,,,2852545.416857008,,,,3088375.440763246,,,,,,,,2760758.125451157,2900559.6610238035,169003.85219058374,2852545.416857008
fotis ioannidis__2000-01-10,,,,,,,,,14435281.855142765,,,,12868863.535526717,14078579.631424606,14539360.273585267,13792100.991926717,13676862.180041796,12189248.894518139,13654328.194595143,852062.2916157064,13792100.991926717
fousseni diabate__1995-10-18,,,,,,,,,,,,,1519410.3246764569,,,1220017.382261417,,,1369713.8534689369,211702.77982106814,1369713.8534689369
francesco acerbi__1988-02-10,,,,,,,,,9449789.31272985,,,,,,,,,9060499.358203204,9255144.335466526,275269.56669359416,9255144.335466526
francesco bardi__1992-01-18,Francesco Bardi,GK,575000.0000000001,693445.0275872621,,,635084.1369392548,722585.2713756886,,,659100.503938507,727014.4781503674,,726397.8085763486,,,,,693937.8710945714,39105.06383481499,708015.1494814754
francesco camarda__2008-03-10,,,,,,,,,,,,,3024589.5878913403,2535990.9924081364,3140128.0214792215,,,,2900236.200592899,320691.7697309308,3024589.5878913403
francesco cassata__1997-07-16,,,,,670310.3038327657,707546.4232695316,,,,,,,,,,,649972.1249919764,,675942.9506980913,29197.516821988796,670310.3038327657
francesco di mariano__1996-04-20,,,,,,,1376640.2680471062,,,,,,,1475257.9338856644,,,,,1425949.1009663853,69733.22025923345,1425949.1009663853
francesco folino__2002-01-23,Francesco Folino,DEF,950000.0000000008,1120742.9855363513,,,,,,1174452.689981144,,,990511.3592204528,,,1080306.0180585883,,,1091503.2631991343,77589.3285914118,1100524.5017974698
francesco gelli__1996-10-15,,,,,,,,943426.0391111759,,,,,,,,,,805227.2771137919,874326.6581124839,97721.28175993598,874326.6581124839
francesco rossi__1991-04-27,Francesco Rossi,GK,84999.99999999996,170039.86712603422,,,,128429.0745228611,,,128394.97318878495,148938.95913973998,,,131630.72025055805,,,124462.0477011242,138649.2736548504,17614.696173070522,130029.89738670958
francesco ruberto__1993-03-19,,,,,,,,249378.83668226088,,,,,,,241108.36886035049,258556.80828460128,,,249681.3379424042,8728.152143766092,249378.83668226088
francesco vicari__1994-08-03,,,,,,,,,,,,,,,,840518.6181322823,830830.3979122187,,835674.5080222505,6850.6062152355835,835674.5080222505
francesco zampano__1993-09-30,,,,,1205217.6367225691,,,,1135087.6085691757,1224254.7730282147,,,,1235895.4628753043,1246728.0000526805,,1231417.8553899967,,1213100.2227729901,40641.14459494969,1227836.3142091057
franci bouebari__2003-09-12,,,,,,,490695.74375193194,,,,,,,,,,450539.76255670335,,470617.7531543176,28394.566608345616,470617.7531543176
francis coquelin__1991-05-13,,,,,1801897.111828863,,,,,,1797561.3650369856,,,,,,1952278.4637565848,,1850578.9802074777,88101.01242708358,1801897.111828863
francisco calvo__1992-07-08,,,,,,,440827.6660890523,,,565237.948951471,,,,,,574259.2109919867,609726.8793167364,477485.0237225305,533507.3458143554,71072.12284849538,565237.948951471
francisco ortega__1999-03-19,,,,,,,2913390.054632489,,,,,,,3718262.453138026,,,,,3315826.2538852575,569130.7309731463,3315826.2538852575
francisco petrasso__2002-01-28,,,,,1392880.7688632165,,,,,,1353720.555239179,,,,,,1506896.6525227812,,1417832.6588750586,79578.11763375156,1392880.7688632165
francisco sierralta__1997-05-06,,,,,,1682170.7195068384,,1616398.6129715566,,1627563.4727398497,,,,,,1749439.5168530678,,,1668893.0805178282,60903.830491131375,1654867.096123344
francisco trincao__1999-12-29,Francisco Trincão,MID,30499999.999999948,32952338.090618014,,,,,,,,,,,,30645341.20397091,28603933.839299962,,30733871.04462963,2175553.500315614,30645341.20397091
franck honorat__1996-08-11,,,,,,,,,,,,,,,,,,24308452.80851946,24308452.80851946,,24308452.80851946
franck surdez__2002-05-05,Franck Surdez,MID,1749999.9999999998,2082436.5416262548,,,,,,2246557.1546341535,,,,,,,,,2164496.8481302042,116050.79839037826,2164496.8481302042
franco baldassarra__1998-09-29,,,,,,652566.6334459293,,641163.8540448272,,657683.085094364,,,,,,,,,650471.1908617067,8456.619202425116,652566.6334459293
franco carboni__2003-04-04,,,,,,,,,745589.5484303017,,674493.846811413,,,,,,,,710041.6976208573,50272.25272793165,710041.6976208573
franco cervi__1994-05-26,,,,,,,,2047656.1868195466,,,,,,,,,,,2047656.1868195466,,2047656.1868195466
franco fragapane__1993-02-06,,,,,,,,1271351.9010335708,1356271.376555537,,,,,1313604.7287922925,,,1115076.2572675126,,1264076.0659122283,105209.22726354712,1292478.3149129315
franco israel__2000-04-22,,,,,,,,5552902.754123928,,,,,,,,,,,5552902.754123928,,5552902.754123928
franco jara__1988-07-15,Franco Jara,FWD,600000.0000000003,625894.1620992041,,,,,,,651994.0208256601,,,,653707.4889474458,,,,643865.2239574367,15586.959019815531,651994.0208256601
franco mastantuono__2007-08-14,Franco Mastantuono,MID,36000000.000000045,25395073.933374386,24177340.980194107,,21197829.292836852,,22803731.423396602,,,,19106219.927705932,,,22979688.13061808,,21559030.524095822,22459844.887460258,2065785.0637063177,22803731.423396602
franco orozco__2002-01-09,,,,,,,,,,,,1771771.1371111001,,1592414.2711917285,,1833445.6495458095,1725802.9228533015,,1730858.4951754848,102290.97463921568,1748787.0299822008
franco tongya__2002-03-13,,,,,,,,,,,832652.7643279112,,,1151040.4842775722,,1211697.4485812047,,754672.8208131982,987515.8794999715,227446.80455203968,991846.6243027417
franco umeh__2005-01-26,,,,,,682928.0779257431,,676222.1524287384,727194.790122307,,,,676421.7180562728,677997.8811814097,646172.52927485,,,,681156.1914982202,26089.398888090982,677209.7996188413
franco vazquez__1989-02-22,Franco Vázquez,MID,1450000.0000000002,1172453.340622818,,,1172530.9483779583,,,,,1161495.4563799147,,996197.1761690729,,,1158610.1447601793,,1132257.4132619887,76320.6851837957,1161495.4563799147
franjo ivanovic__2003-10-01,,,,,,,,,,,,,,,,,9763842.188989706,,9763842.188989706,,9763842.188989706
franjo prce__1996-01-07,,,,,,501021.78075417364,,,553167.3266499044,,,,,,573407.4829020404,598284.4999621942,,,556470.2725670781,41314.82140281193,563287.4047759724
frank feller__2004-01-07,,,,,,,,1866726.3721313719,1960109.0336135118,,,,,,,1859260.0787750396,,,1895365.161506641,56193.977574681674,1866726.3721313719
frank magri__1999-09-04,Frank Magri,FWD,3049999.999999998,3016631.1591385845,,,,3724440.0677241683,,,,,3600101.0482799136,,,,,4661687.230435645,3750714.876394578,681205.8975467748,3662270.5580020407
frank onyeka__1998-01-01,,,,,,7466496.464952326,6885598.618474411,,7316567.475911924,,6106925.077668274,7915480.538742596,,,,,,,7138213.635149906,683939.687348366,7316567.475911924
frank tsadjout__1999-07-28,Frank Tsadjout,FWD,1350000.0,1330530.4605731159,,,,,,,,1380839.8568711674,1590917.9994673466,1325283.2666605983,1543688.8188981104,1351773.5968579971,1363464.1452418412,,1412356.8777957396,108369.4953017008,1363464.1452418412
frankie kent__1995-11-21,Frankie Kent,DEF,1249999.999999999,1394018.7960229996,,,,1759027.8723594162,,,,1373846.8656135185,,,,,,,1508964.511331978,216795.96419298352,1394018.7960229996
frantzdy pierrot__1995-03-29,,,,,,,,,,1647067.601943567,,1578271.9803415255,,,,1466360.9544519116,1545292.6395267665,1635467.627796256,1574492.1608120054,73390.15447803648,1578271.9803415255
franz stolz__2001-02-14,,,,,,,,771128.7701809052,918935.0625316055,,,784049.0799795345,,,,,795134.4495648723,,817311.8405642293,68455.34589865805,789591.7647722034
fraser forster__1988-03-17,,,,,,,,407390.6595166678,,,444126.1887608818,,,,,,,,425758.42413877475,25975.941839060448,425758.42413877475
fraser hornby__1999-09-13,,,,,,,2204175.059431221,2274884.51500283,,,,,,,,2238195.209640341,,2412882.892950528,2282534.41925623,91570.3744141926,2256539.8623215854
fraser murray__1999-05-07,,,,,510952.783222003,524075.5541374789,,,,549111.3610639732,,,511988.38498094206,,,576740.8930340941,,,534573.7952876983,28141.03315460376,524075.5541374789
fraser taylor__2003-02-20,,,,,,,,,,,,228230.88141893147,,,,,222009.23686159618,,225120.05914026382,4399.367056624164,225120.05914026382
fratcan uzum__1999-06-04,,,,,,432120.7943357707,,397983.07408472506,,,,,,,437222.4589242903,,,450623.8500816317,429487.54435660446,22405.6389898892,434671.6266300305
freddie ladapo__1993-02-01,,,,,,,,,,,,,,429189.81512441556,,,,385759.89354554977,407474.8543349827,30709.59205481597,407474.8543349827
freddie potts__2003-09-12,,,,,,9009383.389442367,,,,10025913.528574415,,,,,,,,,9517648.459008392,718795.3546607752,9517648.459008392
freddie woodman__1997-03-04,,,,,1361258.2504890296,,1242740.119247066,1315697.0912812215,,,1399261.2260857148,1527890.189947472,,,,,,,1369369.375410101,106070.5476627521,1361258.2504890296
frederic guilbert__1994-12-24,,,,,,,,,,,,,,,,,,3897783.0825142283,3897783.0825142283,,3897783.0825142283
frederik alves__1999-11-08,,,,,,,,,,,1544713.9959047958,,,,1500724.00636179,1482442.8402541587,,,1509293.6141735816,32007.855911516584,1500724.00636179
frederik carstensen__2002-04-09,,,,,,,,942360.3926108473,,941044.4005910469,,,,,969483.8046197959,,,,950962.8659405634,16053.09427864184,942360.3926108473
frederik christensen__2002-06-07,,,,,,660439.9659231971,,677937.9830194651,,,,,,,,,748003.1015657091,651621.5641327974,684500.6536602922,43724.824217139234,669188.9744713311
frederik ihler__2003-06-25,,,,,965385.7920438912,,,,,,1090020.2859979172,1050003.4724634548,,1016148.8106173471,,,,1075821.589662008,1039475.9901569237,50050.15257434344,1050003.4724634548
frederik jakel__2001-03-07,,,,,,,,,,1351934.8299747393,1312658.126016343,,,,1401778.4452034864,1297715.2427441222,,,1341021.6609846726,46513.1524866619,1332296.4779955412
frederik lauenborg__1997-05-18,Frederik Lauenborg,MID,575000.0000000001,728182.3956785919,,,,,,,597431.1460727793,,,,,,,,662806.7708756856,92455.09524488499,662806.7708756856
frederik rieper__1999-06-19,,,,,,,,,,546862.3563845443,,,,,593322.2916826418,,,,570092.3240335931,32852.13530277302,570092.3240335931
frederik tingager__1993-02-22,Frederik Tingager,DEF,925000.0000000007,1573531.356356929,,,,,,,,,,1455785.7126509107,1375114.6570414645,,1351809.6402908915,,1439060.341585049,100106.48879924463,1415450.1848461875
fredrik aursnes__1995-12-10,,,,,14964182.407421984,,,,16396349.510877723,,,,,15894044.72343385,,,,,15751525.547244519,726642.5804626816,15894044.72343385
fredrik carlsen__2001-12-01,,,,,1179579.9575423072,,,,,,,,,,1150777.0584412185,,1179834.6229111701,1081365.676483935,1147889.3288446576,46398.753811862174,1165178.5079917628
fredrik hammar__2001-02-26,,,,,,2459307.296650189,,2298556.3820994445,2225464.5390701666,,,2252273.1146662002,,,,,,,2308900.3331215,104717.75653254453,2275414.7483828226
fredrik jensen__1997-09-09,,,,,,,,,,,1928636.977145818,,,,,2065135.1782644785,,,1996886.0777051481,96518.80363076997,1996886.0777051481
fredrik oldrup jensen__1993-05-18,,,,,,,,,,,415973.0182940065,376784.36449931766,,408422.33256618597,,353024.808951376,,,388551.13107772154,29139.8976584414,392603.3485327518
fredrik oppegard__2002-08-07,Fredrik Oppegård,DEF,1400000.0000000007,1752536.844707335,1754383.5161114084,1801137.658907521,1641232.6722849398,,,,,,,,,,,1580541.153049956,1705966.3690122322,91504.83600770673,1752536.844707335
frenkie de jong__1997-05-12,Frenkie de Jong,MID,62250000.00000009,73658709.51477419,,,,,,,,,,,,,,,73658709.51477419,,73658709.51477419
friday etim__2002-05-21,,,,,646620.9323267633,,,,,,,,,,,,,658234.923219406,652427.9277730847,8212.3317168265,652427.9277730847
furkan bayr__2000-02-09,Furkan Bayır,DEF,1699999.9999999988,973657.6197129204,,,,971138.0734891938,1004328.128277771,,,,,,,,,,983041.2738266283,18477.95057931127,973657.6197129204
furkan beklevic__1999-01-31,,,,,,,,,137017.96379230524,,,,139157.44571547766,,,,,,138087.70475389145,1512.8421761012578,138087.70475389145
furkan gedik__2002-07-12,,,,,,499823.3587404986,,,,590621.470498093,,,,511247.07013809803,481861.34176524327,,,,520888.31028548325,48036.45698942077,505535.2144392983
furkan malak__2005-01-14,,,,,,,,,200617.41354662212,,,,,224145.8522574728,,,,,212381.63290204748,16637.118563174594,212381.63290204748
furkan orak__2001-05-28,,,,,214685.15104950473,,,200283.28360705153,260877.7350663941,,223409.13017234107,,,,,,,,224813.82497382286,25864.494800545996,219047.14061092288
furkan soyalp__1995-06-12,,,,,1050888.965197204,,,,,1093355.44806523,1236412.0441052592,,,,,,1061607.7223792414,1148081.8702328457,1118069.209995956,76186.68037032183,1093355.44806523
fynn otto__2002-03-08,Fynn Otto,DEF,800000.0000000005,916373.5044795027,,876505.2516138282,,807956.6737609706,871666.9511595012,,885002.856146901,,,,871197.8009712872,,,,871450.5063553319,35380.41797619339,874086.1013866647
fynn schenten__2007-09-14,Fynn Schenten,FWD,687500.0000000002,391888.66978065635,,,,423655.56378145615,,,,360032.14040332334,,436015.99728357844,,385045.7428162054,,,399327.62281304394,30583.208584644708,391888.66978065635
gabin bernardeau__2006-01-24,,,,,,,,1597228.0430362565,,,,,,,,,,1614782.1680547893,1606005.1055455229,12412.64083840101,1606005.1055455229
gabriel gudmundsson__1999-04-29,Gabriel Gudmundsson,DEF,13249999.99999999,14839564.110033438,,13030417.372541284,,,,,,,13421053.603205498,14047183.958795685,,,,,13834554.761143975,790121.3228389776,13734118.781000592
gabriel haider__2002-06-18,,,,,288253.621536053,,,,,,276646.88269104337,,,,,,291858.6558294878,278521.075383947,283820.0588601328,7389.38882160806,283387.34846
gabriel iancu__1994-04-15,,,,,,,387938.9436665252,,,,,445070.4160375468,,,,446321.48858849244,,410707.7473827519,422509.6489188291,28345.549109443986,427889.08171014936
gabriel osho__1998-08-14,,,,,,,,,,,,,2372722.5735343574,,,,2594914.348837408,,2483818.461185883,157113.31104066462,2483818.461185883
gabriel reiziger__2005-10-10,Gabriël Reiziger,MID,375000.00000000006,406640.90072388935,,,363820.6661078201,,,,451968.25743435015,,,429456.5534052438,413400.22703122476,437731.00164919137,431884.56379717524,,419271.7385926992,28698.010100480573,429456.5534052438
gabriel slonina__2004-05-15,,,,,2011743.119054328,,,,,,,,2641314.76988755,,2862677.4266917096,,,,2505245.105211196,441484.44390762976,2641314.76988755
gabriel suazo__1997-08-09,,,,,5056669.444334271,,,,,,,4887458.07556458,,,,,,4041045.153046913,4661724.224315255,544141.5293497884,4887458.07556458
gabriel vidovic__2003-12-01,Gabriel Vidović,MID,2599999.9999999986,2342475.6490862276,,2522350.7961534383,,2596770.674833013,,2436318.152546911,,,,,2448618.9746995796,,2531879.6097077173,,2479735.6428378145,89359.80603272618,2485484.885426509
gabriele artistico__2002-07-14,,,,,,,,,887474.9375856762,,,,,,,,,,887474.9375856762,,887474.9375856762
gabriele corbo__2000-01-11,,,,,,,,,,,808000.5572610854,,,,,,,,808000.5572610854,,808000.5572610854
gabriele guarino__2004-04-14,,,,,1255438.5483132417,,,,,,,1128283.4925729078,,,1059982.2516883581,1076687.2810084028,,,1130097.8933957277,88473.10053178585,1102485.3867906553
gabriele moncini__1996-04-26,,,,,,,,,1525330.1492378956,,,,,,,,,1598377.746304197,1561853.9477710463,51652.45123496426,1561853.9477710463
gabriele piccinini__2001-04-06,,,,,,,,,,,1699095.4648835624,,,,,,1888752.1253056459,,1793923.7950946041,134107.5106816495,1793923.7950946041
gabriele zappa__1999-12-22,,,,,,,,,5007269.868096355,,,,,4628077.033273617,,,4998131.539003316,,4877826.146791096,216337.3339063978,4998131.539003316
gaby jean__2000-02-19,,,,,1891698.368030264,,,,,,,2128932.756792175,,,,,,,2010315.5624112196,167750.045024193,2010315.5624112196
gael ondoua__1995-11-04,,,,,700174.2994502716,608095.371730326,,,,,,,648973.1323682022,,624922.6452512257,,,,645541.3622000064,40099.32904654006,636947.888809714
gaetan coucke__1998-11-03,Gaëtan Coucke,GK,1899999.9999999993,983853.4829334185,,,,,1029196.0824878715,1031248.5529695512,975955.1847029065,,995577.5741255834,,,,,,1003166.1754438663,25676.745156318953,995577.5741255834
gaetan paquiez__1994-02-15,,,,,,,,,,645221.4641877571,,633266.2917775871,488211.57346536807,,,,,,588899.776476904,87403.18761983709,633266.2917775871
gaetano castrovilli__1997-02-17,,,,,2946516.7440686272,3183674.500595551,3697071.2855488965,,3194124.7579207,,,,,3159798.090744756,3202352.8152690004,,,,3230589.6990245883,248049.19491264827,3188899.6292581256
gaetano letizia__1990-06-29,,,,,,,,,,,527220.4878968785,,,,,,,,527220.4878968785,,527220.4878968785
gaetano oristanio__2002-09-28,,,,,,,,,,,,,,,,6036395.107986684,5732328.662327336,,5884361.88515701,215007.4456570157,5884361.88515701
gaius makouta__1997-07-25,,,,,,,,,,,2446161.21260884,,,,,,,,2446161.21260884,,2446161.21260884
gaizka larrazabal__1997-12-17,,,,,,,,,,1829142.3713400436,1591959.6057668566,,,,1860869.339384812,1876160.4284747697,,,1789532.9362416205,133163.22451252412,1845005.855362428
gaoussou diarra__2002-11-21,,,,,,,,,4069449.525958949,3763182.9177942583,,,,3885826.546384521,,,3881212.256651747,3034689.3498302214,3726872.119323939,402144.91414129507,3881212.256651747
garang kuol__2004-09-15,,,,,,,903770.6975078924,,913117.5487471707,,939264.6524104134,,,,,,,,918717.6328884922,18397.71495180742,913117.5487471707
gary magnee__1999-10-12,Gary Magnée,DEF,2150000.0,2434082.5557773644,,,2941653.1909562196,,,,,,2558895.651022699,,,,,,2644877.1325854273,264483.64562437125,2558895.651022699
gary oliver__1995-07-14,Gary Oliver,FWD,117499.99999999996,127654.59060820664,133483.73535049811,,173815.12992458107,,164653.51465638747,,,,160819.7067871308,,,,,,152085.33546536084,20305.868356911615,160819.7067871308
gaston alvarez__2000-03-24,,,,,8199318.604660918,9239403.526774673,10616687.638956347,,,,,,,,,8682042.848608982,,,9184363.15475023,1045182.8111597515,8960723.187691826
gaston avila__2001-09-30,Gastón Ávila,DEF,3799999.9999999995,1961208.2866197147,,,,,,,1859783.520330646,,,,1965429.533090893,,1967212.9150445696,1949246.72800237,1940576.1966176387,45704.26921079296,1961208.2866197147
gaston campi__1991-04-06,,,,,,,526983.7455151842,,,,,,520803.3074520275,,,,,,523893.52648360585,4370.229665161577,523893.52648360585
gauthier gallon__1993-04-23,,,,,,,,,969816.2800177751,,,,,,,,991642.0725567341,,980729.1762872546,15433.165909068628,980729.1762872546
gauthier hein__1996-08-07,,,,,,,,6695998.598135207,,,8456893.29631057,,,,,,8258136.626162236,7172368.971556858,7645849.373041217,848349.00659771,7715252.798859547
gautier larsonneur__1997-02-23,,,,,,,,,3264270.658774801,,2819576.0777273444,,,,3210089.1594583252,3325973.0469272635,,,3154977.2357219337,228557.710213722,3237179.9091165634
gautier lloris__1995-07-18,,,,,,,,,3466004.992452486,3249623.31036308,,,,,,3422674.081260091,,,3379434.128025219,114488.11402401407,3422674.081260091
gavin bazunu__2002-02-20,,,,,3281814.744565835,,,3645458.942723023,,,3188913.586510866,3180947.7351230043,3328303.058839507,3498754.054328214,2665005.5475994647,,,,3255599.6670985594,309814.10624099936,3281814.744565835
gavin beavers__2005-04-29,Gavin Beavers,GK,462500.00000000006,371239.6007997473,,,,366748.825445994,,,,,,,,,394912.47805500193,,377633.6347669144,15131.443581171803,371239.6007997473
gavin kilkenny__2000-02-01,Gavin Kilkenny,MID,462500.00000000006,504462.14125794114,,,,,599672.2320320129,,,,470722.99630807526,,494756.3252980412,,,,517403.4237240176,56649.76311552525,499609.2332779912
gavin molloy__2001-10-19,,,,,,,,,,,,,821276.809688497,,979501.3154520164,986216.8849085559,951499.8821650877,,934623.7230535393,77045.83087449205,965500.5988085521
gennaro borrelli__2000-03-10,,,,,,,,,,,,,,,,,1663409.775325415,,1663409.775325415,,1663409.775325415
gennaro tutino__1996-08-20,,,,,,,,,,,,,1867216.96728016,,,1810103.0132123174,1911795.2603311166,,1863038.4136078646,50974.73407593141,1867216.96728016
geoffrey kondo__2002-05-02,Geoffrey Kondo,DEF,800000.0000000005,909496.487682474,,,,,,,,928507.2200686582,,,,,896005.31700138,,911336.3415841707,16328.876952606963,909496.487682474
geoffrey kondogbia__1993-02-15,Geoffrey Kondogbia,DEF,8249999.9999999935,6925441.927524505,,,,5825494.924057577,,7557542.727773863,,,,,,,7558974.144643211,,6966863.430999789,817299.402185532,7241492.327649184
geoffrey lembet__1988-09-23,,,,,,132205.45300517083,,,,,132058.70327488633,,123051.0588867397,109478.83324168737,,115054.4866611929,125003.95044951652,135445.68302836252,124614.02407822233,9604.092332239057,125003.95044951652
geoffry hairemans__1991-10-21,,,,,,,,1056765.1290152608,,,,,,,,964762.5161666084,,,1010763.8225909346,65055.6714321627,1010763.8225909346
george broadbent__2000-09-30,,,,,,424153.24450214085,,,,,,,,,,,,,424153.24450214085,,424153.24450214085
george byers__1996-05-29,,,,,608126.7209568747,,,,602313.0666984789,628483.4039268894,,,,,583086.7379785727,,,,605502.482390204,18687.31613253844,605219.8938276768
george dobson__1997-11-15,George Dobson,MID,1075000.0,1428903.6617763098,,,,,,,,,,,,,,1645196.477449057,1537050.0696126833,152942.11668413144,1537050.0696126833
george earthy__2004-09-05,George Earthy,MID,1600000.0000000012,2092838.8177492546,,,,1813217.9146281618,,,2034129.71403581,,,,,,,,1980062.1488044087,147443.00109907816,2034129.71403581
george edmundson__1997-08-15,,,,,,,,2338080.7101896727,,,,,,2117338.117407463,,,,,2227709.413798568,156088.58425300106,2227709.413798568
george evans__1994-12-13,,,,,,,379007.78227614315,430976.06585520407,,,,,,455848.7334974101,,,,420039.6641013244,421468.0614325204,32027.844056427475,425507.8649782642
george harmon__2000-12-08,,,,,,,,,,,,397175.6109546591,,,,,,,397175.6109546591,,397175.6109546591
george hirst__1999-02-15,George Hirst,FWD,2349999.999999999,3976875.661399108,,,,,,,,3588321.0776179675,,3560208.4641802753,,,3452523.5488313553,,3644482.1880071764,229194.00163441413,3574264.7708991216
george ilenikhena__2006-08-16,,,,,,,5555983.686543272,,,,,,,,,,,,5555983.686543272,,5555983.686543272
george johnston__1998-09-01,George Johnston,DEF,850000.0000000005,926702.119693135,,,,864764.9709611181,,,,,817899.6430418274,891216.2630735077,,,,,875145.749192397,45830.113759774526,877990.6170173129
george long__1993-11-05,,,,,469695.3540568297,443381.58710043575,,,,,,,,,,,438492.4396652711,,450523.1269408455,16782.629713511942,443381.58710043575
george mceachran__2000-08-30,,,,,,,,,,,,,,,,,433420.83709710266,,433420.83709710266,,433420.83709710266
george saville__1993-06-01,,,,,,1078597.070417209,,,,,,,,,,,1157940.11619106,,1118268.5933041344,56104.00570668468,1118268.5933041344
george stanger__2000-08-15,,,,,,,,390882.9890187124,418640.4679575338,,,,445872.40518479625,420277.65592615044,397775.2404249725,,,,414689.7517024331,21633.61592508998,418640.4679575338
george wickens__2001-11-08,George Wickens,GK,674999.9999999998,1049630.4366930271,,,,939339.8564165322,939060.2804605946,,,,,,919400.6487113332,,,,961857.8055703717,59254.90170433882,939200.0684385634
georges mikautadze__2000-10-31,,,,,,,,,,,27872707.12165371,24282643.875006158,,,20977075.06898671,20612088.346305843,24125781.665505428,,23574059.21549157,2949680.567019218,24125781.665505428
georgie gent__2003-09-23,,,,,,,,1077099.3232079882,,,,,,1045194.9621104051,,1157780.629744288,1093870.3993140522,,1093486.3285941833,47379.653485070245,1085484.8612610202
georginio rutter__2002-04-20,,,,,,20693078.280903883,21734342.157649174,,,,,20778889.846400864,,,,,,,21068770.09498464,577997.0018459456,20778889.846400864
georgios giakoumakis__1994-12-09,,,,,,4209641.889211374,,,,3987921.3763776002,,,3927637.278565251,,3791083.943330186,,,,3979071.1218711026,174380.64236003652,3957779.3274714258
georgios koutsias__2004-02-08,,,,,,,,,,,,,,,,1530353.7880656663,,,1530353.7880656663,,1530353.7880656663
georgios kyriopoulos__2004-08-24,,,,,,,1320035.1462766556,,,,,1337192.4986383652,,,,,1345438.455771362,,1334222.0335621277,12959.543988806849,1337192.4986383652
georgios liavas__2001-02-12,,,,,,,,1724473.569334529,,,,,,,,,1680220.305536547,,1702346.937435538,31291.782921190315,1702346.937435538
georgios masouras__1994-01-01,,,,,,,,,,2242350.3182152654,,,1936700.8975533776,,,,,,2089525.6078843214,216126.77801576056,2089525.6078843214
georgios nikas__1999-09-17,,,,,,1081505.7279432565,1078935.7843578602,1116373.648498933,,,1064271.5717721896,,,1080952.0802082869,,,,,1084407.7625561052,19219.717311795925,1080952.0802082869
georgios vagiannidis__2001-09-12,,,,,,,,,8486973.205450894,9000635.269276895,,,,,,,,,8743804.237363894,363213.928569642,8743804.237363894
georgios vrakas__2001-04-28,,,,,,,,,,,574740.2035515682,,,,,,,558641.5305917733,566690.8670716707,11383.480817975462,566690.8670716707
georgiy bushchan__1994-05-31,Georgiy Bushchan,GK,3000000.000000001,1393711.9491308564,,1735669.0180377776,,,,,,,,,1467825.2700690646,,,,1532402.0790792329,179892.41907402608,1467825.2700690646
georgiy dzhikiya__1993-11-21,,,,,2010934.3085402048,,,1900497.296072973,,,2035362.5321259974,,1952864.5163125498,,,,,,1974914.6632629312,60485.571877392234,1981899.4124263772
georgiy sudakov__2002-09-01,,,,,,,,,,,27815250.516296104,,,,28632892.01612078,29155778.366629954,23760665.614900753,28128072.344975147,27498531.77178455,2150669.369246038,28128072.344975147
gerald alders__2005-05-07,,,,,,578444.090573826,,,,,,,,,596081.2249765403,,,,587262.6577751832,12471.337336857845,587262.6577751832
gerard vandeplas__2006-02-25,,,,,,,303464.13567798474,,,,,315663.012667946,,,,,,256838.41509286972,291988.5211462668,31045.943642090333,303464.13567798474
german conti__1994-06-03,,,,,,,,1353760.3281395286,1423921.5399287306,,,,,,,,,,1388840.9340341296,49611.46863241024,1388840.9340341296
german onugkha__1996-07-06,,,,,,1368379.4233079099,1448199.3147271988,,,,,,,,1677481.946253603,1602097.9211292602,,,1524039.651354493,140972.21310053903,1525148.6179282295
german pezzella__1991-06-27,,,,,,,,,,1268018.250416356,,,,,,,,,1268018.250416356,,1268018.250416356
gernot trauner__1992-03-25,Gernot Trauner,DEF,2000000.0000000016,1919653.0283527449,,,,,,1933228.8919574516,,2019143.0131934804,,,,,1998713.8851159774,,1967684.7046549136,48665.567960569766,1965971.3885367145
geronimo rulli__1992-05-20,Gerónimo Rulli,GK,8999999.999999996,8607358.950305913,,,,,,,,,,,,,9352866.57392386,,8980112.762114886,527153.4960865187,8980112.762114886
gerrit holtmann__1995-03-25,,,,,,,1280136.274368454,,,,,,1117681.1097674975,1581996.295725617,,,,,1326604.559953856,235619.65994323493,1280136.274368454
gerrit nauber__1992-04-13,Gerrit Nauber,DEF,549999.9999999998,769298.1049678054,829277.4298136351,,,,,,,809154.2655964282,,,716626.4950385002,,,,781089.0738540923,49679.719713552775,789226.1852821168
gessime yassine__2005-11-22,,,,,,3913071.8627314633,,,,3563042.73885862,,,,,,,3021999.240606347,,3499371.2807321437,448935.5693306071,3563042.73885862
gethin jones__1995-10-13,,,,,,,,,,,,421265.9526858675,,,,,,,421265.9526858675,,421265.9526858675
gheorghe grozav__1990-09-29,,,,,,,,550158.9929775337,,,,,579648.6875558562,,,506294.377539621,,,545367.3526910037,36911.15768932354,550158.9929775337
ghislain konan__1995-12-27,Ghislain Konan,DEF,4349999.999999996,2321353.749927287,,,,,,,,2443501.644191804,,,,,2209450.4543113667,2365545.958740638,2334962.9517927743,97731.8874286521,2343449.8543339623
giacomo calo__1997-02-05,,,,,1345953.181697712,,,1293909.3652642434,,1394633.9932561044,,,1309042.5327712628,,,1291977.8601075911,,,1327103.3866193828,43524.52675043639,1309042.5327712628
giacomo corona__2004-02-24,Giacomo Corona,FWD,850000.0000000005,904767.1971690382,,946797.9416545982,,,,,,,,,,,,,925782.5694118182,29720.224444058556,925782.5694118182
giacomo poluzzi__1988-02-25,,,,,138096.57994861875,,,,,,,,,110281.88045768232,,,,,124189.23020315054,19667.96262670716,124189.23020315054
giacomo quagliata__2000-02-19,,,,,,,,,1919195.4960851846,1853865.3291646773,,,,,,,,,1886530.412624931,46195.4040455398,1886530.412624931
giacomo raspadori__2000-02-18,,,,,18566461.477295037,,,,,,,,,20997395.295931786,,,,,19781928.386613414,1718929.787773754,19781928.386613414
giacomo satalino__1999-05-20,,,,,,,,,,575900.1250750772,,,,,581616.3939488025,623161.525954728,,,593559.3483262026,25795.069736720234,581616.3939488025
giacomo stabile__2005-04-12,,,,,,,,,,,,,,,,,,1121248.1723373267,1121248.1723373267,,1121248.1723373267
giandro sambo__2006-08-28,,,,,,,,,,,264446.3196557743,,,,,,254215.00955169005,261176.95255200128,259946.09391982187,5225.532158621928,261176.95255200128
giangiacomo magnani__1995-10-04,,,,,2497400.109434395,2578566.4388266345,,,,2443757.629935951,,,,,,,,2324390.390386191,2461028.642145793,106624.44527090639,2470578.869685173
gianluca busio__2002-05-28,Gianluca Busio,MID,6099999.999999996,5699618.683038196,,,7544530.530603602,,,,,,,5378702.206571915,,,6715653.70802524,,6334626.2820597375,987602.4299441451,6207636.195531718
gianluca caprari__1993-07-30,,,,,2920470.6243092376,,,,2827203.972226858,,,,,,2860619.283490246,,,,2869431.293342114,47253.63198618668,2860619.283490246
gianluca di chiara__1993-12-26,,,,,,,1049815.8108350856,,,,,,,,,992171.6225879177,,,1020993.7167115016,40760.59640556628,1020993.7167115016
gianluca frabotta__1999-06-24,,,,,,,,1174958.1248044774,,,,1187178.3745666142,,1205271.3507561302,,,,,1189135.9500424073,15251.13088287417,1187178.3745666142
gianluca gaetano__2000-05-05,,,,,,,,,,,,4204408.948873705,,4926553.816634003,,4176045.5169768385,,,4435669.427494849,425354.832689876,4204408.948873705
gianluca gaudino__1996-11-11,,,,,,,,,,,,,459116.90344645473,,487508.2625451844,,,,473312.58299581957,20075.72254581414,473312.58299581957
gianluca lapadula__1990-02-07,,,,,,,,,635865.286224804,,730948.2011644541,,739514.3343405585,767670.3527348803,,,707231.086836763,,716245.8522602919,49860.7108917107,730948.2011644541
gianluca mancini__1996-04-17,Gianluca Mancini,DEF,30250000.000000015,27420385.246966273,,,26393813.88899754,,,,,,,,,,,,26907099.567981906,725895.5685915736,26907099.567981906
gianluca prestianni__2006-01-31,Gianluca Prestianni,MID,7199999.9999999935,4531335.737704598,,,,4537464.566043666,,,,,,,,,,,4534400.151874132,4333.736079282764,4534400.151874132
gianluca scamacca__1999-01-01,,,,,,,,,,16269472.493431004,,17724587.732578427,,,,15747660.83142676,,15653679.430676183,16348850.122028094,956320.314931642,16008566.662428882
gianluigi donnarumma__1999-02-25,,,,,,,62817379.41421699,,,,,,,,66806579.95455418,,,,64811979.68438558,2820790.7535854666,64811979.68438558
gianmarco cangiano__2001-11-16,,,,,,,294051.1004884775,,,,,336619.7112497406,,,,,,,315335.4058691091,30100.55333497979,315335.4058691091
giannino vianello__2007-06-10,Giannino Vianello,DEF,299999.99999999977,262172.7469157922,,262452.15475155995,293032.8063581571,,267811.89487250266,,279476.67598042876,277757.7825866856,,272250.24060969613,,,262365.2780813597,,272164.94751952274,10884.989594446692,270031.0677410994
giannis anestis__1991-03-09,,,,,,,,,410047.0728617374,,,,,,,,,,410047.0728617374,,410047.0728617374
giannis bokos__2007-02-03,,,,,,785317.5647677642,904545.9958897869,,,,,,848434.4326331359,,,,,,846099.3310968956,59648.50560863315,848434.4326331359
giannis konstantelias__2003-03-05,,,,,21728129.91274073,,,27047218.271235462,,,,,,,,,,,24387674.091988094,3761163.448022047,24387674.091988094
giannis michailidis__2000-02-18,,,,,,,,3451450.361294257,,,,3602784.3826678507,3558077.0650273254,,,3544922.6198394555,,,3539308.607207222,63592.498488451354,3551499.84243339
giannis papanikolaou__1998-11-18,,,,,,,,,,,,,1454499.592072324,,,,,,1454499.592072324,,1454499.592072324
gibson yah__2003-09-27,,,,,,,2058270.900581908,,,,,,2143806.07970255,,2081063.570749713,,,,2094380.183678057,44295.21251458883,2081063.570749713
gideon jung__1994-09-12,Gideon Jung,DEF,700000.0000000006,651136.7233783775,,,,,665721.870927081,662224.7705905947,,,,,,635593.1251584243,,,653669.1225136194,13560.021928453854,656680.7469844861
gideon mensah__1998-07-18,,,,,,,,,,,,,3823158.2680349583,,4296915.949716166,3799561.834770129,,,3973212.017507084,280583.9886939765,3823158.2680349583
gift links__1998-10-02,,,,,,,,,,,,,1667180.6461395011,2815133.01194199,,,,2180229.470135062,2220847.7094055177,575053.0754277876,2180229.470135062
gift orban__2002-07-17,,,,,10294787.938406404,8019771.743525229,,8469294.31683782,,8716129.502838101,9171871.679192884,,,,,,9278064.505721124,,8991653.281086927,788161.9070577677,8944000.591015492
gijs smal__1997-08-31,,,,,,,,,3384900.0701479483,3931190.0824151803,,,,,,,,,3658045.0762815643,386285.37216864194,3658045.0762815643
gilbert mendy__2004-11-05,,,,,,,436025.33883855294,,,,,,371618.3276119616,,,,,327834.37404984684,378492.68016678706,54422.0888772545,371618.3276119616
gino infantino__2003-05-19,,,,,,,,,,1251325.2418622475,,,,1230001.543536207,,,,1250032.4962158,1243786.4272047514,11955.54520476092,1250032.4962158
giorgi abuashvili__2003-02-08,,,,,,1439269.633958366,,,,,,,,,,,,,1439269.633958366,,1439269.633958366
giorgi chakvetadze__1999-08-29,,,,,,,,,5436266.909836255,5485454.562770363,,,2285813.8496857076,,4395730.993273599,5370598.810578796,,,4594773.025228945,1366952.9447984465,5370598.810578796
giorgi gocholeishvili__2001-02-14,Giorgi Gocholeishvili,DEF,2300000.0,1895822.4674868626,,,,,,,,,,,,,,2085941.2363311506,1990881.8519090065,134434.2706806338,1990881.8519090065
giorgi kochorashvili__1999-06-29,,,,,,,7754290.3611106835,,,,,,,6424013.271557906,6779207.03800632,,,4475586.825916475,6358274.374147845,1375364.0669845638,6601610.154782113
giorgi kvernadze__2003-02-07,Giorgi Kvernadze,MID,1200000.0000000005,1092137.1594786795,1069342.5261392922,,1007448.3120483652,,,,,,1078241.9328097233,,,,1226160.34916702,,1094666.055928616,80335.40984568733,1078241.9328097233
giorgi mamardashvili__2000-09-29,,,,,,,,,,,,,32524052.523635976,34159480.608728334,29933210.291656833,,,33507937.820100706,32531170.311030462,1857858.634514966,33015995.17186834
giorgi tsitaishvili__2000-11-18,Giorgi Tsitaishvili,MID,2000000.0000000016,2945175.576923038,,,,,2930853.6254218332,,3062212.7238489296,,,,2911131.5139432866,,,,2962343.3600342716,68026.65941062475,2938014.6011724356
giorgio altare__1998-08-09,,,,,,,1349660.7781051055,,,,,,,,,,,,1349660.7781051055,,1349660.7781051055
giorgio cittadini__2002-04-18,,,,,,,,1237851.074285467,,,,1174529.5282723324,,,,,,,1206190.3012788997,44775.09458110342,1206190.3012788997
giorgio scalvini__2003-12-11,,,,,,,,18472531.28372868,,19745830.846545637,,,,,,,20152157.164690483,19553215.202248152,19480933.62430324,717126.5547326537,19649523.024396896
giovani lo celso__1996-04-09,,,,,21601740.587818336,,,,,,,,19394625.081715353,,,,,23294064.907880675,21430143.525804788,1955375.1310783874,21601740.587818336
giovani versini__2004-03-18,,,,,969581.3561029531,,,923565.306553256,937962.2810081702,,,1036835.5374498463,,,,,,,966986.1202785564,50376.669992876545,953771.8185555616
giovanni bonfanti__2003-01-17,Giovanni Bonfanti,DEF,1550000.0000000012,1766564.7342508668,,1749761.559582578,,,1777298.2840303644,,,,,,,,,,1764541.525954603,13879.40298376992,1766564.7342508668
giovanni daffara__2004-12-05,Giovanni Daffara,GK,850000.0000000005,941337.1457938458,,,,,,,938419.3591121683,,897027.4265132053,,,928582.4490830195,,,926341.5951255597,20290.23435591256,933500.9040975939
giovanni di lorenzo__1993-08-04,Giovanni Di Lorenzo,DEF,20749999.99999997,22964357.579969347,,,,,21981330.306698333,,18791413.883860067,,19253036.10453656,,,,,,20747534.46876608,2040954.840219126,20617183.205617446
giovanni fabbian__2003-01-14,,,,,7994788.080135962,,,8042432.014687726,8194090.317117194,8148115.371608068,8768091.204261221,,,,,,8838975.762333661,,8331082.125023972,373520.8270682758,8171102.844362631
giovanni garofani__2002-10-20,,,,,,,,,593146.8663855558,,,,,,,,610997.2244758172,,602072.0454306866,12622.109252231949,602072.0454306866
giovanni leoni__2006-12-21,,,,,2832287.8581208177,3587208.7206110903,,,,,,,,4096992.986940965,3305435.9830966736,,,,3455481.3871923867,529078.7657014485,3446322.351853882
giovanni reyna__2002-11-13,,,,,,,3347707.328264258,,,,,,,,,,,,3347707.328264258,,3347707.328264258
giovanni simeone__1995-07-05,,,,,,,,,,7328650.220471609,,,,,,6442869.293281543,7849120.59874136,6906157.612897292,7131699.431347951,599677.3620704082,7117403.916684451
giovanni van zwam__2004-01-02,Giovanni van Zwam,DEF,612499.9999999997,617048.4869574428,,,560878.9661383725,619401.4319580669,,,,567490.1289631481,,,626078.8997294797,,,,598179.582749302,31296.776555517674,617048.4869574428
giovanni zaro__1994-05-12,,,,,,,,,1324395.6996670933,,1431723.5257188745,,,1281319.8064306332,,,1381583.6328494886,,1354755.6661665223,65722.50822310573,1352989.6662582909
giulian biancone__2000-03-31,,,,,,,3935129.0176928737,,,,,,,,3899538.387970783,,,,3917333.702831828,25166.375623189968,3917333.702831828
giuliano simeone__2002-12-18,,,,,,,,,51698946.036482535,,,,,53549276.16350214,,,,56656268.628391325,53968163.60945866,2505067.2325004186,53549276.16350214
giulio maggiore__1998-03-12,,,,,,,,,,2178235.185298711,,,,,,2238297.0386162144,2510447.2123586843,,2308993.1454245364,177030.11712478293,2238297.0386162144
giuseppe ambrosino__2003-09-10,,,,,1952813.735167277,,,,,,,,,,,2386249.562106165,2482523.4345634175,,2273862.2439456196,282172.4178070512,2386249.562106165
giuseppe aurelio__2000-03-22,,,,,,,,,,,,1403914.5571229244,,,1585041.7899160918,,,,1494478.173519508,128076.29456560312,1494478.173519508
giuseppe caso__1998-12-09,,,,,,,,,,,,,,,1403044.9779492386,,,,1403044.9779492386,,1403044.9779492386
giuseppe ciocci__2002-01-24,,,,,230122.64817941323,,,,,,,,,,,,,,230122.64817941323,,230122.64817941323
giuseppe di serio__2001-07-20,Giuseppe Di Serio,FWD,1249999.999999999,985134.249033342,,,1153011.0194386987,,,,970383.9186333414,,,,,,,,1036176.395701794,101450.18501479115,985134.249033342
giuseppe pezzella__1997-11-29,Giuseppe Pezzella,DEF,2100000.000000001,2214849.5279418733,,,,,,,,2089824.7335680188,,,,,,,2152337.130754946,88405.87991820625,2152337.130754946
givairo read__2006-06-02,,,,,,,9827652.390119897,,,9469442.026929082,,,8928248.811053377,,,,9980800.343306748,,9551535.892852277,467523.4317289789,9648547.20852449
givaro rahajaan__2008-02-19,,,,,,,,,,463108.5872871516,,,,,,,,,463108.5872871516,,463108.5872871516
gjivai zechiel__2004-06-01,Gjivai Zechiël,MID,5450000.0,3185730.963710712,3248305.946209746,3140934.0851698895,3369513.9486066373,,,3103557.507256805,,,,,,,,2953932.588055177,3166995.839834828,140053.9246156778,3163332.5244403007
glen kamara__1995-10-28,,,,,,,3288307.8778111814,,2871465.817375446,3398763.3667075243,,,,,,,2854019.515691402,,3103139.1443963884,281314.9246606997,3079886.847593314
glenn middleton__2000-01-01,Glenn Middleton,MID,575000.0000000001,567990.2872305767,,,,,515375.11025952717,,,,,,,,554684.0679565835,,546016.4884822291,27357.529354492206,554684.0679565835
godfried frimpong__1999-04-21,,,,,,,1400051.9588322253,1299588.9636327813,,,,,,,,1462129.1532547246,,,1387256.6919065772,82022.05467042544,1400051.9588322253
godson kyeremeh__2000-06-14,,,,,1407053.7095978395,,1673177.8079048109,,,1399807.7697976555,,,,,,,,1464301.6383974238,1486085.2314244325,128020.75212795228,1435677.6739976318
gokdeniz gurpuz__2006-02-25,,,,,,,,,,,,,,,,,,566124.8895863728,566124.8895863728,,566124.8895863728
gokhan akkan__1995-01-01,,,,,,651158.4469264733,,,,,688284.7871915788,,,,,,,,669721.617059026,26252.286962095248,669721.617059026
gokhan degirmenci__1989-03-21,Gökhan Değirmenci,GK,90000.00000000001,161488.1749699335,,,127949.14252421926,,,140043.55173487368,,,147819.5625459944,,,,,,144325.10794375523,14062.788363903843,143931.55714043404
gokhan gul__1998-07-17,,,,,974588.6330205068,,,1036249.7637839807,,1112990.9238795373,,,,1054736.9799231368,,,,,1044641.5751517904,57012.82858061081,1045493.3718535588
gokhan sazdag__1994-09-20,,,,,1633416.3632820984,,,,,,,,,,,,,,1633416.3632820984,,1633416.3632820984
goktan gurpuz__2003-01-22,,,,,,884284.6871471762,,,,,,,,,,,,,884284.6871471762,,884284.6871471762
goncalo esteves__2004-02-27,,,,,,,,,,,,,845876.5230602899,,,970055.6548749539,,,907966.0889676219,87807.90618800705,907966.0889676219
goncalo nogueira__2003-12-28,,,,,,,,,,,,1301878.7196815503,,,,,1178463.9802075322,1511986.3229731207,1330776.340954068,168628.5642095344,1301878.7196815503
gonzalo crettaz__2000-02-28,,,,,,,,,2591881.150169315,,,,2201025.502193145,,,,,,2396453.32618123,276376.67914901173,2396453.32618123
gonzalo maroni__1999-03-18,,,,,,,,1489600.0751866696,,,,,,,1551606.3931870377,,,,1520603.2341868537,43845.08793446975,1520603.2341868537
gonzalo montiel__1997-01-01,,,,,,6840608.282634716,,,,7538545.620780622,,,,,7117245.217544864,,,,7165466.373653401,351458.52090521454,7117245.217544864
gora diouf__2003-09-20,,,,,2137330.306481321,,,,,,,2149692.2481678766,,,,,,,2143511.2773245987,8741.212795196232,2143511.2773245987
gorkem saglam__1998-04-11,Görkem Sağlam,MID,1400000.0000000007,1978155.6897723451,,2059471.417681235,,,,,,,,,,,,,2018813.55372679,57498.90262149615,2018813.55372679
grady diangana__1998-04-19,,,,,,1912934.4775656988,,,,,,,1331881.5221813472,,,,,,1622407.9998735231,410866.48498075944,1622407.9998735231
graham burke__1993-09-21,,,,,,,,735663.6197774486,754508.3427789445,,,,746668.5175571342,,725215.4185536426,785082.1452161816,,,749427.6087766703,22805.426764494037,746668.5175571342
graham carey__1989-05-20,,,,,,321735.9425427678,,,,365041.1042398563,256560.01972022047,,264691.25862196117,,,,,222339.950784567,286073.6551818746,56784.468359640494,264691.25862196117
granit xhaka__1992-09-27,,,,,,28490163.670907766,,,,,,,,,,,,27327197.96536489,27908680.818136327,822340.9366767663,27908680.818136327
grant hanley__1991-11-20,,,,,,654672.6102379747,,,,,,,,667460.7159590636,,,,,661066.6630985192,9042.556273912474,661066.6630985192
grantleon ranos__2003-07-20,,,,,,,633080.6761378305,,,749072.7435471169,,,,789390.5194852351,788832.0258267932,,775353.5937376088,751732.1985959682,747910.2928884254,58906.92883619092,763542.8961667884
greg cunningham__1991-01-31,,,,,,125584.84296873136,129740.3733860953,143108.09360023346,142183.88365923453,,130610.44891514111,,,,164597.24261118486,131448.1551627907,,116579.92626713312,135481.62082131807,14535.582932731832,131029.3020389659
greg docherty__1996-09-10,,,,,,957861.9108668306,932171.4973097179,880678.4712776154,,,,,,,,,856240.2344539508,,906738.0284770287,46510.358739017734,906424.9842936667
greg kiltie__1997-01-18,,,,,322247.5226909071,,,,426897.4673439106,410383.3067538655,,,,,,,439273.73131680797,,399700.50702637277,52974.212983747806,418640.387048888
greg leigh__1994-09-30,Greg Leigh,DEF,600000.0000000003,879749.8632005426,,,,,,,,,,,,,,,879749.8632005426,,879749.8632005426
greg taylor__1997-11-05,,,,,,3139742.308627651,,,,,,,3278786.9386749095,,2789271.346657247,,,,3069266.864653269,252252.789597341,3139742.308627651
gregoire coudert__1999-04-03,,,,,,,,,,,1392441.2970864307,1479334.1041218985,,1387235.2331881507,,,,,1419670.211465493,51735.97240329525,1392441.2970864307
gregor kobel__1997-12-06,,,,,,,,,,,,,,,,39914255.890719935,,,39914255.890719935,,39914255.890719935
grejohn kyei__1995-08-12,,,,,,1153521.1387888058,,,,1125064.8391797007,,1241655.736827028,,,1085904.608487708,,1162704.9956992744,,1153770.2637965032,57518.46755644243,1153521.1387888058
griffin yow__2002-09-25,,,,,,,,,2444759.2528391904,,,2601020.561045042,,,,,,2204935.666547946,2416905.1601440595,199506.13717902402,2444759.2528391904
grigoris kastanos__1998-01-30,Grigoris Kastanos,MID,2150000.0,2341367.895814752,,,,,,,,,,,,,,,2341367.895814752,,2341367.895814752
grischa promel__1995-01-09,Grischa Prömel,MID,4999999.999999999,6878385.071916379,,,6588043.503457349,,,,,,,,,,6662273.254455598,,6709567.276609776,150837.99253653668,6662273.254455598
guela doue__2002-10-17,,,,,,,11736072.155038344,,,,,,,,,,,,11736072.155038344,,11736072.155038344
guglielmo vicario__1996-10-07,,,,,,,20186838.73475971,,,,,,,27109231.75258628,,,,23500584.79351105,23598885.093619015,3462243.2735243337,23500584.79351105
guido carrillo__1991-05-25,,,,,3102874.255578836,,3741675.2002961757,4105896.220334173,,,,,,,,,,,3650148.558736395,507736.2603082664,3741675.2002961757
guido herrera__1992-02-29,,,,,2455267.114993038,,,,,,,,,,,,,,2455267.114993038,,2455267.114993038
guido rodriguez__1994-04-12,,,,,,,,4232014.843681046,,,,,,,4134470.8252942907,,4860785.1382248765,,4409090.269066737,394207.94005017204,4232014.843681046
guillaume dietsch__2001-04-17,Guillaume Dietsch,GK,775000.0000000007,1051603.293914781,,,,,,1058877.3825886848,1065852.7265559777,,,,,,,,1058777.8010198146,7125.238242728797,1058877.3825886848
guillaume francois__1990-06-03,,,,,,,,,,,,,,,176764.82428935755,204917.48664129103,,240196.28649979673,207292.86581014842,31782.375921026964,204917.48664129103
guillaume restes__2005-03-11,Guillaume Restes,GK,21750000.00000003,10599553.551844304,,,,,,,,,,,,,11189652.536280727,,10894603.044062516,417262.99346628936,10894603.044062516
guillermo cotugno__1995-03-12,,,,,,,,,,934444.3621646888,,,,,,,981676.9170669209,936185.4428196343,950768.9073504148,26781.274035013514,936185.4428196343
guillermo maripan__1994-05-06,,,,,,4606799.235681491,,,5187697.296591538,,,,,,,4400537.069556372,,4518132.353902403,4678291.48893295,349954.22803952603,4562465.794791947
guillermo soto__1994-01-19,,,,,,,,637967.4527742676,638282.5309903683,,,,599995.844635927,,639250.2505473841,,,,628874.0197369868,19259.8526422766,638124.9918823179
gustaf lagerbielke__2000-04-10,,,,,,,,,2330156.1510822847,,,2206341.689188863,,2046455.9094727533,,,,,2194317.9165813006,142231.8006042088,2206341.689188863
gustaf nilsson__1997-05-23,,,,,,,3309037.442771234,,,,,,,,,,,,3309037.442771234,,3309037.442771234
gustav christensen__2004-09-07,,,,,,,,,,,,,,,,,,660842.7922228582,660842.7922228582,,660842.7922228582
gustav grubbe__2003-01-27,Gustav Grubbe,MID,562500.0000000003,622997.549808844,,,,669023.1020707579,,,636477.1922805962,,,,603084.5392135049,606098.2629907075,601850.2608543622,,623255.1512031287,26187.69095344791,614547.9063997758
gustav isaksen__2001-04-19,,,,,,12638714.221200058,,,10666395.952536294,,,,11949918.235807667,,,11605989.823247124,,,11715254.558197785,820546.1489673959,11777954.029527396
gustav marcussen__1998-06-12,,,,,,,,411596.74160090764,,382981.6759928716,542116.933337134,401990.09389115503,,,,,411458.84748533415,,430028.8584614804,63733.69294535432,411458.84748533415
gustav mortensen__2004-03-19,,,,,,,,,581580.4869299474,,,,,578936.4807250504,,,,,580258.483827499,1869.5947169819456,580258.483827499
gustavo hamer__1997-06-24,Gustavo Hamer,MID,11250000.000000019,9120904.745927542,,8081349.387938755,,,,,,,10312938.93298157,,,,9091682.2833415,,9151718.837547341,912629.3086058053,9106293.514634522
gustavo klismahn__1999-11-23,,,,,1133019.568368234,,,,,,949832.4208380241,1159937.175865398,,,,1107880.1529844254,,,1087667.3295140204,94316.44703356773,1120449.8606763296
gustavo puerta__2003-07-23,,,,,2044045.9969645534,2094754.5733028515,,,,,,,,,,,2149998.1244897502,,2096266.2315857185,52992.23683571033,2094754.5733028515
guus offerhaus__2001-01-03,,,,,,,644684.0165348923,,605124.6723049245,,659298.3126507734,,,590398.6729958635,,,581730.8728535074,,616247.3094679922,34078.16252875069,605124.6723049245
guus til__1997-12-22,,,,,,12683655.908878794,,,,,,,,,,,,12755751.401068281,12719703.654973537,50979.21142016834,12719703.654973537
guven yalcn__1999-01-18,,,,,,,,,,,1759940.0841509982,,,,,,,,1759940.0841509982,,1759940.0841509982
gvidas gineitis__2004-04-15,Gvidas Gineitis,MID,2349999.999999999,2819028.8210008815,,,,,,,,,,,,,,2735055.2390545276,2777042.0300277043,59378.28923479108,2777042.0300277043
gyan de regt__2003-08-18,,,,,,,1369905.3719949482,,1287298.8522919691,,,,,,,,,1202541.4029161825,1286581.8757343667,83684.28811902282,1287298.8522919691
gyrano kerk__1995-12-02,Gyrano Kerk,MID,2400000.000000001,1941215.5533792174,,,,1963657.3516088824,,,,,,1760591.819673111,,,,,1888488.2415537369,111328.47625089255,1941215.5533792174
habeeb ogunneye__2005-11-12,,,,,,,,,,425732.9039085022,425207.68405873986,,446129.5130166973,,,457134.70515151735,442530.33281791065,,439347.0277906734,13764.10560915619,442530.33281791065
habib diarra__2004-01-03,,,,,18816621.464133926,,,,,,24684577.38375874,19841580.807452567,,,,19384422.255846728,,,20681800.47779799,2701251.25680269,19613001.53164965
habib keita__2002-02-05,,,,,,,,,,,,1908795.433146321,,1744790.0333530905,,,,,1826792.7332497058,115969.33034500407,1826792.7332497058
habib maiga__1996-01-01,,,,,,,,,,,,,,1554123.7097089482,,,1597545.0486706076,,1575834.379189778,30703.523227989048,1575834.379189778
haissem hassan__2002-02-08,,,,,,,8605392.437514264,,,,,,,,,,6089939.325182194,,7347665.881348229,1778693.9534868132,7347665.881348229
haitam aleesami__1991-07-31,,,,,458275.7487302794,,,,,,,,372504.2352863832,,,430843.4988866211,425517.07993214356,,421785.14070885675,35852.25858192142,428180.2894093823
hakan calhanoglu__1994-02-08,,,,,,44978853.378407165,,,,,48641454.09876917,,,,,,,,46810153.73858817,2589849.8061467092,46810153.73858817
hakeem odoffin__1998-04-13,Hakeem Odoffin,DEF,899999.9999999995,1372363.5381403372,,1371237.3997273876,,,,,,,1046903.640219583,,,,1410846.4315618565,,1300337.752412291,169956.35830945472,1371800.4689338624
hakim sahabo__2005-06-16,Hakim Sahabo,MID,1299999.9999999993,1315058.8276950924,,,,,,,,,,,,,,,1315058.8276950924,,1315058.8276950924
hakon arnar haraldsson__2003-04-10,,,,,,,,,,,,,,20649696.589732457,,,,,20649696.589732457,,20649696.589732457
hakon evjen__2000-02-14,,,,,3714746.129799385,,3370892.279532506,,,3964610.4586162665,,,,,,,,3449555.02458736,3624950.9731338797,270025.4894139393,3582150.577193373
hakon valdimarsson__2001-10-13,,,,,1894893.1928561868,2063677.0242862378,,,,2462657.5755930026,,,2273839.3262693137,,,,,,2173766.7797511853,247226.37279408236,2168758.1752777756
hamari traore__1992-01-27,,,,,,,,,,,4254501.411089002,,,,4396491.088445332,,4301831.161724265,,4317607.8870862005,72297.62040550224,4301831.161724265
hamidou makalou__2006-07-15,,,,,,,,,920048.6231990068,,,,,,975956.6511481492,,,,948002.6371735779,39532.94568560561,948002.6371735779
hamza choudhury__1997-10-01,,,,,2250607.814738623,2810836.736827311,,,,2279389.933598106,3432172.785178304,,,,2620146.9183158595,2699672.930005304,2324899.8257872057,,2631103.849207245,416548.9044686472,2620146.9183158595
hamza gureler__2006-04-10,Hamza Güreler,DEF,674999.9999999998,1003659.2383021205,1019048.8079931351,,,,1078306.9021821043,,,,,,954091.910006737,,,,1013776.7146210241,51174.79621878218,1011354.0231476277
hamza igamane__2002-11-02,Hamza Igamane,MID,8249999.9999999935,11478735.751041032,,,,,,11747485.629917346,,,,,,,,,11613110.69047919,190034.8617965046,11613110.69047919
hannes delcroix__1999-02-28,Hannes Delcroix,DEF,2900000.0000000014,1746732.69063526,1804705.9482226002,1792000.9698897395,,,,1960371.9148308968,,,1581518.1436820198,,,,,,1777065.9334521033,135782.13454179064,1792000.9698897395
hannes hermann__2005-03-23,,,,,,,,217724.88345957073,,,,,,,220684.52325706364,,,,219204.7033583172,2092.7813706768193,219204.7033583172
hannes van der bruggen__1993-04-01,,,,,,,1402688.1629142764,,,,,,,1443086.5841286907,,,1266477.729825678,,1370750.8256228818,92534.67992868357,1402688.1629142764
hannes wolf__1999-04-16,,,,,,,,,,,,,,,2296482.8771657217,2199104.713435949,,,2247793.7953008353,68856.75991281633,2247793.7953008353
hannoah massengo__2001-07-07,,,,,,,,,,,,,,7483059.694173925,,,,,7483059.694173925,,7483059.694173925
hans christian bernat__2000-11-13,Hans Christian Bernat,GK,749999.9999999998,939389.1852055916,,,,,,,,,,940388.1267262255,,,,,939888.6559659085,706.3583232490141,939888.6559659085
hans hateboer__1994-01-09,,,,,2960791.0859032176,,,,,3290423.604355966,,,,,,3250070.376332754,,3114760.8335330565,3154011.4750312483,149119.98879980636,3182415.604932905
hans nicolussi caviglia__2000-06-18,Hans Nicolussi Caviglia,MID,5250000.0,11422999.951745918,,10441168.751160314,,,,,12155790.762499655,,,,10804673.149595382,,,,11206158.153750317,751713.9197847223,11113836.55067065
hans vanaken__1992-08-24,,,,,,12904349.230871925,,,11745135.947690004,,,12717877.093193332,,,,,,,12455787.42391842,622464.5411843362,12717877.093193332
hany mukhtar__1995-03-21,,,,,,,9351060.574674014,,,,,,,12062587.582886307,8296075.451469075,10860742.563648185,,,10142616.543169394,1657132.9286088077,10105901.569161098
haris belkebla__1994-01-28,,,,,,,2477074.201478489,,,3172129.625929572,,,,2944954.822146757,,,,,2864719.549851606,354406.24282724835,2944954.822146757
haris hajradinovic__1994-02-18,,,,,5332068.985940339,6907911.333624929,5547343.090512943,,,,,,,,,,,,5929107.803359404,854475.2765118927,5547343.090512943
haris tabakovic__1994-06-20,,,,,,,,,3956891.628187464,,,,,,3623324.3590869466,,,,3790107.993637205,235867.67796285384,3790107.993637205
harold moukoudi__1997-11-27,,,,,,,,,,,,,,,,,8676815.063164022,,8676815.063164022,,8676815.063164022
harrison armstrong__2007-01-19,,,,,9037230.336854422,10293626.549426043,11610110.082946831,,10789475.93057398,10811501.000465842,,,,,,7699262.358588421,,,10040201.04314259,1426260.8123418845,10541551.240000011
harrison ashby__2001-11-14,,,,,,698642.7027035387,433032.66992364946,,,,431498.52606653766,660300.0917983457,418067.5394194079,629046.7668752417,,,,,545098.0494644535,130763.22857844226,531039.7183994455
harrison jones__2004-12-25,,,,,,,,,451762.04742336954,,414375.60886499967,443617.94302285434,,505760.36319323885,,,,432193.27580705576,449541.8476623036,34417.22213595991,443617.94302285434
harrison reed__1995-01-27,,,,,,,2464279.9484703476,2918889.434959614,,,,,,,,,,,2691584.6917149806,321457.4506882946,2691584.6917149806
harrison sohna__2002-07-01,Harrison Sohna,MID,175000.00000000012,213891.71140539035,222557.3529374492,,,213557.96498355636,245902.81134661712,201861.25878584868,,202872.30939827466,182344.82903015937,,207291.36073853713,,,,211284.9498282291,18324.390573649867,210424.66286104673
harry clarke__2001-03-02,,,,,,,,,,2490441.003806981,,,2481013.47766457,,,2753615.5681589735,,,2575023.3498768415,154737.21234884323,2490441.003806981
harry cornick__1995-04-09,,,,,,,,,,,,,,,,,1255066.906492151,,1255066.906492151,,1255066.906492151
harry kane__1993-07-28,,,,,,59685316.86093368,,,56862610.10200334,,,,69418376.04598102,,,,,,61988767.66963935,6587201.896942473,59685316.86093368
harry maguire__1993-03-05,,,,,,,,,,,,,,10541991.325905018,,,,10520640.459637418,10531315.892771218,15097.342322026481,10531315.892771218
harry mckirdy__1997-03-29,,,,,311934.3763054912,,,,,359452.8678495185,,,,,,,,,335693.6220775049,33600.64760253731,335693.6220775049
harry milne__1996-10-29,Harry Milne,DEF,700000.0000000006,978649.88877116,,,603830.0801438893,,,,717761.7879373867,,,,,,,,766747.2522841453,192151.38308843016,717761.7879373867
harry smith__1995-05-18,,,,,,,,,,436935.1577258346,,439590.7273456166,,437965.9849537957,,481441.8401464069,,,448983.4275429135,21666.5349677374,438778.3561497062
harry souttar__1998-10-22,,,,,,,,2737261.8938260926,2984818.0459146868,2400311.516351042,,2803539.862689651,,,,,,,2731482.829695368,244321.36224329702,2770400.8782578716
harry toffolo__1995-08-19,,,,,,,,,2163745.530865235,2387291.457126139,,,2110715.150549985,,,,,,2220584.046180453,146787.5197598741,2163745.530865235
harry wilson__1997-03-22,,,,,,,,15384127.35105868,,,,14975814.24803423,14628884.036097597,,17358519.614599966,15011395.761049366,,,15471748.202167967,1088103.6986050357,15011395.761049366
harry winks__1996-02-02,,,,,4416810.6697962405,,,,,,,,,,,,,,4416810.6697962405,,4416810.6697962405
harvey barnes__1997-12-09,,,,,,,,,,,25458625.683518153,,,,,28457415.836670928,,,26958020.76009454,2120464.8526497725,26958020.76009454
harvey elliott__2003-04-04,,,,,,,31449874.817870956,,,,22338045.251912147,,,,,,,,26893960.034891553,6443036.47510555,26893960.034891553
harvey griffiths__2003-09-22,,,,,,,,,,368270.52581261634,342293.23116026836,316795.16418486706,,,,417098.7050438595,,,361114.4065504028,42832.5561834328,355281.8784864424
harvey rodgers__1996-10-20,,,,,,,,,,,,,,,354058.04906155274,424204.6249643421,,,389131.3370129474,49601.11949787923,389131.3370129474
harvey vale__2003-09-11,,,,,1474169.2331528899,,,,,,,,1111149.0957919902,1644385.2962617183,,,1389216.6857775322,,1404730.0777460325,222625.90322548334,1431692.959465211
hasan kurucay__1997-08-31,,,,,1201078.2257247118,1051081.9259913354,,,,1109715.7903864647,,,,,,,,,1120625.3140341705,75590.91058514318,1109715.7903864647
hasip korkmazyurek__2003-05-01,Hasip Korkmazyürek,MID,187500.0,229415.2027924391,,,209285.34149269987,,210266.10972984295,,,,,,,,217716.91506782404,,216670.8922707015,9292.994028777779,213991.5123988335
hassane kamara__1994-03-05,,,,,,,,,,,,,,2031270.0279715196,,1926439.070962928,,1847896.7655037087,1935201.9548127186,92000.16003815351,1926439.070962928
hatim essaoubi__2000-12-13,,,,,765690.1021729744,,,,,,,,688576.136697798,,,,736128.461208218,,730131.5666929968,38905.179291409135,736128.461208218
havard nielsen__1993-07-15,Håvard Nielsen,MID,862499.9999999998,659478.7655787661,,,,,,,,,,,,,,,659478.7655787661,,659478.7655787661
hayden coulson__1998-06-17,,,,,,,,,723575.1671654751,,680921.9942985745,,,,746892.3231219536,,,,717129.8281953344,33454.11584687603,723575.1671654751
haydon roberts__2002-05-10,,,,,,2197147.5558769675,,2303342.7039648117,,,,,,2393869.228160927,1946638.4195370548,,,,2210249.47688494,193257.1791482092,2250245.1299208896
heinz lindner__1990-07-17,,,,,,,,,,,130063.28756811627,,,,,,,,130063.28756811627,,130063.28756811627
hendrik van crombrugge__1993-04-30,,,,,,,,,,,,,,,,760564.2938228827,,851785.8458905863,806175.0698567345,64503.378057434915,806175.0698567345
hendry blank__2004-08-21,,,,,,1152897.489087497,,1153550.8750541552,,,,1100166.1516322284,,,,,,,1135538.171924627,30634.810150868274,1152897.489087497
henk veerman__1991-02-26,,,,,,591283.6780474759,,564079.6638469081,,,,,,,,,540518.5633973718,667426.7840696773,590827.1723403583,55118.340138676744,577681.670947192
hennes behrens__2005-01-19,Hennes Behrens,DEF,587500.0000000002,599268.0539605045,580365.3186800759,,,,,,,543587.4679215561,,,,,,,574406.9468540455,28314.45852427887,580365.3186800759
henning matriciani__2000-03-14,,,,,,566236.8814557298,,,599047.3321575029,,573388.2054060856,,,528619.6177209241,,599459.8777532615,,436143.0335934167,550482.4913478201,61776.5287612789,569812.5434309077
henok teklab__1998-11-16,,,,,,,,,,674482.7921646578,,649576.624479744,,,,,,,662029.7083222009,17611.320063371837,662029.7083222009
henri saivet__1990-10-26,,,,,506724.52770935517,,,,,,,,,,,,,468038.9818887726,487381.7547990639,27354.81178363682,487381.7547990639
henrik heggheim__2001-04-22,,,,,,,,,,1736520.6962561067,,,,,,1551040.0371769608,,,1643780.366716534,131154.63181381422,1643780.366716534
henrikh mkhitaryan__1989-01-21,,,,,,,12330559.916459385,,,,,,,,,10751054.899921445,,,11540807.408190414,1116878.7081121474,11540807.408190414
henry cartwright__2004-12-11,,,,,,,401993.1552524218,,351611.23178967263,,,,,,370227.01139143785,,427947.2945172283,,387944.6732376902,33821.11798323182,386110.0833219298
henry onyekuru__1997-06-05,,,,,,,2451383.4733836213,,,,2624051.5945479916,,,2039298.324610815,,,,,2371577.7975141425,300434.3623843541,2451383.4733836213
herbie kane__1998-11-23,Herbie Kane,MID,1050000.0000000007,751538.4764237099,,,,,,,697944.040348083,,,,763263.8258090363,,,,737582.1141936098,34824.612391088645,751538.4764237099
heriberto jurado__2005-01-03,Heriberto Jurado,MID,1550000.0000000012,1084376.064375371,,1101511.344497976,,,,,927420.9705819432,,,,,,,,1037769.4598184299,95947.8830605518,1084376.064375371
hernan de la fuente__1997-01-07,,,,,1678890.698893229,,1318262.4270609112,1548298.8523201453,1590656.9790269856,,1668474.6541653287,,,,,,,,1560916.7222933199,146126.11707987115,1590656.9790269856
herve koffi__1996-10-16,,,,,,,,,4191473.1979257404,3999886.404014446,3019870.1371201435,4049380.976902127,3713052.023310068,,,3756309.927362393,,,3788328.777772486,417768.06539741234,3878098.1656884197
herve matthys__1996-01-19,,,,,,,,772077.0589381591,,,692099.9314739129,,,,,,,,732088.495206036,56552.36916978939,732088.495206036
hervin ongenda__1995-06-24,,,,,1098224.6344260029,,,,,,1037773.589320518,1069837.2908218105,,1039147.2108778991,,,,,1061245.6813615577,28754.942910510275,1054492.2508498547
hiangaa mbock__1999-12-28,Hianga'a Mbock,MID,899999.9999999995,1044128.1605680826,,,,,,1048573.3567854804,,,955455.6827371774,992433.6216181421,,,,,1010147.7054272206,44482.98597969763,1018280.8910931123
hicham boudaoui__1999-09-23,,,,,,,,,,,,,,,11021640.687504305,,,9567913.345724516,10294777.016614411,1027940.4613687826,10294777.016614411
hicham mahou__1999-07-02,,,,,,,,,,,,,938159.9232349778,,,,949814.7918145818,,943987.3575247799,8241.23660647607,943987.3575247799
hidde jurjus__1994-02-09,,,,,441781.49614284484,,,443422.8814168708,436177.09860037576,,,,411899.96254321386,,,,418611.69413483824,,430378.6265676287,14262.906611565675,436177.09860037576
hidemasa morita__1995-05-10,,,,,9415817.491924454,,,,,11395835.97272371,,,11168946.890166668,,10414224.662234377,,,,10598706.254262302,893280.3689684636,10791585.776200522
hilmir rafn mikaelsson__2004-02-02,,,,,,,,,,,,,,688994.0990952249,782501.1042398533,,,,735747.6016675391,66119.43742621217,735747.6016675391
himad abdelli__1999-11-17,,,,,,,,,14547479.36115573,,,,14152840.833580587,15036227.879054736,15305315.29910886,,14266416.680170285,,14661656.010614041,495667.3996450516,14547479.36115573
hiroki ito__1999-05-12,Hiroki Ito,DEF,21250000.000000034,18848510.529275835,18638696.146221764,,,,,,,,,,18666296.95294009,,,19009835.46974938,18790834.77454677,173150.8286840741,18757403.741107963
hiroki sakai__1990-04-12,Hiroki Sakai,DEF,950000.0000000008,468811.43815876765,450675.4885768396,,,,520082.76895476435,,,,,,,,431727.2503201653,,467824.23650263424,37986.843108458874,459743.4633678036
hirving lozano__1995-07-30,,,,,10674999.380382622,,,9977783.187565472,,,,,7641170.618486119,,10726328.899382424,11150743.791451229,,,10034205.175453573,1402329.2030464364,10674999.380382622
hjalmar ekdal__1998-10-21,,,,,,3251818.3761737053,,3145762.7648418806,,,,,,,,,,,3198790.5705077928,74992.64195561809,3198790.5705077928
hjalte boe rasmussen__2007-10-15,,,,,,367474.49317949393,,388586.0330912002,,,,,,406442.41207820916,,,,,387500.97944963444,19506.606108649918,388586.0330912002
hobie verhulst__1993-04-02,,,,,,,,,,357758.61984163796,,,403248.17802445695,419664.380454739,,,,,393557.059440278,32070.533731622032,403248.17802445695
honest ahanor__2008-02-23,Honest Ahanor,DEF,11299999.99999999,2737911.274674932,,,2451550.1104842145,2988671.833500954,,,,2855942.409320598,,2692454.0687369886,,,,,2745305.939343537,200379.56183766856,2737911.274674932
horatiu moldovan__1998-01-20,,,,,,,1588620.9843947343,,,,,,,,,,,2096319.3815098137,1842470.182952274,358996.9793976134,1842470.182952274
hosine bility__2001-05-10,Hosine Bility,DEF,262500.00000000023,403519.7666947768,,384511.3035485119,,,360559.5752247028,,,346149.9327281582,,,,,,353973.15263686643,369742.7461666033,23709.855321605923,360559.5752247028
houboulang mendes__1998-05-04,,,,,,,,,,,,,,,1223762.6822158792,1214955.4070367736,1263938.247678453,,1234218.7789770353,26111.819908635935,1223762.6822158792
houssem aouar__1998-06-30,Houssem Aouar,MID,11000000.000000013,11650145.976699622,10975522.828034248,,,11252699.261230381,,,,,,,,,,11718037.357648913,11399101.35590329,349092.116513955,11451422.618965002
hristiyan petrov__2002-06-24,,,,,,,,,,,,,,,958704.4058964496,,1004948.801855633,,981826.6038760412,32699.7259746144,981826.6038760412
hrvoje smolcic__2000-08-17,,,,,,,,,,2786182.700701152,3186800.309896052,,,3000360.1079012873,,,,,2991114.3728328305,200468.77540399268,3000360.1079012873
hugo andersson__1999-01-01,,,,,,,,,,,,,,391295.59260921663,,,,,391295.59260921663,,391295.59260921663
hugo bolin__2003-07-24,Hugo Bolin,MID,1499999.9999999986,1621921.8923934547,1684947.8942472932,,,,1677350.1183053616,,,1774562.2327078439,,,,,,,1689695.5344134883,63167.95711454584,1681149.0062763274
hugo cuypers__1997-02-07,Hugo Cuypers,FWD,10499999.999999994,10092234.199709572,11109227.232112717,,10441159.471235428,,10069180.635486426,9703602.151992159,,,,,,,,,10283080.73810726,530442.7401497863,10092234.199709572
hugo ekitike__2002-06-20,,,,,68462317.06706263,,,71091377.31747812,,,,66145367.25805078,79029082.4490421,,,68994495.19869088,,,70744527.8580649,4954228.69744983,68994495.19869088
hugo gambor__2002-12-30,Hugo Gambor,DEF,1150000.0000000005,1458052.7394171855,,,,,,1564429.937031843,1126095.3299702092,,,,,,,,1382859.3354730792,228636.92382136223,1458052.7394171855
hugo lambotte__2006-06-20,,,,,227473.74980755133,256388.40249793968,,,245608.04841670214,,,,,256698.01286285793,,,242939.18840894208,,245821.48039879865,11989.069806138175,245608.04841670214
hugo larsson__2004-06-27,Hugo Larsson,MID,35750000.00000005,25335787.31948391,24996355.072494626,,32449147.486410737,,,,,,,,,,,23889651.98713293,26667735.46638055,3903420.3399115563,25166071.195989266
hugo lloris__1986-12-26,,,,,,,,644668.0501547862,,,,,,526839.4161099928,,,,515398.70852805855,562302.0582642792,71560.04410684873,526839.4161099928
hugo magnetti__1998-05-30,,,,,,,,,,,,,,,8842056.240045365,,,,8842056.240045365,,8842056.240045365
hugo siquet__2002-07-09,,,,,,,,,,,,2983860.5980847483,,,3239094.4570015706,,,,3111477.527543159,180477.59242849564,3111477.527543159
huseyin turkmen__1998-01-01,,,,,,,938972.844301198,,,,,,,,,,,,938972.844301198,,938972.844301198
hussein ali__2002-03-01,,,,,,,,623613.1234176476,800723.7241187583,551916.035442268,663307.5264333173,,,,,,,,659890.1023529979,104594.78338318256,643460.3249254825
ian harkes__1995-03-30,,,,,701649.8419367915,,,,828797.3507404107,,,,,,,,,,765223.5963386011,89906.86568601539,765223.5963386011
ian lawlor__1994-10-27,,,,,,,159349.46910310577,,168602.3248049945,,169992.51026116422,,,,,,,,165981.43472308817,5785.359097679919,168602.3248049945
ian maatsen__2002-03-10,,,,,,,32244887.475883197,,,,,27923194.022993788,,,,,,,30084040.749438494,3055898.746747606,30084040.749438494
ian poveda__2000-02-09,,,,,,1556640.4188264976,,,1587501.1758834638,,,,,,,,1555101.8898958585,,1566414.4948686066,18277.796775989085,1556640.4188264976
ian struyf__2007-08-22,,,,,,,,,898609.3950224058,,,883482.8658430779,,,,910554.8380027417,925391.0134750656,,904509.5280858227,17790.58083452457,904582.1165125738
ianis hagi__1998-10-22,,,,,,,2738736.757783086,,,,,,,,,,,,2738736.757783086,,2738736.757783086
ianis stoica__2002-12-08,,,,,,3016384.3362191613,,,,,2330773.57750701,,,,,,3053428.0809287406,,2800195.3315516375,406952.88072856533,3016384.3362191613
ibe hautekiet__2002-04-13,,,,,,,2392458.2622216856,,,,,2082211.1034822636,,2111984.316350534,,,,,2195551.2273514946,171175.04589499268,2111984.316350534
ibou sane__2005-03-28,,,,,,,,,1216275.7661519987,,,,,,,,,,1216275.7661519987,,1216275.7661519987
ibrahim cisse__1996-05-02,,,,,1222626.3569026012,,,1181596.771346221,,1215838.2530142514,,,,,,,,,1206687.127087691,21992.36349337884,1215838.2530142514
ibrahim cissoko__2003-03-26,,,,,,,1682390.1034168315,,1840088.4433043962,,,,,,,,,,1761239.2733606137,111509.56551635805,1761239.2733606137
ibrahim diabate__1999-11-17,,,,,2317533.993835106,,,,2410755.9173873123,,2244699.4216900016,2379510.762458959,2242165.534309539,,,,,,2318933.125936184,76659.86338603815,2317533.993835106
ibrahim diakite__2003-10-31,,,,,,1529391.7820401194,,,,,,,,,1684877.2082772597,,,,1607134.4951586896,109944.79926796265,1607134.4951586896
ibrahim kaya__2001-03-09,,,,,,,,,,1081195.378905488,,,,,,974604.3430708927,,,1027899.8609881904,75371.24425234056,1027899.8609881904
ibrahim maza__2005-11-24,,,,,,10025165.324387318,,,8705473.45728284,,,,,,,,,,9365319.390835078,933163.0683063125,9365319.390835078
ibrahim mbaye__2008-01-24,,,,,,9784690.765908852,,,,,,,,9343142.400366185,9007039.16503701,,7699854.881053581,9504561.431820348,9067857.728837196,814780.9624160031,9343142.400366185
ibrahim olawoyin__1997-12-01,Ibrahim Olawoyin,MID,1699999.9999999988,1679986.045418788,,,,,,,1580634.492924519,,,,,,,,1630310.2691716535,70252.15649010877,1630310.2691716535
ibrahim osman__2004-11-29,,,,,,,,,,,,,,,4647994.328578355,,,,4647994.328578355,,4647994.328578355
ibrahim sabra__2006-02-01,,,,,,892506.1881833745,,,,,,,,,,,,,892506.1881833745,,892506.1881833745
ibrahim sadiq__2000-05-07,,,,,,,,,,,2915367.073204854,,3479048.2789383405,,3027479.0903238463,3060784.826910509,,,3120669.8173443875,246883.95530934093,3044131.958617178
ibrahim said__2002-06-15,,,,,,,1333187.3239350794,,,,1116751.2888106436,,1174491.068558333,,1159786.2509061748,,,1114324.0075301933,1179707.9879480847,89747.71486124933,1159786.2509061748
ibrahim salah__2001-08-30,,,,,,2587743.5915108626,,,,,,,,,,,2445736.664148359,2061735.130313287,2365071.7953241696,272123.76064886013,2445736.664148359
ibrahim sangare__1997-12-02,,,,,,,,,,,,,,14400218.186780684,13932164.990237853,,15010755.855535682,,14447713.010851407,540861.7035907719,14400218.186780684
ibrahim sulemana__2003-05-22,,,,,4352297.743355611,,,,,,,,4445103.978441026,,4670010.040725784,,,4581677.04469364,4512272.201804016,141187.4116553881,4513390.511567334
ibrahima balde__2003-01-17,,,,,,,,,,,,,,990246.4972952532,,,947150.0756770857,1068521.6025284184,1001972.7251669191,61529.58798520937,990246.4972952532
ibrahima breze fofana__2002-08-15,,,,,1030988.6237232715,,,,,,,,,,,,,987437.6403774982,1009213.1320503849,30795.1956511387,1009213.1320503849
ibrahima konate__1999-05-25,,,,,58836526.60549036,,,,,55453414.17053101,66739297.144714855,,,,,,,,60343079.30691207,5791810.115012749,58836526.60549036
ibrahima sissoko__1997-10-27,,,,,6571062.035374208,,,,6533860.650693616,,,,,6212805.941942462,,,6688173.171540749,,6501475.449887758,203369.3013532246,6552461.343033912
ibrahima sory bangoura__2004-01-05,,,,,,,,,,,,,,3167750.2886638143,,3215355.0102216583,3361255.638210959,3241702.0310108284,3246515.742026815,82388.11289703847,3228528.5206162436
iddrisu baba__1996-01-22,,,,,,,,,,,,,,,1990844.0863489409,,,,1990844.0863489409,,1990844.0863489409
idrissa gueye__1989-09-26,Idrissa Gueye,MID,2950000.000000002,3949542.1506618666,3965017.454925965,,,,,,,4181061.661364278,,,,,,,4031873.755650703,129432.00789958578,3965017.454925965
idrissa gueye__2006-09-16,Idrissa Gueye,FWD,2250000.000000001,3015079.2442462915,,3855548.3204822945,,3492967.399763545,3656011.640654817,,3802388.5343630384,,,3118101.7814415772,3459553.6526369955,,,,3485664.367655508,322344.0828857519,3492967.399763545
idrissa toure__1998-04-29,,,,,1743885.5901097297,,1475265.5628900642,1991850.637118996,,,,,,,,,,,1737000.5967062635,258361.34981775438,1743885.5901097297
ignace van der brempt__2002-04-01,,,,,,,,3592489.3119462742,,,,,,,,3864178.9929231643,,,3728334.1524347193,192113.6157971687,3728334.1524347193
ignacio de arruabarrena__1997-01-16,,,,,,,,,,2431087.1962211155,,,,,2251461.7796566174,,,2893032.3111791546,2525193.7623522957,330976.16390199366,2431087.1962211155
ignacio miramon__2003-06-12,,,,,,,1560203.3288216745,,1664312.6650249998,,,,,,,,,,1612257.9969233372,73616.41761420146,1612257.9969233372
ignacio pussetto__1995-12-21,Ignacio Pussetto,FWD,2050000.000000001,1644644.1122376984,1507180.477697296,,,,,1716813.0281397626,,,,1492587.7216139317,,,,,1590306.3349221721,108651.38900584316,1575912.2949674972
ignatius ganago__1999-02-16,,,,,,,2436327.3500848156,2560085.8063176624,,,,,,,,,,,2498206.578201239,87510.44363142447,2498206.578201239
igor vekic__1998-05-06,,,,,,645354.7119268558,,,,,659662.7083051464,,,672544.9345194071,,,,645938.6411374856,655875.2489722237,12931.11414927647,652800.674721316
ihlas bebou__1994-04-23,,,,,,,,,,,,,3411336.8569402127,,,,3778583.4436618206,,3594960.150301017,259682.55183846247,3594960.150301017
ike ugbo__1998-09-21,,,,,2008301.6467713905,,,1992736.9358598823,,1861663.5202001876,,2003950.3358339248,,,,,,,1966663.1096663463,70306.14768746018,1998343.6358469035
ilaix moriba__2003-01-19,,,,,18801316.63643553,,,,,,,,,,19821540.41756519,,,,19311428.52700036,721407.1539645614,19311428.52700036
ilan kebbal__1998-07-10,,,,,,,,,9930092.886028623,,,,,,,,,,9930092.886028623,,9930092.886028623
ilario monterisi__2001-12-19,,,,,1888021.9863866777,,,,2026403.3624314119,,1670157.9006793683,,,,,,,,1861527.749832486,179594.44780580993,1888021.9863866777
ilay camara__2003-01-18,Ilay Camara,DEF,3499999.9999999995,2754807.5417400636,,,,,2625194.8802480334,,,,,2592153.547800844,,,,,2657385.32326298,85972.37290094314,2625194.8802480334
ilia gruev__2000-05-06,,,,,,,,,6380856.698405262,,,,,,,,,,6380856.698405262,,6380856.698405262
ilias akhomach__2004-04-16,Ilias Akhomach,MID,10750000.000000006,10160141.621591903,,8022805.429576406,7846467.4520932995,,,8857036.986448457,,,,8411766.119486287,,,8917429.525673835,,8702607.855811698,833558.399850218,8634401.552967373
ilias bronkhorst__1997-05-10,,,,,,854758.1120991345,,,827327.9090359514,924818.7226483267,826875.8924168725,,954663.6273939784,,,853067.7930545263,851140.3410493946,,870378.9139568835,49543.4399331179,853067.7930545263
ilias kostis__2003-02-27,Ilias Kostis,DEF,1400000.0000000007,2026230.0562313083,1896670.0159611492,1789523.5226025549,,,,,,2032360.0167820095,,,,,,,1936195.9028942557,116087.27815056336,1961450.0360962288
ilias sebaoui__2001-10-04,Ilias Sebaoui,MID,1899999.9999999993,1573730.4949226272,1562262.0449410293,1512137.7059683083,,,,1678198.40944182,,,,,,,,,1581582.1638184462,69742.73520671716,1567996.2699318281
iliman ndiaye__2000-03-06,,,,,,,,43291140.37980872,,,,,,,,,,,43291140.37980872,,43291140.37980872
ilkay gundogan__1990-10-24,,,,,,,,,,,11139357.747655123,,,,,,,,11139357.747655123,,11139357.747655123
illan meslier__2000-03-02,,,,,,,,,,2726135.492298489,2666957.6584228505,,,,,,,,2696546.5753606698,41845.047629394925,2696546.5753606698
ilmari niskanen__1997-10-27,,,,,,473177.0882047093,,,,,,,,454066.8603159684,,,445749.08219221287,,457664.3435709635,14063.438156541331,454066.8603159684
ilyas chaira__2001-02-02,,,,,3106421.7893861523,,3321502.3902588636,,,,,3072623.864922991,,2878383.3921830584,,,,2753332.6528680515,3026452.817923823,219146.20206161696,3072623.864922991
imari samuels__2003-02-05,,,,,,278885.4139740406,,,,,,,,,,,,,278885.4139740406,,278885.4139740406
immanuel pherai__2001-04-25,,,,,,,,,,,,,,,1897864.2199830252,1652631.508724498,,,1775247.8643537615,173405.71309966713,1775247.8643537615
imran louza__1999-05-01,,,,,5478832.451231382,5794566.627911599,,5924840.57815954,6034343.956805354,5912165.675406643,,,,,5741880.819596093,,,,5814438.3515184345,194107.47428346105,5853366.151659122
indiana vassilev__2001-02-16,,,,,1414877.9283419847,,1287760.8217601774,1424982.2597574505,1424514.3318940832,,,1369783.2576740684,,,,,,,1384383.7198855528,58604.10000211005,1414877.9283419847
indrit tuci__2000-09-14,,,,,1096572.6444613396,1161363.301959097,,,,,,,,,,,,,1128967.9732102184,45813.91327419925,1128967.9732102184
inigo ruiz de galarreta__1993-08-06,,,,,,,,11236416.311670192,,,,,,,,,,,11236416.311670192,,11236416.311670192
innes cameron__2000-08-22,Innes Cameron,FWD,275000.0000000002,271595.35054848535,293018.292311511,,,,,,,,268287.2831308097,,,,,,277633.6419969353,13425.774707118435,271595.35054848535
ionut pop__1997-08-01,,,,,,,,,,,,,168813.84212867185,,174324.6816877822,147500.15615903796,,,163546.22665849733,14166.849403335214,168813.84212867185
irakli yegoian__2004-03-19,,,,,,1046786.5877188159,,,,1075075.445521756,,,884903.9190550754,,,,,,1002255.3174318825,102608.8587534858,1046786.5877188159
irfan can kahveci__1995-07-15,,,,,,,4049531.562040898,,,,,8229438.70131598,,,,,,,6139485.13167844,2955640.6829114733,6139485.13167844
irvin cardona__1997-08-08,,,,,,,,,,,,1995437.5332338442,,,,,,,1995437.5332338442,,1995437.5332338442
isaac babadi__2005-04-06,,,,,3881806.819098703,,,,,,,,3081809.0891307835,,,,,,3481807.9541147435,565683.8197941604,3481807.9541147435
isaac hayden__1995-03-22,,,,,1726160.5428662384,1602377.5856388647,,1689580.5638960458,1709718.4408792802,,,,,,1742417.2643909918,,,,1694050.8795342841,54862.9808646943,1709718.4408792802
isaac mbenza__1996-03-08,Isaac Mbenza,MID,1099999.9999999998,1295385.4086849666,,,,,,,,,1097577.8674744638,,1257827.2223473235,,,,1216930.166168918,105054.18955463386,1257827.2223473235
isaac olaofe__1999-11-21,,,,,,,,794064.9814615019,,742564.9976695282,,788151.6229879512,,,,,,,774927.200706327,28182.017159093204,788151.6229879512
isaac pappoe__2003-12-20,,,,,,,,578154.1203057164,,,,,,,562673.3332857953,,573939.3497471951,,571588.9344462355,8003.563628426904,573939.3497471951
isaac price__2003-09-26,,,,,,,,,,,,,,3048993.0593555216,,,,,3048993.0593555216,,3048993.0593555216
isaac schmidt__1999-12-07,,,,,,,,2941220.858325075,2917849.1027395567,,,,,2722908.800468474,3016659.4592731725,,,3046619.6759933853,2929051.579359933,126753.53061252355,2941220.858325075
isaak davies__2001-09-25,Isaak Davies,MID,1800000.000000001,1701642.822930576,,,1390522.4946668043,,,,1519780.8120113614,,,1634632.7372438672,,,1743004.7142621165,,1597916.7162229451,143418.34022291712,1634632.7372438672
isaak toure__2003-03-28,,,,,,,,3437285.7939192895,3717823.671254575,3416880.883598411,,,,,,,3591692.404098915,,3540920.688217798,141419.58490852878,3514489.099009102
isaiah ahmed__2005-12-28,Isaiah Ahmed,MID,312500.00000000023,269930.13323409733,,,288209.20547201,,,,,,,,267758.25256182696,,,,275299.19708931143,11233.009558647054,269930.13323409733
isaiah jones__1999-06-26,,,,,,,,,,,,,1629416.656128651,,,,,,1629416.656128651,,1629416.656128651
isaias delpupo__2003-03-31,,,,,,647124.9810140671,,,,,,,,664285.0027570957,,,,587698.0677912767,633036.0171874799,40190.34496175431,647124.9810140671
isak andri sigurgeirsson__2003-09-11,,,,,,,,,,1107161.5695626126,,,,,,1211965.668108371,,,1159563.6188354918,74107.68877784903,1159563.6188354918
isak dybvik maatta__2001-09-19,,,,,1044967.0924132854,,,996329.9397107108,,,959772.86690469,1055445.140028068,,,,,,,1014128.7597641887,44457.49701507127,1020648.5160619981
isak hansenaaren__2004-08-22,,,,,,635914.3520067307,,,,,,638614.5605333706,,,632646.7262499025,,625881.4498749324,,633264.2721662341,5493.509404022219,634280.5391283166
isak hien__1999-01-13,,,,,,15675683.052821422,,,,,16795468.823150113,,14785645.684943352,,,15642321.330788795,16644429.931196112,,15908709.764579957,823735.8442702751,15675683.052821422
isak jensen__2003-12-23,,,,,,,,,,,,,,3391469.4187170565,3316443.0404708334,,,,3353956.2295939447,53051.660825771214,3353956.2295939447
isak vural__2006-05-28,,,,,,,831839.597540197,,,880075.6405685354,970478.8627902118,,,869123.0717029821,,813908.6053921093,925331.6854070621,,881792.9105668496,58357.3632729079,874599.3561357588
ishaq abdulrazak__2002-05-05,,,,,,,,,,808496.2613481258,,,,,,,,,808496.2613481258,,808496.2613481258
ishe samuelssmith__2006-06-05,,,,,,1899500.2948154625,,,,,,,,,,,,2009836.9600354359,1954668.6274254492,78019.80419055301,1954668.6274254492
islam chesnokov__1999-11-21,,,,,,,,,,1080113.9621759767,1215291.3767532809,,,,,,1042705.5328590332,,1112703.62392943,90791.14999864134,1080113.9621759767
islam slimani__1988-06-18,,,,,,,,,,,,222852.83946529162,,,,,,,222852.83946529162,,222852.83946529162
ismael bekhoucha__2004-11-20,,,,,,,,,904228.9183019012,881861.0945443963,803401.5273951268,,893294.9103680407,,895356.4042689268,,,848970.8300409014,871185.6141532157,38385.030820262495,887578.0024562185
ismael bennacer__1997-12-01,Ismaël Bennacer,MID,24999999.999999963,19255653.32794543,20423445.87225296,,16166186.366959402,,,16985872.560327996,,,,,,,,,18207789.531871445,1972171.0644296024,18120762.944136713
ismael boura__2000-08-14,Ismaël Boura,DEF,1350000.0,1210892.8338248883,1375482.5185682953,,,,,,,1288983.4476848992,,,,1356537.4312224116,1268852.2090684392,,1300149.6880737867,66943.28957153086,1288983.4476848992
ismael doukoure__2003-07-24,,,,,,,,12329387.677062217,,,,,11071818.388159871,,,,,,11700603.032611044,889235.7719947933,11700603.032611044
ismael gharbi__2004-04-10,,,,,,,,,,,3690024.973170399,,,4763193.414467625,,,,,4226609.1938190125,758844.6821966659,4226609.1938190125
ismael guerti__2004-07-30,,,,,235288.731056065,239743.0992714939,,,,,,238828.29848836723,,230174.9249229505,,231126.16159502167,,,235032.24306677966,4345.083458585396,235288.731056065
ismael kone__2002-06-16,,,,,,,,6991012.291880621,,,,,,,,,,,6991012.291880621,,6991012.291880621
ismaelo ganiou__2005-03-14,,,,,,,3233830.420446385,,3534868.964138448,,,,,,3645597.500343628,3284521.831493723,,,3424704.6791055463,197496.00971038506,3409695.3978160853
ismahila ouedraogo__1999-11-05,,,,,,793656.497763046,,,,,,813835.4206457334,803920.4770631184,798967.235740495,729378.6955995642,,711964.8609096481,666356.5089851989,759725.6709581149,56997.1952666304,793656.497763046
ismail jakobs__1999-08-17,,,,,,9348413.207527261,,,,,8298110.545289361,,8975998.785774369,9406656.519882305,,,,,9007294.764618324,509827.8464008472,9162205.996650815
ismail koybas__1989-07-10,,,,,328874.0308618705,,,,,,,,,,,,324111.4543799491,,326492.7426209098,3367.6501262862093,326492.7426209098
ismail yuksek__1999-01-26,,,,,,,,,,,,10096229.131936744,,10784645.154503757,,,8394772.33659665,,9758548.874345716,1230200.7920326958,10096229.131936744
ismaila sarr__1998-02-25,,,,,,,,,,,,21925240.127055403,,,21022151.64860996,22246097.918582607,,19546810.601636585,21185075.073971137,1208865.6261746213,21473695.88783268
ismaila soro__1998-05-07,,,,,,1668377.6247897611,,,,,1563825.2641327197,1743115.1658228699,,,1838057.4902459856,,1831153.7071145335,1712688.1077165422,1726202.8933037352,103638.84860592039,1727901.636769706
isnik alimi__1994-02-02,,,,,940872.8074264962,,1062633.8390188508,,914361.153828775,,,,,,,1000029.5232100611,,,979474.3308710458,65999.55344358266,970451.1653182786
issa diop__1997-01-09,,,,,8720923.23653024,,,,,,,,,,9887915.549479792,,,,9304419.393005017,825188.1780792013,9304419.393005017
issa kabore__2001-05-12,,,,,,,,,,,,,6741893.818159857,,,7193872.7316935025,,,6967883.274926679,319597.3547129691,6967883.274926679
issa kallon__1996-01-03,,,,,,,,903108.742872436,,876602.5924917789,,,679554.0165628813,,,846795.0062890371,842732.0679536689,,829758.4852339604,87456.51774942093,846795.0062890371
issa soumare__2000-10-10,,,,,,,,,,,4347513.663241432,,5242392.905894364,,4296255.395952641,,,,4628720.655029479,532073.3747356122,4347513.663241432
issam el maach__2000-02-01,,,,,437001.86341803195,,,,,,,,,,,,,,437001.86341803195,,437001.86341803195
issiaga camara__2005-02-02,,,,,,,,1620656.6745239415,,,,,,,,,1557713.5901642633,,1589185.1323441025,44507.48177952538,1589185.1323441025
iurie iovu__2002-07-06,,,,,,,,,,,,,,,315797.36260077334,,275279.099740709,,295538.23117074114,28650.738430250527,295538.23117074114
ivan angulo__1999-03-22,,,,,1404449.089369479,,1506728.6172647143,1200914.4433270562,,,1500248.012611483,1220972.5332894668,,,1254901.7771249923,,1375840.5757086738,,1352007.8640994094,128232.08464215897,1375840.5757086738
ivan balliu__1992-01-01,,,,,,2414723.7656171015,,,,,,,,,2540361.0285523236,,,,2477542.3970847125,88838.96059121285,2477542.3970847125
ivan brnic__2001-08-23,,,,,,,1536151.0026485452,,,,,,,,,,,,1536151.0026485452,,1536151.0026485452
ivan dolcek__2000-04-24,,,,,,,,,,,,,,,,,,687230.9098935126,687230.9098935126,,687230.9098935126
ivan ilic__2001-03-17,,,,,,,11866595.831197914,,,,,,,,,,,,11866595.831197914,,11866595.831197914
ivan mbahia__2005-04-19,,,,,479014.1094923048,,,,447344.2907538836,,471635.94666413637,,,,,,,,465998.11563677486,16570.55245762564,471635.94666413637
ivan mesik__2001-06-01,Ivan Mesík,DEF,1099999.9999999998,997316.7354377521,,,,,,,,,,,,,,,997316.7354377521,,997316.7354377521
ivan nasberg__1996-04-22,Ivan Näsberg,DEF,725000.0000000006,839509.7244754228,,,,727723.6561612816,,,,,,,,,,,783616.6903183522,79044.68694711184,783616.6903183522
ivan pavlic__2001-11-10,,,,,782442.1968324212,,670011.292135581,746033.3804149248,,,808540.4278743326,,,,749744.5541849228,,,735872.3104404787,748774.0269804435,47082.999253578004,747888.9672999238
ivan perisic__1989-02-02,,,,,,8900070.655239109,7164995.016460875,8276880.383837076,,,,,,,,,,,8113982.018512353,878933.3172314747,8276880.383837076
ivan pillud__1986-04-24,,,,,,262955.9081830825,,,,,234727.44270342178,,,,,,,232621.88087368337,243435.0772533959,16938.284381653575,234727.44270342178
ivan provedel__1994-03-17,,,,,,,,,,,,,,,,,,12314104.42661859,12314104.42661859,,12314104.42661859
ivan saio__2002-03-16,Ivan Saio,GK,425000.0000000002,371193.50735267723,388188.3705695282,,411753.043786773,,390450.2510229446,,,,,,,,,,390396.29318298073,16630.6505556515,389319.3107962364
ivan smolcic__2000-08-17,,,,,3144902.2590046134,,2462876.8313840786,,3740711.0798314814,,,3596385.079191526,,,,,,,3236218.812352925,574638.6459211691,3370643.66909807
ivan toney__1996-03-16,,,,,29049451.614622433,,,,,,18520722.815932967,,,,23782339.45058162,27784007.356046412,,,24784130.30929586,4740818.722745803,25783173.403314017
ivan zlobin__1997-03-07,,,,,,,1210756.5815236773,,,,,,,,1382504.2484296656,,1465363.5611851604,1577863.74902221,1409122.0350401783,154590.03311291925,1423933.904807413
ivar jenner__2004-01-10,,,,,,,,,,546537.3609653685,,,545687.1879307288,610327.9901823039,,,590651.1580783182,,573300.9242891797,32408.028730821305,568594.2595218434
iver fossum__1996-07-15,,,,,,1306278.7511587655,,,,,,,,,,,,,1306278.7511587655,,1306278.7511587655
ivica ivusic__1995-02-01,,,,,,973482.0574965148,,,,,,,,1184183.6736286017,,,,1059794.5273990661,1072486.7528413942,105922.67085084991,1059794.5273990661
ivo grbic__1996-01-18,,,,,,1334813.0954430988,,,,,,,,,,,1487701.3350960712,,1411257.2152695851,108108.31102229081,1411257.2152695851
ivor pandur__2000-03-25,Ivor Pandur,GK,2100000.000000001,1982091.5858970436,,1776202.4258653538,1778484.9278129346,,1907708.8343802756,1847239.0023725808,,,,,,,,,1858345.3552656374,88031.78753120372,1847239.0023725808
iyad mohamed__2001-03-05,,,,,,,968936.8678812415,,,,,,,,,1129679.8020303447,1066903.655640802,,1055173.441850796,81010.93232635439,1066903.655640802
izzet celik__2004-06-20,,,,,,,,,357426.3696245991,,,321915.9910956838,,,,,,,339671.18036014144,25109.629460297176,339671.18036014144
jacen russellrowe__2002-09-13,,,,,,,,,,,829816.6577854799,,,,,,901485.2772067445,,865650.9674961122,50677.36679105411,865650.9674961122
jack aitchison__2000-03-05,,,,,519954.654763104,,,,,,,,,,,516154.1075715458,,,518054.3811673249,2687.3926913702726,518054.3811673249
jack baldwin__1993-06-30,,,,,,261922.1786362698,,,,,,,274135.85344178334,,290031.9804215152,,,251841.8803239793,269482.9732058869,16454.834797404088,268029.01603902655
jack burroughs__2001-03-21,,,,,,,,,,552408.2884094026,,,,,,,569853.546629826,586911.4095895033,569724.414876244,17251.92305366321,569853.546629826
jack byrne__1996-04-24,Jack Byrne,MID,662499.9999999998,691232.5086311474,,,,,,665868.5521681708,,,,,,,,,678550.5303996592,17935.02561269114,678550.5303996592
jack clarke__2000-11-23,,,,,,,,,,,,,,,,6064045.250409109,,,6064045.250409109,,6064045.250409109
jack duncan__1993-04-19,,,,,,,,,,,211315.3787929475,197465.17730388907,,215608.1873574722,,,,,208129.58115143623,9481.781658032345,211315.3787929475
jack grimmer__1994-01-25,Jack Grimmer,DEF,525000.0000000003,699411.2191371922,,,,669346.5112503129,,,,,,,,,,,684378.8651937526,21258.958821205055,684378.8651937526
jack hamilton__1994-03-22,,,,,,,,,199066.25139127075,,,,,,,189702.14861944073,,,194384.20000535576,6621.420569688752,194384.20000535576
jack harrison__1996-11-20,,,,,5030734.120543083,,,,,,,5455590.748845168,,,,,,,5243162.434694126,300419.0029044569,5243162.434694126
jack hinchy__2003-01-30,,,,,,,,,,,,,,269970.0136841312,253487.53972401112,,,,261728.77670407115,11654.8691079316,261728.77670407115
jack hinshelwood__2005-04-11,,,,,,,,,,,,,13432400.811071677,15664372.801998777,,,17121328.733997446,,15406034.1156893,1857983.1707441367,15664372.801998777
jack iredale__1996-05-02,,,,,632330.0740151163,,,558156.4907181984,,,527689.1706221498,,,,,,,,572725.2451184882,53820.22035727845,558156.4907181984
jack mcmillan__1997-12-18,,,,,,,,,,387438.3182540539,,,,387065.12986731436,408595.411905551,,,,394366.28667563974,12324.196566079743,387438.3182540539
jack milne__2003-02-10,,,,,,,,,,483371.46000428544,323407.405491236,411846.58744215773,360241.71553920436,,392298.9028987385,,415591.07648872363,,397792.85797739093,54426.920547304224,402072.7451704481
jack payne__1994-10-25,,,,,,,,,,,,,,597517.5721845278,,,,,597517.5721845278,,597517.5721845278
jack robinson__1993-09-01,,,,,,2157943.1830505216,,,,,,,,,,2480573.269065133,,1836880.3376398257,2158465.59658516,321846.78370095947,2157943.1830505216
jack simpson__1996-12-18,,,,,,,,,,491089.4462071108,,,,,,,,,491089.4462071108,,491089.4462071108
jack stacey__1996-04-06,,,,,,2523554.353982168,3888214.656860583,2823943.3934429823,,,,,,,2313287.5627506445,2592792.8612335334,,,2828358.565653982,619880.9108202187,2592792.8612335334
jack stephens__1994-01-27,,,,,,2889437.1929941354,,,,,,,,2494877.6362457452,,,,,2692157.4146199403,278995.7381587451,2692157.4146199403
jack thomson__2000-01-20,,,,,,,,363391.1251185567,,362252.08283246326,375634.57924948126,,,,,323130.96554447163,,,356102.1881862432,22800.333542175667,362821.60397551
jack vale__2001-03-03,Jack Vale,MID,649999.9999999995,644784.1829606635,,,,,617332.1312155096,,,,692872.3319022484,,,643653.4702168253,,,649660.5290738116,31476.174689728312,644218.8265887443
jack walton__1998-04-23,,,,,,,,,,,,647542.985105284,,,,,,,647542.985105284,,647542.985105284
jackson muleka__1999-10-04,,,,,,2150394.344559416,,,,2234452.47484587,,,1496040.5024029694,,,,,,1960295.7739360852,404247.64708842634,2150394.344559416
jackson smith__2001-10-14,,,,,,,385582.86890629714,393425.71713186195,,,387729.16061942064,,,,,,401688.5669818096,,392106.57840984734,7194.331198005587,390577.4388756413
jacob ambk__2008-03-28,,,,,,,436496.61734519625,,459521.42788409314,,,425706.2473535986,,,,,,,440574.76419429603,17272.523552440187,436496.61734519625
jacob andersen__2004-01-26,,,,,,1413935.3103647528,,,,,1431941.327297942,,,,,,,,1422938.3188313474,12732.176675617913,1422938.3188313474
jacob barrett laursen__1994-11-17,Jacob Barrett Laursen,DEF,562500.0000000003,361683.5616870834,,379426.21452869347,,,381503.810130477,,,,356170.1879770562,,,,,337854.7449583341,363327.70385632885,17974.54976634344,361683.5616870834
jacob brown__1998-04-10,,,,,,,1120229.495656069,,,,,,,,1010551.6970350998,,,,1065390.5963455844,77553.91515049979,1065390.5963455844
jacob bruun larsen__1998-09-19,Jacob Bruun Larsen,MID,6300000.000000002,8742279.838093033,,,,,,9168354.829594743,,,,,,,8717414.842740797,,8876016.50347619,253477.4934522082,8742279.838093033
jacob christensen__2001-06-25,,,,,1586181.4624017966,,,,,,,1533111.3048912406,,1659772.8099881227,,,,,1593021.8590937199,63607.21255116459,1586181.4624017966
jacob murphy__1995-02-24,,,,,,17630768.683636077,,19623515.370153606,,,,19179659.91155347,,,,,,,18811314.655114383,1046192.3867590174,19179659.91155347
jacob ondrejka__2002-09-02,,,,,,,,,,,6336912.606675453,,,,,6613321.933143981,,6269308.702301079,6406514.414040171,182262.4054490376,6336912.606675453
jacob trenskow__2000-11-26,,,,,1947600.7273234394,,2297458.618707232,2180085.8740975847,,,2315519.7254351676,,1974765.3885789851,,,,,2177921.713906053,2148892.0080080773,156518.92819029596,2179003.7940018186
jacob wright__2005-09-21,,,,,,,,,,,1914335.114843907,,,,,,,,1914335.114843907,,1914335.114843907
jacopo fazzini__2003-03-16,,,,,,,,,,,,,,,,7251707.228118084,,,7251707.228118084,,7251707.228118084
jacopo petriccione__1995-02-22,,,,,,,,1005117.2818127665,,,,,,,1100534.546616649,,,,1052825.9142147077,67470.19498509786,1052825.9142147077
jacopo segre__1997-02-17,,,,,,,1942745.1226249798,,1956936.4846908022,,,,,,,,1978285.2589696886,,1959322.2887618234,17889.783918457433,1956936.4846908022
jacques ekomie__2003-08-19,,,,,3176751.587071339,3125910.36075295,,,,,,,,3120749.2243301077,3234501.1101936144,,,,3164478.0705870027,53083.41084068618,3151330.9739121445
jaden philogene__2002-02-08,,,,,,,,,,,,9722481.082202345,8079866.197984648,,,,,,8901173.640093496,1161504.1235082892,8901173.640093496
jaden slory__2005-05-09,Jaden Slory,MID,1550000.0000000012,1780857.1241016593,,,,,,,,,,,1718523.6107582878,,1792048.4155694908,,1763809.7168098127,39616.092717000145,1780857.1241016593
jadon sancho__2000-03-25,Jadon Sancho,MID,20999999.99999998,22677378.536236145,,,,,24241263.089703258,,,,,,,,,27006896.01197053,24641845.87930331,2192380.0586725795,24241263.089703258
jahmai simpsonpusey__2005-11-04,Jahmai Simpson-Pusey,DEF,3200000.0000000023,2054274.1059374658,,,,,,,,,,,,,,1955034.4711788625,2004654.2885581641,70173.01870028459,2004654.2885581641
jahnoah markelo__2003-01-04,,,,,,,,,,,,,,,,,1162945.5105396558,1013486.2019072443,1088215.85622345,105683.6906454313,1088215.85622345
jaidon anthony__1999-12-01,Jaidon Anthony,MID,10750000.000000006,9543492.361951988,,,,8710661.40711121,,,,,,,,,,,9127076.884531599,588900.4157499811,9127076.884531599
jairo riedewald__1996-09-09,,,,,2480677.920200502,,,,,,,,2848586.0934354216,3249291.5595829426,,,,,2859518.524406289,384423.42566027335,2848586.0934354216
jak alnwick__1993-06-17,,,,,,,448560.92009213456,,442245.65651877614,495325.8864328338,,,,,,,446483.64972222556,,458154.0281914925,24920.19790593936,447522.28490718006
jaka bijol__1999-02-05,,,,,,,,,,13797749.019894341,,14052164.212277396,,,,14860659.19361409,,14341678.116354104,14263062.635534983,456178.6732869481,14196921.164315749
jake caprice__1992-11-11,,,,,,,,,,,264309.26224172127,263970.9424188936,,,241730.88269907053,,,,256670.36245322847,12939.074795722487,263970.9424188936
jake clarkesalter__1997-09-22,,,,,,,3013186.416589025,,,,,,2995055.7064247914,,,2619039.6263954164,,,2875760.583136411,222511.61292227768,2995055.7064247914
jake eastwood__1996-10-03,,,,,,,,,,,,,,,151290.22296202654,,179079.439255471,,165184.83110874877,19649.943284954265,165184.83110874877
jake mulraney__1996-04-05,Jake Mulraney,MID,449999.99999999994,331221.2970338399,,,,,,,,,,,,,,,331221.2970338399,,331221.2970338399
jake obrien__2001-05-15,,,,,14957787.058190543,,,,,,,,,,,,,,14957787.058190543,,14957787.058190543
jake young__2001-07-22,,,,,618732.0637790888,,,,,,547219.8376442915,,,,607483.2913584422,,,,591145.0642606075,38453.90578619956,607483.2913584422
jakob bonde__1993-12-29,,,,,645178.2894141107,625593.1488279459,624002.4601189902,,,,629293.3440025573,,,,,,636441.890561911,637444.1587208252,632992.2152743901,8117.437941824775,632867.6172822341
jakob breum__2003-11-17,Jakob Breum,MID,6999999.999999995,6982789.737171834,,,,,7604514.045410174,,,7821506.621465849,,,7732039.417980151,6992414.033648781,7608550.479372851,,7456969.055841606,372546.69175380754,7606532.262391512
jakob busk__1993-09-12,,,,,,,,,293149.88192054926,,,,,340885.116340144,,,,,317017.49913034664,33753.90795962494,317017.49913034664
jakob haugaard__1992-05-01,Jakob Haugaard,GK,412500.00000000006,421989.1881382276,,,,,446314.5801675139,,446127.3784281337,,,,,,,,438143.71557795844,13990.544261163266,446127.3784281337
jakob jessen__2004-03-05,,,,,,,,,,410867.68461044773,,,,376856.82948123576,,,404900.72298787016,,397541.7456931846,18160.40959815705,404900.72298787016
jakob kiilerich__2000-05-10,Jakob Kiilerich,DEF,1200000.0000000005,1607494.68469668,1548509.8873027295,,,,1579533.0369782287,1652303.2787935478,1436247.9845150632,,,,,,,,1564817.7744572498,81375.22527901945,1579533.0369782287
jakub brabec__1992-08-06,Jakub Brabec,DEF,1749999.9999999998,1365121.990625822,,1308998.4050815748,,1207922.6911484157,,,,,,1290099.7924574562,1309069.4997844575,1312941.08423738,1343777.443822353,,1305418.7010224941,49764.01930045692,1309069.4997844575
jakub hromada__1996-05-25,Jakub Hromada,MID,999999.9999999997,509007.5785524352,,,,,,,,,,,,,489433.7941779813,,499220.68636520824,13840.755664659624,499220.68636520824
jakub kaminski__2002-06-05,,,,,,,,,,,10417047.802756507,,,,,,,,10417047.802756507,,10417047.802756507
jakub kiwior__2000-02-15,,,,,,,,30112874.492858913,,,,29456351.6612489,,,,,,,29784613.077053905,464231.7462352339,29784613.077053905
jakub moder__1999-04-07,,,,,,,,,4628693.240169662,,,,,,,,4428809.759189744,5172991.987626469,4743498.328995292,385145.36683628696,4628693.240169662
jakub piotrowski__1997-10-04,,,,,2158885.2473957506,,2035671.0207824062,,2151682.855946122,2217794.1752879038,,2136043.404545131,2333426.4850085475,,,,2229061.045714046,,2180366.3192399866,92542.65936736943,2158885.2473957506
jakub stolarczyk__2000-12-19,Jakub Stolarczyk,GK,1499999.9999999986,1996073.1607879822,,,,,1756550.474978658,,,,,,,,,,1876311.8178833202,169368.11538378804,1876311.8178833202
jalen blesa__2001-02-05,,,,,,,,,,,,,432773.2189633081,,,,,,432773.2189633081,,432773.2189633081
jalmaro calvin__2003-06-30,,,,,,,,234014.15387351555,,,,235402.80668342527,,,237429.47415439633,220440.83517580893,,,231821.81747178652,7715.836401488244,234708.4802784704
jamaal lascelles__1993-11-11,,,,,,,,,,,2247616.0930638574,,,2520597.1051070434,2503898.684522953,,,,2424037.2942312844,153013.2003407521,2503898.684522953
jamal lewis__1998-01-25,,,,,,,1198623.5853695641,,,,,,,,,,,,1198623.5853695641,,1198623.5853695641
jamal musiala__2003-02-26,,,,,123863699.1674279,,,,111911934.08580811,,,,,,,,,,117887816.626618,8451174.13636194,117887816.626618
jamal thiare__1993-03-31,,,,,,,,,,,,,722262.686845756,,809652.9743490606,,775317.1322843464,,769077.5978263877,44027.99598172278,775317.1322843464
james abankwah__2004-01-16,James Abankwah,DEF,1050000.0000000007,1391220.5199874516,,,,,,,,,,1347863.7377206949,,,,1382901.6517951968,1373995.303167781,23009.670283090556,1382901.6517951968
james bolton__1994-08-13,,,,,,,,,,,,,,,,343634.0263486834,349385.90145069506,,346509.96389968926,4067.1898891705105,346509.96389968926
james bree__1997-12-11,James Bree,DEF,1749999.9999999998,1921577.469665055,2099341.3258779175,,,2329853.6133780386,,2082174.4553758523,,2232785.2261671517,,2010768.1021662736,1769440.357808937,,,,2063705.792919889,187362.6187630766,2082174.4553758523
james collins__1990-12-01,,,,,,429719.42282510875,452628.25285568857,,,,,,421827.15705181926,,433839.98751543206,,,457674.71754772944,439137.9075591556,15346.34024266524,433839.98751543206
james forrest__1991-07-07,,,,,1139433.8526364325,1336671.0103055728,,1255935.6006598023,,,,,,,,1189258.4093839293,1232856.3240574098,1278767.9908081107,1238820.531308543,69040.75456510345,1244395.962358606
james furlong__2002-06-07,,,,,,548053.017009331,,,,,,,,,,,,,548053.017009331,,548053.017009331
james garner__2001-03-13,,,,,37591025.60924642,,,,,,,35315311.149814084,35780492.51117679,,,32783697.336843368,,,35367631.65177017,1982707.640084895,35547901.83049543
james gomez__2001-11-14,,,,,722333.7680953989,,,,,,,,762007.3544960778,,,,,,742170.5612957383,28053.461977910407,742170.5612957383
james hill__2002-01-10,,,,,,,6554703.790157146,,,,,,,,,,,,6554703.790157146,,6554703.790157146
james husband__1994-01-03,,,,,,,421496.5494747903,474083.4319104084,,,399212.22219865903,,,,461909.75509638636,,,427467.71673049865,436833.9350821486,30637.707515055274,427467.71673049865
james justin__1998-02-23,,,,,,,,5103516.420987864,6855272.706683905,,,,,,,,,,5979394.563835884,1238678.7486018296,5979394.563835884
james maddison__1996-11-23,James Maddison,MID,36000000.000000045,39071429.942222536,,,42224139.54759147,37655331.02102691,42699500.24182171,,,42049307.06821126,39610921.76050516,,42908370.414183766,40910862.78012577,,,40891232.846961066,1922750.119805469,41480084.92416851
james mcatee__2002-10-18,,,,,,,,,,,12631903.912734184,,,,11868286.436069654,9710822.30476603,,9446481.362847028,10914373.504104225,1577244.7933165526,10789554.37041784
james mcclean__1989-04-22,,,,,253344.0340161119,,,274643.17059407535,,,,,,,,,243220.25793296177,255522.12886658392,256682.39785243323,13118.809218211883,254433.0814413479
james mcconnell__2004-09-13,,,,,,,,,,,,,,2945662.9572738693,,,,,2945662.9572738693,,2945662.9572738693
james mcgarry__1998-04-09,,,,,546424.5729676492,,,,,535008.900261078,,,,,,,,,540716.7366143636,8072.099582622666,540716.7366143636
james milner__1986-01-04,,,,,,528341.1465047643,337994.51931069494,,,,,507013.6646886206,,,,,,,457783.1101680266,104286.60146367505,507013.6646886206
james morris__2001-11-23,,,,,,903265.3568388295,826345.53114944,,,873924.2202783126,,,,,,,,872479.7409716002,869003.7123095455,31779.84098800958,873201.9806249563
james olayinka__2000-10-05,,,,,,269938.0670995501,,,275664.75665043265,,,,,,,277762.3144866965,,,274455.04607889306,4049.970560879149,275664.75665043265
james penrice__1998-12-22,,,,,,,,,,,,,,,,1990031.2205894648,,,1990031.2205894648,,1990031.2205894648
james sands__2000-07-06,,,,,,,,,2163825.372947691,,,,,,,,,,2163825.372947691,,2163825.372947691
james shea__1991-06-16,,,,,,,,224403.44068730212,272672.40672705456,,,,,,,248328.21968539397,,279757.69153213577,256290.4396579716,25161.202977502027,260500.31320622427
james tarkowski__1992-11-19,James Tarkowski,DEF,10250000.000000004,10414286.612759218,,,,,,,,,,,,,,,10414286.612759218,,10414286.612759218
james tavernier__1991-10-31,,,,,,,,,,,3383075.096445077,4170511.7027157764,3457079.4416612685,,,3473069.004250372,,,3620933.8112681233,368476.5404468224,3465074.22295582
james tilley__1998-06-13,James Tilley,DEF,499999.99999999977,552021.109134687,516238.18602219294,552302.6832232967,,,575468.5646758081,532262.0138943486,,,505964.7895226011,,,,,524505.2139018764,536966.0800535445,24195.156707996062,532262.0138943486
james trafford__2002-10-10,,,,,,,,,17993690.76706375,,,,,,,17880632.784998238,,,17937161.776030995,79944.06578579183,17937161.776030995
james wardprowse__1994-11-01,,,,,,5406385.227267325,3992639.763388947,3999418.377721017,,,,,,,,4783274.425768432,,,4545429.4485364305,683500.6977765422,4391346.401744725
james wilson__2007-03-06,,,,,,,,,,1123214.6846899108,,,,,,,,,1123214.6846899108,,1123214.6846899108
jamie brandon__1998-02-05,Jamie Brandon,DEF,337500.00000000006,360749.2319577074,332858.6631832115,,211025.8927093055,,,,,,,,,,,,301544.5959500748,79622.21853185243,332858.6631832115
jamie cumming__1999-09-04,,,,,,,,,,,,,1084548.9959868873,,1160146.8636511147,,,,1122347.929819001,53455.764868618484,1122347.929819001
jamie donley__2005-01-03,,,,,,,,,,,,,,,1788391.9183404988,,,,1788391.9183404988,,1788391.9183404988
jamie gittens__2004-08-08,Jamie Gittens,MID,33999999.99999994,29000099.551628727,,,,,,33209506.14637348,,,,,32519400.529946353,,,,31576335.409316186,2257610.4261546205,32519400.529946353
jamie lawrence__2002-11-10,Jamie Lawrence,DEF,1499999.9999999986,2034660.135058443,,,1917780.4904698231,,,,,,1971700.368631119,,,,,,1974713.664719795,58498.05804280217,1971700.368631119
jamie leweling__2001-02-26,,,,,,,,,13196499.261797061,,,,,,,,,,13196499.261797061,,13196499.261797061
jamie maclaren__1993-07-29,,,,,,,,,963021.9112811324,,,,850509.5272905274,,,,,,906765.7192858299,79558.26968722155,906765.7192858299
jamie mccart__1997-06-20,Jamie McCart,DEF,600000.0000000003,825412.064277269,,,690351.8646286031,,,,,781049.2219939067,,,,,,,765604.3836332597,68842.00502799332,781049.2219939067
jamie mcdonnell__2004-02-16,,,,,,,,,1321796.425790812,1348681.1373409773,,,,,,,,,1335238.7815658946,19010.361847366275,1335238.7815658946
jamie mcgrath__1996-09-30,,,,,1906846.5345408448,,,,,,2340519.9267784585,,877106.9838179488,,,,,2326876.8196578394,1862837.5661987728,687292.8625399802,2116861.677099342
jamie sneddon__1997-09-06,,,,,,,,,,,,,135074.48988642267,142975.4565645325,,,,151894.3676093497,143314.77135343498,8415.071155256508,142975.4565645325
jamie sterry__1995-11-21,Jamie Sterry,DEF,324999.9999999999,424167.8194985334,407154.1430670417,,,,429517.61943559715,418281.14467005356,,435068.6917435066,,,,,,,422837.8836829465,10755.50852995436,424167.8194985334
jamie walker__1993-06-25,,,,,,,,,,,,374119.81686973025,308428.607660353,,,,378879.92601093935,,353809.45018034085,39372.964209302416,374119.81686973025
jamil siebert__2002-04-02,Jamil Siebert,DEF,3149999.9999999995,3170939.103618535,,,,,,,,,,,3312887.2822865723,3118474.1562560825,,3371009.554578842,3243327.524185008,118278.91858927398,3241913.1929525537
jamilu collins__1994-08-05,,,,,,,,,,,,,,,,,,1036169.1185223473,1036169.1185223473,,1036169.1185223473
jan bednarek__1996-04-12,Jan Bednarek,DEF,15000000.00000001,10201130.027285699,,8320879.616273872,,8576030.761304125,9782902.017343588,8557058.372966314,,8700127.56963876,,,,,,8746120.512958517,8983464.12539584,712421.320744575,8700127.56963876
jan boller__2000-03-14,Jan Boller,DEF,562500.0000000003,480970.9468051163,,,,,494808.13952613133,,,478364.9346127895,490629.29699943296,,464024.9982088425,468413.15675292263,,483378.9322021676,480084.34358677187,11080.780147388945,480970.9468051163
jan faberski__2006-04-22,,,,,,,1224656.4916795357,,,,,830836.4029636908,,,,,,,1027746.4473216133,278472.8552984617,1027746.4473216133
jan hurtado__2000-03-05,,,,,,,,,,,,1690763.9351981904,,,,1721433.8496912702,,,1706098.8924447303,21686.904516468276,1706098.8924447303
jan kliment__1993-09-01,,,,,,,1697390.519484691,,2300478.338616806,2308725.0329752686,,,,,,1974511.3678610087,2194290.7590188747,,2095079.2035913295,259985.17760243625,2194290.7590188747
jan kuchta__1997-01-08,,,,,2532840.096746887,,1024683.4333486132,,,,,2781774.393509329,,,3111709.783107046,,,,2362751.926677969,923015.8858969441,2657307.245128108
jan mlakar__1998-10-23,,,,,,1167465.7075357079,,,1135958.6723957027,,,,,1092540.4201332587,,,,,1131988.2666882232,37620.11116672028,1135958.6723957027
jan oblak__1993-01-07,Jan Oblak,GK,30999999.999999978,28733501.977946136,,,,,,,,27975316.037014667,,28511698.549830012,,,,,28406838.85493027,389818.0947151944,28511698.549830012
jan olschowsky__2001-11-18,,,,,,993850.9604390184,,,1004964.1521827733,,,,,,,,,1055149.6686678452,1017988.2604298791,32658.89548583896,1004964.1521827733
jan paul van hecke__2000-06-08,,,,,31559284.519265067,,,28100870.67381618,,28672238.449980818,,,30067861.303057566,,,,,29327797.319071103,29545610.45303815,1343979.4866421986,29327797.319071103
jan schoppner__1999-06-12,,,,,,3448521.617357128,,3477464.4730554926,,,,,3514134.9281820846,4160060.9516757075,,,,,3650045.492567603,341068.67862476385,3495799.7006187886
jan thielmann__2002-05-26,,,,,,,,,,3342956.16415583,,,,,,,2890668.744514448,,3116812.454335139,319815.50147378695,3116812.454335139
jan urbich__2004-06-23,,,,,,616208.4358777733,,650700.7255987185,,,603759.8689716873,,712471.4161121804,,,,,,645785.1116400899,48689.92789486672,633454.580738246
jan zamburek__2001-02-13,,,,,,,1007093.9419368384,863678.2797567677,,,,,,,,931512.6076829903,,956642.210905713,939731.7600705774,59652.64237523819,944077.4092943517
jancarlo simic__2005-05-02,Jan-Carlo Simić,DEF,4300000.000000002,4177240.364804539,3795765.8576109116,,,,,,4582585.940352451,,,,4353055.713956014,4311987.636338667,,,4244127.102612516,290054.52977201995,4311987.636338667
janik haberer__1994-04-02,,,,,,,,,2867208.1193154217,,3139515.9280698798,,,3013676.8387883957,,3024476.4780705418,3501385.633367384,,3109252.5995223247,239578.50096273984,3024476.4780705418
janis blaswich__1991-05-02,Janis Blaswich,GK,1262500.0,604625.4108865629,,,,733109.3931481334,,,,,,,,643094.7444593941,,,660276.5161646969,65942.72805736617,643094.7444593941
jankat ylmaz__2004-08-16,,,,,,796903.1714373457,,,,,,,,,,,,860662.6466791896,828782.9090582677,45084.757308403656,828782.9090582677
jannes wieckhoff__2000-08-02,,,,,,,560739.38861018,,,,,,669612.5820418758,,,,,,615175.985326028,76984.97336498678,615175.985326028
janni serra__1998-03-13,,,,,,,,484678.4555244976,,,577762.7352214833,,639093.2662424099,,,582273.2013777813,,,570951.9145915431,63929.42034345309,580017.9682996323
jannich storch__1993-05-12,,,,,,,,478138.8322983222,,,,,,,,,,,478138.8322983222,,478138.8322983222
jannik vestergaard__1992-08-03,,,,,,,,2170222.2933739903,,,2226027.6809750306,,,,,,2340647.4252379816,,2245632.466529001,86887.52560165108,2226027.6809750306
jannik wanner__1999-12-20,,,,,,,,,,,,,,475196.2750748668,434312.685064732,,,,454754.48006979935,28909.063735416905,454754.48006979935
janoi donacien__1993-11-03,,,,,,,,404158.22141392826,,412347.0850052629,,,,,,,,,408252.6532095956,5790.4009756443675,408252.6532095956
jaouen hadjam__2003-03-26,,,,,2241978.4376535146,,,,,,,,,,,,,,2241978.4376535146,,2241978.4376535146
japhet sery larsen__2000-04-10,Japhet Sery Larsen,DEF,1699999.9999999988,1757674.2151366244,,1793385.870606471,,,1812544.2953741653,,,1758178.5663304273,1672504.9107741846,1830691.3671514785,,,,,1770829.8708955587,56272.888027992056,1775782.218468449
jari de busser__1999-10-21,,,,,2883834.8241492454,,,,,,,,,,,,2687708.264125055,,2785771.54413715,138682.42056389537,2785771.54413715
jari vandeputte__1996-02-14,,,,,,,,3521158.4106607633,,,,,3587027.654583836,,,,,,3554093.0326222996,46576.5890496355,3554093.0326222996
jarne steuckers__2002-02-04,,,,,,,14745989.207783699,,,,,,,13097966.389025586,,13340024.56838445,,,13727993.388397912,889879.0124302503,13340024.56838445
jarrad branthwaite__2002-06-27,,,,,,,,,,,,34736966.9301806,,,,,,,34736966.9301806,,34736966.9301806
jarrod bowen__1996-12-20,,,,,,,,40331435.47460467,,,32786117.29857758,,,36416222.11113301,,,,,36511258.29477175,3773556.744176728,36416222.11113301
jason cummings__1995-08-01,,,,,1119715.156551223,,,,998792.1582942412,,1021349.7583003745,1022394.3679662363,1215728.7423130507,,,,,,1075596.036685025,91180.5680138508,1022394.3679662363
jason davidson__1991-06-29,,,,,,,,,,,349340.1150522838,,,,,,,345758.9140950401,347549.51457366196,2532.2914816587613,347549.51457366196
jason kerr__1997-02-06,,,,,722165.370881175,,777069.0071427409,784264.8552391103,,673026.5536821571,,,,,,,,,739131.4467362958,52070.4256057615,749617.189011958
jason lokilo__1998-09-17,,,,,,,,,697925.0581295349,,,,,,,,698238.7232871377,,698081.8907083364,221.79475996285217,698081.8907083364
jason steele__1990-08-18,,,,,,,,,,,,,,,,,,589450.6751560845,589450.6751560845,,589450.6751560845
jasper cillessen__1989-04-22,,,,,,,,1331205.4978016538,,,,1370449.483892611,,1139407.1849316359,1168850.8577731242,,,,1252478.2560997563,115316.66265683368,1250028.1777873891
jasper dahlhaus__2001-11-27,,,,,,,,,,,,1246634.7985693398,,,,1240882.8186131807,,,1243758.80859126,4067.264032249225,1243758.80859126
jasper samooja__2003-07-21,Jasper Samooja,GK,362499.9999999997,404981.788693107,,438207.5057431358,386653.3417836854,,437371.347204371,,,430814.5326310314,,,,,,,419605.70321106614,22841.847672496577,430814.5326310314
jasper schendelaar__2000-09-02,Jasper Schendelaar,GK,2499999.9999999995,2304991.364548002,,,,2836664.422628419,,,,2719945.873932906,,2649736.74141363,,,2437826.6892071622,,2589833.0183460237,215455.47405613566,2649736.74141363
jaures assoumou__2002-10-17,,,,,,,,1037952.2940186656,,960841.2964926473,,,912589.7442155858,968133.7247446909,,945154.4725597796,903796.7226861949,,954744.7091195941,48176.02583586933,952997.8845262134
jawad el yamiq__1992-02-29,,,,,,,,,,,1191044.4332947896,,1066677.9208115584,,,1072495.9710055748,,,1110072.7750373075,70183.82653959435,1072495.9710055748
jay idzes__2000-06-02,,,,,,,,,3312795.5458248435,,,,2544851.424948067,,,,,,2928823.4853864554,543018.4954443104,2928823.4853864554
jay rodriguez__1989-07-29,,,,,,,,,,,,,,,299489.56532940466,357286.31922632287,,,328387.94227786374,40868.47661108088,328387.94227786374
jay stansfield__2002-11-24,,,,,,3888764.9696415095,,,,,3068519.984996926,,,3742905.188865095,,,,,3566730.04783451,437582.8138152915,3742905.188865095
jaydee canvot__2006-07-29,Jaydee Canvot,DEF,11749999.999999994,5211879.884487246,,,,,5388821.102860061,,,,,,4103873.100652526,,,,4901524.6959999455,696428.8185881063,5211879.884487246
jayden addai__2005-08-26,Jayden Addai,MID,6549999.999999996,3122100.7776556253,,,,3337592.858488622,,,,,,,,3611688.3652989985,,,3357127.3338144147,245377.66460765118,3337592.858488622
jayden bogle__2000-07-27,,,,,,11519788.324420279,,,10009155.938152822,,,,,,,,,,10764472.13128655,1068178.4042097349,10764472.13128655
jayden candelaria__2004-03-02,,,,,,,,,305938.85043734155,,,,,,,,,,305938.85043734155,,305938.85043734155
jayden oosterwolde__2001-04-26,,,,,,,,11770160.832631992,,,,,,,,,,12710282.773975018,12240221.803303506,664766.5998659155,12240221.803303506
jayden richardson__2000-09-04,,,,,346943.1772959539,,,,,,708624.6198919995,,413134.55031488126,356749.1308584201,357953.4929262309,325912.7801746762,366631.36909216514,383842.3747839367,407473.936917283,124379.49874011404,362292.431009198
jayden stockley__1993-09-15,,,,,,,,441255.8058155177,,,,461221.86742651224,490125.7936338145,,,,,,464201.15562528145,24570.83730703154,461221.86742651224
jaydon banel__2004-10-19,,,,,,,,,,1158777.199410946,,,1583559.0639247275,,,,,,1371168.1316678368,300366.1369227601,1371168.1316678368
jaygo van ommeren__2008-05-08,,,,,,,,811941.9422511469,,,,824692.2075187183,,,,,,794719.8089613583,810451.3195770745,15041.696572782399,811941.9422511469
jayroy grot__1998-03-13,,,,,,,,,,,,,1283991.9668383298,,,,,,1283991.9668383298,,1283991.9668383298
jayson molumby__1999-08-06,,,,,,,,1863248.641810396,,,1928882.1421968332,,,,,1908719.5239332584,,,1900283.4359801624,33620.15434539808,1908719.5239332584
jean butez__1995-06-08,,,,,5421693.599138,,,,,4737660.932783666,,,,,,4006737.694288538,,,4722030.742070068,707607.433760696,4737660.932783666
jean onana__2000-01-08,,,,,2746981.0478085466,2767628.7063085833,,,,,,,,2459291.2926764763,,,,2721168.2221027236,2673767.3172240825,144241.7202661628,2734074.6349556353
jeankevin duverne__1997-07-12,,,,,,,,,,,2708639.877188621,2383923.209313646,2033692.475132187,,,,,1696659.043720346,2205728.6513387,437196.1088963091,2208807.8422229164
jeanluc dompe__1995-08-12,Jean-Luc Dompé,MID,3750000.0000000023,4482465.267731463,,,,,4397304.046020327,,,,,,,4229146.627283387,4277629.204093598,,4346636.286282194,114865.90942234425,4337466.6250569625
jeanmatteo bahoya__2005-05-07,,,,,9131106.225104209,,,,,,10887588.105392551,,,10137158.673657306,,,9684668.328565815,,9960130.33317997,742670.2364501001,9910913.50111156
jeanphilippe gbamin__1995-09-25,,,,,,,1578577.0872955935,,,,,,,,1619848.7297276165,1532047.9786289618,,,1576824.5985507239,43926.60225845665,1578577.0872955935
jeanphilippe krasso__1997-07-17,,,,,,,,,,,,3395072.437049174,3267594.5484563126,,,,,3360276.671695305,3340981.2190669305,65893.01092774475,3360276.671695305
jeanphilippe mateta__1997-06-28,,,,,,,,32594286.685506478,31357836.741956968,,32414799.942026094,31673559.54420273,,,,32166315.22296478,,,32041359.627331413,515577.42802646913,32166315.22296478
jeanpierre nsame__1993-05-01,Jean-Pierre Nsame,MID,2050000.000000001,1303866.5279690225,,,,,1316870.253034816,,,,,,,,,,1310368.3905019192,9195.02217470798,1310368.3905019192
jeanricner bellegarde__1998-06-27,,,,,,,,7636857.30554955,8546480.054169618,,,,6877377.956230051,,,8273335.71245532,,,7833512.757101135,742660.4703827479,7955096.509002435
jeanuel belocian__2005-02-17,,,,,,,,,,,,,,3475135.344367012,,3494911.9484531013,,3065666.293162747,3345237.8619942865,242317.9215235448,3475135.344367012
jeanvictor makengo__1998-06-12,,,,,1897272.9746165217,,,,1986423.4292663527,,,,,2041349.171139939,,,,,1975015.191674271,72712.43714029687,1986423.4292663527
jeff ekhator__2006-11-11,,,,,,,,,,,2244275.424557947,3510280.860745956,2136672.257308088,,2586186.50632034,,2294411.2368757105,,2554365.257161609,559684.3914537127,2294411.2368757105
jeff hardeveld__1995-02-27,,,,,,,929854.3619941137,,,,,,1017360.9750366466,,,,,,973607.6685153801,61876.51948104222,973607.6685153801
jeff reineadelaide__1998-01-17,,,,,,1604682.8935849925,,,,,,,,,,,,1760743.0140882847,1682712.9538366385,110351.16948066767,1682712.9538366385
jefferson lerma__1994-10-25,,,,,7008548.024977576,,,,,,7389304.905055958,,,,,,,,7198926.465016767,269235.7718868569,7198926.465016767
jeffrey de lange__1998-04-01,,,,,,,,,,3334432.532982756,3502663.7749230303,,2803934.7500799987,,3150512.626364973,,,,3197885.921087689,299430.72187052685,3242472.5796738644
jeffrey gouweleeuw__1991-07-10,,,,,,4115711.2201208426,,4982856.968123731,,,,,,,,,4155050.432415964,,4417872.873553513,489685.780622633,4155050.432415964
jeffrey schlupp__1992-12-23,,,,,,2357957.023967666,,2363283.20602847,,,1535228.3794102198,,1690816.3981739655,,,,,1638306.233159214,1917118.2481479072,408714.6115430055,1690816.3981739655
jelle duin__1999-01-27,,,,,361231.76605599275,,,346086.3984514003,,,377220.84018232493,,,405438.0460084517,,,,,372494.2626745424,25376.186462898568,369226.30311915884
jelle van neck__2004-03-07,,,,,,,,441336.90546988527,,,,,436387.6701084612,,,,,,438862.28778917325,3499.6378857511936,438862.28778917325
jens castrop__2003-07-29,,,,,,5697072.620273976,,,,,,,,5210836.729415924,5432356.148155646,5446431.454035459,,,5446674.237970252,198765.98211750793,5439393.801095553
jens grahl__1988-09-22,,,,,109889.64230055435,,,,122223.93012226136,,121301.68473979499,121543.68707023359,131746.3618673935,106513.5827591509,,,,,118869.8148098981,9202.59861846139,121422.68590501428
jens martin gammelby__1995-02-05,,,,,,521881.6157193612,,,,529907.4035311389,,,,,493832.81782783463,,441454.50128085533,,496769.08458979754,39987.96565272559,507857.2167735979
jens odgaard__1999-03-31,,,,,,,,,,,,11262092.820163189,,,,,,,11262092.820163189,,11262092.820163189
jens petter hauge__1999-10-12,,,,,,,,,,6158473.370654641,5113581.780334395,,,5202504.6398704,5730234.218982394,5088401.0158145195,,,5458639.00513127,470445.9505457977,5202504.6398704
jens stryger larsen__1991-02-21,Jens Stryger Larsen,DEF,850000.0000000005,568303.2410745622,602552.7066636569,,,,,,,604322.6544094114,463594.3348281173,575072.9355347897,565207.6402112137,,,,563175.5854536252,51637.260717897334,571688.0883046759
jens toornstra__1989-04-04,,,,,,344379.22157924174,,,,,,286968.8084786623,,301795.66594493,,300084.2219320699,,,308306.97948372597,24943.50374608364,300939.94393849996
jensen weir__2002-01-31,Jensen Weir,MID,749999.9999999998,736239.9591247144,,,781963.7510184792,,,,,,,,,,,728731.6540820266,748978.45474174,28811.73352996502,736239.9591247144
jenson metcalfe__2004-09-06,,,,,588741.7527722963,,480044.501910044,,,,,,,594438.3541827884,,,,,554408.2029550428,64463.81032594943,588741.7527722963
jeppe andersen__1992-12-06,,,,,525466.9417017009,511636.632714817,466529.6112720651,,495972.1726773937,,478692.3979491948,,,,,496071.3456846882,,,495728.1836666433,21356.14382928849,496021.7591810409
jeppe grnning__1991-05-24,,,,,,407835.9478387667,,413421.43038060406,414593.991106949,,420577.5097994742,,,,,,,415370.0475355126,414359.7853322613,4560.058806397654,414593.991106949
jeppe kudsk__2003-02-25,,,,,,,563246.2298512287,,,554416.4453548905,,596760.2177002946,632305.7250339475,,,,,,586682.1544850904,35465.45782830998,580003.2237757617
jeppe okkels__1999-07-27,,,,,,,1165169.1483336654,,,,,1292662.4554488526,,,,,1307040.9330734757,,1254957.5122853313,78090.63887904906,1292662.4554488526
jeppe tverskov__1993-03-12,Jeppe Tverskov,MID,1499999.9999999986,1986435.939055371,1868084.141371464,,,,,1984965.4083595092,,,,,,2054683.1647484715,,1841214.9843929913,1947076.7275855616,89457.2276646386,1984965.4083595092
jerdy schouten__1997-01-12,,,,,,,,,16828662.39013679,,21665504.61109345,,20422467.543810382,17255748.62958824,18405912.77960607,,17622563.807668176,,18700143.29365052,1928534.9064753067,18014238.293637123
jere uronen__1994-07-13,,,,,,,712635.3502836816,,745256.1824475445,1006093.5969011862,642733.203956885,,,,,,,288969.06582416454,679137.4798826922,257852.06768644546,712635.3502836816
jeredy hilterman__1998-06-20,,,,,,664361.5721249894,,,,,,,,,,,,,664361.5721249894,,664361.5721249894
jeremiah st juste__1996-10-19,,,,,,,,,,,4013110.643216184,,,,,,4463727.318969894,4132311.3356441436,4203049.765943407,233488.31075181035,4132311.3356441436
jeremie boga__1997-01-03,,,,,,,,,,,,,7482430.816132561,,,,,6849574.078629879,7166002.447381221,447497.29060774134,7166002.447381221
jeremie frimpong__2000-12-10,Jeremie Frimpong,DEF,40749999.99999996,49521583.60492161,,,,,,47743252.47674418,,,,,,,,43766062.87423739,47010299.65196773,2946933.9325551223,47743252.47674418
jeremy blasco__1999-02-12,,,,,,,,,,,,935480.4895844443,,,,,,,935480.4895844443,,935480.4895844443
jeremy bokila__1988-11-14,,,,,,,,,,204170.98798069614,,172678.19157992615,,181583.46307621858,,,,288031.9196217551,211616.14056464902,52640.05817551163,192877.22552845738
jeremy doku__2002-05-27,Jérémy Doku,MID,57249999.99999994,45664639.18041864,,,40523927.2450221,43866717.628639415,,,,,,,,,,,43351761.35136005,2608757.324151514,43866717.628639415
jeremy frick__1993-03-08,,,,,,,,,,,595873.6839117798,,,,633164.6990244817,,,,614519.1914681308,26368.729663521553,614519.1914681308
jeremy gelin__1997-04-24,,,,,,,,,,,1642884.979079211,1452947.9491815842,,1370559.8711638143,,,,,1488797.599808203,139657.22032111723,1452947.9491815842
jeremy jacquet__2005-07-13,,,,,,12509827.091412026,,13058681.427517945,,,,,,,,14158981.296033155,,,13242496.60498771,839802.6031491375,13058681.427517945
jeremy le douaron__1998-04-21,,,,,,,,,,,,,,2412639.2647008453,,2386307.4259198997,,,2399473.3453103723,18619.42176311757,2399473.3453103723
jeremy livolant__1998-01-09,,,,,,,997452.0152353403,1642282.4558142065,,1877220.4794373848,,,,,,,1738420.4365904643,,1563843.8467693492,389715.3755555746,1690351.4462023354
jeremy ngakia__2000-09-07,,,,,,1835002.3855153106,,,,,,,1828122.3383149942,,1881648.5832939562,,,,1848257.7690414202,29121.18850090361,1835002.3855153106
jeremy petris__1998-01-28,Jeremy Petris,DEF,1200000.0000000005,1365216.9089482182,,1441609.7016269257,,,1307748.6227855748,,,,,,,,,,1371525.0777869064,67153.12243459451,1365216.9089482182
jeremy sarmiento__2002-06-16,,,,,3343052.9896143293,,,3721859.504596803,3618418.1381373866,3364679.23451444,,,,,,,,,3512002.46671574,187627.58506450304,3491548.6863259133
jeremy sebas__2003-04-14,,,,,908191.156390727,,,,,,,,,,,937569.3673023686,,,922880.2618465478,20773.532154750395,922880.2618465478
jeremy toljan__1994-08-08,,,,,3199779.220631414,,,3245058.0343686915,,3428437.6984170885,,3384868.3090626323,2910611.278195285,,2949619.276231305,,,,3186395.6361510693,216201.85744196147,3222418.6275000526
jeriel dorsett__2002-05-04,Jeriel Dorsett,DEF,499999.99999999977,552485.7244057445,,,622325.6057254642,584340.947480668,,,,,,,,,,,586384.0925372922,34964.74062509173,584340.947480668
jeroen zoet__1991-01-06,,,,,,,215090.88819581058,,,262368.2251582336,,,,242446.22857487356,,,,,239968.44730963922,23735.863109720325,242446.22857487356
jerolldino bergraaf__2006-07-05,,,,,,,,,625528.9263279231,,637904.7747088603,,,,,,632214.0200869247,,631882.5737079027,6194.57813847011,632214.0200869247
jerome onguene__1997-12-22,,,,,,,,306512.13750179094,,,,,255023.04544239788,,,,302038.14173027716,292337.79042101954,288977.77877387137,23396.868810682583,297187.9660756483
jerome opoku__1998-10-14,,,,,,2609371.858300602,2544340.7984520565,,,,,,,,,,,,2576856.3283763295,45983.9034066548,2576856.3283763295
jerome prior__1995-08-08,,,,,,,,,,,,,,,,758628.2905154395,,649738.6146643301,704183.4525898849,76996.62819552445,704183.4525898849
jerome roussillon__1993-01-06,Jérôme Roussillon,DEF,1800000.000000001,1810598.0381191892,2103954.323087863,1489709.6371637946,,,2117279.4272811683,1659653.7130124085,,,,,2193359.2805647827,,,,1895759.0698715346,285956.8849607736,1957276.180603526
jerry afriyie__2006-12-10,,,,,,,,,,,,,313221.6624476985,305074.2394814294,,,,268020.7380865365,295438.88000522146,24091.72067231154,305074.2394814294
jesper daland__2000-01-06,,,,,,,2550857.7711332715,2349198.553238087,2161373.4688889813,,2224245.7067943676,,,,,,2164645.2600557446,,2290064.1520220907,164418.2527092181,2224245.7067943676
jesper hansen__1985-03-31,,,,,212386.98660938168,,,202286.46411078566,,,,235724.44715985117,,,293492.71122458274,,,,235972.65227615033,40823.44785891168,224055.7168846164
jesper karlsson__1998-07-25,Jesper Karlsson,MID,4999999.999999999,5196164.144526837,6355794.348980928,,4199213.618365972,,,,,5348431.2350228075,,,,,,,5274900.836724136,882617.3128353497,5272297.689774822
jesper karlstrom__1995-06-21,,,,,4022269.375190419,,5761108.711975118,,,,3940303.3210130148,,,,,,4197896.303334154,,4480394.427878177,860544.6406154317,4110082.8392622867
jesper lindstrm__2000-02-29,,,,,7779787.209831402,7724769.096695875,,,,,,7590400.407351888,,,8199724.5468973685,,,,7823670.315194134,263020.15958436666,7752278.153263638
jesper verlaat__1996-06-04,,,,,,,,,926790.9243505037,981856.5726283742,1047002.1616897036,,,,949285.5001385106,962335.5697103479,856220.3348635389,,953915.1772301631,62957.52932157122,955810.5349244293
jesse bosch__2000-02-01,,,,,,,822428.9180273564,,,,,,,,902540.2639244945,,,,862484.5909759254,56647.275933847464,862484.5909759254
jesse joronen__1993-03-21,,,,,,,,953130.0798211766,,,,938666.6234439585,,,,,918224.2057015678,,936673.6363222343,17538.073162808174,938666.6234439585
jesse van de haar__2005-01-26,,,,,,,,759231.7301401618,,,,,,,,946257.4673655406,,815580.7233737323,840356.640293145,95942.90562919351,815580.7233737323
jessic ngankam__2000-07-20,,,,,,1892174.232447403,,,,,,1948219.8505485076,1940261.525200353,,2107596.6561034787,,,,1972063.0660749357,93686.38587157018,1944240.6878744303
jessy benet__1995-06-24,,,,,1950172.3904392738,,2268067.25620483,2039650.4783719238,,,,,,,,,,,2085963.3750053428,163929.7096805779,2039650.4783719238
jessy deminguet__1998-01-07,,,,,,,,,2173936.2651513685,2153958.349291237,,,2143647.1574287433,,,,,2237337.502571304,2177219.818610663,42004.51238397335,2163947.3072213028
jesurun raksakyi__2002-10-05,,,,,,,,,,,,,,,,5714157.449968671,,,5714157.449968671,,5714157.449968671
jesus castillo__2001-06-11,,,,,1397506.5792428048,1796009.1833103134,,,,,1368456.3517517387,,,,,,,,1520657.3714349524,238903.62943371927,1397506.5792428048
jesus ramirez__1998-05-04,,,,,,1939842.2638306892,,2054638.6273595216,,1871559.3034366202,,1975637.4522782597,,,,1913982.3199229508,,1802466.0248081046,1926354.3319393576,86685.04505656025,1926912.29187682
jetro willems__1994-03-30,Jetro Willems,DEF,437499.9999999996,620890.1583130216,,,,654615.1672347004,,581364.7311833487,,,,649077.5365859909,679614.569635425,642889.224276648,,,638075.2312048557,33629.50762976688,645983.3804313195
jhoanner chavez__2002-04-25,,,,,,,,2819549.4896793016,2754336.7813406526,,,,,,,,,2435347.5963617847,2669744.6224605795,205595.83827301755,2754336.7813406526
jhon chancellor__1992-01-02,,,,,,470662.34668364195,,,,,439778.73972884385,,,483263.1041989844,,,,,464568.06353715673,22373.593892022705,470662.34668364195
jhon duran__2003-12-13,,,,,,,,,,27210071.77514192,,28071975.319850687,,,,,,,27641023.547496304,609457.8411922911,27641023.547496304
jhon lucumi__1998-06-26,,,,,,,7094722.262772183,,,7860911.181467443,,,,,7357375.415416458,,,,7437669.619885362,389354.2528807454,7357375.415416458
jhon murillo__1995-11-21,,,,,,,,,,,,,,1781847.7987634602,,,,,1781847.7987634602,,1781847.7987634602
jhon solis__2004-10-03,,,,,,,,,,,,,,3220016.8107660036,,,,,3220016.8107660036,,3220016.8107660036
jhonny quinonez__1998-06-11,,,,,,,,,,769262.8922003355,,,,783285.3181806641,,715327.8752678803,,584646.1683457996,713130.5634986699,90527.33639951464,742295.383734108
jiaqi han__1999-07-03,,,,,,,,,,,,,,429658.8296225858,,,419529.8966006104,,424594.36311159807,7162.237226023148,424594.36311159807
jim allevinah__1995-02-27,Jim Allevinah,MID,1650000.0000000007,1931620.1901603607,,,,,1867059.8877740079,,2303173.8972787806,,,,,,,,2033951.3250710499,235377.5758237485,1931620.1901603607
jimmy dunne__1997-10-19,,,,,,,,2467931.6859947536,,,,,,2447793.9364485927,,,,,2457862.811221673,14239.539261926708,2457862.811221673
jindrich stanek__1996-04-27,,,,,,3944306.0502999704,,4010074.5069809,3946916.0132741313,,,,,,,,,,3967098.856851667,37240.87612696964,3946916.0132741313
jing reec__2003-06-12,Jing Reec,FWD,299999.99999999977,339881.2315656683,,,,331480.9080907584,,,324386.71450130467,,,,,,323232.827807481,,329745.4204913031,7678.458540959591,327933.8112960316
jiri letacek__1999-01-09,,,,,,,,,,,,,,,,,,1494231.666189194,1494231.666189194,,1494231.666189194
jiri pavlenka__1992-04-14,,,,,1167855.0083941086,,1282211.1478128522,,,,,1311744.5516799283,,,,,,,1253936.902628963,75997.53201446382,1282211.1478128522
jizz hornkamp__1998-03-07,,,,,,,,,,,,1846731.1187688343,2644384.533314519,,,,,,2245557.8260416766,564026.138461858,2245557.8260416766
jo coppens__1990-12-21,Jo Coppens,GK,134999.99999999997,163769.0573215848,,,,181265.1328352858,,,,,,,,,,,172517.09507843532,12371.593639889874,172517.09507843532
joachim andersen__1996-05-31,,,,,14380292.435115661,13665569.663493874,,,,,,,,,,13915820.97344872,,,13987227.690686086,362672.5100123324,13915820.97344872
joachim eickmayer__1993-01-11,Joachim Eickmayer,MID,387499.99999999977,509664.3062393275,,,,544694.8727428548,,573142.9123104623,,564494.7890758776,569899.0641836711,,531692.0924777319,,,,548931.3395049875,25000.423550977597,554594.8309093663
joane gadou__2007-01-17,,,,,1563472.159878188,,,,,,1507455.181005673,1314181.8360256732,,,,,,,1461703.0589698448,130791.2798878768,1507455.181005673
joaquin ardaiz__1999-01-11,,,,,,656615.9405045192,733870.3771834455,,,,,,703005.0607996127,,715133.0869161829,,,,702156.11635094,32908.07615162392,709069.0738578978
joaquin blazquez__2001-01-28,,,,,,,,,,,,,,,,,595481.1445017536,,595481.1445017536,,595481.1445017536
joaquin novillo__1998-02-19,,,,,,,,1242070.1604842008,,1408428.2775760614,,,1582657.652143137,,,,,,1411052.0300677996,170308.90442512077,1408428.2775760614
joaquin panichelli__2002-10-07,,,,,,13532743.683114683,,,,,,18073265.496233683,,,16005034.713610752,,,,15870347.964319706,2273255.369327939,16005034.713610752
joaquin seys__2005-03-28,,,,,,6983212.759676962,,,9140059.015274901,,,,,,,6743629.224130958,,,7622300.333027608,1319865.004755775,6983212.759676962
jobe bellingham__2005-09-23,,,,,,,,,,,,,,9520748.244974693,,9203898.931756154,9436129.73973959,,9386925.63882348,164055.33969361422,9436129.73973959
jocelin ta bi__2005-02-09,Jocelin Ta Bi,MID,1512499.9999999995,4596053.818858925,3141864.3379740254,,,,,,4536126.822576607,3656330.6504075667,,,,,,3931897.867283451,3972454.6994201154,611976.6628950817,3931897.867283451
jocelyn janneh__2002-12-06,,,,,,1037655.3187598928,,,,1097184.4648704922,,1031162.709413886,,,,,1076805.7609008197,1320016.715716814,1112564.9939323808,119152.51954095703,1076805.7609008197
joe aribo__1996-07-21,,,,,,,,,2992026.289523847,,,,,,,2636149.147274505,,,2814087.718399176,251643.14055379937,2814087.718399176
joe bell__1999-04-27,,,,,,,,,,,6153466.190110592,,5637334.519316931,,,6183614.468688178,,,5991471.726038568,307062.0467653889,6153466.190110592
joe bryan__1993-09-17,Joe Bryan,DEF,1600000.0000000012,1805810.3061690566,,,,,,,,,,,,,,,1805810.3061690566,,1805810.3061690566
joe garner__1988-04-12,,,,,,,,,,135362.58368364893,,,,,160598.78088383755,,,,147980.68228374323,17844.686171614336,147980.68228374323
joe gauci__2000-07-04,,,,,841767.9160298739,,,,,,,,791435.0869974047,,,,,,816601.5015136392,35590.6847251621,816601.5015136392
joe gelhardt__2002-05-04,,,,,5397628.825693842,,,,,,,,,,5312724.012186565,,,,5355176.418940203,60036.76938637445,5355176.418940203
joe gomez__1997-05-23,,,,,16279619.564497802,,,15279188.015979823,,,,,15362449.042309463,,,,,,15640418.874262363,555127.2299432475,15362449.042309463
joe hilton__1999-10-11,Joe Hilton,GK,185000.00000000006,173909.07702861395,174864.17073745342,,175066.93100530814,,,,,,,,,,,,174613.39292379186,618.3232097417208,174864.17073745342
joe hodge__2002-09-14,Joe Hodge,MID,1499999.9999999986,1091855.2824601165,,,,,1064611.9276486957,,986492.6155669418,,,,,,,,1047653.2752252513,54690.216791716244,1064611.9276486957
joe lolley__1992-08-25,,,,,,,1290432.6570112433,,,,1450193.9725879503,,1673149.1026136423,,1615483.24332882,,,,1507314.743885414,172725.2933872679,1532838.6079583853
joe mendes__2002-12-31,,,,,,,,4777339.893893893,,,,4639840.054519461,,,,,,,4708589.974206677,97227.06883372217,4708589.974206677
joe newell__1993-03-15,,,,,,,799120.7259663789,781801.1582385461,,,,,,,,,815869.3491848217,769745.1394119152,791634.0932004155,20159.449485882535,790460.9421024625
joe powell__1998-10-30,,,,,,,486781.3975957624,,,,,,,,,,,,486781.3975957624,,486781.3975957624
joe rodon__1997-10-22,,,,,,,,,,,12193600.663776904,,,,11714696.188367208,,,12043265.936463526,11983854.262869215,244917.70936646633,12043265.936463526
joe rothwell__1995-01-11,Joe Rothwell,MID,2250000.000000001,2145944.454411977,1989212.601447514,,,,,,,,1933533.925341766,,,,,,2022896.9937337525,110138.71675183809,1989212.601447514
joe scally__2002-12-31,,,,,6358460.545307419,,,,,6471545.0671368,,7313284.265925835,,,,,7568179.568711414,7090102.169342581,6960314.32328481,527270.371301813,7090102.169342581
joe shaughnessy__1992-07-06,,,,,,389552.5144411932,,372502.9339388862,,,,,348899.8567113326,,,,,296323.6902750167,351819.7488416072,40578.705548766535,360701.3953251094
joe westley__2004-10-18,,,,,302285.3035699077,,273607.8278570062,,,,318568.31699804123,,283044.06848213857,,,,,,294376.3792267734,20062.85897046199,292664.6860260231
joe white__2002-10-01,,,,,,,,,,,,,,673572.9767090846,741034.6232839396,,,,707303.799996512,47702.587763090174,707303.799996512
joe whitworth__2004-02-29,,,,,,,,1126759.9805257262,,,,,,,,,,,1126759.9805257262,,1126759.9805257262
joe williams__1996-12-08,,,,,,,,,,2266271.6892963317,,,,,,,,2112716.3047353677,2189493.9970158497,108580.05371076577,2189493.9970158497
joe willock__1999-08-20,,,,,10556773.243425328,,11228451.38810231,,,,,,,,,,,,10892612.31576382,474948.17087589257,10892612.31576382
joe worrall__1997-01-10,Joe Worrall,DEF,3299999.9999999986,3344484.898972954,,,,,,,,,,3028800.6215917203,,,3322714.015840619,,3231999.8454684312,176312.04234584683,3322714.015840619
joedrick pupe__1997-06-04,,,,,,,,,,,802429.1897473851,,,,,902957.4881808241,,,852693.3389641047,71084.2415234297,852693.3389641047
joel allansson__1992-11-03,,,,,,,415724.25656620366,,,,,,,,,,,,415724.25656620366,,415724.25656620366
joel asoro__1999-04-27,,,,,857204.8328892875,,,,923840.9725984349,,,,778474.4318503422,,,,,,853173.4124460216,72767.07397827337,857204.8328892875
joel coleman__1995-09-26,,,,,,,,,,,,176055.22150652274,,,,,,190326.9379443041,183191.0797254134,10091.627472326729,183191.0797254134
joel drommel__1996-11-16,,,,,,2418768.886111464,,,,,2796543.3207640597,,,3020294.0813934808,,,,,2745202.096089668,304031.3818556678,2796543.3207640597
joel felix__1998-01-13,,,,,,711287.9805924649,,,,,,,,,694816.4348770435,,,690547.9123915572,698884.1092870218,10952.035818685503,694816.4348770435
joel ideho__2003-07-17,,,,,,,,,,956502.3863375566,,1091862.6818297496,,975696.8215169223,,,,,1008020.6298947429,73240.86181885078,975696.8215169223
joel ito__1998-03-27,,,,,,754755.9954780343,,738022.5238561084,,,,,,,,,,797596.7870181442,763458.4354507622,30725.763683496505,754755.9954780343
joel king__2000-10-30,,,,,,,,,,,,,394918.63012500224,,518551.1555363091,,,,456734.8928306557,87421.39709355326,456734.8928306557
joel latibeaudiere__2000-01-06,Joel Latibeaudiere,DEF,1400000.0000000007,1758145.1105874903,,,,1589635.1066252065,,,,,,,,,,,1673890.1086063483,119154.5664995028,1673890.1086063483
joel mvuka__2002-11-12,,,,,3260017.2008197606,,3085687.145400692,,,,3107316.169694842,,,,,,,,3151006.838638431,95023.14439207774,3107316.169694842
joel ordonez__2004-04-21,,,,,,12454717.044277059,,13460163.314204982,,,,,,,,,,,12957440.17924102,710957.8755847539,12957440.17924102
joel piroe__1999-08-02,,,,,,,8678525.495562477,,,11227162.18536849,,,11775187.786746329,,,,,,10560291.822559098,1652533.3270482481,11227162.18536849
joel schmied__1998-09-23,,,,,,,,,,,2530345.336017249,,2519532.8529656776,,2648113.7976464606,2556192.370363091,,,2563546.08924812,58438.65578062201,2543268.85319017
joel veltman__1992-01-15,,,,,,,,,,,,,4736812.613645346,,,,,4859517.877794636,4798165.245719992,86765.72436724987,4798165.245719992
joel voelkerling persson__2003-01-15,,,,,,,,651793.0085267016,,,,600932.3822172846,654627.422158864,634837.1540510085,,,618986.7872362119,,632235.3508380142,22616.788533335268,634837.1540510085
joeri heerkens__2006-05-08,,,,,,,,,,,,,,1247549.2197098478,,,1468101.1450156816,,1357825.1823627646,155953.761987504,1357825.1823627646
joey veerman__1998-11-19,,,,,,,,,,,,,,19750008.838657234,20916982.726067968,,,,20333495.782362603,825175.1492557565,20333495.782362603
johan bakayoko__2003-04-20,,,,,,,,,,,,,,,,21320493.72152408,,20622968.24374586,20971730.98263497,493224.9953873649,20971730.98263497
johan dahlin__1986-09-08,,,,,,,,,,,,,,,,,150472.61372432404,,150472.61372432404,,150472.61372432404
johan gastien__1988-01-25,,,,,290083.8301759566,,,337681.12386199326,,,,,,,,,,,313882.47701897495,33656.36913152417,313882.47701897495
johan hove__2000-09-07,,,,,,,,,1518285.3792093035,,,1347330.195382814,1040061.9025092343,,1591559.7086684948,,,1083538.1250906193,1316155.0621720932,249005.19348894342,1347330.195382814
johan manzambi__2005-10-14,,,,,,,,,8542856.932202749,,8145716.939925115,,7326374.212313541,,,,,,8004982.694813802,620332.2881791254,8145716.939925115
johan mojica__1992-08-21,Johan Mojica,DEF,5650000.000000001,6596768.586307312,,,,,,6242457.227238725,,6548399.829058323,,,,,,,6462541.880868119,192127.1069938624,6548399.829058323
johan vasquez__1998-10-22,Johan Vásquez,DEF,8249999.9999999935,8930193.705429615,7852341.509612959,,,,,7373579.072846059,,,,,7733252.66346346,,,,7972341.737838024,670214.0854649149,7792797.08653821
johann lepenant__2002-10-22,Johann Lepenant,MID,6000000.0,5794049.7939825505,6318406.762845939,,,,,,,,,,,6275997.518299913,6954524.57827541,,6335744.663350953,476162.52083703567,6297202.140572926
johannes geis__1993-08-17,Johannes Geis,DEF,549999.9999999998,491200.9602702329,,,,504311.69114037446,,,,,,,,,,,497756.3257053037,9270.686704588881,497756.3257053037
johannes schenk__2003-01-13,,,,,,2195049.19705333,2562248.9221214266,,,,,2132114.1066958904,,,,,,2089026.4701133096,2244609.673995989,216188.43541152362,2163581.65187461
john bjorkengren__1998-12-09,John Björkengren,MID,1774999.9999999986,2414862.6828231066,2397074.8129224703,,,2184771.6729167323,,2467001.094158691,,,,,,,2556625.8075973657,,2404067.214083673,137377.91663071027,2414862.6828231066
john brooks__1993-01-28,,,,,,,1210746.5463849704,,,,,,,,,1301217.0322447151,1368335.9685635986,,1293433.1823977614,79082.53748128228,1301217.0322447151
john koutroumbis__1998-03-06,,,,,,458799.2700790576,,,,,,,472815.9220498003,503435.90493483405,,,,,478350.36568789725,22827.173337919736,472815.9220498003
john lundstram__1994-02-18,,,,,,,2323951.322262043,,2574489.350986939,,,2552849.199274626,,,,,,,2483763.2908412027,138823.53192954246,2552849.199274626
john mcatee__1999-07-23,,,,,,,,910558.1165378975,,,,,,,,,966251.4955122807,,938404.8060250891,39381.16593997867,938404.8060250891
john mcginn__1994-10-18,John McGinn,DEF,20000000.000000015,19092041.95057029,,,,,,,17076048.139599103,18701946.966488916,,,19876253.440839157,,,15072046.161015088,17963667.33170251,1912172.3607892813,18701946.966488916
john souttar__1996-09-25,,,,,,,,,3229217.518536761,,,,,,,,3398580.7033775616,,3313899.1109571615,119757.85648428087,3313899.1109571615
john stones__1994-05-28,,,,,,,,,19751816.202591363,,,,,,,,,,19751816.202591363,,19751816.202591363
john swift__1995-06-23,,,,,1685239.8507744865,,,,,1654751.8281160435,,,,,,,,,1669995.839445265,21558.287566754214,1669995.839445265
john yeboah__2000-06-23,,,,,,,,,,1963204.6108101967,1750413.7902347872,,,,,,,,1856809.200522492,150465.83220312203,1856809.200522492
johnkymani gordon__2003-02-13,,,,,,283044.34653238667,314041.5748949084,,,,,,,,,310694.7256453881,,,302593.5490242277,17012.608222286413,310694.7256453881
johnny kenny__2003-06-06,Johnny Kenny,FWD,1737499.9999999995,2724235.6262747045,,2761817.6916983253,,,,,2666731.120561533,3026785.5931005804,,,2542265.719198731,,,,2744367.1501667746,178425.27711573942,2724235.6262747045
johny placide__1988-01-29,,,,,,173454.16618588025,,161650.35606358424,,150219.87394147238,,,,,,,,,161774.7987303123,11617.645996828047,161650.35606358424
jomaine consbruch__2002-01-26,,,,,,,,,,,,948991.8560488689,779168.8892951122,,,,,,864080.3726719905,120082.97139279892,864080.3726719905
jon gallagher__1996-02-23,Jon Gallagher,DEF,1312500.0000000012,766446.3651026994,,,,,,623398.3635129745,,,,,,653596.3935436945,,491948.09681024245,633847.3047424027,112867.33052793356,638497.3785283344
jon gorenc stankovic__1996-01-14,,,,,,,,,,,,,1874369.9712289798,,,,,,1874369.9712289798,,1874369.9712289798
jon guthrie__1992-07-29,,,,,,,502120.89667296316,,,,,,,,,,,,502120.89667296316,,502120.89667296316
jon karrikaburu__2002-09-19,,,,,,,,,,1883623.2077328432,,,,,,,,,1883623.2077328432,,1883623.2077328432
jon magunazelaia__2001-07-13,,,,,,,,,,,,,,1023450.4843600098,,,,,1023450.4843600098,,1023450.4843600098
jon mccracken__2000-05-24,,,,,,,681373.5142870022,634980.3934742027,,,,,,,648906.4489141533,,651819.5619691558,,654269.9796611285,19506.08224304795,650363.0054416545
jon mclaughlin__1987-09-09,,,,,,,,,,,,,,,,,,159228.63804034566,159228.63804034566,,159228.63804034566
jona niemiec__2001-09-19,,,,,,,,879972.7453865219,914011.7351836115,,,,,,,,,,896992.2402850667,24069.20051026176,896992.2402850667
jonah ayunga__1997-05-24,,,,,582096.2310923563,,,,544636.0169047671,,,,,,,605610.4889349218,,,577447.5789773484,30751.894814853338,582096.2310923563
jonah kusiasare__2007-07-04,,,,,,,,,,,,1214682.6212630318,,,,,,1373378.1154185783,1294030.3683408052,112214.660061137,1294030.3683408052
jonas adjetey__2003-12-13,,,,,,,,,,,,4762534.448989386,3942302.3656608686,,,,4454723.414292873,,4386520.076314376,414347.6066226481,4454723.414292873
jonas arweiler__1997-04-10,,,,,,624680.5986315825,,,,699462.105338666,,,,,,,,,662071.3519851242,52878.510499926066,662071.3519851242
jonas bager__1996-07-18,,,,,,,,878016.8599751678,,880548.1029488657,,835035.9046599971,772289.8177050174,,,,,769720.3740571203,827122.2118692336,54334.10533692052,835035.9046599971
jonas dirkner__2002-07-15,,,,,,751235.9663210772,,705206.3599429955,,,,,,,,,765566.5305112868,,740669.6189251198,31536.856544800834,751235.9663210772
jonas fohrenbach__1996-01-26,,,,,,,,,2055839.170264935,,,2203655.1431160155,,2079917.3005265135,,,2264238.7686936585,,2150912.595650281,99505.2527157011,2141786.2218212644
jonas hofmann__1992-07-14,Jonas Hofmann,MID,6499999.999999999,7221058.706600555,,,,,8750741.868310673,7940918.9187786,,7651555.452746945,,,,,,,7891068.7366091935,644929.7086996915,7796237.185762772
jonas hofmann__1997-02-07,,,,,439336.727228647,471835.77542401775,,444122.32077477657,466141.2245682677,,,,,,,,,,455359.0119989272,16028.273766313734,455131.7726715221
jonas jensenabbew__2002-04-20,,,,,862081.2597911955,,,864882.7681736903,,916230.7469831455,883479.0564046367,888540.7506559319,,,,864575.3427551015,,,879964.987460617,20905.692654424452,874180.9122891636
jonas kersken__2000-09-01,,,,,1105221.856536171,,,,,,,,,,,,,,1105221.856536171,,1105221.856536171
jonas lossl__1989-02-01,,,,,351926.63908807543,,,358777.58291028667,,,289334.53517886816,,,,378435.7246561402,,,300330.41256646253,335760.9788799666,38803.885959206775,351926.63908807543
jonas martin__1990-04-09,,,,,,744534.7086315581,,,,,760983.0885291783,,,,,,,,752758.8985803681,11630.76096513972,752758.8985803681
jonas meffert__1994-09-04,Jonas Meffert,MID,1550000.0000000012,1468080.4950607866,1411552.104499845,,,,,,,,,,,,,,1439816.2997803157,39971.60829520338,1439816.2997803157
jonas mortensen__2001-01-16,,,,,,,412142.1921326328,,,455518.53367510805,,,,,,,,,433830.3629038704,30671.705247748014,433830.3629038704
jonas nickisch__2004-05-21,,,,,,370573.9374896871,,,,,,,,361500.13589680486,,,,,366037.036693246,6416.1466374683405,366037.036693246
jonas omlin__1994-01-10,,,,,,1990304.0676077914,,,,,,,2343169.667885296,,,,,,2166736.8677465436,249513.65880368522,2166736.8677465436
jonas svensson__1993-03-06,Jonas Svensson,DEF,1899999.9999999993,2216819.405574162,,,1352539.0513495347,,,,1966333.5884084739,,2025252.9750935442,,,,,1841482.2645449315,1880485.4569941293,324690.8980806635,1966333.5884084739
jonas urbig__2003-08-08,,,,,,7790572.709370816,7484650.584938877,,,,,,,,,,7546499.682164294,,7607240.992157996,161753.56753113956,7546499.682164294
jonas wind__1999-02-07,,,,,,,,11109875.83598552,,,,,,10763019.558094276,,,,10335647.379750049,10736180.92460995,387811.3714122758,10763019.558094276
jonatan braut brunes__2000-08-07,,,,,,,,2520690.6687078127,2588226.2136861635,2653923.4557165597,,,,,,,,,2587613.4460368454,66618.50716335194,2588226.2136861635
jonatan lindekilde__2006-03-31,,,,,,614450.5184108882,,640101.1071857351,610005.2341744105,,,,,,610060.8988354693,,,,618654.4396516257,14448.647010048895,612255.7086231788
jonathan amon__1999-04-30,,,,,,,,,,,,,,674644.0447959902,,,,639192.3336338564,656918.1892149233,25068.14536741166,656918.1892149233
jonathan bamba__1996-03-26,,,,,,,,,,,,,7796942.943617376,,8237317.182097741,7347962.50080034,,,7794074.208838486,444684.2807159076,7796942.943617376
jonathan bond__1993-05-19,,,,,,,,,468255.676145632,493756.23015343485,,,,472454.6376876321,,,451934.83857610327,,471600.3456407006,17219.485237970366,470355.1569166321
jonathan burkardt__2000-07-11,,,,,,,,,40533378.66947128,,,,,,,33464543.110361993,,45826446.723903485,39941456.16791225,6202172.556734573,40533378.66947128
jonathan david__2000-01-14,,,,,,,,,,,,38721871.163550146,,,37031174.84182583,,,,37876523.00268799,1195502.834018418,37876523.00268799
jonathan de guzman__1987-09-13,,,,,250218.485171172,238462.1045476812,,,,,,,,,,,,,244340.29485942662,8313.016461080484,244340.29485942662
jonathan fischer__2001-11-09,,,,,,,,2424330.250697363,,,,,2254142.380593217,,,,2346710.3589633736,,2341727.6634179843,85203.27589840641,2346710.3589633736
jonathan hutters__2004-02-21,,,,,,,,,,194605.44653891775,177083.62787144224,,,,,198741.4142712515,,,190143.49622720384,11497.681434667329,194605.44653891775
jonathan ikone__1998-05-02,,,,,,,,,,,,5255093.705951625,5292940.04681062,,6141166.481531281,,,,5563066.744764509,501006.5524685904,5292940.04681062
jonathan klinsmann__1997-04-08,,,,,,,,805245.8012992406,,,,,,,,,,,805245.8012992406,,805245.8012992406
jonathan meier__1999-11-11,Jonathan Meier,DEF,537500.0000000003,485410.03914251225,,525000.8821403917,,,,518398.9444608474,,,,473640.47974766226,,,,,500612.58637285343,24965.012067362808,501904.49180167983
jonathan panzo__2000-10-25,,,,,,1996750.700193659,,1959719.6581166338,,,,,,1992956.0323641747,,,,,1983142.1302248223,20372.997465473483,1992956.0323641747
jonathan rodriguez__1993-07-06,,,,,,,,5451577.221023267,,,,,,,,,,5000646.366110139,5226111.793566703,318856.26535532036,5226111.793566703
jonathan rowe__2003-04-30,,,,,,,,,10339858.495244637,10903709.277749145,,11533018.542304358,,,,,,,10925528.771766046,596879.2107405432,10903709.277749145
jonathan tah__1996-02-11,Jonathan Tah,DEF,48250000.00000002,47029321.73184293,,,50771647.63131329,,52637071.5240973,,,,,,53604207.24862482,52742731.333895266,,,51356995.89395472,2630599.334892037,52637071.5240973
jonathan tomkinson__2002-04-11,,,,,,583262.9715220236,491568.96237791673,,,,,,,,,,,,537415.9669499701,64837.45565997923,537415.9669499701
jonathan varane__2001-09-09,,,,,,3949237.7078525494,,4116106.3319965806,,4065267.9087114693,,3452054.142261495,,,3234764.2801447175,5037038.005026846,,,3975744.729332276,628977.8494407613,4007252.8082820093
jones elabdellaoui__2006-01-12,,,,,,,,1763343.42270834,,,1735817.7400828435,1458105.6226988623,,,,,,,1652422.261830015,168844.9969155732,1735817.7400828435
jonjoe kenny__1997-03-15,,,,,,,3069352.0697536618,,3511118.4773255032,,3440356.747603245,,2988731.1030358323,3106380.2308188756,3176305.5671793516,,,,3215374.032619411,211743.91306867867,3141342.8989991136
jop tijink__2005-01-30,Jop Tijink,DEF,212500.00000000017,255395.75402795355,240823.10759626137,,,253203.38174873724,250742.33952180293,,,,,235811.55457381977,,231495.7159182,241159.41151895482,,244090.18070081854,9142.72941516684,241159.41151895482
jordan amissah__2001-08-02,,,,,381279.1563429256,,,,,,421366.2829542805,414356.54901710566,,,,,,,405667.3294381039,21409.608419066877,414356.54901710566
jordan archer__1993-04-12,,,,,,,,,,,199268.22639595228,,236857.46713231388,,,,,254036.0933302589,230053.9289528417,28010.63924570682,236857.46713231388
jordan ayew__1991-09-11,,,,,,,,,,,,2158224.2877344424,,,,2548861.945581411,,,2353543.1166579267,276222.53685042186,2353543.1166579267
jordan beyer__2000-05-19,,,,,,,,,,7822613.571617971,,7203827.009312234,,,,,,,7513220.2904651025,437548.17431349895,7513220.2904651025
jordan bos__2002-10-29,,,,,,,,,,,4902786.885991552,,,,4900828.233850697,,,,4901807.559921125,1384.9762107840188,4901807.559921125
jordan bowery__1991-07-02,,,,,,,,,,282552.27859637764,,,,,,,291265.1002220135,,286908.68940919556,6160.895254755903,286908.68940919556
jordan ferri__1992-03-12,Jordan Ferri,MID,2712500.0000000023,1205707.2233499722,,1299647.3273666566,,,,,,,,,,,,,1252677.2753583144,66425.68457556721,1252677.2753583144
jordan henderson__1990-06-17,,,,,4063808.2102538506,4904498.0604807325,,,3928813.609934017,,,4243333.1598140625,,,,,,,4285113.260120666,432553.8400085363,4153570.6850339565
jordan holmes__1997-05-08,,,,,,,,,227908.01973829608,,,,,,,,242947.58985642067,,235427.80479735837,10634.582016656468,235427.80479735837
jordan holsgrove__1999-09-10,,,,,3103142.1805493324,,,,3477069.3836144432,,,3626991.775354446,,,3409785.1041068076,3290112.958211657,,3192455.673979305,3349926.179302666,192764.4953313053,3349949.0311592324
jordan hugill__1992-06-04,,,,,,,,402958.93317803857,,,,,,,456400.82467143954,497985.9615879441,,,452448.57314580743,47636.63769826378,456400.82467143954
jordan larsson__1997-06-20,,,,,,,2443472.4262633976,,2259645.4709145846,,2339286.773065563,,,,,,2226537.0223914897,,2317235.4231587583,96548.51196294931,2299466.1219900735
jordan lefort__1993-08-09,,,,,,,,,,,2815631.21413138,2465029.289668144,,,,2555799.449684336,3010528.700938151,,2711747.163605503,248496.61419687545,2685715.331907858
jordan lotomba__1998-09-29,,,,,,,,,,4499251.978260585,,,3868799.2527100756,,4224132.256813077,,4321840.423938609,,4228505.977930587,265469.88097308634,4272986.3403758425
jordan mcghee__1996-07-24,,,,,,,,,,,,,,,611961.5351632587,,576812.8999915168,,594387.2175773878,24853.83827939064,594387.2175773878
jordan obita__1993-12-08,Jordan Obita,DEF,412500.00000000006,501257.23264965543,483985.44467938447,,,,,,,,,,,,,,492621.33866451995,12212.998396994833,492621.33866451995
jordan pickford__1994-03-07,,,,,,,,,,,20300073.38277738,19034937.147524633,,21117339.979536105,20816635.432554033,18843884.625055116,,,20022574.113489456,1033294.1511298447,20300073.38277738
jordan smith__1994-12-08,,,,,279685.12637926324,,,289203.4697332163,,,,,,,,291421.7445653299,,283274.4463014669,285896.19674481906,5382.710092188294,286238.95801734156
jordan teze__1999-09-30,,,,,,,8069117.926966251,,12274579.35235955,,,,,,,,,9799881.406894406,10047859.562073402,2113668.9249270433,9799881.406894406
jordan thompson__1997-01-03,,,,,,,,,1111346.7934098346,,,987396.9824887443,,,,,,,1049371.8879492895,87645.75182909335,1049371.8879492895
jordan torunarigha__1997-08-07,,,,,3538816.6090623746,,,3481861.129931192,,,3589257.4707475016,,,,3433830.131328682,,,,3510941.335267437,67582.65083327479,3510338.8694967832
jordan turnbull__1994-10-30,Jordan Turnbull,DEF,362499.9999999997,247546.63184491222,,,,,,255663.22266592496,,,,,,276648.26827168465,,,259952.70759417396,15017.525474966518,255663.22266592496
jordan williams__1999-10-22,,,,,,,,,,845285.4786208423,,,,,866128.6406857215,,,,855707.0596532819,14738.341237446286,855707.0596532819
jordan zemura__1999-11-14,Jordan Zemura,DEF,3449999.999999999,2250696.4055893635,,,,,,,,2269717.859386568,,,,,,,2260207.1324879657,13450.19896802985,2260207.1324879657
jordi liongola__2000-05-17,Jordi Liongola,DEF,1450000.0000000002,1484357.0199676165,,,,1522072.8460177763,,,,,,,,1460075.5758804334,,,1488835.1472886086,31240.28800039988,1484357.0199676165
jordi oseitutu__1998-10-02,Jordi Osei-Tutu,DEF,712500.0000000002,668625.2864437598,,,,,,,,,,723692.9213255955,,592195.5690015882,650487.7533316092,,658750.3825256381,54199.8195495003,659556.5198876845
jordi vanlerberghe__1996-06-27,Jordi Vanlerberghe,DEF,1650000.0000000007,1483338.7799360356,,,1331886.0991405118,,,,1393884.7846848664,,,,1385743.068819564,,,1125390.7651070717,1344048.69953761,133775.00088569755,1385743.068819564
jordy clasie__1991-06-27,,,,,,4975125.217354168,,,,,,,,,,,,,4975125.217354168,,4975125.217354168
jordy de wijs__1995-01-08,,,,,906396.7355505582,967132.310763752,,,,948556.5261367393,,,,,,,,,940695.1908170165,31121.58364987586,948556.5261367393
jordy gillekens__2000-02-18,Jordy Gillekens,DEF,575000.0000000001,776657.5261139771,,,,,,,,,,,754709.0868301882,,,,765683.3064720826,15519.890254028343,765683.3064720826
jorg schreuders__2004-09-09,,,,,,,,,,,2067539.44311326,,,,,,,1692942.2497666066,1880240.8464399334,264880.21562886686,1880240.8464399334
jorge grant__1994-12-19,Jorge Grant,MID,612499.9999999997,670225.8781758067,,,,584791.0863598152,,,,,,,,,,,627508.482267811,60411.52064234855,627508.482267811
jorge sanchez__1997-12-10,,,,,2284744.953191499,2355736.307634275,,,2437449.8892957508,,,,,,,,,,2359310.3833738416,76415.18102245787,2355736.307634275
jorge segura__1997-01-18,,,,,,,,,,,,,,,,,,560066.9586793638,560066.9586793638,,560066.9586793638
joris chotard__2001-09-24,,,,,,,,,6422266.08018612,,,,,6186673.514420698,,,,,6304469.797303409,166589.10084986745,6304469.797303409
joris kayembe__1994-08-08,,,,,,3587581.6609710734,,,,,,3512765.696615181,,3438845.548112428,,,,,3513064.301899561,74368.5060419519,3512765.696615181
joris kramer__1996-08-02,,,,,2257456.796447474,,,,,,2213023.382877759,,2239754.4043713785,2314063.707691316,,,,,2256074.5728469817,42756.68820552838,2248605.6004094263
joris van overeem__1994-06-01,,,,,,,,,,1705163.8290098421,,,,,,,,,1705163.8290098421,,1705163.8290098421
jorman campuzano__1996-04-30,,,,,,,1491169.6609503985,,,,,,1989044.1045731823,2484977.148869923,,,,,1988396.971464501,496904.0600027073,1989044.1045731823
jorne spileers__2005-01-21,Jorne Spileers,DEF,2599999.9999999986,2622850.827117775,,,,,2639438.370655628,,,,,,,,,,2631144.5988867013,11729.164518842825,2631144.5988867013
jorrel hato__2006-03-07,Jorrel Hato,DEF,31999999.999999955,32255936.716346085,,38311017.477309175,,,,,,,,,38818489.678359166,,,,36461814.6240048,3651224.2795134378,38311017.477309175
jorthy mokio__2008-02-29,Jorthy Mokio,DEF,5650000.000000001,3107739.52997934,2903776.25424783,,,3043878.5162761123,,,3004745.872683792,,,,,,,,3015035.0432967683,85460.42545554513,3024312.194479952
jose cifuentes__1999-03-12,,,,,2761816.2336000833,,,2706277.537072247,,2832931.321892718,,,,2908526.0788713917,2743587.2632942745,,,2554221.6454674564,2751226.6800330286,120350.03764542783,2752701.748447179
jose luis palomino__1990-01-05,,,,,,,720337.9487805179,,,,706061.009020748,,,,801488.9605902993,,,711937.8216910016,734956.4350206418,44740.28498629489,716137.8852357598
jose maria gimenez__1995-01-20,,,,,,21935588.313965436,,,,,,,,,,,,19539538.614992276,20737563.464478858,1694262.9902039075,20737563.464478858
jose sosa__1985-06-19,,,,,,,,735193.1445487445,,,,,,,,,,,735193.1445487445,,735193.1445487445
josef bursik__2000-07-12,,,,,,,,765150.3722638261,,,,,,,,766603.0876187077,,,765876.7299412668,1027.2248785706004,765876.7299412668
joseph aidoo__1995-09-29,,,,,,3319115.8391803885,,,3329330.1250656103,3545967.1227270183,,,,,,,,,3398137.6956576724,128125.86600594965,3329330.1250656103
joseph anang__2000-06-08,,,,,,823855.7777920138,,,,,997941.1595567351,909715.3817445206,,,,890631.1688215258,,,905535.8719786989,71763.48522940098,900173.2752830232
joseph hungbo__2000-01-15,,,,,,,,797765.8424893001,,,1418787.7546710263,761382.5638096621,,,,,,,992645.3869899962,369498.20553213207,797765.8424893001
joseph mangondo__2005-08-06,,,,,,,,,430635.6095817875,,,,,,,,433266.60044203827,386687.1703480341,416863.1267906199,26166.233749726172,430635.6095817875
joseph nonge__2005-05-15,,,,,1780327.2495437125,,,1695405.5436702566,,1564640.402204836,1596698.1848511877,,1737927.5880338447,,,,,1517196.6313078154,1648699.2666019422,104433.75300422357,1646051.8642607222
joseph okumu__1997-05-26,,,,,3550740.2200020477,,,,,3403383.1231744755,,,1542561.2990510226,,,,,,2832228.2140758485,1119311.8833813039,3403383.1231744755
joseph opoku__2005-08-08,Joseph Opoku,MID,2700000.0,3326749.3360354383,,,,,3434156.9422800485,,,3475853.268729765,,,,3402349.60606039,,,3409777.28827641,63005.85697282575,3418253.274170219
joseph paintsil__1998-02-01,,,,,,,,,,,4997201.949646985,,,,,,,,4997201.949646985,,4997201.949646985
josh benson__1999-12-05,Josh Benson,MID,562500.0000000003,601357.0786121543,,,588439.1762741241,655665.4717595701,600730.9990662117,,,,,,,,,,611548.181428015,30006.840532636495,601044.038839183
josh bowler__1999-03-05,,,,,,,,,,2009750.5031557987,,,,,,,,,2009750.5031557987,,2009750.5031557987
josh brownhill__1995-12-19,,,,,,,,,,,,,,,5515147.899776507,,,,5515147.899776507,,5515147.899776507
josh campbell__2000-05-06,,,,,,,,,,568742.5319065579,,,,,,537502.1747995068,,,553122.3533530324,22090.268357085162,553122.3533530324
josh cullen__1996-04-07,Josh Cullen,MID,8000000.000000002,9441601.443365172,,,8393155.016495248,,,,,,,,,10796643.804565793,,,9543800.088142073,1204999.1746224891,9441601.443365172
josh dasilva__1998-10-23,,,,,,,,,,,2998526.548899591,,,,,,,,2998526.548899591,,2998526.548899591
josh doig__2002-05-18,,,,,,,,4866134.895196895,4829843.319638016,,,,,,,,,,4847989.107417455,25662.0191776276,4847989.107417455
josh feeney__2005-05-06,,,,,,,994210.4435636629,,,,954030.4139649557,,,,,,,929653.836304246,959298.2312776215,32599.099828697228,954030.4139649557
josh flint__2000-10-13,,,,,,,,759544.8787389838,753174.1317857661,,738117.2218759696,,,,755313.9508554525,,,,751537.5458140429,9330.275520285048,754244.0413206093
josh king__2007-01-03,,,,,,,8642976.856509654,,,,,,13677758.739405429,,12752449.099406142,,,11012643.306874866,11521457.000549022,2214310.8823396247,11882546.203140505
josh knight__1997-09-07,,,,,,,937293.3792787143,,,,993757.6409831677,,,,,,949839.6569004462,,960296.8923874426,29649.090086883363,949839.6569004462
josh laurent__1995-05-06,,,,,2875541.1021854095,,,,2694181.7497564876,,,,,,2622739.3073790665,,,,2730820.7197736544,130322.66670562814,2694181.7497564876
josh magennis__1990-08-15,,,,,,,,,288195.92369725095,376727.57131826814,,357741.88916253607,345648.87154959573,,,,,,342078.56393191277,38131.26226288551,351695.3803560659
josh maja__1998-12-27,,,,,2410074.179783377,2539208.759292726,,,,,,,2427363.1201221705,,,,,,2458882.019732758,70100.04051896694,2427363.1201221705
josh martin__2001-09-09,Josh Martin,MID,525000.0000000003,443118.4404826096,,409022.32184206333,,404463.4018698032,,,384553.95317081927,,,,,,,,410289.5293413238,24328.35700515532,406742.86185593327
josh mulligan__2002-11-12,,,,,1241198.943467205,,846359.9822107936,,,,,1380396.0982789968,,,,,,,1155985.0079856652,277028.3458718473,1241198.943467205
josh sargent__2000-02-20,,,,,5375438.976803785,,,,,,,,,,5486916.712592949,5800420.726143282,,5859524.170072977,5630575.146403248,235935.99911788537,5643668.719368115
josh sheehan__1995-03-30,,,,,900005.902215675,,798682.5511128671,,,,,,,875967.8999842587,,,,,858218.7844376002,52942.22036042874,875967.8999842587
josh tymon__1999-05-22,Josh Tymon,DEF,2449999.9999999995,2160658.0984484544,,,,,,,2121137.2706880947,,,2097176.9670085795,2074852.0859022092,,,,2113456.1055118344,36707.44300584557,2109157.118848337
josh vickers__1995-12-01,Josh Vickers,GK,499999.99999999977,444109.0061462408,,553916.2542869297,,,474967.98399168387,582125.6285424995,,528865.6373922379,,,,,,,516796.90207191836,56622.72464573545,528865.6373922379
josh windass__1994-01-09,,,,,,2506792.0261065233,,,,,,,,,,,,,2506792.0261065233,,2506792.0261065233
josha vagnoman__2000-12-11,,,,,5585859.3000933025,,,,,5944028.057004488,,,,5777144.231387318,5731897.3696715515,,,6396418.430461634,5887069.477723659,312077.77452764614,5777144.231387318
joshua bitter__1997-01-01,,,,,,,,625410.8224074204,,,,,,,589264.2824994371,543182.5734742786,,,585952.5594603787,41214.03720540197,589264.2824994371
joshua brenet__1994-03-20,,,,,1508702.7069256066,1440206.5446698444,,,,,1555915.0463975386,1428918.3783611082,,,1504078.8656582988,,,1332632.3381959316,1461742.3133680548,78837.49311191532,1472142.7051640716
joshua brillante__1993-03-25,Joshua Brillante,DEF,487499.9999999996,470190.4901514287,,,432880.91314732627,,,,,529601.2821375509,,,,,,,477557.5618121019,48779.22460475793,470190.4901514287
joshua eze__2003-03-20,Joshua Eze,MID,537500.0000000003,681058.0210690985,,,,,,,638493.2599199157,,,,,,,,659775.640494507,30097.83124817286,659775.640494507
joshua kimmich__1995-02-08,,,,,,,,,70254276.77318065,86548120.53381073,,,,,,70316335.84660576,,,75706244.38453239,9389391.442440063,70316335.84660576
joshua king__1992-01-15,Joshua King,MID,2950000.000000002,2736200.0120680453,,,,,2844289.9090147056,,2796381.0965680284,,,,,,,,2792290.3392169266,54160.93774358143,2796381.0965680284
joshua kitolano__2001-08-03,,,,,,,,,,,,,,,,,2080653.5584044573,,2080653.5584044573,,2080653.5584044573
joshua quarshie__2004-07-26,,,,,,,,,,,,,,,,1932700.4906972281,,,1932700.4906972281,,1932700.4906972281
joshua smits__1992-11-06,,,,,,,,,,609217.4305576406,,,,,,,,,609217.4305576406,,609217.4305576406
josimar alcocer__2004-07-07,,,,,3117568.4719360573,,,,,,,,,,,,,2350719.276221141,2734143.8740785993,542244.2664374671,2734143.8740785993
josip brekalo__1998-06-23,,,,,,,,,,3636208.741824705,,,,,,,,,3636208.741824705,,3636208.741824705
josip calusic__1993-10-11,,,,,,,,278811.3440987465,,,,,,,,,,,278811.3440987465,,278811.3440987465
josip misic__1994-06-28,,,,,,1566916.7156243839,,1796920.6640016933,,,1732718.929771347,,,1754335.430660911,1619127.0879308507,,,1695442.1500360828,1694243.4963375449,86591.01682918615,1714080.5399037148
josip stanisic__2000-04-02,,,,,,,,,,,,19051773.22621021,,,17409635.133118514,,,,18230704.179664362,1161166.9812698846,18230704.179664362
josip sutalo__2000-02-28,Josip Šutalo,DEF,17249999.99999998,17500830.36172099,,,13476763.044044826,17464154.924315825,,17180481.52769197,,,,18605093.811427005,,,,16715260.947801981,16823764.102833766,1754029.1330113355,17322318.2260039
josko gvardiol__2002-01-23,,,,,,,,,,,74741932.26809914,,,,,,66625832.701469325,,70683882.48478423,5738949.040349145,70683882.48478423
josue casimir__2001-09-24,Josué Casimir,MID,3400000.000000002,2813003.926476867,,,,,,,,,,,,,,,2813003.926476867,,2813003.926476867
josue kongolo__2006-04-13,,,,,,,,,,,,,,728567.8851991531,,727119.1038135906,787162.4611410487,,747616.4833845975,34255.48145058087,728567.8851991531
jovan milosevic__2005-07-31,,,,,,1285515.8955067543,,1273958.1103237295,,,,,,1334094.2742108263,,,,,1297856.0933471033,31910.811863977357,1285515.8955067543
joyskim dawa__1996-04-09,,,,,1148802.3199921013,,1037323.9062172053,,,,1191998.55052212,,,1190502.552508683,,,,,1142156.8323100274,72699.40493927953,1169652.436250392
jozhua vertrouwd__2004-08-21,,,,,1864977.000733603,,,,,,,1689388.3173335807,,,,,1854953.1818753213,2010496.6451421597,1854953.786271166,131283.37071491536,1859965.0913044622
jozo stanic__1999-04-06,,,,,,,,,,,1206870.3703461294,,994419.4303395303,1303849.6232187634,1214145.4472825602,,,,1179821.217796746,131233.4783598727,1210507.9088143448
jrgen strand larsen__2000-02-06,,,,,,,,,,,,21101902.03344226,,,,,,20086719.270288102,20594310.65186518,717842.6159700009,20594310.65186518
juan castillo__2003-01-13,Juan Castillo,GK,1550000.0000000012,1574244.3280083346,,,,,,,,1640244.838563722,1385014.0893622264,,,,,1580934.5384021464,1545109.4485841074,110775.36538793467,1577589.4332052404
juan foyth__1998-01-12,,,,,17013044.661438446,,,,16617262.11166802,,22489502.129928183,,15636292.010727938,,,,16478807.607204476,,17646981.704193417,2753166.651846117,16617262.11166802
juan garro__1992-11-24,,,,,,620083.4539116784,387178.997797815,,,,,,,,,,,,503631.2258547467,164688.32028667745,503631.2258547467
juan iturbe__1993-06-04,,,,,1531240.5759116428,1651280.022461894,,1788790.4574872768,,,,,,,1952095.302239683,,,1926643.7759227357,1770010.0268046465,179686.9138812307,1788790.4574872768
juan jose perea__2000-02-23,,,,,888366.7755074624,,,,851098.4561169681,,,,,,,,863305.2506297906,,867590.160751407,19000.05917387425,863305.2506297906
juan manuel garcia__1992-11-14,Juan Manuel García,FWD,825000.0000000006,1285083.5784872863,,1274987.5695044298,,,,1251819.5788342322,1402908.247817053,1351787.353915796,,1227627.7127834142,,,,,1299035.6735570352,65838.71230842189,1280035.573995858
juan manuel insaurralde__1984-10-03,,,,,269878.05125928967,,,273528.4421982871,,,,419592.02007898537,450835.359771513,,,,263328.7613082827,,335432.52692327154,91827.40892389468,273528.4421982871
juan musso__1994-05-06,,,,,,,,6262643.199028369,,6587038.792795139,,,,,,,5584731.355761977,,6144804.449195161,511438.68430603354,6262643.199028369
juan rodriguez__2005-05-30,,,,,,,,,1878962.1724859083,,,,,1829243.2667168186,,,,,1854102.7196013634,35156.57542249829,1854102.7196013634
jude bellingham__2003-06-29,,,,,,,,,,,,,103971710.82336403,,,137366398.54179612,,,120669054.68258008,23613610.141310442,120669054.68258008
jude soonsupbell__2004-01-10,Jude Soonsup-Bell,FWD,525000.0000000003,455606.5548194563,,,,,,488335.34689356515,428843.8326539943,,,,,,,,457595.24478900526,29795.574041718057,455606.5548194563
juho talvitie__2005-03-25,Juho Talvitie,MID,1450000.0000000002,1871000.7375408593,1672045.2061191755,,2093533.9972603777,,,,1793092.217449249,1608471.9882246158,,,,,1848110.104534063,,1814375.70852139,170517.47974668903,1820601.1609916561
julen agirrezabala__2000-12-26,,,,,,,,10507173.70101002,,11399313.059913803,,,10396130.351606699,,,,,,10767539.037510173,549942.2405123312,10507173.70101002
jules gaudin__2000-05-09,,,,,1618955.215810004,,,,1535451.4959336682,,,,1374948.3401986868,1477694.7299096528,,1464676.25666379,,,1494345.2077031606,90319.54119802461,1477694.7299096528
jules kounde__1998-11-12,,,,,,,,,70488115.98977678,,,,,67687542.7336655,,,,,69087829.36172113,1980304.3406059751,69087829.36172113
jules stawiecki__2007-04-10,,,,,,434421.678581996,461502.3600614386,,,,399033.4341173619,,391305.1953306687,413631.3738452468,,,,,419978.8083873424,28434.03135940517,413631.3738452468
julesanthony vilsaint__2003-01-06,,,,,,,,419414.32542794757,430652.37482996285,369873.222387456,485303.6273140132,,431584.7623488436,,,423603.7394535923,,,426738.675293636,36785.347264522476,427128.0571417776
julian alvarez__2000-01-31,,,,,108718582.75906861,,,,108750404.28604,,,,,,,,,139601728.14722008,119023571.73077624,17821213.32224932,108750404.28604
julian araujo__2001-08-13,Julian Araujo,DEF,8999999.999999996,8017276.507389319,6804405.780222536,,,,,,5302130.06826151,,,,,,6770497.99533097,,6723577.587801084,1110991.2490927288,6787451.887776753
julian baas__2002-04-16,,,,,1314499.3335691171,1406939.8277968003,1276713.9890584443,,,1370857.8650433617,,,1326809.281247761,,,,,,1339164.0593430968,50643.49076412687,1326809.281247761
julian brandes__2004-05-11,,,,,,,,,,852054.2949840062,,,928498.7104142624,,,882877.8835638728,,,887810.2963207137,38460.15710213991,882877.8835638728
julian brandt__1996-05-02,,,,,,,,,,,,,,,29869074.061385304,,,,29869074.061385304,,29869074.061385304
julian eitschberger__2004-03-05,,,,,,1467929.8252693487,,,,,,,,1422831.5191094808,,,,,1445380.6721894147,31889.31810566964,1445380.6721894147
julian green__1995-06-06,,,,,1441676.029081952,,,,1479347.9829621445,,1448711.7796929318,,,,,,1517048.9556744248,,1471696.1868528633,34374.9737869666,1464029.8813275383
julian illanes__1997-03-10,,,,,,,1329611.4174563906,,,,,1151293.5925940042,1374406.252262055,,1358649.5935206485,,1257644.7762759328,,1294321.1264218062,91650.44161694848,1329611.4174563906
julian justvan__1998-04-02,,,,,,,,,,,,,,4585320.300224502,,4134624.839227508,3938316.0996141653,,4219420.413022059,331732.3106108529,4134624.839227508
julian martinez__2003-12-01,,,,,,,1366918.6032483997,,1049139.6062487133,,,,1181257.3231098668,,,,,,1199105.1775356599,159639.5382235707,1181257.3231098668
julian niehues__2001-04-17,Julian Niehues,MID,1899999.9999999993,2204388.8462864193,,2235082.116127832,,,,,,,,2148861.9609631156,,,,2120162.89165471,2177123.953758019,52108.3031852795,2176625.4036247674
julian palacios__1999-02-04,,,,,,,,1627233.0268012136,1355590.4685830453,1504166.0350906486,,,,,,,,1480287.6145042602,1491819.286244792,111326.23762796342,1492226.8247974543
julian rieckmann__2000-08-01,,,,,544892.1223460833,,,,563124.7743747307,,,,,,,531210.7253745511,,534120.4706593787,543337.023188686,14444.89955650693,539506.296502731
julian ryerson__1997-11-17,,,,,15174051.809394298,,12815648.64665418,,14676350.04161751,14540733.368500177,,,,,,,,,14301695.96654154,1027431.4103643643,14608541.705058843
julian von moos__2001-04-01,,,,,,1031021.540360908,,,,,,1124732.008117891,,,,,,,1077876.7742393995,66263.30721912593,1077876.7742393995
julian weigl__1995-09-08,,,,,9339884.83819564,,,,,,,,,,10503826.204483023,,10242186.298499668,,10028632.447059443,610650.3186255204,10242186.298499668
julien duranville__2006-05-05,,,,,,,,,,8578709.23926781,6963091.662050135,8499539.938713519,6112896.522998973,,,6307417.592589331,6062025.751553139,,7087280.117862151,1169873.2292196492,6635254.627319733
julien fabri__1994-02-05,Julien Fabri,GK,155000.00000000012,227904.9878422723,231789.29342887268,,,199534.02746876088,,,,,,178489.76671179148,,,185557.29203669843,,204655.07349767914,24250.763166685065,199534.02746876088
julien laporte__1993-11-04,,,,,,,,1986229.2779168445,,,,,,1854926.2426437878,,2321996.2235000744,,,2054383.9146869022,240878.3565188389,1986229.2779168445
julien le cardinal__1997-08-03,,,,,,,,,4417139.153602887,,4859666.724620912,,,,,,,,4638402.9391119,312914.24632885715,4638402.9391119
julien lopez__1992-03-01,,,,,,,,,,,,,,580159.7838951758,609473.0711842686,,,,594816.4275397222,20727.624220986934,594816.4275397222
julien ponceau__2000-11-28,Julien Ponceau,MID,3850000.0000000005,4450497.67594182,4794030.647822655,,5335362.851270237,,,,,4428641.603935595,,,,,,,4752133.194742577,423297.77712346637,4622264.1618822375
julio soler__2005-02-16,,,,,,,,,,,3410660.2605626537,3560848.7995958203,2911686.648226138,,,,,,3294398.5694615375,339838.87403591286,3410660.2605626537
julius berthel askou__2006-05-27,,,,,,,,,,,,406107.1790562879,,,,,,437194.9573539728,421651.06820513034,21982.378846316944,421651.06820513034
julius dirksen__2003-02-02,,,,,,,,,,588448.7184704893,,,,,602580.4694924678,587159.7708696421,,,592729.6529441997,8555.365946594951,588448.7184704893
julius eskesen__1999-03-16,,,,,,,,,,,743805.6254355775,,,767388.910155618,677071.8560529371,740262.3758147596,,722438.2857429729,730193.410640373,33735.0824790106,740262.3758147596
juninho bacuna__1997-08-07,Juninho Bacuna,MID,2050000.000000001,1562062.5987773715,,,,,1583992.2644334745,,,,,,,,,,1573027.4316054229,15506.615294584208,1573027.4316054229
junior adamu__2001-06-06,,,,,,2751135.998251901,,,,,,,,2945350.36291558,2796748.5834936006,,,,2831078.314887027,101556.40158841664,2796748.5834936006
junior diaz__2003-07-23,Junior Diaz,DEF,3449999.999999999,3639108.7098294687,,,,,,,,,,,,,,,3639108.7098294687,,3639108.7098294687
junior dina ebimbe__2000-11-21,,,,,,,,3565470.16402277,,,,,,3462753.353291994,3553672.8392065074,,,,3527298.7855070904,56208.35198687386,3553672.8392065074
junior hoilett__1990-06-05,,,,,,,,,503061.05690802215,,,,,,,,,,503061.05690802215,,503061.05690802215
junior messias__1991-05-13,Junior Messias,MID,1800000.000000001,1287457.3075702959,,,,1250616.531892622,,1164529.2018520636,,1286775.982235956,,,1188698.1347391852,,,1345369.419538208,1253907.7629713884,67561.49999270515,1268696.257064289
junior mwanga__2003-05-11,,,,,,,4269409.8325664755,,,,,,4665241.855000153,,,,5893777.486157182,,4942809.724574603,847009.7462089903,4665241.855000153
junior olaitan__2002-05-09,,,,,,,,,,,,2085839.0267017137,,,,,,,2085839.0267017137,,2085839.0267017137
junnosuke suzuki__2003-07-12,,,,,,,,,,,,2219713.127992625,2305093.380443968,,,,,,2262403.254218296,60372.95548776398,2262403.254218296
jure balkovec__1994-09-09,Jure Balkovec,DEF,1299999.9999999993,1413034.8840046083,,,1090975.839356882,,,,,,,,,,,1215345.298090536,1239785.340484009,162414.57389654903,1215345.298090536
jurgen ekkelenkamp__2000-04-05,,,,,,,,,5784032.55034271,,4985408.515600647,5998391.513012563,,5990810.54694291,,,,,5689660.781474708,479889.9632851532,5887421.54864281
jurrien timber__2001-06-17,,,,,,,,,49854559.2111152,63054185.1145237,,,,51264282.74703786,60467223.25551471,,,,56160062.582047865,6577957.928151265,55865753.001276284
jusef erabi__2003-06-08,,,,,,,1914954.1628086416,2348096.3321517785,,,,,,,,2316944.4193496276,,2133636.10704393,2178407.755338494,199498.46806776014,2225290.2631967785
justin amaluzor__1996-10-17,,,,,,,,,268564.6358648231,,,272773.8387518452,,256664.21671444038,,244365.58930455078,272147.33462838584,270227.971581721,264123.93114096107,11333.26506171541,269396.30372327205
justin bijlow__1998-01-22,,,,,3280885.7617617734,3582749.88150048,,,,,,,,,3445318.0096178004,,3704966.422941301,,3503480.0189553387,182402.0328512953,3514033.9455591403
justin che__2003-11-18,,,,,,,,,,,628150.9412457896,,697960.8189005188,,740614.5641215153,,,,688908.7747559412,56775.62192508238,697960.8189005188
justin de haas__2000-02-01,,,,,,,,,,,,,,,,,5313143.026288771,5101850.008583764,5207496.517436268,149406.72563658003,5207496.517436268
justin devenny__2003-10-11,Justin Devenny,MID,6099999.999999996,5011598.187383283,5365146.113069826,,3972294.2450196915,,,4155641.9313845388,2258227.212372302,4225707.385375406,,,,5573213.883322444,,,4365975.565418213,1120572.6371845573,4225707.385375406
justin diehl__2004-11-27,,,,,,,,,,,,1732131.417400909,,,,,,1731329.0485286037,1731730.2329647564,567.3604706199714,1731730.2329647564
justin hubner__2003-09-14,,,,,,844481.0494681473,,,,,,,,,,839275.2197412293,,,841878.1346046883,3681.0775016062435,841878.1346046883
justin janitzek__2004-02-10,Justin Janitzek,DEF,999999.9999999997,984882.4887965304,,,,,983993.9498803763,,,,,,982936.8919275798,,921013.5061142251,,968206.709179678,31472.185042961715,983465.420903978
justin kalumba__2004-12-25,,,,,,,,,,,,1162393.1703005885,,,1044047.8234978071,,,,1103220.4968991978,83682.79724612039,1103220.4968991978
justin kluivert__1999-05-05,Justin Kluivert,MID,26750000.00000001,27812875.11470189,,,,,,,,,,25009062.648471117,,,,,26410968.881586503,1982594.808047157,26410968.881586503
justin lonwijk__1999-12-21,,,,,,,790126.7021757341,1044007.3261083381,,,911077.101607002,1026888.2015294981,,999546.266887789,,,,,954329.1196616723,105100.85923803007,999546.266887789
justin njinmah__2000-11-15,,,,,,,,,,,,,,,5807038.123940698,,5787194.5345977815,,5797116.32926924,14031.536587457282,5797116.32926924
justin smith__2003-02-04,,,,,,1637286.9788322025,,,,,,,,,1744876.601764021,1804171.8374281703,,1835658.6462808433,1755498.5160763091,87333.71110688361,1774524.2195960956
kaan ayhan__1994-11-10,,,,,,,,,3538552.792377465,,,3740199.49105044,,,3378877.7744377195,,,,3552543.3526218752,181066.69366825887,3538552.792377465
kaan kairinen__1998-12-22,Kaan Kairinen,MID,3850000.0000000005,4698246.040759112,,,,,4956728.340001978,,,,,,,,,4002885.067570663,4552619.816110585,493314.80321358435,4698246.040759112
kaare barslund__2004-03-23,,,,,,592508.6129009755,,569606.7456504094,561127.795751851,542548.5923761454,,,,,,567560.1845846375,,,566670.3862528038,17955.564271241772,567560.1845846375
kacper potulski__2007-10-19,Kacper Potulski,DEF,950000.0000000008,1265372.2935613813,,,,,,1456732.6698259602,,1128013.4612074096,,,,1528013.6698573085,,,1344533.0236130147,182026.60084280366,1361052.4816936706
kacper urbanski__2004-09-07,Kacper Urbański,MID,4799999.999999999,2407597.3580738786,,,,,,,,2163308.827179436,,,2558298.2874548985,,,2406041.706394858,2383811.5447757677,163428.9007876761,2406819.5322343684
kadeem harris__1993-06-08,,,,,344979.0004088467,295968.4164052353,,,,,,296250.27428575984,,295636.196195185,,,,,308208.4718237567,24514.9704732566,296109.3453454976
kader keita__2000-11-06,,,,,,,,,,,,,,,1993993.1240887337,2012642.1796351671,2054782.082984869,1998500.7997781658,2014979.5466217338,27698.88212928819,2005571.4897066664
kaelan casey__2004-10-28,,,,,,,571756.6445397674,,,,,,,,,,,,571756.6445397674,,571756.6445397674
kahveh zahiroleslam__2002-06-13,,,,,,,,,,,,,,1128629.805256424,,1083882.0936149196,,,1106255.9494356718,31641.410344287997,1106255.9494356718
kai havertz__1999-06-11,,,,,,,38465669.71759539,,,,,48183180.90995637,,,49960597.10151412,,46833046.55532747,,45860623.57109834,5093623.611866395,47508113.73264192
kaine keslerhayden__2002-10-23,,,,,,,,,,,,2834937.7029463425,,,3263951.1191971456,,,2132297.7127426327,2743728.84496204,571313.5303107448,2834937.7029463425
kaishu sano__2000-12-30,,,,,,,,,,,,,,,22341699.79273438,,,,22341699.79273438,,22341699.79273438
kaito mizuta__2000-04-08,Kaito Mizuta,MID,712500.0000000002,821750.8978215386,,,893650.1541245714,,,,,812898.2135578532,629856.0121171862,,,,,,789538.8194052874,112429.3085328277,817324.555689696
kaj de rooij__2000-11-25,,,,,870592.5470536406,,,,,,,878928.2291509825,841073.1460133616,,,882636.1368461073,,,868307.514766023,18841.808110972765,874760.3881023115
kaj sierhuis__1998-04-27,,,,,,,,,1549438.0650023955,1554261.8306511345,,1482976.5284854546,1513986.1025831748,1437476.2846114729,1255166.969469782,,,,1465550.9634672357,111898.06906381268,1498481.3155343146
kalidou koulibaly__1991-06-20,Kalidou Koulibaly,DEF,11000000.000000013,10447971.604195753,,,,10065404.284380317,10325074.092294428,10018743.601809215,9408089.024613602,,,10834873.349264998,,,,,10183359.326093053,480963.413156321,10195239.188337373
kalvin phillips__1995-12-02,,,,,5798679.085059238,,,,,,4552656.931217191,,,,5423464.869792599,,,,5258266.96202301,639226.5353651089,5423464.869792599
kamal sowah__2000-01-09,,,,,1357828.7052107232,,,,,,,,,,,,1512905.8311554692,,1435367.2681830963,109656.08736245015,1435367.2681830963
kamaldeen sulemana__2002-02-15,,,,,,,,,,,,,3806382.3828776916,,,,3572729.8277025083,3791087.2326182052,3723399.8143994682,130707.95336861358,3791087.2326182052
kamarai swyer__2002-12-04,,,,,,,319250.0532523361,,,,342712.135787363,,,,,,,,330981.0945198495,16590.197661275975,330981.0945198495
kamiel van de perre__2004-02-12,,,,,,,1969001.5128985534,,,,,,,,,,,,1969001.5128985534,,1969001.5128985534
kamil glik__1988-02-03,Kamil Glik,DEF,299999.99999999977,107080.67417425918,115619.0169784061,,,,,,,,139076.8258338193,,,123418.70396336992,,,121298.80523746365,13601.0689840999,119518.860470888
kamil grabara__1999-01-08,,,,,,,,,,17142356.98025955,17895092.443276584,,,,,,,,17518724.71176807,532264.3503389413,17518724.71176807
kamil grosicki__1988-06-08,,,,,1230491.660917152,,,,,,,,,,,,,998511.2574787419,1114501.4591979468,164034.91637369082,1114501.4591979468
kamil jozwiak__1998-04-22,,,,,,,,,,,,,,971145.0098531212,,,,,971145.0098531212,,971145.0098531212
kamil piatkowski__2000-06-21,,,,,,,,2259760.9214206496,,,,,,,,,,,2259760.9214206496,,2259760.9214206496
kamory doumbia__2003-02-18,,,,,,,,,9772921.546127655,9526272.899425372,,,10802164.158507667,10149082.275476823,,,,,10062610.219884379,555576.1854602476,9961001.910802238
kanayo megwa__2004-03-05,,,,,278637.4205329546,267901.87625929154,,,,,,,,,,,,,273269.6483961231,7591.176155635572,273269.6483961231
kandet diawara__2000-02-10,,,,,,885530.2403071567,,,,,,,,,,,,,885530.2403071567,,885530.2403071567
kane wilson__2000-03-11,,,,,1183806.4368929924,,,,,,,,,,,,,,1183806.4368929924,,1183806.4368929924
kanya fujimoto__1999-07-01,,,,,,,,3456757.4794647936,,,,3356166.8182047643,,,3511107.225354331,,3555399.949871191,,3469857.8682237696,85860.80253588548,3483932.352409562
kaoru mitoma__1997-05-20,Kaoru Mitoma,MID,30250000.000000015,33311759.0865078,,,,,,,30930028.085184723,,,,,,,,32120893.58584626,1684138.1419977744,32120893.58584626
karamoko dembele__2003-02-22,,,,,,,2094042.906767824,2121279.218629077,,,,,,,,,,1678632.2011850516,1964651.442193984,248073.9987210374,2094042.906767824
karim adeyemi__2002-01-18,,,,,34515682.33021587,,,35529929.166306,45582107.89397496,,,,28934599.917447414,,36524316.64659868,,,,36217327.19090859,6004156.642655859,35529929.166306
karim benzema__1987-12-19,,,,,,,,,,,,,11043514.767203024,,,,12059629.533271646,,11551572.150237335,718501.6415509054,11551572.150237335
karim onisiwo__1992-03-17,,,,,,,1012536.5861998784,1227586.236491211,,,,,1179548.3503449878,,,,,,1139890.3910120258,112876.71737983555,1179548.3503449878
karim zedadka__2000-06-09,Karim Zedadka,DEF,525000.0000000003,809443.6815638747,,,,,740721.4047813189,,658850.6638844017,,,756626.5911404006,,696580.1838789055,,,732444.5050497802,57629.108381163205,740721.4047813189
karl darlow__1990-10-08,,,,,,,,,679862.7636553298,,,,,,,,,,679862.7636553298,,679862.7636553298
karl hein__2002-04-13,Karl Hein,GK,4500000.000000002,5079026.292574011,,,,,4579082.7416876145,,4194848.698572701,,,,,,5096307.171796135,,4737316.226157615,433954.34576782526,4829054.517130813
karlan grant__1997-09-18,,,,,,,,,,2091162.214219761,,,,,,2151785.884822432,,,2121474.0495210965,42867.408583568125,2121474.0495210965
karljohan johnsson__1990-01-28,,,,,,,,,,,,,163122.0451946746,,,,153350.19780548834,,158236.12150008147,6909.739553613669,158236.12150008147
karlo muhar__1996-01-17,,,,,,975192.3367809813,,,,,,,,819246.1268732433,,886348.0203919569,,777800.8458546302,864646.832475203,86206.53405334894,852797.0736326
karol angielski__1996-03-20,,,,,,,,597792.8419388862,,,,,616313.5802450299,,,,533853.4180203521,,582653.2800680894,43264.58527201902,597792.8419388862
karol linetty__1995-02-02,Karol Linetty,MID,2000000.0000000016,2470996.675462989,,,2564064.0157848382,2373681.224057068,,,2408180.8101155525,,,2334743.6483541024,2409165.7214151546,,,,2426805.349198284,80930.061446742,2408673.2657653536
karol mets__1993-05-16,,,,,1275659.580502871,,,1285499.6157449663,1274038.3522029845,,,,1381538.1261944878,1198684.870671943,1298847.7996937255,,,,1285711.390835163,58594.00520462524,1280579.5981239188
karol swiderski__1997-01-23,,,,,,,,3490069.531603785,,3404006.6803110093,,3539257.795847818,3003399.881495237,,,3511655.2756319647,,,3389677.832977963,221780.93168097228,3490069.531603785
kartal ylmaz__2000-11-04,Kartal Yılmaz,MID,2499999.9999999995,2235646.3242404736,,,,,,,,2204054.7761006705,,2292195.1548105576,,2348469.645943054,,,2270091.4752736893,63715.57725264538,2263920.7395255156
kasey bos__2004-05-08,,,,,,,,1134811.7998665683,,,,,,,1426909.5766214866,,,1276005.0205983098,1279242.1323621217,146075.7918538184,1276005.0205983098
kasey palmer__1996-11-09,,,,,,1767055.6042492003,,,,,1695382.68344471,,,1699081.533552164,1840211.1918725916,,,,1750432.7532796664,68322.62965000395,1733068.568900682
kasper boogaard__2006-01-29,,,,,,,,,648344.956957043,,,656123.3660985924,,,,655565.4713239504,,,653344.5981265287,4338.792517810074,655565.4713239504
kasper dolberg__1997-10-06,,,,,11641448.62742954,,,,,,10463422.03459789,,11004756.168415548,,,,,,11036542.276814327,589656.197177635,11004756.168415548
kasper jrgensen__1999-11-07,Kasper Jørgensen,DEF,974999.9999999999,1313526.0691802676,,,1412572.8279258045,,,1265186.013960259,,,,,,1422384.543769795,1523464.0164609293,,1387426.6942594112,100951.2489021385,1412572.8279258045
kasper schmeichel__1986-11-05,,,,,,1964001.053861786,,,,,,,,,,,,,1964001.053861786,,1964001.053861786
kassoum ouattara__2004-10-14,,,,,,,,,,,3710963.068197991,,,,4431439.436757814,,,,4071201.2524779025,509453.7258933094,4071201.2524779025
kay tejan__1997-02-03,,,,,,,,,,,643742.3772357185,657056.9506370323,,,,,,,650399.6639363754,9414.82514067498,650399.6639363754
kaye furo__2007-02-06,Kaye Furo,FWD,1899999.9999999993,1927958.0725483163,1786908.250127072,,,1535071.3499146127,,,,,,,,1270461.7101633984,,,1630099.8456883498,289642.5397759933,1660989.8000208423
kazeem olaigbe__2003-01-02,,,,,,,,,,,,,2930330.7567887893,,2641904.232512801,,2465696.7055882034,,2679310.5649632644,234564.75793331172,2641904.232512801
kazmcan karatas__2003-01-16,Kazımcan Karataş,DEF,1350000.0,1338659.5966619502,,,1293892.0203064447,,,,,1220287.714905758,1403989.319673315,,,,,,1314207.162886867,77227.63952948946,1316275.8084841976
kazuki nagasawa__1991-12-16,Kazuki Nagasawa,MID,324999.9999999999,300114.0146365267,256755.3971221763,,,,,,,,,,,,272080.82764354814,,276316.74646741705,21987.489270053968,272080.82764354814
keanan bennetts__1999-03-09,,,,,,,,,,418268.21739686705,,,,,363663.1853699948,341517.36980242276,,,374482.9241897615,39502.82537632441,363663.1853699948
keano vanrafelghem__2003-08-02,,,,,,,,,,,,,,1082174.8393583181,,,,,1082174.8393583181,,1082174.8393583181
keanu baccus__1998-06-07,,,,,,736262.9560390987,,,,743415.5647046155,,,,,,,,,739839.2603718571,5057.658090560615,739839.2603718571
keelan adams__2001-11-13,,,,,,,,,276779.26558367367,289380.85518838896,,,,281978.3426820547,,,,,282712.82115137245,6332.819996481478,281978.3426820547
kees smit__2006-01-20,Kees Smit,MID,16000000.000000026,10440081.105941642,,,7434488.758550893,,,,11280114.772367924,10435746.48578869,,,,,,,9897607.780662287,1689393.5276499598,10437913.795865167
keidi bare__1997-08-28,,,,,,1168421.6825116074,,,,,1361158.4655969152,,,1141624.6143772968,,,1217315.364908241,,1222130.031848515,97839.65698868313,1192868.5237099242
keinan davis__1998-02-13,Keinan Davis,FWD,3650000.000000001,3970562.178434873,3643010.13156839,,,,,,4510894.9855691,,,,,,,4256825.125443933,4095323.1052540736,373691.1404083788,4113693.651939403
keisuke goto__2005-06-03,,,,,631427.2315040068,,,,,,,,,,,,603063.2760896512,,617245.2537968289,20056.345214763747,617245.2537968289
keita balde__1995-03-08,,,,,,,,,,1787623.248111315,,1663885.9448297808,,,,,,,1725754.5964705478,87495.4862361093,1725754.5964705478
keito nakamura__2000-07-28,Keito Nakamura,MID,9500000.000000015,11132660.644409025,,,,,,,,10440375.48670464,,,,,10457303.986864874,10083335.526693422,10528418.91116799,438184.233846654,10448839.736784756
keke topp__2004-03-25,,,,,2656413.4350928636,,,,2728043.314695555,,,2651020.962818847,2734303.1780902757,,,,,,2692445.222674385,44846.29902249601,2692228.374894209
kelechi iheanacho__1996-10-03,,,,,,,3195260.8028118596,,,,,,,3419491.10897007,4280274.6988165835,,3876720.987928679,,3692936.899631798,483458.50536831305,3648106.0484493747
kelechi nwakali__1998-06-05,,,,,,,,,,,,,,674609.5786472043,,,,,674609.5786472043,,674609.5786472043
kelian nsona__2002-05-11,Kélian Nsona,MID,1075000.0,1042261.4446759246,,1134938.42240888,,,,,,1074136.3437231805,,,,1047612.6673049079,,,1074737.2195282232,42485.14707355042,1060874.5055140443
kelle roos__1992-05-31,Kelle Roos,GK,379999.9999999999,180391.82169503183,,169978.45981289362,,188953.7554658116,,,,,164230.8113474953,,174864.0113263339,,,,175683.77192951326,9521.700157220583,174864.0113263339
kelven frees__2005-02-03,,,,,,,,,,,,,,,,,401469.17364551,,401469.17364551,,401469.17364551
kelvin amian__1998-02-08,,,,,,,,,,,,,,,,3138611.103483562,,,3138611.103483562,,3138611.103483562
kelvin boateng__2000-03-24,,,,,577309.4395252537,,,585539.7833837479,,,,606019.3078277506,,,,,578857.9585922372,,586931.6223322474,13216.749491860224,582198.8709879925
kelvin yeboah__2000-05-06,Kelvin Yeboah,FWD,3299999.9999999986,2394463.6289573577,,,,2744942.095581154,,,,2400969.7390841716,,,,2562900.056840188,,,2525818.8801157176,165561.17423918576,2481934.89796218
ken nkuba__2002-01-21,,,,,,1063361.5627324097,,,,,,,,1052333.821010178,,,,,1057847.6918712938,7797.790952963873,1057847.6918712938
kenan bilalovic__2005-06-22,,,,,,429158.97100563004,,,,,,,,,402943.9915464106,,,390911.20935342094,407671.3906351538,19557.199299982527,402943.9915464106
kenan karaman__1994-03-05,,,,,,,2140546.8114289423,,,2216989.573455995,,,1988449.8250753996,2026182.8322761487,,,2219572.22131595,,2118348.2527104868,107048.17164919381,2140546.8114289423
kenan kodro__1993-08-19,,,,,,,,968535.7066619587,,,,,,,,,,,968535.7066619587,,968535.7066619587
kenan yldz__2005-05-04,,,,,,,,,37635437.023002654,37751813.92718603,,,39008417.87679509,,,,35923076.37574239,24921497.85797461,35048048.612140164,5766327.99413326,37635437.023002654
kenay myrie__2006-09-06,,,,,,,,,,556811.7435332072,,,,,,,,,556811.7435332072,,556811.7435332072
kenjivan boto__1996-03-07,,,,,,,167977.1096580236,,442334.88147145056,,,,,,,,438324.02578823315,,349545.33897256915,157255.48690949526,438324.02578823315
kenneth omeruo__1993-10-17,,,,,,444946.2833675246,333328.7675561927,417879.60023791407,445133.97903990105,455627.6138202229,,486353.21995017206,,,,,490753.8879012729,425417.0634279539,437430.0519126443,49349.35634389625,445040.13120371284
kenneth paal__1997-06-24,,,,,,,,,,,1208478.4275522633,,,,,,1446906.9491298927,,1327692.6883410779,168594.42443582488,1327692.6883410779
kenneth schmidt__2002-06-03,,,,,,1827787.4883788023,,,,,,,,,1757117.741581444,,,,1792452.614980123,49971.05718514841,1792452.614980123
kenneth taylor__2002-05-16,,,,,,,,,,18942797.183139917,,,,,20088841.416795522,19982649.028600555,,,19671429.209512,633243.7747178819,19982649.028600555
kenny mclean__1992-01-08,Kenny McLean,DEF,1200000.0000000005,1693954.2548456057,,,,1398450.9951426403,,1571320.7749962984,,,,,,,,,1554575.3416615147,148461.61550025924,1571320.7749962984
kenny nagera__2002-02-21,,,,,579944.0769227907,552293.8357817378,638375.8397155477,,527017.3801014916,,,,,,,,513387.54198635113,,562203.7349015838,49588.84865128353,552293.8357817378
kenny tete__1995-10-09,,,,,9356534.012709072,,,,,10129695.50886308,,9631965.409333887,,11041316.83373865,,10093208.592146676,,,10050544.071358273,641594.4856130732,10093208.592146676
kenzo goudmijn__2001-12-18,,,,,2248027.10477558,,,,2021574.9890417012,,2315598.37661576,2132920.399820099,,,,,,,2179530.217563285,129523.09548630347,2190473.7522978396
kepa arrizabalaga__1994-10-03,Kepa Arrizabalaga,GK,9249999.999999987,8634116.933514697,9455090.831169188,,,,,,,,,,,,,,9044603.882341944,580516.2102086409,9044603.882341944
kerem akturkoglu__1998-10-21,,,,,,19674788.236973185,,,,20048540.23435684,,,,,19891442.353515185,,,,19871590.274948403,187665.17432553653,19891442.353515185
kerem demirbay__1993-07-03,,,,,,2920724.604893268,,,,,,3177597.824048284,,,,,,,3049161.214470776,181636.79516972988,3049161.214470776
kerim mrabti__1994-05-20,,,,,2138456.5441910587,2498782.52010678,,,,,2266854.147990104,2183242.438450169,,,,,,,2271833.9126845277,160383.33267578136,2225048.2932201363
kervin arriaga__1998-01-05,,,,,,,,,,,4114805.868766085,,,3894962.3903535665,,,,,4004884.1295598256,155452.81438513004,4004884.1295598256
kevin akpoguma__1995-04-19,,,,,,,,2867394.3929115026,,,,,,2444796.914040816,,2821851.331388641,,,2711347.546113653,231960.0659748151,2821851.331388641
kevin appin__1998-01-20,,,,,,,,1197251.770457312,,,,,,,,,,,1197251.770457312,,1197251.770457312
kevin behrens__1991-02-03,,,,,,,879556.2013381388,1097532.3313007036,,1061534.941567055,,1021051.2309201172,1011563.2887954022,,,,,990687.119507845,1010320.8522382103,74606.01461980307,1016307.2598577597
kevin boma__2002-11-20,,,,,,,,,1867569.7733790802,,,,,,,,,,1867569.7733790802,,1867569.7733790802
kevin castano__2000-09-29,Kevin Castaño,MID,6000000.0,5669079.71691437,,,,,,,6276972.677488114,,,,,,,6185066.787557895,6043706.393986792,327674.43222154304,6185066.787557895
kevin chamorro__2000-04-08,,,,,1409992.6510854517,,,,,,1385133.086516762,1424388.644506264,,,,,,,1406504.7940361593,19858.841062962736,1409992.6510854517
kevin danois__2004-06-28,,,,,,,,,,10657021.232217567,,,,,,,,,10657021.232217567,,10657021.232217567
kevin danso__1998-09-19,,,,,,,,22214458.819136832,,,22216965.08990416,23484666.009147257,,,22583719.289684683,,,,22624952.30196823,598822.8130447116,22400342.18979442
kevin de bruyne__1991-06-28,,,,,,,,32178374.844179682,,,,,27075595.948685285,41236258.07697476,,,,,33496742.956613243,7171796.06777857,32178374.844179682
kevin denkey__2000-11-30,,,,,,10995026.93526332,,,,,,11191000.913177446,,,,11597043.30683788,,,11261023.718426215,307055.895322219,11191000.913177446
kevin diks__1996-10-06,,,,,7472381.390693652,8286054.646190703,,7821119.233119142,,,,8321821.992304074,,,9252732.723757634,,,,8230821.9972130405,670582.1512257529,8286054.646190703
kevin gadellaa__2003-04-08,,,,,,324589.8549305098,,329651.5264959862,,309034.6848968906,,314826.8599618951,,,,,,,319525.73157132044,9315.19409317207,319708.3574462024
kevin hoog jansson__2000-09-29,Kevin Höög Jansson,DEF,700000.0000000006,838574.6733048082,,,,,,,,868349.3543177097,,,,,,,853462.013811259,21053.878851888974,853462.013811259
kevin keben__2004-01-26,,,,,,1947632.3040861909,,,,,2237708.026123497,,2129462.0928224344,,,,,,2104934.1410107077,146585.11672037153,2129462.0928224344
kevin kelsy__2004-07-27,Kevin Kelsy,FWD,2700000.0,2154270.448003456,,,,,2087325.782052415,,,,,2111304.063227714,,2211450.0750108506,,,2141087.5920736087,54473.410953815895,2132787.255615585
kevin mac allister__1997-11-07,,,,,9320874.414633602,8280306.164210996,,,,,,,,,,9313517.253052542,9093498.263491321,,9002049.023847114,492591.042847833,9203507.758271933
kevin mbabu__1995-04-19,,,,,,,,,,,,2025932.7111552656,1930149.6218658013,,1999558.9916338637,,1945520.7121799493,,1975290.5092087202,45009.37821704308,1972539.8519069063
kevin mcdonald__1988-11-04,,,,,132111.01327222545,,,,,,,,,,186366.80856200698,,,,159238.9109171162,38364.64076807367,159238.9109171162
kevin mouanga__2000-07-24,,,,,,,,,,,,,,,,,1123963.3816701889,,1123963.3816701889,,1123963.3816701889
kevin muller__1991-03-15,Kevin Müller,GK,700000.0000000006,670803.3856064822,640816.693630169,,,,625786.7274212069,611420.6934752227,,,,,689484.5384178283,,,616338.082351555,642441.6868170773,31436.10762894994,633301.710525688
kevin ndoram__1996-01-22,,,,,,,726845.2488668456,,,910495.2151566426,765664.8538245173,,,,,,736798.9738058962,,784951.0729134753,85299.86583601,751231.9138152068
kevin nisbet__1997-03-08,,,,,1958212.8095357874,,,,,,,1955973.4182832725,1726741.904461343,,2056825.2843364947,,,,1924438.3541542245,139934.93679826072,1957093.11390953
kevin paredes__2003-05-07,Kevin Paredes,DEF,7249999.999999998,5964651.465717164,,,,6571467.084234883,5531008.120121959,,,5751840.88309882,,,,,,,5954741.888293207,447648.40787963563,5858246.1744079925
kevin piscopo__1998-02-06,,,,,1265685.0547759798,1395956.2337285914,,,,1439342.8219099538,1157515.3484256405,,,,,1322781.5179222247,,,1316256.195352478,111019.2442004429,1322781.5179222247
kevin prieto__2003-06-27,Kevin Prieto,DEF,800000.0000000005,827390.6467068592,755656.3175576179,,,,,,761886.115598272,,,,,,807701.9848209076,,788158.7661709142,34965.40756976928,784794.0502095898
kevin rodriguez__2000-03-04,Kevin Rodríguez,FWD,1749999.9999999998,1935098.8091248597,,,,2128336.1474242713,,,2063461.3387132864,2167629.3394057057,,,,,,1917323.0622596515,2042369.739385555,112548.62305878477,2063461.3387132864
kevin ruegg__1998-08-05,,,,,,,627325.2894675538,,463697.2081426601,,516718.3280067393,,,,501663.0005353761,,,,527350.9565380823,70284.16322938152,509190.6642710577
kevin schade__2001-11-27,Kevin Schade,MID,27999999.99999999,29640035.266393498,,,,,,,,27338212.000171714,,,,,28040376.092461675,,28339541.119675625,1179712.8347021258,28040376.092461675
kevin sessa__2000-07-06,,,,,,1606636.0804389955,,,,,1764927.180737747,,1922389.7159380047,,,,,,1764650.9923715824,157876.99893499524,1764927.180737747
kevin sibille__1998-09-15,,,,,,,,,336833.09246212034,,,,,298930.67971796833,,330431.3224473054,,,322065.0315424647,20289.020197765334,330431.3224473054
kevin stoger__1993-08-27,,,,,3345436.0466709347,,,,3107150.7195221335,3329212.5712690004,,,,3379894.349911845,,,,,3290423.421843478,123995.85663661647,3337324.3089699675
kevin theophilecatherine__1989-10-28,,,,,,,,,486813.92481886875,,524189.64066970913,,,,,,,,505501.7827442889,26428.622129830765,505501.7827442889
kevin trapp__1990-07-08,,,,,,2956764.7452525366,,,2840548.500525901,,,2771546.0934937117,,,,2931446.409599159,,,2875076.437217827,85168.97701957138,2885997.45506253
kevin tshiembe__1997-03-31,,,,,865003.9910427828,,,,,,802981.9576554551,,,,872991.9513329546,,,,846992.6333437309,38323.055179660165,865003.9910427828
kevin van den kerkhof__1996-03-14,,,,,,,,,,,,,,,1649730.486162075,,,,1649730.486162075,,1649730.486162075
kevin vogt__1991-09-23,,,,,2015511.451696542,,,1946275.8836780922,1980107.9944597671,,,,2162606.2921874956,,,,1968066.227825874,,2014513.5699695542,86501.34564075456,1980107.9944597671
kevin volland__1992-07-30,,,,,,,1090258.4175339187,,,,,,,,,,1228278.7161071226,1367221.5951713829,1228586.2429374747,138481.84491594526,1228278.7161071226
kevin yakob__2000-10-10,,,,,,,,,,1556191.790441743,,,,1505853.94961471,,,,,1531022.8700282266,35594.22859908419,1531022.8700282266
kevin zeroli__2005-01-11,,,,,,1453384.7499066386,,,,,,,,,,,,,1453384.7499066386,,1453384.7499066386
keyshawn wongasoij__2006-10-01,,,,,,,,,282307.14883419435,,,,294028.6646967397,,252931.238673694,,,292261.4715076821,280382.1309280775,19014.06318146406,287284.31017093826
khaled narey__1994-07-23,,,,,,,,,,,1891830.0380896828,2745578.1576314447,,,,,,,2318704.0978605635,603691.0847532431,2318704.0978605635
khalil fayad__2004-06-09,,,,,,,2584326.3572143908,,,2775896.492335404,,,3138948.279019443,,,,,2918765.103745195,2854484.0580786085,233960.9188540886,2847330.7980402997
khalis merah__2007-02-24,Khalis Merah,MID,4700000.000000004,3577937.8746589925,,,,3483256.5459031593,,,,,3830423.61059307,,3464815.440976762,3516770.415415843,,,3574640.777509565,149329.66022322216,3516770.415415843
khayon edwards__2003-09-12,,,,,,,,,,,,,,,627846.4416466157,,,544147.996532257,585997.2190894363,59183.738115133165,585997.2190894363
khephren thuram__2001-03-26,,,,,,,33848750.83895537,,40186192.03429426,,,35395472.90078216,28925588.29430872,36224506.296083115,,38190234.98796385,,31858710.79166969,34947065.16343674,3803549.591990137,35395472.90078216
khusniddin alikulov__1999-04-04,,,,,1373184.7795072123,,,,1330435.4417171874,,,1372657.369723047,,1319416.40500793,,,,,1348923.498988844,28073.612814036816,1351546.405720117
khvicha kvaratskhelia__2001-02-12,,,,,,,,100361765.23536578,,,,,,,,109185319.23906216,,84248447.76206243,97931844.07883012,12644772.72968302,100361765.23536578
kialonda gaspar__1997-09-27,,,,,,,,,,3340490.3947688667,,3465520.83173796,,,,3442083.6464885394,,,3416031.624331789,66461.89461648295,3442083.6464885394
kian fitzjim__2003-07-05,,,,,,,,,,,,,,4624795.088613704,,,,,4624795.088613704,,4624795.088613704
kieffer moore__1992-08-08,,,,,,2183730.0024619135,,,,,,,1378867.0631252364,,,,,,1781298.532793575,569124.0423307013,1781298.532793575
kieran dowell__1997-10-10,,,,,,,,,,1905020.3917430844,,,,,,,,1817472.4808848856,1861246.436313985,61905.72144654772,1861246.436313985
kieran ohara__1996-04-22,,,,,,210915.7952257625,,,,,,,,,,234792.9073429355,214803.3951776918,230748.71495877972,222815.2031762924,11721.646404353207,222776.05506823576
kieran trippier__1990-09-19,,,,,,4407924.314743215,,,4356840.301658404,,,,,,,,,,4382382.30820081,36121.85206249229,4382382.30820081
kiernan dewsburyhall__1998-09-06,,,,,,,,,,,,17562345.182900663,,,,,,,17562345.182900663,,17562345.182900663
kieron bowie__2002-09-21,,,,,,,,,1102534.5645146773,,,,,,,,,,1102534.5645146773,,1102534.5645146773
kijana hoever__2002-01-18,,,,,,,6396949.364120084,,5879898.819808313,,,,,,4913012.420462273,6486473.37567955,4961353.125260927,,5727537.421066229,757924.712666462,5879898.819808313
kilian fischer__2000-10-12,,,,,3966788.684719184,,,4957120.613122616,,,,,,,4414853.6252658125,,,,4446254.307702538,495912.1235127592,4414853.6252658125
kilian jakob__1998-01-25,Kilian Jakob,DEF,549999.9999999998,599600.7148607806,546059.4289163612,,,,,619689.130462829,,,,574200.957470668,,,621043.5778804922,533913.5960755531,582417.9009444474,37198.012854844754,586900.8361657243
kilian ludewig__2000-03-05,Kilian Ludewig,DEF,462500.00000000006,422862.84700036916,,,,,422083.81866770453,,,,,,447007.8379933366,,,,430651.5012204701,14170.357643910842,422862.84700036916
kiliann sildillia__2002-05-16,,,,,,,,,,3816260.5561056826,,,,4426047.965000138,,4004802.535059074,3528227.2395018134,,3943834.573916677,376497.6464140423,3910531.5455823783
killian phillips__2002-03-30,,,,,1079268.9878852246,1058897.6038313329,,,,,,,,,,,,1195043.591916233,1111070.0612109303,73433.05601977643,1079268.9878852246
killian sardella__2002-05-02,,,,,4938532.267164581,,,,,,,,,5231205.638763515,,,,,5084868.952964049,206951.32573033642,5084868.952964049
kingsley coman__1996-06-13,,,,,32859158.007472567,,,,,,,,,,,,,,32859158.007472567,,32859158.007472567
kingsley schindler__1993-07-12,,,,,,,,,1227037.96104574,,,891268.8858407713,,,,,900334.6430992206,,1006213.8299952438,191293.0203361384,900334.6430992206
kingstone mutandwa__2003-01-05,,,,,,,,,,,1140108.9907298563,1303785.970757706,,,,1230170.0078953933,,,1224688.3231276518,81976.06418143622,1230170.0078953933
kion etete__2001-11-28,,,,,,,,1038022.0809685446,952726.2059973466,,,,1017200.3734373689,,,1031994.2240379928,,,1009985.7211103132,39162.54568840946,1024597.2987376808
kirian rodriguez__1996-03-05,,,,,,,,7086169.075877445,8051790.528797387,,,7852712.2608963745,,,,,,7497984.9786054315,7622164.211044159,424437.84110605763,7675348.619750903
kiril despodov__1996-11-11,Kiril Despodov,MID,6749999.999999997,6933071.5247530015,,,,6923240.223220599,6908048.906624989,,,6925839.532302049,,,,,7535704.09672902,,7045180.856725931,274362.2572676313,6925839.532302049
kjell peersman__2004-05-21,,,,,,,618661.9236823487,,,,,,611818.5904605128,,,,620111.4871557214,,616864.000432861,4429.156794203259,618661.9236823487
kjell scherpen__2000-01-23,,,,,,,,,,,,,,,4517660.868634098,,,4984962.644526071,4751311.756580085,330432.2545937302,4751311.756580085
kjell watjen__2006-02-16,,,,,,,,,,,,,,,2094658.846061085,,2288433.415938642,,2191546.130999863,137019.31238192707,2191546.130999863
kjetil haug__1998-06-12,,,,,1577188.5681280526,,,,,,,1527767.0804282161,1278137.8717548035,,,,,,1461031.1734370242,160306.2404018761,1527767.0804282161
ko itakura__1997-01-27,,,,,,,,,,11138125.45455384,,12138967.321024911,,,,,11074827.466456577,,11450640.080678442,596948.4493459456,11138125.45455384
kobbie mainoo__2005-04-19,,,,,,,,,,,28784253.578541595,25995676.81460197,28143071.65001504,,26612143.284202095,24778472.36336092,,,26862723.538144328,1619431.4147083645,26612143.284202095
kobe cools__1997-07-25,,,,,1275706.112410988,,1373310.9062817162,,,1222650.3662743703,,1241730.0631085967,,,,,,1276848.242079258,1278049.1380309858,58029.81028264351,1275706.112410988
kobe corbanie__2005-05-10,,,,,,,1207840.290055263,,,,,,,,,,,,1207840.290055263,,1207840.290055263
kodai sano__2003-09-25,,,,,,12138604.881668814,19760608.530342463,,,,,,,,12693264.35904369,,,10929948.7601747,13880606.632807417,3988531.725350469,12415934.62035625
koen casteels__1992-06-25,,,,,,8687832.511871349,,,,,,,,,,,7709077.847638493,,8198455.179754921,692084.0601970147,8198455.179754921
koen kostons__1999-09-18,Koen Kostons,MID,999999.9999999997,1183176.9887500748,,,,,,,1214539.7748508686,1311421.6621610378,,,,,,,1236379.4752539939,66853.59713467062,1214539.7748508686
koen van langendonck__1989-06-09,Koen Van Langendonck,GK,139999.9999999999,146943.0352201298,,,,,,,142245.5508107819,,,,144677.6284075959,,,,144622.0714795025,2349.234954875956,144677.6284075959
koffi kouao__1998-05-20,,,,,,,,,,,,,,,,,,1987158.5907671007,1987158.5907671007,,1987158.5907671007
kofi balmer__2000-09-19,,,,,,,,458744.54175152886,,467544.1345419187,,,,,,445265.26297535165,,,457184.6464229331,11221.050960004977,458744.54175152886
koji miyoshi__1997-03-26,,,,,1093068.1099458686,,,,,,,,,,,,,,1093068.1099458686,,1093068.1099458686
kojo peprah oppong__2004-06-04,,,,,,,2662310.2443051813,,,2943311.8421302135,,3264090.9749502684,,,,3286363.9264268945,3279168.042589218,3268471.3507048357,3117286.0635177684,259411.5640183056,3266281.1628275523
koki ogawa__1997-08-08,,,,,1433530.956337025,,,,,,,,,,,,,,1433530.956337025,,1433530.956337025
koki saito__2001-08-10,,,,,,3742195.5253145606,,,,,,,,,,,2953618.999881126,,3347907.262597843,557607.8086185076,3347907.262597843
kolbeinn finnsson__1999-08-25,,,,,,,464918.92382681,,,,,935119.2204195376,,,,841242.2927661218,,,747093.4790041564,248837.45513600076,841242.2927661218
konan ndri__2000-10-27,,,,,,,,,,,,,,1275333.4907833869,,,,,1275333.4907833869,,1275333.4907833869
koni de winter__2002-06-12,,,,,,,,,,,,,,9093531.316298854,8333995.609446957,,,,8713763.462872906,537072.8488682939,8713763.462872906
konrad de la fuente__2001-07-16,,,,,,,,,,,,,,,1115392.2150685014,,,,1115392.2150685014,,1115392.2150685014
konrad laimer__1997-05-27,Konrad Laimer,DEF,28999999.999999948,29038910.65158803,,,,30502017.34873809,,,,,,27026928.705763265,31408589.898854792,,,,29494111.651236042,1912703.1911385453,29770464.00016306
konstantinos chrysopoulos__2003-05-21,,,,,,,,,,,,,,,924119.79556822,,,957539.8925399297,940829.8440540748,23631.577196607963,940829.8440540748
konstantinos doumtsios__1997-09-20,,,,,411929.9928454796,,,,,,,,,,,,390861.78392681736,,401395.8883861485,14897.473393840954,401395.8883861485
konstantinos karetsas__2007-11-19,,,,,,,,,,,7651993.685256265,,,6826446.928397542,,,,4561675.231617277,6346705.281757028,1600040.9594339863,6826446.928397542
konstantinos koulierakis__2003-11-28,,,,,,,11566268.92407225,11169116.686898911,,12642533.670486307,,,11965688.694996733,,,,,10838296.54419117,11636380.904129073,703735.9580132219,11566268.92407225
konstantinos laifis__1993-05-19,,,,,,,1019459.0511836432,1425437.6465736553,,,1007139.4173114627,,,1522200.2229004838,,,,,1243559.0844923113,268846.78369970573,1222448.3488786493
konstantinos mavropanos__1997-12-11,,,,,8688882.413460108,9092553.173723496,,,,,,,,,,9135220.39200674,9521369.887792699,8599438.976821385,9007492.968760885,372706.24066339695,9092553.173723496
konstantinos thymianis__2001-02-28,,,,,1511480.3602053465,,,,,,,,1367130.282175289,,,,,,1439305.3211903176,102070.91903986092,1439305.3211903176
konstantinos tzolakis__2002-11-08,,,,,,,18112535.146448098,,,18078848.753111973,,,,21668501.22853668,,21272340.3876795,,,19783056.37894406,1955149.9481876493,19692437.767063797
koray gunter__1994-08-16,,,,,,,988076.0031235719,,,,1109974.5790470457,,1142966.8529972227,1071071.852024436,,,,1188712.2863384488,1100160.314706145,76123.58824489197,1109974.5790470457
korede osundina__2004-02-13,,,,,,,936517.4140296029,,,,,,,,,,905563.5932086312,,921040.503619117,21887.656606142464,921040.503619117
korey smith__1991-01-31,,,,,,,,,,,333102.34975229145,308289.39873395464,,275368.8010395338,269570.56979380245,,,,296582.7798298956,29723.258573231637,291829.0998867442
kosta barbarouses__1990-02-19,Kosta Barbarouses,MID,512499.9999999997,465580.592802797,,487815.0787662422,,,,,,525421.7999755712,,,,,,,492939.1571815368,30247.886763843322,487815.0787662422
kosta nedeljkovic__2005-12-16,,,,,,,,,,5402738.256120536,5164238.544998071,,,6100051.084013703,,,,5144460.171682319,5452872.014203656,447132.0782694946,5283488.400559303
kostyantyn vivcharenko__2002-06-10,,,,,,,,,1813488.731950441,,1637636.613461743,1714223.1275921296,1635915.4083454364,,1682380.1528635884,,,,1696728.8068426675,73032.47906928268,1682380.1528635884
kota takai__2004-09-04,,,,,,4807055.048899524,,5119048.597075365,,,,,,,,4589935.131277615,5522898.002883956,,5009734.195034115,405214.68482326955,4963051.822987445
kotaro uchino__2004-06-19,,,,,,,,,624965.4070869205,,561721.1869584627,,,,531318.609522409,,588749.1441496725,,576688.5869293662,39826.98547796424,575235.1655540676
krepin diatta__1999-02-25,,,,,4494740.946388804,,,,,,,,,,,,,,4494740.946388804,,4494740.946388804
kristers tobers__2000-12-13,,,,,,,,,,1522616.568705822,1440065.6646411195,,,,,,1521228.770633505,,1494637.0013268155,47265.257712405146,1521228.770633505
kristian arnstad__2003-09-07,,,,,,,,3172432.126169019,3180614.42676123,,3170147.1977403997,,3152131.8754936727,,,,,,3168831.40654108,12005.698522382561,3171289.6619547093
kristian bilovar__2001-02-05,,,,,,,1489670.0198083038,,,,,,,,,1500908.1065862193,,,1495289.0631972617,7946.527368226914,1495289.0631972617
kristian dennis__1990-03-12,,,,,179306.20585052037,,,,158230.44186269437,,160567.53615138851,,,,242748.75641444005,,,,185213.23506976082,39499.83466223359,169936.87100095444
kristian hlynsson__2004-01-23,,,,,,,,,,,,2044271.2836747328,1833557.4783078604,,,,,,1938914.3809912966,148997.16066453778,1938914.3809912966
kristian pedersen__1994-08-04,Kristian Pedersen,DEF,812499.9999999993,773529.1192858035,,728776.2132561796,,,,,,,630589.3024698134,,,690355.9143339598,,,705812.637336439,60581.37266259369,709566.0637950697
kristian thorstvedt__1999-03-13,,,,,,,,,,,,,,,,,,6951106.391530976,6951106.391530976,,6951106.391530976
kristijan jakic__1997-05-14,,,,,4902618.191049449,4875764.180914251,3547357.8710318664,4608813.799028292,4883044.692131691,,,,,5006480.611106984,4928966.619993328,5186834.152428745,,,4742485.014710576,508678.27285188955,4892831.44159057
kristijan trapanovski__1999-08-14,,,,,,,,,553302.5986991941,,,,,,561499.4301659769,,,,557401.0144325856,5796.0351144053375,557401.0144325856
kristjan asllani__2002-03-09,,,,,,,,,,,,,,,,7549846.097278896,,,7549846.097278896,,7549846.097278896
kristoffer ajer__1998-04-17,,,,,,,6796886.693956612,,,,7402693.218130665,9036966.317404134,,9194322.184574453,,,,,8107717.103516467,1191574.5528897513,8219829.7677674
kristoffer askildsen__2001-01-09,,,,,,,,,,1604417.980416643,,,,1574852.9355175088,,,,,1589635.457967076,20905.643734262536,1589635.457967076
kristoffer klaesson__2000-11-27,,,,,,838764.4765418434,,,,,,,777525.3691456659,,891142.9256393706,,,,835810.9237756267,56866.33354944878,838764.4765418434
kristoffer lund__2002-05-14,,,,,3420027.051594401,,,,,,,,,,,,,,3420027.051594401,,3420027.051594401
kristoffer nordfeldt__1989-06-23,,,,,,,,,,,,,249783.23908071805,,,,,,249783.23908071805,,249783.23908071805
kristoffer peterson__1994-11-28,Kristoffer Peterson,MID,899999.9999999995,1209379.303818183,,,,1183953.5249467497,,,,,1177013.9193831233,,1133946.928712107,,,,1176073.4192150407,31341.68554391351,1180483.7221649364
krisztian keresztes__2000-01-04,Krisztián Keresztes,DEF,337500.00000000006,325399.4055710726,,310066.98501506064,246342.40686941997,,,,282002.04694923054,,,,,,,,290952.71110119595,34747.296583418625,296034.51598214556
krys kouassi__2007-03-08,Krys Kouassi,MID,287499.9999999999,280507.1600369186,,,283746.36476863385,,,,,,282629.40045221103,304478.25070032594,,,,266829.8966740543,283638.2145264287,13487.582819794867,282629.40045221103
krystian bielik__1998-01-04,,,,,,,,,2146516.1317132073,,2016811.560662943,,,,,2394614.437609025,,1988532.5403186209,2136618.667575949,185241.3030835241,2081663.8461880751
krzysztof koton__2003-05-17,,,,,653146.298242642,648853.2888550364,511299.6273916484,,644000.7075604716,,,,649918.4997976711,,,,,,621443.684369494,61659.73126946331,648853.2888550364
krzysztof piatek__1995-07-01,,,,,,,,,,,4192954.6790439244,,,,,,,,4192954.6790439244,,4192954.6790439244
kwadwo baah__2003-01-27,,,,,1616595.0008909416,,1900459.0227496673,,,1694759.792683735,,,,,,,,1594030.5151854076,1701461.0828774378,139509.45739748527,1655677.3967873384
kyan vaesen__2001-04-13,,,,,,,,,1218927.3088899218,,,,1052943.9409276156,1059481.1765788333,,,1152018.4231736187,,1120842.7123924973,79515.18567045858,1105749.799876226
kye rowles__1998-06-24,,,,,,,,,,,,,,,,,1323619.8271706954,,1323619.8271706954,,1323619.8271706954
kyle edwards__1998-02-17,,,,,456903.17247085454,,,,,,,,,,,,,,456903.17247085454,,456903.17247085454
kyle jameson__1998-09-11,,,,,,,,,277674.99867229833,,,,,,,,,,277674.99867229833,,277674.99867229833
kyle john__2001-02-13,,,,,,556463.0695227627,,,,543454.6191952518,423097.6011359452,,,,,,,,507671.76328465325,73531.60288167122,543454.6191952518
kyle knoyle__1996-09-24,Kyle Knoyle,DEF,425000.0000000002,458537.8015391588,450758.85665224184,,,,,,430872.46240099054,,405737.3260847884,,,,457592.38732696214,,440699.7668008284,22492.71867068501,450758.85665224184
kyle walker__1990-05-28,,,,,,,3687165.660758757,,,,,,3864934.256550797,,,,,,3776049.958654777,125701.37956656168,3776049.958654777
kyle walkerpeters__1997-04-13,,,,,,8999068.29078636,7757019.2772217505,,10694272.788344404,,,9907968.353179399,,,,,,10718130.881223869,9615291.918151159,1254892.6009109793,9907968.353179399
kylian kaiboue__1998-08-20,,,,,,1780282.546556415,,1610024.4401009674,,,1496831.9660758632,,,1720324.8278057761,,1666783.6392440065,,,1654849.4839566057,108560.71851918775,1666783.6392440065
kylian mbappe__1998-12-20,,,,,,,,,155376108.38084897,,,,,,,142696395.799962,,,149036252.0904055,8965910.74944155,149036252.0904055
kyliane dong__2004-09-27,Kyliane Dong,DEF,999999.9999999997,894208.2863601451,,,,,,,,,,,,,1049027.934266909,1105319.6716340976,1016185.2974203839,109320.5531652047,1049027.934266909
kyogo furuhashi__1995-01-20,,,,,2773864.14986963,,,,,,2698152.3977643694,3413157.9792943886,,,2840298.6161838807,,2886511.483044217,,2922396.925231297,283382.20787040825,2840298.6161838807
kyriani sabbe__2005-01-26,,,,,,,,,,,,,,,5150093.224168775,,,4868021.295019483,5009057.259594129,199454.97388383537,5009057.259594129
ladislav krejci__1999-04-20,,,,,,21088206.531183418,,,,,,19683688.21376779,,,,,,,20385947.3724756,993144.4265453108,20385947.3724756
lado akhalaia__2002-07-01,Lado Akhalaia,FWD,187500.0,341498.39695612196,,,296777.3302870761,,,335613.9425218607,,,,,,,,,324629.88992168626,24299.80472445941,335613.9425218607
lameck banda__2001-01-29,,,,,,,2608439.10880025,,,,,,,,,,,1838056.8439750846,2223247.9763876675,544742.5235637253,2223247.9763876675
lamine camara__2004-01-01,Lamine Camara,MID,19249999.99999997,25067925.160074856,21186814.443002928,,,,,22574033.23823501,,,,21371411.600614257,,,21589968.98919702,,22358030.68622481,1606647.8021642554,21589968.98919702
lamine diack__2000-11-15,,,,,1090981.4493353816,,,,1112605.2113144947,,,,,,1204189.1355091566,,,,1135925.2653863442,60098.783212644776,1112605.2113144947
lamine fomba__1998-01-26,,,,,,,1447097.4033771975,1461596.217887697,,,,,1624604.599320475,,,1432115.826536412,,,1491353.5117804455,89645.70142974184,1454346.8106324472
lamine gueye__1998-03-13,,,,,,639600.5749215405,,,,,,599735.3929194423,558371.2807551401,526661.8214537163,623278.1078178219,,,,589529.4355735322,46565.60145647122,599735.3929194423
lamine sy__2002-08-10,,,,,,,1511873.116618636,,,,1813788.6449050345,,,,,,,,1662830.8807618353,213486.51739683122,1662830.8807618353
lance duijvestijn__1999-01-15,,,,,,,,,,1429336.0023634317,,,1386416.655847354,1079961.377455388,,,,,1298571.345222058,190534.13363896284,1386416.655847354
lapo nava__2004-01-22,,,,,,,396860.6733863458,347523.38092317147,,,,,,,,,,,372192.02715475863,34886.734066094505,372192.02715475863
largie ramazani__2001-02-27,,,,,,,,,,,6781112.545201804,,,,,,,,6781112.545201804,,6781112.545201804
lars dietz__1997-01-07,Lars Dietz,DEF,525000.0000000003,628229.4791724934,,,,,,,634481.1476131158,672745.6692943346,679274.5460950319,,,,666280.9728525319,,656202.3630055015,23248.002172170574,666280.9728525319
lars kramer__1999-07-11,,,,,,2327249.960670152,,,,,,2039625.972959064,1875039.2190828058,,2214182.8583241478,2371381.870180154,2117144.8031768706,2151185.7069207206,2156544.341616274,169859.67159264747,2151185.7069207206
lars lokotsch__1996-05-17,Lars Lokotsch,FWD,537500.0000000003,773968.880703863,,713596.0843633659,878680.8655608987,,753150.3171696448,,,,,,,,,,779849.0369494432,70485.41680945961,763559.5989367538
lars olden larsen__1998-09-17,,,,,,,,,,,,,,902162.5368385591,,,,1014050.228834899,958106.382836729,79116.54574192378,958106.382836729
lars unnerstall__1990-07-20,,,,,,,,,1445498.7162501174,1406993.185592868,,,,,,1452527.755504192,,1541362.1547165585,1461595.453015934,56819.78053638505,1449013.2358771549
lasse berg johnsen__1999-08-18,,,,,,,,,,2300081.7094451184,,,,,,,,,2300081.7094451184,,2300081.7094451184
lasse gunther__2003-03-21,,,,,,,1324003.4929743132,,,1457789.7377173372,,,,1592683.63042889,,,,,1458158.9537068468,134340.4492548233,1457789.7377173372
lasse nordas__2002-02-10,Lasse Nordås,FWD,1400000.0000000007,922749.406290252,,,,,,,1016284.1377047674,,951125.2393835182,1000202.2795458969,,,,,972590.2657311086,43268.29624896471,975663.7594647076
lasse rie__2001-07-27,,,,,,1089031.140407719,1136898.6101111588,,,1161105.1607292993,,,,,,,1147836.2703409297,1120424.081908008,1131059.052699423,27828.90622011516,1136898.6101111588
lasse wilhelm__2003-03-20,,,,,,753662.8930735345,786967.1697560858,,,,,,,778801.5867835495,,,764363.8195256707,,770948.8672847102,14837.104120078973,771582.7031546101
lassina traore__2001-01-12,Lassina Traoré,MID,3449999.999999999,3306358.5009358516,,,2641837.3905879506,,,,,,,,,3298286.306091178,,2945646.4694235954,3048032.166759644,318766.7153210143,3121966.387757387
lassine diarra__2002-11-11,,,,,827664.4962245603,788813.822920225,728680.1941031188,,,,,,,,,,,,781719.5044159681,49872.03658260891,788813.822920225
lassine sinayoko__1999-12-08,,,,,6354274.038875639,,5362172.12608925,,,,,,,,,7372177.869604908,,,6362874.678189932,1005030.4724180975,6354274.038875639
laszlo benes__1997-09-09,László Bénes,MID,2750000.0,2313900.4457870238,,2282560.034259556,2161702.3716189023,,,,2297672.000166605,,2166605.3611417213,,,,,,2244488.0425947616,74187.71966857449,2282560.034259556
laurent abergel__1993-02-01,,,,,5323728.027961396,,,,,,,,5337739.031686194,,5631593.18057197,,,,5431020.080073186,173842.6114021395,5337739.031686194
laurent lemoine__1998-04-24,,,,,,,,980316.1640374246,,,1000370.2694155943,,1137979.7927910225,,,985368.0659357349,,,1026008.5730449441,75131.71483783092,992869.1676756646
laurin ulrich__2005-01-31,,,,,,2034094.050703363,,,,,1477969.6767659269,,1711087.9680837803,,,,,,1741050.5651843566,279270.2951274713,1711087.9680837803
laurs skjellerup__2002-08-12,,,,,,,,,,,1084729.0476859652,,1012767.626620726,,,1053722.0470020934,,,1050406.2404362615,36095.11684866354,1053722.0470020934
lautaro blanco__1999-02-19,Lautaro Blanco,DEF,4250000.000000002,5030738.7421556,,,,,,,,,,,,,5725892.732504338,5329868.397969324,5362166.624209754,348700.65835634974,5329868.397969324
lautaro giannetti__1993-11-13,Lautaro Giannetti,DEF,1699999.9999999988,1608161.7453953,,,,1509329.2751751996,,,,,,,,,,,1558745.51028525,69885.10989405049,1558745.51028525
lautaro martinez__1997-08-22,,,,,,,,100706141.43264568,,,,,,,,93485969.64901796,,110626629.32199101,101606246.80121821,8605707.162230829,100706141.43264568
lautaro valenti__1999-01-14,,,,,,,1368254.2321391795,,,,,,1437980.592296617,1537798.6765657873,,,,,1448011.1670005277,85216.13098850375,1437980.592296617
lawrence agyekum__2003-11-23,,,,,1097320.543363734,,,1183174.284434079,,,,,,,,1074058.1633044838,,1070368.8189865407,1106230.4525222094,52665.145665325654,1085689.3533341088
lawrence ofori__1998-06-28,,,,,,,,2157642.1761948336,,2200182.814600373,2117478.0365108955,,2092140.0605821828,,2076858.3878549999,,2073410.033998607,,2119618.584956982,50318.39519697716,2104809.048546539
lawrence shankland__1995-08-10,,,,,,,,3965045.6211994165,,,,,,,4290804.333219093,,,,4127924.977209255,230346.19429970914,4127924.977209255
lawrence thomas__1992-05-09,,,,,,,,,531848.4840187714,,,,,,,578216.7490848704,,,555032.6165518209,32787.3146600939,555032.6165518209
lawrence vigouroux__1993-11-19,,,,,,,,,,1560703.78814745,,,,,,,,,1560703.78814745,,1560703.78814745
layton stewart__2002-09-03,,,,,,,858722.2144773406,,,823983.5121700583,,,,822474.3054297378,,845528.9818138384,,,837677.2534727437,17542.21766378243,834756.2469919483
lazar carevic__1999-03-16,,,,,1540256.3454549771,1583272.5074886242,1146845.3280180728,,,,,,,1555682.3218414464,,,,1726767.86452335,1510564.8734652943,216355.7306757453,1555682.3218414464
lazar jovanovic__2006-11-30,,,,,,,,,,,,1266981.6177019186,,,,1188980.6278091287,,,1227981.1227555238,55155.02889245506,1227981.1227555238
lazar rosic__1993-06-29,,,,,,,1048333.2241590514,983786.2841915136,,,,,,1003021.7144268125,1002088.8429706617,,,,1009307.5164370099,27483.08396122929,1002555.278698737
lazar samardzic__2002-02-24,,,,,,13433096.292141264,11311731.38082599,,,13200047.834671177,,,,,,,,,12648291.835879477,1163345.7282303849,13200047.834671177
lazaros rota__1997-08-23,Lazaros Rota,DEF,4750000.000000003,5834420.873952179,,,,,,,,,,5845106.00442988,,,,,5839763.439191029,7555.528218644995,5839763.439191029
leander dendoncker__1995-04-15,Leander Dendoncker,DEF,4750000.000000003,3649509.3356288676,,,,,,,,3720863.507632131,3304811.473681613,,,,3651669.0964761274,,3581713.353354685,187552.23060089344,3650589.2160524977
leandre kuavita__2004-05-31,Léandre Kuavita,MID,1299999.9999999993,871544.1694972393,,791069.608912047,,,,949463.340965756,,952778.2193489709,,,,,,1049189.5934459916,922808.9864340011,96907.18808629089,949463.340965756
leandro barreiro__2000-01-03,,,,,,,,,,,,,,,11494055.037953513,,,,11494055.037953513,,11494055.037953513
leandro cabrera__1991-06-17,,,,,,,3293623.6775318305,3159174.3166083987,,,,,2647555.900333849,,3232432.773947572,,,,3083196.6671054126,295582.15056603064,3195803.5452779853
leandro chichizola__1990-03-27,,,,,,,,,,,406811.2437207316,,,,,,,,406811.2437207316,,406811.2437207316
leandro gonzalez pirez__1992-02-26,,,,,,,,,,,,,,,,,1637699.001129131,,1637699.001129131,,1637699.001129131
leandro paredes__1994-06-29,Leandro Paredes,MID,12750000.000000002,15971961.533933792,15191216.209118135,,,,,13290105.868796485,11864358.63090837,16666019.590854732,,,,,,,14596732.366722304,1981145.8145745033,15191216.209118135
leandro sanca__2000-01-04,,,,,,,,,,750315.063225179,,,,,,,,,750315.063225179,,750315.063225179
leandro trossard__1994-12-04,,,,,,,,29804704.54300163,,32509260.969612274,,,31969920.896446522,,,,,,31427962.136353478,1431413.9301443975,31969920.896446522
leart pacarada__1994-10-08,,,,,1987181.7926482712,,,2002495.1944862884,2019979.5652544154,,,1939640.8823059867,1909865.100621615,1865350.486408868,,1920744.5965084666,,,1949322.5168905589,55934.035658865396,1939640.8823059867
lee nicholls__1992-10-05,,,,,,,414019.6325023035,,,,,,380202.7934098192,,,,,,397111.21295606135,23912.11624059,397111.21295606135
leeroy owusu__1996-08-13,,,,,,940246.3362327398,,,,1011047.6604493072,861735.8602521226,,943017.1454793216,,892662.5104595884,,,776600.6060322578,904218.3531508896,80548.68320684772,916454.4233461642
leif davis__1999-12-31,,,,,,,8914659.41830365,,,,,,8464606.350107562,,,,,8798760.807734823,8726008.858715346,233680.4989997619,8798760.807734823
leighton clarkson__2001-10-19,,,,,2373522.2011647862,,,,2332607.3643623833,,,,,,,2426199.234406344,,2345877.21902046,2369551.5047384934,41432.97004005582,2359699.710092623
lennard hartjes__2003-04-07,Lennard Hartjes,MID,899999.9999999995,920767.8072672486,,,,,,,,,,,,,897055.9936157967,,908911.9004415227,16766.78422717343,908911.9004415227
lennard maloney__1999-10-08,,,,,,,,,,,,,3773879.400816039,,,,,,3773879.400816039,,3773879.400816039
lennart grill__1999-01-25,,,,,,,,,,,,793856.8788150853,786571.0928948713,,812338.3206128184,,,,797588.7641075916,13282.798347654541,793856.8788150853
lennon miller__2006-08-25,,,,,,,4181076.432949467,,,,,,,,,,,4897069.74004997,4539073.086499719,506283.7227349481,4539073.086499719
lenny pintor__2000-08-05,,,,,,,,,,,,,,894179.163425281,,868228.717366559,,,881203.94039592,18349.736382938027,881203.94039592
lenny vallier__1999-04-24,Lenny Vallier,DEF,899999.9999999995,960209.6802451519,,,1133123.030243112,,1005638.6818433532,,,,,,,,1027229.1778489139,1074045.7501465266,1040049.2640654115,66221.76556921532,1027229.1778489139
leny yoro__2005-11-13,Leny Yoro,DEF,41749999.99999995,30535367.63097827,,,,,,,30712935.181342993,,,,32149972.662124723,,,,31132758.491481993,885395.9907594515,30712935.181342993
leo castledine__2005-08-20,,,,,,,,,,,,,,1873245.0361934004,,,,,1873245.0361934004,,1873245.0361934004
leo greiml__2001-07-03,,,,,,,,,,1916384.3617462204,,,,,,1689681.5105640502,,,1803032.9361551353,160303.12338523727,1803032.9361551353
leo leroy__2000-02-14,Léo Leroy,MID,1749999.9999999998,2368233.2944488535,2350121.7855879143,,,,2301788.3877542065,,,,,,,,,,2340047.8225969914,34348.871221219866,2350121.7855879143
leo oppermann__2001-08-28,,,,,,,,,,,,,,,,364905.60936905316,,,364905.60936905316,,364905.60936905316
leo petrot__1997-04-15,,,,,,,,1471484.6314168703,,,,,1434361.5108200677,,,1440208.4003030546,,,1448684.8475133309,19960.43934117275,1440208.4003030546
leo sauer__2005-12-16,Leo Sauer,MID,6999999.999999995,8570655.601020094,,8495001.281295791,6208491.621785297,,,10452490.142679576,,,,,,10584702.254459629,,,8862268.180248078,1785919.7856763524,8570655.601020094
leo stigard__1999-11-28,Leo Østigård,DEF,8000000.000000002,8166086.413263381,,,,,,,8965753.539139714,,8603244.322492817,,8092146.027866625,,,,8456807.575690635,407417.2935576716,8384665.3678781
leo weinkauf__1996-07-07,,,,,547397.5361840342,,,,,542245.0331523312,,,,,,,503866.3730965935,,531169.647477653,23785.2615251229,542245.0331523312
leon avdullahu__2004-02-23,,,,,,7326494.186376294,,,6956413.437183555,,7640991.44825984,8403520.657068849,,,,,,,7581854.932222134,615092.9103672038,7483742.817318067
leon bailey__1997-08-09,Leon Bailey,MID,20249999.999999974,17125035.54372026,18360842.856152758,,,,,,,,,17870556.844896737,,,19506680.10207671,16940297.033337798,17960682.476036854,1036563.0547735699,17870556.844896737
leon dajaku__2001-04-12,Leon Dajaku,MID,887500.0000000002,693684.3993170228,,,,,,,,,,,,,,691783.4883159008,692733.9438164618,1344.147059325457,692733.9438164618
leon goretzka__1995-02-06,,,,,16764325.195884706,,16178681.941165723,18368124.373291615,,,,,,,,,,,17103710.50344735,1133490.772410776,16764325.195884706
leon guwara__1996-06-28,,,,,,,,,,,366321.85443985584,408168.07989872893,,385609.7745027953,,,,,386699.9029471267,20944.400953657394,385609.7745027953
leon klanac__2007-03-01,,,,,,,,,,242656.13089442145,,,228337.41627790677,,227123.13617857418,,,,232705.56111696747,8638.80768462259,228337.41627790677
leon klassen__2000-05-29,,,,,,919354.0181133735,,,,870094.8028452515,,,,,,,,,894724.4104793125,34831.525152017006,894724.4104793125
leon mccann__2000-03-16,,,,,,254376.04854732347,,,,,,265789.51763244363,253994.37844580243,,,,,,258053.31487518983,6702.465430168558,254376.04854732347
leon opitz__2005-04-11,,,,,,1057237.296706973,,,956591.9848939704,,1730454.0575334576,1075071.0699806022,,,1215759.1005766406,,,1136267.9054474048,1195230.2358565081,275967.75942346186,1105669.4877140035
leon reichardt__2004-06-28,,,,,,,,466167.2391386215,,,,,,,,512118.8716742312,,,489143.0554064263,32492.71097252201,489143.0554064263
leonardo balerdi__1999-01-26,Leonardo Balerdi,DEF,24999999.999999963,27373177.244090926,,,27048000.06554697,,,29792740.908625506,,,,,,,,,28071306.07275447,1499646.1149131863,27373177.244090926
leonardo bertone__1994-03-14,,,,,,1430229.906900876,,,,,,,1442735.9942095554,1402327.239278826,1558062.1482512269,1566132.9076636045,,,1479897.6392608178,76503.67709508058,1442735.9942095554
leonardo candellone__1997-09-15,,,,,,,1126914.3331134308,,,1223912.2857023499,1180714.3848331594,,1172122.5247874602,,1211934.9502833742,,,1133175.0983785589,1174795.5961830555,39645.52780007067,1176418.4548103097
leonardo cerri__2003-03-04,,,,,,,2052963.8646706787,,,,,,2000916.295841908,,,,,,2026940.0802562935,36803.188863097304,2026940.0802562935
leonardo koutris__1995-07-23,,,,,,,,,1318992.7062988493,,,,,,,,,,1318992.7062988493,,1318992.7062988493
leonardo loria__1999-03-28,Leonardo Loria,GK,412500.00000000006,372565.4781034246,,,,,,,,,,,,405284.9436606173,,,388925.21088202094,23136.155972290628,388925.21088202094
leonardo mancuso__1992-05-26,,,,,,,,,,,,,1133412.3286627845,,,,1108267.3877146454,,1120839.8581887148,17780.158256964507,1120839.8581887148
leonardo marson__1998-01-05,,,,,375653.7941394064,,402265.1630262875,,,,,,,382779.77970443264,,,,,386899.57895670884,13775.732209857579,382779.77970443264
leonardo mendicino__2006-06-25,,,,,,,,533921.5753024336,,,,,,,,,,593723.8884546182,563822.7318785258,42286.621160551185,563822.7318785258
leonardo pavoletti__1988-11-26,,,,,,,,,,,,,,,343339.43856911076,,,,343339.43856911076,,343339.43856911076
leonardo spinazzola__1993-03-25,,,,,,,,,,8838090.074895153,,,,,,,,,8838090.074895153,,8838090.074895153
leonel montano__1999-10-02,,,,,,,,,603557.7709863335,,,,,,,,,,603557.7709863335,,603557.7709863335
leonidas stergiou__2002-03-03,,,,,,,,,3528930.79997426,,,,,,,,,,3528930.79997426,,3528930.79997426
leopold zingerle__1994-04-10,,,,,,,,704524.0368754547,708174.802149791,,,767225.794919425,,,,,,,726641.5446482236,35194.36104447289,708174.802149791
lequincio zeefuik__2004-11-26,Lequincio Zeefuik,FWD,1075000.0,935322.49927899,,,,,,,938986.4217108139,,,,,,972406.2217872397,,948905.0475923478,20434.895969898957,938986.4217108139
leroy sane__1996-01-11,,,,,,,,,,29229111.80230778,,,31700666.307376686,,,,,,30464889.054842234,1747652.9506063845,30464889.054842234
lesley ugochukwu__2004-03-26,Lesley Ugochukwu,MID,17749999.999999993,15337895.632693332,,,,15792201.905837512,16125964.602740651,,,,,,,,,,15752020.713757165,395568.0365444217,15792201.905837512
levent mercan__2000-12-10,,,,,,,,,,,,4340450.962825058,,,,,,,4340450.962825058,,4340450.962825058
levi colwill__2003-02-26,,,,,,34751555.48437286,,,,33099959.820635706,,,,38264203.592303194,,35285751.04148432,36983773.366460614,,35677048.66105134,2003243.5219276121,35285751.04148432
levi smans__2003-03-25,,,,,,,,,,,,,,,,,,1742892.0363866268,1742892.0363866268,,1742892.0363866268
lewin blum__2001-07-27,,,,,,2558859.8805340645,,,,2438699.8243030123,2526862.947925085,,,,,,2463252.3318698495,,2496918.746158003,55546.46601492043,2495057.6398974676
lewis baker__1995-04-25,Lewis Baker,MID,2000000.0000000016,1970387.0937176126,,,,,,,,,,,,,2135637.0741611365,,2053012.0839393744,116849.38176256015,2053012.0839393744
lewis brunt__2000-11-06,,,,,1282077.2643985704,,,,,,1082582.4526281853,1306058.5148011032,,1308484.371216526,,,,,1244800.6507610963,108800.17139624243,1294067.889599837
lewis dobbin__2003-01-03,,,,,,,,,,,,3985477.533290043,,,,,,,3985477.533290043,,3985477.533290043
lewis dunk__1991-11-21,Lewis Dunk,DEF,4500000.000000002,5201766.22042299,,,5065117.804671329,,,5194586.623269774,,5022891.249134008,,,,,5059400.363871885,,5108752.4522739975,83262.8717999688,5065117.804671329
lewis ferguson__1999-08-24,,,,,,,,18573321.7716782,,,,,,,,,,,18573321.7716782,,18573321.7716782
lewis gibson__2000-07-19,,,,,,,,2497941.360330893,,,,,,,,,,,2497941.360330893,,2497941.360330893
lewis holtby__1990-09-18,,,,,644339.1974600685,,,,,,,,,,,640651.7790213368,640805.445976861,,641932.1408194221,2085.987688545861,640805.445976861
lewis jamieson__2002-04-17,,,,,286284.4772382811,,,,,317506.2871826243,,,262964.5485150893,,,335046.2167932944,283779.5943187195,,297116.2248096017,28792.222897351297,286284.4772382811
lewis koumas__2005-09-19,,,,,,,,,,,,3671154.485340448,,,,,,3038580.1942173303,3354867.339778889,447297.5708574299,3354867.339778889
lewis mayo__2000-03-19,,,,,,,,,,,,,1055264.624873714,,,,,,1055264.624873714,,1055264.624873714
lewis miley__2006-05-01,Lewis Miley,DEF,17999999.999999985,24112327.691032514,,27029114.66238108,,,,,,23045939.544507734,,,25008446.893604808,,22450817.575260248,20106364.381122384,23625501.79131813,2359416.0593612758,23579133.617770124
lewis miller__2000-08-24,Lewis Miller,DEF,1200000.0000000005,1376527.2274970054,,,1273732.0657585987,1205525.2750336912,,,,,,,,,1413222.2228104095,,1317251.6977749262,95045.04547635843,1325129.646627802
lewis montsma__1998-04-25,,,,,540945.3261401786,572936.2965112588,,,,,,551164.7021779657,,,,,,,555015.4416098009,16339.42140804722,551164.7021779657
lewis morgan__1996-09-30,,,,,,,,3004007.7030499354,2882412.787848288,,,2774634.786698009,,,,,,,2887018.4258654104,114755.7955621656,2882412.787848288
lewis neilson__2003-05-15,Lewis Neilson,DEF,825000.0000000006,863073.8218992648,,,,,814026.621970539,,,835514.0072374591,840788.8524132969,873385.286956302,,,779898.6055881715,,834447.8660108388,33969.28579436142,838151.429825378
lewis obrien__1998-10-14,,,,,,,,,2820047.892438982,,2989517.689964966,2851479.0759517094,,,2756215.2112300945,2951938.6003705454,,,2873839.6939912597,95799.15452173252,2851479.0759517094
lewis orford__2006-02-18,,,,,,,,,,601698.192800508,,,650073.1883699243,,,,,,625885.6905852162,34206.287407003474,625885.6905852162
lewis richards__2001-10-15,,,,,,,,,,401913.69708384667,,,,,,,,,401913.69708384667,,401913.69708384667
lewis warrington__2002-10-10,,,,,,374022.9046947533,,,,,374281.91831432504,,,,,,,,374152.4115045392,183.1502868188568,374152.4115045392
liam boyce__1991-04-08,Liam Boyce,MID,230000.0000000001,233767.95246390055,,186089.7922545734,,,,203497.41777221885,,,,,,,,,207785.05416356426,24126.533310959923,203497.41777221885
liam cooper__1991-08-30,,,,,,742478.3141531659,,870329.0647708375,,,762360.8279783061,777868.5294033127,,855579.1498203081,,834549.2473167938,861932.7702575647,,815013.9862428984,52760.23264388493,834549.2473167938
liam delap__2003-02-08,Liam Delap,FWD,31999999.999999955,28934345.053825144,,,,,,,,,33631838.29785874,31617719.139183097,,30181006.344684474,,,31091227.208887868,2017634.0195492127,30899362.741933785
liam donnelly__1996-03-07,,,,,,,,,,448243.4396989431,,,,,,,,,448243.4396989431,,448243.4396989431
liam gibbs__2002-12-16,,,,,,,,,,,1516300.7256278265,,,1547829.827301665,,,,,1532065.2764647459,22294.441598291294,1532065.2764647459
liam gordon__1996-01-26,,,,,,,462694.230913089,389981.74039176863,,,,,,,,395868.59626919543,,,416181.5225246844,40388.58501172051,395868.59626919543
liam henderson__1996-04-25,,,,,,,,,,1459583.3504002085,,1306158.4280188973,,,,1311735.8641876145,,,1359159.21420224,87014.55221332295,1311735.8641876145
liam henderson__1996-08-23,,,,,242057.860048098,,,237703.5136746629,,236547.9641314466,,,,,243110.9094558557,,,217555.86229736943,235395.22192148655,10354.013209296934,237703.5136746629
liam kelly__1990-02-10,,,,,,,,,201716.38396300524,,,,183818.8777740809,,,,208363.77515193343,,197966.3456296732,12694.884302285815,201716.38396300524
liam kelly__1995-11-22,Liam Kelly,MID,387499.99999999977,402877.9651242931,,,,,,,,449094.54646093864,,,436939.3786224694,,415655.87946276716,,426141.9424176171,20773.19440019377,426297.62904261827
liam kelly__1996-01-23,,,,,,,,,,,,,,,527201.7712652944,,,,527201.7712652944,,527201.7712652944
liam lindsay__1995-10-12,,,,,,,,,,,,1130537.6952915092,1379887.4136114984,,,,,1376669.7385886027,1295698.2824972034,143042.31203645846,1376669.7385886027
liam millar__1999-09-27,,,,,,,,,,,,,2377936.873740082,,,,,,2377936.873740082,,2377936.873740082
liam morrison__2003-04-07,,,,,,,,,,,,,1353771.0896322646,,,,,,1353771.0896322646,,1353771.0896322646
liam polworth__1994-10-12,,,,,398309.9781480701,,,,,,,,,,440044.7498206298,461473.10733335715,,,433275.94510068564,32120.986288124284,440044.7498206298
liam scales__1998-08-08,,,,,,,,,,,,,5700410.900004507,,,,,,5700410.900004507,,5700410.900004507
liam shaw__2001-03-12,,,,,,656593.5991951515,,,641999.1883983911,,641967.5485499989,,,,,,,,646853.4453811805,8435.23547447619,641999.1883983911
liam shephard__1994-11-22,Liam Shephard,DEF,205000.0,248174.32962128997,,261719.45532254866,,,271342.50191147334,,,,,,246160.9989672667,,,,256849.32145564468,11878.077910566539,254946.8924719193
liberato cacace__2000-09-27,Liberato Cacace,DEF,2550000.0,3791982.636964247,,,,,,3615482.1423465954,,3295310.115093777,,,,,,2443209.1726134834,3286496.0167545257,598598.0799262058,3455396.128720186
liel abada__2001-10-03,Liel Abada,MID,5800000.0,4854580.727027988,,,,,,,,,,4897440.545222006,,,,,4876010.6361249965,30306.468085412514,4876010.6361249965
lilian brassier__1999-11-02,,,,,,,,,,,12719725.19178566,,,,,,,12259238.427127248,12489481.809456453,325613.31393661693,12489481.809456453
lilian raolisoa__2000-06-16,Lilian Raolisoa,DEF,1949999.999999999,2507090.802367002,,,,2194029.7033434073,2650502.570873096,2201926.8682769197,,,2461651.08289528,,2484863.9061476965,,,2378788.7498589163,2411264.8119660453,166553.84033497656,2461651.08289528
lindon selahi__1999-02-26,,,,,,1455108.1323214911,,,,1451465.3126316036,1557570.1393510902,,,,,,1395475.543513606,,1464904.7819544477,67537.35087992248,1453286.7224765474
lino tempelmann__1999-02-02,,,,,1721729.8724264263,,,1752627.2411909592,1714764.4948851736,1756903.364903919,,,1641353.5654002386,,,,,1834394.5186757415,1736962.1762470761,63248.514957225256,1737178.5568086929
linus gechter__2004-02-27,,,,,1849093.977296567,,,,,,,,,,,,,,1849093.977296567,,1849093.977296567
lion lauberbach__1998-02-15,Lion Lauberbach,FWD,1575000.0000000002,2516552.3731256705,,,,2307717.2101174975,,,,,,,2320057.684300349,,,,2381442.4225145057,117171.22467303117,2320057.684300349
lionel carole__1991-04-12,,,,,414093.13922435854,,,,,,,,,,413419.4492155699,,,,413756.2942199642,476.37077363208675,413756.2942199642
lirim qamili__1998-06-04,,,,,,,,,1406077.816162803,,,,,,1333331.651329006,,,,1369704.7337459046,51439.306459292144,1369704.7337459046
lisandro lopez__1989-09-01,,,,,,,,,,,,,,,,,575997.8101523147,,575997.8101523147,,575997.8101523147
lisandro magallan__1993-09-27,,,,,,,1203701.4256656778,,,,1561606.660441849,,,1455676.5006885282,1570285.3685261444,,,,1447817.4888305496,170880.8293281412,1508641.5805651885
lisandro martinez__1998-01-18,,,,,26938298.079059124,,,,,,28788511.979069654,,26749845.8276052,,,,,,27492218.628577992,1126570.4153164092,26938298.079059124
lisandru olmeta__2005-07-21,,,,,,,,,,,,,,551197.3842745774,,,577510.684826525,629806.2526155381,586171.4405722135,40013.68594651685,577510.684826525
lisandru tramoni__2003-04-18,,,,,956142.2432846177,,,,,,,,,,,,889152.3430325582,,922647.293158588,47369.01273924165,922647.293158588
livano comenencia__2004-02-03,,,,,,,512120.76116074465,636878.3382772118,637391.1209545302,,,,,,,,,,595463.4067974956,72177.30372366589,636878.3382772118
lloyd jones__1995-10-07,,,,,,,,,,,,,1085977.9304680468,,,1153781.7467877786,,,1119879.8386279126,47944.538310009426,1119879.8386279126
lloyd kelly__1998-10-06,,,,,,,,,,,,,,,10927268.689415166,,,11087052.147637563,11007160.418526364,112983.9668304941,11007160.418526364
logi tomasson__2000-09-13,,,,,,,,,,,,,1785495.979736823,2074348.5590856806,,,,,1929922.2694112519,204249.6176208026,1929922.2694112519
lohann doucet__2002-09-14,,,,,,1705557.8206691397,,,,,,,,,,,,,1705557.8206691397,,1705557.8206691397
loic bade__2000-04-11,,,,,,,,19602219.846642714,19936179.688107885,,,,,,18642816.501746923,,,,19393738.678832505,671412.9734798667,19602219.846642714
loic nego__1991-01-15,,,,,,,,679491.9734681097,,,,,880373.4045741846,786944.0821757918,,,,,782269.8200726953,100522.25567237589,786944.0821757918
loick ayina__2003-04-20,Loick Ayina,DEF,337500.00000000006,426041.9050942951,,,,,,,,350109.7247330193,486733.4194804577,,,,397326.99153995776,,415053.0102119325,57127.57346615761,411684.44831712643
lois openda__2000-02-16,Loïs Openda,FWD,41749999.99999995,34203211.38365731,,,,,38616158.69269099,38052263.12243643,,,,,,34470686.83258874,,,36335580.00784337,2321842.8426743764,36261474.97751258
lorenco simic__1996-07-15,,,,,,,945842.5093050656,,,,1030002.1267136969,,,,,,,,987922.3180093812,59509.83617170858,987922.3180093812
lorenz assignon__2000-06-22,,,,,,,,8629402.674234724,,,,,,9049209.337226272,,,9364741.59742261,,9014451.2029612,368899.6190184685,9049209.337226272
lorenzo amatucci__2004-02-05,Lorenzo Amatucci,MID,2449999.9999999995,3419350.004290542,,,,,,,,,,,,,3642089.1438654047,,3530719.574077973,157500.35602904222,3530719.574077973
lorenzo andrenacci__1995-01-02,,,,,,,406629.58359408437,,,,462756.2855454367,,426706.04217598843,426817.8009425509,,,446722.73608011357,,433926.4896676348,21463.285228283396,426817.8009425509
lorenzo bernasconi__2003-11-16,,,,,,,,,,1888493.5822176798,,,1661238.545194349,,,,,,1774866.0637060143,160693.57773799714,1774866.0637060143
lorenzo carissoni__1997-02-07,,,,,717743.2881890602,,,,,,,,,,,,,,717743.2881890602,,717743.2881890602
lorenzo colombo__2002-03-08,,,,,6020119.133223735,,,5463149.826437716,,,,,,,,6223123.9952678,,,5902130.984976417,393485.815077707,6020119.133223735
lorenzo crisetig__1993-01-20,,,,,1244570.2783600977,1026323.4076111737,,,,,,,,,,,,,1135446.8429856356,154323.8422793081,1135446.8429856356
lorenzo dickmann__1996-09-24,Lorenzo Dickmann,DEF,1200000.0000000005,1242481.8200449296,,,,1237413.1872464844,,,,,,1306970.0690186548,,,1454521.7167235527,,1310346.6982584053,101197.45763918544,1274725.9445317923
lorenzo ignacchiti__2004-04-25,,,,,804454.548879803,791183.3726592644,917895.4183151786,,,,797942.7677221989,,,,,,,,827869.0268941112,60261.67147710879,801198.658301001
lorenzo lucca__2000-09-10,,,,,,,,,,,10269242.871094378,,,,,,,,10269242.871094378,,10269242.871094378
lorenzo melgarejo__1990-08-10,,,,,,,,928795.8128326576,1092068.1044751757,,877153.3624328575,1148996.5418137342,,,1036106.8140414737,,,,1016624.1271191798,112649.60272197016,1036106.8140414737
lorenzo montipo__1996-02-20,,,,,4952339.955827687,,,,4914039.530426664,,4543427.994453461,,,,,,,,4803269.160235938,225842.4322904625,4914039.530426664
lorenzo moretti__2002-02-26,Lorenzo Moretti,DEF,499999.99999999977,599801.6544830179,,,504189.68921628525,543527.4914599094,,,527270.6215403862,,639307.0308430488,,,,,506588.22004540387,553447.4512646752,54637.58093254497,535399.0565001478
lorenzo palmisani__2004-06-12,,,,,798848.3995405437,,,845828.6403762422,,,,,750488.4155857762,885780.9682076977,,,,812404.2246866603,818670.1296793841,50799.50304644251,812404.2246866603
lorenzo pellegrini__1996-06-19,Lorenzo Pellegrini,MID,22750000.000000004,21977545.804796148,,,,,,,,,21346095.82050922,,,,,,21661820.812652685,446502.5658694247,21661820.812652685
lorenzo pirola__2002-02-20,,,,,,,,,13174589.559493618,,,,12930959.907521714,,,,,,13052774.733507667,172272.17900745224,13052774.733507667
lorenzo scipioni__2004-11-24,,,,,,,,,,,,,,,,,,1770008.466892788,1770008.466892788,,1770008.466892788
loris benito__1992-01-07,,,,,,,,963210.8620618295,884662.8220873951,,,,,,,,,,923936.8420746124,55541.851714834585,923936.8420746124
loris mouyokolo__2001-05-22,,,,,1060640.5437846046,,,,1018406.2139698336,,,,,,,1061141.2596393158,,,1046729.3391312513,24529.823547547006,1060640.5437846046
louie barry__2003-06-21,,,,,,,,,,1921429.7711702492,,,,,,2241383.7816069857,1649813.2585559716,1842116.4026603105,1913685.8034983792,246439.19669462406,1881773.0869152797
louis appere__1999-03-26,,,,,595948.3142881262,,,529588.2039397045,,,,486595.5776360159,,,,,,,537377.3652879487,55090.9114937136,529588.2039397045
louis bostyn__1993-10-04,,,,,,,,,287039.46733518963,309737.37524997705,,,,,,280061.03403871815,,,292279.2922079616,15516.543766082566,287039.46733518963
louis fortin__2002-01-12,,,,,389151.67791848833,377261.81994228787,384338.06732077675,,,,385951.37448424107,364468.6075531454,339405.2045096104,,386102.5864028116,,,,375239.9054473373,17857.221494771577,384338.06732077675
louis leroux__2006-01-23,,,,,,,,3995679.899655498,4836206.373851161,,,,,,,5145867.920952437,,,4659251.398153032,595162.0944347734,4836206.373851161
louis mafouta__1994-07-02,,,,,915316.1629549902,1001758.9073902232,1022564.59973617,945010.6361908122,,,,,,,,,,,971162.5765680489,49601.91308303666,973384.7717905177
louis moult__1992-05-14,,,,,,,,,,,,,255672.5661020481,,265844.1854842883,,302908.87339000753,,274808.5416587813,24861.354403330697,265844.1854842883
louis mouton__2002-06-03,,,,,,,3305967.935000436,3348130.131065288,3268405.043563074,2888284.061662189,,,3046350.0626245667,3343670.072750583,,3258762.0433574645,,,3208509.907146229,174266.68085536736,3268405.043563074
louis munteanu__2002-06-16,,,,,4046620.7817500876,,,,,4317648.770656291,,,,,,,,,4182134.7762031895,191645.72884692907,4182134.7762031895
louis patris__2001-06-07,Louis Patris,DEF,2199999.9999999995,2404810.8891264135,,,,,,,,,,,2527640.1515013804,,,,2466225.520313897,86853.40435348074,2466225.520313897
louis schaub__1994-12-29,,,,,,,,996221.2166564505,1016974.9143674098,,,,,914073.0009674189,,876634.6217259651,,,950975.9384293112,66561.89648047525,955147.1088119347
louis thompson__1994-12-19,,,,,,446245.4912517455,,,,,,,,,,456166.11714482785,,,451205.80419828667,7014.941842613382,451205.80419828667
louis verstraete__1999-05-04,,,,,,,,,,,,,,1931327.5571561584,,1951092.777871917,,,1941210.1675140378,13976.12159976175,1941210.1675140378
louka prip__1997-06-29,,,,,905846.5559666343,1000284.7253448657,,,,,,1020460.609057335,,,,,,,975530.6301229451,61185.53108506475,1000284.7253448657
loum tchaouna__2003-09-08,,,,,,,,,,,,5221684.411607539,,6677472.211794711,,,,,5949578.3117011245,1029397.4254809956,5949578.3117011245
lovro golic__2006-03-05,,,,,,,,,791836.8563171538,,,,,,764675.721609192,,,778695.6035608839,778402.7271624099,13582.935695003467,778695.6035608839
lovro majer__1998-01-17,,,,,,,,,,13314310.64582797,13881088.697646923,12434436.887236618,,,,,,,13209945.41023717,728950.9187461088,13314310.64582797
lovro stubljar__2004-08-09,,,,,,478721.0287497433,,,,486310.9959204109,,,,,,507934.1383117373,512438.039380987,,496351.0505907196,16376.60422052415,497122.5671160741
lovro zvonarek__2005-05-08,,,,,,1341188.864738168,,,,,,,,,,,,,1341188.864738168,,1341188.864738168
lubomir satka__1995-12-02,Ľubomír Šatka,DEF,1699999.9999999988,1565888.3603038548,,,,,,,,,,,,1448681.33415099,,,1507284.8472274225,82877.88299539972,1507284.8472274225
luc de fougerolles__2005-10-12,,,,,,,,1005225.5877317456,,,,1168060.474492593,,,1020657.2535722271,,1102196.2368381172,,1074034.8881586706,75757.8689953943,1061426.745205172
luc ihorst__2000-03-07,,,,,516297.940531749,,,,,,,,511228.6863068717,,480922.6089298059,,,,502816.4119228089,19129.252252020404,511228.6863068717
luc marijnissen__2003-01-09,,,,,,,,,,967439.8012688147,,,,,912049.1121874863,,,,939744.4567281505,39167.13186400301,939744.4567281505
luca bazzoli__2000-11-01,,,,,,,,,,815101.2335193566,,,,,,,810459.6840274519,,812780.4587734042,3282.0711209387705,812780.4587734042
luca belardinelli__2001-03-14,,,,,,,1125622.8880187266,,,1086842.3531460075,1064816.5949553903,,1061327.032492464,1068371.1917716297,,,,1075050.038852406,1080338.3498727705,23943.79094624158,1071710.615312018
luca connell__2001-04-20,,,,,,,,,,,,,,,,,1340414.5271209595,,1340414.5271209595,,1340414.5271209595
luca dandrea__2004-09-06,,,,,1074280.5094986262,,,,,,,,,,,,,,1074280.5094986262,,1074280.5094986262
luca itter__1999-01-05,,,,,,1072576.3346695288,,,,,,1052430.8142792035,989354.4919136708,,1198543.1528912126,,,,1078226.198438404,87695.8238343292,1062503.5744743661
luca kerber__2002-03-10,,,,,,,2114728.5871658702,,,2263308.148106665,,2421649.5199136357,,,2332730.782334149,,,2176905.7631910783,2261864.5601422796,121883.479690853,2263308.148106665
luca kilian__1999-09-01,,,,,,,,,,1152352.1907725271,,1148507.8000354853,1189080.436182511,1159261.6639846745,1186544.50714815,,,,1167149.3196246694,19273.190958560728,1159261.6639846745
luca kjerrumgaard__2003-02-09,,,,,,1507514.8008278257,1662892.996190565,,,,,1552241.25248174,,,,,,,1574216.3498333767,79986.08989227959,1552241.25248174
luca koleosho__2004-09-15,,,,,,,5665881.314787748,7079018.588719811,6288271.2677897755,,5737848.551997795,5877221.040953623,,,,6097868.746482634,,,6124351.585121897,521462.0178157287,5987544.893718129
luca lezzerini__1995-03-24,,,,,,,,,,,,,,,,,777580.250390326,,777580.250390326,,777580.250390326
luca lipani__2005-05-18,Luca Lipani,MID,3200000.0000000023,1817699.2873983162,,,,,2621566.723511017,,,,,,,,,,2219633.0054546664,568420.1152503345,2219633.0054546664
luca mazzitelli__1995-11-15,,,,,,,,2141373.36091395,,2241484.4441282675,,,,,,,,1930181.6662307503,2104346.4904243224,158920.0954422362,2141373.36091395
luca moro__2001-01-25,,,,,,1523015.9878654429,,,,,,,,,,,,,1523015.9878654429,,1523015.9878654429
luca netz__2003-05-15,Luca Netz,DEF,5050000.000000004,5394808.905790404,5590353.278679938,,,,,,,,,,,,,,5492581.092235171,138270.75209306012,5492581.092235171
luca oyen__2003-03-14,,,,,,,,,1528101.9733223787,1590347.6699441804,,,,1416977.9613955645,,,,1581249.7622215953,1529169.3417209298,79672.670216595,1554675.8677719869
luca palmiero__1996-05-01,,,,,,,,,,,,,,,,656493.7326683247,,,656493.7326683247,,656493.7326683247
luca pellegrini__1999-03-07,Luca Pellegrini,DEF,4000000.0000000005,5116233.363089962,,,,4582822.046390343,,,,4601782.472094541,,,,,4454576.281339352,,4688853.5407285495,292325.95711707784,4592302.259242442
luca philipp__2000-11-28,,,,,,,,,,1008703.1055608179,,,,,,1071777.0555034033,,,1040240.0805321105,44600.01772062301,1040240.0805321105
luca plogmann__2000-03-10,,,,,,,,,,867782.104977861,,,,,,,890690.0406873163,,879236.0728325887,16198.356683141295,879236.0728325887
luca raimund__2005-04-09,Luca Raimund,MID,850000.0000000005,732796.6703996179,,,819918.3916359803,722889.4840430666,764293.2414910796,,,,,,,,,,759974.4468924361,43687.73475028987,748544.9559453487
luca ranieri__1999-04-23,Luca Ranieri,DEF,7249999.999999998,8232741.825051745,,,,,,,7820837.598066837,,7948642.217962685,,,,,8470172.331651125,8118098.493183098,291077.62438477506,8090692.021507215
luca ravanelli__1997-01-06,,,,,1437324.454508292,,1383234.3958876103,1378817.8566744279,,,1333748.8367236492,,1569283.984491543,,,,,,1420481.9056571044,90928.02830471199,1383234.3958876103
luca ross__2006-08-11,,,,,287041.0446741192,,,,242558.4988865034,265271.87201305706,,259982.8979302717,254806.96265918043,253943.09438930763,,,,,260600.72842540653,14998.03640291683,257394.93029472604
luca schuler__1999-03-22,,,,,,,,,,,,,1005414.6818317159,,,,,,1005414.6818317159,,1005414.6818317159
luca valzania__1996-03-05,,,,,,,,,,,,,,,1059925.6869620963,,,,1059925.6869620963,,1059925.6869620963
luca vignali__1996-01-11,Luca Vignali,DEF,1099999.9999999998,1215630.2822908228,,1060437.0262552667,864403.3083174595,,1164562.684723585,,,,,,,,,,1076258.3253967836,155300.85212558325,1112499.8554894258
luca waldschmidt__1996-05-19,,,,,,,,3395841.2514012214,,,,,,3948438.2126704054,,,,,3672139.7320358134,390745.05857651995,3672139.7320358134
luca wollschlager__2003-02-08,Luca Wollschläger,FWD,462500.00000000006,458825.8423832345,,471054.793026938,,494221.25487038674,,,477154.9164524783,,466389.0904414378,,476341.40554288006,,,443475.4866131685,469637.5413329319,15914.975506434359,471054.793026938
luca zanimacchia__1998-07-19,,,,,,,,,,,1748294.9886143357,2035510.5346220457,,,,,,,1891902.7616181907,203092.0602442486,1891902.7616181907
luca zidane__1998-05-13,Luca Zidane,GK,1749999.9999999998,1226573.4209856489,,,,,,,,,,1262340.176156683,,,,,1244456.798571166,25290.91512247717,1244456.798571166
lucas alario__1992-10-08,Lucas Alario,FWD,1499999.9999999986,1327625.2701820547,,,,,,,,1494742.004982048,,,,,,,1411183.6375820513,118169.3764268291,1411183.6375820513
lucas beltran__2001-03-29,,,,,9153372.121772874,,8226409.612227058,,8785467.604826095,,,,,,10030944.826372016,,,,9049048.54129951,757454.8263273183,8969419.863299485
lucas bergstrom__2002-09-05,,,,,1103145.4369570473,1219410.683163695,,,,,,,,,,,,,1161278.0600603712,82211.94400904412,1161278.0600603712
lucas bergvall__2006-02-02,,,,,,,,,,,26157123.39969687,,,,,,,,26157123.39969687,,26157123.39969687
lucas boye__1996-02-28,,,,,,,,,3937130.829322024,,,,3793480.4859089097,,,,,,3865305.657615467,101576.13194718926,3865305.657615467
lucas buades__1997-12-28,,,,,857675.1534850306,,,,,,,,,,,,,,857675.1534850306,,857675.1534850306
lucas castro__1989-04-09,Lucas Castro,MID,437499.9999999996,557494.1385990873,,607414.5145350094,,,,,,,641135.6791249173,,,,,,602014.7774196713,42081.40558571666,607414.5145350094
lucas cepeda__2002-10-31,Lucas Cepeda,MID,4349999.999999996,4487176.488035521,,,,,,4814137.419572339,4131347.091819915,4150454.1608455237,,4157777.8188925586,,,,3376785.9979688292,4186279.8295224477,478568.21136146074,4154115.9898690414
lucas chaves__1995-08-09,,,,,,,,,,,,,,1638615.2189300698,,1677872.8212706237,1536095.6798607511,1542996.2471221886,1598894.9917959082,70435.8271235917,1590805.7330261292
lucas chevalier__2001-11-06,Lucas Chevalier,GK,42000000.00000003,32060292.4001463,,,39471918.388210006,,39353188.39424577,,,,35607715.05706372,,,37466228.34980295,,,36791868.51789375,3081712.99669942,37466228.34980295
lucas copado__2004-01-10,,,,,1024823.6422480256,,,,1236354.9534064222,,,1097338.5422875679,1394892.513426592,,,,,1282985.7586120903,1207279.0819961396,147608.11004201142,1236354.9534064222
lucas da cunha__2001-06-09,,,,,,,6802209.527902408,,8678301.674080431,,9424757.906314502,,,9459594.448997216,,,8933557.716663344,,8659684.25479158,1089811.870634024,8933557.716663344
lucas digne__1993-07-20,,,,,,,,,12507220.699461987,,,,,,12050810.040565137,,,,12279015.370013561,322731.0719117832,12279015.370013561
lucas gournadouath__2003-08-05,Lucas Gourna-Douath,MID,7500000.000000002,2412994.1804027874,,,2410069.852466916,,,2462541.0684579094,,,2606612.9454816002,,,,,,2473054.5117023033,92236.46859609884,2437767.624430348
lucas hernandez__1996-02-14,Lucas Hernández,DEF,23249999.999999963,23956343.969707813,,,,18579385.054466903,,,,,,19491827.92295161,,,,,20675852.315708775,2877387.2030072976,19491827.92295161
lucas hey__2003-04-13,,,,,,,,3563514.738195783,,,,,,,,,3708128.28805371,,3635821.5131247463,102257.22175599908,3635821.5131247463
lucas hgsberg__2006-06-23,,,,,5040869.965847462,,,,,,,,4663133.893990403,,,4852189.009350649,,,4852064.289729505,188868.0668131548,4852189.009350649
lucas lissens__2001-07-25,,,,,,,930206.7081892086,,,,,,920173.1924707667,,981859.073641859,,,,944079.6581006115,33100.31779902948,930206.7081892086
lucas lund__2000-03-19,,,,,913299.7292033704,904309.0850472522,,878880.9234312506,,,,,,,,,941062.256345262,1009562.2433897464,929422.8474833763,50007.35123097416,913299.7292033704
lucas martinez quarta__1996-05-10,,,,,7147808.632331951,,,,,,,,6459137.050083899,6724301.934713275,,,,6533407.7526001735,6716163.842432325,308677.8328879068,6628854.843656724
lucas masoero__1995-02-01,,,,,,,,,1159535.8894180078,,897642.4761973616,,,,,,,1200149.2674056734,1085775.877673681,164188.89786212624,1159535.8894180078
lucas michal__2005-06-22,,,,,1806893.4652343427,1697100.796423471,,,,,,1563397.0541090702,,,1680959.418460509,,1899427.5315758686,1750067.4787621398,1732974.2907609001,115075.45049710745,1723584.1375928055
lucas mincarelli__2004-01-05,Lucas Mincarelli,DEF,2000000.0000000016,2630013.593917216,,,,,,,,,,,,,,,2630013.593917216,,2630013.593917216
lucas noubi__2005-01-15,,,,,,,,,,,,,,1411942.0145669808,1498843.3444996588,1410364.0744642888,,,1440383.1445103094,50634.16545019738,1411942.0145669808
lucas perrin__1998-11-19,,,,,,,,,,1808415.5814511667,,,,1773141.097886154,,,,,1790778.3396686604,24942.826531673894,1790778.3396686604
lucas pirard__1995-03-10,Lucas Pirard,GK,462500.00000000006,460061.3097832632,,497096.31660978403,,,,617815.838672123,,,,,479502.45281961,,,448204.2831200439,500536.04020096484,68164.52748224408,479502.45281961
lucas possignolo__1994-05-11,,,,,,,,,,,1052942.5061769183,,,,,,,,1052942.5061769183,,1052942.5061769183
lucas ribeiro costa__1998-10-09,Lucas Ribeiro Costa,MID,1150000.0000000005,1659944.6430967653,,,,1662318.618454437,,,,,,,1618852.3016326257,,,,1647038.521061276,24438.8249310339,1659944.6430967653
lucas robertone__1997-03-18,,,,,,,2378170.702358885,,,,,,,,,2301520.707295253,,,2339845.7048270693,54199.73128740977,2339845.7048270693
lucas stassin__2004-11-29,,,,,,9585302.428978985,,,,,,,,,10343324.782553166,,,9431953.288119543,9786860.166550566,487974.01713387785,9585302.428978985
lucas torreira__1996-02-11,,,,,,29204567.906783346,,29363842.756362427,,,,28502314.273171924,,,,,30046397.661701877,30599320.50892142,29543288.621388197,806052.4468906927,29363842.756362427
lucas tousart__1997-04-29,,,,,,,,,,,4192896.98679835,,3681073.8361430727,,4037119.686267925,,3934107.3402029653,,3961299.462353078,214982.1176869463,3985613.513235445
lucca brughmans__2008-06-27,,,,,,608987.0994453744,,,,,,632370.4281541998,,,,,,,620678.7637997871,16534.51029672452,620678.7637997871
luciano valente__2003-10-04,,,,,18898161.10610039,,,,,,,,16814939.668744728,,,,19096513.056681123,,18269871.277175415,1263904.8077220146,18898161.10610039
lucien agoume__2002-02-09,,,,,,,,,10042758.053345485,,,,,,,,,,10042758.053345485,,10042758.053345485
luck zogbe__2005-03-24,,,,,,,,,,,,,,,,,,2000607.911035247,2000607.911035247,,2000607.911035247
ludovic ajorque__1994-02-25,,,,,,7405062.338519494,5910659.752974203,6647636.471365881,,,,,,,,,,,6654452.854286525,747224.6109625964,6647636.471365881
ludovic blas__1997-12-31,,,,,,,,10148292.511677634,,,,,9667447.35264621,,,,9600726.234353447,,9805488.699559098,298745.3214843877,9667447.35264621
ludovit reis__2000-06-01,Ludovit Reis,MID,4550000.0,3073996.7488676687,,2998996.254458851,,,2911362.3346393756,,2667096.926496862,,,3122211.2796659656,,,,,2954732.7088257447,179476.723451004,2998996.254458851
ludwig augustinsson__1994-04-21,,,,,,,,2908956.698555583,2868274.6554713114,,2422127.3656572476,,,,,,,,2733119.5732280477,270094.19104212,2868274.6554713114
ludwig vraa__2005-06-23,,,,,,,,,610181.6467898225,,,,,,,,,,610181.6467898225,,610181.6467898225
luigi cherubini__2004-01-15,,,,,,,,,,,1674404.0588516844,,,,1738890.408270568,,,,1706647.233561126,45598.73496805766,1706647.233561126
luis asue__2001-07-09,,,,,,,1561421.835916409,,1676056.8368995113,,,,,,,,,,1618739.3364079602,81059.18655647815,1618739.3364079602
luis binks__2001-09-02,,,,,,,,,,,,1738666.0365540928,,,,1772607.175244828,,,1755636.6058994604,24000.009329411965,1755636.6058994604
luis diaz__1997-01-13,Luis Díaz,MID,74249999.9999999,64200027.11950985,,,76495535.3281264,,,,,,,,,,,,70347781.22381812,8694237.23244762,70347781.22381812
luis gorlich__2000-04-01,,,,,,,,480999.4275583206,,548435.3064627025,,,,,,,,,514717.3670105115,47684.36726856328,514717.3670105115
luis hasa__2004-01-06,Luis Hasa,MID,1550000.0000000012,1633967.8582379501,,1616723.3473340084,1561461.4282007841,,1634744.3819898572,,,,,,1717897.3648123848,,,1628474.962458041,1632211.5571721708,50221.47938773401,1631221.4103479956
luis palma__2000-01-17,,,,,,,,,,,3300162.5738973343,,,,,,,,3300162.5738973343,,3300162.5738973343
luis suarez__1987-01-24,,,,,,,,3674133.307992167,,,,,,,3496283.8195558833,,,,3585208.563774025,125758.57930385455,3585208.563774025
luis vazquez__2001-04-24,,,,,,,,,,,,2486876.853085188,,,,,,,2486876.853085188,,2486876.853085188
luka gagnidze__2003-02-28,,,,,,,,,717943.1457275206,665774.6342256853,,,,,,,,,691858.889976603,36888.70824735615,691858.889976603
luka gugeshashvili__1999-04-29,,,,,,,,,,,1035568.393013057,,,,966644.4725231674,953461.3659948076,,,985224.7438436773,44094.34014929474,966644.4725231674
luka ilic__1999-07-02,,,,,,,,,,,1791649.6624763196,,,,,1720233.5486772654,1835762.121697219,,1782548.4442836016,58299.54481340563,1791649.6624763196
luka ivanusec__1998-11-26,,,,,2619820.8084176383,2400981.8287567105,,,,,2391241.716161559,,,2535379.6266494663,,,,2368292.759579048,2463143.3479128843,109311.9844933635,2400981.8287567105
luka jovic__1997-12-23,,,,,,,9443306.48096295,,12636527.365709998,,13013641.70086062,,,,11148955.598355623,,,,11560607.786472298,1624944.3928580561,11892741.48203281
luka kulenovic__1999-09-29,,,,,,1572706.4746183483,,,,,1600625.1593485982,,1942332.4817129255,,,,1572581.8226390355,,1672061.484579727,180662.83661207222,1586665.8169834733
luka lochoshvili__1998-05-29,,,,,,,,,,,,,,,,1378551.6577358954,,,1378551.6577358954,,1378551.6577358954
luka modric__1985-09-09,,,,,13869763.099988645,,,,,,,,,,,,10342852.811265955,,12106307.9556273,2493902.1817924185,12106307.9556273
luka sucic__2002-09-08,,,,,,,5823170.956129429,,,9848992.124867028,,,7939998.572131489,,,,8061858.751920292,,7918505.101262059,1647039.5225487575,8000928.662025891
luka tunjic__2005-11-19,,,,,932872.6497910018,,823175.9472754874,,968975.3549284745,,,,,,,,,,908341.3173316545,75932.24955289913,932872.6497910018
luka zahovic__1995-11-15,Luka Zahović,MID,1099999.9999999998,1055104.9822327162,,,,,,,,1054530.3962100951,,1063944.086651501,,1113084.5960221463,1089877.2056005716,1141379.9759612207,1086320.2071130418,35344.69127327827,1076910.6461260363
lukas boeder__1997-04-18,,,,,,,728339.5158983633,,818673.3657780058,,,,,,813764.3507568052,,,,786925.7441443914,50796.49803078328,813764.3507568052
lukas daschner__1998-10-01,,,,,,,,,,,,,,,,,2243525.4239414106,,2243525.4239414106,,2243525.4239414106
lukas engel__1998-12-14,,,,,,,1063309.487143819,,,,,1797911.4011975282,,1980914.6059247807,,1791428.740548558,,,1658391.0587036717,406328.46568693465,1794670.070873043
lukas frode__1995-01-23,,,,,,493993.1120870288,,,,,,,494404.3541528092,,,,521535.71547887946,,503311.06057290576,15784.353481867374,494404.3541528092
lukas gortler__1994-06-15,,,,,,,1490571.0602974123,,,,1508621.284196703,,,1993330.8450432122,,1909241.8978515137,,,1725441.2718472104,263136.47717798635,1708931.5910241082
lukas hinterseer__1991-03-28,,,,,,,,,276493.55061795004,,314558.4852161774,,,,,298395.6665683422,,,296482.5674674899,19104.44379245555,298395.6665683422
lukas hornicek__2002-07-13,,,,,,,,4768843.777804957,,,,,,,,,,,4768843.777804957,,4768843.777804957
lukas hradecky__1989-11-24,,,,,,4584395.11280771,,,,,3260689.416526493,,,3541955.2158007575,,,,,3795679.915044987,697374.6194455072,3541955.2158007575
lukas jager__1994-02-12,,,,,,,,390792.1962099235,,,,380136.7408724474,,,,,,,385464.46854118543,7534.544725759744,385464.46854118543
lukas jensen__1999-03-18,,,,,,1071970.6853721924,,,,,,,,,,,,,1071970.6853721924,,1071970.6853721924
lukas klostermann__1996-06-03,,,,,,,,,,9586299.478194945,10464662.605836429,,10046006.525133925,,9912216.27475888,10778182.204098,10309132.671636852,,10182749.95994317,423704.450311619,10177569.598385388
lukas lerager__1993-07-12,,,,,,1395673.463839987,1325143.4864955319,,,,,,1371059.2493508374,,,,1751263.5585179199,,1460784.939551069,195845.71786237686,1383366.3565954124
lukas muhl__1997-01-27,,,,,,,,,516779.879676198,,,,,,,,,,516779.879676198,,516779.879676198
lukas nmecha__1998-12-14,,,,,,,,,10703484.427625395,11670757.215884088,10134872.51222654,,,,,,11406280.713249628,,10978848.717246413,695115.5319639477,11054882.570437511
lukas podolski__1985-06-04,,,,,,251618.43739733097,,,,,307358.22873051226,466717.71627772745,466693.1570452351,299009.26592886867,331539.22009897383,325066.46264686174,,404457.6676097068,356557.51946690213,80108.61949435582,328302.84137291776
lukas spendlhofer__1993-06-02,,,,,479283.86630148615,,,,,,,,,,,,,,479283.86630148615,,479283.86630148615
lukas ullrich__2004-03-16,,,,,5561572.550677537,5704749.43858312,,,6013659.33375611,,,,5782560.453062236,,5543240.3237875495,5893134.156339432,,,5749819.376034331,185130.06185675113,5743654.9458226785
lukas watkowiak__1996-03-06,,,,,,,,,,,235419.05876797254,,,,,226374.3889132058,,234684.63256554355,232159.36008224063,5023.371779156581,234684.63256554355
lukas willen__2003-04-25,,,,,,,,,765185.353518749,,,,756999.41473787,,,,780148.8930354841,,767444.5537640344,11738.934179649794,765185.353518749
lukas zima__1994-01-09,,,,,620993.8099266016,566953.047385969,,,600745.7427238498,,,,,,,612042.073302582,597266.0859191971,718465.0095891304,619410.961474555,51882.80837598761,606393.908013216
luke berry__1992-07-12,,,,,562806.9017497571,653050.6503656164,,,,562434.0951872803,,,,,,,,,592763.882434218,52210.20529450136,562806.9017497571
luke bolton__1999-10-07,,,,,372695.8912779229,,,416708.86459386366,,,,,502315.46177766705,,,,408116.57396932,284938.86981074925,396955.13228590455,78663.42953422794,408116.57396932
luke brattan__1990-03-08,Luke Brattan,MID,437499.9999999996,421058.0092153587,,354566.7406727688,,390919.1782475377,,,379407.7175994157,,,,,,,,386487.9114337702,27591.17053025255,385163.4479234767
luke garbutt__1993-05-21,Luke Garbutt,DEF,299999.99999999977,381274.05538276775,,,,,,,,,,,,381449.1376844874,,,381361.5965336276,123.8018828117052,381361.5965336276
luke harris__2005-03-04,,,,,,,,,,,,,,,1931456.447561084,,,,1931456.447561084,,1931456.447561084
luke le roux__2000-03-10,,,,,,,,,,,,,,,,1128957.657026484,,,1128957.657026484,,1128957.657026484
luke mccowan__1997-12-09,,,,,,3114410.774138537,,3151553.3483979497,3415389.2341628247,,,,,,,3336639.6744138924,,,3254498.257778301,144747.22340309573,3244096.511405921
luke mcgee__1995-09-02,,,,,,,,,150336.38643787542,,,,,,155383.07329116075,,,,152859.7298645181,3568.546496483053,152859.7298645181
luke mcnally__1999-09-20,,,,,3058677.996500579,3150378.5994551512,,,,,,,,,,,,,3104528.297977865,64842.118188073066,3104528.297977865
luke onien__1994-11-21,Luke O'Nien,DEF,1600000.0000000012,2461361.5947289173,,2346739.1098342133,,,,,,,,,,,,2104714.475938716,2304271.726833949,182076.6344139367,2346739.1098342133
luke plange__2002-11-04,,,,,,,840118.2603687454,,,681060.9256843188,,,,,,,,,760589.5930265321,112470.51995281635,760589.5930265321
luke shaw__1995-07-12,,,,,,,,,13034231.544107322,,,,,,,,,11907207.441055095,12470719.492581207,796926.3858289159,12470719.492581207
luke southwood__1997-12-06,,,,,,,483381.7575765459,,427656.3431423164,,,,,,,,,533058.0227748345,481365.3744978989,52729.7626381808,483381.7575765459
luke thomas__2001-06-10,,,,,,2138595.567434991,,,2182970.3917224715,,,,,,,,,,2160782.979578731,31377.73916763909,2160782.979578731
lundrim hetemi__2000-02-18,,,,,,,507910.8116400837,,,,,477640.76959454984,,469119.1828652774,,,,442348.2368532067,474254.7502382794,27009.845395074757,473379.97622991365
lutsharel geertruida__2000-07-18,,,,,,21145206.310766228,,,,,,,,17294465.58665183,20970391.936008226,,22001619.362774383,,20352920.799050167,2088168.4300940477,21057799.123387225
luuk brouwers__1998-05-03,,,,,,,,,1261738.5775382908,,,,,1218334.121178793,,,1179104.2759855415,1209960.8596276161,1217284.4585825605,34100.98692848796,1214147.4904032047
luuk de jong__1990-08-27,,,,,,,,,,,,,,,,,3651362.6778546255,,3651362.6778546255,,3651362.6778546255
luuk koopmans__1993-11-18,,,,,320280.4409381922,,,,,,320779.1178158933,,,,,,,,320529.7793770428,352.6178018434045,320529.7793770428
lyall cameron__2002-10-10,Lyall Cameron,MID,2100000.000000001,2047474.0621278184,2083344.67645409,,,1705518.468250822,,,,,,,1958564.4968360579,,1899001.3770084037,,1938780.6161354384,149246.4841917222,1958564.4968360579
lyes houri__1996-01-19,,,,,,1044935.9318664577,,,,1008798.061485463,,,,1049626.3658366385,,1084098.978318329,,,1046864.8343767221,30804.801543034413,1047281.1488515481
lyle foster__2000-09-03,,,,,,,,,,,,,,,,,,4895390.005969851,4895390.005969851,,4895390.005969851
lynden gooch__1995-12-24,Lynden Gooch,DEF,1050000.0000000007,882303.8106709231,,,,,,,,,,,,,,678221.0554250634,780262.4330479932,144308.30015758186,780262.4330479932
lyndon dykes__1995-10-07,,,,,,,,,1639371.4140319377,1551843.810780777,,,,,,,,1587533.2324873079,1592916.1524333407,44011.38719788555,1587533.2324873079
lynnt audoor__2003-10-13,,,,,,,1681466.1836513176,1935025.96851027,,,,2196998.755432065,,,,,,,1937830.3025312175,257777.72665359138,1935025.96851027
maarten paes__1998-05-14,,,,,,,,,,1941180.5661291704,,,,,,,,1654347.398770003,1797763.9824495867,202821.67770888304,1797763.9824495867
maarten vandevoordt__2002-02-26,,,,,,,13918308.040065575,,,,,,,11771186.41938644,,,,,12844747.22972601,1518244.258014466,12844747.22972601
maas willemsen__2003-04-29,,,,,,1015723.1734188976,,,984745.9943547436,,954839.0155508368,,,,,1045812.2674143262,,,1000280.1126847011,39233.775331046134,1000234.5838868206
macaulay tait__2005-08-27,,,,,,437298.6305530452,,,,,,,,,430149.9411661212,,,,433724.2858595832,5054.886742090243,433724.2858595832
mads agger__1999-12-21,,,,,,,,,,,,,717919.0990164868,,,622686.7433274244,,,670302.9211719555,67339.4444961053,670302.9211719555
mads emil madsen__1998-01-14,,,,,,,,,,,,,,,,,,2199119.736663438,2199119.736663438,,2199119.736663438
mads enggard__2004-01-20,,,,,,1078023.3750732224,,,,,,,,,,,,,1078023.3750732224,,1078023.3750732224
mads frkjr__1999-07-29,,,,,,2839971.3327928837,,,,2927211.3990762853,,2505521.320328455,,,,,,,2757568.017399208,222594.61004141596,2839971.3327928837
mads hansen__2002-07-28,,,,,,1941232.5415945256,,,,,,,,,,,,,1941232.5415945256,,1941232.5415945256
mads hermansen__2000-07-11,,,,,8052209.904344662,,8102384.811594618,,,,,,,,,,,,8077297.35796964,35479.01716184957,8077297.35796964
mads kikkenborg__1999-10-07,Mads Kikkenborg,GK,850000.0000000005,679164.8686729393,,680818.2965944853,,,,,,709715.9546499962,,,693549.414475908,,,,690812.1335983323,14146.645247287755,687183.8555351966
mads larsen__2001-09-20,,,,,,,,,1216376.1234256714,,1276694.225997936,,,,1222412.822451343,1370171.5097754053,,1323768.8566204952,1281884.7076541702,65962.2282076108,1276694.225997936
mads pedersen__1996-09-01,,,,,,2059710.0529499785,,,,,2395310.7848227313,2103590.556871178,,,,,2092184.9437979714,,2162699.084610465,156184.72591137732,2097887.750334575
mads roerslev__1999-06-24,,,,,5473400.248895355,,,,5215545.312745214,,,,5780887.294217888,,4966142.921054732,,,5566211.936449054,5400437.542672449,316363.5861773201,5473400.248895355
mads sndergaard__2002-12-26,Mads Søndergaard,MID,1400000.0000000007,1274020.869756466,,,,,,1266444.0592702422,,,,,,,,,1270232.464513354,5357.614074574179,1270232.464513354
mady camara__1997-02-28,,,,,,,,3937537.6608329094,,,,,,3841086.6962539474,,,4206040.31270963,,3994888.223265495,189115.31085430586,3937537.6608329094
maghnes akliouche__2002-02-25,,,,,,,,35946250.46518513,,,,,,,,,,,35946250.46518513,,35946250.46518513
magnus christensen__1997-08-20,,,,,,,,,,,,,,367965.3573094702,,,,,367965.3573094702,,367965.3573094702
magnus jensen__1996-10-27,,,,,855560.244891158,937233.4600240175,974685.9838262898,856537.3792870702,,,,,,,846316.2091170857,,,,894066.6554291241,58168.17100744946,856537.3792870702
magnus knudsen__2001-06-15,,,,,,2787136.0972786015,,,,2779180.4410942327,,,,,,,2468656.466756588,,2678324.3350431407,181621.26626637482,2779180.4410942327
magnus kofod andersen__1999-05-10,,,,,,,,,,2134062.3439535997,1894572.4847799297,,,,2141392.386640652,,,,2056675.7384580604,140433.36861738312,2134062.3439535997
magnus mattsson__1999-02-25,Magnus Mattsson,MID,2849999.999999999,2323399.254342145,2238360.3147401274,2167782.881436933,,,,,,,2023181.042506176,,,,,,2188180.8732563453,127073.48156209743,2203071.59808853
magnus westergaard__1998-05-27,,,,,,,,757153.8582987079,792782.2698433836,,,725437.699889507,,699508.2210232704,,,,,743720.5122637172,40317.484906437356,741295.7790941074
magomed ozdoev__1992-11-05,,,,,,,,,2643589.1083408315,,,,,,2458358.4422437926,,,2558475.2133707856,2553474.254651803,92716.54171058099,2558475.2133707856
mahamadou diawara__2005-02-17,Mahamadou Diawara,MID,2499999.9999999995,2128295.0157699026,,,,2207024.7175352992,,,,,,2097795.679309698,,,,,2144371.8042049664,56361.27254340368,2128295.0157699026
mahamadou doumbia__2004-05-15,,,,,,,,,,2769533.8096268624,2476571.80394075,2455071.3508686386,,2420945.6044504507,,,,,2530530.6422216757,160973.14000909397,2465821.5774046946
mahamadou nagida__2005-06-28,Mahamadou Nagida,DEF,1400000.0000000007,1930760.689968964,,,,,2147466.396746354,,,,1835871.5792406239,2168104.526437683,1901056.4834637144,,,,1996651.9351714677,151221.24710735717,1930760.689968964
mahdi camara__1998-06-30,,,,,,,,,,,,,,,,15117703.686159292,,,15117703.686159292,,15117703.686159292
maher carrizo__2006-02-19,,,,,,,10147287.711187182,,,9374954.938508777,10569563.056929756,,9267327.394777557,,,,,10485054.263558056,9968837.472992266,613190.0896484395,10147287.711187182
mahir emreli__1997-07-01,,,,,,,,,,,,1533365.2409788354,,1545484.8658584787,,1658108.3395998378,,1983259.042437131,1680054.3722185707,209794.62469751664,1601796.6027291582
mahmoud dahoud__1996-01-01,Mahmoud Dahoud,MID,3249999.9999999986,2971752.786192819,2716346.847150318,,,,,,,2902954.3115551174,,2792567.9776988737,,,,,2845905.480649282,113611.09416982521,2847761.1446269955
mahmut kucuksahin__2004-04-07,Mahmut Kücüksahin,MID,337500.00000000006,425423.2312919541,,,,,,390521.6666062045,,395794.84875900566,,,,,,,403913.24888572143,18813.854465299893,395794.84875900566
mai traore__1999-11-24,Maï Traoré,FWD,362499.9999999997,307923.5765628852,,,,,261841.11651776487,,290385.7055841,,,,,,,272529.31425545184,283169.9282300505,20272.735577810086,281457.5099197759
maidine douane__2002-08-23,,,,,,1352355.2234431885,,,,,1351565.4629501782,1310905.135967718,,,,,,,1338275.2741203615,23706.523939206618,1351565.4629501782
maik nawrocki__2001-02-07,,,,,,,2260166.525821419,2220284.7768703764,,,2180177.1950123883,,,,,2005644.4130071844,,,2166568.227677842,112142.4498760346,2200230.985941382
majeed ashimeru__1997-10-10,,,,,,,,,,,,,,,1313409.5361191158,,1326131.3486072,1204192.5026928312,1281244.462473049,67031.44417155815,1313409.5361191158
majid hosseini__1996-06-20,,,,,,,1682983.5804589966,,,,,,,,,,,1169256.232368236,1426119.9064136161,363260.09151595883,1426119.9064136161
makan aiko__2001-01-07,,,,,,,,,,,,,,846768.2023645431,,,,,846768.2023645431,,846768.2023645431
maksim paskotsi__2003-01-19,Maksim Paskotši,DEF,2349999.999999999,1625646.2809945643,,,932698.4605424906,,1456640.6274903493,,,1547446.3364876236,,1407171.4681291415,,,,,1393920.6347288338,271155.94787722436,1456640.6274903493
maksym dyachuk__2003-07-21,,,,,,,,1131412.5866069628,1104463.1526073755,,,,,,,1121730.663064461,,,1119202.1340929333,13651.486816256316,1121730.663064461
maksymilian stryjek__1996-07-18,,,,,,,,,610241.7086498193,,,608270.0406156846,,,,,,,609255.8746327519,1394.1798371853713,609255.8746327519
malachi boateng__2002-07-05,Malachi Boateng,MID,974999.9999999999,1140623.8885389343,,,,,,,,,,1080832.2126938337,,,1136747.4834728485,1266405.897859936,1156152.370641388,78414.81547897613,1138685.6860058913
malamine efekele__2004-07-19,,,,,880940.2138778,,,,,,,867037.1004052965,,,,,,857499.074760012,868492.1296810362,11788.111953566522,867037.1004052965
malang sarr__1999-01-23,Malang Sarr,DEF,7750000.000000002,10890113.610620495,,,,,,9309264.022578392,,,,,,,10475609.51054789,10449510.251542415,10281124.3488223,678615.9210920226,10462559.881045152
malcolm jeng__2005-03-09,,,,,,,,,,,,1159674.133532731,,,,,,,1159674.133532731,,1159674.133532731
malcolm viltard__2002-10-24,Malcolm Viltard,DEF,875000.0,872791.5551790398,987321.74610036,,990443.2231646318,,,,,,,,934163.5521525368,959764.2465475528,993380.465804544,,956310.7981581109,46858.83555473126,973542.9963239564
malcom bokele__2000-02-12,Malcom Bokele,DEF,3200000.0000000023,2223076.099359416,,,,,2180780.750962003,,,,2046387.0577532335,,2263886.792814386,,2112017.578095815,,2165229.655796971,87000.52672424926,2180780.750962003
malek el mala__2005-04-02,,,,,,,545169.304152799,,435204.6554293441,,518437.2943083194,,,,,,407593.4667156342,457333.44718315935,472747.63355785114,57499.08972433986,457333.44718315935
malick fofana__2005-03-31,,,,,,,,,,,24446180.94817516,,,22441719.10639816,21863395.551254246,,,,22917098.535275858,1355427.7194623991,22441719.10639816
malick mbaye__2004-04-06,,,,,1401252.5987102077,,,,,,,1621745.450816169,,,,,1348064.1083876379,,1457020.7193046715,145113.5133416241,1401252.5987102077
malik dijksteel__2001-07-08,,,,,,,227010.49943933327,,,,,256767.94405706786,,,,,,,241889.22174820057,21041.690879983253,241889.22174820057
malik sellouki__2000-03-21,Malik Sellouki,MID,825000.0000000006,1165575.7243743532,,,,1155685.3724510537,,1196923.2398949605,,,,,,,,,1172728.1122401224,21529.23400790448,1165575.7243743532
malik tchokounte__1988-09-11,,,,,340202.8238245178,,,308170.1625822782,,,,349745.6541601786,347837.7311957523,,294836.30703741877,316901.38929747173,,,326282.34468293627,22864.155645322768,328552.10656099475
malik tillman__2002-05-28,,,,,,38717253.0145326,,,37618134.55840194,,,,,40143006.895167865,,,,,38826131.48936746,1265952.5942756417,38717253.0145326
malo gusto__2003-05-19,Malo Gusto,DEF,30000000.00000005,27067982.53557128,,,,27738406.533071328,,,32591741.75529241,,,,27487736.820510294,,,,28721466.91111133,2594965.3557727593,27613071.67679081
malte amundsen__1998-02-11,,,,,,,,1014642.4869018256,,,,,,,,,995926.2076159816,,1005284.3472589036,13234.408001601652,1005284.3472589036
malthe hjholt__2001-04-16,,,,,,,1113625.6634868549,,1063645.4700304954,,,,,,,,,,1088635.566758675,35341.33371800727,1088635.566758675
mamadou camara__2001-02-07,,,,,,,,,1033762.0755495183,1147698.7573489877,,,,,,1038279.9513357662,,,1073246.9280780908,64516.733966794105,1038279.9513357662
mamadou coulibaly__1999-02-03,,,,,,,,,,,,,,1097675.3898590833,942846.7695415468,,1036020.5313609932,,1025514.2302538744,77947.17563563836,1036020.5313609932
mamadou coulibaly__2004-04-21,,,,,,,,,,,,,,,,,,1589869.8158063788,1589869.8158063788,,1589869.8158063788
mamadou diakhon__2005-09-22,,,,,,2342750.4181868928,,,2482297.0879549333,2558945.7621858194,2835916.521916355,2201400.627512787,2474717.7566166236,2429223.688906162,,,,,2475035.9804685107,196554.90498647187,2474717.7566166236
mamadou fall__1991-12-31,Mamadou Fall,MID,1200000.0000000005,1259581.0903008403,,,1105183.7255919315,1224411.9946433783,,,,1261290.949307801,,1157972.7178744334,,1231086.0928402634,,,1206587.7617597748,62233.11681813301,1227749.0437418208
mamadou fofana__1998-01-21,,,,,1563817.8022535222,,1662518.8550619457,,,,,,,,1487285.9269754472,,,,1571207.5280969718,87849.87653646988,1563817.8022535222
mamadou loum__1996-12-30,,,,,,,,,,,980369.9127550517,,,,,,,722558.7504861581,851464.331620605,182300.0211059201,851464.331620605
mamadou sangare__2002-06-26,Mamadou Sangaré,MID,12050000.00000001,21115336.956779554,,,15035140.223717352,,,,,,,,,,,,18075238.590248454,4299348.340896576,18075238.590248454
mamadou sarr__2005-08-29,,,,,19403445.49251013,,,,,,,,,,,16112948.540835816,,,17758197.016672973,2326732.7080025696,17758197.016672973
mamadou thierno barry__2005-03-20,,,,,,,516513.5234274307,,,,,,,594128.3767866186,,,,,555320.9501070246,54881.98913108125,555320.9501070246
mamadou traore__1994-10-03,Mamadou Traore,DEF,812499.9999999993,697688.7612953227,,,,,639295.0642228925,,746986.2447031171,,650717.5441840088,,,,,,683671.9036013354,49195.093815653025,674203.1527396657
mandela keita__2002-05-10,Mandela Keita,DEF,9249999.999999987,5681966.696797833,,,,,5733247.0726871425,,,,5277946.622149634,,,,,5553249.40255218,5561602.448546697,203698.9858261147,5617608.049675006
mannou berger__2004-10-15,,,,,,,,,298955.2103928994,,,,,289035.8487268987,315910.4841963347,,,285075.99517787725,297244.3846235025,13745.301759053971,293995.52955989906
manolis siopis__1994-05-14,,,,,,,,,,,,2147865.9890344692,,,,2267559.8032552674,,,2207712.8961448683,84636.30770160923,2207712.8961448683
manolo portanova__2000-06-02,,,,,,,,1450903.1097125309,,,,,,,,1630881.216299225,,,1540892.163005878,127263.73963256674,1540892.163005878
manor solomon__1999-07-24,Manor Solomon,MID,10250000.000000004,9501324.614539994,,,8067507.965029064,,,,,,10241356.566504808,,,,,,9270063.048691288,1105222.090538191,9501324.614539994
manuel akanji__1995-07-19,Manuel Akanji,DEF,23750000.000000026,24121965.410645258,,,,,,,22349326.095369108,23452380.482380148,27979819.51636906,,,,,,24475872.876190893,2447626.7718340787,23787172.946512703
manuel de luca__1998-07-17,,,,,1752855.5989832766,1715052.6745398494,,,,,,,,,,,,1887533.8525926755,1785147.3753719337,90661.50402664822,1752855.5989832766
manuel gasparini__2002-05-19,,,,,,,,,307098.18316746556,,,,,,,,,,307098.18316746556,,307098.18316746556
manuel lazzari__1993-11-29,Manuel Lazzari,DEF,7500000.000000002,8274051.565644434,7841913.221033689,,,,,,,,,,,8536030.483443948,,,8217331.756707356,350517.54027205537,8274051.565644434
manuel locatelli__1998-01-08,,,,,37436394.20868519,,,,,,,,,38535695.028519146,,,,,37986044.61860217,777323.064268522,37986044.61860217
manuel neuer__1986-03-27,,,,,,,,,,,3587432.656223867,,,3484137.116315424,,,3632074.084774783,,3567881.2857713583,75881.67581283885,3587432.656223867
manuel ugarte__2001-04-11,,,,,,,,25862503.65656264,,,,23976395.19553484,24361827.83879144,,,,,,24733575.563629642,996493.1308754459,24361827.83879144
manuel wintzheimer__1999-01-10,Manuel Wintzheimer,MID,537500.0000000003,460498.0525433584,,,,,,451118.7373465237,,,,,,,,422905.5679745152,444840.7859547991,19566.763382642544,451118.7373465237
marash kumbulla__2000-02-08,,,,,11619522.725396084,,,,,,,,,,,,,12566362.547643548,12092942.636519816,669516.8590086473,12092942.636519816
marc bola__1997-12-09,Marc Bola,DEF,1650000.0000000007,2994250.460628316,,,,2638553.9907996343,2522940.049119527,,,2533114.014530181,,,,,2553497.4269800535,,2648471.188411542,198586.8926701398,2553497.4269800535
marc guehi__2000-07-13,Marc Guéhi,DEF,48499999.99999994,39111070.37118754,,,,,41065787.783770174,39550770.79712846,41563737.29570184,,,,41433187.79875889,39901819.39343333,,,40437728.90666337,1047588.4511907122,40483803.58860175
marc leonard__2001-12-19,,,,,1923169.6087970426,1928302.3288418467,,,,,,,,2018424.3714965878,,,,,1956632.103045159,53575.17647236134,1928302.3288418467
marcandre ter stegen__1992-04-30,,,,,,15183079.362975791,,,,,,,,,,16090673.807263589,,11351155.851354793,14208303.007198058,2515630.9986627535,15183079.362975791
marcaurele caillard__1994-05-12,,,,,,472394.5948467196,,,,531875.8621172223,484428.5935429548,,442125.6321519717,,464550.57122517267,,,,479075.05077680823,33307.03616635722,472394.5948467196
marcel benger__1998-07-02,,,,,887768.2839398539,,1022135.3537822617,,,,,,,,902485.6605791472,,,,937463.0994337542,73696.63008665634,902485.6605791472
marcel hartel__1996-01-19,,,,,,,4673507.014040657,,,,,,4138414.1653442513,,,,,4588761.013986987,4466894.064457298,287610.4209208394,4588761.013986987
marcel lotka__2001-05-25,,,,,1109019.7186814311,,,1098832.6693783016,,,1032936.7678959955,,,,1049029.806705616,,,,1072454.7406653361,37162.66245987316,1073931.2380419588
marcel sabitzer__1994-03-17,Marcel Sabitzer,MID,13000000.000000013,16999107.02068839,,16976874.593586676,,,,,,17249529.157268304,,,,,,,17075170.257181123,151407.858889217,16999107.02068839
marcel schuhen__1993-01-13,,,,,827987.0521030426,,860371.2295536996,,865019.635046695,,810869.3252623533,,,,,,,,841061.8104914476,26008.75809649461,844179.140828371
marcel sobottka__1994-04-25,,,,,,,,,,,,,,,,,,1205693.7046188042,1205693.7046188042,,1205693.7046188042
marcel wenig__2004-05-04,Marcel Wenig,MID,700000.0000000006,534351.7014661718,529800.2714948062,,470177.97504371766,,,,,,,,,,,,511443.3160015652,35809.21881264123,529800.2714948062
marcelo diaz__1986-12-30,,,,,,,,,341780.88587586023,,372696.2481667656,,,,,,,,357238.5670213129,21860.462318738075,357238.5670213129
marcelo saracchi__1998-04-23,Marcelo Saracchi,DEF,2000000.0000000016,2209062.5955704744,,,,,2143838.03787783,,2187995.881961039,,,,,2184145.191558186,,2051246.987872461,2155257.738967998,62749.261816858656,2184145.191558186
marco bizot__1991-03-10,,,,,,,,,,,1499130.7968538967,,,,2175562.2746269433,,,,1837346.53574042,478309.2849413586,1837346.53574042
marco bleve__1995-10-18,,,,,,,,,,,,606194.4417167419,,,,605988.7950321838,613491.9378483405,,608558.391532422,4273.813528712007,606194.4417167419
marco brescianini__2000-01-20,,,,,,,,,,,3065965.9200500613,,,,,3325415.4720477327,,,3195690.6960488968,183458.53759336518,3195690.6960488968
marco burki__1993-07-10,,,,,485692.8658337308,,,,,,475025.7176400904,,,525955.9412898732,,532157.8878006319,543524.9047588806,,512471.46346464136,30219.94305506589,525955.9412898732
marco carnesecchi__2000-07-01,,,,,,,,,,,26355833.140276026,,,,,,,,26355833.140276026,,26355833.140276026
marco curto__1999-01-05,Marco Curto,DEF,1499999.9999999986,1292861.4836767034,1085079.2547214879,,,1089779.7490499716,,,1100118.1509907525,,,,,,,,1141959.659609729,100797.14922643152,1094948.9500203622
marco dalessandro__1991-02-17,,,,,,,,,,592050.7409942894,623961.2613760758,,,629901.9741966397,,,,572419.845622224,604583.4555473072,27129.894230131635,608006.0011851826
marco festa__1992-06-06,,,,,,,,,451113.90101217263,,,,,,,,,,451113.90101217263,,451113.90101217263
marco friedl__1998-03-16,,,,,11187805.536706768,,,,11629107.636938633,,,11332448.264401505,,,,,,,11383120.479348967,224972.53375251242,11332448.264401505
marco frigerio__2001-07-16,,,,,,,935355.5945295958,,,,,858910.0214453139,858264.9717554289,891269.3421208799,,,844454.6957788914,870173.045613545,876404.6118739425,32835.698122057736,864541.5335294295
marco ilaimaharitra__1995-07-26,,,,,1761006.0154669622,,,1633369.198474466,1807617.0325457118,1967316.994155554,,,,1963753.0005729932,,,,,1826612.4482431374,141962.39269085243,1807617.0325457118
marco imperiale__1999-05-01,Marco Imperiale,DEF,725000.0000000006,956598.2883173891,,879219.7513904707,,860807.7323017808,,918061.7381783574,,964565.1801458712,,,,,,,915850.5380667739,45852.78047273177,918061.7381783574
marco john__2002-04-02,Marco John,DEF,1650000.0000000007,1423947.69574358,,,,1267339.8738451859,,,,,1120647.848189438,,,,1466652.305725383,,1319646.930875897,157930.25138953785,1345643.784794383
marco kana__2002-08-08,,,,,,,,2193380.147479355,2262414.2486758074,,,,,,,,,,2227897.198077581,48814.48108912993,2227897.198077581
marco olivieri__1999-06-30,,,,,594358.7185320255,,,,,685311.9526759533,,,,746593.2933172662,,,,,675421.321508415,76597.71457869987,685311.9526759533
marco palestra__2005-03-03,Marco Palestra,DEF,5900000.000000006,4032813.9895890323,3734178.7106636222,,,,,,,,3451506.1278516855,,4458679.6367393,,,,3919294.6162109096,430858.37457745266,3883496.350126327
marco pasalic__2000-09-14,,,,,,,2511463.584904169,,,,,,,3117642.8089734754,,,,,2814553.196938822,428633.43995380605,2814553.196938822
marco pellegrino__2002-07-18,,,,,,,,,,,,,,,,,2287621.4039452975,,2287621.4039452975,,2287621.4039452975
marco perrotta__1994-02-14,,,,,,,,,,,,688188.0540385512,,,682064.8683775367,,,,685126.4612080439,4329.746103367599,685126.4612080439
marco pissardo__1998-01-08,,,,,,,,194006.7842955586,,195853.67004541607,189192.98006966957,,,,,,185197.73514756327,217499.33546806837,196350.1010052552,12536.220917538156,194006.7842955586
marco pompetti__2000-05-22,,,,,1347214.673057567,,1358128.776732486,,,,,,,1364239.3308480205,,,1279612.1573366758,,1337298.7344936873,39097.1158923167,1352671.7248950265
marco rente__1997-02-25,Marco Rente,DEF,1150000.0000000005,1128100.1791066302,,,1039842.4591637326,,,,1128604.7582083521,,,,,,,,1098849.1321595716,51101.900586434975,1128100.1791066302
marco reus__1989-05-31,Marco Reus,MID,4799999.999999999,4519757.536945425,,,,,,3965189.557723073,,,,,4444113.386496373,,,,4309686.827054958,300731.2517965722,4444113.386496373
marco richter__1997-11-24,,,,,,,,,,,,,,,1665416.9477582274,,,1902022.4123020174,1783719.6800301224,167305.3284447072,1783719.6800301224
marco sala__1999-06-04,,,,,,,1476287.7015857298,,,,,,1675438.3435334915,,,,,,1575863.0225596107,140820.76939891637,1575863.0225596107
marco schuster__1995-10-10,,,,,604909.113526414,,,,,,,,591344.309571685,,,,,,598126.7115490495,9591.76486185497,598126.7115490495
marco silvestri__1991-03-02,,,,,,,,,497289.10617261945,,566577.5336122857,,,,,,,,531933.3198924526,48994.31690034009,531933.3198924526
marco sportiello__1992-05-10,,,,,,,,,,,,3423072.130154332,,3065913.1327783363,,3230468.160015235,,2991951.2288415246,3177851.162947357,191477.39573906097,3148190.646396786
marco tilio__2001-08-23,,,,,,,,,,,,,1235113.4994061154,,,,,,1235113.4994061154,,1235113.4994061154
marco varnier__1998-06-08,,,,,,,1280330.8622858631,,1309672.6009275848,,,,,,1348334.340530009,,,,1312779.2679144857,34108.01662587741,1309672.6009275848
marcos acuna__1991-10-28,,,,,,,4530066.460877228,,,4203195.323952422,4178603.2950081127,,,,4100210.771514816,,4584607.022697903,,4319336.574810097,221408.14081062734,4203195.323952422
marcos lopez__1999-11-20,,,,,,2275875.475934437,,,,,,,,,,,2272099.9981819135,2141572.926952621,2229849.4670229903,76473.02925320546,2272099.9981819135
marcos peano__1998-10-15,,,,,,1177662.854030652,,1075022.229483598,,,,1091104.6684467923,,,,,,,1114596.5839870141,55205.76984033475,1091104.6684467923
marcos rojo__1990-03-20,,,,,,,,,,,,,,,1490937.702212079,,,,1490937.702212079,,1490937.702212079
marcos senesi__1997-05-10,Marcos Senesi,DEF,18500000.000000034,16104167.456512192,,15718675.913699588,15688881.331996744,,,16475271.841351092,,16230727.596691418,,14867700.706302626,,,,,15847570.807758944,567203.8807676411,15911421.68510589
marcus bettinelli__1992-05-24,,,,,,,,595836.4789231648,647120.326703202,,624577.2867477289,,,,,,,,622511.3641246986,25704.26594934717,624577.2867477289
marcus bundgaard__2001-08-05,,,,,,,,899230.6672689259,,,,847184.6496552324,,895336.53957931,835706.8338596362,,884338.6972663717,,872359.4775258952,29028.84845479712,884338.6972663717
marcus dackers__2003-01-09,,,,,,,,380650.4936783875,,,352868.20224854484,,,,,,391163.11602790176,,374893.937318278,19785.81717259696,380650.4936783875
marcus edwards__1998-12-03,,,,,6693244.906849013,,,6973593.188134737,,,,,,,,,,8376975.799284925,7347937.964756224,902129.6682703666,6973593.188134737
marcus forss__1999-06-18,,,,,,,1440804.421133015,2470268.179021241,1965128.6303292585,,,,1683522.119922723,,,2008636.9420294317,,2290882.290869404,1976540.4305508456,378579.2155261225,1986882.786179345
marcus fraser__1994-06-23,Marcus Fraser,DEF,425000.0000000002,436919.27431646414,,454764.58992551634,,,,,,,,,,,,,445841.93212099024,12618.543679574952,445841.93212099024
marcus ingvartsen__1996-01-04,Marcus Ingvartsen,FWD,5349999.999999998,4116617.433428655,,3947382.8895989424,,,4104537.694846381,,,4085168.75249101,,,,,,,4063426.692591247,78439.4688042009,4094853.2236686954
marcus linday__2003-06-02,,,,,,,,2029624.3470042152,2113693.1358167236,,,,,,2185809.2776408447,,,,2109708.9201539275,78168.654973256,2113693.1358167236
marcus lindberg__2000-06-27,,,,,,,1134939.596795425,1146188.4847387287,,,,1180316.179714483,,,,,1178444.9740703267,,1159972.3088297409,22889.174457450044,1162316.7294045277
marcus mathisen__1996-02-27,Marcus Mathisen,DEF,1450000.0000000002,1548083.761367862,,,,,1500777.6506180062,1474179.919173879,,,,,,,,,1507680.4437199158,37432.35081068399,1500777.6506180062
marcus mccoy__2005-08-24,,,,,,,,,,,380263.56021352304,,,412459.65565071907,,,,,396361.607932121,22766.07741137057,396361.607932121
marcus mcguane__1999-02-02,,,,,,,,911757.2751149837,,882175.5355384457,995507.7182400197,,,,,899353.7613280085,,,922198.5725553645,50355.33876139217,905555.5182214961
marcus muller__2002-08-20,,,,,764376.3302322456,789898.8791567596,,,,,825841.238102711,768270.7806036802,,,,,,773271.7143102195,784331.7884811233,25162.116540077517,773271.7143102195
marcus pedersen__2000-07-16,,,,,,,,,3300579.699877994,,,,3132186.25947334,,,,,,3216382.9796756674,119072.14361746362,3216382.9796756674
marcus rashford__1997-10-31,,,,,,27179795.342088588,,,,28668499.38927243,,,,,28557503.545185342,,,,28135266.09218212,829320.9783095891,28557503.545185342
marcus tavernier__1999-03-22,,,,,,,,,,,14621811.433142774,,18091439.637573007,,,,,,16356625.53535789,2453397.631548723,16356625.53535789
marcus thuram__1997-08-06,,,,,47328200.605967484,,,,,,48162482.68538184,,,,43543339.96663892,,,,46344674.41932941,2461628.0555520644,47328200.605967484
mardochee nzita__2000-02-24,,,,,898401.4678233904,,,929484.1952574404,,,,1030611.6008735794,1049501.835377735,,,,,,976999.7748330364,74310.61126966987,980047.89806551
marek rodak__1996-12-13,,,,,3026035.4369628225,,,,,3119136.5334369536,2982893.662206853,3121759.045270557,,,,,,,3062456.1694692965,69248.72334804051,3072585.9851998882
marin pongracic__1997-09-11,,,,,4643487.141698222,4222117.935041794,4185580.7220517304,4463731.688153445,,,,,4545378.978598354,,,,,5001870.874126131,4510361.223278279,300423.491410274,4504555.333375899
marin sverko__1998-02-04,,,,,,,,,,,,,,,,892533.1116549142,,,892533.1116549142,,892533.1116549142
mario dorgeles__2004-08-07,,,,,,2576983.484877546,,2690282.783911402,,,2594121.6871393104,,,,,,,2752475.9737910666,2653465.9824298313,82723.9849863169,2642202.235525356
mario engels__1993-10-22,,,,,,,,642478.3234986649,,,,639315.3732611975,656270.4959547325,,,641403.6256183888,,,644866.9545832459,7714.942578390093,641940.9745585269
mario gotze__1992-06-03,,,,,,10941808.349431897,,12331551.872304462,,,,10701447.805758152,,,12979263.94298763,,12233018.963755729,12328594.823651653,11919280.959648252,894211.4849760378,12280806.893703692
mario lemina__1993-09-01,Mario Lemina,DEF,9750000.000000004,8674971.504031105,,,7041086.399518438,,,9819006.73256585,,,,,,,,,8511688.212038465,1396139.8279801803,8674971.504031105
mario mitaj__2003-08-06,Mario Mitaj,DEF,3049999.999999998,2004134.0923304984,,,,,,1838225.7358501959,1517139.680607136,,,1844980.6057737411,,1822491.710851862,1924052.0243580786,,1825170.6416285855,165685.5843579061,1841603.1708119684
mario pasalic__1995-02-09,,,,,12206773.580444844,,,,12571871.70451275,,,,11263431.717087442,,,,14208683.62154269,,12562690.155896932,1228023.871820459,12389322.642478798
mario sampirisi__1992-10-31,,,,,,853585.9581704136,,,,902310.0056613613,,,822224.8171436738,,,857234.4193651894,,,858838.8000851596,32967.13437533269,855410.1887678015
mario stroeykens__2004-09-29,,,,,,,,8038086.472568487,,,6856536.325915182,,7141419.649334641,,8676126.443788672,,,,7678042.222901745,834393.9315349455,7589753.060951564
marios vrousai__1998-07-02,,,,,1764042.0507516419,1964688.273616409,,,,,1901675.3523211805,,1727415.5198841738,,,,,,1839455.2991433514,112241.85654537303,1832858.7015364112
marius adamonis__1997-05-13,,,,,,,,719146.0217427925,,,,,,,,,800928.5147389988,,760037.2682408956,57828.95537995887,760037.2682408956
marius broholm__2004-12-26,,,,,,,,,,,,2631409.959912198,,,,,2755253.14006056,,2693331.549986379,87570.3524866138,2693331.549986379
marius bulter__1993-03-29,,,,,,,,,,,,,,,,5175667.699330541,,,5175667.699330541,,5175667.699330541
marius funk__1996-01-01,Marius Funk,GK,449999.99999999994,450567.46646903065,,,427811.16701701144,,,,,,,463939.87849147664,471533.11951990146,,,504016.50826789625,463573.62795306335,28050.08049173268,463939.87849147664
marius gersbeck__1995-06-20,,,,,,580449.8061580365,568657.8212122169,,,,,,,,,,,,574553.8136851266,8338.19251883872,574553.8136851266
marius louer__2007-03-11,,,,,,,,,287304.4896152084,,,,,,,,,,287304.4896152084,,287304.4896152084
marius marin__1998-08-30,,,,,1280224.147173824,,,,,,,,,,1408171.8710867781,,,,1344198.009130301,90472.70321623403,1344198.009130301
marius mouandilmadji__1998-01-22,,,,,,,,,3664666.0061284225,,3064914.8653917345,,,,3604355.2029186077,,,,3444645.3581462554,330235.9513917986,3604355.2029186077
marius muller__1993-07-12,,,,,2241251.586176872,,,,,,,2347623.404951776,,,,,,2650204.044122179,2413026.3450836088,212176.07463682888,2347623.404951776
marius stefanescu__1998-08-14,Marius Ștefănescu,MID,1150000.0000000005,1052206.6200884215,,1005864.1357965377,,,,,,1108030.8660852457,,1011793.245683643,,1050199.1951468342,,,1045618.8125601364,40878.62166519838,1050199.1951468342
marius wolf__1995-05-27,Marius Wolf,DEF,3299999.9999999986,3987479.427018817,,,4611261.397355719,,,,,3885465.7279671985,,,3935508.801462735,,,4413156.352519243,4166574.3412647424,325206.6998817791,3987479.427018817
mariusz stepinski__1995-05-12,,,,,,668486.7957104575,,,,,,,685136.9682151569,,,,,,676811.8819628072,11773.449885998776,676811.8819628072
mark brink__1998-03-15,Mark Brink,MID,1299999.9999999993,1483980.362344162,,1423806.6138882488,1805250.602765849,,1533819.203147468,1540763.8615644474,,,,,1299005.72457611,,1445222.1214765762,,1504549.7842518373,155616.9620411079,1483980.362344162
mark flekken__1993-06-13,,,,,,,,,,,,,,,,6068015.441684799,,,6068015.441684799,,6068015.441684799
mark gillespie__1992-03-27,Mark Gillespie,GK,139999.9999999999,210753.3665238333,,,,,,,169157.30582646714,,,184402.85639521002,,,,,188104.50958183684,21043.63902988955,184402.85639521002
mark helm__2001-10-21,,,,,,,,,,561965.0733532119,,,,,,599627.0989054932,,550580.1648235148,570724.11236074,25669.846297982232,561965.0733532119
mark hoekstra__2006-02-10,,,,,,,,,,,,,,,,231095.17760647673,,,231095.17760647673,,231095.17760647673
mark kosznovszky__2002-04-17,,,,,,,,,,,,,,,,821061.3504264822,832555.3162647162,,826808.3333455992,8127.461186941821,826808.3333455992
mark mckenzie__1999-02-25,,,,,,,,,5545774.570704858,,,5648774.804623266,,5530939.204465222,5389000.111121881,5467431.662932307,,,5516384.0707695065,96470.1653650681,5530939.204465222
mark ohara__1995-12-12,,,,,,713662.1049594668,,,772664.411330776,789673.6309613959,,784967.8543395295,,831909.5805407552,,,,,778575.5164263847,42594.73170742055,784967.8543395295
mark omahony__2005-01-14,,,,,763113.8872984126,,,,818296.851738533,773276.894973034,,,,,,,,,784895.8780033266,29369.039243624688,773276.894973034
mark oxley__1990-09-28,,,,,,,112836.76078204664,127922.57900116961,,,,,,133347.025418673,,124976.89478943605,114392.65745445315,,122695.1834891557,8833.374830963961,124976.89478943605
mark travers__1999-05-18,,,,,,,,,,,,,,3243996.003444375,,,,,3243996.003444375,,3243996.003444375
marko divkovic__1999-06-11,,,,,727573.3360701094,,,,,,,,,,,,,,727573.3360701094,,727573.3360701094
marko dmitrovic__1992-01-24,Marko Dmitrović,GK,3950000.0000000005,6522830.684201138,,6051096.385517493,,,6083139.135614115,5923690.414319533,5215649.947410189,,,,,,,,5959281.313412493,473184.1558799151,6051096.385517493
marko grujic__1996-04-13,,,,,,2134175.2220686767,,,,2239042.878787458,,2336188.641710497,,,,,,,2236468.914188877,101031.30405553321,2239042.878787458
marko jankovic__1995-07-09,,,,,,,,,,1226441.4489798222,,,,,,1218989.2236904767,,,1222715.3363351496,5269.519037026074,1222715.3363351496
marko jevtovic__1993-07-24,,,,,,,,,,,,1135349.3095712902,,,1205276.5310542036,,,,1170312.920312747,49446.012500101744,1170312.920312747
marko livaja__1993-08-26,,,,,8190514.24613626,7473009.41400672,,,,,,,,,,,,,7831761.83007149,507352.5323329131,7831761.83007149
marko milovanovic__2003-08-04,,,,,,1672592.0034941211,,,,1523536.7205232088,,1549088.250381508,1572999.5521436795,,,1688440.0545009028,1591067.848645117,,1599620.738281423,66839.84746322571,1582033.700394398
marko pjaca__1995-05-06,,,,,,1477012.009867074,,,,,,,,,,1412060.6356535947,1511899.5925793257,,1466990.7460333314,50668.27041278985,1477012.009867074
marko rog__1995-07-19,,,,,,,1523024.8001729555,,,,,,,,,,,,1523024.8001729555,,1523024.8001729555
markus jensen__2005-07-15,,,,,,,,,,,,,,,636024.8575970969,,,,636024.8575970969,,636024.8575970969
markus kolke__1990-08-18,,,,,,173869.20558074393,181187.03927377774,,192945.1883558007,,,,200656.2853438551,,,,,169007.09719132935,183532.9631491014,13150.004727365413,181187.03927377774
markus solbakken__2000-07-25,,,,,,,,,,,,,,,,,1374694.013189774,,1374694.013189774,,1374694.013189774
markus walker__2006-11-23,,,,,,,,,,,,,384367.97730610013,,398787.3766906275,365282.5033249331,392505.89020716236,,385235.9368822058,14553.196748235672,388436.9337566312
marley ake__2001-01-05,,,,,,1894560.0460718316,,,,,,,,1858426.9468603549,,1874634.949786543,,,1875873.9809062432,18098.38703429934,1874634.949786543
marley watkins__1990-10-17,,,,,,,298386.97403896245,,,,289569.3632795189,,,,311531.1980037467,,,,299829.1784407427,11051.719832947269,298386.97403896245
marlon fossey__1998-09-09,,,,,2306869.887461765,,,,,2176300.675728253,,,,,,,2157663.651276901,,2213611.4048223067,81300.01911599256,2176300.675728253
marnon busch__1994-12-08,,,,,,,,2073819.4001602049,,,,,2144567.2388432957,,,,2016547.224022274,,2078311.287675258,64128.104905568354,2073819.4001602049
marshall munetsi__1996-06-22,,,,,,4164729.725323179,,,,4500862.571519689,,,,,,,,,4332796.148421434,237681.81492508695,4332796.148421434
marten de roon__1991-03-29,,,,,,,,,,,,9077426.637735382,,,,,,,9077426.637735382,,9077426.637735382
marten winkler__2002-10-31,,,,,1855693.2004567452,,,,,,,,,1797956.0347902428,,,,,1826824.617623494,40826.34136927498,1826824.617623494
martial godo__2003-03-14,,,,,,,3006940.2698341166,,,3672487.2535502138,,,,,,3550859.4517175257,,,3410095.6583672855,354399.5358661755,3550859.4517175257
martin adeline__2003-12-02,,,,,,,,,,,1849583.706363162,,1991335.5079808605,1807025.6855705734,,,,,1882648.299971532,96501.18223158144,1849583.706363162
martin aguirregabiria__1996-05-10,,,,,,,,,986931.6686425863,,,,,,,,,,986931.6686425863,,986931.6686425863
martin baturina__2003-02-16,,,,,,21486484.151924144,,,,,24047019.606685523,,,22580817.875502836,,,,,22704773.8780375,1284760.3946634545,22580817.875502836
martin boyle__1993-04-25,,,,,,,,,,,,,,1385066.3323320851,,1362213.1229772533,,,1373639.7276546692,16159.659306677437,1373639.7276546692
martin degaard__1998-12-17,Martin Ødegaard,MID,77250000.00000004,82219875.07269298,,,,,,77274288.91376318,,,94217463.20322545,81460493.35522245,,,77013394.80154164,102892411.71740933,85846321.17730917,10435824.29941241,81840184.21395771
martin delavallee__2004-03-18,,,,,,,,2877370.598285817,2550831.5864086384,,,,,,,,,,2714101.092347228,230897.94962030763,2714101.092347228
martin dubravka__1989-01-15,,,,,,1692183.034189178,,,,,,1534743.4224540512,,1686268.6545058587,,,,,1637731.7037163626,89239.4785382755,1686268.6545058587
martin erlic__1998-01-24,,,,,3299998.915285186,,,,3692967.7891939743,,,,,2735127.757856372,,2871435.9626046726,,,3149882.6062350506,434753.010261768,3085717.4389449293
martin frese__1998-01-04,Martin Frese,DEF,1749999.9999999998,1593882.5768783086,,,,1604075.0013105837,,1596747.6298964734,,1517036.9999662677,1575140.6545582602,,,,,,1577376.5725219785,35377.80196939792,1593882.5768783086
martin georgiev__2005-09-24,,,,,,,,,,,,,,2465541.7891426664,,,,,2465541.7891426664,,2465541.7891426664
martin hansen__1990-06-15,Martin Hansen,GK,100000.00000000004,152681.41005527053,,,,,,,,,,,141667.03758850973,,,,147174.22382189013,7788.337461760965,147174.22382189013
martin linnes__1991-09-20,,,,,,,,,900121.6803064317,,,,,891824.178252745,932934.461625397,,,,908293.4400615245,21739.298352664315,900121.6803064317
martin minchev__2001-04-22,,,,,,,,,,,,1204819.623711298,,,,,,,1204819.623711298,,1204819.623711298
martin olsson__1988-05-17,,,,,175145.5422402131,,,179278.41380666234,185455.9311035259,,200196.00978492133,257828.857986761,,,,214978.57738736062,,,202147.22205157406,30982.471774123027,192825.9704442236
martin palumbo__2002-03-05,,,,,,,,,,,,,,,,,,610954.7051119782,610954.7051119782,,610954.7051119782
martin payero__1998-09-11,,,,,3479124.02221747,,,,3767402.88997105,,,,,,,,,,3623263.4560942603,203843.9422613362,3623263.4560942603
martin remacle__1997-05-16,,,,,,,,882663.2244999129,,,,867186.5904519998,,828708.438883234,,,,,859519.4179450489,27782.528204322083,867186.5904519998
martin satriano__2001-02-20,,,,,,,,,,,,,,,,6601992.211207159,7362865.749121366,,6982428.9801642625,538018.8382845356,6982428.9801642625
martin sourzac__1992-03-25,,,,,,,,231438.62449346922,,227182.0280346716,,,,247439.85273403345,,,,241861.56645626918,236980.51792961085,9308.51413759425,236650.0954748692
martin terrier__1997-03-04,,,,,16653036.83163861,,,,,,,,,,16803971.383400667,16274851.344269821,,,16577286.519769698,272572.16707440047,16653036.83163861
martin turk__2003-08-21,Martin Turk,GK,749999.9999999998,812329.5065681491,,,,697470.7710131606,792029.1477764674,,,824442.8519159491,,,,,,,781568.0693184315,57637.669248514954,802179.3271723082
martin valjent__1995-12-11,,,,,,,,,,6414979.82930228,,6263085.611374629,,,6749882.635926876,,,6157776.170942822,6396431.061886651,258204.8528512566,6339032.7203384545
martin vitik__2003-01-21,,,,,,,5321128.465991826,,,,6500418.324336127,,,,,7351428.998474876,7777541.771570072,,6737629.390093225,1083345.386306702,6925923.661405502
marton dardai__2002-02-12,,,,,,,,2159965.590714229,1916093.403181687,,1354216.6601100927,,,,,,,,1810091.8846686694,413201.01190307655,1916093.403181687
marvelous nakamba__1994-01-19,,,,,,1485894.809898066,,,,,,,,,,1477188.668880819,,,1481541.7393894426,6156.171351261694,1481541.7393894426
marvin cuni__2001-07-10,Marvin Çuni,FWD,1249999.999999999,1216591.8668299837,1299607.569886219,,,1296289.9936769935,1322842.9377199225,1222681.0832014778,,,,,,,,,1271602.6902629193,48576.7782079892,1296289.9936769935
marvin ducksch__1994-03-07,,,,,,5007402.5187621,,,4269671.925956616,,,,,,4207264.099313384,,,,4494779.514677366,445039.82118932356,4269671.925956616
marvin elimbi__2003-02-20,Marvin Elimbi,DEF,1124999.9999999995,1327529.145163503,,1291951.5161749911,,,,,,,,1286227.9418680035,,,,1336371.9794255383,1310520.145658009,25116.58508618442,1309740.330669247
marvin friedrich__1995-12-13,,,,,,2697877.6966326917,2882951.9778416287,2453091.146814405,2515437.7145990543,,,,,2232292.8386618677,2543439.068900553,,2542584.082286742,,2552524.9322481346,201784.52416124413,2542584.082286742
marvin mehlem__1997-09-11,Marvin Mehlem,MID,2250000.000000001,2061229.1386623785,,2089767.8969486398,,,,2011576.4298843765,,,1924838.5454239254,2075204.5179601987,,,,2005704.152379349,2028053.4468764777,60920.968989112516,2036402.7842733776
marvin obuz__2002-01-25,Marvin Obuz,MID,950000.0000000008,1136922.9815748734,,,878718.8625563274,,,,,1117379.7638895167,,,,1154725.0429581203,1082789.6261749566,1040930.690626502,1068577.8279633827,101475.90628364407,1100084.6950322366
marvin peersman__1991-02-10,Marvin Peersman,DEF,375000.00000000006,417689.18760033295,,,376475.9751587605,,,,,411917.30492082075,,395857.12414204964,,,,441314.82459194236,408650.88328278123,24280.64302506566,411917.30492082075
marvin pieringer__1999-10-04,,,,,,,,,,,,,,,,,,6022696.032589124,6022696.032589124,,6022696.032589124
marvin schulz__1995-01-15,,,,,,796499.2335713751,,,,,,,,,873525.2056553222,,784355.5766190253,,818126.6719485741,48359.23131820187,796499.2335713751
marvin schwabe__1995-04-25,Marvin Schwäbe,GK,7750000.000000002,6562487.517661223,,6861771.022641324,,,,,,,,,,,,7048026.909376582,6824095.149893043,244952.50308445247,6861771.022641324
marvin senaya__2001-01-28,,,,,,2648247.7015867406,1992190.3041228887,,,,2996826.3224573666,,,,2453956.4182707774,,2913121.065374265,2881006.340651613,2647558.0254106084,377888.63318489917,2764627.021119177
marvin stefaniak__1995-02-03,,,,,,,,,862709.9943537018,879164.6731441355,940062.1754707568,,,846962.5938738318,,,,,882224.8592106065,40738.09518539303,870937.3337489187
marvin wanitzek__1993-05-07,,,,,,3234894.5223775744,,,,,,,,,,,3635196.843073408,,3435045.682725491,283056.4854887361,3435045.682725491
marvin young__2005-10-02,,,,,,,,,,2727838.559445928,2832925.413218335,,,,,3025445.5072786254,,,2862069.8266476295,150928.86230001444,2832925.413218335
marwin hitz__1987-09-18,,,,,,,,,399984.5713577114,,,,,466480.0018937835,549682.4048055764,,,,472048.99268569046,75004.13707640694,466480.0018937835
maryan faryna__2003-08-28,,,,,1091840.3465780837,,,,,,,1110618.8165343131,,,,,,,1101229.5815561984,13278.383446357688,1101229.5815561984
maryan shved__1997-07-16,,,,,,,,,,,,,,,,1379475.5473382,,,1379475.5473382,,1379475.5473382
mason burstow__2003-08-04,,,,,,,,,,,,,1236041.128655462,,,,1117758.22024541,,1176899.6744504361,83638.64663521513,1176899.6744504361
mason greenwood__2001-10-01,Mason Greenwood,MID,46000000.00000004,47835414.91658436,,45630507.5541519,,,56900760.36587775,,52435852.888620466,,,,,,40887159.84645972,,48737939.11433884,6172755.320931162,47835414.91658436
massadio haidara__1992-12-02,Massadio Haïdara,DEF,1800000.000000001,2093858.8127988302,,2266772.538896857,,,,,,,,2041315.9117584035,,,2189814.4774466986,,2147940.435225197,100279.80049805493,2141836.6451227646
massamba ndiaye__2001-10-08,,,,,,524423.1333486169,,,,,,,545999.1580408347,,490643.88640109764,,,,520355.3925968497,27900.921323407227,524423.1333486169
massamba sow__2004-06-13,,,,,,909080.1479551748,,,,,,965089.2037929967,912646.3537828474,,,,,,928938.5685103396,31358.105483369036,912646.3537828474
massimiliano mangraviti__1998-01-24,,,,,1044551.5417570272,1200970.495943485,,1024119.1650223475,1075189.0008021852,,,,,,1070800.9243164405,,,,1083126.225568297,69050.74958610155,1070800.9243164405
massimo bertagnoli__1999-02-26,,,,,,,916399.5067408541,,,880858.8896039462,882082.1250870724,,,,,,,,893113.5071439575,20175.539873366317,882082.1250870724
massimo coda__1988-11-10,,,,,,,1185063.4299951503,,1069603.2487737576,1093481.191720773,,,990939.8588436127,1048549.1224699008,1128433.7022114738,,,,1086011.7590024448,66899.92789370744,1081542.2202472654
massimo decoene__2004-02-11,,,,,,,,,,,,,,,,,,286462.7241549836,286462.7241549836,,286462.7241549836
massire sylla__2005-01-07,,,,,659993.4312164896,650300.1066342756,,485403.98197528353,561490.2410748365,,629097.5522301195,615363.8021158451,,548545.4729390139,,,644849.723393013,,599380.5389473595,61508.7352041684,622230.6771729824
matai akinmboni__2006-10-17,,,,,235955.47097671096,,,,,,,,,,256995.66533723997,,,,246475.56815697547,14877.66410981302,246475.56815697547
matei ilie__2002-12-11,Matei Ilie,DEF,1487499.999999999,1910117.5179476037,1610315.308527547,1928447.9126238301,,,,,,,,,,,,1751153.2146684348,1800008.488441854,149433.40138042887,1830635.3663080193
matej hanousek__1993-06-02,,,,,,,664665.9213884742,,,,494690.9952500588,,,,592628.778493682,,,,583995.2317107384,85315.72232877066,592628.778493682
matej kovar__2000-05-17,,,,,,,6706623.590088077,7217080.085593199,,,,,,,,7705743.141332443,,,7209815.605671239,499599.38843145943,7217080.085593199
matej maglica__1998-09-25,,,,,,,1362400.2936060554,,,,,,,,,,,,1362400.2936060554,,1362400.2936060554
matej rodin__1996-02-13,Matej Rodin,DEF,600000.0000000003,539602.0918381581,,,,,,,,,648663.3368664032,,,,,,594132.7143522806,77117.94592411979,594132.7143522806
matej sin__2004-06-02,,,,,,,,,,,,9378252.631758662,,8786537.545158667,,,,,9082395.088458665,418405.7502652413,9082395.088458665
matej vydra__1992-05-01,,,,,,2433295.038341647,,,,,,,2249836.283490071,,,2769587.7626906615,,,2484239.694840793,263594.2308779963,2433295.038341647
mateja stjepanovic__2004-02-20,,,,,1094663.1249084198,1098535.8301842937,,,,,,1121978.011423185,965805.2169408322,,,,,,1070245.5458641825,70664.9103202933,1096599.4775463566
mateo biondic__2003-07-24,,,,,703830.1405632138,,490201.2306227212,,,670579.7469172585,,,,616068.6612683166,,,,,620169.9448428776,93895.08985412544,643324.2040927876
mateo chavez__2004-05-12,,,,,,,,,4647065.751532999,,,4322385.504088083,,,4372144.459406218,,,,4447198.571675767,174868.9669342461,4372144.459406218
mateo joseph__2003-10-19,,,,,,,,,4240713.67116101,,,,,4841670.585576666,,,,,4541192.128368838,424940.7093842538,4541192.128368838
mateo kovacic__1994-05-06,,,,,,,24062882.572542198,,,,,,,,,,21128363.13672887,,22595622.854635537,2075018.5925873248,22595622.854635537
mateo pellegrino__2001-10-22,,,,,,,,2293646.577787449,2235645.959023339,,2291850.4100497584,,2088921.7232833076,,,,,,2227516.1675359635,96240.39243336502,2263748.184536549
mateo retegui__1999-04-29,,,,,,,,,,,,,38253091.59842307,,,,,,38253091.59842307,,38253091.59842307
mateus uribe__1991-03-21,Mateus Uribe,MID,4250000.000000002,2887488.7550612073,,,,,,,,,,,,2834232.3038472217,,,2860860.5294542145,37657.99779533982,2860860.5294542145
mateusz kowalczyk__2004-04-16,,,,,2075269.3096855734,,,,,,,,,,,,,,2075269.3096855734,,2075269.3096855734
mateusz lis__1997-02-27,,,,,,3192091.2208287586,,,2947214.590171402,,,,,,,,,,3069652.9055000804,173153.92609193054,3069652.9055000804
mateusz praszelik__2000-09-26,,,,,,,1000323.8512881412,935126.0497597376,1109090.0654724531,,,,852376.0970954335,,,,,,974229.0159039414,108390.68057706289,967724.9505239394
mateusz wieteska__1997-02-11,,,,,2502309.688487917,,,2354926.189412602,,,,,,,,,,2515971.8269439857,2457735.901614835,89297.4870818191,2502309.688487917
mateusz zukowski__2001-11-23,,,,,,1001934.9846389615,978249.5568442629,,,,,1025803.4073222495,,,951446.2424307942,1031958.5198008218,1049377.5282623377,,1006461.7065499047,36630.79175362197,1013869.1959806054
mathew ryan__1992-04-08,,,,,4517869.376291449,,,,,,,,,,,4751967.7952318555,,,4634918.585761652,165532.5794978106,4634918.585761652
mathias de amorim__2004-12-10,Mathias de Amorim,MID,1600000.0000000012,2255901.0089833187,,,,,2329227.090757908,,,,,,2388163.9788134205,,,,2324430.692851549,66261.80930012927,2329227.090757908
mathias delorge__2004-07-31,Mathias Delorge,MID,7750000.000000002,5528756.6554913595,5885675.15414892,,6346986.487366917,,,,,,,,,,,,5920472.7656690655,410223.3169487149,5885675.15414892
mathias fixelles__1996-08-11,,,,,728840.8191402778,,,,773016.6284297274,,,,,,,,,,750928.7237850026,31237.014312973486,750928.7237850026
mathias greve__1995-02-11,,,,,,,1224180.083039327,,,,1201535.1198455733,,470818.5059022018,1074270.6953162383,1220561.9280510677,,,,1038273.2664308816,323166.23181041935,1201535.1198455733
mathias honsak__1996-12-20,,,,,,3302590.2416153117,3324823.8524908763,3280062.4931101785,3228862.731558884,,,,3160343.9673386044,,3259221.754072661,,3224301.7818224267,,3254315.260286992,55329.57780839772,3259221.754072661
mathias jensen__1996-01-01,,,,,,,,11944741.549382912,,,10541519.593493566,,,,,11662386.822336376,,,11382882.655070951,742192.6293163617,11662386.822336376
mathias jensen__2005-04-14,,,,,440229.38544662,,472326.4415306112,462556.6600823137,,,,,,,,,,,458370.82901984826,16452.845911189474,462556.6600823137
mathias kjl__2001-06-27,Mathias Kjølø,MID,2050000.000000001,2425873.807554737,,,2823779.000458797,,,,,,,,,,,2413372.236767117,2554341.6815935504,233423.27201033084,2425873.807554737
mathias kvistgaarden__2002-04-15,,,,,5313486.461380934,,,,,,,6144021.524732422,,,,,,,5728753.993056678,587276.9753090359,5728753.993056678
mathias lvik__2003-12-06,Mathias Løvik,DEF,3400000.000000002,1698541.7491509179,,1626613.0217563552,,,,,,,1923564.1150562505,,,,,2044696.5219445503,1823353.8519770186,194353.36345820688,1811052.932103584
mathias olesen__2001-03-21,,,,,,,,,,1097673.5091337806,,1064029.660129661,,,1014827.6999045172,,,,1058843.6230559864,41665.67246679243,1064029.660129661
mathias olivera__1997-10-31,,,,,,,,,11518777.132725965,11888313.093404885,,12248012.572562488,,,11131326.48833658,,10814951.870447822,,11520276.231495548,573109.4830225507,11518777.132725965
mathias pereira lage__1996-11-30,,,,,,,2378204.575822885,,,3384661.1181398453,,,,,,3708608.3693946954,,,3157158.021119142,693766.392853585,3384661.1181398453
mathias rasmussen__1997-11-25,,,,,3123913.190830107,,,,3529943.839320226,3291215.09942153,3370887.5778635507,,,,,,,3321103.4004574106,3327412.621578565,146348.08777390356,3321103.4004574106
mathias ross__2001-01-15,,,,,,,746107.9654436102,,,830130.9214468464,,,656803.4187676705,,,,,749464.1740053442,745626.6199158678,70817.83333398071,747786.0697244771
mathias tomas__2001-01-30,Mathías Tomás,MID,850000.0000000005,877436.5734172662,,,,928794.5261230792,,,,,,944892.8417115516,,,,,917041.3137506325,35230.534112492984,928794.5261230792
mathieu cafaro__1997-03-25,,,,,,2092584.9431784623,,,,2282256.4291148363,,,,,,,,,2187420.6861466495,134117.99390333888,2187420.6861466495
mathieu maertens__1995-03-27,,,,,,,,,1282543.9292705362,,,,,1419304.5736256058,1308263.2573439162,,,1245127.507117399,1313809.8168393644,74954.92740270728,1295403.5933072262
mathieu michel__1991-09-04,,,,,,,,250962.05703873074,,,248598.8432703444,,,,,,252319.9942382834,283847.6926869524,258932.14680857773,16681.37165606123,251641.02563850707
mathieu patouillet__2004-02-20,,,,,790639.4042005637,,787925.0369938709,,828095.3842588438,,,,,,,,844334.9493099371,,812748.693690804,27918.017294683992,809367.3942297038
mathijs tielemans__2002-04-26,,,,,1884029.3909416683,2088919.0892997603,,,,2102474.0686568236,,,,,,,,2268248.178490095,2085917.6818470866,157359.90001870177,2095696.578978292
mathis amougou__2006-01-18,,,,,,6098496.854516411,5763373.668458427,,,,,,,,,,,,5930935.261487419,236967.8773944415,5930935.261487419
mathis clairicia__2002-08-30,,,,,,,,1253696.7155682864,,,,,,1338992.9511806099,1275171.7318265599,,,,1289287.1328584852,44365.47488900929,1275171.7318265599
mathis hamdi__2003-10-18,,,,,301158.5314571841,271194.19966474234,380166.21266555093,,276302.3954861528,,,,,,,,,,307205.33481840754,50370.78201214021,288730.4634716684
mathis lambourde__2006-01-09,,,,,1170462.2701321202,,,,,,1329467.6155368409,1315519.858087192,,,1237803.377103596,,,1254583.7601882338,1261567.3762095966,64099.43779215495,1254583.7601882338
mathis servais__2004-11-23,,,,,2266984.505852999,,,,,,,,1849305.4087689181,,,,2519057.2974807005,,2211782.404034206,338271.12224096106,2266984.505852999
mathys tel__2005-04-27,,,,,,,,,23583060.25831597,,,,,,,,26578328.41194002,,25080694.335127994,2117974.4228996756,25080694.335127994
matias dituro__1987-05-08,,,,,,,,,,,651694.9574089786,686523.9833423216,,,,563532.3859541172,,,633917.1089018058,63393.78660549891,651694.9574089786
matias fernandezpardo__2005-02-03,,,,,,,,,,14117632.597309437,14618479.426025731,,12000094.327568417,,,,,,13578735.450301195,1389889.4676362025,14117632.597309437
matias galarza__2002-03-04,,,,,,,4727564.947367628,,,,,,,,,,,,4727564.947367628,,4727564.947367628
matias gonzalez__2002-02-28,,,,,,,,,838961.7742131911,,689112.3424483605,,,,761563.5144386428,,,755633.6742271606,761317.8263318387,61304.11757036754,758598.5943329018
matias kranevitter__1993-05-21,,,,,,,,,1541959.3630670423,,,1571515.5375738663,,,,,1662533.0842235782,,1592002.6616214954,62843.43440002887,1571515.5375738663
matias lacava__2002-10-24,Matías Lacava,MID,1299999.9999999993,1289211.7242175036,,1283128.3985586695,,,1136074.2609884513,,,,,1201003.1443910636,,,,,1227354.382038922,72946.37282439222,1242065.7714748667
matias moreno__2003-09-24,Matías Moreno,DEF,3499999.9999999995,2326612.4556230856,,,,,2390514.9930581846,,2228723.083653411,2443971.777468092,2406844.8008289803,,,,,,2359333.4221263505,84443.76062190771,2390514.9930581846
matias perez__2005-04-13,,,,,,,,1757631.0115287527,,,,,1940650.307201482,,,,1793087.7797061987,,1830456.3661454779,97063.50543066053,1793087.7797061987
matias rocha__2001-02-13,Matías Rocha,DEF,999999.9999999997,1087234.8850891483,1127826.41806484,,,,1092963.365122422,,,,,,1108651.1177878913,1114548.7517039182,,,1106244.907553644,16418.629622788845,1108651.1177878913
matias soule__2003-04-15,,,,,25469361.77639292,,,,,,,,27844955.852016095,,,,22692015.587550737,23475045.94820244,24870344.791040547,2302108.402633018,24472203.86229768
matias vargas__1997-05-08,Matías Vargas,MID,7750000.000000002,8961045.233768646,7932105.579272511,,,7979400.190328865,8609539.560493799,,9978790.635879463,,,,,,,,8692176.239948656,839680.4550806453,8609539.560493799
matias vecino__1991-08-24,,,,,4590416.6888569305,,3490717.8619145406,4796062.138246793,,,,,4338737.200102288,,,,,,4303983.472280138,573525.4064871973,4464576.944479609
matija frigan__2003-02-11,Matija Frigan,FWD,7249999.999999998,7653326.599795682,7351597.533365656,,,,,,,,,7958092.995198297,,,8047104.416217988,,7752530.386144405,316026.57541102724,7805709.797496989
matija mitrovic__2004-12-12,Matija Mitrović,MID,1699999.9999999988,1949867.2534974676,,,,,,,,,,,1876574.3208871607,1900816.6364301213,,,1909086.0702715833,37339.67253068087,1900816.6364301213
matisse didden__2001-10-08,Matisse Didden,DEF,2250000.000000001,2012149.7625317685,,1946039.7818298219,,2149316.1073103375,,,,,,,,,,,2035835.2172239758,103687.35071452826,2012149.7625317685
matisse samoise__2001-11-21,,,,,,,2064410.7445263863,,2316976.567525652,,,,,,,,,,2190693.656026019,178591.0061387419,2190693.656026019
mats deijl__1997-07-15,,,,,2196622.198588061,,,,,,,,2487451.449132412,,,,,,2342036.8238602364,205647.33522731205,2342036.8238602364
mats egbring__2006-09-17,,,,,,,,,577780.859879373,601604.3416157219,,612383.798396778,,564496.295509004,593797.5631379617,,,,590012.5717077677,19038.528032657643,593797.5631379617
mats knoester__1998-11-19,,,,,,,,,,,,,1044099.9162898907,,,,,,1044099.9162898907,,1044099.9162898907
mats kohlert__1998-05-02,,,,,2268447.1091301693,2278821.5540705454,,,,,,2207198.7597135594,,,,,,,2251489.1409714245,38705.75772324476,2268447.1091301693
mats rits__1993-07-18,,,,,,,,,,,,1481382.958783853,1607002.9305053398,,,,,,1544192.9446445964,88826.73385672555,1544192.9446445964
mats rots__2006-03-11,,,,,,,,,,,,,3042946.530816582,,3540388.80437807,,3290695.1810699007,,3291343.5054215174,248721.77050844225,3290695.1810699007
mats seuntjens__1992-04-17,,,,,,,,449739.09606516344,,,,,,,,,,555905.4489589188,502822.27251204115,75070.94806501846,502822.27251204115
mats wieffer__1999-11-16,,,,,,,,,,,,21579118.22723006,,20087447.862151567,,,21290997.796374507,,20985854.62858538,791267.5806259474,21290997.796374507
matt butcher__1997-05-14,,,,,,404089.42665627296,,391371.376777751,436716.6877602773,,,,,,,,,372187.84380147373,401091.33374894375,27129.588424075264,397730.401717012
matt clarke__1996-09-22,,,,,,,,2057752.0503695752,,,1706070.8133590466,,,,,,2085949.8578719639,,1949924.2405335286,211653.3712123214,2057752.0503695752
matt crooks__1994-01-20,,,,,,2101508.22452584,1887936.5706576074,,,,,,,,,1686667.766699998,,,1892037.520627815,207450.63197127692,1887936.5706576074
matt dibleydias__2003-10-29,,,,,,295153.21952025034,,322320.7325099502,,,358957.34007249825,300168.1414413836,,,,,298286.52363854425,,314977.1914365253,26828.423758104847,300168.1414413836
matt doherty__1992-01-16,,,,,,,,,,,,,3218439.024714724,,,,,,3218439.024714724,,3218439.024714724
matt grimes__1995-07-15,,,,,,,,,,,4174073.2331195865,,5472636.138191792,,,5534325.46679268,,,5060344.946034686,768153.3409098121,5472636.138191792
matt lendfers__2006-03-10,,,,,,,,,,227223.89885772354,231665.45276494222,,,,,,,,229444.67581133288,3140.6528867999345,229444.67581133288
matt macey__1994-09-09,Matt Macey,GK,375000.00000000006,250411.68317776275,,,246865.24532939593,,,,,,283612.3331376777,258742.8858900882,,315315.07310573314,264056.9446057996,,269834.0275410762,25766.44227667382,261399.9152479439
matt miazga__1995-07-19,,,,,2382642.902706229,2423440.01218598,,,,,,,,,,,,2544931.7352213445,2450338.216704518,84421.86532244243,2423440.01218598
matt oriley__2000-11-21,,,,,,,13997194.58692484,,,,,,13781639.065756967,,15490408.782739786,,15665672.824489165,,14733728.81497769,981502.5505386046,14743801.684832312
matt phillips__1991-03-13,,,,,,,,,476331.84756734764,,399040.90438383,,385199.7295708192,,,,,399255.1931572615,414956.91866981453,41441.6694285427,399148.04877054575
matt ritchie__1989-09-10,,,,,,,,,241446.76297675457,,,,195812.11972276625,,229121.08011907802,,321253.30014063313,,246908.315739808,53179.608443405785,235283.9215479163
matt targett__1995-09-18,,,,,2836587.5060512777,,,,,,3010990.4781731125,2797873.066983253,,,2876094.702351902,2484066.8603885924,,2585748.417914318,2765226.8386437423,194993.84999304073,2817230.2865172653
matt turner__1994-06-24,,,,,,,,2458726.274949122,,,2164500.3983513815,,,,1989890.7495659094,2613681.3490838534,,,2306699.692987567,281625.2621419155,2311613.336650252
matte smets__2004-01-04,Matte Smets,DEF,14250000.000000017,13477730.06890797,13254433.376872467,12624010.303605523,,,,14282330.702698387,,,14696731.366589544,,,,,,13667047.163734779,826565.239714787,13477730.06890797
matteo bianchetti__1993-03-17,Matteo Bianchetti,DEF,999999.9999999997,1259527.043147771,,1260271.5178657668,,,,,,,,1239729.5932800488,,,,1246216.3512503568,1251436.1263859859,10129.429837097636,1252871.6971990638
matteo bignetti__2004-05-06,,,,,,,,,417853.59899037064,,,421216.4901367839,399188.75037338486,,,,,,412752.9465001798,11866.668514805471,417853.59899037064
matteo cotali__1997-04-22,Matteo Cotali,DEF,899999.9999999995,772850.1456950521,,,,,,,,,1020111.4173120413,,,,783634.653453036,,858865.4054867098,139747.21338572985,783634.653453036
matteo darmian__1989-12-02,,,,,,,5253104.279394579,,,4448007.22360366,,,4417357.730733045,,,,,,4706156.411243762,473918.5855285162,4448007.22360366
matteo gabbia__1999-10-21,Matteo Gabbia,DEF,19000000.000000015,21443332.440524273,20102249.769186903,,,,,,,20885457.28490538,,,,,19351250.902882762,,20445572.59937483,913680.064048023,20493853.527046144
matteo guendouzi__1999-04-14,,,,,,,45356337.32501628,,,,49468039.62646523,,,,,39952472.79352811,,,44925616.581669874,4772383.399003575,45356337.32501628
matteo lovato__2000-02-14,Matteo Lovato,DEF,2700000.0,1254676.043873216,,,,,1246554.2308707405,,,,,1286326.1773818075,,,,,1262518.8173752546,21013.894319544932,1254676.043873216
matteo palma__2008-03-13,,,,,,,,,,,,,926292.3868208808,,,,,949662.1958641254,937977.2913425032,16524.95044951294,937977.2913425032
matteo perez vinlof__2005-12-18,Matteo Pérez Vinlöf,DEF,1450000.0000000002,1808309.7677891923,,,,1732710.9461066502,1798404.2425154822,,,,,,,,,,1779808.318803775,41087.1238220191,1798404.2425154822
matteo pessina__1997-04-21,,,,,7907246.901353328,,,,,,,,,8064150.0007592235,,,,7352351.627964773,7774582.843359108,373984.01715959335,7907246.901353328
matteo politano__1993-08-03,,,,,,,18375616.227805465,,,15652087.73303073,12680700.335435065,,,,17669298.70054567,,,,16094425.749204233,2551681.7286966904,16660693.216788199
matteo prati__2003-12-28,,,,,,,,,,5586456.543004965,,,4955569.505114956,,,,,,5271013.024059961,446104.5026547201,5271013.024059961
matteo ricci__1994-05-27,,,,,,,716898.7200512078,,792881.315211946,,,,758434.3536412945,,774703.1552945819,,,,760729.3860497575,32431.503364220334,766568.7544679382
matteo rover__1999-02-20,,,,,,,,,1156421.9826059344,,,1231521.8348851625,,,,,,,1193971.9087455485,53103.61481275023,1193971.9087455485
matteo ruggeri__2002-07-11,,,,,,,13949513.132276919,,,,,,,,,,14916127.24632841,,14432820.189302664,683499.3948364361,14432820.189302664
matteo tramoni__2000-01-20,,,,,5357426.719275648,,,,,,,,,,,5594124.000924033,,,5475775.360099841,167370.25294199542,5475775.360099841
matthew cox__2003-05-02,,,,,,,,,,,,,,,1050991.9201422245,,,,1050991.9201422245,,1050991.9201422245
matthew garbett__2002-04-13,Matthew Garbett,MID,800000.0000000005,787814.9427920915,,,,792962.526563712,,787566.78895887,,,736069.0197556387,770193.7567580707,,,,,774921.4069656766,23363.912432508165,787566.78895887
matthew hoppe__2001-03-13,,,,,612203.8863532117,,,,,,,,,,,,685136.5681447621,,648670.227248987,51571.1938649259,648670.227248987
matthew pennington__1994-10-06,,,,,,,,,,,,,,,,534709.3120678897,,,534709.3120678897,,534709.3120678897
matthias bader__1997-06-17,,,,,1296975.38082897,,,,,,,,,,,,1409818.1036003393,,1353396.7422146546,79791.85447918877,1353396.7422146546
matthias ginter__1994-01-19,Matthias Ginter,DEF,14000000.00000001,17203534.88119825,,17011005.466455426,18542330.662222475,,16633258.772020632,16115049.139247047,,,,,,,,,17101035.784228764,906494.2699159085,17011005.466455426
matthias kobbing__1997-05-28,Matthias Köbbing,GK,77500.00000000006,143140.09510393537,,,,,143784.1957985165,140157.33839949218,,,,,140410.4941373761,,,,141873.03085983003,1856.5754769234968,141775.29462065574
matthias phaeton__2000-01-08,,,,,,,730617.1879947043,,,1179969.4448157256,,,,1115009.6927623593,,,1149053.7954315222,962240.4520625855,1027378.1146133794,185794.4707832532,1115009.6927623593
matthias verreth__1998-02-20,,,,,,,,,,,,,,,,,,603917.1032905632,603917.1032905632,,603917.1032905632
matthieu epolo__2005-01-15,,,,,,,,,6710907.294306226,,,6704121.248668527,,,,,,,6707514.271487377,4798.458887858242,6707514.271487377
matthieu udol__1996-03-20,,,,,,,,,,,,,,,,7749489.813847602,,,7749489.813847602,,7749489.813847602
matthis abline__2003-03-28,,,,,,,,,,,,,12046033.670967218,,,,,11155985.702313725,11601009.686640471,629358.9542161963,11601009.686640471
mattia bani__1993-12-10,,,,,,,,,,,,2389405.588947273,,,,2530654.289411459,2496719.84898566,,2472259.909114797,73732.72909346306,2496719.84898566
mattia compagnon__2001-11-06,,,,,858270.8599972671,993649.0691089764,,,,,,,866511.4850614305,,,,,,906143.8047225579,75893.71151066976,866511.4850614305
mattia felici__2001-04-17,Mattia Felici,DEF,1949999.999999999,3587080.136278436,,,,,,,,,,,,,,,3587080.136278436,,3587080.136278436
mattia finotto__1992-12-28,,,,,,,,,,950971.2554200488,,,,,,,,,950971.2554200488,,950971.2554200488
mattia perin__1992-11-10,,,,,,,,,,4725355.299646874,,,,5791604.4300580295,,,5027705.403373389,,5181555.044359431,549521.68842484,5027705.403373389
mattia valoti__1993-09-06,Mattia Valoti,MID,1249999.999999999,1141824.0445249213,,,,,1210340.5234360397,,1189373.880040578,,,,,,1186913.094564999,1154595.3728540968,1176609.383084127,27845.668906309147,1186913.094564999
mattia viti__2002-01-24,,,,,4264238.410162802,,4407523.105013542,,,4965497.416915233,3966821.9015615107,,,,,,,,4401020.208413272,418694.09540774475,4335880.757588172
mattia zaccagni__1995-06-16,,,,,,,31831045.028609473,,,,,33897246.092335396,,,,,,,32864145.560472436,1461024.7834554575,32864145.560472436
mattia zanotti__2003-01-11,Mattia Zanotti,DEF,3750000.0000000023,4538464.597711164,,,,,,4908364.153065045,,,,,,,4466828.680155823,,4637885.810310678,236963.76641875214,4538464.597711164
mattias kait__1998-06-29,Mattias Käit,MID,812499.9999999993,671941.4415893706,,675132.3148840803,,,651260.5885615562,,597792.840480147,,728561.7058778964,,623124.270794067,,647437.7034068984,,656464.4093705738,41730.34146788853,651260.5885615562
mattias svanberg__1999-01-05,,,,,,,,,8378262.931949191,,8302754.620740314,,,8232473.678028099,,,,,8304497.076905868,72910.24451223426,8302754.620740314
mattie pollock__2001-09-28,,,,,,,,2766967.9167671907,,,,,2422354.085297951,,,,,,2594661.001032571,243678.77712257742,2594661.001032571
mattijs branderhorst__1993-12-31,,,,,983431.5283807245,,,,,,,,,,,1046390.5274396053,975331.4803821461,,1001717.8454008253,38899.08848287159,983431.5283807245
mattis hoppe__2003-07-23,,,,,,,,,466801.477807706,530447.6461765367,,,468135.8803773359,,,,,,488461.6681205262,36367.04445709474,468135.8803773359
matty cash__1997-08-07,,,,,24371375.43903245,,,21836014.543133415,,23260884.9671943,,,,,,,,,23156091.649786722,1270924.8394942377,23260884.9671943
matty james__1991-07-22,,,,,,,,,,952956.3358588984,,,,,1020134.7536594311,,1113386.4608587932,983476.8480557337,1017488.5996082142,69581.16179919438,1001805.8008575824
matty kennedy__1994-11-01,,,,,,,,815546.1317039138,697409.9942842089,,,,,786480.0091233765,847165.1714606014,,,596814.683660181,748683.1980464563,101600.85752387819,786480.0091233765
matus bero__1995-09-06,,,,,,2826476.003311032,,,,,,,,,,2911848.1386375516,,2804432.8370971098,2847585.6596818976,56733.80778096986,2826476.003311032
matvey safonov__1999-02-25,,,,,17797712.869285516,,,,,,,,20469239.08997452,,15748283.52242072,,,,18005078.493893582,2367299.2511311546,17797712.869285516
matviy ponomarenko__2006-01-11,,,,,,1395719.5484673984,,,1247365.8776863846,,,1361070.241286305,,,,,1450417.0321746233,,1363643.1749036778,85801.37116665818,1378394.8948768517
maurice malone__2000-08-17,,,,,,,1966579.372085108,,,,,2045727.0702860153,,1854052.0964068763,,1830805.9438410914,,1970794.987196642,1933591.8939631465,89356.13096723409,1966579.372085108
maurice multhaup__1996-12-15,Maurice Multhaup,MID,437499.9999999996,392383.6043118383,,,390527.868032439,,,,,,,,,,,,391455.7361721386,1312.203707257145,391455.7361721386
mauricio benitez__2004-02-03,,,,,899228.8862838243,,,,,,,,,,,,,,899228.8862838243,,899228.8862838243
mauro arambarri__1995-09-30,,,,,,,14943766.830492547,,,,,,,,17535914.943456527,,17606943.654382702,,16695541.809443926,1517497.2659296738,17535914.943456527
mauro icardi__1993-02-19,Mauro Icardi,FWD,12499999.999999985,12045965.522029757,,,,,,,,10380304.677282393,10250111.623586645,,,11840323.096581466,,,11129176.229870066,945127.091374031,11110313.88693193
mauro vigorito__1990-05-22,Mauro Vigorito,GK,104999.99999999997,140939.7458025923,,120550.54553681459,,,,,,,,,,,,,130745.14566970346,14417.341770901981,130745.14566970346
mawouna amevor__1991-12-16,,,,,,,,,,,,366676.11888359673,468307.22950064705,377229.98869380465,,354631.9691226014,388227.46859108476,,391014.5549583469,44966.631178247495,377229.98869380465
max aarons__2000-01-04,,,,,,,,,3197756.1775081577,,,3091416.341737711,,,,,,,3144586.2596229343,75193.61898354672,3144586.2596229343
max albk__2006-02-19,,,,,355062.49911784474,283375.1985811903,346009.6885976079,,,320066.04867503425,,,,297480.26254291664,,278867.7402770688,,289978.6738239902,310120.0159450933,30725.250155392383,297480.26254291664
max anderson__2001-05-17,,,,,,,,,,573361.433667355,,,,,,,,533098.5420419946,553229.9878546748,28470.163698471362,553229.9878546748
max balard__2000-11-20,,,,,,,,959825.2982216788,,,,,,,,,,,959825.2982216788,,959825.2982216788
max bruns__2002-11-06,,,,,2146091.31385775,,2034068.811858101,2022342.3691799617,,,,,,2220017.899748702,,,,2117072.8917728844,2107918.65728348,81982.15146486083,2117072.8917728844
max christiansen__1996-09-25,Max Christiansen,MID,912500.0000000001,561816.1670502463,566997.737170287,,,,,,,583208.9754019788,,,,,,,570674.293207504,11160.235683648778,566997.737170287
max de ligt__2004-07-20,Max de Ligt,DEF,225000.00000000015,236068.59246718962,,,,,,,,,,,,,,,236068.59246718962,,236068.59246718962
max ejdum__2004-10-15,,,,,1236391.6846191043,,,,1092539.1046611925,,,,1145581.614534979,,,1216094.6059260587,,,1172651.7524353336,66083.00127752496,1180838.110230519
max geschwill__2001-07-07,,,,,,,,,,,,,,1541439.9691288932,,,,,1541439.9691288932,,1541439.9691288932
max meyer__1995-09-18,,,,,,1687538.5083966765,,,,,,1748803.578419742,,,,,,,1718171.0434082092,43320.94646317824,1718171.0434082092
max moerstedt__2006-01-15,Max Moerstedt,FWD,4949999.999999997,2947467.993818886,,2587983.10450252,,,,2445517.9982861727,2479465.3455865523,,,,,,,,2615108.6105485326,229752.49278529428,2533724.2250445364
max reinthaler__1995-03-22,Max Reinthaler,DEF,349999.9999999997,370815.72175404185,,,353891.9952588994,,,,,390518.80766721576,,,,,,355481.61729916563,367677.03549483063,17032.84539433844,363148.6695266038
max sanders__1999-01-04,,,,,377547.5342556768,,,,,,,405683.09670184203,,408697.73860261316,,,353324.2871071784,410345.655624338,391119.6624583297,25017.06544042683,405683.09670184203
max schmitt__2006-01-18,,,,,,,325595.50211284676,346213.5586071309,320719.94969814096,,383139.44909602846,,366135.2492523774,,,,,340080.9658304419,346980.77909949445,23956.21182837664,343147.2622187864
max scholze__2005-04-30,,,,,,,636680.7301429467,,,,,,603152.5852217363,,615385.3907163097,,735457.1419177572,622727.1337619676,642680.5963521434,53266.12053074228,622727.1337619676
max watters__1999-03-23,,,,,,,340712.98287815583,,,,,,,,,,,,340712.98287815583,,340712.98287815583
maxence caqueret__2000-02-15,,,,,,,14906829.379388412,,14542031.916400742,,,,,,,,,,14724430.647894576,257950.7598382305,14724430.647894576
maxence lacroix__2000-04-06,,,,,32570740.24324549,,32978280.688319787,,,30851110.014259364,,,,,,,,33276535.575968683,32419166.63044833,1084660.6458738667,32774510.46578264
maxence maisonneuve__1999-02-11,,,,,,,,,,854985.1754914803,,,,,,,,820328.3907552487,837656.7831233644,24506.047501111763,837656.7831233644
maxence prevot__1997-04-09,,,,,,,,574890.4164477694,,,,,,,,,536753.3895827199,589017.7577890963,566887.1879398619,27035.713342082556,574890.4164477694
maxence rivera__2002-05-30,,,,,,,,,,,,,,,,,1766331.3237935489,,1766331.3237935489,,1766331.3237935489
maxi moralez__1987-02-27,,,,,,,,,,,,617771.1664535413,,,,604513.3608163373,,,611142.2636349392,9374.684269720165,611142.2636349392
maxi oyedele__2004-11-07,Maxi Oyedele,MID,3499999.9999999995,2581707.444464985,,,,,,,,,,,,,,,2581707.444464985,,2581707.444464985
maxim dal__2006-01-26,Maxim Dal,DEF,324999.9999999999,327635.42655097577,,,,,,,,,,,,,,,327635.42655097577,,327635.42655097577
maxim de cuyper__2000-12-22,,,,,,,,,29727803.264478423,,31459006.8838882,,,,28966722.10858665,,,32159684.62167474,30578304.219657004,1482896.9321513162,30593405.07418331
maxim dekker__2004-04-21,,,,,,,,,,1690521.1702055698,,1661772.8058474963,,,,,,,1676146.988026533,20328.163385615466,1676146.988026533
maxime bernauer__1998-07-01,,,,,,,1345800.710799224,1723850.6587873204,,,1816445.7783068626,,,,,,,,1628699.0492978022,249333.243839749,1723850.6587873204
maxime busi__1999-10-14,Maxime Busi,DEF,1499999.9999999986,1351978.3451085459,1276553.2198625016,,,,,,,,,,,1358633.605533534,,,1329055.0568348605,45589.530453111875,1351978.3451085459
maxime delanghe__2001-05-23,Maxime Delanghe,GK,1400000.0000000007,975339.2957944219,,932755.5722330632,,,,1072878.7128293705,,,,,,1061230.8650729437,,,1010551.1114824498,67688.46579441325,1018285.0804336828
maxime dupe__1993-03-04,Maxime Dupé,GK,1499999.9999999986,1610416.1809556352,,,1629153.09128036,,,,,,,,,,,,1619784.6361179976,13248.996349097182,1619784.6361179976
maxime esteve__2002-05-26,,,,,17066786.958609734,,,,16019625.860104475,,,,,,,,17184240.04529054,,16756884.288001582,641179.6152574556,17066786.958609734
maxime lopez__1997-12-04,,,,,,,,,,8063425.351953521,,,,,,,,,8063425.351953521,,8063425.351953521
maxime sivis__1998-04-01,,,,,,,,,,,,,994148.2498605491,,,,1037193.6662067797,,1015670.9580336644,30437.70579741788,1015670.9580336644
maximilian arnold__1994-05-27,,,,,,12020266.529068246,,,,,,11271411.5431413,,,,11286715.084341355,,10840963.49289606,11354839.16236174,489374.7172619618,11279063.313741326
maximilian bauer__2000-02-09,,,,,,,2000670.3980624136,,2031534.1474446296,,,2018081.7258811565,,,2085481.5837521395,,,2121033.1798917013,2051360.207006408,50220.957219642194,2031534.1474446296
maximilian beier__2002-10-17,Maximilian Beier,MID,26250000.00000004,26256800.38223746,,,19058170.028026246,24331052.293022674,,,,,19717934.523535293,,24783661.797776353,,24711509.537345305,,23143188.093657225,2989184.6239580004,24521280.91518399
maximilian breunig__2000-08-14,Maximilian Breunig,FWD,1200000.0000000005,1271067.0767506012,,,1408352.0403993032,,1265428.3425729484,1240713.9755133458,,,,1150862.7609837563,1280846.769275644,,,,1269545.160915933,82862.64522676499,1268247.7096617748
maximilian ibrahimovic__2006-09-22,,,,,,,,,,,,,1186167.5725659025,,,,1106183.0185214952,,1146175.2955436988,56557.62055498231,1146175.2955436988
maximilian kilman__1997-05-23,,,,,,10474466.05266406,,12618367.448117813,,,,,,,,8739652.941938266,10319959.166640747,13018322.4764759,11034153.617167357,1770220.096207946,10474466.05266406
maximilian mittelstadt__1997-03-18,,,,,,27239140.917165574,25808007.485957958,,,,,27483318.57062556,,26135172.018639695,,,27256697.467535038,28713367.078986213,27105950.58981834,1038626.5914317674,27247919.192350306
maximilian schmid__2003-03-05,,,,,,560358.3677626511,,,528460.4895910358,,,,455229.8007409457,585727.89656488,,,,,532444.1386648781,56557.60038239401,544409.4286768434
maximilian ullmann__1996-06-17,,,,,,946271.7296307642,,,,,,1138755.9950006753,866758.0052102553,,,,878121.0265934791,,957476.6891087934,125850.35908182664,912196.3781121217
maximilian wittek__1995-08-21,,,,,,,,,,,,2143502.747928259,2452882.989401459,,,,,,2298192.868664859,218764.86671083144,2298192.868664859
maximilian wober__1998-02-04,,,,,5753909.754029164,,,,,,,,6055572.595449718,,,,,,5904741.174739441,213307.8408004756,5904741.174739441
maximiliano caufriez__1997-02-16,,,,,,,999974.2716908281,,,,973865.6421219936,,,,,,,,986919.9569064109,18461.589015610523,986919.9569064109
maximiliano lovera__1999-03-09,,,,,,,,,,,,,,2134040.812367556,,2308304.1604424543,,,2221172.486405005,123222.79513603215,2221172.486405005
maximiliano villa__1997-03-03,Maximiliano Villa,DEF,850000.0000000005,1116891.7615657942,,,,,,,,,,,,,,,1116891.7615657942,,1116891.7615657942
maximo perrone__2003-01-07,,,,,,,8274684.724196018,,,,,,,,,8856620.44448006,,,8565652.58433804,411490.694027524,8565652.58433804
maxwel cornet__1996-09-27,Maxwel Cornet,MID,9599999.999999998,4457873.735039587,,4107974.9726847,4564042.864845416,,,,3839679.869899157,4463100.509305821,4122959.9307092507,,,3837861.3097460065,,,4199070.456032848,301004.07122514426,4122959.9307092507
maxwell woledzi__2001-07-02,,,,,,,,,,1793499.3273043542,1542920.6671900041,1727614.8408497768,,,,,,,1688011.6117813783,129898.91470162006,1727614.8408497768
mayckel lahdo__2002-12-30,,,,,,,1898714.7112155247,,,,,1925499.9233674598,,,,,,,1912107.3172914921,18940.00514815362,1912107.3172914921
mayssam benama__2005-03-09,,,,,,,,716003.9754212131,,665176.8663494401,736190.7974776082,,,,,,,,705790.5464160871,36592.078413245574,716003.9754212131
mbala nzola__1996-08-18,M'Bala Nzola,FWD,5150000.000000002,4950943.655281237,,4477518.882091825,,,,,,4605832.75897633,4846029.637577569,,,,,,4720081.233481741,216833.01296315042,4725931.19827695
mbaye niang__1994-12-19,,,,,1516507.6041882832,1611104.5723576336,,1387716.6919067407,1493410.4765916418,,1500015.5185016945,,,,1657876.6265225648,,,,1527771.9150114264,95462.08038009932,1508261.5613449889
medon berisha__2003-10-21,,,,,2451204.348628486,2640155.737602236,,2659534.6852396787,,,,,,,,,2428216.2376552075,,2544777.7522814022,121940.80846732671,2545680.043115361
mees de wit__1998-04-17,,,,,,,,,,,,,1627057.8400027493,,,1681151.1173656743,,,1654104.4786842118,38249.72323992903,1654104.4786842118
mees hilgers__2001-05-13,,,,,3537028.540303099,,3386343.6208347194,,,,3354639.85052092,,,,,,,,3426004.0038862466,97448.02731692597,3386343.6208347194
mees hoedemakers__1998-02-18,Mees Hoedemakers,MID,1099999.9999999998,1479992.2358523775,1264790.1038516983,,,,1390347.8719222767,,1428187.394689786,1365385.6945888903,1329856.9432646835,,,,,,1376426.7073616188,75302.27672693876,1377866.7832555836
mehdi boukamir__2004-01-26,Mehdi Boukamir,DEF,762499.9999999997,757937.7219265442,,,606986.9674864534,,,,,,,,,,,,682462.3447064988,106738.30208981359,682462.3447064988
mehdi leris__1998-05-23,Mehdi Léris,MID,1749999.9999999998,1442597.6026751187,1506175.8860889124,,1149792.0081553524,,,1533074.2550573798,1330990.959296333,,,,1673683.146087086,,,,1439385.6428933637,180974.03683217382,1474386.7443820154
mehdi loune__2004-05-14,,,,,,,,617092.1957405709,,,,,,,,,,,617092.1957405709,,617092.1957405709
mehdi taremi__1992-07-18,,,,,,6990153.70914073,,6439576.739311286,,,,,,,,,,,6714865.224226008,389316.70893154095,6714865.224226008
melih bostan__2004-04-08,,,,,782905.2592599617,,,,,,742195.8040488723,,837816.0441965413,,,811211.3855671168,,,793532.123268123,40914.42238730246,797058.3224135393
melih ibrahimoglu__2000-07-17,,,,,,790473.4805836346,,741176.5290475447,,,,,792908.397653347,,721438.6188195777,,,,761499.256526026,35795.2871744703,765825.0048155896
melker ellborg__2003-05-22,Melker Ellborg,GK,649999.9999999995,896480.8265968553,,,831590.3316962594,,831689.0703149138,,,,,807655.9446477554,,,815515.4684902963,,836586.3283492161,35061.52547827651,831590.3316962594
melle meulensteen__1999-07-04,,,,,,,3006725.1563965143,3551345.369327723,,3555985.8977328674,3394769.2483322956,,,,,,3564652.7786032013,,3414695.69007852,238725.89168864992,3551345.369327723
melvin bard__2000-11-06,,,,,,,,,13255504.2925975,,,12487373.074818488,9798894.636112925,13007411.0161573,,,,,12137295.754921552,1591452.672237789,12747392.045487894
melvin zinga__2002-03-16,,,,,,,,,,848722.4605308556,,,811746.0219855374,,,,,,830234.2412581965,26146.29043952214,830234.2412581965
menno koch__1994-07-02,Menno Koch,DEF,562500.0000000003,740850.6110032869,696408.8701888983,,,,,,,720615.5338524529,,,,,,,719291.671681546,22250.427859683783,720615.5338524529
mergim berisha__1998-05-11,,,,,,,4596800.838048139,,,4331899.030425495,,,,4453442.601955778,,,4473585.786648762,,4463932.064269544,108458.98801989351,4463514.19430227
mergim vojvoda__1995-02-01,Mërgim Vojvoda,DEF,3900000.000000001,4924169.15425473,4783326.871832126,,,,,4736500.525673187,,4516310.154200677,,,,,,4606580.260574532,4713377.393307051,158194.42117902843,4736500.525673187
merih demiral__1998-03-05,,,,,,,,,,,16446843.55779584,,,,,,,,16446843.55779584,,16446843.55779584
merlin rohl__2002-07-05,Merlin Röhl,MID,12750000.000000002,11296617.745468682,,11695183.401326133,19665902.050555333,,,11504236.808607839,,,,,,,,,13540485.001489498,4086853.679225952,11599710.104966987
mert gunok__1989-03-01,,,,,,,,747446.2617415693,,757927.9225086026,,,,829445.6740789423,,,,,778273.2861097046,44625.39939277203,757927.9225086026
mert komur__2005-07-17,Mert Kömür,MID,4999999.999999999,5143621.0029735975,,,,,,,,,,5376121.423635491,5257011.8437653715,,,,5258918.090124819,116261.93157425418,5257011.8437653715
mert muldur__1999-04-03,,,,,,,,4538777.788130204,,,,,,,,,4401032.3141548345,3971854.653002241,4303888.251762426,295682.5779943835,4401032.3141548345
meschack elia__1997-08-06,Meschack Elia,MID,2849999.999999999,1689529.6540831947,,,,1634609.9392927315,,,,,,1502737.7087024294,,,,,1608959.100692785,96001.46798587544,1634609.9392927315
metehan altunbas__2003-01-07,,,,,,299082.47668500396,314285.827573515,,,,,281935.2952161419,,,,,,303633.51564178884,299734.2787791124,13468.237725254588,301357.9961633964
metehan mimaroglu__1994-07-07,,,,,975742.4884238683,1025904.2054032581,,,,,1010323.888508714,1004613.376901454,,,,,,,1004145.9898093236,20964.76186222582,1007468.632705084
mexx meerdink__2003-07-24,,,,,7529907.136170783,,,,,,,,,,,,,,7529907.136170783,,7529907.136170783
micah hamilton__2003-11-13,,,,,,,,1174328.5537232386,,,,,,,,,1190744.2915375275,,1182536.4226303832,11607.679526664057,1182536.4226303832
michael brouwer__1993-01-21,,,,,,519479.5198381941,,,,583991.2599827535,,,,,,,,,551735.3899104738,45616.68892236243,551735.3899104738
michael cuisance__1999-08-16,,,,,,,,,2396435.8978903904,,,,,2453391.852486075,2271725.079547531,,,,2373850.9433079986,92915.36055783585,2396435.8978903904
michael duffy__1994-07-28,,,,,,,,,1186261.5741050504,,,,,,1199532.228308485,,1154109.3191016873,1069491.7366044465,1152348.7145299173,58437.27274167592,1170185.446603369
michael folorunsho__1998-02-07,,,,,,7299906.96325764,,,7161362.894150498,,,,,,6386275.193709578,,,,6949181.683705906,492388.46669187926,7161362.894150498
michael frey__1994-07-19,,,,,2056304.1729610236,,,,,,,,,,2652432.1335426243,,,,2354368.153251824,421526.1233821568,2354368.153251824
michael golding__2006-05-23,,,,,,,,,768282.1377283112,,722594.5934732709,,,714891.6356973476,,,,,735256.1222996432,28859.524613987964,722594.5934732709
michael gregoritsch__1994-04-18,,,,,,,,,3936734.4676571465,,,,,,3796965.125875435,,,,3866849.7967662904,98831.84937582858,3866849.7967662904
michael kayode__2004-07-10,,,,,,,24857184.777446747,27633357.878666162,,,,,,30227095.865418054,,,,,27572546.173843652,2685471.992176024,27633357.878666162
michael keane__1993-01-11,,,,,,,3963889.7919369247,5041754.103285129,,,,,,4569990.672415541,,,,,4525211.522545864,540325.5940789988,4569990.672415541
michael lansing__1994-06-13,,,,,,,407430.96902347374,,,447082.3077994801,,441256.4595391402,,,,,,,431923.24545403133,21410.01706097551,441256.4595391402
michael obafemi__2000-07-06,,,,,,,,,,,,,,1314198.3568485111,,,1257528.4699937943,,1285863.4134211526,40071.66128404464,1285863.4134211526
michael olise__2001-12-12,Michael Olise,MID,109250000.0000001,110562713.24291922,,,,,,,116989417.50870478,99123344.90225188,103845322.90465719,,,,,,107630199.63963327,7807826.5131015815,107204018.0737882
michael opoku__2005-07-20,Michael Opoku,MID,312500.00000000023,397147.1767907839,,,,,,,386593.00951288495,,,,,373685.54887743253,,,385808.5783937005,11750.467872459187,386593.00951288495
michael rose__1995-10-11,,,,,,625741.468071669,,661431.3821769145,661218.4188294904,,531480.9471139128,,,,,665226.3943142848,,,629019.7221012543,56839.14687104442,661218.4188294904
michael santos__1993-03-13,,,,,1316017.4735852326,,,,,1471819.1387985144,1528400.887597563,,,,,,,,1438745.8333271034,109986.64140697806,1471819.1387985144
michael steinwender__2000-05-04,,,,,,,,,,,,,,1710338.3855731452,,,,,1710338.3855731452,,1710338.3855731452
michael svoboda__1998-10-15,,,,,,1258802.1841952119,,,,,,,,,,1202417.2764544196,,,1230609.7303248157,39870.15062009206,1230609.7303248157
michael verrips__1996-12-03,,,,,,581283.3934480041,,,615039.4622831221,,643031.9953690842,,,,617457.6914218143,,,,614203.1356305062,25338.404020101054,616248.5768524682
michael woud__1999-01-16,,,,,,,,,,291274.1424023316,,,270958.03962397244,252117.59546014207,,,,,271449.9258288154,19582.907244274502,270958.03962397244
michael zetterer__1995-07-12,,,,,5138915.799894024,,4368025.318123271,,,5224839.621002428,,,,,,,4695857.191492478,,4856909.48262805,399935.7100358586,4917386.4956932515
michal sadilek__1999-05-31,,,,,,,,,,,,,,7748642.416658045,,,,7412005.084164081,7580323.750411063,238038.5406070322,7580323.750411063
michalis kosidis__2002-02-09,Michalis Kosidis,FWD,899999.9999999995,1220301.3744298704,,,,,,,,,,,,,,,1220301.3744298704,,1220301.3744298704
michel aebischer__1997-01-06,Michel Aebischer,MID,4349999.999999996,4463110.936138963,,,,,,4363912.10203302,,,,,,4044975.6354868794,4540172.448199217,4758743.6274552895,4434182.949862674,261644.1100069558,4463110.936138963
michel stocker__1999-04-14,,,,,,569788.2275865178,,540778.8457879983,560828.6757583094,,525762.2260191771,,509942.7898293204,,,,,554744.677704355,543640.9071142796,22653.02285101166,547761.7617461766
michele castagnetti__1989-12-27,,,,,,615309.724190612,,,,,,,,,,588357.7380583759,,,601833.731124494,19057.93216054992,601833.731124494
michele cerofolini__1999-01-04,,,,,,,,,,,,818405.8071880697,,,,817962.9980975213,,855405.0689313897,830591.2914056602,21490.502234591142,818405.8071880697
michele collocolo__1999-11-08,,,,,,,,3276679.132347679,2745877.772832912,,,,,,,,2992990.7362662335,,3005182.5471489416,265610.61914978304,2992990.7362662335
michele di gregorio__1997-07-27,,,,,,19701099.781941015,,,,,,,,,,,,,19701099.781941015,,19701099.781941015
michele rigione__1991-03-07,,,,,,,,380008.62754167157,,367224.18071536196,,409660.359107237,,,,,,,385631.0557880902,21769.6137693427,380008.62754167157
michy batshuayi__1993-10-02,,,,,3851476.6947367415,,,,,,,,,,,,,,3851476.6947367415,,3851476.6947367415
mickael biron__1997-08-26,,,,,,,,,,,775683.5060872526,,,,,,,,775683.5060872526,,775683.5060872526
mickael nade__1999-03-04,Mickaël Nadé,DEF,1400000.0000000007,1858529.4193487368,1764627.3854942343,,,1903099.05176706,,,,,,,,,,,1842085.2855366773,70685.27245979111,1858529.4193487368
mickel miller__1995-12-02,Mickel Miller,DEF,499999.99999999977,750973.802807429,,,657117.1415982363,,,,,,,,,,,644672.8673660564,684254.6039239072,58114.57317261843,657117.1415982363
micky van de ven__2001-04-19,,,,,,,49226047.49954675,,,,,,,48097940.35150412,,,,46818142.24542133,48047376.69882407,1204748.7042700925,48097940.35150412
miguel almiron__1994-02-10,,,,,,,,,,,,,,,,,,5008532.763839021,5008532.763839021,,5008532.763839021
miguel borja__1993-01-26,,,,,,,,1820457.6642577525,,1844421.4358028146,,,,,,,,,1832439.5500302836,16944.945362318624,1832439.5500302836
miguel chaiwa__2004-06-07,,,,,,,,389298.18689576606,419477.1747021844,,,373437.4221157554,,,,,,408460.5218052615,397668.32637974183,20406.643556168987,398879.3543505138
miguel de la fuente__1999-09-03,Miguel de la Fuente,FWD,2050000.000000001,1712682.0807183653,,,1457686.0982323478,,,,,1634837.9841686294,,1521412.9790832035,,,,,1581654.7855506365,114008.64788265157,1578125.4816259164
miguel freckleton__2003-08-06,,,,,285956.3843187824,,,305344.9775186622,,,,,,,302620.0101285494,307460.38204142754,,,300345.43850185536,9795.175144260982,303982.4938236058
miguel trauco__1992-08-25,,,,,,1106927.7823721175,545949.0477746923,,,,,,,1260263.4713717077,,,1226846.9581356018,,1034996.8149135299,332612.55066978827,1166887.3702538596
miha zajc__1994-07-01,,,,,,,1332167.0059289897,,,,,,,1829746.6127776965,,,,,1580956.8093533432,351841.9141828568,1580956.8093533432
mihai popa__2000-10-12,,,,,,,,,,,,,,,,,,448432.87112865935,448432.87112865935,,448432.87112865935
mihai popescu__1993-05-07,,,,,,927885.9226725248,,1129201.144543121,,,,,,891605.1384551132,,,,,982897.4018902531,127994.77591501569,927885.9226725248
mihailo ivanovic__2004-11-29,,,,,2609151.433317031,,2493802.2670282484,,,,,3152800.8612031695,,,,,,,2751918.187182816,351932.58770418074,2609151.433317031
mihailo ristic__1995-10-31,,,,,,2540261.256930973,2278101.9171129633,,,,,,,,2450913.2547488026,,,,2423092.1429309133,133275.61877755926,2450913.2547488026
mihajlo cvetkovic__2007-01-10,,,,,,,3272496.0170255215,,3419919.13097513,,,3739380.287248236,2436466.4600542244,,,,,,3217065.4738257783,555688.6826152286,3346207.574000326
mijat gacinovic__1995-02-08,,,,,,,,1787182.8625193415,,1999994.5894957879,,2003249.4933840246,,,,,1985753.764006414,,1944045.1773513919,104850.49637686368,1992874.176751101
mika biereth__2003-02-08,,,,,20465916.592791803,19761272.92148017,,,,,,,19903494.73562771,,,20628124.887001168,,,20189702.284225214,421890.6661755216,20184705.664209757
mika godts__2005-06-07,Mika Godts,MID,13750000.000000024,11488450.671784908,,,,11163961.182611682,,,,,,,,,,11731707.130893385,11461372.99509666,284839.8951669125,11488450.671784908
mika schroers__2002-02-04,Mika Schroers,MID,600000.0000000003,782913.7997686939,,,,,,,,771583.6327181722,,,,816349.7128712358,,,790282.381786034,23274.932519286285,782913.7997686939
mikael anderson__1998-07-01,Mikael Anderson,MID,1800000.000000001,2515172.938015074,,,,,2331476.4457911276,,,,,2426911.114779584,,,2457916.927885615,2197074.709311542,2385710.4271565885,124696.20674622298,2426911.114779584
mikael egill ellertsson__2002-03-11,,,,,,,1482687.1549757863,2300114.940442327,,,,2307055.9671872053,,,2235911.7623079014,,,,2081442.4562283051,400452.9889089104,2268013.351375114
mikael ishak__1993-03-31,,,,,,2103520.8103981055,2245633.740635545,2447188.3622129923,2500560.209542015,,2392641.3751217327,,,,,2512666.7669720696,2737208.117968546,,2419917.054693001,203202.8503159128,2447188.3622129923
mikael mandron__1994-10-11,Mikaël Mandron,MID,387499.99999999977,474347.6647360883,507424.5845458764,,,,,,,,,,492591.71995234216,,,,491454.65641143563,16567.750032754375,492591.71995234216
mikael uhre__1994-09-30,,,,,,,2070886.582410623,2370427.5489779613,,,,,2023532.3834564935,,,,2126827.7023145095,2046192.0527545998,2127573.2539828373,141102.39706684224,2070886.582410623
mikayil faye__2004-07-14,,,,,,,2439039.5013135234,,3234077.622714104,,2615072.2013679473,,,,,,,,2762729.7751318584,417580.49875134823,2615072.2013679473
mike eerdhuijzen__2000-07-13,Mike Eerdhuijzen,DEF,2550000.0,4086038.0363248503,,,,,,3894237.734593096,,3829454.1137820114,,,,,,,3936576.628233319,133428.87154913653,3894237.734593096
mike maignan__1995-07-03,,,,,,,,,,,43970128.142209984,,,47236749.804038346,,,36163221.34186388,,42456699.76270407,5689780.94882109,43970128.142209984
mike penders__2005-07-31,,,,,,,14045400.41555238,,,,,,,,,11027878.645734487,,11359836.092077501,12144371.717788123,1654684.7188628092,11359836.092077501
mike te wierik__1992-06-08,,,,,,334447.8034139275,,326869.48222610203,,,,342931.82211307716,,366634.74068392086,306739.4785702164,,,,335524.6654014488,21950.86309851864,334447.8034139275
mike tresor__1999-05-28,Mike Trésor,MID,3799999.9999999995,4726242.581816851,,4840390.600561346,4050055.621150397,,,,,,,4295367.89758504,,,,,4478014.175278408,369432.9899634645,4510805.239700945
mike van der hoorn__1992-10-15,,,,,,,,1892775.1898022098,,,,2036139.0521481533,,2105384.6628489913,,,1992300.546674796,,2006649.8628685377,89053.38670846123,2014219.7994114747
mike van duinen__1991-11-06,,,,,,,,,,,,296170.726670958,,,,,,,296170.726670958,,296170.726670958
mike vestergard__1997-11-19,Mike Vestergård,MID,399999.9999999999,472100.2275664739,534964.9023701575,,417111.3231156156,,,477946.5806367804,,,,,,,,409689.5490283771,462362.5165434809,51065.89985217695,472100.2275664739
mikel gogorza__2006-09-27,,,,,,,2195066.437511294,,2197338.1404426447,,,,,,,,2073284.3503036795,1822420.0183688109,2072027.2366566071,176207.08584950722,2134175.393907487
mikel villanueva__1993-04-14,,,,,,1172506.4897578997,,,,,,1323895.4663173838,,,,,,,1248200.9780376418,107048.17192210253,1248200.9780376418
mikesteven bahre__1995-08-10,Mike-Steven Bähre,MID,537500.0000000003,657994.8716403091,640474.5564002583,,580567.9195245773,,,,,641103.0985477364,,,,642634.0295501356,,,632554.8951326034,29946.701840142945,641103.0985477364
mikey johnston__1999-04-19,,,,,,,,2920464.619229011,,,2904259.700719079,,,,,,,,2912362.159974045,11458.607766948158,2912362.159974045
mikey moore__2007-08-11,Mikey Moore,MID,11500000.000000019,11056252.519749127,,10282295.941574372,,8513462.130412562,,,,,,8280467.10558655,,,,,9533119.424330654,1352779.694929892,9397879.035993468
mikkel damsgaard__2000-07-03,,,,,,33115382.90250944,,,32954411.303682636,,,,,29354747.571286473,,,,,31808180.59249285,2126259.193058692,32954411.303682636
mikkel desler__1995-02-19,,,,,,,,2119190.36733082,,,,,,,,2394052.929291139,,,2256621.6483109794,194357.18145644918,2256621.6483109794
mikkel duelund__1997-06-29,Mikkel Duelund,MID,649999.9999999995,743341.6140961066,,659543.3435920384,,,661451.4314066656,697282.5513654987,,635550.5967604596,,,,,,,679433.9074441538,41974.74833366653,661451.4314066656
mikkel fischer__2004-03-23,,,,,,,,,,,,,,,,772493.942910424,,750971.6687400376,761732.8058252308,15218.54601243628,761732.8058252308
mikkel kaufmann__2001-01-03,,,,,,,,,,,,,,1655285.430325611,,,,1427935.0408134288,1541610.23556952,160761.00212946697,1541610.23556952
mikkel kirkeskov__1991-09-05,,,,,,,,,,,437933.89159459894,,,,396401.33994144906,413526.95216921583,405366.0680158735,,413307.0629302843,17845.55884382104,409446.51009254466
mikkel maigaard__1995-09-20,,,,,,,,,,1144111.3254915013,,,884154.0503814938,,,1064874.083271197,,,1031046.4863813972,133239.16824327267,1064874.083271197
mikkel rygaard__1990-12-25,,,,,,753967.0746557182,,810074.3506963311,686290.6447545037,,,,,722442.0282860248,,,,,743193.5245981445,52464.834616819484,738204.5514708715
mikki van sas__2004-02-29,,,,,,,,,,580299.1976889372,539915.351379562,,,,,,,,560107.2745342497,28555.69157575449,560107.2745342497
milan aleksic__2005-08-30,,,,,628189.2614484141,,,,,,,,,,,,,546241.9258140485,587215.5936312312,57945.5167272299,587215.5936312312
milan borjan__1987-10-23,,,,,1201876.5532796201,,,,,,,,,1300387.4204561845,,1085020.9579045507,,1215860.525206672,1200786.3642117567,88601.01305738078,1208868.539243146
milan iloski__1999-07-29,,,,,,1141076.644574923,,,,,1155183.0468393124,1175881.7275785874,,,,,,,1157380.4729976074,17506.28350089938,1155183.0468393124
milan skriniar__1995-02-11,Milan Škriniar,DEF,16500000.000000013,18882209.828861352,,,14689547.364833228,,,,,,,,,,,,16785878.59684729,2964660.0595405856,16785878.59684729
milan smit__2003-02-13,,,,,,,,,,,,,,,,,,1829221.608715572,1829221.608715572,,1829221.608715572
milan van ewijk__2000-09-08,,,,,,,,,,7456858.75667624,5916091.193696256,,,,7306375.860203089,,,,6893108.603525194,849460.7347396194,7306375.860203089
milan zonneveld__2003-10-08,,,,,,943588.5593853679,,908951.6778541753,,,919280.421530143,,878950.5088418038,,,,,,912692.7919028725,26773.636989503673,914116.0496921592
mile svilar__1999-08-27,,,,,,34770764.11021538,35933414.958539836,,,35116585.937862925,,,,,,,,,35273588.33553938,597014.709562931,35116585.937862925
milos kerkez__2003-11-07,,,,,,38500844.46095588,,37469106.8768717,,,41183331.08016047,,,42383152.44828197,,,,40784068.51701731,40064100.67665747,2020321.40534674,40784068.51701731
milos pantovic__2002-08-24,,,,,,,,,,3617945.716380295,3390837.0240333756,,,,,,,,3504391.370206835,160590.09642491603,3504391.370206835
milot rashica__1996-06-28,,,,,,,,,,8269150.006569899,,,,,,,,,8269150.006569899,,8269150.006569899
milutin osmajic__1999-07-25,,,,,,,,,,,2358841.074018458,,,,,,,,2358841.074018458,,2358841.074018458
mimeirhel benita__2003-11-17,,,,,,753212.0663391572,,778632.5504434443,,,,812244.9138863356,,,798714.5950428622,,854487.8832775126,790258.19074064,797925.0332883253,34162.16670345496,794486.3928917511
mingyang yang__1995-07-11,,,,,,,668422.8855273705,,647142.7977164575,674020.1752365704,,,,,,,,,663195.2861601328,14180.768736141406,668422.8855273705
mipo odubeko__2002-10-21,,,,,443494.2779678035,,396886.92069331487,,,,,,,444435.8978787177,,445486.40652873716,,,432575.87576714327,23806.546367965122,443965.0879232606
mirko antonucci__1999-03-11,,,,,,,,,1140801.5459819976,,,,,1185840.9641335823,,,,1082063.909911662,1136235.473342414,52038.985484512545,1140801.5459819976
mirko maric__1995-05-16,,,,,1139583.1898976443,,1354886.345002459,,1163968.4606440074,1193896.360591449,,,1299879.2861772608,,,,,,1230442.7284625643,92625.01049879697,1193896.360591449
mirko pigliacelli__1993-06-30,Mirko Pigliacelli,GK,1150000.0000000005,1017190.010878473,,,877545.9630001338,,,999800.8051715362,,1048605.0329956647,,1005991.7122844878,,1000228.227266617,,,991560.2919328188,58756.37366768958,1003109.9697755524
mirko topic__2001-02-05,,,,,,,,,,,,2110845.1461968785,2200311.1543399766,2121831.7538049757,,,,,2144329.351447277,48791.88537063702,2121831.7538049757
mirnes pepic__1995-12-19,,,,,522724.8562878084,,477084.14088080765,,567854.4704190627,,,560796.3727477598,,560486.4863683186,,,575395.4612365348,,544056.9646567153,37520.60124061033,560641.4295580392
miro muheim__1998-03-24,Miro Muheim,DEF,4000000.0000000005,5094549.675485931,,,,,,,,,,,,,,,5094549.675485931,,5094549.675485931
miroslav stevanovic__1990-07-29,,,,,1544823.3233272403,,,,,,1433516.9511048377,,,,1567919.5803082075,,,,1515419.951580095,71864.00619761077,1544823.3233272403
mirza catovic__2007-05-01,,,,,,,,747834.3156128807,,696526.6650142742,,,,,,,,,722180.4903135775,36279.987665024724,722180.4903135775
mitch pinnock__1994-12-12,,,,,604721.8454658873,,,,561141.0065661878,,,,467768.18361657613,,,,,,544543.6785495505,69969.13495572718,561141.0065661878
mitchel bakker__2000-06-20,,,,,,7808159.69507198,,,7503853.857427263,,,,7896902.807285204,,,,,,7736305.4532614825,206141.076197173,7808159.69507198
mitchell van bergen__1999-08-27,Mitchell van Bergen,MID,1299999.9999999993,1626552.723774949,,,,1605699.952246426,1587852.388463988,,,,,,,,,,1606701.6881617876,19369.60491151795,1605699.952246426
mithat pala__2000-08-15,,,,,,,,,,,,,,,,685372.8251334802,,,685372.8251334802,,685372.8251334802
mj williams__1995-11-06,,,,,,,,313689.4786808658,,,,293027.71730005974,266364.92157435534,,,,,,291027.372518427,23725.60770066588,293027.71730005974
modibo sagnan__1999-04-14,Modibo Sagnan,DEF,2849999.999999999,2582769.9748326503,,2552880.664969206,,,,,,,,,,,2690490.5646505035,,2608713.734817453,72380.45408938793,2582769.9748326503
mohamad sylla__1993-12-01,,,,,590603.120851674,,,,,548768.9155314657,,512070.50608623156,,,,,526714.0801082555,,544539.1556444067,34213.67310164942,537741.4978198606
mohamed abdelmonem__1999-02-01,,,,,,4703194.490385905,,,,,,4851794.146757103,,,,4837431.718196893,,,4797473.451779967,81963.1731919528,4837431.718196893
mohamed achi__2002-01-16,,,,,526676.8862271144,555753.6881093737,,,,552551.051678942,498141.20647617424,,,,,551919.5095798083,,,537008.4684142827,24661.20407467894,551919.5095798083
mohamed amoura__2000-05-09,,,,,,,,,,30291775.317838904,,,,,,,,,30291775.317838904,,30291775.317838904
mohamed badamosi__1998-12-27,,,,,574791.5946058079,589146.4251346065,,544925.8363049354,,,,,,,,,,,569621.28534845,22559.12658932633,574791.5946058079
mohamed bamba__2001-12-10,,,,,,,2402326.2832556516,,,2690021.725568241,,,,,,,,,2546174.004411946,203431.39817569513,2546174.004411946
mohamed bayo__1998-06-04,,,,,4635582.658312633,,3974344.118539825,4979306.6830627285,,,,4590089.6538937865,,,,4950732.056265035,,,4626011.0340148015,405065.8243401928,4635582.658312633
mohamed bechikh__2005-07-13,,,,,,506602.6908530711,,484508.8692406781,,,,496411.1878255857,,,516743.8955506942,,,,501066.66086750734,13811.31430041247,501506.93933932844
mohamed berte__2002-03-25,Mohamed Berte,MID,2150000.0,2403308.091973841,,2516559.9093989544,2009421.5151068913,,,,,2287147.2517777155,,,,,,2179373.508901995,2279162.055431879,196565.16472362017,2287147.2517777155
mohamed bouldini__1995-11-27,,,,,,,723336.2717247056,,748978.8610392275,758327.7165052977,,938629.4076301695,,,,,837370.9700347416,,801328.6453868285,87782.31404160384,758327.7165052977
mohamed daramy__2002-01-07,Mohamed Daramy,MID,6849999.999999996,4888736.637383631,,,,,,,,,,,,,,,4888736.637383631,,4888736.637383631
mohamed hamdaoui__1993-06-10,,,,,583012.5289194891,582177.2239397735,520214.98853078054,,587777.2495759366,,,,,,,,,654565.8826968203,585549.57473256,47577.91190697216,583012.5289194891
mohamed hassan fofana__2005-05-06,Mohamed Hassan Fofana,MID,150000.00000000006,232973.6094514054,,,,232125.42374160135,,,205267.3044758649,,,,,,,,223455.44588962392,15757.100647477955,232125.42374160135
mohamed ihattaren__2002-02-12,,,,,,4442157.439797603,,,,,,4445791.068841942,,,,4755797.073903044,,,4547915.194180862,180040.15594480163,4445791.068841942
mohamed jaouab__2002-05-14,Mohamed Jaouab,DEF,1050000.0000000007,1053176.6671440217,1110324.628854121,,,,,,984128.7907742836,,,,,,,1148422.3420230316,1074013.1071988645,71574.22349168135,1081750.6479990715
mohamed kaba__2001-10-27,,,,,,,,,,1972986.0168604725,,,1948816.0891888936,,,,,,1960901.0530246831,17090.719757361854,1960901.0530246831
mohamed kone__2002-03-07,,,,,1157841.4336172382,,,1122358.1076004084,,,,,1042764.5683194555,,,1198062.1798216903,,,1130256.5723396982,66019.59681392358,1140099.7706088233
mohamed nassoh__2003-01-26,,,,,,,,,,,,,,,,,1710662.5132746443,,1710662.5132746443,,1710662.5132746443
mohamed ofkir__1996-08-04,,,,,,,,,,238909.92646879097,,,213144.34837151103,,,246275.75199653642,,,232776.67561227948,17396.409143635377,238909.92646879097
mohamed salah__1992-06-15,,,,,,67995336.91118012,,,,,,68726038.98164302,,77612404.13286112,75964903.30248033,66284828.083351344,,,71316702.28230318,5106476.200254303,68726038.98164302
mohamed sankoh__2003-10-16,,,,,,,,736400.9409076963,,801261.8573271371,,,666974.8797088764,,,,,677816.0039615005,720613.4204763025,61811.886893096926,707108.4724345984
mohamed simakan__2000-05-03,,,,,,,,,,,33330533.984540526,,,,31538667.15276973,,,,32434600.568655126,1267041.1877283847,32434600.568655126
mohamed toure__2004-03-26,,,,,,1926837.7951587052,,1915460.8089478025,1909414.377308507,,,,1877126.714482314,,,1807905.602702192,,,1887349.059719904,48094.35548111475,1909414.377308507
mohamedali cho__2004-01-19,,,,,,,12541344.455709683,7933420.654479021,11242784.38267912,9752715.692709282,,9875542.853382563,,,,10243662.266355485,,8537692.32510821,10018166.090060482,1557013.110306831,9875542.853382563
mohammed el adfaoui__2008-02-28,Mohammed El Âdfaoui,MID,1299999.9999999993,427634.94068276073,,,,469249.7871099571,,,,,,,,485521.8712397459,441899.3351934798,,456076.48355648585,26143.703378787075,455574.56115171843
mohammed fuseini__2002-05-16,Mohammed Fuseini,MID,3750000.0000000023,2802656.5975258276,,,,3146905.110817557,,,,,,,,2932911.2992882426,,,2960824.3358772094,173813.4429053296,2932911.2992882426
mohammed kamara__1997-10-31,,,,,,,,,,,986384.5341602312,,1218102.6195247534,,,,,676077.8688697831,960188.3408515895,271960.26913603296,986384.5341602312
mohammed kudus__2000-08-02,,,,,,,,,,36500424.27807688,,,,,,,38253152.37933348,,37376788.32870518,1239365.9259747646,37376788.32870518
mohammed salisu__1999-04-17,Mohammed Salisu,DEF,11500000.000000019,14539482.177394865,,,,,,,,,,,,,,,14539482.177394865,,14539482.177394865
moise adilehou__1995-11-01,,,,,390045.34122165025,,466539.4403462586,358268.65035408386,388126.9185649064,,,,,,378756.3636742973,,,,396347.3428322392,41211.802076084634,388126.9185649064
moise bombito__2000-03-30,Moïse Bombito,DEF,11749999.999999994,13374242.953715708,12563670.813032502,,13444614.24259988,,,13557142.932182074,,,,13570247.109344073,,,,,13301983.610174848,420637.1004359871,13444614.24259988
moise kean__2000-02-28,,,,,,,48670685.5690294,,36651981.74891551,,,,,,,,,,42661333.65897246,8498506.972275194,42661333.65897246
moises caicedo__2001-11-02,,,,,,,,,110617953.4642288,,,,,,,107743501.10012253,,,109180727.28217566,2032544.7588572449,109180727.28217566
moncef zekri__2008-09-20,,,,,,,,,725577.3358912251,,,,,,828250.0378849627,,,,776913.686888094,72600.56382251742,776913.686888094
montassar talbi__1998-05-26,,,,,,3486872.101702726,,,,,,,4424731.096856919,,,,4228890.617161608,,4046831.271907085,494726.26531627326,4228890.617161608
mor ndiaye__2000-11-22,Mor Ndiaye,MID,587500.0000000002,693932.830654072,,,,,707609.5999210367,,,653444.0431288222,,,694846.154025294,,,,687458.1569323062,23519.810750469747,694389.492339683
morgan gibbswhite__2000-01-27,,,,,,,,34200176.60264799,,35881623.355691746,,,,34628789.34878404,,,,28549910.380348034,33315124.92186795,3255928.671502147,34414482.97571601
morgan guilavogui__1998-03-10,,,,,,,,,4876482.695439894,4113131.7068696087,,,3056948.1206154167,4471720.981399337,4376556.00208013,,,,4178967.9012808776,684568.3136594408,4376556.00208013
morgan poaty__1997-07-15,,,,,,1110666.152153708,,,,,,,,,,,,1058597.5367227236,1084631.8444382157,36818.071058243586,1084631.8444382157
morgan rogers__2002-07-26,,,,,,,,,,,,,,52659666.59230851,,,,,52659666.59230851,,52659666.59230851
moritz broschinski__2000-09-23,,,,,,,,,,,1768066.9038668987,,1797525.017216126,,1944128.877679008,,1990058.9207477048,,1874944.9298774344,108711.2457351813,1870826.947447567
moritz jenz__1999-04-30,Moritz Jenz,DEF,6749999.999999997,8830424.825785264,,,9038110.38214113,,,,,7890694.864822851,8689637.287861034,,,8737700.993346728,8276412.28768628,,8577163.440273881,418742.5093801984,8713669.140603881
moritz nicolas__1997-10-21,,,,,5280426.944110558,,,,,,5049852.123171111,,,,4969373.151466982,,,5131002.1408439,5107663.589898137,132738.18285831896,5090427.132007506
moritzbroni kwarteng__1998-04-28,Moritz-Broni Kwarteng,MID,1249999.999999999,1188454.2609878753,1239196.3257746836,,,,,,,,,1175714.091774196,,,,,1201121.5595122515,33583.38647832317,1188454.2609878753
morlaye sylla__1998-07-27,Morlaye Sylla,MID,3149999.9999999995,2736523.44706292,,,,,,3134630.144274201,,,,,2838131.5258983662,2780334.895499825,,,2872405.0031838277,179701.0460810643,2809233.2106990954
mortadha ben ouanes__1994-07-02,,,,,,,,,,,,,,,,,1251288.8488274752,,1251288.8488274752,,1251288.8488274752
morten frendrup__2001-04-07,,,,,,,,,10867236.755449869,10910249.590910224,,11682784.207489623,,10847172.211560199,,10354236.457203163,,,10932335.844522616,476799.27261770156,10867236.755449869
morten hjulmand__1999-06-25,,,,,,,40852479.592035264,,,,32152487.02025727,,,,,,,,36502483.306146264,6151823.743776809,36502483.306146264
mory diaw__1993-06-22,,,,,,,,,,,1119716.3517535955,,,,,,,,1119716.3517535955,,1119716.3517535955
mory gbane__2000-12-25,,,,,,,,1786971.8369138932,,1727520.1017590323,,,,,1764288.0111764756,1676599.9705500156,,,1738844.980099854,48187.952368681166,1745904.0564677538
mory konate__1993-11-15,Mory Konaté,DEF,1050000.0000000007,1653029.6566760885,,,,,,,,,,1598564.2892554903,1625153.6482364326,1540786.0471080889,,,1604383.410319025,47876.044270990875,1611858.9687459613
moses odubajo__1993-07-28,,,,,1065870.3339904873,,,1021465.3994384026,,,,1092022.099009615,1212318.137907712,,,,1220016.6181373417,,1122338.5176967117,89331.50390435019,1092022.099009615
moses opondo__1997-10-28,Moses Opondo,MID,462500.00000000006,482971.9166723862,,,,452843.94732249016,,,,,,479105.9379333427,,,,,471640.60064273974,16392.744734605007,479105.9379333427
moses simon__1995-07-12,,,,,,,,,,,8701461.646386674,,,8101487.264640426,7736022.488478835,,,,8179657.133168645,487443.42047538044,8101487.264640426
mostafa mohamed__1997-11-28,,,,,,,2085043.3110405374,,,2401247.67205937,,,,,,2268810.655673929,,,2251700.5462579452,158795.04515255592,2268810.655673929
mouctar diakhaby__1996-12-19,Mouctar Diakhaby,DEF,4500000.000000002,7546202.091108372,6538662.196032923,,,,,,,,,,,,,6720938.248082137,6935267.511741144,536877.0203571961,6720938.248082137
mouez hassen__1995-03-05,,,,,603834.1661522673,,540346.2493662395,,,,,,,,,,,,572090.2077592534,44892.73648280744,572090.2077592534
mouhamadou drammeh__1999-05-15,,,,,,,375431.3668440082,,,,,,,,,,398700.16760423855,,387065.76722412335,16453.526807637565,387065.76722412335
mouhamed belkheir__1999-01-02,,,,,,,,,,,,,,1704940.807403091,1739435.741811844,,,,1722188.2746074675,24391.60203701438,1722188.2746074675
mounaim el idrissy__1999-02-10,Mounaïm El Idrissy,MID,825000.0000000006,899153.8178160774,,,,,,,,,,,,,,,899153.8178160774,,899153.8178160774
moussa cisse__2003-04-29,,,,,,,,,,,965070.0554448843,,,954285.2473105597,,,,,959677.651377722,7626.010965576774,959677.651377722
moussa diaby__1999-07-07,,,,,,34479269.326966,41945064.26532415,,,,,40573918.84414819,48938943.39892153,,,40592080.2403979,,,41305855.215151556,5155582.020625499,40592080.2403979
moussa diakite__2003-11-04,,,,,1982084.5807828605,,,,,,,,,,,2048838.4349427666,,2304167.985549948,2111697.0004251916,169993.61560797264,2048838.4349427666
moussa diarra__2000-11-10,,,,,,2591515.3811193774,,,,,2367413.42366779,,,,2694151.83839217,,,,2551026.8810597793,167089.75699293282,2591515.3811193774
moussa djitte__1999-10-04,Moussa Djitté,FWD,1249999.999999999,805958.1230801252,786181.5622447846,769825.3245381949,,,,,838919.3542145806,,,,,807450.4000854451,,815323.3104509496,803943.0124356799,23869.243165797103,806704.2615827852
moussa kyabou__1998-04-18,,,,,,529168.2524190753,,,,,521067.4333461264,,,,,,,,525117.8428826008,5728.144099647519,525117.8428826008
moussa mane__2003-11-19,,,,,,,,,,563392.0867863141,,,562467.0793883692,,,,604196.7101091256,639239.9787183756,592323.9637505461,36835.49744040667,583794.3984477199
moussa ndiaye__2002-06-18,Moussa N'Diaye,DEF,4150000.000000003,5088583.873208614,,,,5368806.16050924,5419031.8343018545,5490069.067817463,5194589.439986104,,,,,,5732965.790100927,5574831.5396858165,5409839.672230003,219611.6861291148,5419031.8343018545
moussa niakhate__1996-03-08,,,,,,12449179.247370612,,,12936090.938706566,,,13048315.897057835,,,,,,,12811195.361045003,318497.0333286779,12936090.938706566
moussa sissoko__1989-08-16,,,,,,,,662082.4624830451,,,,,,,,,,,662082.4624830451,,662082.4624830451
moussa soumano__2005-07-09,,,,,,,,,,,,,,,1314990.9624376448,,,1329054.359811682,1322022.6611246634,9944.323649702781,1322022.6611246634
moussa sylla__1999-11-25,,,,,,,,,,2487379.5271941647,,,,2382514.662027831,,2336292.3872907427,,,2402062.192170913,77417.11963170722,2382514.662027831
moustapha mbow__2000-03-08,,,,,,,,,,,3585328.6169241737,,,,2883329.3711284376,,,2807140.9694370367,3091932.9858298823,428987.8841241007,2883329.3711284376
muhamed buljubasic__2004-07-04,,,,,,,,,,,,,307065.9853362057,409827.9537909179,,,,,358446.9695635618,72663.68474240508,358446.9695635618
muhammed cham__2000-09-26,,,,,4981218.196350525,,4020949.5664098673,,,,4155924.7687727553,,3130775.2634860273,,,3815419.012261435,,,4020857.3614561222,666143.2283425896,4020949.5664098673
muhammed damar__2004-04-09,,,,,,,,,,5213550.331114535,,5410304.6420527585,,5105799.954290187,6570843.256460608,,,,5575124.545979522,675678.1374668801,5311927.486583646
muhammed kadoglu__2007-01-01,Muhammed Kadıoğlu,DEF,275000.0000000002,302106.1946804528,,,346975.281451255,,317316.6223444999,,,294027.6467923646,,,,,,,315106.4363171431,23336.879703592058,309711.40851247637
muhammed sengezer__1997-01-05,,,,,1568975.5511706218,,,,,,,1687588.989723085,1628480.0804674646,1539123.5243139912,,,,,1606042.0364187905,65841.68640234924,1598727.8158190432
muharrem cinan__1998-05-13,,,,,,,,,,,,,,272748.6587039255,234162.38161992782,,,,253455.52016192666,27284.618186837837,253455.52016192666
mukhammadali urinboev__2005-04-24,,,,,,,925452.0269407963,,,,,,,,,,,599591.9888869631,762522.0079138797,230417.84262557185,762522.0079138797
mukhtar ali__1997-10-30,,,,,,1053706.682794794,,,,,,929288.2187814731,735680.9750347328,899241.844811851,,805014.984797378,,,884586.5412440458,121777.60510345394,899241.844811851
munashe garananga__2001-01-18,Munashe Garananga,DEF,2199999.9999999995,1742697.6570353273,,,,,1858249.9365126987,,1890458.1390530367,,,,,,,,1830468.5775336875,77699.05367227433,1858249.9365126987
musa barrow__1998-11-14,,,,,,18146328.119832497,,,,18407195.380971536,,17310190.553205952,7313519.787407642,17210794.972000815,,16785665.74927563,,,15862282.427115679,4231840.028265329,17260492.762603384
musa toure__2005-11-12,,,,,,,,,385909.91079279024,,,329548.0428883103,397490.6177102367,338989.57015430735,,,,,362984.5353864111,33714.48720222739,362449.74047354877
mustafa eskihellac__1997-05-05,,,,,1691294.3858389158,,,2149785.6656339704,,,,,,,,,,,1920540.0257364432,324202.2930579818,1920540.0257364432
mustapha bundu__1997-02-28,,,,,,,,1771622.8392826275,,,,,,,1776439.91533553,,,,1774031.3773090788,3406.1871424986857,1774031.3773090788
mustapha isah__2004-07-23,,,,,,,,,763995.159930072,,655953.1798497199,,,,,,,,709974.169889896,76397.2167676389,709974.169889896
myenty abena__1994-12-12,,,,,,,,1374633.299468008,,,1279972.6867805913,,,,,1260950.356796181,,,1305185.4476815935,60891.01204463437,1279972.6867805913
mykola kovtalyuk__1995-04-26,Mykola Kovtalyuk,FWD,437499.9999999996,471677.4069521429,,,,,539758.8266556239,502748.3521978798,,514265.87536436034,,,,,,,507112.61529250175,28234.99618384371,508507.11378112005
myles lewisskelly__2006-09-26,,,,,,,,,,,24198453.994079877,,,,,31237644.308083728,,,27718049.1510818,4977459.205094786,27718049.1510818
myles peartharris__2002-09-18,,,,,,,712170.097677572,1950291.7165945817,,,,1716209.4126829312,1784497.2904416726,,,,,,1540792.1293491893,561090.5488900014,1750353.3515623019
myron boadu__2001-01-14,Myron Boadu,FWD,6749999.999999997,9425070.831544079,,,,,,,,8638120.97205781,,,,,,,9031595.901800945,556457.5820965414,9031595.901800945
myron mauasam__2004-04-01,,,,,,,109927.63870843576,,,,,,,,269722.9346457011,,254221.04196848514,316387.87447875354,237564.8724503439,89099.0049200601,261971.9883070931
myron van brederode__2003-07-06,Myron van Brederode,MID,4250000.000000002,4474986.409493454,4359428.640208725,,4351731.259222162,,,,5151358.518271008,,,,4888162.739764542,,,,4645133.513391977,357767.0871927936,4474986.409493454
myrto uzuni__1995-05-31,,,,,,3721238.4118542126,3063594.974769081,,,,,,,,4306414.149978813,,4242788.598824936,3784960.3360236837,3823799.2942901454,499601.5769965319,3784960.3360236837
myziane maolida__1999-02-14,Myziane Maolida,MID,2950000.000000002,4482475.039831738,,,,,,4522881.155787345,3998233.981731722,,,4507300.049320533,,4476955.0221472625,,,4397569.04976372,224010.97768895436,4482475.039831738
naatan skytta__2002-05-07,,,,,,5910913.406260827,,5820808.739293916,5337592.68601433,,,,,,,5648628.644892928,,,5679485.8691155,252569.44624029592,5734718.692093423
nabil alioui__1999-02-18,,,,,,,,,,,,,,1198251.1286457106,,,,,1198251.1286457106,,1198251.1286457106
nabil bahoui__1991-02-05,,,,,,,,267835.356316516,,,,,,,,,,,267835.356316516,,267835.356316516
nabil bentaleb__1994-11-24,,,,,,,,7707856.67480855,,8037871.091413146,,,,,,,,8432410.497338288,8059379.42118666,362755.45016284514,8037871.091413146
naby keita__1995-02-10,Naby Keïta,MID,2100000.000000001,2017734.5430017074,,,,,,2065653.429384263,2076940.5155776953,,,,,,,,2053442.8293212221,31435.02604725838,2065653.429384263
nachon nsingi__2001-04-24,Nachon Nsingi,FWD,850000.0000000005,1222287.904304615,,,,1294168.9849862661,1279709.2266441076,,,,1311365.5781616585,,,,,,1276882.9235241618,38628.42435577296,1286939.1058151869
naci unuvar__2003-06-13,,,,,,,,,,,,,,,,,2015374.0432020533,,2015374.0432020533,,2015374.0432020533
nadiem amiri__1996-10-27,,,,,,,,18433553.144934565,,,,,,,19863252.969804652,,18404660.19393196,,18900488.76955706,833903.399449361,18433553.144934565
nadir zortea__1999-06-19,,,,,,,,,,,,,,,,,5169557.838994306,,5169557.838994306,,5169557.838994306
nahitan nandez__1995-12-28,,,,,,,,,,7562917.4599687625,,,,6721109.525893273,,,,,7142013.492931018,595248.0986414169,7142013.492931018
nahki wells__1990-06-01,,,,,,,,,,449139.90816615,,,,,,,,458277.1343352774,453708.52125071373,6460.994585425197,453708.52125071373
nahuel estevez__1995-11-14,,,,,,1730516.472414555,1768454.5609167009,,,2022609.6312165416,,,,1863008.782561583,,,1820374.2768925095,,1840992.744800378,113315.17490001173,1820374.2768925095
nahuel molina__1998-04-06,,,,,,,,9789522.457681762,,11395448.318329804,10425108.501862861,,,,,,,,10536693.092624808,808756.9524561578,10425108.501862861
nahuel noll__2003-03-17,,,,,,,,1017307.9682783054,,,,,,1065894.5474785443,1019676.8031563378,,,,1034293.1063043958,27393.26847753331,1019676.8031563378
nahuel tenaglia__1996-02-21,Nahuel Tenaglia,DEF,6000000.0,7407048.849877921,,,,,,,7217761.778127094,,,,,,7412683.7062582765,,7345831.44475443,110947.36379984276,7407048.849877921
nail mouthasebtaoui__2005-11-17,,,,,,,,,,563527.3714939344,473213.80009200226,,,,,,,,518370.58579296834,63861.33877148168,518370.58579296834
nais djouahra__1999-11-23,,,,,,,,,1593819.2893594638,,1459216.2061969289,,1472322.1148954448,,1504202.7426437906,,,,1507390.088273907,60637.31426465767,1488262.4287696178
nampalys mendy__1992-06-23,,,,,,,1490157.4717443334,1891631.3655585686,,,,1834314.6193691886,1550922.9360254412,,,,,,1691756.598174383,200623.22914317306,1692618.777697315
nando pijnaker__1999-02-25,,,,,,,640147.2654093406,,,,,860533.754902928,,,,,,813630.7203340483,771437.2468821057,116093.79005477262,813630.7203340483
nando verdoni__2003-07-09,Nando Verdoni,GK,212500.00000000017,238004.06239785158,,,,223362.01606796263,242096.57312035485,,,221761.3025469452,,,,,,,231305.98853327855,10255.220432110511,230683.03923290712
naouirou ahamada__2002-03-29,,,,,,,1776370.1855373224,,,,,1713089.7336219414,,,,,,,1744729.959579632,44746.03666591516,1744729.959579632
nasser djiga__2002-11-15,Nasser Djiga,DEF,4650000.000000001,2930352.7987815044,,,,3036831.46659981,,2844464.3243902456,,,,3110077.6155671724,,,,,2980431.551334683,116881.73605990359,2983592.132690657
nassim boujellab__1999-06-20,,,,,,,,,,560462.5899969273,,,494883.4309183122,,467837.2557537262,,,,507727.7588896553,47629.77752092435,494883.4309183122
nassim chadli__2001-07-28,,,,,,,,753533.4055621108,,779009.7106572152,,,,,,,810713.7050250549,,781085.6070814603,28646.617097680744,779009.7106572152
nathan ake__1995-02-18,,,,,,22431985.324468546,,,,,,,21341680.986307465,,,,22524948.240472164,,22099538.183749393,657967.4571921264,22431985.324468546
nathan baxter__1998-11-08,,,,,,659121.1253566599,,,,,,696938.70427113,,,,,,,678029.914813895,26741.066498479242,678029.914813895
nathan bishop__1999-10-15,,,,,,,,,,,488054.4608174106,529441.1673646673,,514072.5280645224,,532299.6444904042,,,515966.95018425107,20256.746446101755,521756.84771459486
nathan broadhead__1998-04-05,Nathan Broadhead,MID,2849999.999999999,5199378.857291353,,,,,,,,,3825188.696621806,,4756314.782847379,,,3266965.3440230186,4261961.92019589,876341.6955716521,4290751.739734593
nathan buayikiala__2004-02-29,,,,,,,,,,,637211.1953960302,,,,,,,,637211.1953960302,,637211.1953960302
nathan collins__2001-04-30,,,,,,,,25357947.98634535,,,27672826.801744368,24444135.284088187,,,,,,,25824970.024059307,1664239.8916109153,25357947.98634535
nathan de cat__2008-07-19,,,,,,,,2204659.973532672,,1974673.5256800037,,,,,,2184544.943148488,,2063737.2745160172,2106903.9292192953,107908.31129897262,2124141.1088322527
nathan moriahwelsh__2002-03-18,,,,,,,,,,415182.447114942,,,,367671.74692938454,,,,,391427.0970221633,33595.13828012865,391427.0970221633
nathan ngoumou__2000-03-14,,,,,,,2374217.690805958,,3207183.097728498,,,,,,,3057234.2839011424,,,2879545.0241451995,444002.19262619555,3057234.2839011424
nathan ngoy__2003-06-10,,,,,,,,5304051.9016344,,,,5348484.716609892,,,,,5863868.04849954,,5505468.222247944,311177.43387743004,5348484.716609892
nathan patterson__2001-10-16,,,,,,,,2886007.963638545,,,,,,2986888.617175638,,,,,2936448.2904070914,71333.39420660927,2936448.2904070914
nathan redmond__1994-03-06,,,,,,,,,,,,,,,,1494817.1179149274,,,1494817.1179149274,,1494817.1179149274
nathan rodes__1997-12-11,,,,,,,661795.5667492353,,,,,755850.2499006849,,,813001.9468204061,,,,743549.2544901088,76350.03739111793,755850.2499006849
nathan tella__1999-07-05,,,,,,,,12475614.212970434,,,,11755223.778703555,,,,11108409.125248397,,9793607.454534102,11283213.642864123,1139312.0590389878,11431816.451975975
nathan trott__1998-11-21,,,,,,,,1455027.3256863332,,1794934.1516080473,,,1377535.0020871263,,,,,,1542498.8264605023,222022.43150402876,1455027.3256863332
nathan wood__2002-05-31,,,,,,1592464.2159873007,,,,,,,,,1590810.2547371904,,,1569919.7733967502,1584398.0813737472,12565.824619251853,1590810.2547371904
nathan zeze__2005-06-18,Nathan Zézé,DEF,5500000.000000001,5729993.864242921,4998429.272759816,,,5868784.941744873,,,,,,6103993.701103587,,,,7158500.861600127,5971940.528290265,781387.6907397042,5868784.941744873
nathanael mbuku__2002-03-16,,,,,,,2107543.8142261608,2285939.8108703895,,2092943.7062401634,,2196183.310590107,,,,,,,2170652.6604817053,89376.26303950566,2151863.562408134
nathandylan saliba__2004-02-07,,,,,,,3123251.677815399,,3103084.4379422762,3249061.45984923,3318682.0206503607,,,2990397.5958663905,,,,,3156895.438424731,128858.9652206186,3123251.677815399
nathaniel adjei__2002-08-21,,,,,,,,,1549482.1428074618,,,,,1523591.2909317075,,,,,1536536.7168695848,18307.596932042314,1536536.7168695848
nathaniel atkinson__1999-06-13,,,,,1229391.0428547575,1085036.8419343343,1255574.967601898,1093600.5002184508,,1135286.0730909307,,,799867.9481723603,,,,,,1099792.8956454552,162809.43482936785,1114443.2866546907
nathaniel brown__2003-06-16,,,,,,22808445.361428868,,,,,26830081.60507698,,,,,,22563105.314764824,,24067210.760423556,2395858.8048549974,22808445.361428868
nathaniel chalobah__1994-12-12,Nathaniel Chalobah,MID,1499999.9999999986,1643388.1472743405,1765180.4142296389,1584479.0830630136,1598044.478915256,1620289.9021466093,1763396.333712443,,,,,,1912109.1886016526,,,,1698126.792563279,120091.58947259377,1643388.1472743405
nathaniel clyne__1991-04-05,,,,,,,,,,,,,,809461.0157975057,,,,,809461.0157975057,,809461.0157975057
nathaniel mendezlaing__1992-04-15,,,,,,581867.5906027647,435908.12703899085,485002.5255355666,,,566011.9188731129,,,610112.8049337034,,,,,535780.5933968277,72656.97443397307,566011.9188731129
nayef aguerd__1996-03-30,,,,,25888557.34986117,,,,23191545.165104724,,22069236.744105935,,,,,,,,23716446.41969061,1963018.9677346507,23191545.165104724
nazar voloshyn__2003-06-17,,,,,,,,,,3706350.53526806,,,,,,,,,3706350.53526806,,3706350.53526806
nazariy rusyn__1998-10-25,,,,,959040.4465262686,,521741.8735534641,,,,,,,,,,,,740391.1600398663,309216.7863522704,740391.1600398663
neal maupay__1996-08-14,,,,,,,,,,,,,,,,,5814363.593554444,,5814363.593554444,,5814363.593554444
necip uysal__1991-01-24,Necip Uysal,DEF,349999.9999999997,444946.7982240468,,,,,,,,407909.9390686167,,,,,,,426428.3686463318,26189.0142626557,426428.3686463318
neco williams__2001-04-13,,,,,,27700002.816821914,,,,,,,20987937.139510218,,,,,,24343969.978166066,4746147.1561965775,24343969.978166066
nectarios triantis__2003-05-11,,,,,,,,,,,,,,3341947.2433207305,,,,,3341947.2433207305,,3341947.2433207305
nediljko labrovic__1999-10-10,Nediljko Labrović,GK,2800000.000000002,3044601.9997665524,,3038611.085992266,2970198.237875243,,,,,,3238740.641626966,,2979433.562598603,,,,3054317.105571926,108439.65129704695,3038611.085992266
nedim bajrami__1999-02-28,,,,,,,2082673.8889048859,,,,,,,,4114426.336741756,,,3055058.5037372783,3084052.90979464,1016186.5030641487,3055058.5037372783
nehemiah fernandez__2004-12-11,,,,,,,,,,,611564.7970100798,,,,,,,,611564.7970100798,,611564.7970100798
nehuen perez__2000-06-24,,,,,,,,,11170207.370390275,,,,,11877795.639419863,,,,,11524001.50490507,500340.46331887244,11524001.50490507
neil el aynaoui__2001-07-02,,,,,,,,,13646760.973325353,,,,,,,15097691.404651769,,,14372226.18898856,1025962.7470208306,14372226.18898856
neil farrugia__1999-05-19,,,,,,578639.9770314294,,,,,,,,,,,522865.18623298407,,550752.5816322067,39438.73279284176,550752.5816322067
nelson deossa__2000-02-06,,,,,,9141602.69797402,,7859784.357934286,,,,,,,,,,,8500693.527954154,906382.4404913803,8500693.527954154
nelson weiper__2005-03-17,Nelson Weiper,MID,6950000.000000006,4645394.467181618,,4270346.584462053,,4019764.1570604458,,,,,,,4073863.9104992673,3974524.368193857,,,4196778.697479448,275003.4191082348,4073863.9104992673
nemanja matic__1988-08-01,,,,,3094146.843468202,3338487.171245263,,,,,,,,,3039753.9798482256,,,,3157462.664853897,159113.3238885847,3094146.843468202
nemanja mijuskovic__1992-03-04,,,,,,,,,,,,,,,,259291.40366128722,,,259291.40366128722,,259291.40366128722
neraysho kasanwirjo__2002-02-18,,,,,,,,,,1959748.1152018753,1964892.3091806474,1892024.2982971638,,,,,,1644936.744953895,1865400.3669083954,150679.7780206374,1925886.2067495196
nesta elphege__2001-01-09,,,,,,,,,,658786.8159638714,,664981.8534801588,,,,,,,661884.3347220151,4380.553037471896,661884.3347220151
nesto groen__2004-07-22,Nesto Groen,FWD,324999.9999999999,317064.7860878934,280708.4916128157,,272362.8358403825,,,,,,,,284858.345883505,,298760.2813549664,,290750.9481559126,17537.558656304904,284858.345883505
ngalayel mukau__2004-11-03,Ngal'ayel Mukau,MID,11749999.999999994,7426847.475588171,,,8036123.050981174,,8853880.742392166,,6904563.267310368,8911931.445446422,,,,7426110.797931675,,,7926576.129941662,823106.8020475024,7731485.263284672
ngolo kante__1991-03-29,,,,,,,,,,,,,,,18665443.646573137,,,,18665443.646573137,,18665443.646573137
nhoa sangui__2006-02-27,,,,,2287039.4959074985,,2994361.2057558005,3607538.4436761006,,,,,,,,,,,2962979.715113133,660808.5700342521,2994361.2057558005
niall ennis__1999-05-20,,,,,968017.5977763389,,,,,,817002.4078002753,,962732.2876769719,,,,,958291.0371533298,926510.832601729,73113.79684406423,960511.6624151508
niall huggins__2000-12-18,,,,,,,1066166.1064470634,1245336.923268947,,,,,,,1205227.3528421647,,,,1172243.460852725,94029.2414530369,1205227.3528421647
niccolo belloni__1994-07-10,,,,,,,,,,,,,,,,465985.7480683013,,,465985.7480683013,,465985.7480683013
niccolo fortini__2006-02-13,Niccolò Fortini,DEF,5450000.0,2631207.864720964,2328974.618997837,,,,,,2614273.504373535,3312125.7538840147,,,,,,,2721645.4354940876,417358.78343602736,2622740.684547249
niccolo pierozzi__2001-09-12,,,,,,2406074.734741047,,2217045.4108680533,,,,,,,2348519.4163076407,,,,2323879.853972247,96893.51033495537,2348519.4163076407
niccolo squizzato__2002-01-07,,,,,,,,,,,,,1020464.9269494924,,,,,,1020464.9269494924,,1020464.9269494924
nicholas bonfanti__2002-03-28,Nicholas Bonfanti,FWD,1450000.0000000002,1573131.0106301655,,1628976.2398834564,,,1521828.6348455553,1726543.4379290682,,,,,,,,,1612619.8308220613,87651.82743987252,1601053.6252568108
nicholas mickelson__1999-07-24,,,,,,,,,,725725.8299249924,,,,736968.269946302,726914.8597757642,,,,729869.6532156862,6176.262430680951,726914.8597757642
nicholas opoku__1997-08-11,,,,,,,,,,,,821923.2970415795,,867639.328837973,,,,,844781.3129397762,32326.116092169632,844781.3129397762
nicholas pennington__1998-12-18,,,,,,,,624497.150876425,,,,,,,,,,,624497.150876425,,624497.150876425
nicholas pierini__1998-08-06,Nicholas Pierini,MID,1425000.0000000007,2293574.04748097,,,,,2181658.0228313296,,,,,1968005.6334181363,,,,,2147745.9012434785,165412.2790236236,2181658.0228313296
nick batzner__2000-03-15,Nick Bätzner,MID,1200000.0000000005,988487.9752593784,1093756.7404476425,,,,930484.3961489046,986905.1240018817,,,,,,,,,999908.5589644518,68133.97244481367,987696.5496306301
nick fichtinger__2004-04-06,,,,,,,973763.1043560633,,,,,1125043.8390064745,,,,,,,1049403.471681269,106971.63333418846,1049403.471681269
nick olij__1995-08-01,,,,,4493719.136950696,,,,,4566516.500094919,,,,,,,4451344.247762163,,4503859.961602592,58251.94563544991,4493719.136950696
nick pope__1992-04-19,,,,,,,,,,,6920067.725534493,,,,,,6489978.035231603,7578549.0612972295,6996198.274021109,548264.1835894875,6920067.725534493
nick powell__1994-03-23,Nick Powell,MID,687500.0000000002,447510.7406719553,,,,,,,,,,507697.7864995384,,,,,477604.26358574687,42558.668244269524,477604.26358574687
nick suman__2000-02-28,,,,,,,,,,205247.6030082321,173523.6299638003,,,,,190732.29081746272,,,189834.5079298317,15881.030414174993,190732.29081746272
nick verschuren__2005-01-13,,,,,1264390.674760454,,,,,,,1113660.9927002261,1193476.874432234,,,,,,1190509.5139643047,75408.6413125467,1193476.874432234
nick viergever__1989-08-03,,,,,,,531940.674757138,,,,,,,,,,,,531940.674757138,,531940.674757138
nick woltemade__2002-02-14,,,,,,,46791796.3106418,,,,,,,,,,,,46791796.3106418,,46791796.3106418
nicky beloko__2000-02-16,,,,,1100618.4896599173,,,1176983.9594825502,1106731.4058243185,,,,,,,1108783.6671142527,,,1123279.3805202595,35970.63130660827,1107757.5364692856
nicky cadden__1996-09-19,,,,,,,935126.9365843852,,,,,,,951185.0445784302,,,948285.7412925229,,944865.9074851127,8557.870970038743,948285.7412925229
nicky devlin__1993-10-17,,,,,634769.9404687504,,,,,778534.8890342752,,,,,827853.5694525054,866271.2234648905,,,776857.4056051053,101303.34191747037,803194.2292433903
nicky hogarth__2001-07-04,Nicky Hogarth,GK,134999.99999999997,142373.02990810716,,141013.3300026257,152898.3585382443,137035.11031994657,,,,,134458.85556065736,122482.43875729675,137834.20974646916,,,131036.27845339909,137391.45141084326,8863.958414966999,137434.66003320785
niclas eliasson__1995-12-07,,,,,6815988.230375119,7365565.810613233,,,7885029.987803202,,,,,,,,8238307.361504208,,7576222.847573941,620765.8747738845,7625297.899208218
niclas fullkrug__1993-02-09,,,,,,,,,,7520181.078866802,,,6786553.264774799,,7398316.696664469,,,,7235017.013435356,393131.6984286549,7398316.696664469
niclas thiede__1999-04-14,,,,,,,,,,,,,,742620.0161244273,,,,,742620.0161244273,,742620.0161244273
nico gonzalez__1998-04-06,,,,,,,14459734.394560719,15951571.409834908,,,,,,,,14703031.61979193,,,15038112.474729186,800377.2888736048,14703031.61979193
nico mantl__2000-02-06,,,,,,,2381341.64479365,,,,,,2458706.5310793524,2467761.4937028717,,,,,2435936.5565252914,47496.8564988001,2458706.5310793524
nico neidhart__1994-09-27,,,,,,509756.5559859608,517743.1891074088,,,,,490793.2685444043,,494714.29677542683,,,,,503251.8276033002,12654.593053325692,502235.4263806938
nico oreilly__2005-03-21,,,,,32919572.044992954,,,34093886.332305565,,,,,,32088650.696899313,,,,,33034036.358065944,1007506.3511468464,32919572.044992954
nico schlotterbeck__1999-12-01,Nico Schlotterbeck,DEF,57749999.99999994,55502600.038830414,,,,,,,,,,,60723650.94775128,64627237.74094114,,,60284496.242507614,4578143.285224738,60723650.94775128
nicola bellomo__1991-02-18,,,,,,,,500322.82872222894,,,,,,,,,,,500322.82872222894,,500322.82872222894
nicola leali__1993-02-17,,,,,779163.10228577,,,973075.4148883129,,885416.1769007429,,,,,,,811894.2459585537,,862387.2350083449,86135.5589375079,848655.2114296483
nicola mosti__1998-02-07,,,,,929689.9769133709,,,,,,,,,,912342.2602411342,,,,921016.1185772526,12266.688097041486,921016.1185772526
nicola ravaglia__1988-12-12,,,,,130158.9532690836,,,,,,,,146287.61909342243,,,,,161996.0915174189,146147.55462664165,15919.03126770108,146287.61909342243
nicola zalewski__2002-01-23,,,,,,,,,11000043.809728522,,,,,,,,,,11000043.809728522,,11000043.809728522
nicolae stanciu__1993-05-07,,,,,3685606.5152073177,,3604067.873660211,,,,,,,,,,3942437.239464913,3604929.5009309645,3709260.2823158517,160084.71593386255,3645268.008069141
nicolai fl__1995-09-25,Nicolai Flø,GK,425000.0000000002,440519.03591270605,,,,,,323184.9653561647,,,,,,,,,381852.0006344354,82967.7169547512,381852.0006344354
nicolai larsen__1991-03-09,,,,,474411.29299873085,,,448454.1857889111,,,,463496.6274725693,,,,459679.43559694366,,,461510.3854642887,10711.291548450867,461588.0315347565
nicolai poulsen__1993-08-15,Nicolai Poulsen,MID,899999.9999999995,1113614.6697129803,,1080178.2632541265,,,,,1152728.2705666677,,1095130.7591553496,,,1065916.9411817724,,1156718.2812222848,1110714.5308488635,37608.64740381028,1104372.714434165
nicolai remberg__2000-06-19,Nicolai Remberg,MID,3600000.0000000014,3549834.03520108,,,,,,3402096.5777988946,,,,,,,,,3475965.3064999874,104466.1579643441,3475965.3064999874
nicolai vallys__1996-09-04,Nicolai Vallys,MID,4550000.0,2858923.974107687,,,,,,,,,,,,,,2321781.9734935528,2590352.97380062,379816.75109436293,2590352.97380062
nicolas burgy__1995-08-07,Nicolas Bürgy,DEF,850000.0000000005,805829.9370365842,753318.4948959514,,,,,,,,,,,727875.2831381521,,,762341.2383568959,39752.85449848349,753318.4948959514
nicolas capaldo__1998-09-14,,,,,,,,,,,,,,3732818.675373904,,,,,3732818.675373904,,3732818.675373904
nicolas closset__2004-07-10,,,,,,,,189575.7926657712,,,,,,,,179762.8346646206,,,184669.3136651959,6938.809146112381,184669.3136651959
nicolas cozza__1999-01-08,,,,,,,,,,2197704.066403832,,,,,,,,,2197704.066403832,,2197704.066403832
nicolas dominguez__1998-06-28,,,,,,,,,,16510069.203681774,,,18235597.12132986,,,17058660.421417587,,,17268108.915476408,881625.2902414746,17058660.421417587
nicolas fonseca__1998-10-19,,,,,,,,,,,3374909.108828296,,3556261.2223704266,3102966.7802628777,,,,,3344712.3704872,228150.9260691899,3374909.108828296
nicolas freire__1994-02-18,,,,,,,,,,,,1089324.295007353,,,,,,,1089324.295007353,,1089324.295007353
nicolas haas__1996-01-23,,,,,,1180871.825472536,,,,,,,,,,,,1074503.5348819147,1127687.6801772253,75213.73957984956,1127687.6801772253
nicolas jackson__2001-06-20,Nicolas Jackson,FWD,34499999.99999998,37059051.78163635,,,,,,,,,,,,,,,37059051.78163635,,37059051.78163635
nicolas janvier__1998-08-11,,,,,,,,1334029.4595990034,,1459072.469449384,,,1532341.306404703,,,,,,1441814.4118176969,100276.00690487129,1459072.469449384
nicolas kuhn__2000-01-01,Nicolas Kühn,MID,14499999.99999999,15053873.711909836,,,,,17460709.732816156,15947051.974803466,,,17267243.34399711,,,,,,16432219.690881643,1138753.9415362475,16607147.659400288
nicolas lemaitre__1997-01-12,,,,,1162758.316531084,,,,,,,,,,,,,,1162758.316531084,,1162758.316531084
nicolas madsen__2000-03-17,,,,,,,,,,,,,2606627.1849668706,,,,,,2606627.1849668706,,2606627.1849668706
nicolas milanovic__2001-11-14,,,,,,,,,,,,2300025.3577821,,2189521.0174437165,,,2238336.0039475155,,2242627.4597244435,55377.023691412964,2238336.0039475155
nicolas oroz__1994-04-01,Nicolás Oroz,MID,1625000.0000000012,2094527.8988071696,,,,,2028880.4031202896,,,,,,,,,,2061704.1509637297,46419.78936810754,2061704.1509637297
nicolas otamendi__1988-02-12,Nicolás Otamendi,DEF,2800000.000000002,4801141.537123625,,5390378.902029184,,4386120.57613684,,,,,,,,,4771947.668902663,,4837397.171048078,414341.8348159277,4786544.603013144
nicolas pallois__1987-09-19,,,,,,,,,,,,,,596335.0931171763,,,,663647.8293934324,629991.4612553043,47597.29228116236,629991.4612553043
nicolas pepe__1995-05-29,,,,,,,,20284925.257906042,,23536732.600834806,,20492444.440152884,,,,,,,21438034.099631246,1820485.540169341,20492444.440152884
nicolas raskin__2001-02-23,Nicolas Raskin,MID,13249999.99999999,14153174.957793904,,14217603.477811031,,,,14067947.944206808,13153106.73177516,15058425.082979748,,,,,,,14130051.63891333,676083.479405016,14153174.957793904
nicolas saintruf__1992-10-24,,,,,,,,,,,,420681.66546255245,,,,408146.1505351321,,,414413.9079988423,8863.947610844127,414413.9079988423
nicolas seiwald__2001-05-04,,,,,,,,,20086336.585988585,,,19873296.90540908,,,,,,19958991.190259796,19972874.89388582,107196.28862575388,19958991.190259796
nicolas sessa__1996-03-23,,,,,,,461582.74795334117,,,,,,,,,,,,461582.74795334117,,461582.74795334117
nicolas tagliafico__1992-08-31,,,,,,6579495.621578322,,6627544.45492443,,,6249208.338854783,,,,,,,6136572.80583649,6398205.305298506,242290.65542040684,6414351.9802165525
nicolas valentini__2001-04-06,,,,,,5058581.219128079,,,,,,,5012587.019559059,,,,5845928.211164114,5307882.036891248,5306244.621685625,382462.63701353775,5183231.628009664
nicolo barella__1997-02-07,,,,,,,,,,,87507382.41928665,87161929.44561017,,,,,,,87334655.93244842,244272.14026770243,87334655.93244842
nicolo bertola__2003-03-23,,,,,,3341344.7242039344,,,,,,,,3207845.8860458876,,2914075.0798832765,,,3154421.896711033,218587.34916919,3207845.8860458876
nicolo brighenti__1989-08-01,,,,,260136.5009657449,244894.75525227477,231488.95242227314,,,,,,,,,,,264455.47951057396,250243.92203771666,15057.600010473989,252515.62810900982
nicolo calabrese__2004-11-16,,,,,510821.0657448586,,,,,,,,606185.904919681,,,,,,558503.4853322698,67433.12446728146,558503.4853322698
nicolo cambiaghi__2000-12-28,,,,,,5725425.0332896905,,,,,,5489016.122321708,,,,,,,5607220.5778057,167166.3440783871,5607220.5778057
nicolo casale__1998-02-14,,,,,,,,,,,6409392.439463815,,,,,,,,6409392.439463815,,6409392.439463815
nicolo cavuoti__2003-04-04,,,,,,,,,675625.7535018406,669169.1460503561,,,,,,,,,672397.4497760984,4565.51091240431,672397.4497760984
nicolo fagioli__2001-02-12,,,,,,,,,,,12335358.654680064,,12282950.540016044,,,12687323.642746262,12640995.959052559,,12486657.199123733,206942.1230908702,12488177.30686631
nicolo rovella__2001-12-04,,,,,,23059836.94316141,,,,,,22617547.807849523,,24047147.18336319,,24703212.737479314,,,23606936.16796336,944071.84469839,23553492.0632623
nicolo savona__2003-03-19,,,,,,,,,,,,,,,,13693333.225147268,,,13693333.225147268,,13693333.225147268
nicolo tresoldi__2004-08-20,Nicolò Tresoldi,FWD,7750000.000000002,5671266.248369308,5047497.659917505,,,,,,5924176.124792261,,,,,6055914.443090888,,,5674713.619042491,447570.2379797554,5797721.186580785
nicolo zaniolo__1999-07-02,Nicolò Zaniolo,MID,16999999.999999974,6145380.05265331,,,,,,,,,5329082.477226823,5340953.771116379,,,,,5605138.766998838,467900.32800677896,5340953.771116379
nidal celik__2006-07-17,,,,,,,1026549.6675040361,924879.6582257373,,,,,,,,,921227.359982485,,957552.2285707528,59781.43319734428,924879.6582257373
niek schiks__2004-02-03,,,,,,,,,,,519893.9856938861,,,,,589051.7350726698,,,554472.860383278,48901.913557337684,554472.860383278
niels devalckeneer__2004-05-17,,,,,,285583.8719973931,,,,,,,,,,297555.79214099864,,,291569.83206919587,8465.425917367316,291569.83206919587
niels martens__2004-05-07,,,,,187846.7711189775,,194515.44800080673,,,,,,,,,,,,191181.1095598921,4715.466644683422,191181.1095598921
niels nkounkou__2000-11-01,,,,,4545942.636131125,,,,,4084298.9667617343,,,,,,,,,4315120.801446429,326431.3691029363,4315120.801446429
nigel lonwijk__2002-10-27,,,,,1226303.8255056646,,,,,,,,,1208558.5615163988,,,,,1217431.1935110316,12547.796500755276,1217431.1935110316
nigel ogidi nwankwo__1998-08-04,Nigel Ogidi Nwankwo,DEF,249999.9999999998,286706.6785851604,,,,,,,,,,268913.4232440974,,,301714.90081114555,,285778.3342134678,16420.43239685639,286706.6785851604
nihad mujakic__1998-04-15,,,,,,,,1015102.0220724214,,,1097842.1909302054,,,1122248.8799158782,,,,,1078397.6976395017,56157.62215345885,1097842.1909302054
nik prelec__2001-06-10,,,,,,,,2367429.0181453074,2114755.6682231375,,,2085538.214690706,,,,,,,2189240.9670197167,155005.32594295585,2114755.6682231375
nikita contini__1996-05-21,,,,,,,,,,,,,,,,,,1085423.6817082157,1085423.6817082157,,1085423.6817082157
nikita haikin__1995-07-11,,,,,,,,,,3532265.2415927355,2857816.671996744,,,,,,,,3195040.9567947397,476907.1571228928,3195040.9567947397
niklas dorsch__1998-01-15,,,,,,,,,4135094.106278421,4188331.556461203,,,,,,4237525.691017889,,,4186983.7845858373,51229.09090380923,4188331.556461203
niklas hauptmann__1996-06-27,,,,,,,1646121.1103039738,1503398.568009492,,,1331896.8677323405,,,1390089.3567857111,,,1479094.0326680497,,1470119.9870999134,120078.02185089496,1479094.0326680497
niklas hult__1990-02-13,,,,,,,,464826.16929747077,,,,460966.735592218,,,448766.2891598191,,,,458186.3980165026,8383.17632434962,460966.735592218
niklas kolle__1999-11-17,,,,,513069.557853034,489831.2397462368,,489272.25764270895,456018.0272258859,,,,,,,,512759.9514061861,,492190.2067748103,23353.626172110766,489831.2397462368
niklas lomb__1993-07-28,,,,,,,374690.8910946892,,,,,,,426604.73710743553,,441238.02584844216,442686.0503025854,,421304.9260882881,31913.61879584015,433921.38147793885
niklas pyyhtia__2003-09-25,,,,,,,,,2567456.670548731,2309770.997123009,,,2220540.8683540365,2348616.131946226,,2413694.398941284,,,2372015.8133826572,129712.04103506055,2348616.131946226
niklas schmidt__1998-03-01,,,,,,,2464369.2100636777,2716878.0736943153,,,,,,2375219.606599192,,,,,2518822.2967857285,177218.73779207634,2464369.2100636777
niklas sule__1995-09-03,,,,,,,,,,13221832.507776044,,,,13667919.80469215,,,,,13444876.156234097,315431.3526505546,13444876.156234097
niklas vesterlund__1999-06-06,,,,,,,,,1066142.3000026108,1199278.164961879,,,,1025035.8395004038,,,1242334.5973091256,,1133197.7254435048,104039.90410636057,1132710.2324822447
niklas wiemann__1999-02-23,,,,,616262.4554058916,,,,,,601362.3720620251,,605957.6314806953,,,,,567831.2490918512,597853.4270101158,20961.983994131675,603660.0017713602
niko hamalainen__1997-03-05,,,,,,,583697.3901039265,,,,565732.1215010511,,,,,500311.79675131274,552094.3054216652,,550458.9034444889,35849.10521680496,558913.2134613581
nikola cavlina__2002-06-02,,,,,,,1453340.535923793,1257663.50989999,,,,,1200167.7411955039,,,,,,1303723.9290064287,132722.59662103027,1257663.50989999
nikola katic__1996-10-10,,,,,,,,1752869.6350343553,,,,,,1815061.488311256,,,,,1783965.5616728058,43976.2811866553,1783965.5616728058
nikola krstovic__2000-04-05,,,,,13669422.550135413,,,,,,,,,,,12829400.321885327,,,13249411.43601037,593985.4139430699,13249411.43601037
nikola maras__1995-12-19,,,,,989769.7987107038,1069517.0997573843,,,1050883.9103449231,,,,,,,,970485.8468231674,,1020164.1639090447,47508.48247850086,1020326.8545278135
nikola milenkovic__1997-10-12,Nikola Milenković,DEF,30250000.000000015,29399729.10023549,31754088.337968387,,,,,,,,,,,,,,30576908.719101936,1664783.3823501235,30576908.719101936
nikola mileusnic__1993-07-17,,,,,272474.7297747629,,168506.9942932537,,272460.52314681857,,,,,,,,,,237814.08240494505,60021.699387374734,272460.52314681857
nikola mituljikic__2003-01-20,,,,,846030.6829247451,,,,,,1136339.5555033989,,,,1127478.582215453,832399.5758626027,,,985562.09912655,169117.22183508886,986754.6325700991
nikola moro__1998-03-12,Nikola Moro,MID,5500000.000000001,6304531.335327211,,,,7004525.1561363,,,,,,,,,,,6654528.245731756,494970.3774827883,6654528.245731756
nikola sekulov__2002-02-18,,,,,,,1024220.2780681646,,,,1197376.5439744946,,,,,,,1260032.9144483395,1160543.2454969995,122145.07266644579,1197376.5439744946
nikola stojanovic__1995-02-17,Nikola Stojanović,MID,195000.00000000006,136753.8467482385,,,,142972.70504514675,,113252.53114102517,,,,,,,,,130993.02764480347,15675.218077579771,136753.8467482385
nikola storm__1994-09-30,,,,,,,,,,,,,,3056744.2049711854,,,3405455.4654186685,,3231099.8351949267,246576.09693852358,3231099.8351949267
nikola stulic__2001-09-08,,,,,,,,,3267710.7048243335,2978338.7737991386,,,,,,,3351585.6338761323,,3199211.704166535,195824.89488742632,3267710.7048243335
nikola vlasic__1997-10-04,,,,,,18980379.531473253,,,,,,,,,,,18470766.398077644,,18725572.96477545,360350.90240575944,18725572.96477545
nikolai alho__1993-03-12,,,,,,627781.5666218565,,,,572051.2274750033,,601765.0037606898,,,,,576760.5534689483,,594589.5878316244,25684.276666452934,589262.778614819
nikolai baden frederiksen__2000-05-18,,,,,618278.7595018133,,,,,,,621405.2515884619,656835.3889031232,,,,612665.6080790426,,627296.2520181104,20021.949683009534,619842.0055451377
nikolai hopland__2004-07-24,,,,,,,,,,,,1792937.6294648608,,,,,,,1792937.6294648608,,1792937.6294648608
nikolaos athanasiou__2001-03-16,Nikolaos Athanasiou,DEF,1150000.0000000005,1697581.7509413958,,,,1740652.858815436,,,,,,,,,,,1719117.304878416,30455.87245095117,1719117.304878416
nikolaos vergos__1996-01-13,,,,,,,,,,,,,,,,642406.8447856008,,579142.3422094993,610774.5934975501,44734.75877995514,610774.5934975501
nikolas agrafiotis__2000-04-25,Nikolas Agrafiotis,FWD,737500.0000000005,721093.0315575484,734758.9338139987,743053.4770447307,,,,,,,,,,711610.3104838538,,,727628.9382250329,14000.806471718884,727925.9826857736
nikolas dyhr__2001-06-18,,,,,,,,,1533181.336995417,,,,1821468.9868419447,1697908.1291483496,,,,1732865.4652826744,1696355.9795670966,120574.43106962348,1715386.797215512
nikolas ioannou__1995-11-10,,,,,,,,1378715.031092691,,,1424238.9320570375,,1415512.665497986,,,,,,1406155.5428825712,24161.398914028796,1415512.665497986
nikolas nartey__2000-02-22,Nikolas Nartey,DEF,1450000.0000000002,2407763.729296114,2302427.575222485,,,,,2444310.751582857,,,,,,,,,2384834.0187004856,73668.43051488609,2407763.729296114
nikolas sattlberger__2004-01-18,,,,,,,,3390502.6564006517,,,,,,,,,,,3390502.6564006517,,3390502.6564006517
nils de wilde__2003-01-27,,,,,,,,,,,,,1246481.001653854,,,,,,1246481.001653854,,1246481.001653854
nils rossen__2004-08-01,,,,,,,,1131111.1493609012,,1126856.7798280988,,,,,,,,,1128983.9645945001,3008.2935463180033,1128983.9645945001
nils zatterstrom__2005-03-29,,,,,,,,,1052944.898750813,,1148746.3325291353,,,,913086.6237882633,,,1118844.6463372752,1058405.6253513717,104820.0845598744,1085894.772544044
nilson angulo__2003-06-19,,,,,,,,,3903262.8598824344,,,,3364217.707531639,,4101679.708726372,,,,3789720.0920468154,381616.9819300042,3903262.8598824344
nnamdi ofoborh__1999-11-07,,,,,,,,,,422555.0284185418,383479.5714061423,,,,,484942.075481247,,,430325.5584353104,51175.6366433656,422555.0284185418
noa lang__1999-06-17,,,,,,,,,,,,24098298.911167793,,,21150796.48419715,,,,22624547.69768247,2084198.9536747474,22624547.69768247
noah adedejisternberg__2005-06-19,,,,,,3125359.4883055445,,,,,3305828.3654280333,3642728.7386722234,,,,,,,3357972.1974686007,262596.5912214989,3305828.3654280333
noah atubolu__2002-05-25,,,,,,,,15084327.747756934,,,,,14440189.855509507,,,13431150.662149837,12491971.28711848,,13861909.88813369,1138858.8477822538,13935670.258829672
noah cadiou__1998-10-26,,,,,,,,,,,,,,,,,,2285563.75088232,2285563.75088232,,2285563.75088232
noah edjouma__2005-10-04,Noah Edjouma,MID,2499999.9999999995,1685957.2546500128,,,,,,,,,,,,,,,1685957.2546500128,,1685957.2546500128
noah fatar__2002-02-15,,,,,,,,,,,,,486187.9685729311,,,469457.1082364964,,,477822.53840471373,11830.504798978003,477822.53840471373
noah ganaus__2001-01-19,,,,,,,,,,,,,1120766.240378583,,,,,1305040.4646305805,1212903.3525045817,130301.55356647793,1212903.3525045817
noah jean holm__2001-05-23,,,,,1291551.53771004,,,,1118013.0595640088,,,,,,,,,,1204782.2986370246,122710.23469385218,1204782.2986370246
noah katterbach__2001-04-13,,,,,,1716614.7518032307,,1859386.2944349977,,,,1653248.4940896581,,,,,1743984.7515525706,,1743308.5729701144,86212.66831581458,1730299.7516779006
noah konig__2003-05-17,,,,,,,,,,,,,,,535305.8173236415,545081.8273679313,,,540193.8223457864,6912.682995265085,540193.8223457864
noah lahmadi__2005-01-05,,,,,,,542598.495214017,,,,567717.4850344969,,,563868.235966545,,,,592543.6473648694,566681.965894982,20476.24236759356,565792.8605005209
noah loosli__1997-01-23,,,,,,,979394.4049509015,,,,,,,1083148.0649167832,,,,,1031271.2349338424,73364.91653479818,1031271.2349338424
noah mbamba__2005-01-05,,,,,,,,,,1662828.5464182072,,,,,,,,,1662828.5464182072,,1662828.5464182072
noah nartey__2005-10-05,Noah Nartey,MID,1350000.0,2156495.731464241,1879889.3283997385,,,,,,,,,,1908416.6264636782,,1818509.3732039188,,1940827.7648828942,148591.6503788211,1894152.9774317085
noah naujoks__2002-05-02,,,,,,,,,,,1046334.421689893,,1079590.1407208182,,1078554.5343811235,,,,1068159.6989306116,18908.335862745156,1078554.5343811235
noah ohio__2003-01-16,,,,,,,,,,,,,,1760968.5173315855,,,1690653.2447145304,1823603.3023762843,1758408.354807467,66511.99352130671,1760968.5173315855
noah okafor__2000-05-24,,,,,,,,12542531.627665754,,,,,11994711.590725413,,,11803009.565075513,12168504.560228549,,12127189.335923808,314567.9809245834,12081608.075476982
noah raveyre__2005-06-22,,,,,,,,771212.2096699052,820209.6210962499,,,,792698.9828419611,,,,,805368.5451576406,797372.3396914393,20749.886672833883,799033.7639998009
noah sadiki__2004-12-17,,,,,,,,,25572919.958707232,,,,22575459.57354932,27330301.889736228,,,,,25159560.473997593,2404221.4770378345,25572919.958707232
noah shamoun__2002-12-08,Noah Shamoun,MID,512499.9999999997,481149.8017011584,,,,,,,,,322420.5399222768,,,,,379740.6509462327,394436.99752322264,80378.67620364517,379740.6509462327
nobel mendy__2004-09-03,,,,,,,,,,,4387162.437007885,,,,4360689.556643902,,,,4373925.996825894,18719.15322291265,4373925.996825894
nodar lominadze__2002-04-04,,,,,815080.601136565,,826117.1969022744,,,,,881572.3242885283,,,,839494.8902670123,,,840566.253148595,29102.917228604023,832806.0435846434
noe dussenne__1992-04-07,,,,,,,,,,1039998.2779456922,,,904396.373364414,,,,,,972197.3256550531,95885.026271233,972197.3256550531
noe lebreton__2004-04-22,,,,,,1161576.267181343,,1054287.8283507272,,,,,,,1163376.3144874359,,,,1126413.470006502,62469.121818454994,1161576.267181343
noe sow__1998-12-18,,,,,,,507424.64506724256,504094.54773373343,,,494728.74979688314,,,,451648.53183622635,,,447515.75931855256,481082.4467505276,29166.6232318279,494728.74979688314
noel aseko__2005-11-22,Noël Aséko,MID,1924999.9999999995,2168842.1363733155,2343820.1844721157,,,,,,,,,,,,,,2256331.1604227154,123728.16436944752,2256331.1604227154
noham kamara__2007-01-22,Noham Kamara,DEF,1499999.9999999986,1584277.1788984495,,1406222.1165316508,,,,,,,,,1572319.3627328663,,,,1520939.5527209889,99527.96072588654,1572319.3627328663
nohan kenneh__2003-01-10,,,,,,566328.325534685,,,,549884.7778255282,,,495468.9454560973,,,558040.642109106,,,542430.6727313541,32019.454840838516,553962.7099673171
noni madueke__2002-03-10,,,,,,,,,,,,,43245307.07802642,,40913666.9244048,41353439.461959854,,,41837471.154797025,1238891.2225245112,41353439.461959854
nordan mukiele__2006-02-12,,,,,,,,,,,,956422.6833294061,,939492.9303021322,,,,,947957.806815769,11971.143169398874,947957.806815769
nordi mukiele__1997-11-01,,,,,,,,20112691.430841427,20074641.138725866,,20047779.232625954,,,,,,19314821.146802768,,19887483.237249,382702.4459962444,20061210.18567591
nordin bakker__1997-10-31,,,,,,,,,,,,,,,,,622532.8568042541,621407.0973662665,621969.9770852603,796.0321325857751,621969.9770852603
nordin bukala__2005-09-18,Nordin Bukala,MID,737500.0000000005,877244.7146292708,891220.305915074,,,,,,,,,,,,,824716.0009464434,864393.6738302627,35065.19046081858,877244.7146292708
nordin jackers__1997-09-05,,,,,,,,,,,,1376853.7833018224,,,,1529654.49442713,,,1453254.1388644762,108046.41900683183,1453254.1388644762
nordine kandil__2001-10-31,,,,,1862275.6873779132,,1672481.9948143542,,,,,,,,,,,,1767378.8410961337,134204.40703812733,1767378.8410961337
nouha dicko__1992-05-14,Nouha Dicko,FWD,637500.0000000003,894530.8231418132,,,,,992828.5653853011,,,,917271.5780003179,,,1038668.9282888968,,,960824.9737040822,66772.55878977614,955050.0716928095
noussair mazraoui__1997-11-14,Noussair Mazraoui,DEF,21250000.000000034,28594257.4940719,,22476989.25777818,,,,,23534435.28457082,23015602.9831443,20480400.92329921,,,,22022341.57654082,,23354004.58656754,2771548.364699537,22746296.12046124
novatus miroshi__2002-09-02,,,,,,,,,,2174605.5787093677,1505159.0755366797,,2401371.7194351815,2087094.2766371325,,,,,2042057.6625795902,381647.2764647183,2130849.92767325
nunzio lella__2000-07-28,,,,,,1143449.9673202666,,,,,,1189377.6977195863,,,,,,,1166413.8325199266,32475.809609866483,1166413.8325199266
nurettin korkmaz__2002-06-27,,,,,,279967.2330798518,,,339417.5575955001,,,,325736.2578051689,308522.69769564184,,,,309374.0864123445,312603.5665177014,22269.21075348455,309374.0864123445
obed nkambadio__2003-02-07,,,,,,,,,,,5290376.792637882,5179519.7582235355,5418502.78958852,,,,5265834.362413789,5557509.573338653,5342348.655240476,147616.42360189356,5290376.792637882
obed vargas__2005-08-05,,,,,,,,,,,,,,4171276.943795012,,,,,4171276.943795012,,4171276.943795012
obinna nwobodo__1996-11-29,Obinna Nwobodo,MID,2750000.0,2532281.441494291,,2852024.2486091987,,,,,,2588701.355476525,,2848968.7138757124,,,,,2705493.939863932,169015.99482303148,2718835.0346761188
odilon kossounou__2001-01-04,Odilon Kossounou,DEF,24500000.000000007,28115695.958557725,,,,,,,34970950.861398995,,,27731133.087504964,,,,,30272593.302487228,4073437.732921124,28115695.958557725
odin bailey__1999-12-08,,,,,,,,,,,,,,,,736388.7759024755,,,736388.7759024755,,736388.7759024755
odsonne edouard__1998-01-16,,,,,,6572646.599825444,7086773.190195069,6473386.914260973,,,6149405.832704762,,,,,6969868.062741635,,,6650416.119945576,381069.4760667199,6572646.599825444
odysseas vlachodimos__1994-04-26,Odysseas Vlachodimos,GK,5750000.000000005,4736696.7591360565,,,3644222.1570580355,,,,,,,,,,,,4190459.4580970462,772496.1994034437,4190459.4580970462
odysseus velanas__1998-06-05,Odysseus Velanas,MID,700000.0000000006,840988.4546797854,,755304.4675156955,,,,,,,321581.71584024833,768917.602664364,,,,,671698.0601750233,236419.37528621734,762111.0350900297
ofosu boakye__2007-07-10,,,,,,,,,,307966.6610221175,,245331.403632167,,,,,,,276649.03232714225,44289.815241798795,276649.03232714225
ogulcan ulgun__1998-05-11,Oğulcan Ülgün,MID,974999.9999999999,735271.7182205868,,,,,,,,,,,,,,,735271.7182205868,,735271.7182205868
ogun bayrak__1998-10-10,Ogün Bayrak,DEF,999999.9999999997,1313017.4971239804,,1353613.9334711928,,1252554.5742220832,,,1344781.5712093615,,1477252.9825831207,,,,1414528.5158430408,,1359291.5124087967,78412.8391965756,1349197.7523402772
ogun ozcicek__1999-01-24,,,,,,,,,,,,,,,937885.4815231645,,,,937885.4815231645,,937885.4815231645
oguz aydn__2000-10-27,,,,,11277171.67896951,11153196.36795789,,9485718.560946975,,11410913.178781392,,,,,,,,,10831749.946663942,903504.0789696985,11215184.0234637
ohi omoijuanfo__1994-01-10,Ohi Omoijuanfo,MID,1200000.0000000005,605064.8524779463,,,,,627913.5891140625,,,,,,,,,,616489.2207960044,16156.496616943248,616489.2207960044
okan kocuk__1995-07-27,,,,,,,1566037.7661002285,,,2087550.1622383862,1762263.4414259947,,,,1813444.6156133541,,,,1807323.996344491,215107.46503928164,1787854.0285196744
okay yokuslu__1994-03-09,,,,,,,2755023.232335609,,,,3265312.707050489,4182824.0940495757,,,,,,,3401053.3444785574,723514.3161436548,3265312.707050489
ola aina__1996-10-08,,,,,,,14312814.7320172,,,,,,,18453561.106368665,,18813759.412022095,,,17193378.416802656,2501133.9551146515,18453561.106368665
ola brynhildsen__1999-04-27,,,,,,,,,2218886.387437757,,,,,,,,,2198603.0852562333,2208744.7363469955,14342.460517411342,2208744.7363469955
ola solbakken__1998-09-07,,,,,,,,,,,,,,1235043.480631641,,,,1314387.4367868733,1274715.4587092572,56104.64944353276,1274715.4587092572
ole pohlmann__2001-04-05,,,,,3267419.9224413093,,,,3065218.275251935,,,,,,3004541.2467747945,,,,3112393.148156013,137642.29366434616,3065218.275251935
ole romeny__2000-06-20,Ole Romeny,MID,1050000.0000000007,1476171.662914309,,,,,,,,,,,,,1288442.2239804205,,1382306.9434473647,132744.7592984984,1382306.9434473647
oleksandr nazarenko__2000-02-01,,,,,,,,,,,,1699081.929931103,,,1651914.9194650762,,,,1675498.4246980897,33352.11294882444,1675498.4246980897
oleksandr pikhalyonok__1997-05-07,,,,,,,,,,,,,,,,,6237379.304337932,,6237379.304337932,,6237379.304337932
oleksandr romanchuk__1999-12-16,,,,,,,,,,,,,,,1926345.789578426,,1769412.7277567894,,1847879.2586676078,110968.43220644686,1847879.2586676078
oleksandr safronov__1999-06-11,Oleksandr Safronov,DEF,324999.9999999999,450055.5367199224,,,,,,,,,,,,,,,450055.5367199224,,450055.5367199224
oleksandr svatok__1994-09-27,,,,,,,,,,,,,,,,1266998.6846838098,,,1266998.6846838098,,1266998.6846838098
oleksandr syrota__2000-06-11,,,,,,,,1267775.0092953644,,,,1342476.2643431032,,,,1323318.6948846567,,,1311189.989507708,38799.4651640644,1323318.6948846567
oleksandr tymchyk__1997-01-20,,,,,,,,,2177728.2953661443,,,,,,2284983.420245314,,,,2231355.857805729,75840.8261190709,2231355.857805729
oleksandr yatsyk__2003-01-03,,,,,,2748062.7127206004,,,,2757999.294662592,,,,,,,,,2753031.003691596,7026.224472998039,2753031.003691596
oleksandr zinchenko__1996-12-15,Oleksandr Zinchenko,DEF,12249999.999999987,11419531.871631045,,,8088533.325352148,10341922.71901526,,,9888018.05037109,,,,,,,,9934501.491592385,1388172.235624077,10114970.384693176
oleksandr zubkov__1996-08-03,Oleksandr Zubkov,MID,10499999.999999994,13336877.950039407,,,,,,,,,,,,,13687659.192210542,8916191.881195782,11980243.007815244,2659336.167141769,13336877.950039407
oli mcburnie__1996-06-04,Oli McBurnie,FWD,4349999.999999996,5614021.545073278,,,,6451647.715333854,,6417103.447759326,,,,,,,,4812631.309557919,5823851.004431094,777318.2199179068,6015562.496416302
oliver abildgaard__1996-06-10,,,,,,1439662.6107492757,,,,,,1398480.149292532,,,,,,,1419071.380020904,29120.397762017143,1419071.380020904
oliver antman__2001-08-15,,,,,,,,,,,,,,,,,7036234.846852078,,7036234.846852078,,7036234.846852078
oliver arblaster__2004-01-08,,,,,,,,,,,,,3176648.8793979934,,4232427.309156381,,,,3704538.0942771873,746548.0871126406,3704538.0942771873
oliver batista meier__2001-02-16,,,,,,1902207.3717205985,,1713287.6346695318,,,,,,,,,1695089.0429960717,,1770194.683128734,114687.87924913329,1713287.6346695318
oliver baumann__1990-06-02,,,,,,,,,,,,,4931909.344875984,,4014935.3050602474,,,,4473422.324968115,648398.5617257304,4473422.324968115
oliver braude__2004-02-21,,,,,2178423.1113548717,,,,,,,2209741.9652357707,,,,,2033214.4407136906,1987616.5900946825,2102249.0268497537,108418.31424692633,2105818.776034281
oliver bundgaard__2001-06-15,,,,,,,,,,,,,,,1112774.5372492163,,,,1112774.5372492163,,1112774.5372492163
oliver burke__1997-04-07,,,,,3584936.983151766,,1831021.7667336739,,,3138220.88208922,,,,,3524187.8922306863,,,1452408.1140851786,2706155.127658105,995722.8458583734,3138220.88208922
oliver christensen__1999-03-22,Oliver Christensen,GK,1699999.9999999988,2033382.2939719772,,1795653.706628141,1303205.2012651588,,1781706.3898003285,,,,,,,,,,1728486.8979164015,306142.35172075796,1788680.0482142349
oliver edvardsen__1999-03-19,,,,,,,,,3528140.1755761504,,,,,,,,,,3528140.1755761504,,3528140.1755761504
oliver hjer__2007-01-24,,,,,,,,,,317996.48244399205,311531.0309444442,,,,,,,,314763.75669421814,4571.764598763029,314763.75669421814
oliver norwood__1991-04-12,,,,,829987.0998658435,,,,,,,,,,,991679.7612684476,,,910833.4305671456,114333.97734588168,910833.4305671456
oliver olsen__2000-08-13,,,,,,2363407.780523761,,,2411189.393580099,2369380.976381703,2639828.964633245,,,,,2474110.0338851404,,,2451583.42980079,114135.55089417954,2411189.393580099
oliver provstgaard__2003-06-04,,,,,,,,,2073770.597039882,,,,1684213.2792370147,,1760815.18406237,,,,1839599.6867797554,206383.07674022196,1760815.18406237
oliver scarles__2005-12-12,Oliver Scarles,DEF,5650000.000000001,5078974.912282815,,4791601.369321486,,,,,,5303153.36397196,,,,,,4237283.976762872,4852753.405584783,460643.9268246915,4935288.140802151
oliver skipp__2000-09-16,,,,,,,,,6282592.627045846,,,,,,5000875.84459045,6251409.394536141,,,5844959.288724146,731163.9651903601,6251409.394536141
oliver sonne__2000-11-10,,,,,,,,,,,,2981286.735570018,,,,2875828.0780358785,,,2928557.4068029486,74570.53187721997,2928557.4068029486
oliver sorg__2007-07-31,,,,,,,,,323166.3884934246,,,,,,,,,,323166.3884934246,,323166.3884934246
oliver srensen__2002-03-10,Oliver Sørensen,MID,6350000.0,5487471.819644581,,5122966.2379203355,4459406.8529215995,,,,,,,,,,,,5023281.636828839,521231.3869308517,5122966.2379203355
oliver villadsen__2001-11-16,,,,,,,,1128751.5371804393,1189346.4898143604,,,,,,1183052.489118837,,,,1167050.172037879,33316.55272002833,1183052.489118837
oliver zanden__2001-08-14,,,,,,,,,,,,,1167093.3553543112,,,,,,1167093.3553543112,,1167093.3553543112
olivier aertssen__2004-08-07,,,,,,,,1123875.4089145344,,,1157563.3149063603,,,,,1170738.336395951,,,1150725.6867389486,24168.126990914403,1157563.3149063603
olivier boscagli__1997-11-18,Olivier Boscagli,DEF,16500000.000000013,19573504.26439531,,,,,20096140.71016989,,,18919176.632801224,17851655.063952185,18482513.846284848,18553244.115003046,,,18520403.956222713,18856662.655547034,753794.4073897846,18553244.115003046
olivier deman__2000-04-06,,,,,2557050.025370839,,,,,,,2375676.307219713,,,,,,2086218.553091715,2339648.2952274224,237474.3818988047,2375676.307219713
olivier giroud__1986-09-30,Olivier Giroud,FWD,3149999.9999999995,5620319.104266117,5750396.9365248,,,6126500.317799206,,,5314999.60491094,5489258.206405536,5595302.920628589,5832819.388439766,,,,,5675656.639853566,260730.73572713858,5620319.104266117
olivier kemen__1996-07-20,,,,,,2124603.3770722854,2087743.641423969,,1913719.86095337,,2203553.0627425406,,,,,,,,2082404.9855480413,122393.80888650521,2106173.509248127
olivier ntcham__1996-02-09,,,,,,3626410.194154457,,3821478.355884033,,,,,,,,,,,3723944.275019245,137934.01995257707,3723944.275019245
oliwier zych__2004-06-28,,,,,,,,,1209907.6260631809,,,1133442.2260452996,,,,,,1182951.8665186057,1175433.9062090286,38783.10386477508,1182951.8665186057
ollie oneill__2003-01-08,,,,,,907402.4622071234,871167.2005267235,,,,,934817.606590326,,,,,897889.7882678104,976311.8854677397,917517.7886119445,39974.94455532422,907402.4622071234
ollie watkins__1995-12-30,,,,,,,,,,,,30110012.408896815,,,,,36877582.31029074,,33493797.35959378,4785394.569429618,33493797.35959378
oluwaseun adewumi__2005-02-23,,,,,,,,550830.6903546151,,,,,,629716.9583863998,,663156.0676722077,,,614567.9054710742,57674.67338926497,629716.9583863998
omar alderete__1996-12-26,,,,,,19528193.4298847,,,,,,,,,,,,,19528193.4298847,,19528193.4298847
omar bogle__1993-07-26,,,,,,,,,,,292398.89822654414,,,245510.08963620052,,257234.66213287885,,270855.21481640433,266499.7162030069,20134.080957388334,264044.9384746416
omar fayed__2003-07-04,,,,,,,,,,1111419.0845604767,1420797.2697416828,,,1123992.4564160593,,,,,1218736.2702394063,175102.84994782048,1123992.4564160593
omar marmoush__1999-02-07,,,,,,,33549135.483629186,,,,,45573147.892961554,31313023.03881455,,,,,,36811768.80513509,7669509.264412933,33549135.483629186
omar richards__1998-02-15,,,,,2494034.0527560045,,,2631336.970581591,,,2200119.9364034324,,2609532.087474958,2391594.6345306835,,2562368.688599114,,,2481497.728390964,162971.09887910384,2528201.370677559
omari forson__2004-07-20,Omari Forson,MID,1849999.9999999995,1248877.8265108848,,,,,,,1256185.6772546503,,1247181.6014816596,,1207435.4694642345,1231195.0923641275,,,1238175.1334151113,19453.09556868956,1247181.6014816596
omer ali sahiner__1992-01-02,,,,,,,,690718.2615009178,747035.0383686635,,698612.8700657302,,730665.8553450408,,,724256.7818673332,,,718257.7614295372,23250.949022966935,724256.7818673332
omer hanin__1998-05-14,,,,,,,204918.52945175135,,,234173.85163562957,268134.721277718,,,,,,,270428.69320415833,244413.94889231434,31113.71462224289,251154.2864566738
omri gandelman__2000-05-16,,,,,,,,,,3169697.0563011295,,3128212.240040479,,,3096705.9326067627,3209201.333273545,,,3150954.140555479,49003.72249419892,3148954.6481708046
ondrej duda__1994-12-05,Ondrej Duda,MID,4000000.0000000005,3984900.2988893148,4014208.817742258,,3179967.5192682873,,,,4084792.6896878933,,3832176.331054786,,,3929436.8415441816,,,3837580.4163644537,333147.46808409237,3957168.570216748
ondrej lingr__1998-10-07,,,,,,,,1917017.8319952223,,,,,,1846972.9494672618,1996125.438740588,,1944766.1323150261,,1926220.5881295246,62170.47611769725,1930891.9821551242
onel hernandez__1993-02-01,,,,,,,1236797.215774849,,,,,,1392732.0415044758,,,,1264658.993906746,1187690.7441312596,1270469.7488293326,87498.64034002968,1250728.1048407974
onur bulut__1994-04-16,,,,,,,1145701.4402809155,,,,992082.0460752792,,1164158.4584527444,,,,,,1100647.314936313,94472.1047828417,1145701.4402809155
onur ergun__1992-11-15,Onur Ergün,MID,487499.9999999996,841968.012392561,785757.3481306237,,,,773462.8930616447,,,,,,,,799169.63447643,,800089.472015315,29827.519323876826,792463.4913035268
onuralp cevikkan__2006-01-02,Onuralp Çevikkan,GK,899999.9999999995,807798.4999616564,826968.508893112,,,,,,,,,,777578.0393740616,,,,804115.0160762767,24900.414855549072,807798.4999616564
or israelov__2004-09-02,,,,,471424.61285088456,,,,,452405.4596270253,,,,,,,,,461915.0362389549,13448.572217016872,461915.0362389549
orbelin pineda__1996-03-24,,,,,,,,,,8139061.157203907,,,6378925.1618406605,,,,,,7258993.159522284,1244604.0981318853,7258993.159522284
orel mangala__1998-03-18,,,,,,9238048.557085505,,,,,,9420738.644118154,,,,,9239451.303591466,8615667.333548395,9128476.45958588,352473.0934447043,9238749.930338485
orest lebedenko__1998-09-23,,,,,,,1097012.7747051625,,,,,,1208534.6663119225,,,,,,1152773.7205085424,78857.8858058911,1152773.7205085424
orestis kiomourtzoglou__1998-05-07,,,,,,,,,721442.3014313282,,679668.8768679748,,,,,,,,700555.5891496515,29538.271782131895,700555.5891496515
orji okwonkwo__1998-01-19,,,,,,,931386.4288706919,,,,,,,,,,,,931386.4288706919,,931386.4288706919
orkun kokcu__2000-12-29,,,,,31336002.91967831,,,,,,,,41687293.39274699,37979157.62927353,,,,,37000817.98056627,5244536.677880619,37979157.62927353
orri oskarsson__2004-08-29,Orri Óskarsson,FWD,9249999.999999987,7962484.142348181,,,,,,,,,,7396422.595235113,,7504113.836251041,,,7621006.857944779,300590.09077234997,7504113.836251041
ortwin de wolf__1997-04-23,,,,,,,,,,,1762937.2690064642,,1921984.7137064452,,,,,,1842460.9913564548,112463.526677749,1842460.9913564548
osame sahraoui__2001-06-11,,,,,,,12677245.24574717,,,,,,,,,11420765.82703653,,,12049005.53639185,888465.1173916247,12049005.53639185
osaze de rosario__2001-07-19,,,,,312892.2860434696,,,,,,302439.6749222857,284455.89053666795,,,,,,,299929.28383414116,14383.45212097532,302439.6749222857
osaze urhoghide__2000-07-04,,,,,,,,,,1677044.7846578304,1515653.0649198068,,,,,,,,1596348.9247888187,114121.17945411525,1596348.9247888187
oscar bobb__2003-07-12,Oscar Bobb,MID,20999999.99999998,19523522.083171867,,,11705563.488853129,,17769626.35720851,,,17954064.00901855,,,20567244.802533016,,,,17504004.148157015,3440818.1843944164,17954064.00901855
oscar cortes__2003-12-03,Óscar Cortés,MID,2700000.0,1745123.4919758057,1750179.6919014242,,,,,,,,,1509873.613682021,,,,,1668392.2658530835,137304.4558782406,1745123.4919758057
oscar gloukh__2004-04-01,,,,,16928900.605823085,18831692.20436853,,,17007368.113801125,17980250.148287047,15468040.181193767,,14717889.636446115,,,,,,16822356.814986613,1528834.9870735693,16968134.359812103
oscar hedvall__1998-08-09,,,,,,661402.012984629,,,,705738.5822525433,729640.5380162866,,,,,,,,698927.0444178196,34625.451049472875,705738.5822525433
oscar hjlund__2005-01-04,Oscar Højlund,MID,6999999.999999995,6555848.359768573,6858868.166172474,,,,,,,,,6801471.079167287,6786792.385559409,6929838.62767052,5664545.738344019,,6599560.726113714,475039.18238837004,6794131.732363348
oscar perea__2005-09-27,,,,,,,1798260.3327576132,,,,,,,,,,,1662111.9364830877,1730186.1346203503,96271.45425339023,1730186.1346203503
oscar pettersson__2000-02-01,Oscar Pettersson,MID,700000.0000000006,831808.1565232414,,,,,,,,,,,,774574.5535772473,,,803191.3550502444,40470.268754850804,803191.3550502444
oscar priestman__2003-03-25,,,,,832547.5492363211,,837624.3481771225,,,,,,,,796991.1268406302,,858352.6163034169,,831378.9101393727,25498.180837383665,835085.9487067219
oscar schonfelder__2001-02-05,Oscar Schönfelder,DEF,537500.0000000003,578939.107001658,613329.7532234205,,,612489.231989336,538401.7802530946,,623070.9668132991,585510.085511276,,,,,,612671.1087963809,594916.0047983521,29702.469610579392,612489.231989336
oscar schwartau__2006-05-17,,,,,1667938.7375165117,,,,,,,,,1781838.119621832,,,,,1724888.4285691718,80539.02545962964,1724888.4285691718
oscar trejo__1988-04-26,,,,,,,658752.3278441208,,,686227.7072832088,,,,,758326.957332456,,,,701102.3308199286,51426.81721100541,686227.7072832088
oscar uddenas__2002-08-17,,,,,,,,,,826274.6477066367,697793.3469310931,,,,,,,,762033.9973188649,90849.99903405528,762033.9973188649
oscar ustari__1986-07-03,,,,,152832.94246021155,167012.13887663028,158396.71890143058,,,148767.47210708345,,,,,,,134324.88528019396,,152266.83152510997,12139.594732939006,152832.94246021155
oscar vilhelmsson__2003-10-02,Oscar Vilhelmsson,FWD,2150000.0,1769778.2698682668,,,1358746.319474256,,,,,,,,1705798.762233823,,1763716.2118408522,,1649509.8908542993,195975.72828183684,1734757.4870373376
oskar annell__2005-02-15,,,,,,,,179524.57924413338,,162690.0902033658,,,,,,,,,171107.3347237496,11903.781358537366,171107.3347237496
oskar boesen__2005-05-05,,,,,,,685027.1320824722,,605014.5570031059,,,,,,,,651569.7547639967,,647203.814616525,40184.56317712422,651569.7547639967
oskar fallenius__2001-11-01,,,,,,1291955.4072295513,,,,1183161.2137488178,,1318601.4130018854,,1276751.9608289853,,1360560.7863384483,1262020.6888762864,1229217.94382332,1274609.9162638993,58037.40641967295,1276751.9608289853
oskar pietuszewski__2008-05-20,,,,,,,,,,,,1668659.7950332642,,,,,,,1668659.7950332642,,1668659.7950332642
oskar sivertsen__2004-02-15,Oskar Sivertsen,MID,950000.0000000008,833368.1420100548,910510.005568427,,,,,,,,907227.0722705134,,,,,810544.1605303615,865412.3450948391,51054.281628176795,870297.607140284
oskar zawada__1996-02-01,Oskar Zawada,FWD,825000.0000000006,977439.4181324821,1047737.912071428,958518.8682560783,,,1087128.010677149,,,984308.7373015041,,,,,,,1011026.5892877283,54171.37160651911,984308.7373015041
osman bukari__1998-12-13,,,,,,,,,,,,2089096.8215160498,,1900176.2857840261,,,,,1994636.5536500379,133586.99192150938,1994636.5536500379
otar kakabadze__1995-06-27,Otar Kakabadze,DEF,950000.0000000008,1129470.9440327305,,,,,,,,,,,1111804.023512368,,,,1120637.4837725493,12492.399302632053,1120637.4837725493
otar mamageishvili__2003-01-15,,,,,,,,,,,,,,,1128204.8891454716,,,,1128204.8891454716,,1128204.8891454716
othmane maamma__2005-10-06,,,,,,,1638433.8158867066,,1559547.683980675,,,,,1548758.4755846194,,,,,1582246.6584840005,48957.627058516075,1559547.683980675
otto stange__2007-02-09,Otto Stange,MID,2000000.0000000016,965368.5524444778,970780.3172528248,,,861357.9340366027,,,,,,911135.0780292865,,,,,927160.470440798,51475.99947377735,938251.8152368821
oumar diakite__2003-12-20,Oumar Diakité,FWD,5250000.0,5319616.378620825,,,4656169.6514353305,,,,,,,,,,,,4987893.015028078,469127.6797488844,4987893.015028078
oumar ngom__2004-03-09,,,,,,,,,1375757.6310175825,,997887.6404182363,,,1234076.7593970324,,,,,1202574.010277617,190894.60403701337,1234076.7593970324
oumar solet__2000-02-07,,,,,,18587363.42683554,,,,,,18247161.188185994,,,,,18304324.85574689,20220557.946789067,18839851.854389373,932411.0523651162,18445844.141291216
ousmane camara__2001-11-03,,,,,,939251.1522175102,679260.906241225,,,,,,,,,,,998329.4008839912,872280.4864475755,169749.7529413562,939251.1522175102
ousmane camara__2003-03-06,,,,,3261871.8815732975,,,,,,,,,,,,,,3261871.8815732975,,3261871.8815732975
ousmane dembele__1997-05-15,,,,,,,63259512.70871895,,104446742.46234925,117109742.27552381,,,,,,111237556.63542423,,,99013388.52050406,24391045.32371505,107842149.54888675
ousmane diao__2004-06-08,Ousmane Diao,DEF,4449999.999999997,4045636.6043310147,,,,,,,3591842.5646245335,4075018.480803665,,4239450.341658264,,,,3450256.3348880582,3880440.8652611068,339994.7036803074,4045636.6043310147
ousmane diomande__2003-12-04,,,,,26361717.13840126,,,27387986.60621526,24781306.152387254,,,,,27572405.241353102,26420168.077830814,,,,26504716.64323754,1108813.0825699635,26420168.077830814
ousmane sow__2000-07-05,,,,,1769150.428563741,,1620099.0733349174,,,,,,,1720786.4367414706,1686588.009421366,,,,1699155.9870153738,62649.94776402082,1703687.2230814183
ousmane toure__2005-02-18,,,,,,,1103882.4956505315,,,,,1054759.1097158515,1074691.001957287,1127727.030816767,,1187844.5308635174,1263726.041020026,,1135438.3683373302,78049.6713052243,1115804.763233649
oussama el azzouzi__2001-05-29,,,,,,1488185.7965547226,,,1739004.3676988687,,,1594135.7607929595,1467167.3870104356,,,1564770.922575119,,,1570652.8469264212,107747.77681600313,1564770.922575119
oussama targhalline__2002-05-20,,,,,,8138991.654394319,,,,,,,,7250034.409735906,,7377698.329882823,,,7588908.131337683,480643.76712969085,7377698.329882823
ousseynou ba__1995-11-11,Ousseynou Ba,DEF,3049999.999999998,2859306.5159320426,,,,,,,,,,,,,,,2859306.5159320426,,2859306.5159320426
ousseynou niang__2001-10-12,,,,,,,,,4774349.080142185,,,,4664182.210258657,,,,4671053.519259902,3577503.541400511,4421772.087765314,565096.9868113161,4667617.864759279
ovie ejaria__1997-11-18,,,,,,,328669.9287132045,,,,,,,,,,,,328669.9287132045,,328669.9287132045
ovie ejeheri__2003-04-23,,,,,,,,,477138.3802294354,,,,,,,514386.05259256926,542452.1581465264,411282.72340036737,486314.8285922246,56725.706695884895,495762.21641100233
owen beck__2002-08-09,,,,,,3761997.024635931,,,2882728.5251478422,,,,,,,,,,3322362.774891887,621736.7184717479,3322362.774891887
owen dodgson__2003-03-19,,,,,,,646382.9867658027,,,,,781721.9590463043,,749577.7777810898,,,,716063.8158791732,723436.6348680925,57942.964810440586,732820.7968301314
owen elding__2006-03-07,,,,,,,,,,,,,792950.2050939113,948182.6412526222,,,,883396.150786103,874842.9990442122,77968.86950881055,883396.150786103
owen jochmans__2003-01-28,,,,,227678.6542495275,,238464.75853969695,,,,,,,,,,,239210.3589817666,235117.92392366368,6453.373533911961,238464.75853969695
owen maes__1998-09-24,,,,,,,,,,,,711678.1069876649,718441.7418601131,,,,,,715059.924423889,4782.612083777907,715059.924423889
owen wijndal__1999-11-28,Owen Wijndal,DEF,3149999.9999999995,2322580.0455270987,,,,,,,,,,,2429396.3410869064,2470192.4732304597,,2326474.231513854,2387160.7728395797,74233.0410110922,2377935.2863003802
owura edwards__2001-04-10,,,,,431415.1745602195,,,404520.23364368174,,452768.0058643221,391981.6803816409,,,447602.82272434625,440705.6964005695,,,,428165.60226246325,24573.470016174047,436060.4354803945
ozan kabak__2000-03-25,,,,,,,,,,,,,,,,7099561.140269864,,5747531.419952643,6423546.280111253,956029.3836020584,6423546.280111253
ozan kokcu__1998-08-18,,,,,592181.0799768694,,,,,,,,,,780551.9793275851,,665647.7763500488,704731.0597136527,685777.973842039,78542.843875398,685189.4180318508
pablo galdames__1996-12-30,,,,,1236514.9153846605,,,,,,,1100214.347856407,,1218660.8229291583,,,,,1185130.0287234087,74078.99025487757,1218660.8229291583
pablo pagis__2002-12-29,,,,,,,1756915.690183122,2819684.7231822093,,,,,,,,,,,2288300.2066826657,751491.1900687243,2288300.2066826657
pablo rosario__1997-01-07,,,,,,,9114358.203576108,,,,,,,10683208.092417806,,10507419.481505694,,,10101661.925833203,859535.8566800095,10507419.481505694
pablo sabbag__1997-06-11,,,,,,,1414593.8567045508,,1869639.3223796124,,1792942.6398903143,,,,,1634599.2653684244,,,1677943.7710857254,201000.702977752,1713770.9526293692
pachanga kristensen__2006-12-07,,,,,,,,292119.11141115596,258933.7362093345,260399.4504506244,,,,,,,,,270484.09935703827,18750.797036276694,260399.4504506244
paddy barrett__1993-07-22,,,,,,,,,410537.48873762676,,402275.4310280881,,,387193.7470722759,,,,,400002.22227933025,11836.730006476926,402275.4310280881
paddy mcnair__1995-04-27,,,,,,,,2209315.139151287,,,,2224416.420421843,,,,,2272624.6361404485,,2235452.0652378593,33066.0278024761,2224416.420421843
pal alexander kirkevold__1990-11-10,,,,,361015.1429303338,382479.18436306954,,,,338121.7788832766,,348448.9055670384,,,,317813.7382197509,,361827.3276086785,351617.679595358,22270.467546120293,354732.0242486861
panagiotis retsos__1998-08-09,,,,,,10268141.102693822,,,,,,,,,,,,,10268141.102693822,,10268141.102693822
panos katseris__2001-07-05,Panos Katseris,DEF,2449999.9999999995,2293433.948847538,,2392966.2142358962,,,,,,,,,,,,,2343200.081541717,70379.9398029673,2343200.081541717
pantelis hatzidiakos__1997-01-18,,,,,,,,,,,,,2094972.0989065522,,2210139.460663572,2222845.16799913,,,2175985.575856418,70446.76241924861,2210139.460663572
paolo ghiglione__1997-02-02,,,,,1029269.6442886997,1021731.306824634,,,,,,,,,1042981.3335178656,,,,1031327.4282103997,10773.42863795319,1029269.6442886997
papa amadou diallo__2004-06-25,,,,,,,,2284524.638646315,,,,,1922553.5188010342,,2391448.525435656,,,,2199508.894294335,245736.42262088737,2284524.638646315
pape demba diop__2003-09-04,,,,,,,,,,,,2887914.575634059,,,2804844.597716337,,,,2846379.586675198,58739.34469863796,2846379.586675198
pape gueye__1999-01-24,,,,,,,,,,,,,,,,,,15942056.77904163,15942056.77904163,,15942056.77904163
pape habib gueye__1999-09-20,,,,,,,,,,,,,1542230.8135878283,,,,,1385575.3003462434,1463903.0569670359,110772.17572338365,1463903.0569670359
pape matar sarr__2002-09-14,,,,,,,,,40732878.83763786,,45754167.73727758,,,,38374032.39728016,,,,41620359.65739853,3769259.3520812597,40732878.83763786
pape moussa fall__2004-07-04,,,,,,,,,,,,,762337.6493541554,,,,,,762337.6493541554,,762337.6493541554
pape sy__1997-05-02,Pape Sy,GK,474999.99999999977,501226.5119522278,550338.3902683745,,,,,547102.3857478797,,,,,,,552451.6434910613,575786.7431193634,545381.1349157814,27164.595137118413,550338.3902683745
parfait bizoza__1999-03-03,,,,,561847.4652282957,,,522583.71276013384,,,,469730.330009755,,,474039.34014055034,,,,507050.21203468373,43690.27298273556,498311.5264503421
paris brunner__2006-02-15,,,,,,,,,,,,,1494962.515115528,,,1410835.2237387525,,,1452898.8694271403,59486.97821537442,1452898.8694271403
paris maghoma__2001-05-08,,,,,1368319.8039395523,,,,,1284253.812088791,,,,,,1420619.2040934712,,,1357730.940040605,68796.6064799009,1368319.8039395523
pascal gregor__1994-02-18,,,,,,431290.8829573039,,,,,,413326.7364626208,,,411254.1696767892,423791.98702639283,,,419915.94403077674,9360.50098769162,418559.3617445068
pascal gro__1991-06-15,,,,,,,,6164361.784378405,,6289404.298883207,4763631.809097194,,,,,,6086716.84781991,,5826028.685044679,713169.378160873,6125539.316099158
pascal klemens__2005-02-23,,,,,2142883.760490897,,,,,,,,,,,,,,2142883.760490897,,2142883.760490897
pascal kuiper__2004-03-17,,,,,226725.13436788123,,,,,,,,,,,236281.37636619253,,,231503.25536703688,6757.283519665609,231503.25536703688
pascal stenzel__1996-03-20,,,,,,,,1482482.4634943132,1635028.9284514228,,,,,,,,,,1558755.695972868,107866.63981720827,1558755.695972868
pascal struijk__1999-08-11,,,,,,,,11471928.634706989,11883896.513464782,,10748340.800306918,,,11734238.956925867,,,11807767.251274137,,11529234.43133574,463268.657774301,11734238.956925867
pasquale mazzocchi__1995-07-27,,,,,,1866568.0974218536,1875530.749027585,,,,,,,,,1986538.6705715521,,,1909545.839006997,66828.17044628269,1875530.749027585
pathe ciss__1994-03-16,,,,,,,,,6908050.657355348,7310091.852623759,,,,,,,,7744946.079099343,7321029.529692817,418554.90836778545,7310091.852623759
pathe mboup__2003-10-19,,,,,,,3572333.453632228,,,,,,,,,,,3363018.044533515,3467675.7490828717,148008.34518053647,3467675.7490828717
patric pfeiffer__1999-08-20,,,,,,1640434.9512440285,,,,,,,1798967.2693602918,,,,,,1719701.11030216,112099.27717723271,1719701.11030216
patrick bamford__1993-09-05,,,,,,,,2803948.8629044243,,2208261.5933974884,,2392786.319152091,2387370.4986550654,,,2875731.6624413813,,,2533619.78731009,290344.2864725929,2392786.319152091
patrick bauer__1992-10-28,Patrick Bauer,DEF,487499.9999999996,313701.68205318495,,,,,,,,,,,,,288176.58728295757,,300939.1346680713,18048.96760245706,300939.1346680713
patrick berg__1997-11-24,,,,,12082426.105319025,,8559825.21590716,,,,,,,,,,,,10321125.660613094,2490854.9763168935,10321125.660613094
patrick brouwer__2001-03-19,,,,,,,,,,,,,522557.6875036106,,,533676.5705124146,,,528117.1290080126,7862.237574745149,528117.1290080126
patrick cutrone__1998-01-03,,,,,,,,,5543864.934159792,,,6324040.058725474,,5851959.858657119,6166153.765408963,6099379.711508223,,,5997079.665691914,305130.2182894048,6099379.711508223
patrick dorgu__2004-10-26,,,,,,,,,,,,,,,,,,9727016.995774131,9727016.995774131,,9727016.995774131
patrick drewes__1993-02-04,,,,,,,,,,,,841426.5584778201,,,,,,,841426.5584778201,,841426.5584778201
patrick egelund__2000-08-02,,,,,,,,,,,,,,,,470995.36029010493,,488295.18314707594,479645.2717185904,12232.82205549023,479645.2717185904
patrick enrici__2001-05-02,,,,,,,,,549867.4705610863,,556283.5066155385,,,,,,561052.0986160047,,555734.3585975432,5612.499339952561,556283.5066155385
patrick erras__1995-01-21,,,,,811517.1508195119,,,,,,,,,,811643.5721152512,,,788824.3949649992,803995.0392999207,13138.315445235745,811517.1508195119
patrick kammerbauer__1997-02-11,,,,,,,,,583213.988616672,,,573609.894166285,,,,,,590652.6234551432,582492.1687460333,8544.262598232934,583213.988616672
patrick mainka__1994-11-06,Patrick Mainka,DEF,4500000.000000002,5135012.11663935,,,,,5624802.917317395,5052964.1191866165,,,,,,,,,5270926.38438112,309199.6424541103,5135012.11663935
patrick mortensen__1989-07-13,,,,,,693182.7653234428,,,,,,,,,713079.0585178352,,,848901.7127594886,751721.1788669223,84746.72705451517,713079.0585178352
patrick pentz__1997-01-02,,,,,,1815990.221113534,,,,,,1749574.9800671933,,,,,1856787.3835669192,,1807450.8615825486,54113.91098365173,1815990.221113534
patrick pflucke__1996-11-30,Patrick Pflücke,MID,2900000.0000000014,3911704.6499699014,2510287.763262644,,,,,3780333.6576746935,,,,,3830106.203576989,,3643150.779160931,,3535116.610729032,581144.2074581605,3780333.6576746935
patrick roberts__1997-02-05,Patrick Roberts,MID,2800000.000000002,2498943.845982225,2096861.127512058,2732846.5725480146,,,,2831489.4069447387,2530900.135744393,,,,2333814.9494304755,2753076.388052717,,,2539704.632316374,260835.05709421934,2530900.135744393
patrick sussek__2000-02-08,,,,,,,,,,,775688.9446539446,,,,,,,684059.7249715697,729874.3348127571,64791.64259223913,729874.3348127571
patrick twumasi__1994-05-09,Patrick Twumasi,MID,749999.9999999998,589233.7996949882,647945.9834044372,,,,571496.9971300164,,514561.3052156039,612085.8730207477,714232.869937536,,,,,535625.2630764178,597883.1559256782,68111.27731595897,589233.7996949882
patrick van aanholt__1990-08-29,Patrick van Aanholt,DEF,625000.0000000002,754896.4560731605,,,,,,,,648661.2207349681,,,,,,,701778.8384040643,75119.65530858461,701778.8384040643
patrick wimmer__2001-05-30,,,,,,18152645.84224912,,16671936.522898138,,,,,,,,15388864.161638552,17707037.575436544,,16980121.02555559,1228861.018842833,17189487.049167342
patrik carlgren__1992-01-08,,,,,,647462.4111166215,882825.6621508453,,,740267.1755689685,,,,711095.7543528075,,,,548655.6790200991,706061.3364418683,123137.51121722978,711095.7543528075
patrik gunnarsson__2000-11-15,,,,,,,,,,1266586.2102347077,,,,,,,,556553.5921091079,911569.9011719078,502068.87914025,911569.9011719078
patrik mijic__1998-11-04,,,,,,,1078008.6398039511,960421.5518406649,,,,,960498.484029106,,,929821.1646740772,,884339.4506352639,962617.8581966127,71637.07173100967,960421.5518406649
patrik schick__1996-01-24,,,,,,,,,51379754.18698876,,,,,,44294188.40977142,49442360.92261987,,40754229.55337836,46467633.26818961,4842340.381122193,46868274.666195646
patrik walemark__2001-10-14,Patrik Wålemark,MID,2750000.0,2272184.051118362,,,2292569.530088895,,,,,,,,,,,,2282376.7906036284,14414.710417799482,2282376.7906036284
patrizio masini__2001-01-27,,,,,,,,,,,,,1464130.6150980827,,1637762.2915977812,,,,1550946.453347932,122776.13588172574,1550946.453347932
patryk dziczek__1998-03-25,,,,,1205613.0714510388,,,,1245232.5096137486,,,,1230628.1457635642,,,,,,1227157.908942784,20036.388840717314,1230628.1457635642
patryk klimala__1998-08-05,Patryk Klimala,FWD,1849999.9999999995,1135135.4605001542,,,677786.120728756,,,,,1120344.7328507365,,,1029816.6389651526,,,,990770.7382611998,213786.92373071902,1075080.6859079446
patryk szysz__1998-04-01,Patryk Szysz,MID,775000.0000000007,713023.5379813843,,,,677657.737664571,,,415572.1348406605,,,,,,,,602084.4701622053,162489.45620665498,677657.737664571
patson daka__1998-10-09,Patson Daka,FWD,8249999.9999999935,1933617.2437827706,,,2207851.3403197937,,,,,,,2039835.2480263815,,,2002048.0756607754,,2045837.9769474303,116612.47942427915,2020941.6618435783
paul argney__2006-05-23,,,,,,,,,,,,,,,,491413.74602898577,,,491413.74602898577,,491413.74602898577
paul bernardoni__1997-04-18,,,,,,,,1466581.4658317934,,,,,,,1423069.016744818,1526176.8428868044,,,1471942.4418211386,51762.54437911906,1466581.4658317934
paul gladon__1992-03-18,,,,,,,,,,,,,,,448151.0184849802,442206.5367926587,,,445178.7776388194,4203.383315279845,445178.7776388194
paul izzo__1995-01-06,,,,,,,,,,,,1126302.25203054,,1114047.8297316283,,1169333.2094345319,1168601.3528852756,1062886.8003447137,1128234.288885338,44141.544418436475,1126302.25203054
paul joly__2000-06-07,Paul Joly,DEF,2100000.000000001,2669817.492334019,,,,,2845289.232423599,,3303635.4055310595,2745817.248544197,,,,,,,2891139.8447082187,284228.25742803107,2795553.2404838977
paul mcginn__1990-10-22,,,,,185557.00455867915,,,,,,209550.19931777127,,,,,,,,197553.6019382252,16965.75071648357,197553.6019382252
paul nebel__2002-10-10,,,,,,,,,,,,,,15476611.66081145,,,17196121.282039717,,16336366.471425584,1215876.913486019,16336366.471425584
paul onuachu__1994-05-28,,,,,,,6037362.083866505,,,,6613818.390626729,,,,,5534827.287273968,,5792181.095246097,5994547.214253325,461022.1832445975,5914771.589556301
paul pogba__1993-03-15,,,,,,,,,7673519.862468852,,,7810306.332528279,,,,,8043263.08914202,,7842363.094713051,186944.48485847254,7810306.332528279
paul reverson__2005-06-20,,,,,,,,742121.0771741255,742334.3857049819,,,,,784517.4568384441,805141.3817781786,,,,768528.5753739325,31515.25269276651,763425.921271713
paul seguin__1995-03-29,,,,,,,1688797.2022062445,,,,,,,,,,,,1688797.2022062445,,1688797.2022062445
paul wanner__2005-12-23,Paul Wanner,MID,11749999.999999994,7227163.8470148565,5758887.2015977595,6197132.925429988,,,,,,,,,7395193.451332415,,,,6644594.3563437555,793197.1400566666,6712148.386222422
paul will__1999-03-01,,,,,,960698.0316695775,,,,,905011.8402450618,,,918413.9021580347,,,,,928041.2580242247,29064.625656846973,918413.9021580347
paulo dybala__1993-11-15,,,,,,32951126.894337915,,,,,25892202.15305374,,,,,,35518911.91593356,,31454080.3211084,4984901.859264139,32951126.894337915
paulo gazzaniga__1992-01-02,Paulo Gazzaniga,GK,3299999.9999999986,3141264.8171680477,,,,3220382.03938267,,,2771688.959021663,3019077.7736698766,2896209.3354074336,,,2998550.635237173,2956805.06008532,,3000568.3742817407,149249.24842722205,2998550.635237173
paulos abraham__2002-07-16,,,,,,,,,,,,,2047720.0052568193,,,,2345347.3291586656,,2196533.6672077426,210454.29899740053,2196533.6672077426
pavao pervan__1987-11-13,,,,,,262368.3075549993,347173.56658975396,250996.7273421022,,,,,,261782.03889377668,,,,,280580.16009515803,44702.357192342686,262075.17322438798
pavel kaderabek__1992-04-25,,,,,2224344.5354917473,2111666.1407273943,,,,,,2138008.651369877,,2113584.60635436,,,,,2146900.9834858445,53003.309478848125,2125796.6288621183
pavel sulc__2000-12-29,,,,,,18235038.2576922,,17108857.15615874,,,12556342.798924271,17748089.168501828,,,,,,9307149.384400044,14991095.353135416,3900139.6544251572,17108857.15615874
pavlo isenko__2003-07-21,,,,,,,,,1615653.8408480333,,,,,,,,,1598351.169035952,1607002.5049419927,12234.836570967977,1607002.5049419927
pavlos pantelidis__2002-09-16,,,,,1969254.6694702057,,,,1892211.4247174265,,,1920056.4088348066,,1892847.8376156515,,,,,1918592.5851595225,36182.62575152311,1906452.123225229
paxten aaronson__2003-08-26,,,,,,,,,,,,,,,,,,10124973.759242455,10124973.759242455,,10124973.759242455
pedro bravo__2004-11-26,Pedro Bravo,MID,1949999.999999999,2337608.044451108,,,,,,,,,2384492.3006225945,,,,,,2361050.1725368514,33152.175469745234,2361050.1725368514
pedro silva torrejon__1997-01-25,,,,,1838413.8539023516,,,,,,,,1683992.4238775908,,,,1742950.7263415903,,1755119.0013738442,77926.53399624837,1742950.7263415903
peer koopmeiners__2000-05-04,,,,,,,,,,,,4460161.213374993,,,,,,,4460161.213374993,,4460161.213374993
pelle clement__1996-05-19,Pelle Clement,MID,950000.0000000008,825148.3760187117,,,3384671.397957211,,,,695547.2725894441,869221.9879287516,,,,957421.2671436073,,,1346402.0603275453,1143335.7041797633,869221.9879287516
pelle mattsson__2001-08-04,,,,,,,,3054927.153780504,,3031592.0985201444,,,,,,3326073.714379994,,,3137530.9888935476,163699.11637328466,3054927.153780504
pepijn reulen__2008-06-01,,,,,,,,,459947.4549046511,,401637.95530898735,,429765.2582603426,,,,,,430450.22282466036,29160.783907757963,429765.2582603426
percy liza__2000-04-10,,,,,671453.2681156241,,753542.9911616057,,,,,844437.103115309,,,,,,,756477.7874641796,86529.25265367058,753542.9911616057
perr schuurs__1999-11-26,,,,,,,9703510.345635237,,12317405.872051805,,9986094.908942038,,,,,,,,10669003.708876358,1434533.2960673792,9986094.908942038
pervis estupinan__1998-01-21,Pervis Estupiñán,DEF,19499999.99999998,17413861.434050407,,,14511537.221029874,,17890959.996167023,,,,,,,,,,16605452.883749103,1829007.343186219,17413861.434050407
petar filipovic__1990-09-14,,,,,,260565.8555328488,,,,,,292406.1534938508,,259880.0559138931,,,265177.4761778561,,269507.3852796122,15446.014841884898,262871.6658553524
petar musa__1998-03-04,,,,,,,,,,8081514.059960908,,,,,,,,,8081514.059960908,,8081514.059960908
petar ratkov__2003-08-18,,,,,,,,,,2835569.557828385,3363325.2787092864,3055407.9745617067,3082430.6620936836,,,3132160.6666147793,3203263.586739599,,3112026.287757907,174579.8835843195,3107295.664354231
petar stojanovic__1995-10-07,Petar Stojanović,DEF,1249999.999999999,1290656.434306444,,,,,1362372.1947843088,,,,,,,,1274205.3239762082,,1309077.9843556536,46881.386569562215,1290656.434306444
petar sucic__2003-10-25,,,,,,,12571932.580170613,,15180225.270991402,,15506749.049144816,,14817135.903700536,,,14070026.562835254,,,14429213.873368526,1167699.9830995386,14817135.903700536
peter ankersen__1990-09-22,Peter Ankersen,DEF,375000.00000000006,418450.1496290065,,,,,,,442482.2501718434,,,443007.229486256,,456066.04425831453,,,440001.41838635516,15681.398919034344,442744.7398290497
peter gulacsi__1990-05-06,,,,,,5311172.792518785,4809746.599942378,6352684.5901133185,,7446122.867248483,,5434961.871571271,,,,,,,5870937.744278846,1041972.4807686324,5434961.871571271
peter therkildsen__1998-06-13,Peter Therkildsen,DEF,649999.9999999995,789007.4989973088,,,,,,799226.9380753539,,809668.5906625139,,,,,,808148.6232145142,801512.9127374226,9524.68352791231,803687.780644934
petko hristov__1999-03-01,Petko Hristov,DEF,1200000.0000000005,1295374.0803074082,,,,1249782.180429254,,1385201.3131735297,,,,,,,,,1310119.1913033973,68903.18644312446,1295374.0803074082
petros bagalianis__2001-02-06,,,,,423179.8428076135,465744.462901698,,,,459503.6265287393,,452913.11703934736,,,448548.69099724654,,,,449977.9480549289,16341.037133165893,452913.11703934736
phil foden__2000-05-28,,,,,,,,,78796701.9984724,69665373.76476245,,,54215244.28436639,,,,,,67559106.68253376,12425348.550598308,69665373.76476245
phil neumann__1997-07-08,,,,,2715289.8936416223,,2921716.1256423285,,,,,,,,,,,,2818503.009641975,145965.38846248688,2818503.009641975
philip billing__1996-06-11,,,,,,,8116826.0659043845,10257512.885274973,,,,,,,,,8789012.228156576,,9054450.393111976,1094750.2359981064,8789012.228156576
philip brittijn__2004-04-09,,,,,,,1567745.7230546675,,,1647510.959601544,1621590.0382795827,,,,,,,,1612282.2403119311,40689.059556590335,1621590.0382795827
philip otele__1999-04-15,Philip Otele,MID,3799999.9999999995,3501283.789496004,,,,,,3374410.530490912,,,,,,,,,3437847.159993458,89712.94179373782,3437847.159993458
philip zinckernagel__1994-12-16,,,,,,,8416035.25004947,,,,5543794.019554158,,,,6611397.001074689,,,,6857075.423559439,1451795.7283981973,6611397.001074689
philipp hofmann__1993-03-30,,,,,,,,1699116.9554356341,,,,,,,,,,,1699116.9554356341,,1699116.9554356341
philipp kohn__1998-04-02,,,,,,,8133889.981459207,8348673.687473996,,,,,,,,,,,8241281.834466601,151875.01501143497,8241281.834466601
philipp sander__1998-02-21,,,,,,,5070146.323573509,6035750.312117086,,5568844.935341772,,,5393666.8900818005,,,5659052.750010196,,,5545492.242224873,354541.6027177161,5568844.935341772
philipp schulze__2003-01-29,,,,,,1047736.9104933457,,,,,,,,,,1110567.0736688697,,1071800.8383014826,1076701.6074878993,31700.48114981287,1071800.8383014826
philippe rommens__1997-08-20,Philippe Rommens,MID,2550000.0,1806359.7988563348,,,,,,,,,,,,,,,1806359.7988563348,,1806359.7988563348
philippe sandler__1997-02-10,,,,,,,,4642416.733134661,,,4922456.239151164,,,,,,,,4782436.486142913,198017.8337044003,4782436.486142913
phillip cancar__2001-05-11,Phillip Čančar,DEF,387499.99999999977,454832.7674671045,412244.6396419218,,517220.0202656612,,,,461804.12298774475,,,,,,,,461525.3875906081,43109.75560407869,458318.4452274246
phillip menzel__1998-08-18,,,,,,879131.4208216355,826376.4842091395,,,,,,,,,,,,852753.9525153874,37303.37341976242,852753.9525153874
phillip tietz__1997-07-09,,,,,3906371.3694484434,,,,,4107983.461148906,,,,,,,,,4007177.4152986747,142561.27721060117,4007177.4152986747
pierluigi gollini__1995-03-18,,,,,,,,,,,2583196.846677623,2970972.541211364,,2884170.3796730353,,,,,2812779.9225206743,203506.62236669,2884170.3796730353
piero hincapie__2002-01-09,,,,,,,,,,,,53000138.85725711,,,,,49987666.441167705,,51493902.649212405,2130139.6735542435,51493902.649212405
pieros sotiriou__1993-01-13,Pieros Sotiriou,FWD,1249999.999999999,991044.9435950854,987970.0408033683,,,,,,625304.4860968218,,,,,,,,868106.4901650919,210278.3242311741,987970.0408033683
pierre dwomoh__2004-06-21,,,,,,,,2085065.337882812,,2327449.4120151615,,,,,,,2037185.788564609,2081397.379330881,2132774.479448366,131594.44745145467,2083231.3586068465
pierre kalulu__2000-06-05,,,,,,,,,30553367.43501575,,,31531318.02347007,,,28263164.08823701,,30698235.43552631,,30261521.245562285,1400203.3980143254,30625801.435271032
pierre landry kabore__2001-07-05,,,,,,,355449.1603086125,,,,,,,,,,703932.7036471666,,529690.9319778895,246415.07662660774,529690.9319778895
pierre leesmelou__1993-05-25,Pierre Lees-Melou,MID,9750000.000000004,7981618.0229675155,,,,,,,,,,,,,,,7981618.0229675155,,7981618.0229675155
pierreemerick aubameyang__1989-06-18,,,,,,,,,,,,,,8713928.805876184,8247165.010421764,8360158.128216349,,,8440417.314838098,243512.3466369676,8360158.128216349
pierreemile hjbjerg__1995-08-05,,,,,,,,,,,,21294426.410755213,,,,,23179921.350139443,22040248.78663986,22171532.182511505,949578.4797132767,22040248.78663986
pierreyves hamel__1994-02-03,,,,,,,,,,943840.563451881,,,,,,941231.823493836,1071478.8371213526,,985517.0746890232,74456.49623368232,943840.563451881
pierrick capelle__1987-04-15,,,,,,,,,,,,247734.76523254832,,,,,,,247734.76523254832,,247734.76523254832
pieter gerkens__1995-02-17,Pieter Gerkens,MID,999999.9999999997,1325905.6706075831,,1294980.18626768,,1232378.44779494,,,,,,1294157.7607498132,,,,1153880.9943129236,1260260.611946588,68479.51772299399,1294157.7607498132
pietro ceccaroni__1995-12-21,,,,,,,,,,,,,,,,,,1489106.8671215824,1489106.8671215824,,1489106.8671215824
pietro comuzzo__2005-02-20,,,,,,,,,,,,,,11488567.883741174,9417454.883714523,,,,10453011.383727849,1464498.046922459,10453011.383727849
pietro iemmello__1992-03-06,,,,,,,,,,,1205450.5481291923,,,,,,,,1205450.5481291923,,1205450.5481291923
pietro pellegri__2001-03-17,Pietro Pellegri,FWD,2400000.000000001,1666023.1803527705,,1568572.1667114515,,,,,,,,,,,1650824.8724638075,,1628473.4065093433,52429.62938706813,1650824.8724638075
pietro terracciano__1990-03-08,,,,,1383972.6881361261,1662481.6321005623,1562676.324494172,,,,,,,1583617.9373397003,,,,,1548187.1455176403,117607.95748716863,1573147.130916936
pim saathof__2003-12-28,,,,,223223.78370853033,,,,,,245277.24880073013,,241011.3015985695,,,,,,236504.11136927665,11697.217766011428,241011.3015985695
piotr zielinski__1994-05-20,,,,,,,,,,14783547.696679488,16342369.500204688,,,,14530416.053122992,,,,15218777.75000239,981255.6869055089,14783547.696679488
pontus almqvist__1999-07-10,,,,,,,,,,2315649.3589650313,2552671.2366101164,2292278.991293179,,,,,,,2386866.528956109,144065.7639116684,2315649.3589650313
pontus dahlberg__1999-01-21,,,,,,,867731.39534275,,841004.9541600833,824437.5281775675,,,,,,,,,844391.2925601336,21844.683548837642,841004.9541600833
pontus jansson__1991-02-13,,,,,,868705.3018323767,,,,,,911586.8385759509,,,,,913456.9327991187,,897916.3577358155,25314.791196971142,911586.8385759509
pontus rodin__2000-08-16,,,,,,,,,894388.2770628588,,920759.7862093103,,,999055.5785456537,,,,,938067.880605941,54437.933453195845,920759.7862093103
poyraz yldrm__2005-01-15,,,,,,,,,,,,,928804.4142105624,783023.8163748446,742323.6962495894,779666.5308075307,804686.3161001301,833651.1124096193,812025.9810253795,64661.2519544283,793855.0662374874
precious ugwu__2006-02-08,Precious Ugwu,DEF,912500.0000000001,1034191.5875828315,,,1471914.249669163,964224.6464678267,,,,,1101225.5023553593,,1002697.3886506804,,,,1114850.6749451724,205823.0369628332,1034191.5875828315
predrag rajkovic__1995-10-31,,,,,9154625.972822977,,,8613997.065104166,,,,,,,9092968.70259504,,,,8953863.913507394,295943.42487314617,9092968.70259504
prince amoako junior__2007-02-19,,,,,,,,2081633.9968091124,,,,,1793266.4227316345,,,1896819.4714286015,,1748677.021304695,1880099.228068511,147995.00223846687,1845042.947080118
prince ampem__1998-04-13,Prince Ampem,MID,1400000.0000000007,1206649.169688926,1074799.4747454433,,,,,,,,,,1117840.6460037613,,1198996.7077331415,,1149571.499542818,64027.11507005194,1158418.6768684513
prosper obah__2003-11-24,Prosper Obah,MID,2400000.000000001,5131506.737370428,,,,5534922.079486563,6249528.759814568,,3269233.243200098,,4083201.069592408,6167188.919569131,,5582746.926450695,,4368645.219510771,5048371.619374333,1054422.3824683796,5333214.408428496
prosper peter__2007-08-09,,,,,1614782.1138730291,1389656.1563282085,,1602423.1432876084,,,,,,,1389275.833712995,,,,1499034.3118004603,126619.25678650035,1496039.6498079086
qazim laci__1996-01-19,Qazim Laçi,MID,2649999.999999999,2189547.637990347,,,1545702.4945740644,,,,,2131210.5011813897,1697974.1113938277,,2159874.2834527656,,,2266115.043373583,1998404.0119943295,299035.8116565776,2145542.3923170776
quentin beunardeau__1994-02-27,Quentin Beunardeau,GK,425000.0000000002,401618.21916228364,,,389886.112786763,,,,,,,,,,,,395752.1659745233,8295.851975732574,395752.1659745233
quentin boisgard__1997-03-17,Quentin Boisgard,MID,649999.9999999995,477942.3358613301,,,,,492544.27974616044,471057.23793651955,,,,503384.8778660847,,,516625.16422788677,,492310.7791275963,18520.56075872565,492544.27974616044
quentin braat__1997-07-06,,,,,,,,,,782525.3394855032,,,,,,,,,782525.3394855032,,782525.3394855032
quentin lecoeuche__1994-02-04,,,,,405151.2576671421,,366774.9301112852,,413066.8023161278,,,,,426855.37109809887,,,,,402962.0902981635,25737.761418525013,409109.02999163495
quentin merlin__2002-05-16,Quentin Merlin,DEF,13000000.000000013,14155030.513961677,,,,,,,,14129411.203203758,13877680.11002805,,,14446856.517580464,,14263732.98356841,14174542.265668472,207758.69215223793,14155030.513961677
quentin ndjantou__2007-07-23,,,,,,,,,,,,3721804.8912624894,,,,,,,3721804.8912624894,,3721804.8912624894
quilindschy hartman__2001-11-14,,,,,,,16519555.983623791,,,,20400451.461086083,,,,21273381.280472882,,,19586171.62910434,19444890.088571772,2068334.0860676928,19993311.545095213
quinten timber__2001-06-17,,,,,,,,,32975326.195062645,,,,,,,,30668395.436011314,,31821860.81553698,1631246.383453025,31821860.81553698
rabbi matondo__2000-09-09,,,,,1501175.572770383,,,,,1658150.393793407,,,,,,,,,1579662.983281895,110997.96042092484,1579662.983281895
rabby nzingoula__2005-11-25,,,,,,,,,,,3088195.1839321246,3607650.2982655945,3063845.050001063,,,,,,3253230.177399594,307178.20367275074,3088195.1839321246
rachid ghezzal__1992-05-09,,,,,,,,,,,,,1547125.5861938733,,,,,,1547125.5861938733,,1547125.5861938733
radek vitek__2003-10-24,Radek Vítek,GK,1949999.999999999,2386123.7202948285,,,2314726.2026022496,,,,,,,2201568.6165604205,,,,,2300806.179819166,93061.65619800509,2314726.2026022496
radinio balker__1998-09-03,,,,,,,,,,,1049238.7534276259,,,,,916641.621217705,,,982940.1873226655,93760.33135152425,982940.1873226655
radovan pankov__1995-08-05,,,,,803229.7127651528,793801.4949866805,,922461.474586583,920296.461084515,,,910705.2390640232,,,,,,,870098.8764973909,65580.65900394015,910705.2390640232
radu dragusin__2002-02-03,Radu Drăgușin,DEF,15000000.00000001,11048434.65784361,,,,,10780046.01816279,,,,,,10859695.945622517,,,,10896058.873876305,137839.80698921072,10859695.945622517
raf smekens__2004-01-29,,,,,,,,,,,,,,,239504.06710176027,,,,239504.06710176027,,239504.06710176027
raffaele celia__1999-03-04,Raffaele Celia,DEF,612499.9999999997,581671.93024616,,583877.6689237936,611848.5514474845,,,,,604335.6723932968,,,,,585098.7716957125,,593366.5189412895,13757.40870343379,585098.7716957125
raffaele di gennaro__1993-10-03,,,,,,,507158.32015854726,,,602865.7269848473,,,,,,,,,555012.0235716973,67675.35637665646,555012.0235716973
raffaele pucino__1991-05-03,,,,,,,,,,,,436365.8560660608,416608.3698990321,,,,,487276.7959191106,446750.3406280678,36460.72885657592,436365.8560660608
raffaele russo__1999-02-25,Raffaele Russo,MID,487499.9999999996,530460.5890926007,,,,,,,,,,,,499813.8082746773,,,515137.19868363906,21670.546537891463,515137.19868363906
rafik belghali__2002-06-07,,,,,1578956.4967753345,,,,,1600256.6903599983,,,,,,,,1475712.4124448344,1551641.8665267222,66613.70774522457,1578956.4967753345
rafik el arguioui__2005-07-31,,,,,,,,,,,,,,,415191.9280272973,444953.2819106896,,,430072.60496899346,21044.45514823928,430072.60496899346
rafik guitane__1999-05-26,,,,,,,,3587712.5542936516,,,,,,,4054336.6644753814,3786015.1575710145,,,3809354.792113349,234185.97087816786,3786015.1575710145
rafik messali__2003-04-28,,,,,,,,,930908.295673521,,,,,,,916146.755163383,,,923527.525418452,10437.98539547853,923527.525418452
rafiki said__2000-03-15,Rafiki Saïd,MID,2050000.000000001,2055442.9325992481,,,,2075086.909482366,,,,,,,,1851869.2508968825,1969101.9810193263,1509912.6473821802,1892282.7442760007,231181.717729795,1969101.9810193263
rafiu durosinmi__2003-01-01,Rafiu Durosinmi,FWD,8000000.000000002,10677021.19627435,,,12547698.188329322,,,,,,,,,,,,11612359.692301836,1322768.3864917245,11612359.692301836
ragnar oratmangoen__1998-01-21,,,,,,,,,670255.4572515925,657256.2323380988,,,,686213.8530481543,,,,,671241.8475459485,14503.988198301115,670255.4572515925
raheem sterling__1994-12-08,,,,,,12856330.536043985,,,,,11170820.983651793,,,,,,,,12013575.759847889,1191835.2342512214,12013575.759847889
rahim alhassane__2002-01-01,,,,,,,,2475249.900385104,,,,,2116351.0328388778,,2732538.4665273903,2636124.7911986094,,2242991.7685245397,2440651.191894904,259251.3358486243,2475249.900385104
ramazan civelek__1996-01-22,,,,,,,,,,910212.8465667175,,,,872300.6223936706,,,851625.3609726712,,878046.2766443532,29713.34336850088,872300.6223936706
rami kaib__1997-05-08,Rami Kaib,DEF,525000.0000000003,523149.3010237781,,,,532994.3818407143,,,,,,529938.8884709672,,,,,528694.1904451532,5039.182369650857,529938.8884709672
ramiro funes mori__1991-03-05,Ramiro Funes Mori,DEF,762499.9999999997,604879.6568715038,,,,,,,,,667984.4991736221,,,,,,636432.0780225629,44621.86191753556,636432.0780225629
ramiz zerrouki__1998-05-26,,,,,3687141.4544705255,,,,3642382.404121458,,,,,,,,,,3664761.9292959915,31649.428021295687,3664761.9292959915
ramon arias__1992-07-27,,,,,410503.5530568753,,370611.1979799228,,,,,,,438985.9930209158,,,,,406700.248019238,34345.69836429938,410503.5530568753
ramon hendriks__2001-07-18,,,,,,,3997548.115581358,,,,,,,,,,3144529.6547283214,,3571038.8851548396,603175.1381464936,3571038.8851548396
ramon pascal lundqvist__1997-05-10,,,,,843036.6256508948,,,924281.3253367504,,,,846559.2041270374,,879453.2081666298,,,878425.6001790217,,874351.1926920668,32743.878212434254,878425.6001790217
ramy bensebaini__1995-04-16,Ramy Bensebaini,DEF,12249999.999999987,17082694.867722552,,,,,,,18061949.01611169,,,,14735985.990895985,,15678290.981887292,,16389730.214154381,1473943.8557696939,16380492.924804922
ramzi safuri__1995-10-21,,,,,1465540.6932811516,,,1517567.751168496,,,,1496461.2324485194,1436234.6430624872,,,,,,1478951.0799901634,35601.42875172151,1481000.9628648355
randal kolo muani__1998-12-05,,,,,,,,,,,,,18189150.208207753,,,,,,18189150.208207753,,18189150.208207753
randy nteka__1997-12-06,Randy Nteka,MID,1450000.0000000002,2251254.9118038574,2036865.0236285366,,1854643.5375468445,,,,,2286703.013303457,,,,,,2240361.9564423556,2133965.68854501,184292.5807343977,2240361.9564423556
rani khedira__1994-01-27,,,,,,,,,,,5103191.765944617,,5263917.495218201,,4894303.042617205,,,4531708.09139018,4948280.098792551,316264.84185820824,4998747.40428091
raoul bellanova__2000-05-17,,,,,,15611912.037988316,,,,,,,14184099.998686424,,,,,,14898006.018337369,1009615.5752501617,14898006.018337369
raphael guerreiro__1993-12-22,Raphaël Guerreiro,DEF,11749999.999999994,15573360.882326845,,,11256623.10379399,,,,,,,14078826.541633451,14862199.012277912,,,,13942752.385008048,1891919.031338556,14470512.776955683
raphael le guen__2006-09-01,,,,,,,,,621350.4970074747,,,,603601.2238994355,,,,,639616.1703128933,621522.6304066011,18008.09022971013,621350.4970074747
raphael onyedika__2001-04-19,,,,,19490646.136584263,,,,,,,,,,,,,,19490646.136584263,,19490646.136584263
raphael sallinger__1995-12-08,,,,,,,,,1038376.9732005347,,,1166027.5992961528,,,979018.0478308665,,,,1061140.873442518,95560.39687277422,1038376.9732005347
rares burnete__2004-01-31,Rares Burnete,FWD,800000.0000000005,635568.6425743466,,607946.185189447,,,,,,,,,,606824.1303673155,,,616779.6527103697,16281.411389601259,607946.185189447
rares ilie__2003-04-19,,,,,,,,2965127.2676223367,,,,,2577471.6193799246,2428437.747328169,2524495.484430958,2792340.6437608907,,2554963.985861341,2640472.7913972703,199075.29864792115,2566217.8026206326
rasmus falk__1992-01-15,,,,,,,,1466638.556853028,,,,,,1472913.927462408,,,,,1469776.2421577182,4437.357112351406,1469776.2421577182
rasmus hjlund__2003-02-04,,,,,,,,,,,20921885.530289758,,,,,,,,20921885.530289758,,20921885.530289758
rasmus kristensen__1997-07-11,,,,,17267544.45635488,19597039.330620695,,,19402505.788404718,18980532.81360384,,,,,,,,17254911.798376426,18500506.837472115,1153051.7972369506,18980532.81360384
rasmus lauritsen__1996-02-27,Rasmus Lauritsen,DEF,1550000.0000000012,1111396.7983049476,,,,,,,,,,,,,1060260.3270996213,,1085828.5627022844,36158.94555523682,1085828.5627022844
rasmus nicolaisen__1997-03-16,,,,,,8151449.573191763,7090473.537054263,,,,,,8451267.933246622,,,,,,7897730.347830881,714996.8050036486,8151449.573191763
rasmus vinderslev__1997-08-12,,,,,,934060.1905899587,1204132.6237322756,,,995125.2421457416,,945102.3517475879,,987480.5250163398,,,,,1013180.1866463807,109936.17721016351,987480.5250163398
rasmus wikstrom__2001-03-18,,,,,,1695982.7130478558,,,,1631759.7039163834,,,,1710638.3082368423,,,1660717.163529146,,1674774.472182557,35514.70321195179,1678349.938288501
rassoul ndiaye__2001-12-11,,,,,2389332.4581999187,,,,2436523.023789435,,,2326130.097749511,2279011.3321685093,,,2346982.973331199,2379293.9616139336,,2359545.6411420847,54704.592413674545,2363138.4674725663
raul florucz__2001-06-10,,,,,,3614036.0089497534,3039011.7647967758,,,,3867495.282654906,,,,,3337085.895679297,,2996475.829980765,3370820.9564122995,373232.0376708007,3337085.895679297
raul jimenez__1991-05-05,Raúl Jiménez,FWD,4500000.000000002,5176801.452724791,5215457.440419309,,,,,,,,,,,4571342.671190622,,,4987867.188111574,361238.2541250773,5176801.452724791
raul oprut__1998-01-04,,,,,,,,,,,1036616.618378706,,,,,1193495.054324032,,,1115055.836351369,110929.80587887944,1115055.836351369
raul paula__2004-01-25,,,,,,,948716.3207452546,,,,,,,,,,,,948716.3207452546,,948716.3207452546
rav van den berg__2004-07-07,,,,,,,,3755763.5253645056,,4132969.140515132,,,,,,3966431.436813547,4138991.804209785,,3998538.976725742,180526.341187438,4049700.288664339
rayan aitnouri__2001-06-06,Rayan Aït-Nouri,DEF,37250000.00000006,41654414.256435476,44699195.925112076,40598709.55044584,,,41892985.36759309,,,,,,,,,,42211326.27489662,1751334.7315700713,41773699.81201428
rayan cherki__2003-08-17,,,,,,,,49962339.89665659,61973414.40442377,,,,55984705.05667287,,,61887032.05988444,,,57451872.85440941,5725983.4799621105,58935868.55827865
rayan fofana__2006-02-12,Rayan Fofana,FWD,4250000.000000002,3837474.1566767585,,,,,,,,,,,3489318.6059083454,,4759248.7411694415,3419960.853598975,3876500.58933838,616199.5836332219,3663396.3812925518
rayan philippe__2000-10-23,,,,,4540371.844164747,,,,,,,,,,,,,3747441.6914712936,4143906.76781802,560686.2879768254,4143906.76781802
rayan raveloson__1997-01-16,,,,,,,,,,,,,,2010021.9438634007,,,1808836.8638378354,2524794.213556552,2114551.007085929,369247.1739197155,2010021.9438634007
rayane bounida__2006-03-03,,,,,,,,,,,1306996.1271435162,1116790.863018858,,,,,,,1211893.4950811872,134495.43207992415,1211893.4950811872
razvan marin__1996-05-23,,,,,,,,4389702.039543094,,4393056.405638169,3841306.7502725474,,4973942.832839535,,4725709.496018691,,,,4464743.504862407,426271.87710384215,4393056.405638169
razvan sava__2002-06-21,,,,,,,,,,,,,,3416327.878783529,,,,,3416327.878783529,,3416327.878783529
rdvan ylmaz__2001-05-21,,,,,,4381193.728479471,,,,,,,,,,,,,4381193.728479471,,4381193.728479471
reda belahyane__2004-06-01,,,,,,,,,2600607.842605433,,,,,,2582956.560800645,,,,2591782.201703039,12481.341060800263,2591782.201703039
reda khadra__2001-07-04,,,,,3540493.443057359,,,,,,,,,3267566.1718965243,,3423738.692864831,3121726.0787778837,,3338381.0966491494,182655.84226341257,3345652.4323806777
reda laalaoui__2005-05-11,Reda Laalaoui,MID,787499.9999999994,689402.1055789475,,,490662.1005746592,,,573221.5913898443,,,,,631881.9812247928,,653138.8480070246,,607661.3253550536,77799.92651625616,631881.9812247928
reece james__1993-11-07,,,,,,,,,,,,,,575344.7358235762,703239.7598009821,,,,639292.2478122792,90435.43873443977,639292.2478122792
regan charlescook__1997-02-14,,,,,,,,,,,934522.974710445,,,,,,,,934522.974710445,,934522.974710445
regan hendry__1998-01-21,Regan Hendry,MID,375000.00000000006,393305.4759580591,,,,,,,,,,,,,,,393305.4759580591,,393305.4759580591
reggie cannon__1998-06-11,,,,,,,,,,,1420784.872841279,,1619716.075196382,,1546601.8854603793,,,,1529034.2778326801,100622.42019516484,1546601.8854603793
rein van helden__2002-07-24,,,,,3345974.829099868,,,,,,,,,,,,,3303807.7782078646,3324891.303653866,29816.607628373822,3324891.303653866
reiss nelson__1999-12-10,,,,,,,,8621172.655467214,,,7745005.579779699,,7193276.290431527,,9301240.686360039,,,,8215173.80300962,932685.9113434792,8183089.117623457
rekeem harper__2000-03-08,Rekeem Harper,MID,337500.00000000006,285459.2342091511,,,,,,,,,,,,,,,285459.2342091511,,285459.2342091511
remi matthews__1994-02-10,,,,,213406.62340770644,249816.3504522358,,205633.62222080812,,197919.8324575418,259534.85517173389,,,,223121.55394074222,,257348.43493825584,,229540.18179843205,25680.61188892625,223121.55394074222
remi oudin__1996-11-18,,,,,,,,,,,,,,1937747.0476312295,,,,,1937747.0476312295,,1937747.0476312295
remko pasveer__1983-11-08,,,,,,,,,,454941.2500468284,,571975.4570385306,456210.82839873957,,,,,,494375.8451613662,67206.23319241176,456210.82839873957
remo freuler__1992-04-15,,,,,11113761.982836945,,,,,,,,,,,,,,11113761.982836945,,11113761.982836945
remy cabella__1990-03-08,Rémy Cabella,MID,1899999.9999999993,1770565.5461734862,,1671289.463418529,,,,,,,,,,,,,1720927.5047960076,70198.79132566715,1720927.5047960076
remy descamps__1996-06-25,,,,,,,,,,,3852621.0242466307,,,3227143.477158808,,,,,3539882.250702719,442279.4150257274,3539882.250702719
remy labeau lascary__2003-03-03,,,,,4539135.315965158,4593215.335351962,,,,,,,,,,,,4249936.763100838,4460762.471472653,184571.86027961373,4539135.315965158
remy riou__1987-08-06,,,,,,127532.21525357313,,,,130686.36558526565,131387.7935649162,,,,,,,,129868.79146791833,2053.7019274329905,130686.36558526565
remy vita__2001-04-01,,,,,1606870.111770454,1640160.5926364248,,,,1639032.1074183942,,,1722571.2415186425,,,,1649026.1565119252,,1651532.0419711682,42816.74195723692,1640160.5926364248
renan ribeiro__1990-03-23,,,,,204772.8078337166,167122.57619591375,,212068.70835483068,,,,190206.67468312776,163933.05165428718,,,,,197927.3351589065,189338.52564679706,19841.300980222717,194067.00492101713
renat dadashov__1999-05-17,Renat Dadashov,FWD,1350000.0,823724.7615473631,,906674.3467690654,,,,880287.4472601207,,,,,,,,1184372.5624232143,948764.7794999408,160838.2034030435,893480.897014593
renato steffen__1991-11-03,,,,,,2094036.3233338834,,,,,,,2275081.4178050626,,,2432265.9978512395,2166930.17696411,,2242078.478988574,146996.86328820002,2221005.797384586
rene mitongo__2008-01-18,René Mitongo,FWD,700000.0000000006,659262.8118082534,,,,,735031.9971648066,,,,,,,,,,697147.40448653,53576.90477059921,697147.40448653
reo hatate__1997-11-21,,,,,,7587286.104123825,6716152.380152685,,,,,,,9048368.145358387,,,8381546.035466864,7061320.955967891,7758934.724213931,955746.648957706,7587286.104123825
rhian brewster__2000-04-01,,,,,,,,,,,,1864211.32082104,1998603.3031629322,,,1932135.0272039934,,2046617.3931055316,1960391.7610733742,79465.0901639726,1965369.1651834627
rhys healey__1994-12-06,,,,,,,,,,,,591643.6710821409,,,613485.7055643338,615976.6364974792,575067.1095968775,,599043.2806852078,19364.3416084726,602564.6883232374
rhys norringtondavies__1999-04-22,,,,,1293477.5293095883,,,1325070.9641061851,1421096.1683084136,,,,,1273176.6130724766,,,,,1328205.318699166,65504.991969259114,1309274.2467078867
rhys williams__2001-02-03,,,,,,,,418584.9598230392,,,,481383.58806198026,,,,,,,449984.2739425097,44405.33587696825,449984.2739425097
ricardo pepi__2003-01-09,,,,,,11704444.996129308,,,,,,,,,,12796151.677708745,,,12250298.336919026,771953.1976114829,12250298.336919026
riccardo brosco__1991-02-03,,,,,394286.8932525314,,,,,,396454.6109225567,,,,,,,402846.1787605556,397862.5609785479,4449.953328080225,396454.6109225567
riccardo calafiori__2002-05-19,,,,,,,,34177362.845959395,,,26181196.50997539,39666864.59739181,,,,,,,33341807.984442193,6781550.330561896,34177362.845959395
riccardo capellini__2000-03-01,Riccardo Capellini,DEF,749999.9999999998,788167.8760588145,,,,,,,778625.8380244629,,,,792231.0416144034,,788619.9752929275,,786911.182747652,5815.126412651167,788393.925675871
riccardo ciervo__2002-04-01,,,,,1102250.5839850327,1132363.7896071759,,,1029065.8431859574,,,1120022.9327802267,,,,,,,1095925.7873895983,46255.290192844834,1111136.7583826296
riccardo marchizza__1998-03-26,,,,,,,1822141.106980199,,,,,1275243.6831633467,1329067.0808658719,,,,,,1475483.9570031392,301417.69068474456,1329067.0808658719
riccardo orsolini__1997-01-24,,,,,,,,,,,,33426254.353572514,,,,,,,33426254.353572514,,33426254.353572514
riccardo pagano__2004-11-28,,,,,,,,,614062.8629896663,,719366.5719706011,,,,,,,657934.4373616824,663787.95744065,52895.32639346797,657934.4373616824
riccardo sottil__1999-06-03,Riccardo Sottil,MID,6250000.000000005,7573779.84533001,,,,,,,,,,,,,,7410910.61328355,7492345.22930678,115165.93842669709,7492345.22930678
riccardo tonin__2001-01-30,Riccardo Tonin,FWD,412500.00000000006,562559.1618251032,,,,550872.1777529276,,546295.7547984988,,554547.4270277984,604982.0537608986,,,,,,563851.3150330454,23751.975496318395,554547.4270277984
richard king__2001-11-27,,,,,,,,,346448.6336483296,,,,,,312934.4513075435,303561.3087892279,,,320981.46458170033,22547.64899869546,312934.4513075435
richard neudecker__1996-10-29,,,,,,479005.27806709445,537135.1653030714,,,,,,474284.228765016,,,,,476185.3330021627,491652.5012843361,30383.741081496933,477595.30553462857
richard rios__2000-06-02,,,,,25267269.59729663,,31321112.563483823,24465836.77050171,,,,25526235.276504166,,,23877233.764447227,25451721.84174789,,,25984901.635663573,2692011.1534044705,25359495.71952226
richard taylor__2000-10-02,,,,,,,,,,921386.945156023,,,,,889282.9472711275,,,,905334.9462135753,22700.95460760821,905334.9462135753
richie sagrado__2004-01-30,,,,,,,,,,,1564989.6335672052,,1527862.3782061639,,,,,1352331.427392244,1481727.8130552045,113587.74907374103,1527862.3782061639
richonell margaret__2000-09-07,,,,,,,,,,944699.71811146,,,,,,,978477.4385362964,1081010.1796454568,1001395.7787644044,70986.42983001255,978477.4385362964
rick meissen__2002-02-24,,,,,,,1458648.3108425713,,,,,,,,,,,,1458648.3108425713,,1458648.3108425713
rick van drongelen__1998-12-20,,,,,,,,6162468.906485314,,,,,6865050.1041997485,,,6697045.7697436055,6196221.583069746,,6480196.590874603,354367.2669138695,6446633.676406676
ricky van wolfswinkel__1989-01-27,,,,,,622136.4530828298,,,,,,637767.5984864038,548289.8702529444,,,,,559666.5895194614,591965.12783541,44567.921524949845,590901.5213011457
rico henry__1997-07-08,,,,,,6797188.741725278,,,8594575.270652726,7749442.060477989,,,,,,,,,7713735.357618664,899225.1164554282,7749442.060477989
rico lewis__2004-11-21,,,,,,,38078717.90924653,19587143.108853187,,,,,,24405758.552677896,,,,,27357206.523592535,9592594.46100989,24405758.552677896
rico richards__2003-09-27,,,,,,,,,,288970.66974751477,236903.74422840157,,,,,,,,262937.20698795817,36816.87611009984,262937.20698795817
ridgeciano haps__1993-06-12,Ridgeciano Haps,DEF,937499.9999999995,1082523.279704248,,,,,,,,,1216833.6565060748,,1452895.891920403,,,1302869.133541438,1263780.4904180411,155296.2102528906,1259851.3950237564
ridle baku__1998-04-08,,,,,13334817.197331531,16893659.266126815,,,,,,,,,,,,,15114238.231729172,2516481.360017107,15114238.231729172
riechedly bazoer__1996-10-12,Riechedly Bazoer,DEF,3900000.000000001,4240751.532170676,,,,,,4071536.247428458,,4449308.9696443705,,,,,,,4253865.583081168,189227.4852157251,4240751.532170676
rigoberto rivas__1998-07-31,,,,,,,,,,,862530.8096834216,727082.4885260721,,,,681587.52604992,,,757066.9414198046,94124.48424570942,727082.4885260721
rijad sadiku__2000-01-18,,,,,,513715.6774970556,,,,560189.729094948,,,430934.98827623203,,,,465577.6155716478,,492604.50260997086,56412.25093092289,489646.64653435175
rijk janse__2002-04-16,,,,,,,,,247508.2547330669,,,,,,,226536.1593297056,,,237022.20703138626,14829.510875407985,237022.20703138626
riley harbottle__2000-09-26,,,,,,,405252.0791868828,,,,,,,455124.6846435518,467283.20806139905,,,,442553.32396394457,32870.87722231173,455124.6846435518
riley mcgree__1998-11-02,,,,,,,2550064.440878629,,,,2259977.668015206,,,,,,,,2405021.054446918,205122.32422424815,2405021.054446918
ringo meerveld__2002-12-21,,,,,4369369.779713097,,,,,,,,,,,,,,4369369.779713097,,4369369.779713097
rio hillen__2003-03-05,,,,,856240.5283009609,888765.8913470708,837290.6387949948,,,,,924930.000152452,,939966.2164640203,,,,,889438.6550118998,43688.253196959224,888765.8913470708
rio ngumoha__2008-08-29,,,,,4030238.0283308076,3768752.539654892,,,3245770.792178053,,,,3856675.0836698525,,,,,4082069.6311876723,3796701.2150042555,333120.4362935849,3856675.0836698525
ritsu doan__1998-06-16,,,,,,,,25910255.88350934,,29186705.589552063,,,,,,24783118.58873454,,,26626693.353931982,2287543.793069645,25910255.88350934
rjan nyland__1990-09-10,,,,,,,,,1010396.4216461853,,,1123915.737956318,871726.8935111185,,,,,,1002013.0177045405,126303.2636628518,1010396.4216461853
rob holding__1995-09-20,,,,,,,,,,,,,,,1635448.3323987636,,,1979654.6919372582,1807551.512168011,243390.65095720443,1807551.512168011
robbie brady__1992-01-14,,,,,,,,,,,976336.5398287148,,,,1114354.6739938166,,,,1045345.6069112658,97593.55859485819,1045345.6069112658
robbie deas__2000-02-27,Robbie Deas,DEF,800000.0000000005,887127.2735289414,,,,,,,845646.6582581706,,,,,862554.2371284416,,,865109.3896385179,20858.019179028935,862554.2371284416
robbie gotts__1999-11-09,,,,,,,390369.4458501725,,,439610.3118131536,361926.31913106487,,,,,,,425172.75643414573,404269.7083071342,34986.07142115424,407771.1011421591
robbie muirhead__1996-03-08,,,,,,,,,,,,,,283563.55015171325,325350.9393022402,,,,304457.2447269767,29548.146236418776,304457.2447269767
robbie ure__2004-02-26,,,,,,1837520.6208746783,,,,,1887828.5798693523,,,1826982.9076613558,,,,1948526.2995884286,1875214.6019984537,55620.29004130965,1862674.6003720153
robbin weijenberg__2004-11-08,,,,,392805.5145670954,,272637.20121641573,368302.6901025729,383832.2126223093,,,431803.06096788094,,,,417279.45147839823,,,377776.68849244545,56366.51598636555,388318.8635947023
robert andrich__1994-09-22,,,,,,,9320083.1740821,,,,15666337.010103641,,,,,,,,12493210.092092872,4487479.122581971,12493210.092092872
robert bozenik__1999-11-18,,,,,,,,,,2109574.883427365,,,,,,2289537.162659898,,,2199556.0230436316,127252.54800311087,2199556.0230436316
robert glatzel__1994-01-08,,,,,,1767177.3491544458,,,,,,,,,,,,,1767177.3491544458,,1767177.3491544458
robert gumny__1998-06-04,,,,,,,,,,,,,,1409139.032264361,,,,1406811.3049758638,1407975.1686201124,1645.9517504493072,1407975.1686201124
robert ivanov__1994-09-19,Robert Ivanov,DEF,299999.99999999977,566752.7892627193,597016.5622204826,,,638177.7181948231,,,,,,,592609.6927055193,,,,598639.1905958862,29546.71737168269,594813.127463001
robert leipertz__1993-02-01,,,,,378569.80333719717,,,,,,,,359260.7840229384,,,,,,368915.29368006776,13653.538495174394,368915.29368006776
robert lewandowski__1988-08-21,,,,,,29613797.01495267,37018202.82316718,,27042097.860249784,,,,,31707968.63556496,,,31626926.67230552,35644179.72729524,32108862.122255895,3711886.960243799,31667447.65393524
robert ljubicic__1999-07-14,,,,,,2332173.290325897,1563825.9764075128,,,,,,,,2480803.139050985,,,,2125600.8019281314,492154.3700146855,2332173.290325897
robert mudrazija__1997-05-05,,,,,616568.3298830956,,,539766.1898330202,,,,,,,,,,,578167.2598580578,54307.31403904722,578167.2598580578
robert muhren__1989-05-18,,,,,330282.75857129775,,,,,,,,217783.17244887725,,,,,,274032.9655100875,79549.22022784356,274032.9655100875
robert street__2001-09-26,,,,,592040.8105570438,,,,,580478.4738599544,,,,,,,,,586259.6422084991,8175.806684873961,586259.6422084991
robert voloder__2001-05-09,,,,,403268.6338617595,,,,,,,424563.96482320584,,,,,,,413916.2993424827,15058.072930450546,413916.2993424827
robert wagner__2003-07-14,,,,,,,,,,,1581476.227875596,,1470677.7673581305,,,,,,1526076.9976168633,78346.34277692971,1526076.9976168633
robertjan vanwesemael__2002-03-26,,,,,,,,2335735.03955863,2136535.9870127365,,,,,,,,2211119.8804140175,,2227796.9689951283,100641.24202558344,2211119.8804140175
roberto gagliardini__1994-04-07,,,,,2099543.168497962,2091026.2321120508,1917335.4401052848,,,2165914.6215570187,2034016.1911460178,,1834291.1508409835,2081797.6277930804,2249819.7990410742,,,,2059218.028886684,132135.6536342856,2086411.9299525656
roberto insigne__1994-05-11,,,,,,,,,,,2211008.3620986748,,,,,,,,2211008.3620986748,,2211008.3620986748
roberto pereyra__1991-01-07,,,,,,,2244404.323041918,,,,,,,,2467730.176540517,,,,2356067.2497912175,157915.2254231325,2356067.2497912175
roberto piccoli__2001-01-27,Roberto Piccoli,FWD,14250000.000000017,11931056.440123849,,,,,,11856923.825990682,,,,,11092282.644067448,,11695864.026556352,11354308.483817125,11586087.08411109,354249.7420582991,11695864.026556352
roberto rosales__1988-11-20,,,,,290126.4888500307,,,,340050.772253153,,273451.89919107885,,,,,,270383.40189150133,,293503.14054644096,32221.413115847176,281789.1940205548
roberts uldrikis__1998-04-03,Roberts Uldriķis,FWD,612499.9999999997,669407.6645067397,652120.2451142425,647596.1215483499,,675835.1028651493,,666930.6846718288,,618057.9111520004,,,,,,,654991.2883097185,21032.60051491394,659525.4648930356
robin bormuth__1995-09-19,,,,,,,512869.4563208106,502685.5704614078,,,,,,,,500406.19701665867,,,505320.40793295903,6636.262841144115,502685.5704614078
robin fellhauer__1998-01-21,,,,,,,,2657829.173177978,3545095.2061530077,,,,,3448479.560001051,,,,,3217134.646444012,486775.723603126,3448479.560001051
robin gosens__1994-07-05,,,,,11844768.888107691,,,13441959.930497717,12527933.127309717,,,,16147457.838570848,,10841045.52884224,,,,12960633.062665643,2019440.5852660527,12527933.127309717
robin hack__1998-08-27,Robin Hack,MID,11749999.999999994,10006713.385181097,,,,,9860466.087220663,,,10383342.444690833,,,,10383523.199906703,,,10158511.279249825,266491.37229727826,10195027.914935965
robin himmelmann__1989-02-05,,,,,,,,,,,,,,,157204.02204073395,,,,157204.02204073395,,157204.02204073395
robin hranac__2000-01-29,,,,,,,,4546941.58709356,4654465.989095161,,,,5199226.402829249,,,,,,4800211.326339323,349714.3801820946,4654465.989095161
robin knoche__1992-05-22,Robin Knoche,DEF,1625000.0000000012,1052274.484396452,,,794987.7480149299,1124100.4731303144,,,,,,,1204328.1220674245,1003905.7540197904,,921705.0535014103,1016883.6058550536,145841.4006812471,1028090.1192081212
robin koch__1996-07-17,,,,,16360060.737114754,,,,,,,,17400871.597083427,17534896.160501514,16878261.619291134,,,,17043522.528497703,536525.1132487875,17139566.60818728
robin le normand__1996-11-11,Robin Le Normand,DEF,27250000.00000005,21952813.829097938,,,,,21567193.036595426,,26166466.664495654,,24892382.92895996,,,,20752336.12366383,,23066238.51656256,2333838.798722769,21952813.829097938
robin lod__1993-04-17,Robin Lod,MID,2449999.9999999995,2717477.7506776787,,2025095.5584964417,1036272.3420417797,,,,,,,,2129397.53035278,,,1763046.3449633485,1934257.9053064056,611444.1407255665,2025095.5584964417
robin mantel__2000-11-15,,,,,,242300.33122998482,251618.6791231178,,,,244136.4380175867,,,,,,,,246018.48279022975,4936.038012317038,244136.4380175867
robin mirisola__2006-12-08,Robin Mirisola,FWD,2150000.0,1682480.6908115416,,,,,1607139.8050328763,,1382074.2364019854,,,,,,,1397803.1226610339,1517374.4637268593,150467.42708458746,1502471.463846955
robin olsen__1990-01-08,,,,,,287783.2673174846,,,,,,,290322.9008871629,,,,,,289053.08410232374,1795.7921188485184,289053.08410232374
robin propper__1993-09-23,Robin Pröpper,DEF,2050000.000000001,2200280.203626266,,,,,,,,,2050917.6383313558,,,,,,2125598.920978811,105615.28277544965,2125598.920978811
robin risser__2004-12-02,,,,,20164284.485228095,,,,,,15431657.231198682,,13776069.95156112,,,,,,16457337.222662633,3315318.3581227325,15431657.231198682
robin roefs__2003-01-17,,,,,,,,,,,25763845.61623466,,,23395704.92489361,25104418.938051783,,,,24754656.49306002,1222200.0284083125,25104418.938051783
robin strm__2002-08-09,Robin Østrøm,DEF,1350000.0,1808584.6705019989,,,,,1566587.8472905098,,1542067.3609375171,,,,,,1808770.4165512566,,1681502.5738203207,147189.8276098947,1687586.2588962545
robin van cruijsen__2006-02-20,,,,,,,,,,,,,,,,,,1495367.2272703971,1495367.2272703971,,1495367.2272703971
robin yalcn__1994-01-25,,,,,,,,,,,,806159.7108050936,,,,,822002.8153341584,,814081.263069626,11202.766647548975,814081.263069626
robin zentner__1994-10-28,Robin Zentner,GK,5500000.000000001,4738891.346150754,,,4673748.303786358,,,,4854854.556478451,,,,,,,5001907.602214661,4817350.452157556,144043.17386386127,4796872.951314602
robin ziegele__1997-03-13,,,,,547728.0469450909,,,545980.3845442415,,,,,,,,,619374.7354001137,,571027.7222964821,41878.859081867166,547728.0469450909
rocco ascone__2003-09-12,,,,,,,,,,,841761.5547238578,1144992.977959038,,,,,,,993377.2663414478,214416.99563844394,993377.2663414478
rocco reitz__2002-05-29,,,,,15048274.865191232,,,,,,,,,14855265.640654027,,,,15199096.911414541,15034212.472419932,172346.4500824956,15048274.865191232
rocco robert shein__2003-07-14,,,,,,,,1322250.448960894,,1384547.7901362192,1181446.892220533,,,,,1250091.7429024961,,1298579.810204543,1287383.336884937,76477.4489389195,1298579.810204543
rocco vata__2005-04-18,Rocco Vata,MID,1275000.0000000002,2028877.8354125058,,1911709.8963730577,,,2227124.2449922953,1965299.4748752613,,,,2094712.2968678724,,,,2081276.076928314,2051499.9709082178,110527.24435303932,2055076.95617041
rockson yeboah__2004-08-02,,,,,,531131.4253433454,,,543447.9068886774,,,,,508250.7401687936,,,483788.116804564,,516654.54730134504,26320.399843340183,519691.0827560695
rocky bushiri__1999-11-30,,,,,,1197649.97760724,,,,,,,,,,,,,1197649.97760724,,1197649.97760724
rodrigo abascal__1994-01-14,,,,,,,,,,,,,,,,,1281992.2002164386,,1281992.2002164386,,1281992.2002164386
rodrigo battaglia__1991-07-12,Rodrigo Battaglia,DEF,2599999.9999999986,2338335.1518436945,,,,,,,,,,,,,,,2338335.1518436945,,2338335.1518436945
rodrigo de paul__1994-05-24,,,,,,,,15966571.856013363,,,,,,,,,,,15966571.856013363,,15966571.856013363
rodrigo guth__2000-11-10,,,,,,1590499.5832961823,,,,,,,,1557361.3262633411,,1520197.2151245275,,,1556019.3748946835,35170.39049744272,1557361.3262633411
rodrigo huescas__2003-09-18,,,,,,,,,4619498.472322418,,3115603.000326078,,3837511.454763178,4280831.7918105135,,,,4089923.0556200524,3988673.554968448,565387.0680811312,4089923.0556200524
rodrigo rey__1991-03-08,,,,,,,,1550566.8588528996,,,,1501295.160106406,,,,,,,1525931.0094796529,34840.352304226304,1525931.0094796529
rodrigo zalazar__1999-08-12,Rodrigo Zalazar,MID,19499999.99999998,21055011.659643058,,,,,19554543.807326,,,,,20465256.526976023,19663779.346438617,,,,20184647.835095923,708192.4157851929,20064517.936707318
roger fernandes__2005-11-21,,,,,,13483071.050758412,8594641.718761263,,,13713279.234794581,,,,,,,,,11930330.668104753,2891083.6250580004,13483071.050758412
roger martinez__1994-06-23,,,,,,,,3066077.115932212,,,,2875864.710951376,,,,,3402444.630464125,,3114795.485782571,266649.04383697046,3066077.115932212
roggerio nyakossi__2004-01-13,Roggerio Nyakossi,DEF,600000.0000000003,519019.52090103045,,,430600.3735225093,,,,567758.5633633953,,565529.6634281863,,,,,,520727.03030378034,64148.1901219026,542274.5921646084
roland idowu__2002-01-21,,,,,311595.94361012836,,,,,,365141.8082948173,,,,,,,,338368.8759524728,37862.644023040804,338368.8759524728
roland sallai__1997-05-22,Roland Sallai,DEF,11749999.999999994,9977782.991091214,,,,8550936.972624578,,,,,,9777486.955205077,,,9962549.802492125,,9567189.180353248,683591.252814963,9870018.378848601
rolando mandragora__1997-06-29,,,,,,,,,,,8536667.288196152,8531521.260172661,,,,,,,8534094.274184406,3638.7913115862675,8534094.274184406
romain del castillo__1996-03-29,,,,,,,,,,,,,,7765990.754757839,7551818.855477041,,,,7658904.8051174395,151442.40232105498,7658904.8051174395
romain faivre__1998-07-14,Romain Faivre,MID,6999999.999999995,9127779.254300192,,,,,,,,,,8767951.199210165,,,9063459.26982866,,8986396.574446341,191893.33383981633,9063459.26982866
romain matthys__1998-07-10,Romain Matthys,GK,587500.0000000002,591703.0013649624,974484.6598519685,,,,902042.8255238318,,752655.697070921,836171.8496205083,,,,,,835236.4887620553,815382.420365708,132376.02285319846,835704.1691912818
romain perraud__1997-09-22,,,,,,7889236.300633254,,,,,,7391804.61843974,,8296340.867899407,,,,,7859127.262324133,453019.174304538,7889236.300633254
romaine mundle__2003-04-24,,,,,4699554.9262395175,,,4000208.917080799,,,4659600.431739585,,,,4626840.339481584,,5209004.231968789,,4639041.769302055,429301.1756272325,4659600.431739585
roman kvet__1997-12-17,Roman Květ,MID,1600000.0000000012,1582970.1330498778,1460790.0205732617,,,,,,,,,1533918.1773488761,,1516457.8507991887,,,1523534.0454428012,50422.759057600626,1525188.0140740324
roman neustadter__1988-02-18,,,,,,,,,408099.70044310583,233718.44525493545,,,,,312745.96676623647,,,,318188.0374880926,87317.91133872083,312745.96676623647
roman yaremchuk__1995-11-27,,,,,4580178.62663321,,3282224.474743213,,,,4841264.616111663,,,,,,,,4234555.905829363,835010.6822379163,4580178.62663321
romano floriani mussolini__2003-01-27,,,,,,,,,,3153462.8729375596,,3260503.6933707735,,,,,,,3206983.2831541663,75689.28999209707,3206983.2831541663
romano schmid__2000-01-27,,,,,,18888296.446234215,,,,,,,,,16734090.152141973,,,,17811193.299188092,1523253.8786273662,17811193.299188092
romario rosch__1999-07-01,,,,,1114522.7674080234,,1114202.6091016622,752869.4219381231,,,,,,960281.199450483,937567.0212294998,,,,975888.6038255583,149833.14521615565,960281.199450483
romejayden owusuoduro__2004-07-02,,,,,3436325.010018841,,,,,3950459.6999032344,3475702.421114009,,,4199370.439669883,,,3619819.5738339047,3445508.4644508725,3687864.268165124,316937.21397485444,3547760.997473957
romelu lukaku__1993-05-13,,,,,,,,29165761.31505798,,,,,26601892.704563595,,25304396.39207962,,,28595001.07424305,27416762.871486064,1786369.3487362594,27598446.88940332
romeo beney__2005-01-19,,,,,,,,,,,,,,,,731491.6097384347,,,731491.6097384347,,731491.6097384347
romeo lavia__2004-01-06,,,,,,,,,32775758.10427999,,,,30376400.962276578,,,,28602709.127919078,,30584956.06482522,2094327.0668346006,30376400.962276578
romeo vermant__2004-01-24,Romeo Vermant,FWD,5750000.000000005,5552280.562675793,,,,,6197266.800279809,,,,,,,5923624.8839135,,,5891057.415623034,323724.09806467,5923624.8839135
ronael pierregabriel__1998-06-13,,,,,2513802.1568766194,,,,2862654.675464768,,,,,,2652430.280912817,,2675530.2269567894,,2676104.335052748,143415.26765315997,2663980.2539348034
ronald araujo__1999-03-07,,,,,,,35157411.781844124,,,,,,,,28886106.567086075,,,30744946.870542157,31596155.07315745,3221138.5917579746,30744946.870542157
ronald koeman jr__1995-05-23,Ronald Koeman Jr.,GK,775000.0000000007,986586.9585169206,,920908.8505442252,825440.9757322241,,,932245.6537764729,,940659.4381001275,,,,,,925382.7678410392,921870.7740851683,52840.89696231514,928814.2108087561
ronnie stutter__2005-01-06,,,,,443531.4351773906,,,,,430944.13521814224,,368773.70084281784,,,,,,,414416.42374611687,40025.66233788677,430944.13521814224
ronrobert zieler__1989-02-12,,,,,,,,,,,,626390.1694930475,,,619073.6968331161,,,,622731.9331630818,5173.527432203471,622731.9331630818
ronthorben hoffmann__1999-04-04,,,,,,,,,,,1558573.5771641422,1763297.9976340295,,,,,,,1660935.7873990857,144762.02598874335,1660935.7873990857
roony bardghji__2005-11-15,,,,,10329019.00561027,,,,,,9609674.801662562,,,,10358111.829565791,11268373.496342115,10002464.445507418,,10313528.715737632,613621.9256878024,10329019.00561027
rory mckenzie__1993-10-07,Rory McKenzie,MID,212500.00000000017,231182.14588351012,,,,226486.71706372718,,,,,,,232847.26148894336,,,239797.9159047632,232578.510085236,5515.185790306107,232014.70368622674
rosen bozhinov__2005-01-23,,,,,1039686.923277991,,,,,1034330.8538214545,971921.51418139,,992509.505460323,,942472.8850118746,,,1053708.56134675,1005771.7071832971,43800.16250114672,1013420.1796408887
ross barkley__1993-12-05,,,,,7283841.534497848,,,,,,,,,,,,,7806369.571582366,7545105.553040107,369483.11838255846,7545105.553040107
ross doohan__1998-03-29,,,,,,,241040.67770919282,232393.30053222203,,229022.02342216836,,,,223790.83443684925,,,,,231561.7090251081,7242.901963918177,230707.66197719518
ross fitzsimons__1994-05-28,,,,,229757.47380093008,,,,,197885.60872950946,,,198901.6990065573,,,,,217370.5948682856,210978.8441013206,15392.440324216133,208136.14693742146
ross maciver__1999-02-28,,,,,,,286688.1713550468,,,,,,,,292205.6529888007,,,,289446.9121719238,3901.44867829963,289446.9121719238
ross mccrorie__1998-03-18,,,,,,,,,,,,,,,1820455.5947411272,,,,1820455.5947411272,,1820455.5947411272
ross stewart__1996-07-11,,,,,,1967641.7151539556,,,2475150.12865963,,,,2123326.555153241,2288169.279351818,,,,,2213571.919579661,218031.9676865354,2205747.9172525294
ross sykes__1999-03-26,,,,,3428266.3219812494,,3493879.390430633,3489416.1671985574,,,,,,,3553113.443272104,,,3180872.449568179,3429109.5544901444,145629.11360565224,3489416.1671985574
ross tierney__2001-03-06,,,,,708334.1619101982,,,,,,,,,,,711601.7941399972,,,709967.9780250976,2310.564908114631,709967.9780250976
roy kortsmit__1992-08-26,Roy Kortsmit,GK,349999.9999999997,286105.95856940944,,266845.34373719484,236706.11621852042,,,,,287659.44444652693,270483.88650760776,,,,,285721.23896630004,272253.6647409266,19527.4673482836,278102.5627369539
roy steur__2005-02-01,Roy Steur,GK,312500.00000000023,305686.87227482686,,,,,,,,307846.5653339427,,,,,,,306766.7188043848,1527.1336073823334,306766.7188043848
royer caicedo__2006-05-05,,,,,,430095.00378544803,,,419621.48707575025,,,,,,,,449736.7196485778,,433151.0701699254,15288.442188091714,430095.00378544803
rozangelo daal__2004-02-10,,,,,,,3972181.2327183215,,,,,,,,,,,,3972181.2327183215,,3972181.2327183215
ruben aguilar__1993-04-26,Ruben Aguilar,DEF,5500000.000000001,5136261.485135425,,5232400.792407006,,,,,,,,,,,,,5184331.138771215,67980.75611031218,5184331.138771215
ruben bentancourt__1993-03-02,,,,,,,,,,1180034.9629017573,1179288.0561853785,,1055521.4184268627,,,,,,1138281.479171333,71673.28796861516,1179288.0561853785
ruben botta__1990-01-31,,,,,,,,,,,,,,,,1659194.4498047496,,,1659194.4498047496,,1659194.4498047496
ruben kluivert__2001-05-21,,,,,,2582915.786536816,,,,,,,,,,2635297.9835871235,,2772283.168361719,2663498.97949522,97782.78709701933,2635297.9835871235
ruben loftuscheek__1996-01-23,,,,,,,,,20929962.39713597,,,,,,,21237747.95827415,,,21083855.177705057,217637.2574321132,21083855.177705057
ruben roosken__2000-03-02,,,,,793486.954172694,,,739913.875266435,,,,,,,749739.8199130904,,,,761046.8831174065,28520.272695117455,749739.8199130904
ruben van bommel__2004-08-03,Ruben van Bommel,MID,10750000.000000006,9174578.329341296,,9844186.65177747,9290145.49268092,,,9657635.763797443,8935120.271326236,,9546509.656786853,,,9149529.70192979,9944175.065724798,,9442735.116670601,360236.1731750064,9418327.574733887
ruben vargas__1998-08-05,,,,,,,10841325.265726253,,,12761943.85994043,,,11783195.307640148,13212951.101689328,,,,,12149853.883749042,1056963.4950121944,12272569.58379029
ruben yttergard jenssen__1988-05-04,,,,,,279762.0652126301,,,248581.91636462105,,,,,,,,,,264171.99078862555,22047.694688833104,264171.99078862555
rudy camacho__1991-03-05,,,,,,,,,,,,,,416979.3203302149,,,416515.22992730467,,416747.2751287598,328.161470981437,416747.2751287598
runar alex runarsson__1995-02-18,Rúnar Alex Rúnarsson,GK,637500.0000000003,401286.8886944633,,,278980.52768255654,,,,,,,,,411894.16990305623,436140.70103036304,,382075.5718276098,70261.06036282246,406590.52929875976
runar norheim__2005-02-14,Runar Norheim,DEF,1899999.9999999993,1614042.999221133,,,1523453.6862523525,,,,,,,,,1956697.0001226775,,,1698064.5618653877,228516.21276229405,1614042.999221133
rushian hepburnmurphy__1998-08-28,,,,,367139.9019643322,,,,,,,,417280.1132407124,,,,,386473.87024737895,390297.9618174745,25287.901335665785,386473.87024737895
ruslan malinovskyi__1993-05-04,,,,,,3793259.912876571,,3921567.5656729736,,,,,3928966.3295478546,,,,,,3881264.602699133,76304.02676001494,3921567.5656729736
ruslan neshcheret__2002-01-22,,,,,,,,,2499462.7076573423,,2268790.014829797,3225244.209681459,,,2548559.065527709,,,,2635513.9994240766,411638.7235943836,2524010.886592526
ryan alebiosu__2001-12-17,,,,,,,,,,,,1628978.2731732284,,1742410.7533193398,,,,,1685694.513246284,80208.87591812383,1685694.513246284
ryan allsop__1992-06-17,,,,,,,,,,,,,,541155.5171641073,,,516166.22631345835,,528660.8717387829,17670.09701753682,528660.8717387829
ryan astley__2001-10-04,,,,,,,,696822.4607247072,,,,,,,,,,,696822.4607247072,,696822.4607247072
ryan edmondson__2001-05-20,Ryan Edmondson,FWD,287499.9999999999,377453.3566967823,,,,,,,,,,,,,,,377453.3566967823,,377453.3566967823
ryan flamingo__2002-12-31,,,,,12271537.729555532,,,,,,,13356993.15103611,,13151459.704350896,13729330.37670583,,12257283.059276627,,12953320.804185,662136.3053034359,13151459.704350896
ryan fraser__1994-02-24,,,,,,,,1818527.8356088984,,,2712053.1532041025,1857214.303889945,,,,,,,2129265.0975676486,505079.7947368356,1857214.303889945
ryan fulton__1996-05-23,,,,,,,,,,,302493.51391274086,301158.35912786506,,,,,,,301825.93652030296,944.0970023193481,301825.93652030296
ryan giles__2000-01-26,,,,,2872713.335978669,2615497.7626503264,,,,,,,,,,,3053645.288210675,,2847285.46227989,220177.76025133627,2872713.335978669
ryan gravenberch__2002-05-16,,,,,71561550.7913534,,79368369.57932353,,72280950.04347758,81336290.11890848,73601438.81954536,,82784450.28143993,70111133.90845084,,,,,75863454.7917856,5158862.323833699,73601438.81954536
ryan hardie__1997-03-17,,,,,,,,,,,,,,,2369149.148138774,1971677.2545330888,,,2170413.201335931,281055.071299638,2170413.201335931
ryan howley__2003-11-23,,,,,,,,299977.16966231674,,309110.1145396896,,,,,,,,,304543.6421010032,6457.967254993306,304543.6421010032
ryan ledson__1997-08-19,,,,,,1410362.6525973424,1045168.2335474,,,,,1224684.946090583,,,,,1494983.7215578512,,1293799.888448294,200546.24384963166,1317523.7993439627
ryan longman__2000-11-06,,,,,,,,,,1492563.2549088998,,,965138.322631657,,,,,,1228850.7887702785,372945.74618009396,1228850.7887702785
ryan mcgowan__1989-08-15,Ryan McGowan,DEF,139999.9999999999,198812.61481724147,,175507.79131878915,,,,,,,,,171843.90958825423,,,,182054.77190809496,14627.883700643817,175507.79131878915
ryan mullen__2001-05-18,,,,,,,,278723.5363441122,,,,281476.87051059515,,,,,,,280100.20342735364,1946.9012599927146,280100.20342735364
ryan naderi__2003-07-10,,,,,,,866224.3452615961,1015395.4348187698,,,894728.6394274764,,,,,,,937097.7252331637,928361.5361852515,64918.98220251751,915913.1823303201
ryan one__2006-06-26,,,,,,,,,,,,,,552007.4858036728,,,534434.2177455818,,543220.8517746273,12426.177011485135,543220.8517746273
ryan porteous__1999-03-25,,,,,,,,2211943.6435558386,,,,,,2261284.141580888,,2512352.3553363075,,,2328526.7134910114,161097.86198524266,2261284.141580888
ryan sessegnon__2000-05-18,,,,,,,12757272.032542448,12429790.63457704,14129496.875307694,14886032.563769221,13197701.463455997,12617444.564710407,,14077863.128539985,,13107958.46096616,,,13400444.965483619,869562.0186017212,13152829.96221108
ryan strain__1997-04-02,,,,,,,588805.544836447,,,,,,,,591882.458427072,620726.7491402428,,,600471.5841345873,17608.822543423867,591882.458427072
ryan sweeney__1997-04-15,,,,,401053.2449205453,417230.25393491564,,,,411026.6216007514,,,,,402739.77514116315,393624.2934403164,418592.17900129466,,407377.7280064977,9867.292011477412,406883.1983709573
ryan teague__2002-01-24,,,,,2175109.182534233,,,2166022.5050692176,,,,,,2101842.8944715965,2341777.042389554,,,,2196187.9061161503,102390.49733123326,2170565.8438017257
ryan thomas__1994-12-20,,,,,630040.2247258511,,,,643114.4320384469,,,621766.8622060623,,639219.1627307392,,608497.5760373918,,,628527.6515476983,13930.924696087115,630040.2247258511
ryan trevitt__2003-03-12,,,,,,,,727062.2500467034,,,,,670308.7706845717,,,,696661.0502798067,,698010.6903370273,28400.801065111125,696661.0502798067
ryan yates__1997-11-21,,,,,,,10662756.389760809,,,,,,,12521886.469006322,,,,,11592321.429383565,1314603.486142386,11592321.429383565
ryotaro ito__1998-02-06,Ryotaro Ito,MID,3499999.9999999995,3716502.0234691855,,,,,,,,,3183936.7079615914,3670565.1529094353,,3520622.541550064,,,3522906.606472569,240961.98930333022,3595593.84722975
saba goglichidze__2004-06-25,,,,,,,,2810008.178999552,3063504.6047979253,,,,,,,,,,2936756.3918987387,179249.04168858222,2936756.3918987387
saba sazonov__2002-02-01,,,,,,,,,,,,,,,,,4758531.9155613985,,4758531.9155613985,,4758531.9155613985
sabah kerjota__2001-08-14,,,,,415087.8622232291,,,,,,,,,437270.1293536392,,,,,426178.9957884342,15685.231510004456,426178.9957884342
sabit abdulai__1999-05-11,,,,,,,,,470500.830995727,,428222.2015114234,,,,,,480321.0786438363,,459681.37038366223,27683.36676718675,470500.830995727
sacha boey__2000-09-13,,,,,,12805964.57954364,11588621.123551836,,,,12724673.52171638,,,,,,,11213072.44805226,12083082.91821603,803244.8948610114,12156647.322634108
sadibou sane__2004-06-10,,,,,,,3314364.9029930774,,,3074767.017325962,,,,,3509173.3834608784,,,,3299435.101259973,217587.67651105183,3314364.9029930774
sadik fofana__2003-05-16,,,,,,,821131.2608282255,,,,,,,,,,,888809.738741037,854970.4997846312,47855.91067253295,854970.4997846312
sadio mane__1992-04-10,,,,,14991717.52512977,,,,,,,,13161194.738714475,,,,,,14076456.131922122,1294375.0753907498,14076456.131922122
sael kumbedi__2005-03-26,,,,,,,,,,,,,,6765472.43346316,7340662.181275292,,,,7053067.307369227,406720.57114693895,7053067.307369227
said ahmed said__1993-04-20,,,,,332669.786892372,330730.39929079264,,,,,,,,321170.6773341766,,,,,328190.28783911373,6156.01371002842,330730.39929079264
said bakari__1994-09-22,,,,,,,,,,,,653988.3782143787,,,,,,674487.6458894225,664238.0120519006,14495.17118238165,664238.0120519006
said benrahma__1995-08-10,,,,,,,7252003.805596681,,,,,,,7879516.721070092,7869480.375426643,,,,7667000.300697806,359432.53924503224,7869480.375426643
said el mala__2006-08-26,,,,,,9484876.257496329,,,,9325466.846672354,13082138.392052136,,12691542.4257861,,9048033.59389305,,8465124.575906413,7349303.740873774,9920926.547525736,2148985.424581501,9325466.846672354
saidou sow__2002-07-04,,,,,,2902978.9962819587,,,2851769.5927270656,,,,,3190137.2884967104,2745715.0370356315,,,2814357.081567439,2900991.599221761,171499.51582312435,2851769.5927270656
saidy janko__1995-10-22,,,,,821085.6459536954,,1071192.389926353,,,,853561.6900776156,907787.5002022564,,,,,,,913406.80653998,111104.30772429987,880674.595139936
saimon bouabre__2006-06-01,,,,,1072124.028677739,,1046408.0224985223,,,,1165269.8056481772,,,,,,,,1094600.6189414794,62537.41844521526,1072124.028677739
salem mbakata__1998-04-19,,,,,,,,,,1040543.829251472,893156.0152446905,,1032838.5387060856,946873.1192043516,,1029815.0645694379,,1038015.9430645473,996873.7516734308,62025.45233525,1031326.8016377618
salih malkocoglu__2005-02-23,,,,,,,415666.5054300373,,,,,,,,,,,,415666.5054300373,,415666.5054300373
salih ozcan__1998-01-11,,,,,4583547.9855560465,,,,,4229374.384745953,,,,,,,,5271362.115633356,4694761.4953117855,529821.6128038875,4583547.9855560465
salih ucan__1994-01-06,Salih Uçan,MID,1499999.9999999986,1558764.6579960831,,,1386082.8472310978,,,,,,,,,,,,1472423.7526135906,122104.47937949334,1472423.7526135906
salis abdul samed__2000-03-26,,,,,,2718849.2382378844,,,,,,,,,,,,,2718849.2382378844,,2718849.2382378844
salvatore esposito__2000-10-07,,,,,,,5023409.768666168,,,,4761622.552553841,,,,,,5124061.10620092,5366721.875396975,5068953.825704476,250485.79225795588,5073735.437433545
sam adekugbe__1995-01-16,,,,,,1185439.5039092319,,,,,,,,,,1238843.8425844456,,,1212141.6732468386,37762.570022026644,1212141.6732468386
sam beukema__1998-11-17,,,,,,,13782730.257747002,,,,14130069.904223511,,,,13024634.20439898,,,,13645811.455456497,565293.8089411001,13782730.257747002
sam byram__1993-09-16,,,,,,1752569.7364378185,,,,,1760902.8923162385,,1919656.078528406,,,,,,1811042.9024274878,94154.00622793671,1760902.8923162385
sam clucas__1990-09-25,,,,,,,,446501.967197925,,,320798.96077668294,,,,,,,,383650.463987304,88885.44825599641,383650.463987304
sam cosgrove__1996-12-02,,,,,,,,408412.3419333854,,,,,,,,,,423071.78345015936,415742.06269177236,10365.790504918468,415742.06269177236
sam curtis__2005-12-01,,,,,,,683297.473597933,,,,,680461.4402516319,,,,,,769650.7646872309,711136.5595122651,50694.62423895473,683297.473597933
sam dalby__1999-12-07,,,,,739532.7592192552,,,,,,,,760016.095355494,,,,843841.6656477045,,781130.1734074847,55266.99022982808,760016.095355494
sam de laat__2006-06-12,,,,,382997.3415417521,,438720.9773938858,,362090.68064778694,,,,,,,,,,394602.9998611416,39611.47653923801,382997.3415417521
sam field__1998-05-08,,,,,,1716026.0925095899,,1657753.8833404756,,,1568957.9171297485,,,1674591.512847063,1617558.539073583,,1532891.4324048837,,1627963.2295508906,68476.68037990498,1637656.2112070294
sam foley__1986-10-17,,,,,,,,,135505.1413361239,,158530.9241764712,,,102828.04934576567,,,,,132288.03828612025,27990.4426568618,135505.1413361239
sam gallagher__1995-09-15,,,,,1730407.5446488534,,,,,,,,1457695.5296283148,,,,,1476365.0179572895,1554822.697411486,152347.1902699347,1476365.0179572895
sam greenwood__2002-01-26,,,,,2290434.410821976,,,,2587488.258800802,,,,2209262.329236456,,,,,,2362394.9996197447,199116.6949399133,2290434.410821976
sam hart__1996-09-10,Sam Hart,DEF,159999.99999999997,275209.91683572263,,,188528.06410210612,,,,279051.5830869791,,,236861.1551422741,,,,,244912.6797917705,42140.397191410935,256035.53598899837
sam hutchinson__1989-08-03,,,,,,137048.6324113226,,,,,,138089.53381531325,,115763.54580071702,,,,,130300.57067578427,12600.186034219918,137048.6324113226
sam johnstone__1993-03-25,,,,,,4526590.381303218,3509313.3212887743,,3723468.6088864105,,,,,,,,,,3919790.770492801,536302.1047518478,3723468.6088864105
sam karssies__2003-02-26,Sam Karssies,GK,262500.00000000023,241686.98243940863,,,,,,,,273015.6735689134,,,258672.209496854,,,,257791.62183505867,15682.898263540374,258672.209496854
sam kersten__1998-01-30,,,,,,,,720881.7076953759,,,,,,,,,,,720881.7076953759,,720881.7076953759
sam lammers__1997-04-30,,,,,,,,,,,,2350311.947104232,,,,,,,2350311.947104232,,2350311.947104232
sam larsson__1993-04-10,,,,,,1319659.584547969,,,,,,,,,,,,,1319659.584547969,,1319659.584547969
sam mccallum__2000-09-02,,,,,,1679470.291080072,,,1623433.143825051,,,,,,,1662709.0395836027,,,1655204.1581629086,28762.526001278835,1662709.0395836027
sam nicholson__1995-01-20,,,,,,,449065.73261376034,,426853.8423577399,,,,397098.2206148364,,,,,,424339.26519544557,26074.85186091046,426853.8423577399
sam sanna__1999-03-08,,,,,,1386605.0702941937,,,,1401723.5001515148,,,1209592.7321152189,,1403439.3744680635,,,1698800.3867277303,1420032.2127513443,175872.37910253255,1401723.5001515148
sam schreck__1999-01-29,,,,,824479.9590544901,,,,,,,786896.9185751339,,,,752704.068618379,,,788026.9820826676,35901.28681011939,786896.9185751339
sam stubbs__1998-11-20,,,,,486198.54704737215,,,463488.24922950804,,,,,,,,438706.2972513981,,,462797.6978427594,23753.654320632537,463488.24922950804
sam vokes__1989-10-21,,,,,286161.3903430542,,,278234.0949570398,,,,,,,,,,317168.1785011504,293854.5546004148,20575.575267121785,286161.3903430542
sam walker__1991-10-02,,,,,195844.80304567007,,,,,207576.999189038,,,,,,,,,201710.90111735405,8295.91545118613,201710.90111735405
samed onur__2002-07-15,,,,,,,,,,,,,,,,472889.6000412367,,,472889.6000412367,,472889.6000412367
samet karakoc__2002-10-22,,,,,,,,,,,,728296.6711422693,,,,,,712092.5023271772,720194.5867347233,11458.077652643184,720194.5867347233
samet yalcn__1994-03-03,,,,,,,,,,,,284924.5324694839,,,,295274.32293148345,,,290099.4277004837,7318.407019539724,290099.4277004837
sami lahssaini__1998-09-18,,,,,,,,758486.6634759658,,,,,1018209.9251077198,807991.0648213628,,,,,861562.5511350161,137900.22214467096,807991.0648213628
sami ouaissa__2004-10-02,,,,,3065420.2639835738,,,,,,,3228781.4213021365,,,,3238805.2238344136,,2706380.334606732,3059846.810931714,248686.30132101502,3147100.842642855
samir el mourabet__2005-10-06,,,,,3888604.6541787083,,3740007.3847225443,,,,,,,,,,,,3814306.0194506263,105074.13689825819,3814306.0194506263
samir lagsir__2003-05-20,,,,,,,,,,,392087.46730844205,,,367530.3754024516,,,,336091.02873789385,365236.29048292915,28068.619530710443,367530.3754024516
samson baidoo__2004-03-31,Samson Baidoo,DEF,9999999.999999996,10125222.086360129,,,9201198.927664816,,,10139620.685775803,,,,,,,9658710.459737642,,9781188.039884597,446550.30127524724,9891966.273048885
samson lawal__2004-04-25,,,,,,,,212319.05789288378,,,,,,197215.52870927475,242276.51011309537,210532.06842579914,,224352.02000475922,217339.03702916246,16937.75437612913,212319.05789288378
samuel amoameyaw__2006-07-18,,,,,,,,3268498.4124896093,,,,,3931941.926095974,,,,,,3600220.1692927917,469125.4074052901,3600220.1692927917
samuel ballet__2001-03-12,,,,,,,978746.9571544981,,996418.3724984418,,,,,,,,,,987582.66482647,12495.577622866631,987582.66482647
samuel bastien__1996-09-26,Samuel Bastien,MID,625000.0000000002,818354.9439608717,,,840793.7806202273,,,,,,,,,,,,829574.3622905496,15866.653563767692,829574.3622905496
samuel chukwueze__1999-05-22,Samuel Chukwueze,MID,16500000.000000013,21161857.64983548,,,,,,24605122.969060045,,,,,,,,,22883490.30944776,2434756.256648153,22883490.30944776
samuel dahl__2003-03-04,,,,,4976835.83216347,5334600.774660258,,5038144.965806138,,5228663.121585715,,,,,,5043297.3355007535,,,5124308.405943267,150704.9094963093,5043297.3355007535
samuel edozie__2003-01-28,,,,,,,,,5692426.578001998,,,,,5264576.67017961,,,,4273819.048766663,5076940.765649424,727679.3627707476,5264576.67017961
samuel essende__1998-01-23,,,,,2283490.9368243855,2254717.9488924686,,,2212763.992299115,,,,2041422.0143033091,2176303.128164258,2566035.5944001204,,2399782.871694551,,2276359.498082601,167787.59926517578,2254717.9488924686
samuel gigot__1993-10-12,Samuel Gigot,DEF,4250000.000000002,5337174.3142700335,,,,6312000.476986961,5698997.448240215,,,5899175.561843547,,6104481.957089523,5625188.784471265,5986835.500894889,,,5851979.149113776,325487.4076927963,5899175.561843547
samuel giovane__2003-03-28,,,,,,,,,,,1353538.9715973674,,1316814.6107670858,,,,,,1335176.7911822265,25968.044577833767,1335176.7911822265
samuel gueulette__2000-05-19,,,,,,,,654812.9528431671,,673918.3275575101,,,634607.9050927615,,,,,,654446.3951644795,19657.774593989692,654812.9528431671
samuel ilingjunior__2003-10-04,,,,,,,,,,,2774084.1537411655,,,,,,5028846.706778169,,3901465.4302596673,1594357.8912179575,3901465.4302596673
samuel loric__2000-07-05,,,,,,902747.5403708298,971071.2027009713,,,,,,1108177.6802726854,,,,,,993998.8077814955,104616.6425625978,971071.2027009713
samuel mraz__1997-05-13,,,,,,,1132290.9663565713,1166151.0465811128,,,,,,1211169.0934252269,,1148835.212497344,,,1164611.5797150638,33977.87442616736,1157493.1295392285
samuel sahinradlinger__1992-11-07,,,,,,690043.2535962452,,719893.677138039,,,,719727.6900631933,,,,,,,709888.2069324926,17186.434115767854,719727.6900631933
samuel souprayen__1989-02-18,,,,,,,,,263661.49145340873,,,286238.2317933461,,,,,,,274949.8616233774,15964.166191457607,274949.8616233774
samuel yohou__1991-08-06,Samuel Yohou,DEF,362499.9999999997,429115.29922706244,,,,,423371.2953818502,,,,414039.86347488174,412509.84888183477,,,,407850.0072820092,417377.26284952764,8650.266989614565,414039.86347488174
samuele angori__2003-10-07,,,,,2814586.759160594,,2595288.4659931394,,,,,,,,,,,,2704937.6125768665,155067.3102013427,2704937.6125768665
samuele birindelli__1999-07-19,,,,,,,,,,,4704647.513404079,,,,5108373.76153852,,,,4906510.6374713,285477.5677988664,4906510.6374713
samuele di benedetto__2005-07-16,,,,,,,,,,,698881.4987199584,,,,,,,689674.8481686653,694278.1734443118,6510.085036834178,694278.1734443118
samuele mulattieri__2000-10-07,,,,,,,2970836.628824988,,,,,,,,,,,,2970836.628824988,,2970836.628824988
samuele perisan__1997-08-21,Samuele Perisan,GK,999999.9999999997,1026158.2803704687,967395.1935712716,1023328.7318163379,1019572.4458122043,1095111.7015562628,,,,,,,,,,,1026313.2706253091,45439.339000883985,1023328.7318163379
samuele ricci__2001-08-21,,,,,,,,,,,21599783.468914613,,,,,,21144671.715574972,,21372227.592244793,321812.6069841594,21372227.592244793
samy benchamma__2000-06-25,Samy Benchamma,MID,587500.0000000002,551557.9204520728,,522940.1055253143,,,,547072.8998278464,,,,,545065.0448824142,,505470.4584418811,,534421.2858259056,19602.20075228884,545065.0448824142
samy mmaee__1996-09-08,,,,,,,,,,,603180.9099230344,761685.4508407998,,714003.4689588668,,758639.4584908923,,,709377.3220533984,74076.48661615179,736321.4637248795
sana fernandes__2006-03-10,,,,,,1107133.6135092883,982207.2576493156,,1217056.6104962802,,842180.1039733244,997350.4042380776,,,,,,,1029185.5979732573,141034.48982282545,997350.4042380776
sander svendsen__1997-08-06,Sander Svendsen,MID,974999.9999999999,1106549.5560761977,,,1098094.613977132,,1260967.082634186,,,,1277144.9525874334,,1068269.9254856647,,,,1162205.2261521227,98737.79661957962,1106549.5560761977
sander tangvik__2002-11-29,,,,,1877590.2222217296,,,,,2101305.65280618,,,,,2155368.449632311,2080772.8892058844,,,2053759.3034665263,121587.2155028392,2091039.2710060324
sander van de streek__1993-03-24,Sander van de Streek,DEF,1024999.9999999995,1049762.5603069405,,,,,,,,1121584.5865232626,,,,,,,1085673.5734151015,50785.84177611935,1085673.5734151015
sanders ngabo__2004-07-04,Sanders Ngabo,MID,899999.9999999995,1029821.7264280858,1217959.4533468033,1058772.440494861,,,,,,,1242877.6123308474,,,1245679.2650997601,1133055.260030937,1157913.3757888936,1155154.1619314554,86917.9047779963,1157913.3757888936
sandi lovric__1998-03-28,,,,,,,,,,,,,,3754146.402594563,3735961.425334774,3780704.4333563335,,,3756937.420428557,22501.700538327972,3754146.402594563
sandro kulenovic__1999-12-04,,,,,,,,,2467557.3328415616,,2741595.927203681,,,,,,,,2604576.6300226212,193774.54838028408,2604576.6300226212
sandro tonali__2000-05-08,,,,,,,,,,,,,,,74032069.00501192,,,,74032069.00501192,,74032069.00501192
sanoussy ba__2004-01-05,,,,,,,,,,,,774909.5937886194,683774.1023563584,,,842058.0919494047,,,766913.9293647943,79444.34106691748,774909.5937886194
santiago arzamendia__1998-05-05,Santiago Arzamendia,DEF,2050000.000000001,2302432.99581906,,,,,2781136.8694366873,,,,2862661.9617298674,2398444.8639276503,,2370117.7138287737,,2341485.8829415655,2509380.047947267,245510.09201946994,2384281.2888782118
santiago ascacibar__1997-02-25,,,,,,9026064.92819893,,,,,10302315.835818991,8998455.925503844,,,,10891880.465853726,,,9804679.288843874,946200.2899976254,9664190.38200896
santiago bueno__1998-11-09,Santiago Bueno,DEF,8999999.999999996,10763191.592822216,,,,9934666.806398874,,,11380150.01999659,,,,,,10876342.488961684,,10738587.727044841,599297.5741181568,10819767.04089195
santiago castro__2004-09-18,,,,,18068738.044661418,,,,19050577.815651566,,,,,17865772.121206015,,,,,18328362.660506334,633636.2041914237,18068738.044661418
santiago colombatto__1997-01-17,,,,,,,3017873.666981433,,,2992667.445132612,,2885183.2626572056,,,,,3005323.2598470193,,2975261.9086545673,60927.722064835965,2998995.3524898156
santiago gimenez__2001-04-18,,,,,,,,,,,,,,25249969.67276953,,27461609.11790202,,,26355789.39533578,1563865.2491928372,26355789.39533578
santiago hezze__2001-10-22,,,,,,17509420.20774879,,,,16803638.119642705,,17234938.204426795,,,,,,,17182665.510606095,355782.81979643233,17234938.204426795
santiago hidalgo__2005-02-17,Santiago Hidalgo,MID,3000000.000000001,3949856.2235563933,3905352.2033462836,,,,,,,,3786806.535881826,,,3745587.4222000875,4830431.239066901,,4043606.7248102976,447704.7372956075,3905352.2033462836
santiago mourino__2002-02-13,,,,,18238181.107549906,,,17768926.35853975,,,,,,19333166.01942429,,,,,18446757.828504648,802707.6775291363,18238181.107549906
santiago pierotti__2001-04-03,Santiago Pierotti,MID,2499999.9999999995,2703494.6892993604,2382259.9303919943,,2647846.9185858625,,,,2167090.1345536932,,2766142.60058459,,2761463.989380817,,,,2571383.043799387,243549.8184551259,2675670.8039426114
santino andino__2005-10-25,,,,,,,,,,,,2196813.746629692,,2292573.8514950685,,,,,2244693.7990623806,67712.61951744254,2244693.7990623806
sargis adamyan__1993-05-23,,,,,,,,,,679704.684887289,,646192.6746748764,475281.50794590206,,637016.8919270321,,,605533.4313312597,608745.8381532718,79151.31548506996,637016.8919270321
sasa kalajdzic__1997-07-07,,,,,3465938.7380678826,,,3610932.1489071525,,,,,,,,,,,3538435.4434875175,102525.82403181479,3538435.4434875175
sasa lukic__1996-08-13,,,,,,,,,,11510502.766981745,,11986347.434631621,13472233.602893826,,,,12236568.154088104,,12301412.989648825,836626.369290355,12111457.794359863
sascha britschgi__2006-08-27,,,,,,,,,,,568131.3015890383,,,559252.6318730434,,,,,563691.9667310409,6278.167564095681,563691.9667310409
saud abdulhamid__1999-07-18,Saud Abdulhamid,DEF,5250000.0,6137624.476763154,,5313276.300269335,,,5583269.864303774,,,,4114947.445064623,,,6056426.177144072,5441806.219941506,,5441225.080581077,729246.8475592111,5512538.04212264
saulo decarli__1992-02-04,Saulo Decarli,DEF,289999.9999999999,252280.30270712773,,264863.1676719529,,320226.94892335596,,,,,,,302143.7819890729,,,289436.7568147927,285790.1916212604,27511.273123597548,289436.7568147927
savaarangel cestic__2001-02-19,,,,,,,,,,,547997.7749139875,,575202.9011496349,,,579177.2418643091,560675.9132260522,,565763.4577884959,14265.754938232805,567939.4071878435
scott arfield__1988-11-01,Scott Arfield,MID,162500.00000000012,190329.6319648476,,,,,218323.79062862485,,199633.09909194233,218355.52477550367,,,,,,,206660.5116152296,14010.562290536445,208978.44486028358
scott bain__1991-11-22,,,,,,,,,426626.041526272,400292.0212689016,,,,,,,375734.953842478,,400884.3388792172,25450.713772378185,400292.0212689016
scott banks__2001-09-26,,,,,593338.9823604926,,606595.5603017301,,,574742.1952217584,,,535902.9674207217,,,,,,577644.9263261757,30742.259641108394,584040.5887911255
scott malone__1991-03-25,,,,,222266.5525406981,,,,,,,241496.61644518425,,,,,,,231881.58449294115,13597.708589512822,231881.58449294115
scott mckenna__1996-11-12,,,,,,3473197.301929322,,3607547.662790572,3539247.763807812,,,,,,3476538.0515751005,3603805.167074054,,,3540067.1894353717,65430.017477475914,3539247.763807812
scott mctominay__1996-12-08,,,,,,48103782.01471468,,,,,46797466.80599082,,,,,,,,47450624.41035275,923704.3424557602,47450624.41035275
scott pittman__1992-07-09,,,,,,,,,,,,,,,,230111.0956560969,,205566.3158050873,217838.7057305921,17355.780275379828,217838.7057305921
scott robertson__2001-07-27,,,,,407295.2795116015,421950.92322747817,,,,,,416007.90660824144,356649.22438639,,428418.0449935255,,,,406064.2757454474,28698.061927770974,416007.90660824144
scott tanser__1994-10-23,,,,,,,483610.2158297456,,,,,,,,,,,,483610.2158297456,,483610.2158297456
scott twine__1999-07-14,Scott Twine,MID,2900000.0000000014,3211679.5065107327,,,,,,,,,,,,,,,3211679.5065107327,,3211679.5065107327
scott wootton__1991-09-12,,,,,,,,,,337017.81366728724,,,,,332629.50848200294,,304541.99940520845,,324729.7738514996,17620.271945135835,332629.50848200294
scott wright__1997-08-08,,,,,,,1443423.503901139,,1419936.5410179782,,,,1504508.7027747298,,,1556842.8736478048,,,1481177.9053354128,61766.800872288404,1473966.1033379342
sead haksabanovic__1999-05-04,,,,,,,,,,,2204279.8581959917,1815020.7983058037,,,,,,,2009650.3282508976,275247.7208866524,2009650.3282508976
sead kolasinac__1993-06-20,,,,,7814094.529914045,,8218707.22256988,,,,,,,,,,,,8016400.876241962,286104.3787310895,8016400.876241962
seamus coleman__1988-10-11,,,,,424373.6008590119,,,,,,,,480373.1316985132,,,,,402124.92945267,435623.8873367317,40319.00293967686,424373.6008590119
sean clare__1996-09-18,,,,,,383950.5470083318,,,,,318526.3269835481,,290787.3050950208,,427467.57063690684,,,,355182.93743095186,62029.96080377377,351238.43699593993
sean klaiber__1994-07-31,Sean Klaiber,DEF,1749999.9999999998,1142547.3574068048,,,,,,,,1091173.806625309,,1059907.1976445238,1116982.2565691215,,,956521.2659743746,1073426.3768440266,72179.23702510013,1091173.806625309
sean longstaff__1997-10-30,,,,,,,10193008.104197126,,,,,,,,,9259643.324853893,,,9726325.71452551,659988.5647942853,9726325.71452551
sean maguire__1994-05-01,,,,,,,,218618.35063795574,,,,,,,,,,,218618.35063795574,,218618.35063795574
sean mcloughlin__1996-11-13,,,,,,,,,,,,1283506.0891844349,1262405.1921640746,,1117860.786250478,,,,1221257.355866329,90163.46222284358,1262405.1921640746
sean murray__1993-10-11,,,,,,,221514.08477834455,,,,,170040.26257400986,,163096.29957117746,,,,,184883.54897451063,31912.407782916438,170040.26257400986
sean raggett__1994-01-25,,,,,,443559.4228191716,439311.27873807517,,,,,,,,,421780.43171897985,,,434883.7110920755,11544.85295620889,439311.27873807517
sean steur__2008-01-11,,,,,,,,,,1289779.850182199,,,,,,,,,1289779.850182199,,1289779.850182199
sebastiaan bornauw__1999-03-22,,,,,,,,5978805.233682743,,,,,,,,,6699253.443987979,6523713.075605472,6400590.584425397,375673.7504920921,6523713.075605472
sebastian boselli__2003-12-04,,,,,,,,,,,2966921.6296702847,,,,,,2645893.4384715357,,2806407.53407091,227001.21094868696,2806407.53407091
sebastian coates__1990-10-07,,,,,,,,3111459.7174693844,,,3837708.45758826,,,3712842.2633034973,,3755090.5459234156,,,3604275.2460711394,332611.0147356754,3733966.4046134567
sebastian cristoforo__1993-08-23,,,,,722543.1807591831,,,,,,,674672.2741609429,,,686929.7993869884,,,,694715.0847690381,24866.924337246226,686929.7993869884
sebastian driussi__1996-02-09,Sebastián Driussi,MID,10250000.000000004,4341911.681832069,,,,,,4225062.839198868,,,,,,,,,4283487.260515468,82624.60899973605,4283487.260515468
sebastian holmen__1992-04-29,,,,,,,,763445.9155715352,,,853564.4105927981,898388.2537742553,,,807941.0216525636,,,,830834.900397788,58153.507048227955,830752.7161226808
sebastian jrgensen__2000-06-08,,,,,1506609.5452786952,,,,,,,,,,,,,,1506609.5452786952,,1506609.5452786952
sebastian jung__1990-06-22,,,,,,,,526353.8972317553,,,,,,,,,,,526353.8972317553,,526353.8972317553
sebastian kerk__1994-04-17,Sebastian Kerk,MID,587500.0000000002,470251.1775920884,,,491909.00035950553,,611500.9929621634,,633240.463622154,,,,,,,558662.1634796953,553112.7596031213,71540.8494296416,558662.1634796953
sebastian lomonaco__1998-09-17,,,,,1361403.3990056126,,,,,,,,,,1303591.7313626609,,,,1332497.5651841369,40879.022222034066,1332497.5651841369
sebastian muller__2001-01-23,,,,,,,,,,533308.9885397183,,472181.2062304056,,,484044.7013716433,,,,496511.63204725576,32414.807000298126,484044.7013716433
sebastian nanasi__2002-05-16,,,,,,,,14060028.47086121,,15836450.940007824,,14325027.415513901,12619920.913334446,,,,,,14210356.934929345,1317752.6852391989,14192527.943187555
sebastian otoa__2004-05-13,,,,,,,1434350.898534762,,,,1275373.0916511167,,,,1398698.6396936846,,,1285757.1608031092,1348544.9476706681,79946.8171563714,1342227.900248397
sebastian revan__2003-07-14,,,,,,,,,869492.6354833224,,,,,,,,,,869492.6354833224,,869492.6354833224
sebastian schonlau__1994-08-05,Sebastian Schonlau,DEF,1650000.0000000007,1214095.5382540172,,,,,,1221586.803614778,,1185555.7902028554,1116730.9406601659,1324706.9998369685,,,1122809.1302427785,,1197580.8671352605,76527.37900684778,1199825.6642284363
sebastian sebulonsen__2000-01-27,,,,,,,3124728.428459489,,2583872.528936084,,,,,,,,2582293.7688481645,,2763631.575414579,312720.04425693065,2583872.528936084
sebastian stolze__1995-01-29,Sebastian Stolze,DEF,525000.0000000003,491420.38432938966,,,,,,,,,,,,,,,491420.38432938966,,491420.38432938966
sebastian szymanski__1999-05-10,,,,,,,,,,,12202449.4274452,,,,,,,11535900.7799869,11869175.10371605,471321.06860848534,11869175.10371605
sebastian tounekti__2002-07-13,,,,,,,,6187705.601528281,5204098.27881989,,,,,,,,,4909376.568162489,5433726.81617022,669386.456585969,5204098.27881989
sebastian vasiliadis__1997-10-04,,,,,,,666332.5823677138,,,705918.3702832358,,,,765646.0342785498,,,,,712632.3289764998,49995.98347480152,705918.3702832358
sebastian walukiewicz__2000-04-05,,,,,,,,,,,,,,,,2810702.4295561435,,,2810702.4295561435,,2810702.4295561435
sebastiano desplanches__2003-03-11,,,,,1971605.7946167595,,,,,,1774318.97308745,,,2049410.7734009228,,,,,1931778.5137017109,141804.5622634954,1971605.7946167595
sebastiano esposito__2002-07-02,Sebastiano Esposito,MID,8249999.9999999935,11823144.240651071,9998373.238120083,,,,,,,,,11373892.811590193,,,,,11065136.763453782,950760.235740377,11373892.811590193
sebastiano luperto__1996-09-06,,,,,8890690.286494313,,,9252149.736238908,9030205.53173168,,,8277447.691028591,,,,,,,8862623.311373372,417545.5655722239,8960447.909112997
sebastien haller__1994-06-22,,,,,,4015908.8696706197,,,,,,,,,3857367.361574783,,,3832609.4887715545,3901961.906672319,99454.36566002158,3857367.361574783
sefer emini__2000-07-15,Sefer Emini,MID,1050000.0000000007,1165825.9890138044,1147800.7492602859,,,,1167725.6968103813,,,,,,,,,,1160450.811694824,10996.375863273093,1165825.9890138044
seiji kimura__2001-08-24,,,,,,,404207.1283267739,,,,,,494238.791862497,,,598429.8745848682,,614051.778412495,527731.8932966585,98029.72768363607,546334.3332236826
seiya maikuma__1997-10-16,Seiya Maikuma,DEF,3550000.0000000014,4105997.2096890304,,,,,,3779228.306613772,,,,,,,,,3942612.7581514013,231060.5072454048,3942612.7581514013
seko fofana__1995-05-07,,,,,7000268.076598544,,,,,,6878487.788440097,,,,,,,,6939377.93251932,86111.66757168937,6939377.93251932
sekou doucoure__2005-04-26,,,,,,,,,,,1001384.350121389,,837535.0401865026,,,,855048.3581717625,,897989.249493218,89969.93499022552,855048.3581717625
sekou koita__1999-11-28,,,,,,,,,,,,,,2704315.9655329124,,,,,2704315.9655329124,,2704315.9655329124
sekou mara__2002-07-30,Sékou Mara,FWD,4150000.000000003,2959815.109062058,2795077.781052605,,,2694471.537327893,,2602768.3791640764,,,,,,,,,2763033.201651658,152900.28264076717,2744774.6591902487
sekou sidibe__2001-05-05,,,,,,,581454.2844890245,,,,,,,,,,,,581454.2844890245,,581454.2844890245
sem scheperman__2002-06-24,Sem Scheperman,MID,1150000.0000000005,1068844.8965720215,1095442.9662061306,,,,,,,1232287.5127686076,,,,1129435.2900737945,,,1131502.6664051386,71619.73052240485,1112439.1281399624
sem steijn__2001-11-12,,,,,19510960.40885091,,,,,21030854.845577944,,21239787.676080365,,20797086.808167472,,,,,20644672.43466917,777138.3625818174,20913970.826872706
sem van duijn__2004-03-18,Sem van Duijn,MID,562500.0000000003,582809.2780344957,,,,662073.7811550631,,,,614007.0734840615,,655564.048229479,,,,,628613.5452257749,37225.87321683609,634785.5608567703
semi ajayi__1993-11-09,,,,,,1489687.466107375,1468503.4086443877,,,,,1631440.6655952288,,,,,,,1529877.1801156637,88592.02706630624,1489687.466107375
semih guler__1994-11-30,,,,,1177911.0280206413,,1031900.5365306367,,,,,,,1161920.0415065545,,,,,1123910.5353526108,80083.13071326684,1161920.0415065545
semih klcsoy__2005-08-15,Semih Kılıçsoy,MID,9249999.999999987,3657146.001883621,3496822.102173834,,3794257.137777919,,,,,,4086531.874192708,,,3742298.8919037147,,,3755411.201586359,216706.14380924523,3742298.8919037147
semir telalovic__1999-12-23,,,,,,,,,,,934521.2061047223,,,,,,,,934521.2061047223,,934521.2061047223
semm renders__2007-12-17,,,,,,,,858662.4337535755,,,,,,,876950.0795486883,,,,867806.2566511319,12931.318353661849,867806.2566511319
semuel pizzignacco__2001-09-01,,,,,,,,,,1251032.2660810659,1227889.0506567713,,1043215.06469067,,,,,,1174045.4604761691,113891.8190700569,1227889.0506567713
senne lammens__2002-07-07,,,,,,,,,,26989885.384676553,,,,,,,,,26989885.384676553,,26989885.384676553
seny dieng__1994-11-23,,,,,944931.7290382689,,901645.2921625079,971515.5788951119,,,,,,,974834.1200020219,,,,948231.6800244777,33818.19515149614,958223.6539666904
seny koumbassa__2007-06-20,Seny Koumbassa,DEF,412500.00000000006,454687.3597615289,,,,474432.15282355825,,,,533579.6732602633,,,,,,,487566.3952817835,41053.386291623145,474432.15282355825
sepp van den berg__2001-12-20,Sepp van den Berg,DEF,21500000.00000001,18744739.38588535,,,19256891.754435357,,,19416029.857846677,,,,,,,,22981255.9529065,20099729.23776847,1942250.7196701071,19336460.80614102
serdar dursun__1991-10-19,,,,,,,,999107.2764420402,945180.7563199048,,,,860249.899969214,,,,,,934845.977577053,70003.20341939236,945180.7563199048
serge gnabry__1995-07-14,,,,,,,,30684566.53494511,,,,,,,,,29388265.45682443,,30036415.99588477,916623.282798567,30036415.99588477
sergio cordova__1997-08-09,Sergio Córdova,MID,1299999.9999999993,1182627.7266684081,,,,,,1136247.701699096,,,,,,,,1063756.807407226,1127544.0785915765,59911.506848834404,1136247.701699096
sergio kalaj__2000-01-28,,,,,,,,,,,,396266.1749239539,,,,,444824.53518799314,,420545.3550559735,34335.945826001545,420545.3550559735
sergio pena__1995-09-28,,,,,,2605649.8809422185,2859211.407680392,,,2573736.549082611,,,,,,2571106.107481715,2301059.202146739,,2582152.629466735,197813.07992120108,2573736.549082611
sergio romero__1987-02-22,,,,,,,413204.21715206915,,,,381231.0034444947,503910.64222428645,,,,,,346275.8821485781,411155.4362423571,67608.07140583023,397217.6102982819
serhou guirassy__1996-03-12,Serhou Guirassy,FWD,56500000.00000009,56412864.248136714,,,,67765060.69473784,,,,,66681975.545912884,,,61590002.46959558,,,63112475.739595756,5215061.349158721,64135989.00775424
serxho ujka__1998-08-27,Serxho Ujka,MID,625000.0000000002,672659.9124357245,677911.5312455028,674326.7638968683,,,,,,,648993.9888933958,,664488.2418377562,,667878.1770124675,,667709.7692202859,10325.226563399896,670269.0447240961
seydou fini__2006-06-02,Seydou Fini,MID,1400000.0000000007,2933524.425708373,,,,,,3274103.5508207837,,,,,2889712.478351444,,,,3032446.8182935338,210424.22380660396,2933524.425708373
shafiq nandja__2007-01-15,,,,,,,,348181.6092721127,,,,,,,,,,,348181.6092721127,,348181.6092721127
shamal george__1998-01-06,,,,,,,,,379434.95788539544,,,405242.7508738243,,,,,,394509.5361372035,393062.41496547445,12964.612007215997,394509.5361372035
shandre campbell__2005-07-15,,,,,,1679833.876791567,,1724741.6025008373,,1742954.5333403675,,,,1623231.9996952289,,,,,1692690.5030820002,53365.16418061575,1702287.7396462022
shane blaney__1999-01-20,,,,,,,240435.89960495732,,267716.30600127444,,,,283794.9209122376,,,,,,263982.3755061564,21919.348984129876,267716.30600127444
shane duffy__1992-01-01,,,,,,,,,,,,,,,1120139.249770428,,,,1120139.249770428,,1120139.249770428
shangyuan wang__1993-06-02,,,,,,,670867.9528145943,,,,,,,,609020.8317763234,,598197.9737258916,,626028.9194389364,39206.98598008356,609020.8317763234
shaocong wu__2000-03-20,Shaocong Wu,DEF,637500.0000000003,593341.9207877769,,,,,,,,,,,608471.6287293634,,592767.1547236722,,598193.5680802708,8905.699693843862,593341.9207877769
shaq moore__1996-11-02,,,,,,1264936.5738480163,,1157470.4889522071,,1199229.781553675,1321662.0943427514,1290696.259037671,,1300295.233538637,,,,,1255715.0718788262,64012.039862238686,1277816.4164428436
shaqueel van persie__2006-11-16,Shaqueel van Persie,FWD,812499.9999999993,596165.7531434082,619173.1330028498,606643.7553723211,,,617585.3745264809,,632885.6566157435,,,,,,589227.2438265954,632161.1577969575,613406.010612051,16879.505692476963,617585.3745264809
shaquil delos__1999-06-16,Shaquil Delos,DEF,950000.0000000008,1178865.957913833,1189019.7523015186,,,1158989.164687138,,,,,,,,,,,1175624.9583008299,15275.375837761272,1178865.957913833
shaquille pinas__1998-03-19,,,,,,,,,2761576.9105907795,,,,,,,,,,2761576.9105907795,,2761576.9105907795
shaun rooney__1996-07-26,Shaun Rooney,DEF,612499.9999999997,426552.46197275846,,,397366.2256575403,,,,394406.42023157503,,,,,446335.8927335193,,,416165.2501488483,24799.273138813074,411959.3438151494
shawn adewoye__2000-06-29,,,,,,,,,1128494.7207095292,1400349.500299429,,,,1112901.0774591835,,,,,1213915.0994893806,161645.07348356184,1128494.7207095292
shayne lavery__1998-12-08,,,,,,,,579188.3345623431,,543239.4585766864,,,,,,,,,561213.8965695148,25419.69398549204,561213.8965695148
shea charles__2003-11-05,,,,,,,,,,,,,,,4137324.629716002,,,3283154.422899665,3710239.5263078334,603989.5455273477,3710239.5263078334
sheraldo becker__1995-02-09,Sheraldo Becker,MID,2250000.000000001,2638516.4181777965,2501225.8382973326,,,,,,,,1941494.8200756712,,,,,,2360412.358850267,369230.42135054653,2501225.8382973326
sherel floranus__1998-08-23,,,,,,,569277.4163543487,,,,,,,,,,,,569277.4163543487,,569277.4163543487
shihao wei__1995-04-08,,,,,,,,,1628689.4847639597,,1584324.8472370736,1627479.7563699496,,,1696012.1500425416,,,,1634126.559603381,46129.45058800419,1628084.6205669546
shiloh t zand__2003-05-14,,,,,,,937935.668261794,1299412.6956172748,,,,,,,,,,,1118674.1819395344,255602.85728621564,1118674.1819395344
shinta appelkamp__2000-11-01,,,,,1757283.7639267023,,,,,,,,1740776.6539587665,1753645.0148338627,1677419.6120597967,,1777665.5135436542,,1741358.1116645564,38115.91414832031,1753645.0148338627
shio fukuda__2004-04-08,,,,,,,,,,,1018558.3726320156,,,,,1092406.2495432757,916346.5278115924,1146040.6967137018,1043337.9616751464,99492.714920201,1055482.3110876456
sho fukuda__2001-03-23,,,,,,,1136633.6859232357,,925267.7983028179,,865420.8627066537,,,,,,,,975774.1156442357,142486.0166396031,925267.7983028179
shola ogundana__2005-02-22,,,,,,1390271.6507260504,,,,,,,,,,,,,1390271.6507260504,,1390271.6507260504
shola shoretire__2004-02-02,,,,,,,,,,,,,,,,,1696232.5484513242,,1696232.5484513242,,1696232.5484513242
shon weissman__1996-02-14,,,,,,,1517230.4143011984,,,1770835.8419531176,,,,,2022770.2099222639,,,2039453.270006805,1837572.4340458463,246391.87652741236,1896803.0259376909
shunsuke mito__2002-09-28,,,,,,,,,,,,,2356911.043880221,1690879.9926755761,,,,1953957.9107773646,2000582.9824443872,335454.5621588076,1953957.9107773646
shurandy sambo__2001-08-19,,,,,,,,1585922.360841858,,,,1689733.591141677,1771031.5980573061,,1662447.200837167,,,1421819.6620949784,1626190.8825945973,132022.89469104374,1662447.200837167
shuto machino__1999-09-30,,,,,5360398.780154732,,,,,5613468.560082962,,,,5623734.857149132,,,,,5532534.065795609,149161.8806393319,5613468.560082962
sidi sane__2003-04-21,,,,,790186.7834538148,,,,776787.7232223833,,,,,,729605.8927225963,,750785.2645450775,636282.6259330263,736729.6579753796,60828.09221339844,750785.2645450775
sidiki cherif__2006-12-15,,,,,3771190.6716285227,3539902.7433874267,,3729407.6041557933,3902317.693069463,,,3912673.0416295594,,,,,,,3771098.350774153,152029.14575408836,3771190.6716285227
sidney raebiger__2005-04-17,Sidney Raebiger,MID,625000.0000000002,724439.2488261226,,,,,,718611.544118463,,,,,,,,719591.8730344255,720880.8886596704,3120.3696097599764,719591.8730344255
sidny lopes cabral__2002-09-18,Sidny Lopes Cabral,DEF,1275000.0000000002,1605832.25845847,,1741248.0276698358,,1812358.175599964,,,1606468.9309171622,,,,,,,1419726.6227259792,1637126.8030742821,150606.56973709687,1606468.9309171622
siebe horemans__1998-06-02,Siebe Horemans,DEF,3249999.9999999986,2154620.6038636984,,,,,,,,,,,,,,,2154620.6038636984,,2154620.6038636984
siebe schrijvers__1996-07-18,Siebe Schrijvers,MID,2250000.000000001,3395919.573482465,,,,,3163662.9036208377,,,,3309756.296859014,,,,,,3289779.5913207717,117409.93035908182,3309756.296859014
siebe van der heyden__1998-05-30,,,,,,3197733.0474512456,,3254017.7985839453,,,,3516723.0907889376,,,3417376.9971145056,,,,3346462.7334846584,146837.7875434192,3335697.3978492254
siemen voet__2000-02-03,Siemen Voet,DEF,749999.9999999998,856386.0227072856,,,,,,,,,,,,784853.9561572169,,754123.4229966825,798454.4672870617,52470.37499520596,784853.9561572169
sigurd haugen__1997-07-17,,,,,,694510.1334477939,,,,,,727274.7081019554,,,,,770806.9167158685,662014.9454918174,713651.6759393588,46493.939152655046,710892.4207748746
sikou niakate__1999-07-10,Sikou Niakaté,DEF,6250000.000000005,6306768.114871409,,,,6274962.687063239,,,6392016.981713537,,,,,6462783.313973932,7153577.886825414,7055245.197347981,6607559.030299253,391681.85583017365,6427400.147843734
sil swinkels__2004-01-06,,,,,,,,,,,,,,723187.6575157956,,,,,723187.6575157956,,723187.6575157956
silas ostrzinski__2003-11-19,,,,,,,,,,679224.9076689429,,,,,,,,,679224.9076689429,,679224.9076689429
silvan hefti__1997-10-25,,,,,1209215.627745952,,,,,,,,,,,,,,1209215.627745952,,1209215.627745952
silvan widmer__1993-03-05,,,,,1687832.1222974556,1530437.4993799313,,,,,,,,,1809400.7931317855,,,,1675890.138269724,139864.53464731426,1687832.1222974556
silvere ganvoula__1996-06-29,,,,,,,1348021.5692941877,,,,,,,,,1409726.0474417256,,,1378873.8083679567,43631.654927701195,1378873.8083679567
silvinho esajas__2002-07-08,,,,,493481.1622458113,,,,,,,,,,,,499843.0121539669,,496662.0871998891,4498.507210947813,496662.0871998891
simen bolkan nordli__1999-12-25,,,,,,,,3131247.495881604,,,,3379628.8808217626,,3174607.663098245,,3182791.4148785085,,,3217068.86367003,110708.27038527973,3178699.538988377
simen juklerd__1994-05-18,,,,,,,589629.2773783542,,,568279.9235459705,,561149.1618486906,582129.6774186188,,648748.9808683856,,,,589987.4042120039,34704.66091104948,582129.6774186188
simon adingra__2002-01-01,,,,,,,25702317.68087508,20370626.53332304,,,21328589.767190557,,,,,18122387.312598296,18664821.450296964,,20837748.548856787,3009067.951136521,20370626.53332304
simon asta__2001-01-25,,,,,,,,,1374703.6517737752,,,,1262310.2031663794,,,,,,1318506.9274700773,79474.16967123134,1318506.9274700773
simon ebonog__2004-08-16,,,,,,,,1853243.9671903213,1792007.539717147,,,1744861.295825142,,,,,,,1796704.2675775366,54343.76967518023,1792007.539717147
simon elisor__1999-07-22,,,,,,,,1886637.3522872832,1928783.6986309951,,,,,1977755.7705469117,,,,,1931058.940488397,45601.79909462354,1928783.6986309951
simon graves__1999-05-22,Simon Graves,DEF,1150000.0000000005,1328858.2798986742,,,,1221184.7423684644,,,1348579.3186377825,1349076.5035087634,,,,,,,1311924.7111034212,61221.73799828568,1338718.7992682285
simon hedlund__1993-03-11,,,,,,,,,,,,,,1305803.9725159279,1033907.9722477301,1013913.2139881845,1069062.4701008813,,1105671.907213181,135354.86026504164,1051485.2211743058
simon janssen__2000-09-25,Simon Janssen,DEF,637500.0000000003,754619.2904818368,,,918729.4907527611,,,,,,,763670.2231341345,,,,,812339.6681229108,92247.36101849942,763670.2231341345
simon lorenz__1997-03-30,Simon Lorenz,DEF,725000.0000000006,646339.984675127,,614580.2048356722,,,,,,,,,,630278.5864275853,704346.4017716296,,648886.2944275035,39181.040398259,638309.2855513562
simon mignolet__1988-03-06,,,,,,,,,,642018.5472492098,,,602011.6128194821,,,,,,622015.080034346,28289.174629746038,622015.080034346
simon moore__1990-05-19,,,,,,,,,163102.71297576392,165484.60491879855,,,,,148402.0815916298,,,,158996.4664953974,9251.977946577574,163102.71297576392
simon murray__1992-03-15,,,,,305779.7753717831,,,,429251.7926283602,,,,,,,,,,367515.7840000717,87307.90068890808,367515.7840000717
simon ngapandouetnbu__2003-04-12,,,,,,,866654.8819132521,,,1074961.9514865745,,,,,1128401.7172283172,1097287.6879575136,,,1041826.5596464144,118819.56283390842,1086124.819722044
simon olsson__1997-09-14,,,,,1541744.674976459,,,,,,,,,,,,,,1541744.674976459,,1541744.674976459
simon piesinger__1992-05-13,,,,,,,,,465937.52713305695,432299.1423156823,,,444408.93076689215,444064.93397259986,,,452765.0304221626,488550.5943292097,454671.02648993395,19983.45807586461,448586.9805945274
simon power__1998-05-13,,,,,271576.7068375331,,169977.00220915425,287039.17906459834,,264908.0306060874,,,,,,,282378.82846162125,,255175.94943579886,48419.574774711036,271576.7068375331
simon simoni__2004-07-14,,,,,,,,,,,,806361.5258638394,,791757.75340977,825086.0335869067,,770216.0874382764,855902.6929408427,809864.818647927,32647.097926285755,806361.5258638394
simon sohm__2001-04-11,,,,,,7156552.584533342,,,7390881.867434371,7433977.554556837,,,,7520539.1339144865,,,7809385.415053173,,7462267.3110984415,236243.66095120157,7433977.554556837
simon straudi__1999-01-27,,,,,,,,,,,,,694161.2918017571,747238.0913891523,,,,,720699.6915954547,37530.964911926545,720699.6915954547
simon thern__1992-09-18,,,,,,,379399.0071445009,450113.88702267106,,,,,,,428656.9335469121,,,,419389.9425713614,36256.811778639785,428656.9335469121
simon wver__1996-01-21,,,,,,294272.6164183581,,280835.45558566175,,,,,,,,,295265.75832366734,266577.1084052837,284237.73468324274,13488.135285490596,287554.03600200993
simone bastoni__1996-11-05,,,,,,1478223.3396799052,,1624210.2247311634,,,,,,,,,,,1551216.7822055342,103228.31638404565,1551216.7822055342
simone canestrelli__2000-09-11,,,,,2089497.6145588246,,,,,,1911365.0832029798,,,2082137.8233293833,,,2024161.2718376343,,2026790.4482322054,82311.29549765278,2053149.5475835088
simone colombi__1991-07-01,Simone Colombi,GK,230000.0000000001,298989.43390219414,,,,,,,281026.8058847492,,,299300.3986072633,,,,344614.90247151663,305982.8852164309,27134.25044338327,299144.9162547287
simone ghidotti__2000-03-19,,,,,,,1131436.186548233,,,,,1287163.9457658168,,1169745.8073669614,1176917.7939944654,,1150817.3491054196,,1183216.216556179,60739.42413714243,1169745.8073669614
simone pafundi__2006-03-14,Simone Pafundi,MID,6650000.000000001,3168868.844391855,,,,,,,,,,2932778.149130536,,,,2964710.2762690685,3022119.0899304864,128087.98933448766,2964710.2762690685
simone perilli__1995-01-07,,,,,562753.8154890211,,,518768.5926245977,,,511539.2989361322,,,,,481339.96675983205,,,518600.4184523958,33604.32224968937,515153.945780365
simone pontisso__1997-03-20,,,,,,981394.2794932454,,,,969635.8673492878,977241.0844166309,,,,952439.7935586724,979632.4944187105,,,972068.7038473093,11854.784078964174,977241.0844166309
simone romagnoli__1990-02-09,Simone Romagnoli,DEF,587500.0000000002,406324.86994908913,,,,475290.88161402795,,,401858.6198852375,,,,,,,,427824.79048278485,41167.45319870808,406324.86994908913
simone scaglia__2004-07-12,,,,,,,805809.6986335191,,,,,,,,,,,,805809.6986335191,,805809.6986335191
simone scuffet__1996-05-31,Simone Scuffet,GK,1650000.0000000007,2362963.7048784876,,,,,,,,,,,2367604.374354708,,,,2365284.039616598,3281.448855880857,2365284.039616598
simone verdi__1992-07-12,,,,,,,,,1411342.2057705407,,,,,,,,1452516.6696256567,1578971.0305085855,1480943.301968261,87355.08451441581,1452516.6696256567
sinaly diomande__2001-04-09,,,,,,4496286.167206998,3758410.623936718,,4625030.954362952,,,,,,,4122996.0603200877,,,4250680.951456688,391191.9194210009,4309641.113763543
sindre walle egeli__2006-06-21,Sindre Walle Egeli,MID,1575000.0000000002,2082598.7307919108,,,,,2281286.7679230957,2207044.7667512577,2203884.9464361295,,,,,,,,2193703.8029755987,82253.16571529704,2205464.8565936936
siriki dembele__1996-09-07,,,,,1731901.7027655328,,,,,,2068750.383122688,,,,1938489.3510610282,1718175.983121653,1771981.8741269775,,1845859.858839576,152486.06389088932,1771981.8741269775
sivert heltne nilsen__1991-10-02,,,,,,,494377.71318812465,,,,,,,,520991.7168604809,,503279.28407162963,,506216.23804007843,13547.899166573325,503279.28407162963
sivert mannsverk__2002-05-08,,,,,,,,,,,,,,,2124328.262796297,1822620.8281796263,,,1973474.5454879617,213339.37295184494,1973474.5454879617
skelly alvero__2002-05-04,,,,,,1966959.5765317918,,,,,,2021000.19839204,,,,1830261.718227878,,1835442.8219443413,1913416.0787740129,95630.75761243657,1901201.1992380666
slobodan rubezic__2000-03-21,,,,,,1295649.3501190955,1613114.6568420846,1141734.4564092404,,1283967.4037693564,,,,1245868.1259491483,,1289783.5742686018,,1440709.6483661234,1330118.1736748072,152670.04317670167,1289783.5742686018
sofiane alakouch__1998-07-29,Sofiane Alakouch,DEF,537500.0000000003,767433.5547686373,,,,,,,,,,,,,,791528.4694934944,779481.0121310658,17037.677594058037,779481.0121310658
sofiane boufal__1993-09-17,,,,,,2971882.386557397,,,,3311812.883708936,2980560.9881480737,,,,,,,3267158.168995532,3132853.606852485,181813.9283815155,3123859.578571803
sofiane diop__2000-06-09,,,,,,10427159.786100416,,,,,,,,,,,,,10427159.786100416,,10427159.786100416
sofus berger__2003-06-02,,,,,727223.936377555,,756410.7167810133,,,,,,,,,,,,741817.3265792842,20638.170344287988,741817.3265792842
sofyan amrabat__1996-08-21,,,,,,,12110139.454505656,,,,11443045.22870745,,13998902.154495077,,12508288.533617092,11950906.76789246,,,12402256.427843546,970780.014999218,12110139.454505656
soichiro kozuki__2000-12-22,Soichiro Kozuki,MID,899999.9999999995,802410.9030646061,,,,,,782522.3070286574,,796776.0574003052,809996.8991057064,,744694.1470699873,,,,787280.0627338525,25842.636044170304,796776.0574003052
solly march__1994-07-20,,,,,3672530.4785596267,5004031.989632799,,,,4915103.111897629,,,,,,,5001246.162746799,4971532.613232652,4712888.871213901,582676.3708461613,4971532.613232652
sondre rjaster__2003-11-28,,,,,,,,,,,,,,,,,,3395626.3524575965,3395626.3524575965,,3395626.3524575965
sondre tronstad__1995-08-26,,,,,,,,,,2398812.7190870973,,,,,,,,,2398812.7190870973,,2398812.7190870973
soner dikmen__1993-09-01,,,,,,,,,,,,,839508.3727967347,,,,,773049.661051672,806279.0169242034,46993.4057438559,806279.0169242034
soner gonul__1997-06-11,Soner Gönül,DEF,737500.0000000005,812403.1292009196,,,,,,,,,,,783375.676414189,,832317.9526678344,,809365.5860943143,24612.123076146792,812403.1292009196
sonny perkins__2004-02-10,,,,,,573652.8321703373,,,,,572826.7856949327,,,,560867.0068496455,,,,569115.5415716385,7155.370849217045,572826.7856949327
sontje hansen__2002-05-18,,,,,,,,,2190331.889441878,,,,,,,2159729.854060553,2067078.4964484365,1902722.8733755436,2079965.7783316027,129259.57817520802,2113404.175254495
sota kawasaki__2001-07-30,,,,,3015650.132553327,,,,,,2536628.0570735424,,,,,,,,2776139.0948134344,338719.7579098099,2776139.0948134344
sotirios papagiannopoulos__1990-09-05,,,,,,,514612.90818520245,,,,,,,,,535445.8957709774,,,525029.4019780899,14731.146794276603,525029.4019780899
sotiris alexandropoulos__2001-11-26,Sotiris Alexandropoulos,MID,2449999.9999999995,1670120.8885781672,,,,,,,1540888.840800634,,,,,,1670592.546391987,,1627200.7585902626,74748.68547115772,1670120.8885781672
sotiris kontouris__2005-02-24,,,,,,,1038209.4073376262,1134321.5312119073,,1068798.0859211555,,,,1122629.6960802383,,,1179628.7261630266,,1108717.4893427908,55772.90641813192,1122629.6960802383
soualiho meite__1994-03-17,,,,,,,,,3316360.0414436846,,,,,,,,3914605.531576573,,3615482.7865101285,423023.44288723514,3615482.7865101285
souffian el karouani__2000-10-19,,,,,,10648801.9050851,,,,,,10560926.762838453,,,,,,,10604864.333961777,62137.10898033642,10604864.333961777
souleyman doumbia__1996-09-24,,,,,,,,638643.6698133595,,695550.0598626002,,,,661570.7512678822,,,667355.0759076853,,665779.8892128818,23401.107660221875,664462.9135877837
soumaila coulibaly__2003-10-14,,,,,,4447786.671176017,,,,,,,4206327.392097093,,,4709049.096474268,,,4454387.719915792,251425.85069224972,4447786.671176017
soungoutou magassa__2003-10-08,,,,,,7695019.000561619,9142711.173376244,,,,,,7521133.032333987,,,7017677.977495263,,,7844135.295941778,912121.5453567862,7608076.016447803
sren tengstedt__2000-06-30,,,,,,,,,,,,,,,943727.9654941992,,,,943727.9654941992,,943727.9654941992
stan henderikx__2003-07-08,,,,,,,,796628.8682436426,,896752.8867606161,825831.3994020331,,894981.8421347939,879670.4996873352,,,,,858773.0992456842,45103.49127820388,879670.4996873352
stanis idumbo__2005-06-29,,,,,2421131.618428542,,,,,,,,,2848393.5170319276,2736787.1216098843,,,2551739.9560871865,2639513.053289385,190164.71823594416,2644263.538848535
stanislav lobotka__1994-11-25,,,,,,,,,,,,,,23686209.340147525,,,,,23686209.340147525,,23686209.340147525
stanley mills__2003-10-25,,,,,1575100.5522155499,,,,,,,,,,,,,,1575100.5522155499,,1575100.5522155499
stanley nsoki__1999-04-09,,,,,,,,,,,,,,,,,2512242.536576512,,2512242.536576512,,2512242.536576512
stav lemkin__2003-04-02,,,,,,,1902717.7518851822,,,,,,,,,,,,1902717.7518851822,,1902717.7518851822
stavros gavriel__2002-01-29,,,,,,,,,,,1168758.7124771252,,,,,,,,1168758.7124771252,,1168758.7124771252
stavros pilios__2000-12-10,,,,,2227632.7603363716,2229027.806546334,2181783.987921026,2224370.4906305373,,,2318658.314834522,2172286.2508085407,2171067.644411091,,2229334.940036249,,,,2219270.274440584,47968.21353872766,2226001.625483454
stavros pnevmonidis__2006-08-07,Stavros Pnevmonidis,MID,1600000.0000000012,1937231.1616910112,,,,,,,1979120.4897438777,,,,,,1851669.5045071165,,1922673.7186473354,64960.58628455167,1937231.1616910112
steeven assengue__2005-06-14,,,,,,359637.34971362713,,,,,,336309.69058348925,,,,,,,347973.5201485582,16495.145960128775,347973.5201485582
stefan bajic__2001-12-23,,,,,,,,,,,,856429.9754003907,810246.4413856796,,,813388.904514222,,834295.8171082675,828590.28460214,21410.12241478399,823842.3608112447
stefan bell__1991-08-24,,,,,,,,,1272767.7932336384,1109451.7145965905,,,1412703.348181564,,,,,,1264974.2853372642,151775.96117958496,1272767.7932336384
stefan de vrij__1992-02-05,Stefan de Vrij,DEF,12249999.999999987,11931562.959015446,,11239666.694182562,14020935.850308504,,,,12576832.358634116,,,,,,,,12442249.465535156,1185660.0533709796,12254197.658824781
stefan drazic__1992-08-14,,,,,,,,,,,,,,,,,750381.3314862043,,750381.3314862043,,750381.3314862043
stefan drljaca__1999-04-20,,,,,,,,,800438.7597811979,,,776788.7514467759,,,,,766497.1308755905,696824.0297200008,760137.1679558912,44536.48743081132,771642.9411611832
stefan gartenmann__1997-02-02,,,,,,,,,,1993469.306629716,1803513.6621972518,2052087.065201294,2164107.1592630125,,,2013050.6926116943,,,2005245.5771805937,130696.6843109926,2013050.6926116943
stefan knezevic__1996-10-30,,,,,,,,,1109394.8484811303,,,,,,1074007.51420844,,,,1091701.1813447853,25022.62403233447,1091701.1813447853
stefan kutschke__1988-11-03,,,,,,,,,,,,205354.01710402337,,,,,269490.642136679,,237422.32962035117,45351.442483009654,237422.32962035117
stefan lainer__1992-08-27,Stefan Lainer,DEF,1899999.9999999993,1263619.547973067,,,,1339790.514551946,,1121152.1075426596,,,,,,,,1246762.376467326,1242831.1366337496,90654.14088625646,1255190.9622201966
stefan mitrovic__1990-05-22,,,,,,,,,,,334864.937526145,351801.391912024,,,,,,,343333.1647190845,11975.881745511675,343333.1647190845
stefan ortega__1992-11-06,,,,,6789467.592636851,,,6724683.2760052215,,,,,7534059.748586502,,,,,7404524.088674552,7113183.676475782,415427.71852525556,7096995.840655701
stefan posch__1997-05-14,,,,,,,17622440.905955844,,,,16812003.44625608,,,,,,,,17217222.17610596,573065.823481303,17217222.17610596
stefan savic__1991-01-08,,,,,,,,,,,,,,3399220.9118885165,,,,,3399220.9118885165,,3399220.9118885165
stefan schimmer__1994-04-28,,,,,1335355.0193749715,,,,,1279748.5473368545,,,,,1346651.2848864354,,,,1320584.950532754,35813.5487366152,1335355.0193749715
stefan schwab__1990-09-27,,,,,,786009.6043671458,,738917.9192492773,,,,,,,,,,,762463.7618082116,33298.84988434642,762463.7618082116
stefan smarkalev__2007-05-14,,,,,,361088.1570738792,,,,,362894.7116364857,342430.7394994202,,378830.05178482906,,,,,361310.9149986535,14898.984456416672,361991.43435518246
stefan velkov__1996-12-12,,,,,,,,,750523.7200787014,,,,,,,,786637.1587479602,,768580.4394133308,25536.057374997417,768580.4394133308
stefano mazzini__1998-12-06,,,,,,,,,,161756.80996788916,,,199306.81493706905,,184985.14395850038,191274.18716933607,,,184330.73900819867,16150.38534885573,188129.66556391824
stefano moreo__1993-06-30,,,,,,1425106.220041098,1271765.1797619206,1424898.4769819516,,,,,,,1375285.1944659345,,1306112.9204263857,,1360633.598335458,69590.70158010331,1375285.1944659345
stefano russo__2000-06-29,,,,,,,,,,,,,,,,,1314093.9213777615,,1314093.9213777615,,1314093.9213777615
stefano sabelli__1993-01-13,,,,,,,,,,,,1639816.798968941,,,,,1719423.2584467889,,1679620.028707865,56290.26732303836,1679620.028707865
stefano turati__2001-09-05,,,,,,,,,3741102.207833711,,,,3703280.8571890313,,3393085.5716165164,,,,3612489.54554642,190948.13817715578,3703280.8571890313
stefanos kapino__1994-03-18,,,,,,,,,,,,,,,,649638.4358542106,656623.6439565897,,653131.0399054002,4939.288017191484,653131.0399054002
stefanos tzimas__2006-01-06,,,,,,,,,,,,,,,,,4293364.446917288,,4293364.446917288,,4293364.446917288
stefen tchamche__2006-01-08,,,,,343100.6941816033,,,359507.5120418645,334386.853800581,,,276753.82749667513,,,,284234.4077775442,,288115.3687856223,314349.77734731504,35428.677018559494,311251.1112931017
steffen tigges__1998-07-31,Steffen Tigges,FWD,1350000.0,1046858.9945742633,1033935.3272473621,,,,1011013.5941468928,,,,,,,,,1182491.960087251,1068574.9690139424,77377.60455360684,1040397.1609108127
stelios andreou__2002-07-24,Stelios Andreou,DEF,2900000.0000000014,2794596.8663243917,,3107590.370340447,,3036691.889508996,,,,,,,,,,,2979626.3753912784,164114.55774915795,3036691.889508996
stephan ambrosius__1998-12-18,,,,,,1220302.9426368983,,,,,,,,,,,,,1220302.9426368983,,1220302.9426368983
stephan el shaarawy__1992-10-27,,,,,,,7853045.331854046,,,,7192207.12655832,,,,,8794619.690500358,8694389.416676464,,8133565.391397297,756386.8631592712,8273717.374265255
stephane diarra__1998-12-09,,,,,,1335889.740996708,,,,,,1248424.8164855323,,,,1251184.472339147,1274617.076405952,,1277529.0265568348,40642.92896440429,1262900.7743725495
stephen dukemckenna__2000-08-17,,,,,,379701.5071475243,,,,377999.6453345021,,,,357080.29270528676,345728.0027259181,,371146.2340543418,,366331.1363935146,14561.70754374088,371146.2340543418
stephen humphrys__1997-09-15,Stephen Humphrys,MID,712500.0000000002,787265.3994875292,,,,,,,,,,,,,,,787265.3994875292,,787265.3994875292
stephen kingsley__1994-07-23,Stephen Kingsley,DEF,534999.9999999995,879829.4077969403,,,,,,,,,832618.9209235349,,,,,,856224.1643602375,33382.85541130345,856224.1643602375
stephen odonnell__1992-05-11,,,,,,,,,,,237934.95681234074,,,211046.7119265885,,255922.7985773209,,,234968.15577208335,22584.6677987604,237934.95681234074
stephen welsh__2000-01-19,,,,,,,,,,,,,1531795.7331045521,,,,,,1531795.7331045521,,1531795.7331045521
stephy mavididi__1998-05-31,Stephy Mavididi,MID,6749999.999999997,6344459.676717808,5824204.79795744,,,,6285515.480977869,,,,,,,,,,6151393.318551038,284882.1696053088,6285515.480977869
steve cook__1991-04-19,,,,,,731444.0590092955,,,,,,687254.6547223716,1008170.9045340902,,,,,,808956.5394219192,173933.7469069541,731444.0590092955
steve mounie__1994-09-29,,,,,,,,,3535232.546810762,,,,,3150426.9829084976,,3428115.4692029255,,3037793.518800145,3287892.1294305823,232583.92652569152,3289271.2260557115
steve ngoura__2005-02-22,,,,,,,,1593437.0306827382,,,,,,,,,,,1593437.0306827382,,1593437.0306827382
steven baseya__2005-01-14,,,,,620860.810656768,718011.7860560521,,,,,677207.4762624527,,,,,702228.1083814995,,,679577.0453391931,42596.99137971202,689717.792321976
steven benda__1998-10-01,Steven Benda,GK,1099999.9999999998,982296.2706003536,,,,,,,,,,,,,,1086280.2549520598,1034288.2627762067,73527.78046988732,1034288.2627762067
steven berghuis__1991-12-19,,,,,,,,,5214588.063407208,,,,,,,,5789525.4372475,,5502056.750327354,406542.1158000556,5502056.750327354
steven bergwijn__1997-10-08,,,,,18584417.68107621,,,,18664552.59456461,,,,20432000.174754206,,,,,19003964.0516974,19171233.625523105,859959.3055833508,18834258.323131002
steven moreira__1994-08-13,,,,,,,,1042064.6125286033,1285215.612045284,,,,,,,,,,1163640.1122869435,171933.7206105318,1163640.1122869435
steven nzonzi__1988-12-15,,,,,343984.608117032,,,381120.3090928796,,363455.63753294176,,,325457.4260611256,321611.96069616766,331751.83750369586,342488.9904987974,385889.65985229966,301190.78210821754,344105.690162573,28153.737779433137,342488.9904987974
steven skrzybski__1992-11-18,,,,,,,,1444621.0047205733,,,,1369320.5100525627,,,,,1341946.99606445,,1385296.1702791953,53168.64022275758,1369320.5100525627
stevie may__1992-11-03,,,,,246270.7689510463,,,,,,,,194676.12243836786,203628.47868902519,224129.6657244906,,215974.3093700632,,216935.86903459864,19911.018414748607,215974.3093700632
stian gregersen__1995-05-17,,,,,,1302352.0212607232,,1299911.2994927475,,1287855.984504657,,,1207522.8511892825,,,1269456.0547563417,,,1273419.6422407504,39068.515246617375,1287855.984504657
stije resink__2003-05-28,,,,,,4899862.40605652,,,,5254908.059790131,,,,,,4711111.65391416,,,4955294.03992027,276103.4811180575,4899862.40605652
stijn spierings__1996-03-12,,,,,,,,2071554.483903172,,2098864.044723444,,2106553.479879966,1881996.8821530847,,,,,2151243.1010189266,2062042.3983357188,104643.08750633393,2098864.044723444
stijn van gassel__1996-10-18,Stijn van Gassel,GK,999999.9999999997,829750.3923944415,822890.9272617932,,,916024.7566511886,844618.6073642337,,,,,,,,814915.2526903957,,845639.9872724104,40832.178638019395,829750.3923944415
stipe perica__1995-07-07,,,,,,867696.2112023449,,,805198.1388768894,818588.3111649385,,,747476.7851598996,,,,,,809739.8616010181,49445.42935402584,811893.2250209139
stipe radic__2000-06-10,,,,,1279498.4548696792,,,,,,,1414923.1729142733,,,,,,,1347210.8138919761,95759.73646960873,1347210.8138919761
stiven shpendi__2003-05-19,Stiven Shpendi,MID,1949999.999999999,1194584.6723135074,1273451.6632762032,,,,,1148666.6513612862,,,,,,,,1071355.189651619,1172014.544150654,84609.55337636665,1171625.6618373967
stole dimitrievski__1993-12-25,,,,,3440282.2918852144,4005138.2217609263,2687600.03017388,,4293945.938780364,,,,,4154783.1083383216,,4212537.1431998415,,,3799047.7890230916,624331.2119560541,4079960.6650496237
stoppila sunzu__1989-06-22,,,,,375077.1396072943,,481616.93500235456,,,,269261.0819209232,,,,,,,,375318.3855101907,106178.13209025134,375077.1396072943
strahinja pavlovic__2001-05-24,,,,,12755251.270115666,,11476157.344879597,,13677255.311667249,,14655418.755426856,13250241.678531071,,,,,,,13162864.872124087,1173784.5262396934,13250241.678531071
stratos svarnas__1997-11-11,,,,,,,,,1762344.0115137668,,,,,,,,,1883515.5573293688,1822929.7844215678,85681.22173306857,1822929.7844215678
streli mamba__1994-06-17,,,,,,583011.374003466,,604192.3790593026,,550043.657915941,,,562329.6056075036,,,606253.6578414416,567307.458720369,,578856.3555246707,23006.401131233823,575159.4163619175
stuart armstrong__1992-03-30,,,,,,,,,,1204837.9760563346,,,,,1398630.8895002166,,1285087.1916935395,,1296185.352416697,97371.96826522899,1285087.1916935395
stuart findlay__1995-09-14,Stuart Findlay,DEF,1024999.9999999995,1273056.7930648746,,1185833.4336484778,,1217355.0214556537,,,,,,,,,,,1225415.082723002,44166.75274112351,1217355.0214556537
suat serdar__1997-04-11,,,,,,,,,,,,,9670174.044629272,,,,,,9670174.044629272,,9670174.044629272
sullay kaikai__1995-08-26,,,,,,,,,,,,,217086.45789116467,,,386723.2534894986,406696.2679020703,,336835.3264275778,104185.28669152172,386723.2534894986
svante ingelsson__1998-06-14,,,,,,,,,,,,1513538.2657166277,1123183.4924392083,,,,,,1318360.879077918,276022.5072530006,1318360.879077918
svar atli magnusson__2000-06-16,,,,,,,,933369.1980782656,,,,,,,763639.9708042957,,,755229.068765715,817412.7458827589,100509.2529203272,763639.9708042957
sven botman__2000-01-12,Sven Botman,DEF,35499999.999999955,39679830.40758645,42695887.151864834,,,,,,,39945915.52039872,,40091821.3624821,,,,,40603363.61058302,1405404.071282801,40018868.44144041
sven bouland__2006-02-22,,,,,,,460211.70023650094,,,,,,,,,,451898.18465844437,,456054.94244747265,5878.543240743801,456054.94244747265
sven jansen__2004-10-23,,,,,,,,,,179592.86745362543,,169381.50566604303,,,171357.2809320079,,,,173443.88468389213,5416.0330318654305,171357.2809320079
sven kohler__1996-11-08,,,,,,,,827730.1134157123,,,,,,,,,877483.8130449014,861004.4155930945,855406.1140179028,25344.888875135937,861004.4155930945
sven mijnans__2000-03-09,,,,,11040024.007363047,,,,12539630.35066838,,,12792189.137491837,10148195.762964232,,,12333204.495580941,10586858.595128573,,11573350.391532836,1121187.9342261667,11686614.251471994
sven sonnenberg__1999-01-19,,,,,696356.8936501576,,,,746836.4149016397,,,,,,,,,,721596.6542758986,35694.41178797341,721596.6542758986
sven ulreich__1988-08-03,,,,,444280.1333719923,,,379646.2732989779,,,,508841.05179033073,452026.8249795239,484520.7053571567,450287.88055856875,,,,453267.1448927584,43764.04389295916,451157.3527690463
svenn crone__1995-05-20,Svenn Crone,DEF,512499.9999999997,458608.63250791444,489358.337863,,,,,,,,,512758.47476938553,464300.42702245055,,,,481256.4680406876,24889.412098884575,476829.38244272524
sverre nypan__2006-12-19,,,,,,,,,6253482.833331305,,,,,,,,,3892780.8099656077,5073131.821648456,1669268.409082688,5073131.821648456
sverrir ingi ingason__1993-08-05,,,,,,,,,1681780.1327434764,1747976.7001534281,,,,,,,,,1714878.4164484523,46808.04170684926,1714878.4164484523
syb van ottele__2002-02-02,,,,,1621174.0814279865,,,,,,,,,,,,,,1621174.0814279865,,1621174.0814279865
sydie peck__2004-09-13,,,,,3755343.001994296,,,,,,,,,3415181.6727276365,,3441867.5249392134,,,3537464.066553715,189159.87037055474,3441867.5249392134
sydney van hooijdonk__2000-02-06,,,,,,1595127.2487563351,,,,,,,,,1663004.75322347,,,1864154.7504956832,1707428.9174918293,139907.39419785992,1663004.75322347
szymon czyz__2001-07-08,,,,,,,,,852465.8156183026,862095.6012230633,,,,,,,,,857280.7084206829,6809.286702498925,857280.7084206829
taha altkardes__2003-08-22,,,,,,,,,,1695847.601945015,,,,,1630176.9714949199,1723652.8831604267,,,1683225.8188667872,47999.15177875322,1695847.601945015
taha emre ince__2007-07-26,Taha Emre İnce,DEF,312500.00000000023,339142.08191894426,,,,,,,,,,,336057.06068331137,,,,337599.5713011278,2181.4394358205145,337599.5713011278
taha sahin__2000-10-22,,,,,1882075.9083083544,,,1905063.9280821267,,1993890.1850373596,,1983830.6391467294,,,1981093.3996455024,,,,1949190.8120440145,51641.356621915955,1981093.3996455024
tairyk arconte__2003-11-12,,,,,,,,1008628.1270435348,,,,1340430.8675067765,836515.7964677258,,,1271873.0594762182,,,1114361.9626235636,234019.2523567121,1140250.5932598766
taishi brandon nozawa__2002-12-25,,,,,,,,,,,,,521366.08846255287,,,,453010.05638283025,,487188.07242269156,48335.01381857704,487188.07242269156
taiwo awoniyi__1997-08-12,,,,,,,,6463036.428399387,,,,,,,,,,,6463036.428399387,,6463036.428399387
tajon buchanan__1999-02-08,,,,,5146532.141384021,5747674.4630671125,,,,,,,,7563230.833695611,,,5903709.9616150595,6252398.790176738,6122709.237987709,899090.5595423804,5903709.9616150595
takahiro akimoto__1998-01-31,,,,,,,1021960.8236786679,,,,1079342.6331261375,,,,,,,,1050651.7284024027,40575.06657706009,1050651.7284024027
takayuki seto__1986-02-05,,,,,104652.76298395591,,,,,,,,,,184451.15016861135,92838.5387304749,,,127314.1506276807,49833.43768076927,104652.76298395591
takefusa kubo__2001-06-04,,,,,,,,29650906.274492834,,,,,,41183205.62960616,34004100.86291339,34858013.17963754,,,34924056.48666248,4755128.502357138,34431057.02127546
takehiro tomiyasu__1998-11-05,,,,,10771128.753976522,12584196.775386075,,,,,,,,,,,,9786631.939360159,11047319.156240918,1419085.3063397577,10771128.753976522
takuma asano__1994-11-10,,,,,,,,,,4055950.4341301746,,,,,,,4095347.5428754017,,4075648.9885027884,27857.96275289392,4075648.9885027884
takumi minamino__1995-01-16,,,,,10253764.777468484,,11535663.144948369,10135506.982755113,11228223.80408292,,,,,,,,10007665.102676194,,10632164.762386214,698471.7302999081,10253764.777468484
talha sararslan__2004-01-18,,,,,,,,,288067.2442863048,,,272116.4173585948,328574.5125310964,,,,,,296252.72472533194,29105.509704179476,288067.2442863048
talha ulvan__2001-04-20,,,,,,,271229.5704541794,,286582.23460117716,,,,219164.64870150754,303900.23944921116,,,298890.14082139404,271362.14296315773,275188.1628317712,30610.243360494496,278972.18878216745
tamas nikitscher__1999-11-03,,,,,,1809488.923138072,1449600.7361602373,,,,,,,,,,,1417756.1280823834,1558948.595793564,217557.71989365914,1449600.7361602373
tammer bany__2003-10-19,,,,,,1044290.2774198547,,,,,1041742.2014496261,969527.3830564027,,911715.57248654,,,,548748.2876458332,903204.7444116513,205674.6587216437,969527.3830564027
tammy abraham__1997-10-02,,,,,,,13216730.66577866,,,,,,,,11807456.353143461,,,,12512093.50946106,996507.4230163592,12512093.50946106
tanguy coulibaly__2001-02-18,,,,,3044600.341338671,,,,,,,,,2910797.0957370265,2827758.969328868,2840752.429244795,,,2905977.20891234,99351.176874271,2875774.7624909105
tanguy ndombele__1996-12-28,,,,,3191450.7226010123,,,,,,3637383.9098676704,,,,3202100.4330129703,3397642.635831458,,,3357144.425328278,209497.26841926834,3299871.534422214
tanguy nianzou__2002-06-07,,,,,3085566.2224341044,3799826.2308594435,,,,,,,,3259335.8857942447,,,,3184157.713419763,3332221.513126889,319754.18054492486,3221746.799607004
tanguy zoukrou__2003-05-07,,,,,977203.6500581952,,,929223.7228235764,,,,,887864.6639473592,,947052.3320606225,,,,935336.0922224383,37332.11413435011,938138.0274420995
tani oluwaseyi__2000-05-15,,,,,,2492286.3897704487,,,,,2530571.4302424598,,,,,2501193.2463027616,,,2508017.022105223,20033.946644073363,2501193.2463027616
tanner tessmann__2001-09-24,,,,,,,,,,,,,,,,,,12106784.226729251,12106784.226729251,,12106784.226729251
taras mykhavko__2005-05-30,Taras Mykhavko,DEF,4799999.999999999,4480492.467965399,,,5326234.601575449,,,5422885.3376769805,,,,,,,,,5076537.469072609,518447.27186659304,5326234.601575449
taras stepanenko__1989-08-08,,,,,,,,,,,445165.23458552547,546040.0743000107,,457413.8632796989,476832.2437137706,,,,481362.8539697514,45046.239440150144,467123.0534967347
tarek buchmann__2005-02-28,,,,,,,434070.39098970895,,,,,,,,,,,,434070.39098970895,,434070.39098970895
tarik muharemovic__2003-02-28,,,,,5589224.342503659,,,,5880398.508668872,,,,,5922388.768830566,,,5009855.053288724,,5600466.668322955,420691.55119392544,5734811.4255862655
tariq lamptey__2000-09-30,,,,,,,,,,4524828.923264653,,,,,,,,,4524828.923264653,,4524828.923264653
tark cetin__1997-01-08,,,,,,,,,,,,,898363.0416899533,,,,,,898363.0416899533,,898363.0416899533
taskn ilter__1994-07-05,,,,,419184.08116618777,,383812.89186737215,,,,419773.7221783642,,,,,,,,407590.23173730803,20593.890783400835,419184.08116618777
tatsuhiro sakamoto__1996-10-22,,,,,,,3995770.458432987,,,,,,,3260667.7329373364,,,,4182065.2112711724,3812834.467547165,487178.10997726594,3995770.458432987
tawanda maswanhise__2002-11-20,,,,,,,,,,1254032.2103929527,,,,,,,,,1254032.2103929527,,1254032.2103929527
tayfur bingol__1993-01-11,,,,,,673167.6214782805,,,,656322.1041507755,,,,,,667731.2938458995,,,665740.3398249851,8597.429089144292,667731.2938458995
taylan antalyal__1995-01-08,,,,,,,1093558.9070803015,1041429.8388775627,,,,,,1069983.4081717425,,,,,1068324.0513765356,26104.119151042043,1069983.4081717425
taylor booth__2001-05-31,,,,,,,,,,,,,,,,,,1538961.8730581074,1538961.8730581074,,1538961.8730581074
taylor gardnerhickman__2001-12-30,,,,,,,,,,,2320148.9009442152,,,,,1839029.817850458,1939601.2175693768,,2032926.6454546833,253773.75681249253,1939601.2175693768
taylor harwoodbellis__2002-01-30,Taylor Harwood-Bellis,DEF,15000000.00000001,7030515.338797733,,,,,,,,,,8531658.16536587,,,,,7781086.752081801,1061468.2721958703,7781086.752081801
taylor perry__2001-07-15,,,,,,273226.99062419357,,293216.86941799807,,,,,,282407.0179376748,302392.52178910555,290350.58399889205,,,288318.7967535728,11055.550106472336,290350.58399889205
taylor richards__2000-12-04,,,,,,,,,616350.6398892573,,555036.747741588,,,616475.5168693432,,,,,595954.3015000629,35435.69602460625,616350.6398892573
tayo adaramola__2003-11-14,,,,,,1063964.5056273912,1294037.1233238964,860004.0864983477,981909.522278427,,,,,1053591.0280731046,,,1159552.182649546,,1068843.0747417856,148571.93052044095,1058777.766850248
tayyip talha sanuc__1999-12-17,,,,,1320977.2842949645,,1295661.67226884,,,1371305.647497097,,,,,,,,,1329314.8680203005,38505.05452360808,1320977.2842949645
teddy okou__1998-05-15,,,,,,1441872.049042879,,,,,,,,,,,,,1441872.049042879,,1441872.049042879
teddy teuma__1993-09-30,,,,,,,,,,3988306.0383364423,,,,,,4041862.626793163,,3974010.8207834805,4001393.161971029,35769.00192155355,3988306.0383364423
teemu pukki__1990-03-29,Teemu Pukki,FWD,1150000.0000000005,711026.9151976758,696002.2105971904,,,,648106.0416153349,,,,,,,756572.9591733831,,,702927.031645896,44709.38659209519,703514.5628974331
teenage hadebe__1995-09-17,,,,,,,,1022474.9082044889,,,,,1235039.372578278,,,,,,1128757.1403913833,150305.77419799252,1128757.1403913833
teji savanier__1991-12-22,Téji Savanier,MID,6250000.000000005,2441343.9943727786,2490545.40788617,2852645.2603633837,,2581329.2116419296,,2496546.5829191874,,2486607.511778968,,2410849.4318876527,,,,,2537123.914407153,148881.86038484087,2490545.40788617
telasco segovia__2003-04-02,,,,,3063020.03711598,3114485.283942086,,,,,2276324.7603804744,,,,,,,2455265.630507191,2727273.9279864333,424264.75603436894,2759142.833811586
telli siwe__2004-12-14,,,,,,767227.0375569833,,,,,,,,,,,,,767227.0375569833,,767227.0375569833
telmo arcanjo__2001-06-21,,,,,2625014.7283731974,,2273177.965654364,,2398386.022165747,,,2163809.1448760196,,2284373.483869623,2241048.215816988,,,,2330968.26012599,162817.10943036003,2278775.7247619936
tendayi darikwa__1991-12-13,,,,,,404541.1274129984,,,402102.17686857475,,,,,,427260.0895054166,415751.83230709616,400436.0956876932,,410018.26435635576,11342.79245293828,404541.1274129984
terem moffi__1999-05-25,,,,,,,,,,5631243.396139693,,,,,,,,,5631243.396139693,,5631243.396139693
terrence boyd__1991-02-16,,,,,383417.515787546,,,,,,,,,,,404994.5968853228,,,394206.05633643444,15257.30036245007,394206.05633643444
terry taylor__2001-06-29,,,,,622825.6586225958,,,,,,,,,,595621.0281292737,,,,609223.3433759348,19236.578701502425,609223.3433759348
terry yegbe__2001-01-25,,,,,,2539049.4422279936,,,2275655.6380791045,,,,,,,,,,2407352.540153549,186247.54503620093,2407352.540153549
tete yengi__2000-11-28,,,,,,,,,293138.7659954956,301212.61581628316,,292288.4854586725,,,,,,,295546.62242348376,4925.27715902972,293138.7659954956
teun koopmeiners__1998-02-28,,,,,,,,,,21060056.169962432,,,,,,20076947.710610993,21134132.673157364,,20757045.51791026,590145.4080998626,21060056.169962432
thelo aasgaard__2002-05-02,,,,,,,,,,,,,1942403.6944998335,,,1946883.6758840305,,,1944643.6851919321,3167.8252163552065,1944643.6851919321
theo bair__1999-08-27,,,,,,,,2370399.8353528962,,,,,2470626.448320072,,,2378945.9722046596,,,2406657.418625876,55563.35738402584,2378945.9722046596
theo corbeanu__2002-05-17,,,,,,,,,1861949.8661314757,1853029.157425179,,,,,1652699.7982962024,,,,1789226.2739509523,118319.498295868,1853029.157425179
theo de percin__2001-02-02,Théo De Percin,GK,899999.9999999995,1181705.9047160228,,1233039.923853773,,1115213.3891062879,,1280702.023640479,,,,,,,,1228365.451043477,1207805.338472008,62505.75726806968,1228365.451043477
theo defourny__1992-04-25,,,,,,,,238315.48206630806,260092.1606787506,,,217660.3236008958,,,,274801.5002623794,,,247717.36665208347,25023.369686275197,249203.82137252932
theo guivarch__1995-11-17,,,,,,,509838.37959802785,,,,,,,453311.87052926375,473860.1957397057,,,,479003.4819556658,28612.088384103165,473860.1957397057
theo hernandez__1997-10-06,,,,,,33515086.32319847,,,,37038668.2025192,36975173.25511378,,38817347.45495446,,,,,,36586568.808946475,2218541.961513746,37006920.728816494
theo le bris__2002-10-01,Théo Le Bris,DEF,2849999.999999999,3422663.7326845764,,,,,,3662833.069448905,,,,,,,,,3542748.401066741,169825.36665913239,3542748.401066741
theo leoni__2000-04-21,Théo Leoni,MID,3499999.9999999995,2308812.5645093736,,,,2239931.628967159,,,,,,,,,,,2274372.0967382663,48706.176616373465,2274372.0967382663
theo sainteluce__1998-10-20,Théo Sainte-Luce,DEF,1249999.999999999,1330323.2403033073,,1454502.7428958304,,1281246.0912164636,1331324.5034659086,,1130550.1544359738,,,,,,,,1305589.3464634966,116919.3913227201,1330323.2403033073
theo sander__2005-01-08,,,,,,810026.5317731434,,791406.3378208065,,,,,,818279.9871822915,,,,780379.5014471002,800023.0895558354,17257.869039819525,800716.434796975
theo vermot__1997-01-27,,,,,,,,,,161519.89917592704,,176350.04310252873,155471.17183758182,,,,,,164447.0380386792,10742.807955368648,161519.89917592704
theo zidane__2002-05-18,,,,,,1076905.9147009242,,,,1096119.2467771554,,,,,,,,,1086512.58073904,13585.877400292125,1086512.58073904
therence koudou__2004-12-13,,,,,,,,,,,,,,,2641805.0515781487,,,2512002.2293281252,2576903.640453137,91784.45583014368,2576903.640453137
thiago almada__2001-04-26,,,,,,30633834.48084397,29905654.564944595,,27290175.186093096,29560109.104733042,,,23377256.579023268,,,,,,28153405.983127594,2947816.345889472,29560109.104733042
thiago borbas__2002-04-07,,,,,,,,,,,,4346435.391506015,,,,,4429986.3027736,,4388210.847139807,59079.415931624964,4388210.847139807
thiago fernandez__2004-04-03,,,,,,,,7393899.410517162,,7318030.965938994,,,,,,7494712.456357421,7602769.690882761,,7452353.130924084,123664.51309444991,7444305.9334372915
thibault de smet__1998-06-05,,,,,,2164236.9626308028,,,2312526.2687384007,2185659.3596848506,,,,,,,,2207760.892411205,2217545.8708663145,65766.2808129277,2196710.1260480275
thibault klidje__2001-07-10,,,,,,,,,2181124.4965490955,,2579045.2720702603,,2060953.637168662,2511479.38230716,,2121687.6207537516,,,2290858.081769786,237298.21594209239,2181124.4965490955
thibault vlietinck__1997-08-19,,,,,,,,746936.7815401079,,,,,,739165.5625398922,,,,,743051.1720400001,5495.081653138305,743051.1720400001
thibaut courtois__1992-05-11,,,,,,,,,,,31699510.853828747,,,,,,,32330095.67930188,32014803.266565315,445890.8062053882,32014803.266565315
thibaut vargas__2000-05-22,Thibaut Vargas,DEF,1350000.0,1631353.156808403,1642341.3370544305,,,,,,,,,,,,,,1636847.246931417,7769.816764866055,1636847.246931417
thibo baeten__2002-06-04,,,,,,,,,,,,,838928.7806336244,,,,,,838928.7806336244,,838928.7806336244
thibo somers__1999-03-16,,,,,,,,,3474221.897497658,3197294.8926634877,2938228.095612909,,,,,3281534.044093297,,,3222819.7324668383,222331.8362164521,3239414.468378392
thierno balde__2002-06-10,,,,,,,,999152.7721105951,,,,,,,,,,,999152.7721105951,,999152.7721105951
thierno barry__2002-10-21,,,,,,19440297.356416594,,19538247.848817233,20186277.777071074,,,,,,,,18835469.61391157,,19500073.149054118,553053.6753707576,19489272.602616914
thierry lutonda__2000-10-27,,,,,835969.0969994713,,,,,814737.17619744,,,,,,,,748601.1191869851,799769.1307946322,45566.68381774299,814737.17619744
thierry small__2004-08-01,Thierry Small,DEF,1749999.9999999998,2232739.815296472,,,,2375946.698310672,,,2116018.43240264,,,,,2258363.2796661262,,,2245767.0564189777,106629.91832898583,2245551.5474812994
thijmen blokzijl__2005-02-25,,,,,,,,,,3671084.6929906304,,,,,,3447191.690516335,,,3559138.1917534824,158316.26030979076,3559138.1917534824
thijmen nijhuis__1998-07-25,,,,,544788.7435835165,,,485496.4972594176,482822.4035844952,,,,,,,,,,504369.21480914304,35029.86474427731,485496.4972594176
thijs dallinga__2000-08-03,,,,,,,,,,,,,13505031.152919605,,,,,,13505031.152919605,,13505031.152919605
thijs oosting__2000-05-02,,,,,,846314.0630273799,,,,,787460.3788740004,,,,,803120.891700708,,,812298.4445340293,30481.299867504735,803120.891700708
thilo kehrer__1996-09-21,,,,,,,,,,12823279.091688344,,11191092.82352557,,,,11395348.924764631,,,11803240.279992849,889263.4715016773,11395348.924764631
thom van bergen__2004-01-06,Thom van Bergen,MID,2150000.0,1710698.1034876823,,1849584.106516203,,,1719971.1612457493,1694072.2928706894,,1802760.33748426,,,1650845.3191691851,,1730042.7944096813,1707891.8554051311,1733233.2463235727,63278.263622227256,1715334.632366716
thomas battistella__2001-07-29,,,,,848226.0197335422,,,844932.1015552054,,,,,,,,826621.2669295386,869061.432127584,,847210.2050864676,17393.505806561112,846579.0606443738
thomas beelen__2001-06-11,,,,,,6867292.052413855,,8124427.817090441,,,7513373.2197058275,,7184774.934721025,,,7231838.761652054,7782827.902099476,,7450755.781280446,453238.84299008147,7372605.990678941
thomas bruns__1992-01-07,,,,,,,,,,,,526909.8513031479,560970.3191304754,,,,,,543940.0852168116,24084.387771089543,543940.0852168116
thomas buitink__2000-06-14,,,,,623859.8092175062,628066.8138371757,574414.3762317597,,,,,,662622.6977820764,,621884.4025505574,,,,622169.6199238151,31443.321203176227,623859.8092175062
thomas callens__1998-09-06,,,,,571204.2952876224,,,546127.5089049338,,,,,,,,,,,558665.902096278,17731.965701565554,558665.902096278
thomas carrique__1999-02-26,,,,,,775827.4758503316,,,,,761380.121617493,,793897.0967390069,,,,,,777034.8980689439,16292.078414793737,775827.4758503316
thomas claes__2004-03-26,,,,,,2144954.9003200484,1739475.8628360853,,,,,,,1917988.6273277723,,,,1890933.6417297293,1923338.258053409,167330.00748279487,1904461.1345287508
thomas delaney__1991-09-03,,,,,,,1581812.2286059735,,,,,,,,,,1917680.9160044943,1596792.2539486615,1698761.7995197095,189737.4105485681,1596792.2539486615
thomas foket__1994-09-25,Thomas Foket,DEF,3600000.0000000014,1238863.4911073276,,1330709.8054236558,,,,1273470.175482469,,,,,,,,1198363.757783429,1260351.8074492202,56055.34616015463,1256166.8332948983
thomas gundelund__2001-11-06,Thomas Gundelund,DEF,875000.0,1214020.7939411234,,,,,,,,,,,,,1274511.1830442802,960623.9390033927,1149718.638662932,166530.40525069702,1214020.7939411234
thomas henry__1994-09-20,,,,,,,,,1759288.7503302868,,,,,1884014.6175653017,,,,1831212.7733604985,1824838.7137520288,62606.764541069235,1831212.7733604985
thomas isherwood__1998-01-28,Thomas Isherwood,DEF,749999.9999999998,855906.7713255382,,,778030.8843077797,,858206.9032344803,,,841979.3542006842,,,,,,,833530.9782671207,37688.25136740616,848943.0627631112
thomas jrgensen__2005-09-30,,,,,,2335129.9145542635,,,,,,2179036.791678105,,,,,,,2257083.3531161845,110374.50568231664,2257083.3531161845
thomas kastanaras__2003-01-09,,,,,,770507.7930806375,,,,,,,,672750.5144213801,,,,,721629.1537510088,69124.83465030383,721629.1537510088
thomas keller__1999-08-05,,,,,,,,1057928.7527247062,,,,1152510.2339162992,,1121081.3958039647,,1022050.3580542074,,,1088392.6851247945,59186.05524759861,1089505.0742643354
thomas kristensen__2002-01-17,Thomas Kristensen,DEF,6950000.000000006,4599331.053433413,4281331.9922107,,,4077304.9286585175,,,,,,,,,,,4319322.658100876,263078.48022587836,4281331.9922107
thomas lemar__1995-11-12,,,,,,9044331.860135444,,,,,6644545.781285019,,,,,8425592.88919179,,,8038156.843537417,1245922.6794489685,8425592.88919179
thomas meiner__1991-03-26,,,,,271129.7657035366,,,,,,,,,,,269487.01787392044,,274663.69785081793,271760.16047609167,2645.2886558467276,271129.7657035366
thomas mikkelsen__1983-08-27,Thomas Mikkelsen,GK,37500.00000000001,117076.92585635069,,132513.2804639789,,,,,,117217.51015634614,,,126138.16149223389,,,110094.05723664886,120607.98704111169,8758.214536568474,117217.51015634614
thomas monconduit__1991-02-10,,,,,,,541584.9380419117,,,509127.22271153354,,,,,,,485316.80875289836,468753.02279345854,501195.49807495053,31616.799825049813,497222.01573221595
thomas muller__1989-09-13,,,,,,,,7089244.374174288,,6924106.419123568,7227980.66050252,,,,,,,,7080443.817933458,152128.1564537594,7089244.374174288
thomas oude kotte__1996-03-20,Thomas Oude Kotte,DEF,950000.0000000008,1544701.2767582287,,,,,,,,1400521.0642389627,1314277.5602000847,,1449190.671288097,,,,1427172.6431213433,96182.77686021685,1424855.86776353
thomas ouwejan__1996-09-30,,,,,,,1244716.6514085063,1544519.3043666934,,,,,,,,,,,1394617.9778875997,211992.4889244512,1394617.9778875997
thomas partey__1993-06-13,,,,,,,,,,,,,,,,10689783.305539075,,,10689783.305539075,,10689783.305539075
thomas robinet__1996-08-18,,,,,,,,,980132.9945469841,1111478.4425740533,,,,,,,,,1045805.7185605187,92875.25697792588,1045805.7185605187
thomas santos__1998-10-10,,,,,,,420641.8607970552,,,739915.3618075094,518151.5299620325,,,,647440.6424454432,596914.2487923803,,,584612.7287608841,121984.75155818285,596914.2487923803
thomas strakosha__1995-03-19,,,,,,3705074.4353700336,3230824.0047144177,,3517023.4167889087,,,,,,3426722.2411494628,,,,3469911.0245057056,197103.42577478057,3471872.8289691857
thomas van den belt__2001-06-18,,,,,,,2266321.7535660625,,,,,,,,2501501.605295061,,,,2383911.679430562,166297.26795602168,2383911.679430562
thomas van den keybus__2001-04-25,,,,,,,,,1714502.9592535717,,1453511.6784176673,,,,,,,,1584007.3188356194,184548.70450963065,1584007.3188356194
thore jacobsen__1997-04-19,,,,,,,,,,727045.2755846501,,,,,,,,,727045.2755846501,,727045.2755846501
thorgan hazard__1993-03-29,,,,,,3077771.202438189,,,2794892.593900641,,,3091440.42174001,,,,,,,2988034.7393596135,167405.57981576197,3077771.202438189
tiago cukur__2002-11-30,Tiago Çukur,FWD,649999.9999999995,766952.3932424783,667255.2420815779,,,,,,648983.5525198042,,,703568.3547534817,723011.3089664655,,,,701954.1703127616,46585.082466041444,703568.3547534817
tibe de vlieger__2005-11-05,Tibe De Vlieger,MID,749999.9999999998,811881.3711499964,920061.8433309785,,,929331.6995662804,,,,,,,,,,,887091.6380157517,65298.70397005897,920061.8433309785
tidiam gomis__2006-08-08,Tidiam Gomis,MID,3249999.9999999986,3590004.4581429344,3889243.617031497,,,,,,,,,,3989343.256820165,,,,3822863.7773315324,207780.1274693714,3889243.617031497
tidjany toure__2002-07-15,,,,,1738382.3974397792,1725416.187686036,,,,1792460.2094678388,,,,,1811517.5036151954,,,,1766944.0745522124,41545.95249644281,1765421.303453809
tijjani noslin__1999-07-07,,,,,,,,7089766.0422611805,,,,,,,6532661.476493035,,6149787.459074395,,6590738.32594287,472672.85149876476,6532661.476493035
tijjani reijnders__1998-07-29,,,,,,,64750822.391280875,,,,80286272.08887911,,,,,,,,72518547.24008,10985221.82995421,72518547.24008
tijmen holla__2006-07-25,,,,,,,,229309.26005188166,,,,236363.80570185315,222398.54291969875,,,,,,229357.20289114452,6982.754831048714,229309.26005188166
tijn van ingelgom__2007-03-05,,,,,,,,,,,,,355032.6023504853,360666.3960671218,,,336838.7600813766,396800.9222091467,362334.6701770326,25126.793758829648,357849.4992088035
tijs velthuis__2002-01-12,,,,,,,958738.9189164178,,,1038403.1038631479,,995453.1188857734,,1017830.7850580552,,1069900.6663520813,,,1016065.3186150951,42164.905631358706,1017830.7850580552
tika de jonge__2003-03-11,Tika de Jonge,MID,1800000.000000001,1689998.7407541876,,,,1764512.5116745536,,,,,,,,,,,1727255.6262143706,52689.192709571806,1727255.6262143706
till cissokho__2000-02-08,,,,,774760.3555684077,,791797.6298149568,,,,,,,,,1022108.8778647616,,,862888.9544160421,138151.3850661662,791797.6298149568
tim breithaupt__2002-02-07,,,,,,,,,,1994348.2569573396,1982143.5429510232,2095962.9570882758,1928197.9444206571,,,,,1897892.9866598952,1979709.137615438,75964.57442123556,1982143.5429510232
tim chow__1994-01-18,,,,,,,,,,1456757.3601980892,,,1183751.595142398,,1632723.2808002194,1618756.3040766916,1656919.1104257463,,1509781.5301286287,198586.70905606088,1618756.3040766916
tim civeja__2002-01-04,Tim Civeja,MID,674999.9999999998,730558.082840384,,619730.3677983031,,,,,,,,664734.5587503578,,,,642846.0313444199,664467.2601833662,47738.64739315546,653790.2950473889
tim drexler__2005-03-06,,,,,,,,,2310409.5448398157,1990340.8977350928,,2190472.2537355656,2087415.7695977935,,2106441.2317593736,,2182758.4650786906,,2144639.6937910556,109155.96754942526,2144599.848419032
tim freriks__1998-10-02,,,,,,,648942.9123528232,,,634128.6557240277,,,,,630012.1464160901,,624281.6649581842,622535.4412146565,631980.1641331563,10543.879949629849,630012.1464160901
tim handwerker__1998-05-19,,,,,,1175386.5761506658,1306676.5609989807,,,,1136807.6684242052,,,,1136753.7936407356,1151672.6308235899,,1129212.8746296864,1172751.6841113106,67632.22620329272,1144240.1496238974
tim iroegbunam__2003-06-30,,,,,,12756776.196904123,,,,,,,,11748319.334910367,,,11946060.070903875,,12150385.200906122,534376.1593563093,11946060.070903875
tim jabolfolcarelli__1999-12-06,,,,,2039536.8174634173,,,,,,,,,,,2005173.5696201625,2051509.296387536,2218503.8009205842,2078680.871097925,95261.6160579528,2045523.0569254765
tim kleindienst__1995-08-31,,,,,,,,,21871411.58209777,21919274.528084002,,,,,,20101546.86997156,,22181417.794835135,21518412.693747118,954355.4460221925,21895343.055090886
tim lemperle__2002-02-05,,,,,,,7060688.554311348,,,,,,,7887976.720851635,,,,,7474332.637581492,584981.0725560224,7474332.637581492
tim oermann__2003-10-06,,,,,,4799914.219206651,,,,,,4845536.37946604,,,,,,,4822725.299336346,32259.738891793608,4822725.299336346
tim paterok__1992-08-05,,,,,,,,,221656.50336524777,,,,217891.10164320996,234627.46104914683,,,227631.72578911862,,225451.69796168077,7314.671746596625,224644.1145771832
tim ream__1987-10-05,,,,,,,,,663985.4546685035,,553073.8929536552,,,,,,,,608529.6738110794,78426.31740055948,608529.6738110794
tim schreiber__2002-04-24,,,,,,1181648.791373173,,,,,,,,,,,1114727.6742114574,1087733.6898172977,1128036.7184673094,48351.41744887901,1114727.6742114574
tim siersleben__2000-03-09,,,,,2743106.094456267,,,,,,3127336.000471931,,3136521.3585954173,2824693.8390234113,,,,,2957914.3231367567,203710.94747430636,2976014.919747671
timjustin dietrich__2002-11-08,,,,,,290330.6121764849,345292.74084925075,,,291636.5445716169,,,,292186.5509818581,,,,,304861.61214480264,26965.32165698883,291911.5477767375
timo baumgartl__1996-03-04,Timo Baumgartl,DEF,1499999.9999999986,1207810.8429430067,,,,,,,,,,,,1266159.5583192306,1113197.1659965254,1313427.2804936818,1225148.711938111,86233.68546594528,1236985.2006311186
timo becker__1997-03-25,Timo Becker,DEF,1200000.0000000005,1931961.282782522,,,,,,,,,,,,,,,1931961.282782522,,1931961.282782522
timo horn__1993-05-12,,,,,,,,,,,,1218274.2007157882,1230030.094091739,1143897.1887472845,,1347836.0188142809,,,1235009.3755922732,84332.95388879812,1224152.1474037636
timo hubers__1996-07-20,,,,,,3792613.471407317,,4318314.083465556,,3760986.933470429,,,3589867.336603047,,,,,,3865445.4562365874,314774.7207880938,3776800.2024388732
timo letschert__1993-05-25,,,,,,,1934372.251852967,,,2188755.365768056,,,,2323687.029411719,,,,,2148938.215677581,197688.01958490233,2188755.365768056
timo schlieck__2006-03-02,Timo Schlieck,GK,587500.0000000002,461052.2791872902,,,535293.759993914,,,446836.98542119574,492894.96671641275,,,461483.725753053,,,,,479512.3434143731,35440.60202681724,461483.725753053
timo stavitski__1999-07-17,,,,,,735546.405045821,577100.559325774,,,,,,,622365.3141863899,642014.2989154158,,,,644256.6443683503,66653.37854168015,632189.8065509028
timo werner__1996-03-06,,,,,6770222.660126817,7915965.6738751745,,,,,6643747.381957382,,,,,5975231.347631572,,,6826291.765897736,805845.1584095453,6706985.021042099
timon vanhoutte__2004-01-29,,,,,477295.26646458916,,,,,,,498911.74706756213,,,,503715.46758661023,,,493307.4937062538,14073.467896553155,498911.74706756213
timon wellenreuther__1995-12-03,,,,,,,,4344992.395682713,,,4137288.880040325,,,,,,,,4241140.637861519,146868.56438701856,4241140.637861519
timothe cognat__1998-01-25,,,,,,,,,,,,,,,,,3838179.3271049117,,3838179.3271049117,,3838179.3271049117
timothe nkada__1999-07-20,,,,,,,,,,,,,2043561.8958710504,,,,,,2043561.8958710504,,2043561.8958710504
timothee kolodziejczak__1991-10-01,,,,,,,,,554015.76509965,,,,,,,,,,554015.76509965,,554015.76509965
timothee pembele__2002-09-09,,,,,,,2730167.223880687,,3334067.9059337974,,,,3587609.3151357584,,,3783109.0315176845,3313802.338615096,,3349751.1630166047,396799.0936497632,3334067.9059337974
timothy castagne__1995-12-05,,,,,,,,4621770.599002534,,,,,,,,,,,4621770.599002534,,4621770.599002534
timothy tillman__1999-01-04,,,,,,,1393967.3165712862,,,,,,1536509.7420906646,,,1937671.5332540188,1966373.2294800647,,1708630.4553490086,287245.29808897414,1737090.6376723417
timothy weah__2000-02-22,,,,,,,,11772271.4172773,12534883.632377246,,,,9434632.842307424,,,,12131331.360707847,9110001.757042022,10996624.201942367,1601139.6153449796,11772271.4172773
tin jedvaj__1995-11-28,,,,,,,1975017.3247384278,,,2034899.4866716482,,,1861449.1387354974,,,,,,1957121.9833818579,88099.02514497007,1975017.3247384278
tino anjorin__2001-11-23,,,,,,,,2121450.020140192,,1846860.6361582314,,,,,2179079.7043462093,,,1793098.5669902985,1985122.2319087328,193385.7317268592,1984155.3281492116
tino livramento__2002-11-12,,,,,,38590664.195154384,34568372.31486344,38006166.04700496,,,,38016226.36391044,,,,,,,37295357.230233304,1838402.2359933974,38011196.2054577
titouan thomas__2002-01-12,,,,,1093589.1395023658,,,,,,,,1056543.4296157483,1116552.3913405023,,1115217.333802853,,1108660.8544755736,1098112.6297474087,24961.576056678405,1108660.8544755736
tjaronn chery__1988-06-04,Tjaronn Chery,MID,950000.0000000008,1099063.6169110183,,1158581.5494170412,,,,,1211384.801677433,,,,,,,,1156343.3226684975,56194.03332264197,1158581.5494170412
tobe leysen__2002-03-09,Tobe Leysen,GK,3600000.0000000014,2469002.621800536,,,,,,,2165554.034222335,2178597.515780341,,,,,,,2271051.3906010706,171554.80335107673,2178597.515780341
tobi oluwayemi__2003-05-08,,,,,,,,,,205561.68861092607,,217416.12355610522,,213555.63988757724,,225499.99438515698,,196561.49256754716,211718.98780146256,11106.403380933403,213555.63988757724
tobias anker__2001-03-06,,,,,,,,,,,,1082405.1912954394,,,,,,,1082405.1912954394,,1082405.1912954394
tobias bach__2003-06-04,,,,,893015.1142737305,,,880268.177506148,,,,,,857534.1714375408,,,,,876939.1544058066,17973.205675065234,880268.177506148
tobias bech__2002-02-19,,,,,,,,,1724266.2398386388,,,,,,,,,1722533.0990005326,1723399.6694195857,1225.515639376204,1723399.6694195857
tobias hedl__2003-01-15,Tobias Hedl,FWD,725000.0000000006,818371.1204499226,,,,,796411.4187333864,,,,,,,,,860920.7513187904,825234.4301673664,32797.74783215661,818371.1204499226
tobias heintz__1998-07-13,,,,,,,,,,,,,,,,,1869380.5199327425,,1869380.5199327425,,1869380.5199327425
tobias klysner__2001-07-03,,,,,910226.1403804056,862703.0911478855,,,847861.0672811483,,,,816426.4266715796,,,,,,859304.1813702547,39047.173201842335,855282.0792145169
tobias lauritsen__1997-08-30,,,,,3356034.556448349,,,,,,3299612.879375244,,,,,,,3399635.6269451133,3351761.0209229025,50148.12895085807,3356034.556448349
tobias lauritsen__2004-06-18,,,,,,,,,1062976.6351336539,,,,,1026416.2852692563,1002423.988589493,974953.5527245265,,,1016692.6154292324,37338.55604472929,1014420.1369293747
tobias lawal__2000-06-07,,,,,,,,,,3020762.4728186475,,,,,,,,,3020762.4728186475,,3020762.4728186475
tobias mohr__1995-08-24,,,,,,,,1422351.3445133383,,1402160.824407546,,,,,,1363319.8993237447,,1240623.001169368,1357113.7673534993,81432.57641164368,1382740.3618656453
tobias raschl__2000-02-21,,,,,,,,989405.1906991852,993567.5851863059,,,,,,1052545.0748146006,1094827.8936995135,,1054536.6711306486,1036976.4831060509,44846.64769736557,1052545.0748146006
tobias salquist__1995-05-18,,,,,,,,,,,,,,,,,1123769.6452229274,1079099.1745757312,1101434.4098993293,31586.79271342712,1101434.4098993293
tobias sippel__1988-03-22,,,,,,,,,,,125535.20727354572,,,108531.65240017309,,118409.27026432108,,,117492.04331267996,8538.805451792492,118409.27026432108
tobias slotsager__2006-01-01,,,,,,,,,,,,2834468.667300847,,,,,,,2834468.667300847,,2834468.667300847
tobias sommer__2001-11-27,,,,,,962992.7222400176,,,,,868592.0862578795,,,,862705.8943477181,846743.247158857,,,885258.4875011181,52638.46305192899,865648.9903027988
toby collyer__2004-01-03,,,,,,3738064.1107953563,,3677825.193814293,,,,,,,3928610.3181322827,3681244.0242510196,,3182399.858938851,3641628.7011863603,276328.1229550388,3681244.0242510196
toby sibbick__1999-05-23,,,,,,,334704.4789189187,651884.0310647255,,,,,,,,,,,493294.25499182206,224279.8121760121,493294.25499182206
tochi chukwuani__2003-03-24,,,,,,,,2099181.7966139168,2230694.233068119,,1949097.6480521075,2402313.8305709176,,,,,,,2170321.8770762654,192757.32446939114,2164938.014841018
tochukwu nnadi__2003-06-30,,,,,,,,663951.8104560359,,,,,,,,,656366.5284801346,,660159.1694680853,5363.604322371929,660159.1694680853
tolcay cigerci__1995-01-24,Tolcay Ciğerci,MID,787499.9999999994,1079934.7599300283,929249.1228868888,1006905.0940825482,,,,1038541.3286227704,,,,,,,,,1013657.576380559,63724.01228024865,1022723.2113526593
tom aldred__1990-09-11,Tom Aldred,DEF,362499.9999999997,277874.02656414156,,,,,,,,,,,,,259168.33522597436,,268521.180895058,13226.921192000496,268521.180895058
tom anderson__1993-09-02,,,,,,,,,,,,,304237.06347004673,,,,,285828.13221282145,295032.59784143406,13017.080126380992,295032.59784143406
tom bischof__2005-06-28,,,,,,28461883.422147416,,,,23972988.476194814,27176758.5799,,28503783.366308417,,,,,,27028853.46113766,2128315.439079656,27819321.00102371
tom bradbury__1998-02-27,Tom Bradbury,DEF,237499.99999999983,309905.53547098715,322102.29473584815,307793.67448798555,,,,,,,,,,339164.9215252339,,,319741.6065550137,14403.001864980022,316003.91510341765
tom cairney__1991-01-20,,,,,2282995.080470718,,,,,,1595953.2071053803,,1559225.3429153007,,,,,,1812724.5434971328,407680.0430007081,1595953.2071053803
tom cannon__2002-12-28,,,,,,,,,,,,3697956.2574331826,2411136.6983415503,,,,2659964.5286372406,,2923019.1614706577,682549.9610332849,2659964.5286372406
tom davies__1998-06-30,,,,,1495984.7541375346,,,,,,,1536024.6098860218,,,1843716.6409455186,,1580502.942530173,,1614057.236874812,156949.60401521152,1558263.7762080976
tom davies__2003-11-11,,,,,,,,,,,,,,,,,,268098.5948277327,268098.5948277327,,268098.5948277327
tom de graaff__2004-12-10,Tom de Graaff,GK,899999.9999999995,742712.8885436713,,,,844766.9496934449,,,,,,,754039.801432834,818794.2037889127,,,790078.4608647157,49523.41909644314,786417.0026108734
tom edwards__1999-01-22,,,,,385609.71909021336,,,,,,,,,,362407.65200670564,338597.48978440324,348823.17377657356,,358859.50866447395,20326.01375968563,355615.41289163963
tom gaal__2001-03-03,,,,,1204660.5671301843,,,,,1182740.3877895596,1132909.2223034073,,,,,,,,1173436.7257410504,36769.314200123685,1182740.3877895596
tom grivosti__1999-06-15,Tom Grivosti,DEF,275000.0000000002,272151.5390409682,,,,,275832.21726526204,,,297993.0177072051,277845.9725046381,,,298259.4498511774,,,284416.4392738502,12681.08929254137,277845.9725046381
tom heaton__1986-04-15,,,,,,,,,109647.5160493616,,,,,,,,97567.88709846343,,103607.70157391252,8541.587545397439,103607.70157391252
tom hendriks__2002-05-14,,,,,,,,,,,,,,,,264251.8017150869,,,264251.8017150869,,264251.8017150869
tom hulsmann__2004-04-11,,,,,,,,,,,,,,,1129355.6852135037,,,,1129355.6852135037,,1129355.6852135037
tom ince__1992-01-30,,,,,,,,,1036917.3740299797,,,880678.8864153215,754283.0451279192,836194.3553206723,,,,,877018.4152234732,118759.77295390796,858436.620867997
tom james__1996-04-15,,,,,,,890994.8974513524,,411869.36625727697,,,,,,,,,,651432.1318543147,338792.9121469375,651432.1318543147
tom king__1995-03-09,,,,,,,,,,,,,,358026.46333777317,,365665.42061023123,,,361845.94197400217,5401.558488549391,361845.94197400217
tom krau__2001-06-22,Tom Krauß,MID,4500000.000000002,5630164.515512242,,,,,,5461611.970001889,,,,6407194.374330511,,,,5595078.691679471,5773512.387881028,428649.7898737973,5612621.603595857
tom lawrence__1994-01-13,,,,,,,,,1832971.8183489363,,,,,,,,,,1832971.8183489363,,1832971.8183489363
tom louchet__2003-05-04,,,,,4360769.261487807,,,,,,3664467.233921706,,,,4052847.076408585,3937544.7786837276,4418328.549387402,,4086791.3799778456,310952.25611879805,4052847.076408585
tom lowery__1997-12-31,,,,,,,,,419597.30739014526,,458083.0103592887,,,,,,436885.4199982694,,438188.5792492344,19275.91765084911,436885.4199982694
tom mcgill__2000-03-25,,,,,,352272.6752017217,,,,,,343986.77618499694,,,,,,,348129.72569335933,5859.015382953041,348129.72569335933
tom mcintyre__1998-11-06,,,,,,604940.9074545519,,,,607417.4505207232,,,,591953.5794246693,,,595369.5948690153,586653.1413280832,597266.9347194086,8752.243736925806,595369.5948690153
tom moustier__2002-05-02,,,,,,,,862643.1269385107,,,,,,,,,,745568.7254635937,804105.9262010523,82784.10318627012,804105.9262010523
tom negrel__2003-04-13,,,,,,,,288744.04300075764,,,277772.348049362,,,,,,270992.9527203763,,279169.781256832,8957.673593772377,277772.348049362
tom pettersson__1990-03-25,Tom Pettersson,DEF,387499.99999999977,412961.7878481968,,,,,,532775.9125175747,,,,,,,,,472868.85018288577,84721.38003564754,472868.85018288577
tom sang__1999-06-29,,,,,,,,,,,,,,,428792.8875897747,,402385.70549406146,,415589.29654191807,18672.6975319068,415589.29654191807
tom sparrow__2002-12-06,Tom Sparrow,MID,312500.00000000023,481802.35142640484,,436945.3134260721,314711.0808392218,,438691.9604231187,,,,,,,449609.5165512947,,,424352.04453322245,63882.39621317956,438691.9604231187
tom trybull__1993-03-09,Tom Trybull,DEF,337500.00000000006,349219.6537966238,345149.9415299601,,,,,,,,,,,,,,347184.7976632919,2877.721141235998,347184.7976632919
tom van de looi__1999-07-02,,,,,,2103876.1772245974,,,1919052.329412217,,,,,,,,,,2011464.253318407,130690.19611312464,2011464.253318407
tom vandenberghe__1992-08-17,,,,,,,647493.7377787242,492443.2526863851,,,487109.04875099286,490900.56998705165,,,,,,,529486.6523007884,78703.30935213868,491671.91133671836
toma basic__1996-11-25,,,,,,,2333980.873920264,,,,2538844.1883124146,2287820.8224781672,,,,,2387483.57571674,2521604.462028643,2413946.7844912456,112018.01593920971,2387483.57571674
tomas alarcon__1999-01-19,,,,,,,,,,1102618.0187636542,,,,,,,1082356.2872877214,911417.0118360749,1032130.4392958167,105030.62942498957,1082356.2872877214
tomas chory__1995-01-26,,,,,,,,,4442144.723753967,4218534.804393474,,,4632509.345867431,,,,,,4431062.958004957,207209.63876284842,4442144.723753967
tomas cvancara__2000-08-13,,,,,,,,,3332989.365067505,3239960.1449667593,,,2817800.278289448,,,,,,3130249.9294412374,274558.1856852831,3239960.1449667593
tomas kalas__1993-05-15,,,,,,,,,,,,853245.5884561267,,,,,,,853245.5884561267,,853245.5884561267
tomas muro__2002-05-05,Tomás Muro,MID,837499.9999999995,791750.7764672635,,627960.6681699599,,,,,,,678344.3451934648,710548.8769192672,,,,,702151.1666874889,68725.55669655112,694446.611056366
tomas ostrak__2000-02-05,,,,,,688035.540258463,,,,,,,,,,,,,688035.540258463,,688035.540258463
tomas soucek__1995-02-27,,,,,,,,,,8414002.18529419,6557123.087264653,,,,,,9017870.359565198,,7996331.877374682,1282441.284863298,8414002.18529419
tomas suslov__2002-06-07,,,,,,,,4427109.418777666,,,,,,,,,4204164.585865891,,4315637.002321778,157645.8031824182,4315637.002321778
tomasz kedziora__1994-06-11,,,,,,,2437902.5891602314,2603182.4884977723,,3083962.732768171,,,,2996102.0619054832,,,2978781.1080435356,,2819986.1960750385,282359.683949864,2978781.1080435356
tommaso augello__1994-08-30,,,,,,,,,,3544260.9826735267,,,,,,,,2897582.9535938883,3220921.9681337075,457270.4196065637,3220921.9681337075
tommaso baldanzi__2003-03-23,,,,,,,8272941.89714519,,,8017272.388002083,,7897853.070031945,,,,,,7892524.946521819,8020148.075425259,178098.02287240507,7957562.729017014
tommaso barbieri__2002-08-26,,,,,,2841802.3797441595,,2377898.146843247,,2960778.3676177342,,,,,,2577565.7381965877,,,2689511.158100432,262305.7763827434,2709684.0589703736
tommaso biasci__1994-11-10,,,,,932501.8538184563,,,,,,904700.6059569281,,,,,,,,918601.2298876923,19658.450888334584,918601.2298876923
tommaso cassandro__2000-01-09,,,,,,1044305.0251361863,,,1094123.8178950718,,,,1140605.0510900493,,1045595.4548776967,,,,1081157.3372497512,45916.23056219842,1069859.6363863843
tommaso corazza__2004-06-29,,,,,,,,,1674086.533006001,1737399.797150956,,,,1735959.172161626,,,,,1715815.1674395276,36145.235493148306,1735959.172161626
tommaso del lungo__2003-11-21,Tommaso Del Lungo,DEF,875000.0,1178982.1510852773,,,,,,,,,,,,1202088.079318219,,,1190535.1152017482,16338.358539122832,1190535.1152017482
tommaso martinelli__2006-01-06,,,,,,,,,,,1588124.0744238482,1536775.7245942734,,,,,1734789.9709522328,,1619896.5899901178,102759.57375950094,1588124.0744238482
tommaso pittino__2005-01-14,,,,,,,413734.9570878784,,,,,,535444.9553130365,,,,,436784.745773197,461988.2193913706,64650.92597023243,436784.745773197
tommaso pobega__1999-07-15,Tommaso Pobega,MID,7750000.000000002,7075942.968193629,,,,,,,,,,,,6464749.763312337,,6415229.676944748,6651974.136150238,368001.6815812683,6464749.763312337
tommi oreilly__2003-12-15,,,,,,,,,,531041.647152753,,,,,,,498480.49009774544,,514761.0686252492,23024.214956876014,514761.0686252492
tommy doyle__2001-10-17,,,,,,,7832957.264765077,,,,,,,,,7159886.831245714,7256887.460992472,,7416577.185667754,363842.7658269936,7256887.460992472
tommy st jago__2000-01-03,,,,,1444559.1811140918,,,1204816.9456668796,,1502169.6513294543,,1489156.4293857561,,,1477457.38516445,1516642.7605703967,,,1439133.7255385045,117376.26773485562,1483306.907275103
tomoki iwata__1997-04-07,Tomoki Iwata,DEF,1749999.9999999998,3135521.5877806577,,,,2740871.894747611,2786486.097364792,,,,,,,,,,2887626.5266310205,215891.4886624462,2786486.097364792
toni borevkovic__1997-06-18,,,,,,3019243.1894801734,3488502.8755181627,,3063079.1613031384,,3573795.5349081885,3587889.9532733797,,,,3495213.649391325,,2926818.5188867524,3307791.8403944457,290195.80228687683,3488502.8755181627
tonni adamsen__1994-11-15,Tonni Adamsen,MID,1249999.999999999,1588838.2499887408,1548456.919100359,1719707.7738264045,2162479.2835747073,,,,1766876.6061273648,,,1704706.109285461,,,,,1748510.8236505063,219076.49438646145,1712206.9415559326
tonny vilhena__1995-01-03,,,,,,1755722.6773787301,,,,1797997.8062389682,1755410.3100873213,,1733475.5860751788,1849542.0928818542,,,1664491.6887527886,,1759440.0269024735,62168.28942647123,1755566.4937330256
tony miettinen__2002-09-23,Tony Miettinen,DEF,487499.9999999996,519032.7617006224,,575416.6396067564,,,,,,,,,,,,,547224.7006536894,39869.422417021706,547224.7006536894
tony springett__2002-09-22,,,,,712056.1184467684,707403.8557074888,,,,,707329.7939629911,,,,,,,,708929.9227057494,2707.618168035004,707403.8557074888
tony strata__2004-09-07,Tony Strata,DEF,800000.0000000005,1075028.705251999,,1028251.2293115297,345977.9489430339,,,1018797.1799966863,,,,,1032085.9148644207,,,,900028.195673534,310476.77588075463,1028251.2293115297
tony yogane__2005-09-24,Tony Yogane,MID,462500.00000000006,546006.3430433634,552643.1023951019,,,,576271.460502613,,,,,556200.3987754841,,570650.7344603223,,,560354.4078353769,12668.40453369948,556200.3987754841
toon raemaekers__2000-09-09,,,,,1271699.8062512001,,,,,,,,,,,,,1301581.4149631225,1286640.6106071612,21129.48815296328,1286640.6106071612
torben musel__1999-07-25,,,,,,,,,732007.6113886422,,659894.8444160183,747565.9339910558,620814.7657946509,,,,768519.2703377958,,705760.4851856327,62639.253953838066,732007.6113886422
torbjrn heggem__1999-01-12,Torbjørn Heggem,DEF,5500000.000000001,4684950.610339987,,4351131.367772097,,,4186590.689805773,,,,,,,,,,4407557.555972618,253926.34490112992,4351131.367772097
toyosi olusanya__1997-10-14,,,,,398937.67534328124,,312729.98034650093,,,,,,,,,,,,355833.8278448911,60958.04572268496,355833.8278448911
trai hume__2002-03-18,,,,,,,,,,,,,17400538.837160103,,,,18823097.62122206,,18111818.22919108,1005900.9628466994,18111818.22919108
travis hernes__2005-11-04,,,,,,616880.4332943946,,,,,691477.1236135263,628509.5235805026,,,,,,,645622.360162808,40134.81572851212,628509.5235805026
trent alexanderarnold__1998-10-07,,,,,,,,,,,,,,78987751.38169329,,,,,78987751.38169329,,78987751.38169329
trent sainsbury__1992-01-05,,,,,507212.3188072667,,,,,,,554446.7725616363,525850.5545557769,,513024.1406612724,,,525817.0981317287,525270.1769435361,18220.601924176222,525817.0981317287
trevan sanusi__2007-04-25,,,,,,,,,,688931.2210173642,,628125.5544354112,,,704042.0550383511,,626615.5387002947,,661928.5922978553,40382.92883910555,658528.3877263877
trevis dago__2005-01-21,,,,,,,,,,824208.8027449115,718247.641952602,,,,,,,,771228.2223487567,74925.8553386402,771228.2223487567
trevoh chalobah__1999-07-05,,,,,,,,,,24626970.42195131,,,26723474.449749522,24186040.199746072,,,25272304.068593558,,25202197.285010114,1107950.1100348597,24949637.245272435
trey nyoni__2007-06-30,,,,,,,,,1369959.7805914464,2164779.32699721,,1197580.1180572372,,,,1679761.643999604,,,1603020.2174113742,424327.4620433514,1524860.7122955252
tristan crama__2001-11-08,,,,,,,,,,2777669.5312082525,,,,,,,,3077332.2656124854,2927500.8984103687,211893.55156613636,2927500.8984103687
tristan degreef__2005-01-19,,,,,,,,,,,,,,,1806727.8858393328,,,,1806727.8858393328,,1806727.8858393328
tristan gooijer__2004-09-02,,,,,851908.0955772586,,871686.1874213769,,,,,,,,998272.4175661072,,,,907288.9001882476,79412.17510611367,871686.1874213769
tristan muyumba__1997-03-07,Tristan Muyumba,MID,1099999.9999999998,1215283.095266729,1295790.6208674805,,,,1113219.388384808,,,,,,,1176341.7839295312,,1112631.5431669133,1182653.2863230924,76858.15939037465,1176341.7839295312
tristan schenkhuizen__2004-07-12,,,,,,,,,,,243558.1718458581,,249171.92753798785,,,,,249311.40236159862,247347.1672484815,3282.107238868254,249171.92753798785
tristan van gilst__2003-02-18,,,,,,625271.667132693,,,,615312.6189589628,564751.4715093703,,,,,,,,601778.5858670087,32450.748194331296,615312.6189589628
troy parrott__2002-02-04,Troy Parrott,FWD,15499999.999999987,10701110.835144404,,9991998.106174929,,,,,,,,11041042.44780741,,,,,10578050.463042246,535239.5716538741,10701110.835144404
true grant__2005-11-02,True Grant,GK,487499.9999999996,357149.111031276,,,,,,,,,,,,,,309421.0624920366,333285.08676165633,33748.826774896865,333285.08676165633
tsuyoshi watanabe__1997-02-05,,,,,,,7348902.434880704,7926472.417388726,,,,,,,6880928.038447698,,,,7385434.2969057085,523728.6461432635,7348902.434880704
tudor baluta__1999-03-27,,,,,,,1089981.4367172602,,,,,,,,,,,,1089981.4367172602,,1089981.4367172602
tugbey akgun__2003-04-09,,,,,213123.12270859905,227637.15364186963,,,246198.16735889565,231230.7335812193,,,,,213564.46635719753,204075.6998206951,,226828.67799027453,223236.86020839302,14061.651937509032,226828.67799027453
tunahan tasc__2002-04-29,,,,,,,,,,,,,,,,,,844600.8566442544,844600.8566442544,,844600.8566442544
tunmise sobowale__1999-03-19,,,,,,245748.31827003756,,,,,,272950.8749687156,244007.00100973932,264722.5682052714,263900.8554065085,,,218821.45738190183,251691.84587369568,19726.38211572421,254824.58683827304
tuomas ollila__2000-04-25,,,,,1384909.2774285572,,,,,1367431.6791921014,,,,,,,1375821.1679815035,,1376054.041534054,8741.125934188854,1375821.1679815035
tuur rommens__2003-03-26,,,,,,,,,,,2518317.241054802,,,,,3007988.7777652703,2698255.075089279,,2741520.3646364505,247686.22776771072,2698255.075089279
tygo land__2006-01-11,,,,,,2290540.389029929,,,,2114628.1442410094,,,,2254372.440174483,2194219.081744242,,2139691.2270130725,,2198690.2564405473,74337.52085263439,2194219.081744242
tylel tati__2008-01-19,,,,,2390019.3908071853,,,,,,,,2626888.818099829,,,,,,2508454.104453507,167491.97829440216,2508454.104453507
tyler adams__1999-02-14,Tyler Adams,MID,22249999.999999985,22196952.491194807,,,,,,,,20243879.887631543,21374045.340600874,,,22058677.538318843,,20046441.643731415,21183999.380295496,1000639.2477481111,21374045.340600874
tyler dibling__2006-02-17,Tyler Dibling,MID,19499999.99999998,15089386.200374179,,,16103483.666971043,15761485.67064118,,,,,,,,15414934.660315812,15569287.673422923,15251409.385177353,15531664.54281708,365783.9013804733,15492111.166869368
tyler onyango__2003-03-04,,,,,,,,594872.9863706635,,566771.8669841969,,568587.2978358793,,,,,,,576744.0503969133,15726.337366010006,568587.2978358793
tyler roberts__1999-01-12,,,,,,,920638.997729901,,,,,,593331.7792279525,,819071.7844734477,,,1012003.7542836537,836261.5789287387,180106.6698913949,869855.3911016744
tyreece johnjules__2001-02-14,,,,,,,583436.7947303265,,,,,,568515.7260495162,,,,,,575976.2603899214,10550.788846751158,575976.2603899214
tyrell malacia__1999-08-17,Tyrell Malacia,DEF,5500000.000000001,8160383.370834445,,,,,,,,,7143358.763234666,,8119139.815093428,7471473.620443491,7239008.258564078,,7626672.765634021,483563.2777960898,7471473.620443491
tyrese campbell__1999-12-28,,,,,,,,,,,,,2369554.234428522,,,,2412866.404705404,2111866.6318863705,2298095.757006766,162726.61523504445,2369554.234428522
tyrese francois__2000-07-16,,,,,552454.2446039201,,,,,,518246.63281812065,,,,,,,618967.4049648087,563222.7607956165,51216.59097581939,552454.2446039201
tyrese noslin__2002-09-11,,,,,1433457.843005694,1496154.7904196728,,1237175.7111486818,,,,1430403.1048703317,1129203.7633179615,,,,,,1345279.0425524684,155048.3430145422,1430403.1048703317
tyrhys dolan__2001-12-28,,,,,,,,,,,,8264207.751621738,,,,8787408.7441895,,,8525808.24790562,369958.9697681975,8525808.24790562
tyrick mitchell__1999-09-01,,,,,,,,,,,,,,,19830325.330858774,,,,19830325.330858774,,19830325.330858774
tyrique george__2006-02-04,,,,,,,,,,,,,4875881.732247651,,,,,5383411.415003319,5129646.5736254845,358877.68032999046,5129646.5736254845
tyrique mercera__2003-12-19,,,,,,927614.9669739677,839349.1423813805,,894769.0747921441,,,,,943461.748219817,972100.751827643,,,,915459.1368389905,50894.48133830064,927614.9669739677
tyrone mings__1993-03-13,Tyrone Mings,DEF,6499999.999999999,8031549.441751133,,7607942.962341297,,,,8262401.901329601,,,9120128.829675406,,,,,,8255505.783774359,636949.6627874952,8146975.6715403665
tyronne ebuehi__1995-12-16,,,,,,,,,,,,,,,,,,2078183.061349592,2078183.061349592,,2078183.061349592
uchenna ogundu__2006-05-12,Uchenna Ogundu,FWD,462500.00000000006,557828.0274933067,,,,,783969.364202548,,,736531.7244795753,,,,,,,692776.3720584767,119251.30687452246,736531.7244795753
ufuk akyol__1997-08-27,,,,,821674.9925175312,724232.1573654469,,,,,,,,,,,,758757.7705119479,768221.640131642,49405.97283479997,758757.7705119479
ugo raghouber__2003-07-13,,,,,,2557657.4010925214,,,,,,,,,2938714.315496313,,,,2748185.858294417,269447.9281929428,2748185.858294417
ugur kaan yldz__2002-08-06,,,,,,,180225.13525534092,,,,,,,,,,,,180225.13525534092,,180225.13525534092
ugurcan cakr__1996-04-05,Uğurcan Çakır,GK,16250000.0,16140840.499123681,,,,,,,,,,,,,16237127.148438761,16147342.94779832,16175103.53178692,53812.33340622227,16147342.94779832
ugurcan yazgl__1999-04-09,,,,,,,,,,,,,,,,,,949285.7868123895,949285.7868123895,,949285.7868123895
ulisses garcia__1996-01-11,,,,,,,,,3744775.9062171327,,,,,,,,,3444098.341369733,3594437.123793433,212611.14505425407,3594437.123793433
umit akdag__2003-10-06,,,,,,,,,,,1512947.7684072678,,,,,,,,1512947.7684072678,,1512947.7684072678
umut bozok__1996-09-19,,,,,,860382.0754514666,,951331.6457142653,,,931579.6744947558,,,,,,,,914431.1318868293,47838.37860890399,931579.6744947558
umut gunes__2000-03-16,,,,,2012341.930183255,2037673.7434843988,,,,,1855540.9366149101,1963447.282447354,,1941850.7859499382,,,,,1962170.9357359714,70714.73842583555,1963447.282447354
umut meras__1995-12-20,,,,,,,,,,768864.2738733937,,818477.3596062729,1092698.676229592,,,,,,893346.7699030861,174416.8899103337,818477.3596062729
umut nayir__1993-06-28,,,,,,1478709.0306912817,,,1518624.8336890293,,,,,,1410508.3988458475,,,1539059.6701040333,1486725.483332548,56656.10628696836,1498666.9321901556
umut tohumcu__2004-08-11,Umut Tohumcu,MID,5400000.000000005,3803916.285798508,,3331932.92602963,2894511.592365104,,,3425380.5840634406,,,3791021.351308202,,,,3777190.017289411,,3503992.1261423826,361725.87115571747,3601285.300676426
urko gonzalez de zarate__2001-03-20,Urko González de Zárate,MID,7750000.000000002,9357174.611806827,9928432.428161552,,,,,,,,,10155405.849867973,,,,,9813670.963278783,411303.9298629262,9928432.428161552
uros radakovic__1994-03-31,Uroš Radaković,DEF,775000.0000000007,801769.838328575,701820.3712752142,,589989.6104964555,699953.8343005724,706438.3017603561,,,,,706083.7615755205,,662167.5440389919,,,695460.4659679551,63018.79177264965,701820.3712752142
uros spajic__1993-02-13,,,,,,,,,,,,,,,,645512.2725645388,821837.9888654562,,733675.1307149974,124681.10969395409,733675.1307149974
vaclav cerny__1997-10-17,,,,,,,,,,,,,,,13837913.147973787,,,,13837913.147973787,,13837913.147973787
vaclav hladky__1990-11-14,,,,,,,,,279439.2877314431,313445.2539827381,,,,,,,282823.1895375835,356894.7592106138,308150.62261559465,35915.84418637014,298134.2217601608
vaclav jemelka__1995-06-23,Václav Jemelka,DEF,2900000.0000000014,4137965.9422857724,,3381139.90437028,,,,,,,,,3716663.7698985105,3261337.1899696314,,,3624276.701631048,392959.9630389571,3548901.8371343953
valdemar birks__2001-03-17,,,,,,,,,,,813717.0909426744,915367.5594408438,,,,,,,864542.325191759,71877.73558584506,864542.325191759
valdemar byskov__2005-01-25,,,,,,,,,,,,,2249913.4130681027,,,2330035.411514394,,,2289974.4122912483,56654.80842359061,2289974.4122912483
valdemar lund__2003-05-28,,,,,,,,,,,,,1648299.2970209736,,,1538128.4039997312,,1556574.065892785,1581000.5889711631,59007.60704814609,1556574.065892785
valentin atangana__2005-08-25,,,,,6142687.6341072,,,5437396.715347705,,,,,,,,,5453202.2087306,5273109.53232899,5576599.022628624,386076.9538147324,5445299.462039152
valentin barco__2004-07-23,,,,,,,,,17467756.558135003,15429148.773520885,15191946.512140434,,,,,,,,16029617.28126544,1251099.3817267995,15429148.773520885
valentin carboni__2005-03-05,,,,,5239376.409428678,,,,,,,,4787311.185471268,,,,,,5013343.797449973,319658.38539889996,5013343.797449973
valentin cojocaru__1995-10-01,,,,,,,,,,,,1141999.6102569674,,,1269869.9097876432,,,,1205934.7600223054,90417.95591049592,1205934.7600223054
valentin gendrey__2000-06-21,,,,,5691907.667244162,,,,,,,,,,,,,,5691907.667244162,,5691907.667244162
valentin gheorghe__1997-02-14,,,,,,498793.7030604615,,,,,449162.6862595426,446382.1399045962,,,,,455029.06727356423,,462341.8991245411,24567.031335803153,452095.8767665534
valentin gomez__2003-06-26,,,,,,,,,,14145736.588354103,,,,,13557790.977679703,,13716934.508896261,,13806820.691643357,304104.67714991875,13716934.508896261
valentin mihaila__2000-02-02,,,,,,,1325765.7722435049,,,,,2152844.5650738077,1861280.8097779525,2258601.354141211,,,2263765.6186276516,,1972451.6239728257,396815.02791347326,2152844.5650738077
valentin rongier__1994-12-07,,,,,,,9208923.745041737,11652573.652246816,,,,,9672547.559995748,,,,,,10178014.985761434,1297874.8807679766,9672547.559995748
valentin rosier__1996-08-19,,,,,,,,,6800983.187093758,7693502.027978258,,,,,6963738.192924953,,7705207.185997974,,7290857.648498736,476372.4599176529,7328620.110451605
valentin vada__1996-03-06,,,,,1310260.7050561414,1317266.2354776422,,,1367037.693775143,,,,,,1352002.647735327,,,,1336641.8205110633,27271.72328336276,1334634.4416064846
valentyn morgun__2001-08-10,,,,,,277049.763710882,,,,,330198.1885860424,,337828.21109542454,323130.55815549375,,,,,317051.6803869607,27334.965391069927,326664.37337076804
valentyn rubchynskyi__2002-02-15,,,,,,,,,,,,,1719232.1676705403,,1859446.3318543837,,1764262.194682755,,1780980.23140256,71586.46885597166,1764262.194682755
valeri qazaishvili__1993-01-29,Valeri Qazaishvili,MID,3099999.9999999986,2986725.23065008,2490823.2856527576,,,3198098.62838201,,,,3003914.7586371833,2832627.3173389398,,,,,,2902437.844132194,264157.75658215,2986725.23065008
valerio mantovani__1996-04-18,,,,,,,,,753864.1374690281,,,,,,820767.199402967,,,,787315.6684359976,47307.60877563176,787315.6684359976
valeriy bondar__1999-02-27,,,,,6215556.721975365,,4993426.215800135,,,,7033955.815878202,,,,6547594.266201025,7220943.058432223,6248546.554787136,4199378.677189784,6065628.7586091235,1094923.448259053,6248546.554787136
valmir sulejmani__1996-02-01,,,,,,384081.0502998758,,,,,327681.0349424773,,,,,,,,355881.0426211766,39880.833318241894,355881.0426211766
valon berisha__1993-02-07,,,,,,,,1012679.2772481255,,993731.5318387913,,995221.6240081969,,,,,1045167.857456309,,1011700.0726378558,23912.752455618138,1003950.4506281612
valy konate__2006-11-14,,,,,714148.3161101317,,,,,856964.0817379444,,,,723242.7811171516,,,633532.929086912,658805.8470565852,717338.791021745,86587.79657183269,714148.3161101317
vangelis pavlidis__1998-11-21,,,,,,,40949166.37570665,,33370188.445553955,,31360191.2701245,,35833569.3794856,,,,,32969674.042405076,34896557.902655154,3743682.4760490367,33370188.445553955
vanja milinkovicsavic__1997-02-20,Vanja Milinković-Savić,GK,16500000.000000013,12290564.06362128,,,,,,12159970.818855051,,13370088.64946255,,,,12659701.56125755,,,12620081.273299107,542943.8440207421,12475132.812439416
vasilije adzic__2006-05-12,,,,,2590061.1009163284,,,,,,,,,,,,,3763429.990028501,3176745.5454724147,829697.0983245434,3176745.5454724147
vasilije janjicic__1998-11-02,Vasilije Janjičić,MID,337500.00000000006,508188.9819373421,506019.6378479285,,498172.88585074584,505451.64366212604,,,,,,537914.513471088,,,,,511149.53255384613,15429.713061383205,506019.6378479285
vasilios barkas__1994-05-30,Vasilios Barkas,GK,2849999.999999999,2484322.8162542903,,2625446.9771510595,,,,,,,,,2074928.9196385732,,,,2394899.5710146413,285945.66005400947,2484322.8162542903
vasilios zagaritis__2001-05-04,Vasilios Zagaritis,DEF,1749999.9999999998,1188455.2404553054,,,,,,,,,,1140936.8075050854,1175226.1292082986,,,,1168206.05905623,24524.71011482329,1175226.1292082986
vaso vasic__1990-04-26,Vaso Vasić,GK,75000.00000000004,153379.33439460993,,154994.5709267333,139115.72485176168,,129481.94851425164,127279.18414590014,,128183.61293708337,,,,,,,138739.06262839,12705.600942876477,134298.83668300667
vedat muriqi__1994-04-24,,,,,,,16963000.39128477,,,,,,,,12404216.901933229,,12566412.746714208,,13977876.679977402,2586464.6821236825,12566412.746714208
veljko birmancevic__1998-03-05,,,,,,,,,,,,,,,,10846812.987386646,,,10846812.987386646,,10846812.987386646
veljko milosavljevic__2007-06-28,,,,,,,7467788.300817173,,5781836.2653383715,9559277.658145392,,6712966.988214198,,,,,,,7380467.303128784,1607898.9795343506,7090377.644515686
vetle dragsnes__1994-02-06,Vetle Dragsnes,DEF,1050000.0000000007,1279006.6634900176,,1291966.1370623028,1130060.771013802,,,,1295735.3502392229,,,,1290336.3431433404,,,,1257421.0529897371,71469.12714392491,1290336.3431433404
veysel sar__1988-07-25,,,,,,,,,,,,,,,175625.90067761432,,,,175625.90067761432,,175625.90067761432
vic chambaere__2003-01-10,,,,,,,,,,,,918077.4889178649,,908237.4381413548,,,908723.4377265518,,911679.4549285905,5546.185905208686,908723.4377265518
vicente taborda__2001-06-14,,,,,,,,,,,,,,2595398.2090641926,2518635.681922321,,,,2557016.9454932567,54279.30348303368,2557016.9454932567
vicko sevelj__2000-09-19,Vicko Ševelj,MID,925000.0000000007,1023648.1164188087,,,1004825.5845068783,,,1018917.1002671294,871241.6376817421,,,,,,,,979658.1097186396,72718.45759390881,1011871.3423870038
victor bak__2003-10-03,Victor Bak,DEF,1725000.0000000005,2029297.5948868368,,2131231.730470201,2013599.6124109945,,,,1981943.9342009963,,,,,,,,2039018.217992257,64553.341708127235,2021448.6036489157
victor boniface__2000-12-23,,,,,,,43982883.66168982,,,,,,,34021839.129154295,32730995.494691603,,,,36911906.095178574,6157565.438688994,34021839.129154295
victor edvardsen__1996-01-14,,,,,,1764578.12327698,,,,,,1871958.6805360054,,,1910273.6280781233,,,,1848936.8106303697,75526.81576949354,1871958.6805360054
victor froholdt__2006-02-25,,,,,34334967.08523067,,38208708.341928236,,,,,,,,,,,,36271837.71357945,2739148.7111729467,36271837.71357945
victor garcia__1994-06-11,,,,,,473736.31985560025,,,,,,,,,488943.22360899707,497185.16586733895,,,486621.56977731205,11895.572798574756,488943.22360899707
victor jensen__2000-02-08,Victor Jensen,MID,2250000.000000001,1694429.5085848859,1767348.0764006325,,,,1777449.6522181055,,,,,,1652440.6340451136,1812424.0308479404,,,1740818.3804193356,65451.503993449725,1767348.0764006325
victor kristiansen__2002-12-16,,,,,4858968.756087871,,,,,,,,,,,,,,4858968.756087871,,4858968.756087871
victor lindelof__1994-07-17,Victor Lindelöf,DEF,6000000.0,7789359.706016504,,,,,,,,,,,7679475.436722632,7374616.552377165,7601723.138077919,,7611293.708298555,175559.97985832757,7640599.2874002755
victor loturi__2001-05-21,Victor Loturi,MID,674999.9999999998,762422.680256661,705058.9571563872,,,,,,,,,,,,803776.8251840868,,757086.154199045,49574.824757696246,762422.680256661
victor nelsson__1998-10-14,,,,,,4459125.330048436,,,,,4378175.84514794,,,4286933.5926375445,,,,,4374744.922611306,86147.1243294555,4378175.84514794
victor osimhen__1998-12-29,,,,,,,,,,67329991.89604335,94759566.2743317,,,,76644590.6560248,,,,79578049.60879995,13948092.117355185,76644590.6560248
victor torp__1999-07-30,,,,,,,,,,,,4289289.260451482,,,,,,,4289289.260451482,,4289289.260451482
vid belec__1990-06-06,,,,,,369865.4200608755,,,,,293962.07343569264,,,,,,,,331913.7467482841,53671.77111341983,331913.7467482841
viggo gebel__2007-11-22,,,,,,,665656.1789416323,,,,,,1006643.5074368814,,,,,,836149.8431892568,241114.45227767553,836149.8431892568
viktor claesson__1992-01-02,,,,,,,,,1180440.282250387,,,,,,,,,,1180440.282250387,,1180440.282250387
viktor damjanic__2005-11-03,,,,,1337732.6889049145,,,,,,,,,1491698.6360276053,,1431703.7718830078,1309400.6566577712,,1392633.9383683247,84226.26785459447,1384718.230393961
viktor gyokeres__1998-06-04,,,,,,,,,67721040.56706032,,,,,,,,,,67721040.56706032,,67721040.56706032
viktor tsukanov__2006-02-04,,,,,,,1383288.9921480643,1573823.1974316505,,1530995.018830278,,,,,,1506653.8722801555,,,1498690.270172537,81791.2535514916,1518824.4455552166
viktor tsygankov__1997-11-15,,,,,,,,,,,11935435.36929849,,,,,,,11586723.459357575,11761079.414328031,246576.55619973378,11761079.414328031
viljami sinisalo__2001-10-11,,,,,,,,,,1889797.0172193914,,,1665116.42645087,,,,,,1777456.7218351308,158873.1693334211,1777456.7218351308
viljar myhra__1996-07-21,Viljar Myhra,GK,712500.0000000002,476558.1624474847,,,,,,,,,,,,,518425.5588265674,,497491.860637026,29604.719890274482,497491.860637026
villads westh__2004-04-25,,,,,,,,,,,403572.8254140042,,,,,,,,403572.8254140042,,403572.8254140042
ville koski__2002-01-27,,,,,,913555.0142245338,,,,1110169.3517722774,,998033.8679498073,,,,1055882.453217509,,,1019410.171791032,84122.36486741748,1026958.1605836581
vince osuji__2006-04-06,,,,,,,1234919.5558331106,,,,1133010.6057381367,,,,,,,,1183965.0807856238,72060.5096757575,1183965.0807856238
vincent janssen__1994-06-15,,,,,5673821.166437184,,,,6241849.099589619,6240605.389269215,,6085349.078084038,,,,,,,6060406.183345014,267994.65726431203,6162977.233676626
vincent marchetti__1997-07-04,,,,,,,,,,1695930.827793084,,1579867.0021687816,,1581329.2455653262,1444942.8839534246,,,,1575517.4898701543,102634.94275269544,1580598.123867054
vincent sierro__1995-10-08,Vincent Sierro,MID,4750000.000000003,5673025.879724097,,5192576.545741341,4715127.232670054,,5056466.420613846,,,,,,,,,,5159299.019687334,397024.68448777014,5124521.483177593
vincent thill__2000-02-04,,,,,529852.5301152634,581645.2941344562,,,,,,,,,,569430.0872705615,,,560309.3038400938,27074.23348824615,569430.0872705615
vincent vermeij__1994-08-09,,,,,,,942323.5253454078,925258.7021600042,,872598.5227659937,923314.0157204963,,,,,,,,915873.6914979755,30087.487925497586,924286.3589402502
vincenzo fiorillo__1990-01-13,,,,,,,,,130148.148870958,,,156332.19601391672,,,,,,,143240.17244243735,18514.917293694354,143240.17244243735
vincenzo grifo__1993-04-07,,,,,11537089.562733576,,,,,,,,,11016705.325760756,,10987608.807693198,,,11180467.898729177,309185.8830361823,11016705.325760756
virgil misidjan__1993-07-24,,,,,,1422074.7014917773,,,,,,,,,,,,,1422074.7014917773,,1422074.7014917773
virgil van dijk__1991-07-08,Virgil van Dijk,DEF,33750000.00000005,42713996.772067845,,,,,,,48853105.33680687,43346082.93697183,,,41531929.20687482,,,,44111278.563180335,3249404.3045404637,43030039.85451984
virgiliu postolachi__2000-03-17,,,,,753424.6354063728,,,840006.7736970308,,,,,,,,742662.1310599258,931329.4116605322,,816855.7379559656,87879.44109631996,796715.7045517019
vital nsimba__1993-07-08,Vital Nsimba,DEF,1312500.0000000012,545999.804613408,519546.6847279191,,617184.5180301195,528539.1249359522,,,574782.4281624213,,,534271.557958023,,,,,553387.3530713072,36634.52542441629,540135.6812857155
vitaliy mykolenko__1999-05-29,,,,,,14016567.099692933,,,,14893029.970183954,,14807394.768317046,,15270074.22001543,,13060223.085355902,,,14409457.828713054,881426.9559240955,14807394.768317046
vitaly janelt__1998-05-10,,,,,,14768346.763866024,,,,,,,,,,,,,14768346.763866024,,14768346.763866024
vitezslav jaros__2001-07-23,,,,,,3983918.385599371,,,,,,,,,2807905.335791753,,,4338242.864034277,3710022.195141801,801091.492869096,3983918.385599371
vito van crooij__1996-01-29,Vito van Crooij,MID,1099999.9999999998,1173698.2846921044,,1182074.8452859102,,,,,,,,,,,,,1177886.5649890073,5923.122798900053,1177886.5649890073
vitor reis__2006-01-12,,,,,,,5655406.170795727,6924972.625903799,,,,,,,,,7069747.948550243,,6550042.2484165905,778151.8213353212,6924972.625903799
vivaldo semedo__2005-01-28,,,,,1252871.7640296703,,,,,,1135941.458519369,,,1254195.1283280095,,,,,1214336.116959016,67894.99007414507,1252871.7640296703
vlad chiriches__1989-11-14,,,,,,,295943.95415537845,,232562.02813899488,,,303119.6636308859,,259091.86832236656,,286794.1840748635,,,275502.3396644979,29245.751229128447,286794.1840748635
vlad dragomir__1999-04-24,,,,,,,834365.4144905524,930145.2724846755,1239092.2473713153,1533904.1054874603,942785.4958294859,,,,879309.4907434798,,,,1059933.671067828,272330.9106321331,936465.3841570807
vladimir coufal__1992-08-22,,,,,,,2840990.0016453145,,,4103781.0124160247,3468528.668831506,,,,3538285.930205274,,,,3487896.4032745296,516628.80220650724,3503407.2995183896
vladimir rodic__1993-09-07,,,,,,,,398402.1893235994,407732.44050663087,,,,,,416463.21006052854,,,,407532.61329691956,9032.168383076785,407732.44050663087
vladimir screciu__2000-01-13,,,,,,1286627.6902525122,,,,1741016.8599587553,,,1193869.86229888,,,1402838.7824031531,,1730625.6445043155,1470995.7678835231,252861.02569636115,1402838.7824031531
vladislav blanuta__2002-01-12,,,,,,,,2052558.2011943539,,2239222.487795736,1759973.9894216014,,,1995738.2332399688,,,,,2011873.227912915,197531.86867421135,2024148.2172171613
vladyslav dubinchak__1998-07-01,,,,,,,,,,,,,,2202791.376539497,,,,,2202791.376539497,,2202791.376539497
vladyslav kochergin__1996-04-30,,,,,1925062.4821882658,,2009245.8809003881,,1965676.92334904,,1848588.922980912,,,,,2050313.548809583,,1838062.0666067533,1939491.63747249,85547.97668583722,1945369.702768653
vladyslav krapyvtsov__2005-06-25,,,,,,,,,911714.8491224784,840216.0101673923,,,,,,,,887205.2913541412,879712.0502146706,36333.6275378887,887205.2913541412
vladyslav vanat__2002-01-04,Vladyslav Vanat,FWD,13249999.99999999,12409235.321459059,,,12638419.26553454,,,,,,,,12970301.033651706,,10911617.673935328,11197250.687107269,12025364.796337578,914098.2558530557,12409235.321459059
vladyslav veleten__2002-10-01,,,,,3137911.7247653655,,,2310048.159651102,,,,,,,,,,,2723979.9422082338,585387.9407895666,2723979.9422082338
volkan babacan__1988-08-11,,,,,,,234302.32459911855,,,,,,,,233410.83591676535,225806.28857138837,,,231173.14969575743,4669.163390146982,233410.83591676535
volodymyr brazhko__2002-01-23,,,,,,,15117471.774303922,,,,,,,,,,12861368.119981142,,13989419.947142532,1595306.1930313888,13989419.947142532
vontae daleycampbell__2001-04-02,Vontae Daley-Campbell,DEF,369999.99999999977,239660.95112776922,232931.509748529,243229.24005247833,196675.86541626696,,,214076.80255577227,,257902.9237539265,222379.651768816,,226842.8270767756,239162.44431880926,,,230318.02397990477,17925.670893113707,232931.509748529
wagane faye__1993-11-20,,,,,,1031425.3164255306,,,,,1171765.6429924653,,,,,,,,1101595.479708998,99235.59658941413,1101595.479708998
wahid faghir__2003-07-29,,,,,,,,,,,,,,,906004.8798896632,865679.2858345448,,,885842.082862104,28514.50101175014,885842.082862104
waldemar anton__1996-07-20,,,,,,30719373.548710622,,,29217114.12178818,29903709.15996072,30401405.30116833,,,,,,,28255390.44427365,29699398.5151803,986491.6346733716,29903709.15996072
walid cheddira__1998-01-22,,,,,,2439846.3111967407,,,2464273.744394228,,,2964260.1351710088,2783490.968273137,,,,,,2662967.7897587786,254666.7311227536,2623882.3563336823
walid ouldchikh__1999-11-06,,,,,,,,1254533.1589199123,1233574.6348888979,1343551.6221731098,,,1213578.5223215378,,1141145.214293504,1231934.337138491,1147495.010560631,,1223687.5000422976,68563.04157970074,1231934.337138491
walter montoya__1993-07-21,,,,,,1067664.6482487312,1041523.7996386712,,,,,,,,,,,,1054594.2239437012,18484.37131814432,1054594.2239437012
waniss taibi__2002-03-07,,,,,,,,1705494.9428581954,,1918024.8528649902,,,,,,,,1756609.1114330667,1793376.3023854175,110932.90949834972,1756609.1114330667
warmed omari__2000-04-23,,,,,,5136441.825283639,5943100.238584615,,5334119.2479633195,,,,,,,,,,5471220.437277191,420442.62512353656,5334119.2479633195
warner hahn__1992-06-15,,,,,,734987.7320779582,,,,,789005.9930952748,812621.1668685001,,,834416.1356028498,,,,792757.7569111458,42745.085765549426,800813.5799818875
warren bondo__2003-09-15,,,,,,5093653.26117951,,,,,,,,,5420224.878301981,5125766.265946347,,,5213214.801809279,179993.58348542423,5125766.265946347
warren kamanzi__2000-11-11,,,,,3307856.2624658863,,3200107.2299367078,,,,,,,,,3336829.9541119672,,3410256.5598388286,3313762.5015883474,87169.59538424012,3322343.108288927
warren ohora__1999-04-19,Warren O'Hora,DEF,712500.0000000002,693655.4287163214,,,,613760.6277555245,,,,,,,,,,,653708.0282359229,56494.155540928965,653708.0282359229
warren zaireemery__2006-03-08,Warren Zaïre-Emery,DEF,50000000.00000009,47981535.70758718,,,,,,,,,,,,,,,47981535.70758718,,47981535.70758718
wassim bouziane__2006-12-22,,,,,1555386.1184646108,,,,,,,,,,,,,,1555386.1184646108,,1555386.1184646108
wataru endo__1993-02-09,,,,,,,,,,,,8921901.360075545,,,,8723438.801854754,8706711.229911814,,8784017.130614037,119703.79470351702,8723438.801854754
wes burns__1994-11-23,Wes Burns,MID,1749999.9999999998,3129657.1104006344,2178895.5693234666,,2941848.4821678163,,,,,,,2807475.2641416974,,,,,2764469.1065084036,412137.363080876,2874661.8731547566
wesley hoedt__1994-03-06,,,,,,,,,2391869.1549525065,,,2063923.92460503,1864404.5361419006,,,2391183.586613367,,,2177845.3005782007,259834.96508597472,2227553.7556091985
wesley said__1995-04-19,,,,,,,,,7252194.615588288,,,,7296519.56202462,,,,,,7274357.088806454,31342.470200861233,7274357.088806454
wessel dammers__1995-03-01,,,,,,,1666554.1471962354,,,,,,,,1890502.8652005545,1780690.41149312,1778702.8248980248,,1779112.5621969837,91432.76926019372,1779696.6181955724
weston mckennie__1998-08-28,Weston McKennie,MID,20749999.99999997,15771451.286545552,14963202.48499173,15135864.756260298,,,,,,,,,15357712.196940472,,,14672299.04528886,15180105.954005385,414760.6342322245,15135864.756260298
wilder cartagena__1994-09-23,,,,,,,,998949.7966914527,,,,,,,,,,,998949.7966914527,,998949.7966914527
wilfred ndidi__1996-12-16,,,,,,,,8376360.732779746,,,7910254.668350448,8151348.875774767,,,,,,,8145988.092301655,233099.26924816053,8151348.875774767
wilfried gnonto__2003-11-05,,,,,,10976203.95882045,,,,,,,,,,10462364.514125155,,,10719284.236472802,363339.35578517226,10719284.236472802
wilfried kanga__1998-02-21,,,,,1925763.5396225324,,,,,,,,2089970.5093193217,,2162156.4947343543,,,,2059296.8478920695,121144.79945767476,2089970.5093193217
wilfried singo__2000-12-25,Wilfried Singo,DEF,26999999.999999993,27049733.554149378,,,,,,,,,23441685.00822142,,,27369157.117758796,,,25953525.22670986,2181172.5781467385,27049733.554149378
wilfried zaha__1992-11-10,,,,,,,,,8394272.21690028,,,,,,,7423280.246075214,,,7908776.231487747,686595.0070480944,7908776.231487747
wilguens paugain__2001-08-24,,,,,,,,,,,,,281676.8687943573,,,,307110.68660853186,,294393.7777014446,17984.425047866054,294393.7777014446
wilitty younoussa__2001-09-09,,,,,1010365.2277487258,,,,,983282.9714052058,,,,,,,,935363.4177770151,976337.2056436489,37980.266208505716,983282.9714052058
will collar__1997-02-03,,,,,,,469897.17216124805,518944.12181512144,,,,,,,,470444.4212786049,472724.9838955439,,483002.6747876296,23992.238153135335,471584.70258707437
will dennis__2000-07-10,Will Dennis,GK,775000.0000000007,970078.0817336672,,,,1021357.4773311605,,,,,,,,,,,995717.7795324138,36260.008362135086,995717.7795324138
will ferry__2000-12-07,,,,,,,,,,1510500.4734422094,,,,,,,,,1510500.4734422094,,1510500.4734422094
will fish__2003-02-17,,,,,,2157049.413144956,,,,1929353.8144417559,,,,2125412.4567616703,,,,,2070605.2281161274,123345.8375911234,2125412.4567616703
will hughes__1995-04-17,,,,,,,,,,,,,7836386.753422461,,8626522.625744956,,,,8231454.6895837085,558710.4333779837,8231454.6895837085
will keane__1993-01-11,,,,,,896926.9908268898,822872.8763579575,,,1026075.5650982987,,,,970509.3596084216,1089167.618264426,,974377.7723392347,,963321.697082538,93897.04083028858,972443.5659738281
will mannion__1998-05-05,,,,,459757.2679476849,,,,,478682.0045500801,,,,,,,,,469219.6362488825,13381.809583722903,469219.6362488825
will norris__1993-08-12,,,,,481750.55048387416,,,,,489927.35652926454,,,,,,,,,485838.9535065694,5781.875003142691,485838.9535065694
will smallbone__2000-02-21,Will Smallbone,MID,3200000.0000000023,3522433.0679708533,,,3261175.379602301,,,,,,,,,3487787.884716928,,,3423798.7774300277,141897.3196415308,3487787.884716928
willem geubbels__2001-08-16,,,,,,,,4732241.001280785,,4936649.908915887,,5123362.698275472,,,,,,,4930751.202824048,195627.55816901015,4936649.908915887
willi orban__1992-11-03,Willi Orban,DEF,17749999.999999993,17446598.90872538,,18612690.579894796,,,,16883625.522553638,,,,,16840505.818287987,,,,17445855.20736545,825440.3756011005,17165112.21563951
william balikwisha__1999-05-12,,,,,1703941.578476991,,,1561074.3001786603,1772069.9808998324,,1623909.3430188724,1497233.5826031053,1398344.0245921083,,1597253.044025003,,1420840.5164790207,1550391.584756441,1569450.883892226,122419.50953920042,1561074.3001786603
william bving__2003-03-01,,,,,,,,,,3490674.9942043186,,,,,,3605618.982914208,3848409.2428323445,4331511.018207407,3819053.5595395695,372764.9857290644,3727014.112873276
william clem__2004-06-20,William Clem,MID,2250000.000000001,1844044.4973403143,,,,,,1836537.9027037912,,,2004947.7486789562,,,,,1796646.4089504723,1870544.1394183836,91985.25228957704,1840291.2000220527
william madsen__2002-04-05,,,,,,571007.1919844451,,,,,510843.23265496385,,,,,556968.4461240112,,,546272.9569211401,31475.71472606171,556968.4461240112
william martin__2007-04-23,William Martin,MID,437499.9999999996,392584.6914213643,,,,,448241.79464688024,,,450063.41493976617,365528.92905432143,,,,416453.4766788671,397958.4359205194,411805.12377695314,33213.18110033697,407205.95629969327
william mikelbrencis__2004-02-25,,,,,,,2766212.5867899167,,,,,,,2532121.487181444,,,,,2649167.0369856805,165527.4039485665,2649167.0369856805
william osula__2003-08-04,,,,,,,,4668907.556908123,4962213.952825664,,4457406.524315436,4877033.01513627,,,4493865.809308348,,,,4691885.371698769,224765.01539196615,4668907.556908123
william saliba__2001-03-24,William Saliba,DEF,97750000.00000007,87798605.61686084,,,,,92267557.96799111,96335843.90296526,,,,80645089.88030772,,,81586662.51054591,,87726751.97573416,6756315.240034521,87798605.61686084
william troostekong__1993-09-01,,,,,,,,1313078.5167590524,,,,,1319861.6035597853,,,,,,1316470.0601594187,4796.366674175185,1316470.0601594187
willian pacho__2001-10-16,Willian Pacho,DEF,80999999.99999987,72393451.86119108,75669755.62367785,,,,,71441728.76410355,85426788.13755739,,84898883.7712233,70121927.12368485,,,,,76658755.88023967,6839540.033226554,74031603.74243447
williot swedberg__2004-02-01,Williot Swedberg,MID,10750000.000000006,11261240.382926382,,,,,,11040856.4153346,,,,10901726.157823738,,9687736.354780966,,,10722889.827716421,705797.2363771831,10971291.28657917
willy boly__1991-02-03,,,,,,,1052505.1768941514,,,,,,,,1222254.5719596148,1250298.2671153005,1388058.0207050238,,1228279.0091685227,137776.2850955744,1236276.4195374576
willy kambwala__2004-08-25,,,,,,,,,,,,,5401140.639463582,,,,,,5401140.639463582,,5401140.639463582
willy kumado__2002-10-16,,,,,,,,,,793441.3694611047,,,,,792189.3535730873,,851814.2647995196,,812481.6626112371,34068.78457066261,793441.3694611047
wilson odobert__2004-11-28,,,,,,24859631.424771007,26522715.13003342,,,24031335.15009089,,,,24069571.60300375,,,,,24870813.32697477,1165563.7422268598,24464601.51388738
wladimiro falcone__1995-04-12,Wladimiro Falcone,GK,12750000.000000002,13267355.070582012,,,,13766220.219515765,,,,,,,,,12730936.3440843,,13254837.211394027,517755.4425412503,13267355.070582012
wojciech szczesny__1990-04-18,Wojciech Szczęsny,GK,2449999.9999999995,4660509.001090556,,,,,,,,,,,,5242952.593922803,,,4951730.79750668,411849.8141503381,4951730.79750668
wout faes__1998-04-03,,,,,,,3320256.760192281,,,,,,,3289997.2196052717,,,,,3305126.9898987766,21396.726344663908,3305126.9898987766
wout weghorst__1992-08-07,,,,,7212190.386815875,,,6508663.795151464,,,7319631.632109384,,,,7347531.451511805,,,,7097004.316397131,396543.0480574774,7265911.009462629
wouter burger__2001-02-16,,,,,,,10415651.947559066,,9716964.196595877,,10711412.282863427,,,,,,,,10281342.809006123,510647.5864962284,10415651.947559066
wouter george__2002-03-03,,,,,,485980.5233712434,435761.27061528916,,478874.6911543631,,,,475204.765168997,,,,440596.15712293104,445523.04172866995,460323.40819358226,22069.91766579866,460363.9034488335
wouter goes__2004-06-10,,,,,,,,,,,,,,20968246.322562303,21436351.904976778,,,,21202299.11376954,331000.6316365531,21202299.11376954
wouter prins__2004-02-06,,,,,,870664.6211723917,960007.6078414632,,,,,,,,,,864274.6487104363,,898315.6259080971,53522.27025422423,870664.6211723917
woyo coulibaly__1999-05-26,,,,,,,,2900720.786353106,,,,,3298858.317004361,,2844133.218901433,,,,3014570.7740863003,247820.68818263683,2900720.786353106
wylan cyprien__1995-01-28,,,,,,,,922291.6377200434,,889410.0529380321,,,836567.251391681,,,,,,882756.3140165856,43247.79513535529,889410.0529380321
xander martle__2003-08-27,,,,,307067.56076117564,,,,,,,,,,303388.20079226285,,,,305227.88077671925,2601.7003844445567,305227.88077671925
xander severina__2001-04-12,,,,,,,,,1236025.382958544,,,,,,,,,,1236025.382958544,,1236025.382958544
xaver schlager__1997-09-28,Xaver Schlager,MID,14000000.00000001,15826022.903775409,17142929.422517132,,16969400.227516726,,,15678042.72318333,,,,,,,,,16404098.819248151,758675.5040199505,16397711.565646067
xavi simons__2003-04-21,,,,,,43365679.955085754,,42329009.4063468,47468689.24384493,,,,,,,,42963154.27359576,,44031633.21971831,2330766.8960971287,43164417.11434075
xavier chavalerin__1991-03-07,Xavier Chavalerin,MID,950000.0000000008,405491.01922066323,,,,,400039.91848844895,,446947.33839078556,,,404174.3467148595,,392702.81499054184,,,409871.08756105986,21317.174407704173,404174.3467148595
xavier mbuyamba__2001-12-31,,,,,,,,,,,2241144.8067002017,,,,2980780.4326231177,,,2389109.8632272864,2537011.7008502022,391371.21759625146,2389109.8632272864
xavier simons__2003-02-20,,,,,,,,1469256.7404378967,,,,,,,,1666652.6527214486,,1396337.298483025,1510748.8972141233,139852.76897408336,1469256.7404378967
xherdan shaqiri__1991-10-10,Xherdan Shaqiri,MID,6250000.000000005,4886149.037139937,,,,,,,,,,4809165.614103303,,,,3867060.928494114,4520791.859912451,567454.5883816825,4809165.614103303
xian emmers__1999-07-20,,,,,,,,,,,,,,470299.2829779162,441663.27615540917,505543.65090717655,510929.1324199841,,482108.83561512147,32429.970136655786,487921.46694254637
xizhe zhang__1991-01-23,,,,,,181454.02654707682,,,,,222861.55402687017,,,,,,,,202157.7902869735,29279.543473130194,202157.7902869735
yacine adli__2000-07-29,,,,,,,12843317.64378268,13668863.859135462,13740313.582652338,,,,,14197660.188056052,,,,,13612538.818406634,563786.9376816666,13704588.7208939
yadaly diaby__2000-08-09,,,,,,,,,,781373.1778976498,,,,788083.6098374927,,,,,784728.3938675713,4744.991929353698,784728.3938675713
yahia fofana__2000-08-21,,,,,4270256.211749234,4564738.976648742,3794999.657376073,4181293.358374398,,4039107.9126321427,,,,,,,4479691.236806012,,4221681.225597768,284126.2644690446,4225774.785061816
yaimar medina__2004-11-05,,,,,,,,,4241241.013974901,,4026358.6647315035,,,,,,,,4133799.8393532024,151944.7663073026,4133799.8393532024
yakou meite__1996-02-11,,,,,,,,,,,1031380.2958784715,,,,,,,966032.4826980277,998706.3892882497,46207.8818356034,998706.3892882497
yalcn kayan__1999-01-30,,,,,1374195.7016480207,,1461055.7795657204,,,,,,,,,,,,1417625.7406068705,61419.35010999735,1417625.7406068705
yan dhanda__1998-12-14,,,,,,,,,,903679.5951282675,,,,889169.5265749817,,,,,896424.5608516247,10260.16786951006,896424.5608516247
yan diomande__2006-11-14,,,,,,,,9950086.092180282,,9712788.64900405,,,,,,10295797.618713703,,,9986224.119966011,293179.69315704575,9950086.092180282
yan valery__1999-02-22,,,,,,,2081905.869827506,,2399456.252978391,,2503771.203617943,,,,,,,,2328377.775474613,219730.97741720558,2399456.252978391
yangel herrera__1998-01-07,,,,,,,,,,24393532.227677844,24289706.742500633,,,,24380597.52069337,,,,24354612.163623948,56580.57908496336,24380597.52069337
yanis begraoui__2001-07-04,,,,,,3352217.2372794435,,,,,,3257919.344937319,,,,,,3041172.7833577697,3217103.1218581772,159488.67084747038,3257919.344937319
yanis issoufou__2006-10-28,,,,,,,,,756509.105582131,727987.0308911906,,,,,,,,825897.8216135709,770131.3193622975,50356.769814741456,756509.105582131
yanis massolin__2002-09-20,,,,,,,1101005.2933058592,,,,,1116576.9456958172,1084315.2706842402,,,,1047735.6223338249,,1087408.2830049354,29547.56787644246,1092660.2819950497
yanis zouaoui__1998-04-28,,,,,,,,,1810488.7286524756,,1628663.695402435,,,,,,,2074751.6747097434,1837968.0329215515,224309.953954241,1810488.7286524756
yankuba minteh__2004-07-22,Yankuba Minteh,MID,36499999.99999996,39080286.55139083,36680462.86213699,,,,,38120829.2993371,,,,,,,,,37960526.237621635,1207916.0726526023,38120829.2993371
yann bodiger__1995-02-09,Yann Bodiger,MID,1124999.9999999995,816510.8139783633,,786234.440758761,,789397.0003807617,,,860996.175548502,,,,,,798144.066577348,,810256.4994487471,30710.42256335777,798144.066577348
yann gboho__2001-01-14,,,,,8555769.975228447,,,,,,10850777.119464008,,,,,9245329.984468203,,,9550625.693053553,1177568.915301155,9245329.984468203
yann karamoh__1998-07-08,,,,,,,,2069586.6591610746,,,,,,,,,,1536157.122770354,1802871.8909657141,377191.6424670748,1802871.8909657141
yann lienard__2003-03-16,,,,,,,,,,964620.0569994501,,,,,,,968471.3444740543,,966545.7007367522,2723.2714895914482,966545.7007367522
yann sommer__1988-12-17,,,,,,,,7733773.343703252,,8312372.474870466,,,,5353229.821970497,,,5302636.11838364,6415712.170585358,6623544.785902642,1368068.0378810475,6415712.170585358
yannick agnero__2003-02-20,,,,,,1599494.202186448,1568892.2827391275,,1376459.6154949595,,,,,1384612.4318030488,,,1513361.541657649,,1488564.0147762464,103375.9914016119,1513361.541657649
yannick cappelle__2003-07-07,Yannick Cappelle,DEF,1099999.9999999998,858515.6986579638,,,,,,,,,,,,,,1013832.0597968511,936173.8792274075,109825.25219052601,936173.8792274075
yannick carrasco__1993-09-04,Yannick Carrasco,MID,17749999.999999993,15528366.781811679,,,,,14215448.738429382,,,,,14130015.819451312,,15261097.653798608,,,14783732.248372745,714760.9474042251,14738273.196113996
yannick gerritsen__2006-02-14,,,,,,,,211625.21523073383,,,,,,,,,,,211625.21523073383,,211625.21523073383
yannick leliendal__2002-04-23,,,,,,,,,,,,1611964.42155006,,,,,,1647437.5781371426,1629700.9998436011,25083.309572818394,1629700.9998436011
yannik engelhardt__2001-02-07,,,,,,,,,2997593.057885607,,,,2843957.8539155493,,,,2706326.5926270336,,2849292.501476063,145706.49365934957,2843957.8539155493
yannik keitel__2000-02-15,,,,,,,,,,,,,2554900.0660262327,2318163.8408096223,,,,,2436531.9534179275,167397.79020317094,2436531.9534179275
yannis nahounou__2004-05-16,,,,,,,541682.539116949,,,,,,523369.12187010417,,529435.853161567,528073.0064516626,,,530640.1301500706,7806.893627794671,528754.4298066148
yarek gasiorowski__2005-01-12,Yarek Gąsiorowski,DEF,11500000.000000019,12311147.533999542,,,,,12286727.64144563,14902013.476315109,,,11268445.221413588,,,,13184454.597346418,,12790557.694104057,1361424.391373749,12311147.533999542
yari verschaeren__2001-07-12,,,,,,,,,,,,,3389617.837296111,3641401.788750712,,,,,3515509.8130234117,178038.1394674927,3515509.8130234117
yaser asprilla__2003-11-19,,,,,,,,,,,,,,5603146.533757778,,,6552488.74197135,,6077817.637864564,671286.3130944284,6077817.637864564
yasin ayari__2003-10-06,,,,,23868458.68428532,,,,,,26979804.08048193,27265524.074339278,27094215.991732087,28616542.48247882,,,,,26764909.062663488,1748085.3403019963,27094215.991732087
yasin ozcan__2006-04-20,,,,,2668468.142455519,,2175557.7948209625,,3184910.3647226375,,2722230.463451299,,,2809498.246470479,,,,,2712133.0023841793,361566.02342442074,2722230.463451299
yasir subas__1996-01-01,,,,,,304991.1793225588,,272541.6096947909,,,327877.59224970464,,,,,,,,301803.46042235143,27805.375472549975,304991.1793225588
yassin belkhdim__2002-02-14,,,,,,,,4961492.911672428,4214875.693285412,,,,,,,,3770200.3504251745,,4315522.985127672,601989.9497808466,4214875.693285412
yassin oukili__2001-01-03,,,,,,,,1108101.5485184349,,1447043.9926142371,,,,,,,,,1277572.7705663359,239668.50065208407,1277572.7705663359
yassine benzia__1994-09-08,,,,,,,,,,,,,,,,,3359548.3027246613,,3359548.3027246613,,3359548.3027246613
yassine kechta__2002-02-25,,,,,,,,5758491.527608278,,,,,,,,,,,5758491.527608278,,5758491.527608278
yassir zabiri__2005-02-23,,,,,,,,,,,,,,,,,930666.5716554502,,930666.5716554502,,930666.5716554502
yaya fofana__2004-06-12,,,,,1590142.10551631,1623370.5713104075,1987589.4541980168,,1630933.615886549,,,1407909.0022330354,1560123.341841138,,,1603165.8792352548,,,1629033.4243172447,175320.83887909728,1603165.8792352548
yeferson paz__2002-06-13,,,,,,,,,1930726.1746688003,,,,,1890086.6933370745,,1598265.6563254325,1903632.256470946,1660980.6155251623,1796738.2792654831,154850.35534995317,1890086.6933370745
yehvann diouf__1999-11-16,,,,,15680348.29970901,,,,,,,,14413810.101663537,15545211.3439652,15705690.438133765,,,13909160.631275779,15050844.162949458,833479.4079218338,15545211.3439652
yerry mina__1994-09-23,,,,,,5862336.581644578,,,,,6196835.164966236,,,5994989.975006771,,,,,6018053.907205861,168437.77571379946,5994989.975006771
yerson mosquera__2001-05-02,,,,,,,,,,,,5085560.244334456,5657894.325921542,,5043253.169619425,,5279557.145911882,,5266566.221446827,280439.1391711117,5182558.695123169
yevgen cheberko__1998-01-23,,,,,,1147606.8457690068,,,,1208727.300150069,1203506.6464763547,,,,,1192423.6652911853,,,1188066.114421654,27816.273985588203,1197965.15588377
yhoan andzouana__1996-12-13,,,,,,,,,396788.4058320471,,336490.1247637784,,,,,,,,366639.26529791276,42637.323437265215,366639.26529791276
yigit efe demir__2004-08-02,,,,,,,,,,965287.1691859898,859543.2761922434,,,,,,,,912415.2226891166,74772.22380494268,912415.2226891166
yigit emre celtik__2003-04-07,,,,,,,,,,,,,,230169.172462585,,,,204498.58573729804,217333.87909994152,18151.845950487783,217333.87909994152
yira sor__2000-07-24,,,,,,,,,3500426.800365782,,,,,,,,,,3500426.800365782,,3500426.800365782
ylber ramadani__1996-04-12,,,,,1756439.1154135603,,,,,,,1827287.935187809,1650848.492496552,,,,,,1744858.5143659736,88787.9607535158,1756439.1154135603
ylies aradj__2005-06-05,,,,,,593243.9115935869,,,,,684281.2683494475,,,,,,,,638762.5899715172,64373.132303367995,638762.5899715172
yllan okou__2002-12-23,Yllan Okou,DEF,1650000.0000000007,1706101.1520823473,,,1423193.5237094595,,,,,,1529227.6441073974,,,,,,1552840.7732997348,142924.33820236326,1529227.6441073974
yoan severin__1997-01-24,,,,,,,,,,,,,1061076.505257159,,1009428.5792537222,,,,1035252.5422554406,36520.59871125118,1035252.5422554406
yoann barbet__1993-05-10,,,,,,1257577.4408760283,,,,,,,1028739.0765897626,,,,1253940.4961439671,,1180085.6712032526,131082.60989761798,1253940.4961439671
yoann cathline__2002-07-22,,,,,,11356605.907890014,,12729187.019567352,,,,12290022.413954351,,,,,,,12125271.780470572,700964.9102903288,12290022.413954351
yoann salmier__1992-11-21,,,,,655348.2329300905,,,,,,,763537.3774115931,,,,,,,709442.8051708417,76501.27771364163,709442.8051708417
yohan boli__1993-11-17,Yohan Boli,FWD,2199999.9999999995,2386033.257519449,1953965.6518450514,,,,2640366.042437255,,,,,2208654.3713345136,,2456321.759130801,,1990574.8668277604,2272652.658182472,270934.56812028185,2297343.8144269814
yonis njoh__2004-01-17,,,,,,,1181926.6789386086,,,,,1235073.447761901,,1192010.3478183514,1158931.9392496538,1118190.0609445935,1212736.4061392243,1148864.8420422229,1178247.6746992222,39717.655152539286,1181926.6789386086
yoram zague__2006-05-15,,,,,,,,1281200.9602010758,,,,,,,,,,,1281200.9602010758,,1281200.9602010758
yorbe vertessen__2001-01-08,,,,,,4548970.18598643,,,,,,,,,,,,,4548970.18598643,,4548970.18598643
youba diarra__1998-03-24,,,,,,,,,892551.0700396934,,881320.3279000382,,,,,,,,886935.6989698658,7941.333924707684,886935.6989698658
younes bakiz__1999-02-05,,,,,,,,,1521672.8613758953,,,,1135201.030716457,,,,,,1328436.9460461761,273276.852196868,1328436.9460461761
younes ebnoutalib__2003-09-13,,,,,4051166.4564120625,3122917.538956875,,,,,,,,3554327.2960478156,3756389.056125426,,,3502729.804261564,3597506.0303607485,341735.55944058346,3554327.2960478156
younes namli__1994-06-20,Younes Namli,MID,1400000.0000000007,1491854.6964690129,,,,,,,,,,,,,,,1491854.6964690129,,1491854.6964690129
younes taha__2002-11-27,,,,,,,,,,,,,,2182809.524624467,,,,1950443.371770591,2066626.448197529,164307.68240120547,2066626.448197529
youri baas__2003-03-17,,,,,,,,,12678115.391057229,,,,13662432.415863065,12927953.490398617,,12859591.865373414,,13141517.658581883,13053922.16425484,378424.6290796705,12927953.490398617
youri regeer__2003-08-18,Youri Regeer,DEF,6000000.0,5359093.466576374,,,,,,,7461314.16759636,,,,,,,4801662.951133153,5874023.528435296,1402605.0316333098,5359093.466576374
youri tielemans__1997-05-07,Youri Tielemans,MID,44500000.000000075,47206396.478533775,,,,,,44928769.109725215,,43574545.95016031,,,,,,,45236570.51280644,1835385.7477151034,44928769.109725215
yousef salech__2002-01-17,,,,,,,,2257736.179462988,1823304.7037117418,,,,,1921870.9500816606,,,,,2000970.6110854633,227761.375257173,1921870.9500816606
youssef ait bennasser__1996-07-07,,,,,,,,1262135.9523347307,,,1411640.666586161,,,,,,,,1336888.3094604458,105715.7972665434,1336888.3094604458
youssef chermiti__2004-05-24,,,,,3027339.1611121492,,,,,2931186.4555164217,2741557.7719852095,,2543200.303395111,,,,,,2810820.9230022226,214309.8916517492,2836372.1137508154
youssef el arabi__1987-02-03,,,,,,,,,,,,,,,,,,676789.5343384177,676789.5343384177,,676789.5343384177
youssef ennesyri__1997-06-01,,,,,18686031.66457191,,,,,,,,,,,,20821015.418269936,,19753523.54142092,1509661.4899629832,19753523.54142092
youssef hamdaoui__2008-03-20,Youssef Hamdaoui,MID,437499.9999999996,384271.5713594551,,,,,,635875.1763450723,,,469298.7488830599,,,397764.1256591915,,,471802.4055616947,115570.26179826801,433531.43727112573
youssef maleh__1998-08-22,,,,,,,,2327709.1497847717,,,,,,,,,,,2327709.1497847717,,2327709.1497847717
youssef maziz__1998-06-24,Youssef Maziz,MID,1899999.9999999993,2465026.9669189565,,,,,,,,,2738683.461043306,,,2716099.769568607,,,2639936.7325102896,151896.59428231927,2716099.769568607
youssouf fofana__1999-01-10,,,,,,,,,,,34251644.6095953,,31242339.96808061,,,29968894.42861925,,,31820959.668765053,2199224.373882235,31242339.96808061
youssouf ndayishimiye__1998-10-27,,,,,,,,,11900777.077676069,,,,,,,,,,11900777.077676069,,11900777.077676069
youssouph badji__2001-12-20,,,,,,,,,702140.9608975437,671491.504694882,,,789515.936808026,,665844.4277901852,,702498.8882719914,671477.2690130386,700494.8312459445,46508.806803666375,686816.2327962129
yuki kobayashi__2000-07-18,,,,,,753252.354832448,,745625.9937159666,,,,,,,,,,,749439.1742742073,5392.651661241382,749439.1742742073
yukinari sugawara__2000-06-28,,,,,6576618.409644012,,,,,,,7545781.760967252,7243667.67347774,,,,,,7122022.614696335,495900.73667163664,7243667.67347774
yuning zhang__1997-01-05,,,,,,,,,,,728815.8495515449,,,,758165.226604278,,,,743490.5380779114,20753.143537588418,743490.5380779114
yunus akgun__2000-07-07,,,,,,,,,,,,22331061.981869895,,20759546.39069407,,22229010.98557532,,,21773206.452713095,879337.0471329453,22229010.98557532
yunus emre cift__2003-09-01,,,,,920989.2017495583,,,,,,,,,,,,,,920989.2017495583,,920989.2017495583
yunus emre konak__2006-01-10,,,,,,,885658.6871957972,,,,,,,923614.3918270173,1012169.1292047302,,,,940480.7360758482,64919.782505519455,923614.3918270173
yunus musah__2002-11-29,,,,,11349926.445960376,,9297493.233961811,,,8873641.195050305,10634437.68257575,,7172291.936963446,,,,,,9465558.098902337,1624407.942752525,9297493.233961811
yussuf poulsen__1994-06-15,,,,,2556307.9969139453,,,,,,,,2976788.246194998,,,,,2993175.4091004157,2842090.550736453,247630.54300511483,2976788.246194998
yusuf akcicek__2006-01-25,,,,,1469360.8823836478,,,,1320226.0015938173,,,,,,,1339956.7250003994,,,1376514.5363259548,81010.23604295588,1339956.7250003994
yusuf baras__2003-03-31,,,,,,,,,,924878.7345699503,924876.3293272518,,,945536.8259578226,,,946759.4495356536,,935512.8348476695,12290.729272082452,935207.7802638864
yusuf demir__2003-06-02,,,,,,,,,,,,,,,855031.7273896559,869658.1173615914,828376.2582293323,,851022.0343268597,20930.986651309537,855031.7273896559
yusuf kabadayi__2004-02-02,,,,,,,,,,,,1801777.1459394377,1511241.4527084625,,,,,1626421.8892356437,1646480.1626278479,146302.7614534604,1626421.8892356437
yusuf sar__1998-11-20,,,,,,,,,,5283633.565513089,,,5496543.218667224,,,,,,5390088.392090157,150549.85952536447,5390088.392090157
yusuf yazc__1997-01-29,,,,,,3918631.8699067067,3792815.738101251,,4497136.197580213,,,4308290.553466396,,,,,,,4129218.589763642,329111.8247204743,4113461.2116865516
yuto tsunashima__2000-08-15,,,,,,,415381.0183204258,538840.9471391193,,,,,,,,,,,477110.9827297726,87299.3528725066,477110.9827297726
yvan neyou__1997-01-03,,,,,,,,,,,,3533405.67088163,,,4086957.4473857675,,,,3810181.5591336987,391420.21490393585,3810181.5591336987
yvandro borges sanches__2004-05-24,,,,,,,,,,,,,923804.9541993922,,,,,,923804.9541993922,,923804.9541993922
yves bissouma__1996-08-30,,,,,,,,,,,,,,,,,13436657.389997093,,13436657.389997093,,13436657.389997093
zac williams__2004-03-27,,,,,,,,,,,,,,,,453023.1814632993,434955.3818840026,,443989.28167365096,12775.863603640166,443989.28167365096
zach abbott__2006-05-13,,,,,,,,,755200.7040617111,654175.3118852074,,614936.5951151694,659055.6571625521,,,,,,670842.0670561601,59605.65302186203,656615.4845238798
zach booth__2004-02-17,,,,,,,,918562.4875000583,,,,,,829120.212850304,810388.4319994098,,,,852690.3774499241,57810.648372979085,829120.212850304
zach hemming__2000-03-07,,,,,,,,502235.24377383897,,474999.01555501914,,,436477.99843198154,,,,501807.32975006616,,478879.8968777264,31006.02972755245,488403.17265254265
zach robinson__2002-06-11,,,,,,,292262.7140727987,,,,,313568.4395268799,,,,,,,302915.5767998393,15065.42294667965,302915.5767998393
zacharie boucher__1992-03-07,,,,,226591.5163622482,,215237.98560428005,,,,226171.738204698,238732.58741760557,,,225865.44070547988,,,,226519.85365886232,8321.448024367366,226171.738204698
zachary athekame__2004-12-13,,,,,,2517060.628670837,,,,2502999.151440403,2118420.0969139165,,,,,,2023891.0168657126,,2290592.723472717,256370.44575513585,2310709.6241771597
zachary braultguillard__1998-12-30,,,,,504820.26028506353,,,518309.80300826655,452666.8827675995,,,,,,,,,,491932.31535364315,34667.31295971952,504820.26028506353
zack steffen__1995-04-02,,,,,,1431136.5710282878,,,1362643.435323633,,,,1285161.000334468,,,,,,1359647.0022287962,73033.9015000258,1362643.435323633
zafer gorgen__2000-06-21,,,,,,,768298.2948429576,,,,,,,,,,,,768298.2948429576,,768298.2948429576
zaid romero__1999-12-15,Zaid Romero,DEF,2900000.0000000014,2662390.3907257407,,,,,,,,,2856182.5374839185,2695463.440600637,2717055.093922561,,,3159382.301974641,2818094.7529414995,204584.43875972126,2717055.093922561
zaidu sanusi__1997-06-13,,,,,,,,,,,,,1069156.2303825016,,,,,,1069156.2303825016,,1069156.2303825016
zak jules__1997-02-07,,,,,,,,,,,510390.86117271346,,,,,,,,510390.86117271346,,510390.86117271346
zak sturge__2004-06-15,,,,,,,1447849.8550198316,1121634.6266588804,,,,,,,,,,,1284742.240839356,230669.00010034675,1284742.240839356
zak swanson__2000-09-28,,,,,,,2051425.061377528,,,,1803443.7323420395,,,,1676424.4244144151,,1647708.429189839,,1794750.4118309552,184010.71843644857,1739934.0783782273
zak vyner__1997-05-14,,,,,,,1680573.1466602276,,,,,,1509643.4034295783,,,,,,1595108.275044903,120865.58054486747,1595108.275044903
zakaria aboukhlal__2000-02-18,,,,,,7478756.145722669,,7815533.828490988,,,,7065551.748109627,6393484.672977221,7662924.929596048,,8094959.345288257,,,7418535.111697468,608906.6164604406,7570840.537659358
zakaria el ouahdi__2001-12-31,Zakaria El Ouahdi,DEF,19499999.99999998,22588534.336621042,,,,,,20795846.866329256,,,,,,,,,21692190.60147515,1267621.4667914791,21692190.60147515
zakaria labyad__1993-03-09,Zakaria Labyad,MID,1099999.9999999998,1318381.3306475247,,,,1174362.1671724943,1248653.5909589943,,,,,1370118.2095913675,,1309023.9642639854,,,1284107.8525268734,74990.64202647343,1309023.9642639854
zan celar__1999-03-14,,,,,,,,,,,,,,,,,1546752.738060019,,1546752.738060019,,1546752.738060019
zan majer__1992-07-25,Žan Majer,MID,987499.9999999999,512341.0076210333,,,,,,,,,,530652.7368215657,514186.18145507906,541154.476697015,,,524583.6006486733,13776.98269847643,522419.4591383224
zan rogelj__1999-11-25,,,,,,,,1194394.5716970963,1256205.6044369484,,,,,,,1186928.1227478585,,,1212509.4329606344,38025.69547350149,1194394.5716970963
zan zaletel__1999-09-16,,,,,,,,1081322.004592329,1060779.1879880172,,,,1026168.6476510353,,1110500.4959189533,1045514.5412664623,,1035538.570857035,1059970.5747123053,31490.571093354196,1053146.8646272398
zan zuzek__1997-01-26,,,,,705621.6098270837,,,,740430.169456425,753233.1219869732,,742607.8893612182,,,,,,695981.5090975562,727574.8599458511,25147.973952127086,740430.169456425
zander clark__1992-06-26,,,,,,,,521864.7378392416,,,,,,,546811.246766288,,516337.24228686007,,528337.7422974632,16235.488206092388,521864.7378392416
zaydou youssouf__1999-07-11,,,,,,,8048454.014626531,,12158698.516012972,12552426.39137217,,,,,12350863.332477119,,,10566737.584907098,11135435.96787918,1896382.5571202792,12158698.516012972
zeki amdouni__2000-12-04,,,,,,,,,,12456275.66238755,,,,12807249.173519563,,11526089.289159106,,,12263204.708355406,662042.2624665183,12456275.66238755
zeki celik__1997-02-17,Zeki Çelik,DEF,9249999.999999987,11337901.091244139,,,,,,11708946.50710349,,11928503.732024884,10749809.21315708,,11668813.679287108,,,10959716.527467497,11392281.791714033,461978.6529055296,11503357.385265622
zeki yavru__1991-09-05,,,,,,,,886742.8540284717,,,914701.9657434387,,871237.0886335652,,955577.8495638445,,,,907064.9394923301,37006.5249576577,900722.4098859553
zeno debast__2003-10-24,Zeno Debast,DEF,25999999.999999985,24420538.86717319,,26426646.994367283,,,,,,29521308.096230544,,,,,,22257144.66982803,25656409.65689976,3088315.860551493,25423592.930770237
zeno ibsen rossi__2000-10-28,,,,,,,,385250.6503347705,,,,,,,,,,,385250.6503347705,,385250.6503347705
zeno van den bosch__2003-07-06,,,,,,,,9684049.840389978,10601410.819587925,,,,,11404582.61421311,,10245266.002136929,10354527.361319445,,10457967.327529479,626806.6874504961,10354527.361319445
zhenao wang__1999-08-10,,,,,290332.2402927189,,,,,313722.9475267212,,,,,,,,,302027.5939097201,16539.72770191226,302027.5939097201
zian flemming__1998-08-01,,,,,,,,,,,,6725313.263241678,6707564.301386671,,7358393.3140768455,,,,6930423.626235064,370738.85242212756,6725313.263241678
zico buurmeester__2002-06-07,,,,,,2436976.738312837,,,,,,,,2427875.4732541293,,,,,2432426.105783483,6435.566240388545,2432426.105783483
zidan sertdemir__2005-02-04,,,,,,1594151.3280883008,1479706.7356316121,,1772066.2406223807,,,1729698.8211060793,,,,,,,1643905.7813620933,133194.57099258414,1661925.0745971901
zidane iqbal__2003-04-27,,,,,,,,,,2046009.142884833,,,,,,,,,2046009.142884833,,2046009.142884833
zie ouattara__2000-01-09,Zié Ouattara,DEF,775000.0000000007,1250342.8520929746,,,,,,,,,,,,,1323744.841389977,1060837.859110755,1211641.8508645687,135658.9324550823,1250342.8520929746
zion suzuki__2002-08-21,,,,,5264815.818750642,,,,,,,,,,,,,,5264815.818750642,,5264815.818750642
zlatko tripic__1992-12-02,,,,,,,4685732.766913123,,,5248616.459404402,,,,,,,,,4967174.613158762,398018.8759799067,4967174.613158762
zorhan bassong__1999-05-07,,,,,644158.7641964171,,622012.7196040837,,,531352.1304960987,,,,,,,,,599174.5380988665,59770.570120657096,622012.7196040837
zuriko davitashvili__2001-02-15,,,,,5542950.293529981,,,,,,,,,,,,,,5542950.293529981,,5542950.293529981
zvonimir sarlija__1996-08-29,Zvonimir Šarlija,DEF,1350000.0,1351646.1946269483,,,,,,,1530347.2851342456,,,,,,,,1440996.739880597,126360.7529031409,1440996.739880597
