,,,,,,,,,,,,,,,,,,,,Per 90,Per 90,Per 90,Per 90,Per 90,Per 90,Per 90,Per 90,,,Per 90,Per 90,Per 90,Per 90,Per 90,Per 90,,-additional
,,,,,,,,,,,,,,Playing Time,Playing Time,Playing Time,Playing Time,Playing Time,Playing Time,Performance,Performance,Performance,Performance,Performance,Performance,Performance,,,,Standard,Standard,Standard,Standard,Standard,Standard,,-9999
Rk,Player,Gls/90,SoT/90,Sh/90,G/Sh,G/SoT,TklW/90,Int/90,Season,Age,Nation,Team,Comp,MP,Min,90s,Starts,Subs,unSub,Gls/90,Ast,G+A,G-PK,PK,PKatt,PKm,TklW/90,Int/90,Tkl+Int,Sh/90,G/Sh,G/SoT,SoT/90,SoT%,FK,Pos,-9999
1,Serhou Guirassy,1.1,1.8,3.7,0.26,0.53,0.1,0.2,2023-2024,27,gn GUI,Stuttgart,de Bundesliga,28,2208,24.5,25,3,0,1.1,0.1,1.3,1.0,0.2,0.2,0.0,0.1,0.2,0.0,3.7,0.26,0.53,1.8,49.5,,FW,923f4dda
2,Harry Kane,1.1,2.1,4.6,0.21,0.46,0.3,0.3,2023-2024,30,eng ENG,Bayern Munich,de Bundesliga,32,2839,31.5,32,0,0,1.1,0.3,1.4,1.0,0.2,0.2,0.0,0.3,0.3,0.0,4.6,0.21,0.46,2.1,45.9,,FW,21a66f6a
3,Kylian Mbappé,1.1,2.5,5.0,0.18,0.36,0.0,0.1,2023-2024,24,fr FRA,Paris Saint-Germain,fr Ligue 1,29,2158,24.0,24,5,2,1.1,0.3,1.4,0.9,0.3,0.3,0.1,0.0,0.1,0.0,5.0,0.18,0.36,2.5,49.2,,FW,42fd9c7f
4,Erling Haaland,1.0,2.1,4.3,0.17,0.34,0.1,0.1,2023-2024,23,no NOR,Manchester City,eng Premier League,31,2552,28.4,29,2,1,1.0,0.2,1.1,0.7,0.2,0.3,0.0,0.1,0.1,0.0,4.3,0.17,0.34,2.1,48.8,,FWMF,1f44ac21
5,Alexander Isak,0.8,1.7,3.1,0.21,0.37,0.0,0.2,2023-2024,23,se SWE,Newcastle United,eng Premier League,30,2255,25.1,27,3,1,0.8,0.1,0.9,0.6,0.2,0.2,0.0,0.0,0.2,0.0,3.1,0.21,0.37,1.7,55.1,,FW,8e92be30
6,Artem Dovbyk,0.8,1.6,3.0,0.20,0.37,0.1,0.0,2023-2024,26,ua UKR,Girona,es La Liga,36,2587,28.7,32,4,0,0.8,0.3,1.1,0.6,0.2,0.3,0.0,0.1,0.0,0.0,3.0,0.20,0.37,1.6,54.1,,FW,5b847bb0
7,Alexander Sørloth,0.8,1.3,2.8,0.29,0.64,0.1,0.0,2023-2024,27,no NOR,Villarreal,es La Liga,34,2489,27.7,30,4,1,0.8,0.2,1.0,0.8,0.0,0.0,0.0,0.1,0.0,0.0,2.8,0.29,0.64,1.3,46.2,,FW,e92cd3f7
8,Benjamin Šeško,0.8,1.5,2.8,0.30,0.56,0.3,0.2,2023-2024,20,si SVN,RB Leipzig,de Bundesliga,31,1526,17.0,17,14,2,0.8,0.1,0.9,0.8,0.0,0.0,0.0,0.3,0.2,0.0,2.8,0.30,0.56,1.5,53.2,,FW,3260690c
9,Callum Wilson,0.8,1.9,3.2,0.20,0.33,0.3,0.1,2023-2024,31,eng ENG,Newcastle United,eng Premier League,20,991,11.0,9,11,0,0.8,0.1,0.9,0.6,0.2,0.2,0.0,0.3,0.1,0.0,3.2,0.20,0.33,1.9,60.0,,FW,c596fcb0
10,Victor Boniface,0.8,2.0,4.7,0.13,0.29,0.2,0.0,2023-2024,22,ng NGA,Leverkusen,de Bundesliga,23,1546,17.2,18,5,0,0.8,0.5,1.3,0.6,0.2,0.2,0.0,0.2,0.0,0.0,4.7,0.13,0.29,2.0,42.5,,FW,b146275b
11,Lautaro Martínez,0.8,1.6,3.7,0.20,0.47,0.5,0.6,2023-2024,25,ar ARG,Inter,it Serie A,33,2656,29.5,31,2,2,0.8,0.1,0.9,0.7,0.1,0.1,0.0,0.5,0.6,0.0,3.7,0.20,0.47,1.6,43.1,,FW,f7036e1c
12,Loïs Openda,0.8,2.1,4.0,0.18,0.35,0.1,0.1,2023-2024,23,be BEL,RB Leipzig,de Bundesliga,34,2697,30.0,33,1,0,0.8,0.2,1.0,0.7,0.1,0.1,0.0,0.1,0.1,0.0,4.0,0.18,0.35,2.1,51.2,,FW,8652a85c
13,Diogo Jota,0.8,1.6,3.2,0.24,0.50,1.0,0.6,2023-2024,26,pt POR,Liverpool,eng Premier League,21,1145,12.7,14,7,1,0.8,0.2,1.0,0.8,0.0,0.0,0.0,1.0,0.6,0.0,3.2,0.24,0.50,1.6,48.8,,FW,178ae8f8
14,Deniz Undav,0.8,2.3,4.7,0.17,0.33,0.6,0.3,2023-2024,27,de GER,Stuttgart,de Bundesliga,30,2089,23.2,23,7,0,0.8,0.4,1.2,0.8,0.0,0.0,0.0,0.6,0.3,0.0,4.7,0.17,0.33,2.3,50.0,,FWMF,dd549382
15,Cole Palmer,0.8,1.6,3.7,0.12,0.28,0.4,0.7,2023-2024,21,eng ENG,2 Teams,eng Premier League,34,2618,29.1,29,5,2,0.8,0.4,1.1,0.4,0.3,0.3,0.0,0.4,0.7,0.0,3.7,0.12,0.28,1.6,42.6,,MFFW,dc7f8a28
16,Alexandre Lacazette,0.7,1.4,2.4,0.27,0.47,0.5,0.3,2023-2024,32,fr FRA,Lyon,fr Ligue 1,29,2293,25.5,27,2,0,0.7,0.1,0.8,0.7,0.1,0.1,0.0,0.5,0.3,0.0,2.4,0.27,0.47,1.4,58.1,,FW,9dbb75ca
17,Gianluca Scamacca,0.7,1.6,3.7,0.20,0.46,0.6,0.2,2023-2024,24,it ITA,Atalanta,it Serie A,29,1453,16.1,17,12,3,0.7,0.4,1.1,0.7,0.0,0.0,0.0,0.6,0.2,0.0,3.7,0.20,0.46,1.6,43.3,,FW,8790f988
18,Jude Bellingham,0.7,1.4,2.4,0.29,0.51,1.4,0.8,2023-2024,20,eng ENG,Real Madrid,es La Liga,28,2315,25.7,27,1,4,0.7,0.2,1.0,0.7,0.0,0.0,0.0,1.4,0.8,0.0,2.4,0.29,0.51,1.4,55.6,,MFFW,57d88cf9
19,Vinicius Júnior,0.7,1.9,3.8,0.18,0.36,0.6,0.0,2023-2024,23,br BRA,Real Madrid,es La Liga,26,1864,20.7,22,4,3,0.7,0.2,1.0,0.7,0.0,0.0,0.0,0.6,0.0,0.0,3.8,0.18,0.36,1.9,50.0,,FW,7111d552
20,Álvaro Morata,0.7,1.6,3.2,0.22,0.44,0.5,0.0,2023-2024,30,es ESP,Atlético Madrid,es La Liga,32,1904,21.2,21,11,2,0.7,0.1,0.9,0.7,0.0,0.0,0.0,0.5,0.0,0.0,3.2,0.22,0.44,1.6,50.7,,FW,129af0db
21,Michael Olise,0.7,1.5,4.0,0.16,0.43,0.7,0.6,2023-2024,21,fr FRA,Crystal Palace,eng Premier League,19,1275,14.2,14,5,0,0.7,0.4,1.1,0.6,0.1,0.1,0.0,0.7,0.6,0.0,4.0,0.16,0.43,1.5,36.8,,MFFW,c4486bac
22,Gonçalo Ramos,0.7,1.3,3.5,0.18,0.48,1.0,0.3,2023-2024,22,pt POR,Paris Saint-Germain,fr Ligue 1,29,1419,15.8,16,13,3,0.7,0.1,0.8,0.6,0.1,0.1,0.0,1.0,0.3,0.0,3.5,0.18,0.48,1.3,38.2,,FW,f63cda26
23,Anastasios Douvikas,0.7,1.5,2.6,0.27,0.47,0.7,0.0,2023-2024,23,gr GRE,Celta Vigo,es La Liga,32,905,10.1,7,25,3,0.7,0.1,0.8,0.7,0.0,0.0,0.0,0.7,0.0,0.0,2.6,0.27,0.47,1.5,57.7,,FW,853ca71c
24,Chris Wood,0.7,1.3,2.4,0.29,0.54,0.2,0.0,2023-2024,31,nz NZL,Nottingham Forest,eng Premier League,31,1812,20.1,20,11,0,0.7,0.0,0.7,0.7,0.0,0.0,0.0,0.2,0.0,0.0,2.4,0.29,0.54,1.3,54.2,,FW,4e9a0555
25,Victor Osimhen,0.7,1.9,4.1,0.13,0.29,0.4,0.1,2023-2024,24,ng NGA,Napoli,it Serie A,25,1982,22.0,22,3,1,0.7,0.1,0.8,0.5,0.1,0.2,0.1,0.4,0.1,0.0,4.1,0.13,0.29,1.9,45.6,,FW,8c90fd7a
26,Georges Mikautadze,0.7,1.4,2.9,0.18,0.37,0.1,0.3,2023-2024,22,ge GEO,Metz,fr Ligue 1,20,1747,19.4,20,0,0,0.7,0.2,0.9,0.5,0.2,0.2,0.0,0.1,0.3,0.0,2.9,0.18,0.37,1.4,47.4,,FW,4788cb6b
27,Robin Hack,0.7,1.5,2.9,0.23,0.45,0.6,0.9,2023-2024,24,de GER,Gladbach,de Bundesliga,29,1348,15.0,14,15,3,0.7,0.1,0.8,0.7,0.0,0.0,0.0,0.6,0.9,0.0,2.9,0.23,0.45,1.5,51.2,,FWMF,0174ba21
28,Richarlison,0.7,1.5,3.7,0.18,0.44,0.7,0.5,2023-2024,26,br BRA,Tottenham Hotspur,eng Premier League,28,1491,16.6,18,10,1,0.7,0.2,0.9,0.7,0.0,0.0,0.0,0.7,0.5,0.0,3.7,0.18,0.44,1.5,41.0,,FWMF,fa031b34
29,Donyell Malen,0.7,1.8,3.6,0.18,0.36,0.4,0.1,2023-2024,24,nl NED,Dortmund,de Bundesliga,27,1781,19.8,21,6,2,0.7,0.1,0.7,0.7,0.0,0.0,0.0,0.4,0.1,0.0,3.6,0.18,0.36,1.8,50.0,,MFFW,116c35df
30,Leandro Trossard,0.7,1.2,3.3,0.20,0.55,0.8,0.4,2023-2024,28,be BEL,Arsenal,eng Premier League,34,1649,18.3,18,16,3,0.7,0.1,0.7,0.7,0.0,0.0,0.0,0.8,0.4,0.0,3.3,0.20,0.55,1.2,36.7,,FWMF,38ceb24a
31,Jonathan David,0.7,1.6,2.7,0.22,0.36,0.6,0.3,2023-2024,23,ca CAN,Lille,fr Ligue 1,34,2629,29.2,30,4,0,0.7,0.1,0.8,0.6,0.1,0.1,0.0,0.6,0.3,0.0,2.7,0.22,0.36,1.6,59.5,,FW,ce50fd99
32,Mohamed Salah,0.6,2.0,4.0,0.11,0.23,0.4,0.1,2023-2024,31,eg EGY,Liverpool,eng Premier League,32,2534,28.2,28,4,0,0.6,0.4,1.0,0.5,0.2,0.2,0.1,0.4,0.1,0.0,4.0,0.11,0.23,2.0,49.1,,FW,e342ad68
33,Elijah Adebayo,0.6,0.9,1.9,0.33,0.71,0.1,0.3,2023-2024,25,eng ENG,Luton Town,eng Premier League,27,1419,15.8,16,11,0,0.6,0.0,0.6,0.6,0.0,0.0,0.0,0.1,0.3,0.0,1.9,0.33,0.71,0.9,46.7,,FW,0480ebc7
34,Mohamed Bamba,0.6,1.4,3.0,0.18,0.39,0.7,0.2,2023-2024,21,ci CIV,Lorient,fr Ligue 1,16,1138,12.6,14,2,0,0.6,0.2,0.9,0.6,0.1,0.1,0.0,0.7,0.2,0.0,3.0,0.18,0.39,1.4,47.4,,FW,d469252b
35,Jean-Philippe Mateta,0.6,1.1,1.8,0.30,0.48,0.6,0.2,2023-2024,26,fr FRA,Crystal Palace,eng Premier League,35,2282,25.4,25,10,2,0.6,0.2,0.8,0.6,0.1,0.1,0.0,0.6,0.2,0.0,1.8,0.30,0.48,1.1,63.0,,FW,50e6dc35
36,Ante Budimir,0.6,1.3,2.8,0.18,0.40,0.5,0.2,2023-2024,32,hr CRO,Osasuna,es La Liga,33,2435,27.1,29,4,1,0.6,0.1,0.7,0.5,0.1,0.1,0.0,0.5,0.2,0.0,2.8,0.18,0.40,1.3,46.1,,FW,8f3565b3
37,Borja Mayoral,0.6,1.1,2.0,0.23,0.41,0.2,0.1,2023-2024,26,es ESP,Getafe,es La Liga,27,2153,23.9,25,2,0,0.6,0.0,0.7,0.5,0.2,0.2,0.0,0.2,0.1,0.0,2.0,0.23,0.41,1.1,57.4,,FW,64e8ed6d
38,Dušan Vlahović,0.6,1.5,4.3,0.13,0.36,0.2,0.1,2023-2024,23,rs SRB,Juventus,it Serie A,33,2307,25.6,27,6,0,0.6,0.2,0.8,0.5,0.1,0.2,0.1,0.2,0.1,0.0,4.3,0.13,0.36,1.5,35.5,,FW,79443529
39,Robert Lewandowski,0.6,1.4,3.0,0.16,0.35,0.1,0.3,2023-2024,34,pl POL,Barcelona,es La Liga,35,2750,30.6,32,3,0,0.6,0.3,0.9,0.5,0.1,0.1,0.0,0.1,0.3,0.0,3.0,0.16,0.35,1.4,46.2,,FW,8d78e732
40,Wissam Ben Yedder,0.6,1.2,2.5,0.23,0.48,0.1,0.3,2023-2024,32,fr FRA,Monaco,fr Ligue 1,32,2316,25.7,26,6,1,0.6,0.1,0.7,0.6,0.0,0.0,0.0,0.1,0.3,0.0,2.5,0.23,0.48,1.2,48.4,,FW,942b4f90
41,Wesley Saïd,0.6,1.7,4.0,0.16,0.37,0.4,0.4,2023-2024,28,fr FRA,Lens,fr Ligue 1,27,1020,11.3,11,16,1,0.6,0.1,0.7,0.6,0.0,0.0,0.0,0.4,0.4,0.0,4.0,0.16,0.37,1.7,42.2,,FW,90fcf472
42,Andrej Kramarić,0.6,1.4,2.8,0.14,0.29,0.1,0.4,2023-2024,32,hr CRO,Hoffenheim,de Bundesliga,30,2199,24.4,25,5,1,0.6,0.2,0.9,0.4,0.2,0.2,0.0,0.1,0.4,0.0,2.8,0.14,0.29,1.4,49.3,,MFFW,603cb947
43,José Luis Morales,0.6,1.0,2.2,0.27,0.58,0.3,0.5,2023-2024,36,es ESP,Villarreal,es La Liga,29,1048,11.6,8,21,9,0.6,0.0,0.6,0.6,0.0,0.0,0.0,0.3,0.5,0.0,2.2,0.27,0.58,1.0,46.2,,FWMF,4a478107
44,Mathys Tel,0.6,1.5,3.7,0.16,0.39,0.3,0.6,2023-2024,18,fr FRA,Bayern Munich,de Bundesliga,30,1050,11.7,6,24,4,0.6,0.4,1.0,0.6,0.0,0.0,0.0,0.3,0.6,0.0,3.7,0.16,0.39,1.5,41.9,,MFFW,829aa60c
45,Phil Foden,0.6,1.5,3.3,0.18,0.40,0.6,0.4,2023-2024,23,eng ENG,Manchester City,eng Premier League,35,2857,31.7,33,2,2,0.6,0.3,0.9,0.6,0.0,0.0,0.0,0.6,0.4,0.0,3.3,0.18,0.40,1.5,45.7,,MF,ed1e53f3
46,Paulo Dybala,0.6,1.1,2.7,0.10,0.26,0.6,0.1,2023-2024,29,ar ARG,Roma,it Serie A,28,1959,21.8,25,3,1,0.6,0.4,1.0,0.3,0.3,0.3,0.0,0.6,0.1,0.0,2.7,0.10,0.26,1.1,39.0,,FWMF,e0921a4f
47,Maximilian Beier,0.6,1.5,3.0,0.20,0.41,0.4,0.4,2023-2024,20,de GER,Hoffenheim,de Bundesliga,33,2420,26.9,29,4,0,0.6,0.0,0.6,0.6,0.0,0.0,0.0,0.4,0.4,0.0,3.0,0.20,0.41,1.5,47.6,,FWMF,5db45ee5
48,Patrik Schick,0.6,1.1,3.4,0.15,0.46,0.3,0.2,2023-2024,27,cz CZE,Leverkusen,de Bundesliga,20,1063,11.8,12,8,4,0.6,0.0,0.6,0.5,0.1,0.1,0.0,0.3,0.2,0.0,3.4,0.15,0.46,1.1,32.5,,FW,5d4f7d61
49,Luis Javier Suárez,0.6,1.4,3.9,0.13,0.36,0.5,0.0,2023-2024,25,co COL,Almería,es La Liga,15,917,10.2,10,5,0,0.6,0.0,0.6,0.5,0.1,0.1,0.0,0.5,0.0,0.0,3.9,0.13,0.36,1.4,35.0,,FWMF,eeba07f8
50,Pierre-Emerick Aubameyang,0.6,1.8,4.0,0.11,0.25,0.5,0.3,2023-2024,34,ga GAB,Marseille,fr Ligue 1,34,2622,29.1,30,4,0,0.6,0.3,0.9,0.4,0.1,0.1,0.0,0.5,0.3,0.0,4.0,0.11,0.25,1.8,44.0,,FW,d5dd5f1f
51,Olivier Giroud,0.6,1.4,2.9,0.14,0.31,0.4,0.2,2023-2024,36,fr FRA,Milan,it Serie A,35,2363,26.3,28,7,1,0.6,0.3,0.9,0.4,0.2,0.2,0.0,0.4,0.2,0.0,2.9,0.14,0.31,1.4,46.8,,FW,16ceb862
52,Gorka Guruzeta,0.6,1.3,2.6,0.22,0.45,0.9,0.6,2023-2024,26,es ESP,Athletic Club,es La Liga,32,2217,24.6,30,2,1,0.6,0.2,0.8,0.6,0.0,0.0,0.0,0.9,0.6,0.0,2.6,0.22,0.45,1.3,47.7,,FW,6b5ea2f4
53,Domenico Berardi,0.6,1.5,3.2,0.08,0.17,0.4,0.8,2023-2024,28,it ITA,Sassuolo,it Serie A,17,1431,15.9,17,0,1,0.6,0.2,0.8,0.3,0.3,0.3,0.0,0.4,0.8,0.0,3.2,0.08,0.17,1.5,47.1,,MFFW,53a0e358
54,Davide Frattesi,0.6,1.3,3.0,0.19,0.43,0.6,0.5,2023-2024,23,it ITA,Inter,it Serie A,32,955,10.6,6,26,4,0.6,0.3,0.8,0.6,0.0,0.0,0.0,0.6,0.5,0.0,3.0,0.19,0.43,1.3,43.8,,MF,2a7d27c1
55,Nicolás González,0.6,1.6,4.1,0.13,0.31,0.8,0.6,2023-2024,25,ar ARG,Fiorentina,it Serie A,29,1913,21.3,21,8,1,0.6,0.1,0.7,0.5,0.0,0.1,0.1,0.8,0.6,0.0,4.1,0.13,0.31,1.6,40.2,,MF,2374aaca
56,Youssef En-Nesyri,0.6,1.1,2.6,0.21,0.50,0.2,0.3,2023-2024,26,ma MAR,Sevilla,es La Liga,33,2570,28.6,28,5,0,0.6,0.1,0.6,0.5,0.0,0.0,0.0,0.2,0.3,0.0,2.6,0.21,0.50,1.1,41.1,,FW,04e17fd5
57,Antoine Griezmann,0.5,1.2,2.7,0.15,0.35,0.7,0.4,2023-2024,32,fr FRA,Atlético Madrid,es La Liga,33,2644,29.4,31,2,1,0.5,0.2,0.7,0.4,0.1,0.1,0.0,0.7,0.4,0.0,2.7,0.15,0.35,1.2,43.0,,FWMF,df69b544
58,Joselu,0.5,1.5,3.4,0.16,0.34,0.2,0.3,2023-2024,33,es ESP,Real Madrid,es La Liga,34,1687,18.7,15,19,2,0.5,0.1,0.6,0.5,0.0,0.1,0.1,0.2,0.3,0.0,3.4,0.16,0.34,1.5,46.0,,FW,6265208f
59,Ollie Watkins,0.5,1.3,3.0,0.18,0.41,0.2,0.1,2023-2024,27,eng ENG,Aston Villa,eng Premier League,37,3217,35.7,37,0,0,0.5,0.4,0.9,0.5,0.0,0.0,0.0,0.2,0.1,0.0,3.0,0.18,0.41,1.3,43.4,,FW,aed3a70f
60,Justin Njinmah,0.5,1.2,2.9,0.18,0.43,0.2,0.2,2023-2024,22,de GER,Werder Bremen,de Bundesliga,24,1016,11.3,10,14,2,0.5,0.2,0.7,0.5,0.0,0.0,0.0,0.2,0.2,0.0,2.9,0.18,0.43,1.2,42.4,,FW,a45241d5
61,Ángel Correa,0.5,1.2,2.5,0.21,0.45,0.8,0.1,2023-2024,28,ar ARG,Atlético Madrid,es La Liga,32,1528,17.0,14,18,3,0.5,0.1,0.6,0.5,0.0,0.0,0.0,0.8,0.1,0.0,2.5,0.21,0.45,1.2,46.5,,FWMF,01eb744d
62,Ademola Lookman,0.5,1.1,3.2,0.16,0.46,0.7,0.4,2023-2024,25,ng NGA,Atalanta,it Serie A,31,1894,21.0,22,9,1,0.5,0.3,0.9,0.5,0.0,0.0,0.0,0.7,0.4,0.0,3.2,0.16,0.46,1.1,35.8,,FWMF,7c104bb7
63,Son Heung-min,0.5,1.2,2.6,0.18,0.38,0.4,0.2,2023-2024,31,kr KOR,Tottenham Hotspur,eng Premier League,35,2934,32.6,34,1,0,0.5,0.3,0.8,0.5,0.1,0.1,0.0,0.4,0.2,0.0,2.6,0.18,0.38,1.2,47.1,,FWMF,92e7e919
64,Ferrán Torres,0.5,1.1,2.8,0.18,0.47,0.6,0.4,2023-2024,23,es ESP,Barcelona,es La Liga,29,1211,13.5,12,17,2,0.5,0.1,0.7,0.5,0.0,0.0,0.0,0.6,0.4,0.0,2.8,0.18,0.47,1.1,39.5,,FW,9e1035f8
65,Taiwo Awoniyi,0.5,1.0,1.9,0.27,0.55,0.5,0.1,2023-2024,25,ng NGA,Nottingham Forest,eng Premier League,20,1042,11.6,12,8,0,0.5,0.3,0.8,0.5,0.0,0.0,0.0,0.5,0.1,0.0,1.9,0.27,0.55,1.0,50.0,,FW,e5478b87
66,Dominic Solanke,0.5,1.0,3.0,0.16,0.45,0.2,0.2,2023-2024,25,eng ENG,Bournemouth,eng Premier League,38,3325,36.9,37,1,0,0.5,0.1,0.6,0.5,0.1,0.1,0.0,0.2,0.2,0.0,3.0,0.16,0.45,1.0,34.9,,FW,e77dc3b2
67,Jamal Musiala,0.5,1.1,3.0,0.17,0.48,1.3,0.7,2023-2024,20,de GER,Bayern Munich,de Bundesliga,24,1755,19.5,20,4,1,0.5,0.3,0.8,0.5,0.0,0.0,0.0,1.3,0.7,0.0,3.0,0.17,0.48,1.1,36.2,,MF,2c0558b8
68,Hwang Hee-chan,0.5,0.8,1.9,0.24,0.61,0.4,0.4,2023-2024,27,kr KOR,Wolves,eng Premier League,29,2119,23.5,25,4,0,0.5,0.1,0.6,0.5,0.0,0.0,0.0,0.4,0.4,0.0,1.9,0.24,0.61,0.8,40.0,,FWMF,169fd162
69,Rodrigo Muniz,0.5,1.5,4.1,0.12,0.33,0.2,0.3,2023-2024,22,br BRA,Fulham,eng Premier League,26,1593,17.7,18,8,7,0.5,0.1,0.6,0.5,0.0,0.0,0.0,0.2,0.3,0.0,4.1,0.12,0.33,1.5,37.0,,FW,a755db8c
70,Terem Moffi,0.5,1.2,2.3,0.16,0.32,0.2,0.1,2023-2024,24,ng NGA,Nice,fr Ligue 1,30,1949,21.7,23,7,0,0.5,0.1,0.6,0.4,0.1,0.1,0.0,0.2,0.1,0.0,2.3,0.16,0.32,1.2,51.0,,FW,065dc209
71,Riccardo Orsolini,0.5,1.3,3.0,0.14,0.32,0.7,0.4,2023-2024,26,it ITA,Bologna,it Serie A,33,1792,19.9,19,14,1,0.5,0.1,0.6,0.4,0.1,0.2,0.1,0.7,0.4,0.0,3.0,0.14,0.32,1.3,42.4,,MF,e14ec482
72,Thijs Dallinga,0.5,1.2,3.0,0.15,0.38,0.5,0.1,2023-2024,22,nl NED,Toulouse,fr Ligue 1,33,2510,27.9,28,5,0,0.5,0.1,0.6,0.5,0.0,0.1,0.1,0.5,0.1,0.0,3.0,0.15,0.38,1.2,40.5,,FW,b70afb45
73,Silas Katompa,0.5,0.9,2.4,0.21,0.56,0.3,0.0,2023-2024,24,cd COD,Stuttgart,de Bundesliga,27,900,10.0,8,19,1,0.5,0.2,0.7,0.5,0.0,0.1,0.1,0.3,0.0,0.0,2.4,0.21,0.56,0.9,37.5,,MF,de4cac2d
74,Fermin López,0.5,1.6,3.2,0.16,0.32,1.2,0.2,2023-2024,20,es ESP,Barcelona,es La Liga,31,1446,16.1,14,17,6,0.5,0.0,0.5,0.5,0.0,0.0,0.0,1.2,0.2,0.0,3.2,0.16,0.32,1.6,49.0,,MFFW,c1fe5f0b
75,Gianluca Gaetano,0.5,1.0,2.2,0.18,0.40,0.4,0.5,2023-2024,23,it ITA,2 Teams,it Serie A,20,906,10.1,11,9,13,0.5,0.1,0.6,0.4,0.1,0.1,0.0,0.4,0.5,0.0,2.2,0.18,0.40,1.0,45.5,,MFFW,3b387cc7
76,Bukayo Saka,0.5,1.1,3.3,0.09,0.27,1.1,0.5,2023-2024,21,eng ENG,Arsenal,eng Premier League,35,2919,32.4,35,0,0,0.5,0.3,0.8,0.3,0.2,0.2,0.0,1.1,0.5,0.0,3.3,0.09,0.27,1.1,34.6,,FW,bc7dc64d
77,Portu,0.5,0.8,1.5,0.32,0.58,1.1,0.3,2023-2024,31,es ESP,2 Teams,es La Liga,36,1285,14.3,11,25,2,0.5,0.4,0.8,0.5,0.0,0.0,0.0,1.1,0.3,0.0,1.5,0.32,0.58,0.8,54.5,,FWMF,1bda5842
78,Darwin Núñez,0.5,2.0,4.7,0.10,0.24,0.6,0.1,2023-2024,24,uy URU,Liverpool,eng Premier League,36,2047,22.7,22,14,1,0.5,0.4,0.8,0.5,0.0,0.0,0.0,0.6,0.1,0.0,4.7,0.10,0.24,2.0,42.6,,FW,4d77b365
79,Eberechi Eze,0.5,1.5,3.6,0.12,0.29,0.7,0.5,2023-2024,25,eng ENG,Crystal Palace,eng Premier League,27,2055,22.8,24,3,0,0.5,0.2,0.7,0.4,0.0,0.0,0.0,0.7,0.5,0.0,3.6,0.12,0.29,1.5,41.0,,MFFW,ae4fc6a4
80,Jarrod Bowen,0.5,1.1,2.5,0.19,0.43,0.9,0.6,2023-2024,26,eng ENG,West Ham United,eng Premier League,34,3019,33.5,34,0,0,0.5,0.2,0.7,0.5,0.0,0.0,0.0,0.9,0.6,0.0,2.5,0.19,0.43,1.1,43.5,,MFFW,79c84d1c
81,Elye Wahi,0.5,1.7,3.2,0.13,0.25,0.2,0.2,2023-2024,20,fr FRA,2 Teams,fr Ligue 1,28,1706,19.0,20,8,1,0.5,0.2,0.6,0.4,0.1,0.1,0.0,0.2,0.2,0.0,3.2,0.13,0.25,1.7,53.3,,FW,0d7b6576
82,Ermedin Demirović,0.5,1.1,2.6,0.15,0.33,0.4,0.3,2023-2024,25,ba BIH,Augsburg,de Bundesliga,33,2873,31.9,33,0,0,0.5,0.3,0.8,0.4,0.1,0.1,0.0,0.4,0.3,0.0,2.6,0.15,0.33,1.1,43.9,,FWMF,ed79b7d3
83,Omar Marmoush,0.5,1.3,3.1,0.13,0.30,0.4,0.4,2023-2024,24,eg EGY,Eintracht Frankfurt,de Bundesliga,29,2301,25.6,27,2,0,0.5,0.2,0.7,0.4,0.1,0.1,0.0,0.4,0.4,0.0,3.1,0.13,0.30,1.3,42.3,,FWMF,0e0102eb
84,Matías Vecino,0.5,0.9,2.6,0.18,0.55,1.3,0.8,2023-2024,31,uy URU,Lazio,it Serie A,31,1153,12.8,8,23,5,0.5,0.1,0.5,0.5,0.0,0.0,0.0,1.3,0.8,0.0,2.6,0.18,0.55,0.9,33.3,,MF,44ac04e9
85,Jonathan Burkardt,0.5,1.0,2.4,0.17,0.41,0.5,0.1,2023-2024,23,de GER,Mainz 05,de Bundesliga,21,1538,17.1,18,3,0,0.5,0.1,0.6,0.4,0.1,0.1,0.0,0.5,0.1,0.0,2.4,0.17,0.41,1.0,41.5,,FWMF,05f99a4a
86,Brahim Díaz,0.5,1.0,2.2,0.21,0.47,1.0,0.3,2023-2024,23,ma MAR,Real Madrid,es La Liga,31,1545,17.2,18,13,7,0.5,0.3,0.8,0.5,0.0,0.0,0.0,1.0,0.3,0.0,2.2,0.21,0.47,1.0,44.7,,MFFW,407feb71
87,Hakan Çalhanoğlu,0.5,0.8,2.2,0.05,0.13,1.3,0.8,2023-2024,29,tr TUR,Inter,it Serie A,32,2556,28.4,32,0,3,0.5,0.1,0.6,0.1,0.4,0.4,0.0,1.3,0.8,0.0,2.2,0.05,0.13,0.8,37.1,,MF,cd0fa27b
88,Willian José,0.5,1.1,2.2,0.21,0.42,0.1,0.1,2023-2024,31,br BRA,Real Betis,es La Liga,33,1971,21.9,25,8,2,0.5,0.2,0.7,0.5,0.0,0.0,0.0,0.1,0.1,0.0,2.2,0.21,0.42,1.1,50.0,,FW,d87e2cae
89,Raúl Jiménez,0.5,1.1,2.6,0.17,0.41,0.8,0.3,2023-2024,32,mx MEX,Fulham,eng Premier League,24,1395,15.5,18,6,5,0.5,0.0,0.5,0.5,0.0,0.0,0.0,0.8,0.3,0.0,2.6,0.17,0.41,1.1,41.5,,FW,b561db50
90,Niclas Füllkrug,0.5,1.1,2.2,0.16,0.31,0.1,0.1,2023-2024,30,de GER,2 Teams,de Bundesliga,31,2392,26.6,29,2,2,0.5,0.3,0.8,0.3,0.1,0.1,0.0,0.1,0.1,0.0,2.2,0.16,0.31,1.1,50.0,,FW,4f16405e
91,Nicolas Jackson,0.5,1.3,2.6,0.18,0.34,0.5,0.1,2023-2024,22,sn SEN,Chelsea,eng Premier League,35,2799,31.1,31,4,0,0.5,0.2,0.6,0.5,0.0,0.0,0.0,0.5,0.1,0.0,2.6,0.18,0.34,1.3,51.3,,FW,9c36ed83
92,Charles De Ketelaere,0.4,1.1,2.0,0.20,0.36,0.9,0.3,2023-2024,22,be BEL,Atalanta,it Serie A,35,2026,22.5,25,10,1,0.4,0.4,0.8,0.4,0.0,0.0,0.0,0.9,0.3,0.0,2.0,0.20,0.36,1.1,55.6,,FWMF,2ef7c612
93,Kai Havertz,0.4,1.0,2.4,0.17,0.43,0.6,0.6,2023-2024,24,de GER,Arsenal,eng Premier League,37,2634,29.3,30,7,0,0.4,0.2,0.7,0.4,0.0,0.0,0.0,0.6,0.6,0.0,2.4,0.17,0.43,1.0,40.6,,MFFW,fed7cb61
94,Randal Kolo Muani,0.4,0.9,1.7,0.26,0.50,0.5,0.2,2023-2024,24,fr FRA,2 Teams,2 Comps,28,1421,15.8,15,13,2,0.4,0.3,0.8,0.4,0.0,0.0,0.0,0.5,0.2,0.0,1.7,0.26,0.50,0.9,51.9,,FWMF,c0b3669f
95,Romelu Lukaku,0.4,1.0,2.2,0.20,0.46,0.2,0.0,2023-2024,30,be BEL,Roma,it Serie A,32,2641,29.3,30,2,0,0.4,0.1,0.5,0.4,0.0,0.0,0.0,0.2,0.0,0.0,2.2,0.20,0.46,1.0,43.1,,FW,5eae500a
96,Matheus Cunha,0.4,1.4,2.7,0.15,0.29,0.6,0.4,2023-2024,24,br BRA,Wolves,eng Premier League,32,2440,27.1,29,3,0,0.4,0.3,0.7,0.4,0.0,0.0,0.0,0.6,0.4,0.0,2.7,0.15,0.29,1.4,52.1,,FWMF,dc62b55d
97,Cody Gakpo,0.4,1.3,3.6,0.12,0.33,1.0,0.6,2023-2024,24,nl NED,Liverpool,eng Premier League,35,1649,18.3,17,18,0,0.4,0.3,0.7,0.4,0.0,0.0,0.0,1.0,0.6,0.0,3.6,0.12,0.33,1.3,36.4,,FWMF,1971591f
98,Marcus Thuram,0.4,1.0,2.6,0.17,0.45,0.5,0.1,2023-2024,25,fr FRA,Inter,it Serie A,35,2687,29.9,34,1,1,0.4,0.2,0.7,0.4,0.0,0.0,0.0,0.5,0.1,0.0,2.6,0.17,0.45,1.0,37.7,,FW,6f8cd6d0
99,Leon Bailey,0.4,0.8,2.3,0.19,0.56,0.3,0.4,2023-2024,25,jm JAM,Aston Villa,eng Premier League,35,2068,23.0,22,13,1,0.4,0.4,0.8,0.4,0.0,0.0,0.0,0.3,0.4,0.0,2.3,0.19,0.56,0.8,34.0,,MF,3a233281
100,Yoane Wissa,0.4,0.9,2.4,0.18,0.46,0.5,0.3,2023-2024,26,cd COD,Brentford,eng Premier League,34,2493,27.7,29,5,0,0.4,0.1,0.5,0.4,0.0,0.0,0.0,0.5,0.3,0.0,2.4,0.18,0.46,0.9,38.8,,FW,2500cef9
101,Jacob Bruun Larsen,0.4,1.2,3.2,0.11,0.31,0.3,0.6,2023-2024,24,dk DEN,Burnley,eng Premier League,32,1249,13.9,16,16,5,0.4,0.0,0.4,0.4,0.1,0.1,0.0,0.3,0.6,0.0,3.2,0.11,0.31,1.2,36.4,,MF,4e204552
102,Matthis Abline,0.4,1.6,3.6,0.12,0.26,0.3,0.3,2023-2024,20,fr FRA,2 Teams,fr Ligue 1,22,1044,11.6,12,10,6,0.4,0.0,0.4,0.4,0.0,0.0,0.0,0.3,0.3,0.0,3.6,0.12,0.26,1.6,45.2,,FW,0e46fa2f
103,Noni Madueke,0.4,1.1,2.7,0.13,0.31,0.9,0.3,2023-2024,21,eng ENG,Chelsea,eng Premier League,23,1053,11.7,13,10,10,0.4,0.2,0.6,0.3,0.1,0.1,0.0,0.9,0.3,0.0,2.7,0.13,0.31,1.1,40.6,,MF,bf34eebd
104,Davie Selke,0.4,0.8,2.3,0.18,0.55,0.1,0.0,2023-2024,28,de GER,Köln,de Bundesliga,19,1265,14.1,16,3,1,0.4,0.0,0.4,0.4,0.0,0.0,0.0,0.1,0.0,0.0,2.3,0.18,0.55,0.8,33.3,,FW,1238a3f9
105,Giovanni Fabbian,0.4,0.9,2.4,0.18,0.50,0.8,0.6,2023-2024,20,it ITA,Bologna,it Serie A,27,1057,11.7,11,16,11,0.4,0.2,0.6,0.4,0.0,0.0,0.0,0.8,0.6,0.0,2.4,0.18,0.50,0.9,35.7,,MF,f97f9188
106,Abdón Prats,0.4,1.0,2.3,0.18,0.43,0.3,0.1,2023-2024,30,es ESP,Mallorca,es La Liga,34,1270,14.1,11,23,4,0.4,0.1,0.5,0.4,0.0,0.0,0.0,0.3,0.1,0.0,2.3,0.18,0.43,1.0,42.4,,FW,d1b060e2
107,Oliver McBurnie,0.4,1.2,2.3,0.12,0.24,0.4,0.4,2023-2024,27,sct SCO,Sheffield United,eng Premier League,21,1280,14.2,15,6,3,0.4,0.2,0.6,0.3,0.1,0.1,0.0,0.4,0.4,0.0,2.3,0.12,0.24,1.2,51.5,,FW,78b8ac63
108,Arnaud Kalimuendo,0.4,1.0,2.6,0.13,0.33,0.1,0.2,2023-2024,21,fr FRA,Rennes,fr Ligue 1,30,2139,23.8,25,5,0,0.4,0.0,0.5,0.3,0.1,0.1,0.0,0.1,0.2,0.0,2.6,0.13,0.33,1.0,39.3,,FW,bf4c41f9
109,Albert Guðmundsson,0.4,0.7,1.7,0.18,0.43,0.3,0.3,2023-2024,26,is ISL,Genoa,it Serie A,35,3016,33.5,34,1,0,0.4,0.1,0.5,0.3,0.1,0.1,0.0,0.3,0.3,0.0,1.7,0.18,0.43,0.7,41.1,,FWMF,b79858d5
110,Florian Wirtz,0.4,1.3,2.7,0.14,0.29,0.8,0.3,2023-2024,20,de GER,Leverkusen,de Bundesliga,32,2372,26.4,26,6,0,0.4,0.4,0.8,0.4,0.0,0.0,0.0,0.8,0.3,0.0,2.7,0.14,0.29,1.3,47.9,,MF,e7fcf289
111,Rasmus Højlund,0.4,0.9,1.6,0.26,0.48,0.3,0.0,2023-2024,20,dk DEN,Manchester Utd,eng Premier League,30,2158,24.0,25,5,0,0.4,0.1,0.5,0.4,0.0,0.0,0.0,0.3,0.0,0.0,1.6,0.26,0.48,0.9,55.3,,FW,491a433d
112,Eddie Nketiah,0.4,1.0,3.2,0.13,0.42,0.6,0.3,2023-2024,24,eng ENG,Arsenal,eng Premier League,27,1082,12.0,10,17,11,0.4,0.2,0.6,0.4,0.0,0.0,0.0,0.6,0.3,0.0,3.2,0.13,0.42,1.0,31.6,,FW,a53649b7
113,Eli Junior Kroupi,0.4,1.0,1.8,0.23,0.42,0.4,0.8,2023-2024,17,fr FRA,Lorient,fr Ligue 1,30,1084,12.0,11,19,4,0.4,0.2,0.7,0.4,0.0,0.0,0.0,0.4,0.8,0.0,1.8,0.23,0.42,1.0,54.5,,FW,b2fe86e5
114,Christian Pulisic,0.4,1.1,2.2,0.18,0.39,0.9,0.3,2023-2024,24,us USA,Milan,it Serie A,36,2602,28.9,32,4,0,0.4,0.3,0.7,0.4,0.0,0.0,0.0,0.9,0.3,0.0,2.2,0.18,0.39,1.1,47.7,,MFFW,1bf33a9a
115,Bryan Mbeumo,0.4,0.9,2.4,0.11,0.30,0.4,0.3,2023-2024,23,cm CMR,Brentford,eng Premier League,25,1960,21.8,22,3,0,0.4,0.3,0.7,0.3,0.1,0.1,0.0,0.4,0.3,0.0,2.4,0.11,0.30,0.9,37.7,,FW,6afaebf2
116,Martin Terrier,0.4,0.9,2.2,0.18,0.44,0.6,0.5,2023-2024,26,fr FRA,Rennes,fr Ligue 1,24,1527,17.0,19,5,0,0.4,0.2,0.6,0.4,0.0,0.0,0.0,0.6,0.5,0.0,2.2,0.18,0.44,0.9,42.1,,FWMF,5148dcc5
117,Teun Koopmeiners,0.4,0.7,1.9,0.19,0.50,0.9,0.3,2023-2024,25,nl NED,Atalanta,it Serie A,34,2627,29.2,29,5,0,0.4,0.2,0.6,0.3,0.1,0.1,0.0,0.9,0.3,0.0,1.9,0.19,0.50,0.7,37.0,,MF,a26fb8aa
118,João Félix,0.4,1.5,3.6,0.11,0.28,0.9,0.6,2023-2024,23,pt POR,2 Teams,es La Liga,30,1540,17.1,18,12,3,0.4,0.2,0.6,0.4,0.0,0.0,0.0,0.9,0.6,0.0,3.6,0.11,0.28,1.5,41.0,,FW,8aafd64f
119,Jørgen Strand Larsen,0.4,1.1,2.6,0.16,0.37,0.3,0.2,2023-2024,23,no NOR,Celta Vigo,es La Liga,37,2863,31.8,36,1,0,0.4,0.1,0.5,0.4,0.0,0.0,0.0,0.3,0.2,0.0,2.6,0.16,0.37,1.1,42.7,,FW,f553b2b3
120,André Ayew,0.4,1.1,2.7,0.15,0.38,0.8,0.2,2023-2024,33,gh GHA,Le Havre,fr Ligue 1,19,1104,12.3,12,7,0,0.4,0.0,0.4,0.4,0.0,0.0,0.0,0.8,0.2,0.0,2.7,0.15,0.38,1.1,39.4,,FWMF,5dbefa9d
121,Gerard Moreno,0.4,0.9,2.6,0.13,0.38,0.4,0.4,2023-2024,31,es ESP,Villarreal,es La Liga,30,2215,24.6,28,2,2,0.4,0.2,0.7,0.3,0.1,0.1,0.0,0.4,0.4,0.0,2.6,0.13,0.38,0.9,33.3,,FW,81f0781e
122,Samu Omorodion,0.4,1.2,3.0,0.13,0.33,0.2,0.0,2023-2024,19,es ESP,2 Teams,es La Liga,35,1998,22.2,22,13,1,0.4,0.0,0.5,0.4,0.0,0.0,0.0,0.2,0.0,0.0,3.0,0.13,0.33,1.2,40.3,,FW,dc44b03c
123,Odsonne Édouard,0.4,1.1,3.0,0.14,0.37,0.7,0.3,2023-2024,25,fr FRA,Crystal Palace,eng Premier League,30,1555,17.3,17,13,3,0.4,0.0,0.4,0.4,0.0,0.0,0.0,0.7,0.3,0.0,3.0,0.14,0.37,1.1,37.3,,FWMF,0562b7f1
124,Myrto Uzuni,0.4,1.1,2.4,0.11,0.24,0.5,0.1,2023-2024,28,al ALB,Granada,es La Liga,34,2448,27.2,28,6,1,0.4,0.0,0.4,0.3,0.1,0.2,0.0,0.5,0.1,0.0,2.4,0.11,0.24,1.1,45.3,,FWMF,01da7812
125,Tomáš Čvančara,0.4,1.3,3.6,0.08,0.23,0.3,0.2,2023-2024,22,cz CZE,Gladbach,de Bundesliga,21,896,10.0,7,14,0,0.4,0.1,0.5,0.3,0.1,0.2,0.1,0.3,0.2,0.0,3.6,0.08,0.23,1.3,36.1,,FWMF,298c8aa1
126,Amine Adli,0.4,1.5,2.7,0.15,0.27,0.7,0.5,2023-2024,23,ma MAR,Leverkusen,de Bundesliga,23,898,10.0,8,15,4,0.4,0.6,1.0,0.4,0.0,0.0,0.0,0.7,0.5,0.0,2.7,0.15,0.27,1.5,55.6,,MFFW,dcfb17f4
127,Marvin Ducksch,0.4,1.3,2.7,0.09,0.18,0.1,0.2,2023-2024,29,de GER,Werder Bremen,de Bundesliga,33,2696,30.0,32,1,0,0.4,0.3,0.7,0.2,0.2,0.2,0.0,0.1,0.2,0.0,2.7,0.09,0.18,1.3,47.5,,FW,638a4d71
128,Dodi Lukebakio,0.4,1.4,3.4,0.12,0.29,0.2,0.2,2023-2024,25,be BEL,Sevilla,es La Liga,23,1125,12.5,12,11,1,0.4,0.1,0.5,0.4,0.0,0.0,0.0,0.2,0.2,0.0,3.4,0.12,0.29,1.4,40.5,,MFFW,0c61c77c
129,Raúl,0.4,0.8,2.2,0.18,0.50,0.3,0.3,2023-2024,22,es ESP,Osasuna,es La Liga,35,1355,15.1,13,22,2,0.4,0.1,0.5,0.4,0.0,0.0,0.0,0.3,0.3,0.0,2.2,0.18,0.50,0.8,36.4,,FW,18f0a9f0
130,João Pedro,0.4,1.1,3.3,0.07,0.19,0.7,0.4,2023-2024,21,br BRA,Brighton,eng Premier League,31,2045,22.7,19,12,0,0.4,0.1,0.5,0.2,0.2,0.2,0.0,0.7,0.4,0.0,3.3,0.07,0.19,1.1,34.7,,MFFW,e8832875
131,Álex Berenguer,0.4,0.7,1.8,0.19,0.50,0.8,0.3,2023-2024,28,es ESP,Athletic Club,es La Liga,35,1592,17.7,15,20,1,0.4,0.2,0.6,0.3,0.1,0.1,0.0,0.8,0.3,0.0,1.8,0.19,0.50,0.7,37.5,,MF,dc1c2fce
132,Sergio Arribas,0.4,1.0,2.6,0.15,0.41,0.7,0.6,2023-2024,21,es ESP,Almería,es La Liga,34,2047,22.7,22,12,4,0.4,0.2,0.6,0.4,0.0,0.0,0.0,0.7,0.6,0.0,2.6,0.15,0.41,1.0,36.7,,MFFW,1e465e70
133,Evan Ferguson,0.4,1.3,2.2,0.18,0.30,0.5,0.1,2023-2024,18,ie IRL,Brighton,eng Premier League,27,1367,15.2,15,12,1,0.4,0.0,0.4,0.4,0.0,0.0,0.0,0.5,0.1,0.0,2.2,0.18,0.30,1.3,60.6,,FW,4596da74
134,Raphinha,0.4,1.4,3.9,0.08,0.23,0.5,0.9,2023-2024,26,br BRA,Barcelona,es La Liga,28,1368,15.2,17,11,2,0.4,0.6,1.0,0.3,0.1,0.1,0.0,0.5,0.9,0.0,3.9,0.08,0.23,1.4,37.3,,FWMF,3423f250
135,Hugo Duro,0.4,0.9,2.0,0.20,0.45,0.2,0.2,2023-2024,23,es ESP,Valencia,es La Liga,37,2976,33.1,35,2,0,0.4,0.1,0.5,0.4,0.0,0.0,0.0,0.2,0.2,0.0,2.0,0.20,0.45,0.9,43.9,,FW,37e103f8
136,Ben Brereton,0.4,1.3,2.6,0.13,0.25,0.4,0.2,2023-2024,24,cl CHI,2 Teams,2 Comps,28,1375,15.3,16,12,6,0.4,0.1,0.5,0.3,0.1,0.1,0.0,0.4,0.2,0.0,2.6,0.13,0.25,1.3,50.0,,FWMF,57827369
137,Arkadiusz Milik,0.4,1.3,3.5,0.11,0.31,0.6,0.5,2023-2024,29,pl POL,Juventus,it Serie A,32,919,10.2,7,25,0,0.4,0.1,0.5,0.4,0.0,0.0,0.0,0.6,0.5,0.0,3.5,0.11,0.31,1.3,36.1,,FW,85613cf0
138,Duván Zapata,0.4,1.2,3.1,0.13,0.32,0.2,0.2,2023-2024,32,co COL,2 Teams,it Serie A,37,2992,33.2,36,1,0,0.4,0.1,0.5,0.4,0.0,0.0,0.0,0.2,0.2,0.0,3.1,0.13,0.32,1.2,39.4,,FW,d3de9af0
139,Václav Černý,0.4,0.5,2.0,0.20,0.80,0.4,0.7,2023-2024,25,cz CZE,Wolfsburg,de Bundesliga,22,921,10.2,12,10,8,0.4,0.1,0.5,0.4,0.0,0.0,0.0,0.4,0.7,0.0,2.0,0.20,0.80,0.5,25.0,,MFFW,bb1cf301
140,Maghnes Akliouche,0.4,1.2,2.0,0.20,0.33,1.3,0.4,2023-2024,21,fr FRA,Monaco,fr Ligue 1,28,1613,17.9,18,10,3,0.4,0.2,0.6,0.4,0.0,0.0,0.0,1.3,0.4,0.0,2.0,0.20,0.33,1.2,60.0,,MF,b625b241
141,Christoph Baumgartner,0.4,0.9,2.4,0.16,0.42,1.1,0.4,2023-2024,23,at AUT,RB Leipzig,de Bundesliga,32,1158,12.9,11,21,2,0.4,0.1,0.5,0.4,0.0,0.0,0.0,1.1,0.4,0.0,2.4,0.16,0.42,0.9,38.7,,MFFW,437f2b00
142,Callum Hudson-Odoi,0.4,1.0,1.8,0.21,0.40,0.4,0.3,2023-2024,22,eng ENG,Nottingham Forest,eng Premier League,29,1854,20.6,20,9,1,0.4,0.0,0.4,0.4,0.0,0.0,0.0,0.4,0.3,0.0,1.8,0.21,0.40,1.0,52.6,,MFFW,15f3ec41
143,Lorenzo Pellegrini,0.4,1.0,2.3,0.15,0.35,1.0,1.0,2023-2024,27,it ITA,Roma,it Serie A,29,1859,20.7,20,9,2,0.4,0.1,0.5,0.3,0.0,0.0,0.0,1.0,1.0,0.0,2.3,0.15,0.35,1.0,42.6,,MF,4a5a45c7
144,Ihlas Bebou,0.4,0.8,2.1,0.18,0.50,0.6,0.7,2023-2024,29,tg TOG,Hoffenheim,de Bundesliga,32,1636,18.2,16,16,2,0.4,0.3,0.7,0.4,0.0,0.0,0.0,0.6,0.7,0.0,2.1,0.18,0.50,0.8,36.8,,FWMF,a53b661f
145,Takumi Minamino,0.4,1.2,2.6,0.15,0.31,0.7,0.5,2023-2024,28,jp JPN,Monaco,fr Ligue 1,30,2117,23.5,25,5,0,0.4,0.3,0.6,0.4,0.0,0.0,0.0,0.7,0.5,0.0,2.6,0.15,0.31,1.2,47.5,,MF,f833a830
146,Ciro Immobile,0.4,1.3,2.7,0.06,0.13,0.4,0.2,2023-2024,33,it ITA,Lazio,it Serie A,31,1652,18.4,21,10,1,0.4,0.1,0.4,0.2,0.2,0.2,0.0,0.4,0.2,0.0,2.7,0.06,0.13,1.3,46.9,,FW,4431aed2
147,Iñaki Williams,0.4,1.4,2.9,0.13,0.28,0.6,0.4,2023-2024,29,gh GHA,Athletic Club,es La Liga,34,2844,31.6,32,2,0,0.4,0.1,0.5,0.4,0.0,0.0,0.0,0.6,0.4,0.0,2.9,0.13,0.28,1.4,46.2,,MF,6a99e0b1
148,Bobby De Cordova-Reid,0.4,0.5,2.1,0.18,0.75,0.9,0.3,2023-2024,30,jm JAM,Fulham,eng Premier League,33,1423,15.8,17,16,5,0.4,0.1,0.5,0.4,0.0,0.0,0.0,0.9,0.3,0.0,2.1,0.18,0.75,0.5,24.2,,MFFW,0f7533cd
149,Rodrygo,0.4,1.4,3.3,0.11,0.28,0.6,0.3,2023-2024,22,br BRA,Real Madrid,es La Liga,34,2380,26.4,28,6,3,0.4,0.2,0.6,0.4,0.0,0.0,0.0,0.6,0.3,0.0,3.3,0.11,0.28,1.4,41.4,,FW,8f5e92a6
150,Neal Maupay,0.4,1.3,2.6,0.14,0.30,0.4,0.1,2023-2024,26,fr FRA,2 Teams,eng Premier League,31,1432,15.9,14,17,3,0.4,0.2,0.6,0.4,0.0,0.0,0.0,0.4,0.1,0.0,2.6,0.14,0.30,1.3,47.6,,FW,4bcf39f6
151,Tim Kleindienst,0.4,1.1,2.6,0.12,0.29,0.4,0.3,2023-2024,27,de GER,Heidenheim,de Bundesliga,33,2869,31.9,33,0,0,0.4,0.1,0.5,0.3,0.1,0.1,0.0,0.4,0.3,0.0,2.6,0.12,0.29,1.1,41.0,,FW,258a6f4d
152,Mikel Oyarzabal,0.4,0.8,1.7,0.18,0.37,0.8,0.2,2023-2024,26,es ESP,Real Sociedad,es La Liga,33,2156,24.0,23,10,1,0.4,0.1,0.5,0.3,0.1,0.1,0.0,0.8,0.2,0.0,1.7,0.18,0.37,0.8,47.5,,FWMF,8c3c640c
153,Michael Gregoritsch,0.4,1.7,3.9,0.10,0.23,0.6,0.4,2023-2024,29,at AUT,Freiburg,de Bundesliga,32,1682,18.7,19,13,0,0.4,0.2,0.6,0.4,0.0,0.0,0.0,0.6,0.4,0.0,3.9,0.10,0.23,1.7,43.1,,FW,8e235926
154,Julián Álvarez,0.4,1.4,3.3,0.09,0.23,0.4,0.1,2023-2024,23,ar ARG,Manchester City,eng Premier League,36,2647,29.4,31,5,2,0.4,0.3,0.6,0.3,0.1,0.1,0.0,0.4,0.1,0.0,3.3,0.09,0.23,1.4,40.8,,MFFW,15ab5a2b
155,Jonas Wind,0.4,1.2,2.5,0.15,0.31,0.3,0.1,2023-2024,24,dk DEN,Wolfsburg,de Bundesliga,34,2651,29.5,31,3,0,0.4,0.2,0.6,0.4,0.0,0.0,0.0,0.3,0.1,0.0,2.5,0.15,0.31,1.2,47.9,,FW,2077ae86
156,Nicolas Viola,0.4,0.9,2.8,0.13,0.42,0.6,0.2,2023-2024,33,it ITA,Cagliari,it Serie A,26,1207,13.4,11,15,10,0.4,0.1,0.5,0.4,0.0,0.1,0.1,0.6,0.2,0.0,2.8,0.13,0.42,0.9,31.6,,MFFW,45392b06
157,Vitinha,0.4,1.0,3.8,0.10,0.36,0.7,0.4,2023-2024,23,pt POR,2 Teams,2 Comps,27,1208,13.4,12,15,2,0.4,0.1,0.5,0.4,0.0,0.0,0.0,0.7,0.4,0.0,3.8,0.10,0.36,1.0,27.5,,MFFW,74d4cec6
158,Folarin Balogun,0.4,1.5,3.5,0.11,0.24,0.2,0.2,2023-2024,22,us USA,Monaco,fr Ligue 1,29,1692,18.8,19,10,0,0.4,0.3,0.6,0.4,0.0,0.2,0.2,0.2,0.2,0.0,3.5,0.11,0.24,1.5,43.9,,FW,31822f8c
159,Yussuf Poulsen,0.4,1.2,2.1,0.17,0.31,0.5,0.2,2023-2024,29,dk DEN,RB Leipzig,de Bundesliga,28,1217,13.5,12,16,3,0.4,0.1,0.5,0.4,0.0,0.0,0.0,0.5,0.2,0.0,2.1,0.17,0.31,1.2,55.2,,FW,d2416c2e
160,Federico Chiesa,0.4,1.1,3.0,0.11,0.30,0.5,0.2,2023-2024,25,it ITA,Juventus,it Serie A,33,2197,24.4,25,8,0,0.4,0.1,0.5,0.3,0.0,0.0,0.0,0.5,0.2,0.0,3.0,0.11,0.30,1.1,36.5,,FW,b0f7e36c
161,Raheem Sterling,0.4,1.0,2.3,0.16,0.36,0.4,0.5,2023-2024,28,eng ENG,Chelsea,eng Premier League,31,1978,22.0,22,9,3,0.4,0.2,0.5,0.4,0.0,0.0,0.0,0.4,0.5,0.0,2.3,0.16,0.36,1.0,43.1,,MF,b400bde0
162,Rafael Borré,0.4,0.7,1.8,0.20,0.50,0.8,0.2,2023-2024,27,co COL,Werder Bremen,de Bundesliga,19,991,11.0,11,8,1,0.4,0.0,0.4,0.4,0.0,0.0,0.0,0.8,0.2,0.0,1.8,0.20,0.50,0.7,40.0,,FW,c68da769
163,Khvicha Kvaratskhelia,0.4,1.5,4.2,0.09,0.24,0.7,0.4,2023-2024,22,ge GEO,Napoli,it Serie A,34,2737,30.4,32,2,0,0.4,0.2,0.6,0.4,0.0,0.0,0.0,0.7,0.4,0.0,4.2,0.09,0.24,1.5,34.9,,FW,dea88efd
164,Arnaud Nordin,0.4,1.0,2.2,0.16,0.36,0.4,0.1,2023-2024,25,fr FRA,Montpellier,fr Ligue 1,20,1246,13.8,15,5,0,0.4,0.2,0.6,0.4,0.0,0.0,0.0,0.4,0.1,0.0,2.2,0.16,0.36,1.0,45.2,,MFFW,7b9a9e25
165,Cyril Ngonge,0.4,1.0,3.0,0.12,0.37,0.7,0.2,2023-2024,23,be BEL,2 Teams,it Serie A,32,1746,19.4,18,14,1,0.4,0.1,0.5,0.4,0.0,0.0,0.0,0.7,0.2,0.0,3.0,0.12,0.37,1.0,32.2,,MFFW,2b8360f1
166,Jeremie Frimpong,0.4,0.8,2.2,0.16,0.43,0.7,0.3,2023-2024,22,nl NED,Leverkusen,de Bundesliga,31,2251,25.0,27,4,2,0.4,0.3,0.6,0.4,0.0,0.0,0.0,0.7,0.3,0.0,2.2,0.16,0.43,0.8,38.2,,MF,74f2e748
167,Mostafa Mohamed,0.4,1.2,2.9,0.08,0.19,0.7,0.5,2023-2024,25,eg EGY,Nantes,fr Ligue 1,29,2002,22.2,24,5,0,0.4,0.1,0.4,0.2,0.1,0.1,0.0,0.7,0.5,0.0,2.9,0.08,0.19,1.2,40.0,,FW,595e6f3e
168,Joshua Zirkzee,0.4,1.0,2.8,0.10,0.29,0.7,0.1,2023-2024,22,nl NED,Bologna,it Serie A,34,2759,30.7,32,2,0,0.4,0.1,0.5,0.3,0.1,0.1,0.0,0.7,0.1,0.0,2.8,0.10,0.29,1.0,36.0,,FW,028e70b9
169,Nabil Alioui,0.4,0.8,2.5,0.14,0.44,0.2,0.3,2023-2024,24,fr FRA,Le Havre,fr Ligue 1,18,1009,11.2,12,6,1,0.4,0.1,0.4,0.4,0.0,0.0,0.0,0.2,0.3,0.0,2.5,0.14,0.44,0.8,32.1,,MFFW,b386310a
170,Timo Werner,0.4,1.2,3.4,0.08,0.23,0.4,0.4,2023-2024,27,de GER,2 Teams,2 Comps,21,1016,11.3,12,9,4,0.4,0.3,0.6,0.3,0.1,0.1,0.0,0.4,0.4,0.0,3.4,0.08,0.23,1.2,34.2,,MFFW,49fe9070
171,Ayoze Pérez,0.4,1.0,2.7,0.13,0.35,1.3,0.8,2023-2024,30,es ESP,Real Betis,es La Liga,31,2294,25.5,29,2,1,0.4,0.0,0.4,0.4,0.0,0.0,0.0,1.3,0.8,0.0,2.7,0.13,0.35,1.0,38.2,,MFFW,819aa8e7
172,Benedict Hollerbach,0.4,0.7,2.4,0.15,0.50,0.8,0.4,2023-2024,22,de GER,Union Berlin,de Bundesliga,28,1282,14.2,15,13,5,0.4,0.0,0.4,0.4,0.0,0.0,0.0,0.8,0.4,0.0,2.4,0.15,0.50,0.7,29.4,,FWMF,2a158218
173,Viktor Tsyhankov,0.4,0.7,1.9,0.18,0.50,0.9,0.4,2023-2024,25,ua UKR,Girona,es La Liga,30,2052,22.8,26,4,0,0.4,0.3,0.7,0.4,0.0,0.0,0.0,0.9,0.4,0.0,1.9,0.18,0.50,0.7,36.4,,MF,f7e87032
174,Evann Guessand,0.3,1.3,2.8,0.08,0.17,0.5,0.7,2023-2024,22,ci CIV,Nice,fr Ligue 1,34,1553,17.3,14,20,0,0.3,0.0,0.3,0.2,0.1,0.1,0.0,0.5,0.7,0.0,2.8,0.08,0.17,1.3,47.9,,FW,b73f17f8
175,Emanuel Emegha,0.3,0.9,2.1,0.17,0.38,0.2,0.1,2023-2024,20,nl NED,Strasbourg,fr Ligue 1,28,2078,23.1,23,5,0,0.3,0.0,0.4,0.3,0.0,0.0,0.0,0.2,0.1,0.0,2.1,0.17,0.38,0.9,43.8,,FW,a0c590b9
176,Isaac Romero,0.3,1.5,3.6,0.10,0.24,0.3,0.0,2023-2024,23,es ESP,Sevilla,es La Liga,14,1039,11.5,14,0,0,0.3,0.3,0.7,0.3,0.0,0.0,0.0,0.3,0.0,0.0,3.6,0.10,0.24,1.5,40.5,,FW,be719093
177,Carlton Morris,0.3,1.0,2.3,0.08,0.19,0.3,0.0,2023-2024,27,eng ENG,Luton Town,eng Premier League,38,2862,31.8,32,6,0,0.3,0.1,0.5,0.2,0.2,0.2,0.0,0.3,0.0,0.0,2.3,0.08,0.19,1.0,42.5,,FWMF,2da834f1
178,Yusuf Yazıcı,0.3,1.0,2.7,0.13,0.36,0.8,0.3,2023-2024,26,tr TUR,Lille,fr Ligue 1,27,1312,14.6,16,11,3,0.3,0.1,0.5,0.3,0.0,0.0,0.0,0.8,0.3,0.0,2.7,0.13,0.36,1.0,35.0,,MFFW,f5c8b425
179,Anthony Gordon,0.3,1.0,2.5,0.12,0.32,1.0,0.2,2023-2024,22,eng ENG,Newcastle United,eng Premier League,35,2890,32.1,34,1,0,0.3,0.3,0.7,0.3,0.0,0.0,0.0,1.0,0.2,0.0,2.5,0.12,0.32,1.0,38.3,,FW,2bd83368
180,Antoine Semenyo,0.3,1.3,3.0,0.11,0.26,0.7,0.2,2023-2024,23,gh GHA,Bournemouth,eng Premier League,33,2105,23.4,25,8,3,0.3,0.1,0.4,0.3,0.0,0.0,0.0,0.7,0.2,0.0,3.0,0.11,0.26,1.3,44.3,,MF,efd2ec23
181,Eren Dinkçi,0.3,0.7,1.7,0.20,0.48,0.6,0.4,2023-2024,21,de GER,Heidenheim,de Bundesliga,33,2650,29.4,33,0,0,0.3,0.2,0.5,0.3,0.0,0.0,0.0,0.6,0.4,0.0,1.7,0.20,0.48,0.7,42.9,,MF,4ccd8957
182,Marco Reus,0.3,1.1,2.4,0.14,0.30,1.4,0.3,2023-2024,34,de GER,Dortmund,de Bundesliga,26,1601,17.8,18,8,6,0.3,0.4,0.8,0.3,0.0,0.0,0.0,1.4,0.3,0.0,2.4,0.14,0.30,1.1,47.6,,MF,36a3ff67
183,Leroy Sané,0.3,1.2,3.1,0.11,0.29,0.3,0.3,2023-2024,27,de GER,Bayern Munich,de Bundesliga,27,2137,23.7,25,2,0,0.3,0.5,0.8,0.3,0.0,0.0,0.0,0.3,0.3,0.0,3.1,0.11,0.29,1.2,38.4,,MF,2b114be3
184,Tijjani Noslin,0.3,1.0,2.4,0.14,0.33,0.5,0.1,2023-2024,24,nl NED,Hellas Verona,it Serie A,17,1339,14.9,17,0,0,0.3,0.3,0.6,0.3,0.0,0.0,0.0,0.5,0.1,0.0,2.4,0.14,0.33,1.0,41.7,,FWMF,2f067cf2
185,Benjamin Bourigeaud,0.3,0.6,1.9,0.04,0.12,0.7,0.8,2023-2024,29,fr FRA,Rennes,fr Ligue 1,32,2425,26.9,29,3,0,0.3,0.2,0.6,0.1,0.3,0.3,0.0,0.7,0.8,0.0,1.9,0.04,0.12,0.6,33.3,,MF,20e73fac
186,Andrea Belotti,0.3,0.9,2.6,0.13,0.35,0.4,0.2,2023-2024,29,it ITA,2 Teams,it Serie A,29,1628,18.1,17,12,8,0.3,0.1,0.4,0.3,0.0,0.0,0.0,0.4,0.2,0.0,2.6,0.13,0.35,0.9,36.2,,FW,d705ba44
187,Scott McTominay,0.3,0.9,2.1,0.16,0.37,1.1,0.7,2023-2024,26,sct SCO,Manchester Utd,eng Premier League,32,1901,21.1,18,14,2,0.3,0.0,0.4,0.3,0.0,0.0,0.0,1.1,0.7,0.0,2.1,0.16,0.37,0.9,43.2,,MFFW,d93c2511
188,Alassane Pléa,0.3,0.9,2.7,0.10,0.32,0.3,0.1,2023-2024,30,fr FRA,Gladbach,de Bundesliga,27,1913,21.3,24,3,0,0.3,0.2,0.5,0.3,0.0,0.0,0.0,0.3,0.1,0.0,2.7,0.10,0.32,0.9,32.8,,FWMF,bc6bd723
189,Milan Đurić,0.3,0.8,1.9,0.16,0.38,0.1,0.0,2023-2024,33,ba BIH,2 Teams,it Serie A,37,2461,27.3,26,11,0,0.3,0.1,0.4,0.3,0.0,0.1,0.1,0.1,0.0,0.0,1.9,0.16,0.38,0.8,41.2,,FW,405f6586
190,Justin Kluivert,0.3,0.9,2.6,0.13,0.35,0.8,0.3,2023-2024,24,nl NED,Bournemouth,eng Premier League,32,1916,21.3,26,6,6,0.3,0.0,0.4,0.3,0.0,0.0,0.0,0.8,0.3,0.0,2.6,0.13,0.35,0.9,35.7,,MF,4c3a6744
191,Nathan N'Goumou,0.3,0.8,1.9,0.17,0.42,1.5,0.3,2023-2024,23,cm CMR,Gladbach,de Bundesliga,32,1385,15.4,14,18,2,0.3,0.1,0.5,0.3,0.0,0.0,0.0,1.5,0.3,0.0,1.9,0.17,0.42,0.8,40.0,,MFFW,e110ea4b
192,Mohamed Lamine Bayo,0.3,1.2,3.0,0.06,0.16,0.4,0.1,2023-2024,25,gn GUI,Le Havre,fr Ligue 1,22,1389,15.4,16,6,1,0.3,0.1,0.4,0.2,0.1,0.1,0.0,0.4,0.1,0.0,3.0,0.06,0.16,1.2,40.4,,FW,01870104
193,Marco Asensio,0.3,0.8,2.2,0.15,0.40,0.8,0.4,2023-2024,27,es ESP,Paris Saint-Germain,fr Ligue 1,19,1113,12.4,13,6,5,0.3,0.4,0.7,0.3,0.0,0.0,0.0,0.8,0.4,0.0,2.2,0.15,0.40,0.8,37.0,,MFFW,45af8a54
194,Álex Grimaldo,0.3,0.7,2.3,0.14,0.43,0.8,0.7,2023-2024,27,es ESP,Leverkusen,de Bundesliga,33,2784,30.9,31,2,0,0.3,0.4,0.7,0.3,0.0,0.0,0.0,0.8,0.7,0.0,2.3,0.14,0.43,0.7,32.4,,MF,b1f4086c
195,Rafael Leão,0.3,0.9,2.5,0.13,0.36,0.4,0.3,2023-2024,24,pt POR,Milan,it Serie A,34,2512,27.9,29,5,0,0.3,0.3,0.6,0.3,0.0,0.0,0.0,0.4,0.3,0.0,2.5,0.13,0.36,0.9,35.7,,MFFW,20730eae
196,Andrea Pinamonti,0.3,0.6,2.5,0.11,0.41,0.3,0.0,2023-2024,24,it ITA,Sassuolo,it Serie A,38,3076,34.2,37,1,0,0.3,0.0,0.4,0.3,0.1,0.1,0.0,0.3,0.0,0.0,2.5,0.11,0.41,0.6,26.2,,FW,08aa9cd1
197,Deiver Machado,0.3,0.6,1.3,0.25,0.50,1.4,0.4,2023-2024,29,co COL,Lens,fr Ligue 1,19,1124,12.5,13,6,1,0.3,0.0,0.3,0.3,0.0,0.0,0.0,1.4,0.4,0.0,1.3,0.25,0.50,0.6,50.0,,MF,b3f8bdef
198,Akor Adams,0.3,1.3,3.2,0.10,0.24,0.2,0.2,2023-2024,23,ng NGA,Montpellier,fr Ligue 1,32,2252,25.0,27,5,1,0.3,0.0,0.4,0.3,0.0,0.0,0.0,0.2,0.2,0.0,3.2,0.10,0.24,1.3,41.8,,FW,2ccd39ed
199,Lucas Beltrán,0.3,0.5,1.7,0.16,0.56,0.7,0.1,2023-2024,22,ar ARG,Fiorentina,it Serie A,32,1692,18.8,21,11,3,0.3,0.1,0.4,0.3,0.1,0.1,0.0,0.7,0.1,0.0,1.7,0.16,0.56,0.5,28.1,,FWMF,482d2bc3
200,Wout Weghorst,0.3,0.7,1.8,0.15,0.40,0.3,0.2,2023-2024,30,nl NED,Hoffenheim,de Bundesliga,28,1977,22.0,24,4,1,0.3,0.1,0.5,0.3,0.0,0.0,0.0,0.3,0.2,0.0,1.8,0.15,0.40,0.7,38.5,,FW,c4e87b8b
201,Michail Antonio,0.3,0.7,1.6,0.20,0.43,0.4,0.1,2023-2024,33,jm JAM,West Ham United,eng Premier League,26,1695,18.8,21,5,0,0.3,0.1,0.4,0.3,0.0,0.0,0.0,0.4,0.1,0.0,1.6,0.20,0.43,0.7,46.7,,FW,ac05f970
202,Caleb Ekuban,0.3,1.0,2.1,0.15,0.33,0.3,0.1,2023-2024,29,gh GHA,Genoa,it Serie A,29,1131,12.6,10,19,2,0.3,0.1,0.4,0.3,0.0,0.0,0.0,0.3,0.1,0.0,2.1,0.15,0.33,1.0,44.4,,FW,7afbd2c3
203,Roberto Piccoli,0.3,1.4,3.7,0.07,0.18,0.5,0.2,2023-2024,22,it ITA,2 Teams,it Serie A,37,1417,15.7,12,25,0,0.3,0.0,0.3,0.3,0.1,0.1,0.0,0.5,0.2,0.0,3.7,0.07,0.18,1.4,37.9,,FW,1cadaf34
204,Matìas Soulé,0.3,0.7,2.4,0.07,0.24,0.8,0.5,2023-2024,20,ar ARG,2 Teams,it Serie A,36,3121,34.7,36,0,2,0.3,0.1,0.4,0.2,0.1,0.2,0.0,0.8,0.5,0.0,2.4,0.07,0.24,0.7,29.8,,MFFW,c13ddd3e
205,Giacomo Bonaventura,0.3,0.6,2.1,0.15,0.50,0.5,0.5,2023-2024,33,it ITA,Fiorentina,it Serie A,31,2277,25.3,27,4,4,0.3,0.1,0.4,0.3,0.0,0.0,0.0,0.5,0.5,0.0,2.1,0.15,0.50,0.6,30.8,,MF,d995ed27
206,Boulaye Dia,0.3,0.8,2.3,0.10,0.30,0.2,0.2,2023-2024,26,sn SEN,Salernitana,it Serie A,17,1143,12.7,12,5,1,0.3,0.0,0.3,0.2,0.1,0.1,0.0,0.2,0.2,0.0,2.3,0.10,0.30,0.8,34.5,,FWMF,244bc2c8
207,Frank Magri,0.3,0.9,2.6,0.12,0.36,0.9,0.3,2023-2024,23,cm CMR,Toulouse,fr Ligue 1,29,1438,16.0,14,15,0,0.3,0.1,0.4,0.3,0.0,0.0,0.0,0.9,0.3,0.0,2.6,0.12,0.36,0.9,34.1,,FWMF,42fdb11d
208,Mahdi Camara,0.3,0.7,1.9,0.14,0.40,1.8,1.2,2023-2024,25,fr FRA,Brest,fr Ligue 1,32,2020,22.4,26,6,0,0.3,0.1,0.4,0.3,0.0,0.0,0.0,1.8,1.2,0.0,1.9,0.14,0.40,0.7,35.7,,MF,8577e60a
209,Jordan Pefok,0.3,0.6,2.2,0.14,0.50,0.2,0.2,2023-2024,27,us USA,2 Teams,de Bundesliga,26,1447,16.1,18,8,2,0.3,0.2,0.5,0.3,0.0,0.0,0.0,0.2,0.2,0.0,2.2,0.14,0.50,0.6,27.8,,FW,b684a484
210,Vincenzo Grifo,0.3,0.7,1.9,0.04,0.11,0.7,0.6,2023-2024,30,it ITA,Freiburg,de Bundesliga,32,2325,25.8,29,3,2,0.3,0.3,0.6,0.1,0.2,0.2,0.0,0.7,0.6,0.0,1.9,0.04,0.11,0.7,38.8,,MF,54e4866f
211,Isco,0.3,1.0,2.5,0.09,0.23,1.0,0.3,2023-2024,31,es ESP,Real Betis,es La Liga,29,2326,25.8,28,1,0,0.3,0.2,0.5,0.2,0.1,0.1,0.0,1.0,0.3,0.0,2.5,0.09,0.23,1.0,40.6,,MF,a0b4bb3e
212,Steve Mounié,0.3,1.2,3.0,0.10,0.25,0.4,0.1,2023-2024,28,bj BEN,Brest,fr Ligue 1,32,1769,19.7,20,12,0,0.3,0.1,0.4,0.3,0.0,0.0,0.0,0.4,0.1,0.0,3.0,0.10,0.25,1.2,40.7,,FW,19ba6c6d
213,Matteo Politano,0.3,0.7,2.9,0.08,0.32,0.3,0.6,2023-2024,29,it ITA,Napoli,it Serie A,37,2360,26.2,31,6,0,0.3,0.3,0.6,0.2,0.1,0.1,0.0,0.3,0.6,0.0,2.9,0.08,0.32,0.7,25.3,,FW,5e861944
214,Amine Gouiri,0.3,1.2,3.4,0.09,0.26,0.5,0.6,2023-2024,23,dz ALG,Rennes,fr Ligue 1,31,2067,23.0,24,7,2,0.3,0.1,0.4,0.3,0.0,0.0,0.0,0.5,0.6,0.0,3.4,0.09,0.26,1.2,34.6,,FWMF,aad56ca3
215,Phillip Tietz,0.3,0.7,2.0,0.15,0.42,0.5,0.2,2023-2024,26,de GER,Augsburg,de Bundesliga,34,2382,26.5,31,3,0,0.3,0.2,0.5,0.3,0.0,0.0,0.0,0.5,0.2,0.0,2.0,0.15,0.42,0.7,36.5,,FW,3397e7b5
216,Romain Faivre,0.3,0.6,1.7,0.17,0.50,0.4,0.4,2023-2024,25,fr FRA,2 Teams,2 Comps,22,1494,16.6,16,6,8,0.3,0.1,0.4,0.3,0.0,0.0,0.0,0.4,0.4,0.0,1.7,0.17,0.50,0.6,34.5,,MF,745ca0a3
217,Tim Skarke,0.3,0.7,2.6,0.12,0.40,0.6,0.2,2023-2024,26,de GER,Darmstadt 98,de Bundesliga,30,2404,26.7,29,1,0,0.3,0.0,0.3,0.3,0.0,0.0,0.0,0.6,0.2,0.0,2.6,0.12,0.40,0.7,29.0,,FWMF,65857fdf
218,Iago Aspas,0.3,0.9,2.6,0.08,0.21,0.2,0.3,2023-2024,35,es ESP,Celta Vigo,es La Liga,35,2707,30.1,31,4,1,0.3,0.3,0.6,0.2,0.1,0.2,0.1,0.2,0.3,0.0,2.6,0.08,0.21,0.9,35.9,,FW,7dcf86f6
219,Ansgar Knauff,0.3,0.6,1.6,0.19,0.54,1.2,0.7,2023-2024,21,de GER,Eintracht Frankfurt,de Bundesliga,31,2109,23.4,24,7,1,0.3,0.1,0.4,0.3,0.0,0.0,0.0,1.2,0.7,0.0,1.6,0.19,0.54,0.6,35.1,,MFFW,19a967ab
220,Walid Cheddira,0.3,1.2,2.5,0.10,0.21,0.3,0.2,2023-2024,25,ma MAR,Frosinone,it Serie A,36,2120,23.6,24,12,1,0.3,0.0,0.3,0.3,0.0,0.0,0.0,0.3,0.2,0.0,2.5,0.10,0.21,1.2,46.7,,FW,0545a08e
221,Bryan Zaragoza,0.3,1.1,2.0,0.13,0.22,0.5,0.2,2023-2024,21,es ESP,2 Teams,2 Comps,28,1821,20.2,19,9,6,0.3,0.1,0.4,0.2,0.0,0.0,0.0,0.5,0.2,0.0,2.0,0.13,0.22,1.1,57.5,,MFFW,a96103b2
222,Vitinha,0.3,0.8,1.9,0.16,0.37,1.0,0.9,2023-2024,23,pt POR,Paris Saint-Germain,fr Ligue 1,28,2126,23.6,23,5,3,0.3,0.2,0.5,0.3,0.0,0.0,0.0,1.0,0.9,0.0,1.9,0.16,0.37,0.8,42.2,,MF,3b029691
223,Karim Adeyemi,0.3,1.0,2.3,0.13,0.30,1.4,0.3,2023-2024,21,de GER,Dortmund,de Bundesliga,21,913,10.1,10,11,3,0.3,0.1,0.4,0.3,0.0,0.0,0.0,1.4,0.3,0.0,2.3,0.13,0.30,1.0,43.5,,FWMF,501055d8
224,Kevin De Bruyne,0.3,1.3,3.2,0.09,0.24,0.7,0.2,2023-2024,32,be BEL,Manchester City,eng Premier League,18,1221,13.6,15,3,3,0.3,0.7,1.0,0.3,0.0,0.0,0.0,0.7,0.2,0.0,3.2,0.09,0.24,1.3,38.6,,MF,e46012d4
225,Ablie Jallow,0.3,0.7,1.8,0.11,0.29,0.6,0.8,2023-2024,24,gm GAM,Metz,fr Ligue 1,17,918,10.2,10,7,4,0.3,0.2,0.5,0.2,0.1,0.1,0.0,0.6,0.8,0.0,1.8,0.11,0.29,0.7,38.9,,MFFW,1bc6135b
226,Florian Neuhaus,0.3,1.2,2.8,0.08,0.19,0.9,1.0,2023-2024,26,de GER,Gladbach,de Bundesliga,25,1224,13.6,15,10,7,0.3,0.1,0.4,0.2,0.1,0.1,0.0,0.9,1.0,0.0,2.8,0.08,0.19,1.2,42.1,,MF,36a59ba4
227,Léo Baptistão,0.3,0.9,2.4,0.13,0.33,0.8,0.6,2023-2024,30,br BRA,Almería,es La Liga,32,1837,20.4,22,10,1,0.3,0.0,0.3,0.3,0.0,0.0,0.0,0.8,0.6,0.0,2.4,0.13,0.33,0.9,37.5,,FWMF,35f6db55
228,Jean-Ricner Bellegarde,0.3,0.6,1.5,0.20,0.50,0.9,0.9,2023-2024,25,ht HAI,2 Teams,2 Comps,25,1227,13.6,13,12,0,0.3,0.2,0.5,0.3,0.0,0.0,0.0,0.9,0.9,0.0,1.5,0.20,0.50,0.6,40.0,,MFFW,10f0fdd3
229,Takefusa Kubo,0.3,0.9,1.9,0.15,0.33,0.7,0.4,2023-2024,22,jp JPN,Real Sociedad,es La Liga,30,2150,23.9,24,6,4,0.3,0.2,0.5,0.3,0.0,0.0,0.0,0.7,0.4,0.0,1.9,0.15,0.33,0.9,45.7,,FWMF,16aa3654
230,Téji Savanier,0.3,0.9,2.7,0.02,0.07,0.7,1.1,2023-2024,31,fr FRA,Montpellier,fr Ligue 1,32,2765,30.7,32,0,0,0.3,0.2,0.5,0.1,0.2,0.2,0.0,0.7,1.1,0.0,2.7,0.02,0.07,0.9,35.4,,MF,6bde367b
231,Roman Yaremchuk,0.3,0.9,1.7,0.17,0.33,0.2,0.1,2023-2024,27,ua UKR,Valencia,es La Liga,25,928,10.3,11,14,4,0.3,0.0,0.3,0.3,0.0,0.0,0.0,0.2,0.1,0.0,1.7,0.17,0.33,0.9,50.0,,FW,cb641b9d
232,Dominic Calvert-Lewin,0.3,1.3,3.0,0.07,0.16,0.2,0.2,2023-2024,26,eng ENG,Everton,eng Premier League,32,2171,24.1,26,6,0,0.3,0.1,0.4,0.2,0.1,0.1,0.0,0.2,0.2,0.0,3.0,0.07,0.16,1.3,42.5,,FW,59e6e5bf
233,Mohammed Kudus,0.3,0.6,2.4,0.12,0.47,1.7,0.4,2023-2024,22,gh GHA,West Ham United,eng Premier League,33,2484,27.6,27,6,0,0.3,0.2,0.5,0.3,0.0,0.0,0.0,1.7,0.4,0.0,2.4,0.12,0.47,0.6,25.4,,MF,b62878a5
234,Bruno Fernandes,0.3,1.2,2.7,0.06,0.15,1.1,0.7,2023-2024,28,pt POR,Manchester Utd,eng Premier League,35,3118,34.6,35,0,0,0.3,0.2,0.5,0.2,0.1,0.1,0.0,1.1,0.7,0.0,2.7,0.06,0.15,1.2,43.2,,MF,507c7bdf
235,Eldor Shomurodov,0.3,0.7,2.0,0.14,0.43,0.4,0.4,2023-2024,28,uz UZB,Cagliari,it Serie A,22,936,10.4,10,12,5,0.3,0.3,0.6,0.3,0.0,0.0,0.0,0.4,0.4,0.0,2.0,0.14,0.43,0.7,33.3,,MFFW,57469b2d
236,Romain Del Castillo,0.3,0.6,1.4,0.13,0.29,1.0,0.3,2023-2024,27,fr FRA,Brest,fr Ligue 1,33,2497,27.7,30,3,0,0.3,0.3,0.6,0.2,0.1,0.1,0.0,1.0,0.3,0.0,1.4,0.13,0.29,0.6,43.6,,MFFW,0be95d34
237,David Datro Fofana,0.3,1.3,2.6,0.11,0.22,0.7,0.1,2023-2024,20,ci CIV,2 Teams,2 Comps,27,1561,17.3,18,9,1,0.3,0.1,0.3,0.3,0.0,0.0,0.0,0.7,0.1,0.0,2.6,0.11,0.22,1.3,51.1,,FW,e82900ef
238,Mykhailo Mudryk,0.3,0.7,2.0,0.14,0.42,0.7,0.5,2023-2024,22,ua UKR,Chelsea,eng Premier League,31,1576,17.5,18,13,4,0.3,0.1,0.4,0.3,0.0,0.0,0.0,0.7,0.5,0.0,2.0,0.14,0.42,0.7,34.3,,MF,049a888d
239,Mateo Retegui,0.3,0.9,2.6,0.10,0.26,0.4,0.0,2023-2024,24,it ITA,Genoa,it Serie A,29,2216,24.6,26,3,1,0.3,0.1,0.4,0.2,0.0,0.0,0.0,0.4,0.0,0.0,2.6,0.10,0.26,0.9,36.5,,FW,e7695e6c
240,Emmanuel Sabbi,0.3,0.6,1.8,0.10,0.27,1.1,1.1,2023-2024,25,us USA,Le Havre,fr Ligue 1,30,1584,17.6,18,12,2,0.3,0.1,0.3,0.2,0.1,0.1,0.0,1.1,1.1,0.0,1.8,0.10,0.27,0.6,35.5,,MFFW,2e1b7c83
241,Giacomo Raspadori,0.3,1.4,3.5,0.08,0.21,0.6,0.2,2023-2024,23,it ITA,Napoli,it Serie A,37,1584,17.6,14,23,0,0.3,0.2,0.5,0.3,0.0,0.1,0.1,0.6,0.2,0.0,3.5,0.08,0.21,1.4,39.3,,FW,6e058f06
242,Oumar Diakité,0.3,0.7,2.0,0.14,0.42,0.7,0.4,2023-2024,19,ci CIV,Reims,fr Ligue 1,28,1585,17.6,18,10,2,0.3,0.1,0.3,0.3,0.0,0.1,0.1,0.7,0.4,0.0,2.0,0.14,0.42,0.7,33.3,,FW,44435c8f
243,Gonçalo Guedes,0.3,0.8,2.4,0.12,0.38,0.5,0.2,2023-2024,26,pt POR,Villarreal,es La Liga,17,951,10.6,9,8,1,0.3,0.2,0.5,0.3,0.0,0.0,0.0,0.5,0.2,0.0,2.4,0.12,0.38,0.8,32.0,,FWMF,e6bc67d7
244,Julian Brandt,0.3,0.6,1.3,0.21,0.44,0.6,0.3,2023-2024,27,de GER,Dortmund,de Bundesliga,32,2223,24.7,26,6,0,0.3,0.4,0.7,0.3,0.0,0.0,0.0,0.6,0.3,0.0,1.3,0.21,0.44,0.6,48.5,,MF,a167537f
245,Muhammed Cham,0.3,1.1,2.6,0.05,0.13,0.5,0.2,2023-2024,22,at AUT,Clermont Foot,fr Ligue 1,33,2554,28.4,29,4,0,0.3,0.1,0.4,0.1,0.1,0.2,0.0,0.5,0.2,0.0,2.6,0.05,0.13,1.1,40.5,,MFFW,f527a32c
246,Faride Alidou,0.3,0.8,2.3,0.12,0.36,0.3,0.6,2023-2024,22,de GER,Köln,de Bundesliga,26,1282,14.2,14,12,2,0.3,0.0,0.3,0.3,0.0,0.0,0.0,0.3,0.6,0.0,2.3,0.12,0.36,0.8,33.3,,MFFW,00f518d8
247,Ritsu Doan,0.3,0.8,1.5,0.19,0.37,1.0,0.3,2023-2024,25,jp JPN,Freiburg,de Bundesliga,30,2246,25.0,26,4,0,0.3,0.1,0.4,0.3,0.0,0.0,0.0,1.0,0.3,0.0,1.5,0.19,0.37,0.8,51.4,,MF,d01bbb6f
248,Chris Führich,0.3,0.9,1.9,0.15,0.32,0.7,0.2,2023-2024,25,de GER,Stuttgart,de Bundesliga,34,2567,28.5,33,1,0,0.3,0.2,0.5,0.3,0.0,0.0,0.0,0.7,0.2,0.0,1.9,0.15,0.32,0.9,46.3,,MF,0cf778df
249,Lorenzo Lucca,0.3,0.9,2.1,0.13,0.31,0.4,0.1,2023-2024,22,it ITA,Udinese,it Serie A,37,2592,28.8,30,7,0,0.3,0.1,0.4,0.3,0.0,0.0,0.0,0.4,0.1,0.0,2.1,0.13,0.31,0.9,42.6,,FW,83c06f3a
250,Marcus Rashford,0.3,0.8,2.5,0.08,0.24,0.5,0.2,2023-2024,25,eng ENG,Manchester Utd,eng Premier League,33,2271,25.2,26,7,0,0.3,0.1,0.4,0.2,0.1,0.1,0.0,0.5,0.2,0.0,2.5,0.08,0.24,0.8,33.9,,MFFW,a1d5bd30
251,Jan-Niklas Beste,0.3,0.7,1.7,0.16,0.42,1.7,0.6,2023-2024,24,de GER,Heidenheim,de Bundesliga,31,2603,28.9,31,0,0,0.3,0.4,0.7,0.3,0.0,0.0,0.0,1.7,0.6,0.0,1.7,0.16,0.42,0.7,38.8,,MF,57382429
252,Mattia Zaccagni,0.3,0.6,1.9,0.14,0.46,0.7,1.0,2023-2024,28,it ITA,Lazio,it Serie A,28,1956,21.7,24,4,0,0.3,0.0,0.3,0.3,0.0,0.0,0.0,0.7,1.0,0.0,1.9,0.14,0.46,0.6,31.0,,FWMF,d85c238b
253,Luis Díaz,0.3,1.1,3.2,0.09,0.25,0.9,0.1,2023-2024,26,co COL,Liverpool,eng Premier League,37,2629,29.2,32,5,0,0.3,0.2,0.4,0.3,0.0,0.0,0.0,0.9,0.1,0.0,3.2,0.09,0.25,1.1,34.0,,FW,4a1a9578
254,Lucas Höler,0.3,0.7,1.3,0.18,0.33,0.9,0.5,2023-2024,29,de GER,Freiburg,de Bundesliga,33,2305,25.6,26,7,0,0.3,0.1,0.4,0.2,0.0,0.1,0.0,0.9,0.5,0.0,1.3,0.18,0.33,0.7,52.9,,FWMF,ca618d23
255,Sávio,0.3,0.6,1.4,0.20,0.45,0.8,0.6,2023-2024,19,br BRA,Girona,es La Liga,37,2976,33.1,35,2,0,0.3,0.3,0.6,0.3,0.0,0.0,0.0,0.8,0.6,0.0,1.4,0.20,0.45,0.6,44.4,,MFFW,fe6e7156
256,Thomas Müller,0.3,0.7,1.9,0.14,0.38,0.8,0.1,2023-2024,33,de GER,Bayern Munich,de Bundesliga,31,1654,18.4,20,11,3,0.3,0.5,0.8,0.3,0.0,0.0,0.0,0.8,0.1,0.0,1.9,0.14,0.38,0.7,37.1,,MF,3c6089ab
257,Takuma Asano,0.3,1.1,2.9,0.09,0.25,0.3,0.2,2023-2024,28,jp JPN,Bochum,de Bundesliga,29,1986,22.1,26,3,0,0.3,0.0,0.3,0.3,0.0,0.0,0.0,0.3,0.2,0.0,2.9,0.09,0.25,1.1,36.9,,FWMF,13ddc856
258,Xavi Simons,0.3,1.1,2.7,0.09,0.21,0.6,0.6,2023-2024,20,nl NED,RB Leipzig,de Bundesliga,32,2653,29.5,32,0,0,0.3,0.4,0.6,0.2,0.0,0.1,0.0,0.6,0.6,0.0,2.7,0.09,0.21,1.1,40.7,,MF,da4d670f
259,Andrea Colpani,0.3,0.6,2.2,0.12,0.42,0.5,0.4,2023-2024,24,it ITA,Monza,it Serie A,38,2657,29.5,36,2,0,0.3,0.1,0.4,0.3,0.0,0.0,0.0,0.5,0.4,0.0,2.2,0.12,0.42,0.6,29.2,,MF,6499048c
260,Michael Amir Murillo,0.3,0.4,0.5,0.60,0.75,1.0,1.0,2023-2024,27,pa PAN,Marseille,fr Ligue 1,16,997,11.1,10,6,3,0.3,0.2,0.5,0.3,0.0,0.0,0.0,1.0,1.0,0.0,0.5,0.60,0.75,0.4,80.0,,DFMF,349cae8f
261,Vedat Muriqi,0.3,1.0,2.6,0.09,0.24,0.2,0.2,2023-2024,29,xk KVX,Mallorca,es La Liga,29,2327,25.9,25,4,0,0.3,0.1,0.3,0.2,0.0,0.1,0.1,0.2,0.2,0.0,2.6,0.09,0.24,1.0,37.9,,FW,0cadc46d
262,Douglas Luiz,0.3,0.5,1.4,0.10,0.29,1.1,0.7,2023-2024,25,br BRA,Aston Villa,eng Premier League,35,2993,33.3,35,0,0,0.3,0.2,0.4,0.2,0.1,0.1,0.0,1.1,0.7,0.0,1.4,0.10,0.29,0.5,35.4,,MF,6f7d826d
263,Mason Greenwood,0.3,1.2,3.4,0.06,0.17,0.2,0.1,2023-2024,21,eng ENG,Getafe,es La Liga,33,2662,29.6,30,3,0,0.3,0.2,0.5,0.2,0.1,0.1,0.0,0.2,0.1,0.0,3.4,0.06,0.17,1.2,34.3,,MFFW,58eee997
264,Jeremie Boga,0.3,0.9,1.8,0.15,0.32,0.3,0.4,2023-2024,26,ci CIV,Nice,fr Ligue 1,28,1998,22.2,24,4,0,0.3,0.3,0.5,0.3,0.0,0.0,0.0,0.3,0.4,0.0,1.8,0.15,0.32,0.9,48.7,,FWMF,fe012aca
265,Jack Grealish,0.3,0.4,2.0,0.14,0.60,0.7,0.5,2023-2024,27,eng ENG,Manchester City,eng Premier League,20,1009,11.2,10,10,9,0.3,0.1,0.4,0.3,0.0,0.0,0.0,0.7,0.5,0.0,2.0,0.14,0.60,0.4,22.7,,MFFW,b0b4fd3e
266,Kévin Gameiro,0.3,0.8,1.9,0.07,0.17,0.7,0.2,2023-2024,36,fr FRA,Strasbourg,fr Ligue 1,27,1346,15.0,15,12,2,0.3,0.1,0.4,0.1,0.1,0.1,0.0,0.7,0.2,0.0,1.9,0.07,0.17,0.8,41.4,,FWMF,42276181
267,Gabriel Martinelli,0.3,1.0,2.6,0.10,0.27,1.0,0.2,2023-2024,22,br BRA,Arsenal,eng Premier League,35,2019,22.4,24,11,0,0.3,0.2,0.4,0.3,0.0,0.0,0.0,1.0,0.2,0.0,2.6,0.10,0.27,1.0,37.9,,FW,48a5a5d6
268,Kevin Sessa,0.3,0.6,2.6,0.10,0.43,0.8,0.4,2023-2024,23,de GER,Heidenheim,de Bundesliga,30,1011,11.2,7,23,2,0.3,0.0,0.3,0.3,0.0,0.0,0.0,0.8,0.4,0.0,2.6,0.10,0.43,0.6,24.1,,MF,fd82af8c
269,Danny Welbeck,0.3,0.9,2.2,0.12,0.31,1.0,0.4,2023-2024,32,eng ENG,Brighton,eng Premier League,29,1693,18.8,21,8,1,0.3,0.1,0.3,0.3,0.0,0.0,0.0,1.0,0.4,0.0,2.2,0.12,0.31,0.9,39.0,,FWMF,ce5143da
270,Federico Bonazzoli,0.3,1.2,2.4,0.11,0.23,0.1,0.3,2023-2024,26,it ITA,Hellas Verona,it Serie A,24,1016,11.3,10,14,14,0.3,0.1,0.4,0.3,0.0,0.0,0.0,0.1,0.3,0.0,2.4,0.11,0.23,1.2,48.1,,FW,bf57eaab
271,Nikola Krstović,0.3,0.8,3.5,0.07,0.27,0.3,0.1,2023-2024,23,me MNE,Lecce,it Serie A,35,2373,26.4,30,5,1,0.3,0.0,0.3,0.2,0.0,0.1,0.1,0.3,0.1,0.0,3.5,0.07,0.27,0.8,23.9,,FW,473803c9
272,Bafodé Diakité,0.3,0.4,0.8,0.31,0.71,1.2,0.9,2023-2024,22,fr FRA,Lille,fr Ligue 1,21,1696,18.8,19,2,4,0.3,0.1,0.4,0.3,0.0,0.0,0.0,1.2,0.9,0.0,0.8,0.31,0.71,0.4,43.8,,DF,1bfb6fef
273,Abdou Harroui,0.3,1.1,2.9,0.06,0.17,1.0,0.4,2023-2024,25,nl NED,Frosinone,it Serie A,18,1019,11.3,13,5,2,0.3,0.3,0.5,0.2,0.1,0.1,0.0,1.0,0.4,0.0,2.9,0.06,0.17,1.1,36.4,,MF,65fd099c
274,Lorenzo Colombo,0.3,0.7,2.5,0.11,0.40,0.7,0.0,2023-2024,21,it ITA,2 Teams,it Serie A,25,1359,15.1,16,9,13,0.3,0.1,0.3,0.3,0.0,0.0,0.0,0.7,0.0,0.0,2.5,0.11,0.40,0.7,27.0,,FW,04df29a5
275,Beto,0.3,1.1,3.8,0.07,0.23,0.5,0.1,2023-2024,25,gw GNB,2 Teams,2 Comps,31,1025,11.4,10,21,2,0.3,0.0,0.3,0.3,0.0,0.1,0.1,0.5,0.1,0.0,3.8,0.07,0.23,1.1,30.2,,FW,ed5c0319
276,Khalil Fayad,0.3,0.6,1.5,0.18,0.43,1.3,1.2,2023-2024,19,fr FRA,Montpellier,fr Ligue 1,23,1025,11.4,11,12,7,0.3,0.0,0.3,0.3,0.0,0.0,0.0,1.3,1.2,0.0,1.5,0.18,0.43,0.6,41.2,,MF,faf00ab8
277,Mario Pašalić,0.3,0.8,1.8,0.10,0.22,0.7,0.7,2023-2024,28,hr CRO,Atalanta,it Serie A,34,2051,22.8,23,11,4,0.3,0.3,0.5,0.2,0.1,0.1,0.0,0.7,0.7,0.0,1.8,0.10,0.22,0.8,45.0,,MF,e599253a
278,Florian Thauvin,0.3,0.8,2.5,0.08,0.27,0.3,0.2,2023-2024,30,fr FRA,Udinese,it Serie A,29,1710,19.0,19,10,3,0.3,0.2,0.4,0.2,0.1,0.1,0.0,0.3,0.2,0.0,2.5,0.08,0.27,0.8,31.3,,FW,2b9fdeea
279,Oscar Vilhelmsson,0.3,0.7,1.8,0.14,0.36,0.3,0.2,2023-2024,19,se SWE,Darmstadt 98,de Bundesliga,26,1374,15.3,16,10,2,0.3,0.1,0.3,0.3,0.0,0.0,0.0,0.3,0.2,0.0,1.8,0.14,0.36,0.7,39.3,,FW,e7f4869a
280,Ruben Loftus-Cheek,0.3,0.6,1.8,0.15,0.43,0.8,0.4,2023-2024,27,eng ENG,Milan,it Serie A,29,2068,23.0,26,3,2,0.3,0.0,0.3,0.3,0.0,0.0,0.0,0.8,0.4,0.0,1.8,0.15,0.43,0.6,34.1,,MF,e97fd090
281,Keito Nakamura,0.3,0.8,2.7,0.10,0.31,0.7,0.3,2023-2024,23,jp JPN,Reims,fr Ligue 1,25,1381,15.3,17,8,1,0.3,0.1,0.3,0.3,0.0,0.0,0.0,0.7,0.3,0.0,2.7,0.10,0.31,0.8,31.7,,FWMF,d97af612
282,Dejan Kulusevski,0.3,0.8,1.9,0.14,0.33,1.1,0.6,2023-2024,23,se SWE,Tottenham Hotspur,eng Premier League,36,2762,30.7,31,5,0,0.3,0.1,0.4,0.3,0.0,0.0,0.0,1.1,0.6,0.0,1.9,0.14,0.33,0.8,42.1,,MFFW,df3cda47
283,Lee Jae-sung,0.3,0.6,1.6,0.16,0.46,0.9,1.2,2023-2024,30,kr KOR,Mainz 05,de Bundesliga,29,2113,23.5,24,5,0,0.3,0.1,0.4,0.3,0.0,0.0,0.0,0.9,1.2,0.0,1.6,0.16,0.46,0.6,34.2,,MF,34b0387f
284,Teddy Teuma,0.3,0.6,1.9,0.11,0.33,1.5,0.7,2023-2024,29,mt MLT,Reims,fr Ligue 1,28,2113,23.5,25,3,0,0.3,0.1,0.4,0.2,0.0,0.0,0.0,1.5,0.7,0.0,1.9,0.11,0.33,0.6,34.1,,MF,5c26ca51
285,Rocco Reitz,0.3,0.6,1.4,0.18,0.43,1.6,1.7,2023-2024,21,de GER,Gladbach,de Bundesliga,34,2136,23.7,24,10,0,0.3,0.1,0.4,0.3,0.0,0.0,0.0,1.6,1.7,0.0,1.4,0.18,0.43,0.6,41.2,,MF,cc971106
286,Maximilian Wittek,0.3,0.7,2.2,0.12,0.38,1.5,1.5,2023-2024,27,de GER,Bochum,de Bundesliga,21,1070,11.9,13,8,11,0.3,0.1,0.3,0.3,0.0,0.0,0.0,1.5,1.5,0.0,2.2,0.12,0.38,0.7,30.8,,MFDF,edb2712b
287,Ander Barrenetxea,0.3,0.8,2.3,0.11,0.33,1.3,0.4,2023-2024,21,es ESP,Real Sociedad,es La Liga,29,1427,15.9,20,9,1,0.3,0.1,0.3,0.3,0.0,0.0,0.0,1.3,0.4,0.0,2.3,0.11,0.33,0.8,32.4,,MFFW,200e89e1
288,Jaime Mata,0.3,0.7,1.7,0.15,0.38,0.8,0.8,2023-2024,34,es ESP,Getafe,es La Liga,35,1787,19.9,22,13,1,0.3,0.1,0.3,0.3,0.0,0.0,0.0,0.8,0.8,0.0,1.7,0.15,0.38,0.7,39.4,,FWMF,02319ad7
289,Aleksandr Golovin,0.3,0.8,1.9,0.13,0.30,1.2,1.0,2023-2024,27,ru RUS,Monaco,fr Ligue 1,25,2147,23.9,25,0,0,0.3,0.3,0.5,0.3,0.0,0.0,0.0,1.2,1.0,0.0,1.9,0.13,0.30,0.8,44.4,,MF,3708e9fa
290,Gustav Isaksen,0.3,0.8,1.9,0.13,0.33,0.3,0.3,2023-2024,22,dk DEN,Lazio,it Serie A,28,1074,11.9,12,16,8,0.3,0.1,0.3,0.3,0.0,0.0,0.0,0.3,0.3,0.0,1.9,0.13,0.33,0.8,39.1,,FWMF,5715bb71
291,Umar Sadiq,0.3,0.8,2.8,0.09,0.30,0.8,0.0,2023-2024,26,ng NGA,Real Sociedad,es La Liga,26,1077,12.0,12,14,10,0.3,0.1,0.3,0.3,0.0,0.0,0.0,0.8,0.0,0.0,2.8,0.09,0.30,0.8,30.3,,FW,686cbe7d
292,Dani Olmo,0.2,0.9,2.8,0.09,0.29,1.1,0.8,2023-2024,25,es ESP,RB Leipzig,de Bundesliga,21,1449,16.1,17,4,0,0.2,0.3,0.6,0.2,0.0,0.0,0.0,1.1,0.8,0.0,2.8,0.09,0.29,0.9,31.1,,MF,ae44e8e2
293,Moussa Diaby,0.2,1.0,2.2,0.11,0.26,0.2,0.4,2023-2024,24,fr FRA,Aston Villa,eng Premier League,38,2174,24.2,25,13,0,0.2,0.3,0.6,0.2,0.0,0.0,0.0,0.2,0.4,0.0,2.2,0.11,0.26,1.0,42.6,,MFFW,aeed5c06
294,Ivan Toney,0.2,1.4,3.2,0.08,0.18,0.2,0.6,2023-2024,27,eng ENG,Brentford,eng Premier League,17,1450,16.1,16,1,1,0.2,0.1,0.4,0.2,0.0,0.0,0.0,0.2,0.6,0.0,3.2,0.08,0.18,1.4,43.1,,FW,e09f279b
295,Rodri,0.2,0.7,1.9,0.13,0.36,1.3,0.8,2023-2024,27,es ESP,Manchester City,eng Premier League,34,2931,32.6,34,0,1,0.2,0.3,0.5,0.2,0.0,0.0,0.0,1.3,0.8,0.0,1.9,0.13,0.36,0.7,35.5,,MFDF,6434f10d
296,Alejandro Garnacho,0.2,1.0,3.5,0.07,0.25,0.5,0.6,2023-2024,19,ar ARG,Manchester Utd,eng Premier League,36,2565,28.5,30,6,2,0.2,0.1,0.4,0.2,0.0,0.0,0.0,0.5,0.6,0.0,3.5,0.07,0.25,1.0,28.0,,MF,7aa8adfe
297,Pedri,0.2,0.4,0.9,0.27,0.57,1.3,0.9,2023-2024,20,es ESP,Barcelona,es La Liga,24,1476,16.4,16,8,0,0.2,0.1,0.4,0.2,0.0,0.0,0.0,1.3,0.9,0.0,0.9,0.27,0.57,0.4,46.7,,MFFW,0d9b2d31
298,Gabriel Jesus,0.2,1.2,3.3,0.07,0.21,1.0,0.8,2023-2024,26,br BRA,Arsenal,eng Premier League,27,1478,16.4,17,10,3,0.2,0.3,0.5,0.2,0.0,0.0,0.0,1.0,0.8,0.0,3.3,0.07,0.21,1.2,34.5,,FW,b66315ae
299,Simon Adingra,0.2,0.9,2.1,0.12,0.27,0.8,0.9,2023-2024,21,ci CIV,Brighton,eng Premier League,31,2222,24.7,25,6,1,0.2,0.0,0.3,0.2,0.0,0.0,0.0,0.8,0.9,0.0,2.1,0.12,0.27,0.9,42.3,,MF,4dcec659
300,Kingsley Coman,0.2,0.6,2.7,0.09,0.38,0.6,0.2,2023-2024,27,fr FRA,Bayern Munich,de Bundesliga,17,1113,12.4,15,2,1,0.2,0.2,0.5,0.2,0.0,0.0,0.0,0.6,0.2,0.0,2.7,0.09,0.38,0.6,23.5,,MF,042e8a49
301,Shamar Nicholson,0.2,1.2,2.4,0.08,0.15,0.1,0.1,2023-2024,26,jm JAM,Clermont Foot,fr Ligue 1,26,1484,16.5,17,9,2,0.2,0.2,0.4,0.2,0.1,0.1,0.1,0.1,0.1,0.0,2.4,0.08,0.15,1.2,50.0,,FW,e33fb79d
302,Florian Sotoca,0.2,0.8,2.4,0.04,0.14,0.8,0.7,2023-2024,32,fr FRA,Lens,fr Ligue 1,32,2598,28.9,29,3,0,0.2,0.2,0.5,0.1,0.1,0.1,0.0,0.8,0.7,0.0,2.4,0.04,0.14,0.8,31.9,,MFFW,7a42d0df
303,David Costa,0.2,0.8,1.8,0.13,0.29,0.6,0.9,2023-2024,22,pt POR,Lens,fr Ligue 1,25,1494,16.6,17,8,2,0.2,0.1,0.4,0.2,0.0,0.0,0.0,0.6,0.9,0.0,1.8,0.13,0.29,0.8,46.7,,MF,59948ef7
304,Leon Goretzka,0.2,0.6,2.2,0.11,0.40,0.8,1.2,2023-2024,28,de GER,Bayern Munich,de Bundesliga,30,2241,24.9,25,5,0,0.2,0.3,0.5,0.2,0.0,0.0,0.0,0.8,1.2,0.0,2.2,0.11,0.40,0.6,26.8,,MF,cc86b9a3
305,Abdoulaye Doucouré,0.2,0.8,1.6,0.15,0.30,1.0,0.5,2023-2024,30,ml MLI,Everton,eng Premier League,32,2629,29.2,32,0,0,0.2,0.0,0.3,0.2,0.0,0.0,0.0,1.0,0.5,0.0,1.6,0.15,0.30,0.8,48.9,,MF,02b29014
306,Kevin Behrens,0.2,0.9,2.5,0.10,0.26,0.5,0.4,2023-2024,32,de GER,2 Teams,de Bundesliga,31,1878,20.9,21,10,2,0.2,0.0,0.3,0.2,0.0,0.0,0.0,0.5,0.4,0.0,2.5,0.10,0.26,0.9,36.5,,FW,30ae134d
307,Vincent Sierro,0.2,0.4,1.4,0.06,0.18,1.0,1.0,2023-2024,27,ch SUI,Toulouse,fr Ligue 1,30,2261,25.1,25,5,2,0.2,0.1,0.3,0.1,0.2,0.2,0.0,1.0,1.0,0.0,1.4,0.06,0.18,0.4,30.6,,MF,92ffb8f9
308,Carlos Benavídez,0.2,0.6,1.1,0.21,0.43,2.8,1.4,2023-2024,25,uy URU,Alavés,es La Liga,29,1136,12.6,10,19,4,0.2,0.1,0.3,0.2,0.0,0.0,0.0,2.8,1.4,0.0,1.1,0.21,0.43,0.6,50.0,,MF,9fb45456
309,Lyle Foster,0.2,0.8,1.6,0.15,0.29,0.5,0.0,2023-2024,22,za RSA,Burnley,eng Premier League,24,1899,21.1,22,2,0,0.2,0.1,0.4,0.2,0.0,0.0,0.0,0.5,0.0,0.0,1.6,0.15,0.29,0.8,50.0,,FWMF,f84a807c
310,Robin Gosens,0.2,0.4,1.3,0.19,0.60,1.7,1.3,2023-2024,29,de GER,Union Berlin,de Bundesliga,30,2283,25.4,27,3,0,0.2,0.1,0.4,0.2,0.0,0.0,0.0,1.7,1.3,0.0,1.3,0.19,0.60,0.4,31.3,,MFDF,2d970560
311,Jamie Leweling,0.2,1.3,2.5,0.09,0.18,0.7,0.3,2023-2024,22,de GER,Stuttgart,de Bundesliga,34,1523,16.9,17,17,0,0.2,0.2,0.5,0.2,0.0,0.0,0.0,0.7,0.3,0.0,2.5,0.09,0.18,1.3,51.2,,MF,13fe7b69
312,Kevin Stöger,0.2,0.6,2.5,0.04,0.17,1.0,0.6,2023-2024,29,at AUT,Bochum,de Bundesliga,32,2668,29.6,32,0,0,0.2,0.3,0.6,0.1,0.1,0.1,0.0,1.0,0.6,0.0,2.5,0.04,0.17,0.6,24.0,,MF,e5649a78
313,Gaëtan Laborde,0.2,1.1,3.0,0.06,0.17,0.6,0.3,2023-2024,29,fr FRA,Nice,fr Ligue 1,34,1906,21.2,22,12,0,0.2,0.1,0.3,0.2,0.0,0.1,0.0,0.6,0.3,0.0,3.0,0.06,0.17,1.1,35.9,,FWMF,7cdda3bf
314,Edon Zhegrova,0.2,1.1,3.2,0.07,0.21,0.7,0.3,2023-2024,24,xk KVX,Lille,fr Ligue 1,33,2288,25.4,25,8,1,0.2,0.2,0.5,0.2,0.0,0.0,0.0,0.7,0.3,0.0,3.2,0.07,0.21,1.1,35.4,,MFFW,34a88e3e
315,Luca Waldschmidt,0.2,1.3,3.4,0.07,0.19,0.9,0.3,2023-2024,27,de GER,Köln,de Bundesliga,22,1146,12.7,14,8,0,0.2,0.0,0.2,0.2,0.0,0.1,0.1,0.9,0.3,0.0,3.4,0.07,0.19,1.3,37.2,,MF,e5a35ae9
316,Musa Al-Taamari,0.2,0.9,2.2,0.11,0.25,0.8,0.3,2023-2024,26,jo JOR,Montpellier,fr Ligue 1,27,1928,21.4,24,3,0,0.2,0.1,0.3,0.2,0.0,0.0,0.0,0.8,0.3,0.0,2.2,0.11,0.25,0.9,42.6,,MFFW,f15f8b2b
317,Ruslan Malinovskyi,0.2,0.8,2.3,0.10,0.31,1.3,0.3,2023-2024,30,ua UKR,Genoa,it Serie A,28,1544,17.2,18,10,2,0.2,0.1,0.3,0.2,0.0,0.0,0.0,1.3,0.3,0.0,2.3,0.10,0.31,0.8,33.3,,MFFW,48d5bd33
318,Martin Ødegaard,0.2,0.7,2.2,0.08,0.26,0.5,0.4,2023-2024,24,no NOR,Arsenal,eng Premier League,35,3091,34.3,35,0,1,0.2,0.3,0.5,0.2,0.1,0.1,0.0,0.5,0.4,0.0,2.2,0.08,0.26,0.7,29.9,,MF,79300479
319,Zeki Amdouni,0.2,1.0,2.3,0.08,0.18,0.9,0.5,2023-2024,22,ch SUI,Burnley,eng Premier League,34,1953,21.7,27,7,4,0.2,0.0,0.3,0.2,0.0,0.0,0.0,0.9,0.5,0.0,2.3,0.08,0.18,1.0,44.9,,FW,2ee5b0c9
320,Ludovic Blas,0.2,1.0,2.5,0.07,0.18,0.8,0.3,2023-2024,25,fr FRA,Rennes,fr Ligue 1,29,1563,17.4,18,11,3,0.2,0.1,0.3,0.2,0.1,0.1,0.1,0.8,0.3,0.0,2.5,0.07,0.18,1.0,38.6,,MFFW,6191093d
321,Junior Dina Ebimbe,0.2,0.8,2.4,0.10,0.29,1.2,0.5,2023-2024,22,cm CMR,Eintracht Frankfurt,de Bundesliga,31,1956,21.7,25,6,0,0.2,0.1,0.4,0.2,0.0,0.0,0.0,1.2,0.5,0.0,2.4,0.10,0.29,0.8,32.7,,MF,95bb6ddc
322,Aleksei Miranchuk,0.2,1.7,2.9,0.08,0.14,0.5,0.2,2023-2024,27,ru RUS,Atalanta,it Serie A,27,1176,13.1,12,15,8,0.2,0.4,0.6,0.2,0.0,0.0,0.0,0.5,0.2,0.0,2.9,0.08,0.14,1.7,57.9,,MFFW,a9aa0d1d
323,Philipp Hofmann,0.2,0.9,2.2,0.10,0.27,0.3,0.3,2023-2024,30,de GER,Bochum,de Bundesliga,29,1571,17.5,18,11,2,0.2,0.1,0.3,0.2,0.0,0.0,0.0,0.3,0.3,0.0,2.2,0.10,0.27,0.9,38.5,,FW,877bc844
324,Lazar Samardzic,0.2,0.6,2.2,0.09,0.29,0.6,0.3,2023-2024,21,rs SRB,Udinese,it Serie A,34,2372,26.4,28,6,4,0.2,0.1,0.3,0.2,0.0,0.0,0.0,0.6,0.3,0.0,2.2,0.09,0.29,0.6,29.8,,MF,217c93a1
325,Mathias Pereira Lage,0.2,1.2,2.7,0.08,0.19,1.1,0.8,2023-2024,26,pt POR,Brest,fr Ligue 1,30,1187,13.2,12,18,1,0.2,0.2,0.4,0.2,0.0,0.0,0.0,1.1,0.8,0.0,2.7,0.08,0.19,1.2,44.4,,MFFW,8846a40f
326,Jacob Murphy,0.2,0.8,2.3,0.10,0.30,0.9,0.4,2023-2024,28,eng ENG,Newcastle United,eng Premier League,21,1189,13.2,14,7,5,0.2,0.5,0.8,0.2,0.0,0.0,0.0,0.9,0.4,0.0,2.3,0.10,0.30,0.8,33.3,,FWMF,de112b84
327,Raphaël Guerreiro,0.2,0.5,1.4,0.17,0.50,1.2,1.0,2023-2024,29,pt POR,Bayern Munich,de Bundesliga,20,1191,13.2,13,7,2,0.2,0.0,0.2,0.2,0.0,0.0,0.0,1.2,1.0,0.0,1.4,0.17,0.50,0.5,33.3,,MFDF,048a1cbc
328,Yann Gboho,0.2,0.6,1.7,0.13,0.38,0.3,0.3,2023-2024,22,fr FRA,Toulouse,fr Ligue 1,16,1193,13.3,13,3,0,0.2,0.2,0.4,0.2,0.0,0.0,0.0,0.3,0.3,0.0,1.7,0.13,0.38,0.6,34.8,,MFFW,6be41a31
329,Kristian Thorstvedt,0.2,0.6,1.6,0.14,0.40,0.8,0.8,2023-2024,24,no NOR,Sassuolo,it Serie A,34,2397,26.6,30,4,3,0.2,0.0,0.3,0.2,0.0,0.0,0.0,0.8,0.8,0.0,1.6,0.14,0.40,0.6,35.7,,MF,76ff8d0d
330,Gianluca Lapadula,0.2,0.8,2.6,0.06,0.18,0.1,0.1,2023-2024,33,pe PER,Cagliari,it Serie A,23,1205,13.4,14,9,5,0.2,0.1,0.3,0.1,0.1,0.1,0.0,0.1,0.1,0.0,2.6,0.06,0.18,0.8,31.4,,FW,2ead2809
331,Jérémy Le Douaron,0.2,1.2,2.8,0.08,0.19,0.5,0.1,2023-2024,25,fr FRA,Brest,fr Ligue 1,33,1618,18.0,19,14,0,0.2,0.0,0.2,0.2,0.0,0.0,0.0,0.5,0.1,0.0,2.8,0.08,0.19,1.2,42.0,,FWMF,88c4d190
332,Harry Wilson,0.2,0.7,2.2,0.10,0.31,0.7,0.5,2023-2024,26,wls WAL,Fulham,eng Premier League,35,1620,18.0,16,19,1,0.2,0.3,0.6,0.2,0.0,0.0,0.0,0.7,0.5,0.0,2.2,0.10,0.31,0.7,32.5,,MFFW,c6dc9ecd
333,Désiré Doué,0.2,0.7,1.9,0.12,0.31,1.1,0.8,2023-2024,18,fr FRA,Rennes,fr Ligue 1,31,1626,18.1,17,14,1,0.2,0.2,0.4,0.2,0.0,0.0,0.0,1.1,0.8,0.0,1.9,0.12,0.31,0.7,38.2,,MF,9e7483ff
334,Denzel Dumfries,0.2,0.3,1.3,0.17,0.67,0.6,0.7,2023-2024,27,nl NED,Inter,it Serie A,31,1639,18.2,19,12,3,0.2,0.2,0.4,0.2,0.0,0.0,0.0,0.6,0.7,0.0,1.3,0.17,0.67,0.3,25.0,,MF,481c9ece
335,Tomáš Souček,0.2,0.5,1.3,0.17,0.47,1.1,1.0,2023-2024,28,cz CZE,West Ham United,eng Premier League,37,2870,31.9,34,3,0,0.2,0.1,0.3,0.2,0.0,0.0,0.0,1.1,1.0,0.0,1.3,0.17,0.47,0.5,35.7,,MF,6613c819
336,Bradley Barcola,0.2,0.6,1.8,0.12,0.36,1.0,0.7,2023-2024,20,fr FRA,2 Teams,fr Ligue 1,28,1640,18.2,21,7,2,0.2,0.4,0.6,0.2,0.0,0.0,0.0,1.0,0.7,0.0,1.8,0.12,0.36,0.6,33.3,,MF,a0d55a09
337,Brajan Gruda,0.2,0.7,1.6,0.13,0.33,0.8,0.3,2023-2024,19,de GER,Mainz 05,de Bundesliga,28,1641,18.2,19,9,1,0.2,0.2,0.4,0.2,0.0,0.0,0.0,0.8,0.3,0.0,1.6,0.13,0.33,0.7,40.0,,MFFW,ae9b998d
338,Mohamed Daramy,0.2,0.7,1.7,0.09,0.25,0.5,0.1,2023-2024,21,dk DEN,Reims,fr Ligue 1,25,1648,18.3,19,6,0,0.2,0.3,0.5,0.2,0.1,0.1,0.0,0.5,0.1,0.0,1.7,0.09,0.25,0.7,37.5,,FWMF,06a1d642
339,Álvaro García,0.2,0.6,1.6,0.13,0.35,0.9,1.3,2023-2024,30,es ESP,Rayo Vallecano,es La Liga,32,2475,27.5,30,2,0,0.2,0.0,0.3,0.2,0.0,0.0,0.0,0.9,1.3,0.0,1.6,0.13,0.35,0.6,37.8,,MF,90bbd822
340,Federico Dimarco,0.2,0.8,2.2,0.10,0.26,1.1,0.3,2023-2024,25,it ITA,Inter,it Serie A,30,2077,23.1,29,1,6,0.2,0.3,0.5,0.2,0.0,0.0,0.0,1.1,0.3,0.0,2.2,0.10,0.26,0.8,38.0,,MF,970b8574
341,Robert Skov,0.2,0.5,2.3,0.09,0.43,1.1,0.7,2023-2024,27,dk DEN,Hoffenheim,de Bundesliga,25,1260,14.0,14,11,6,0.2,0.3,0.5,0.2,0.0,0.0,0.0,1.1,0.7,0.0,2.3,0.09,0.43,0.5,21.9,,MF,ff98492b
342,Josip Stanišić,0.2,0.4,0.7,0.30,0.60,1.4,0.6,2023-2024,23,hr CRO,Leverkusen,de Bundesliga,20,1261,14.0,13,7,12,0.2,0.1,0.3,0.2,0.0,0.0,0.0,1.4,0.6,0.0,0.7,0.30,0.60,0.4,50.0,,DFMF,7ed08d5c
343,Valentín Castellanos,0.2,1.1,2.9,0.07,0.20,0.6,0.2,2023-2024,24,ar ARG,Lazio,it Serie A,35,1682,18.7,16,19,2,0.2,0.2,0.4,0.2,0.0,0.0,0.0,0.6,0.2,0.0,2.9,0.07,0.20,1.1,37.0,,FW,da76bab4
344,Yangel Herrera,0.2,0.8,2.2,0.10,0.28,1.6,1.1,2023-2024,25,ve VEN,Girona,es La Liga,29,2107,23.4,27,2,1,0.2,0.0,0.2,0.2,0.0,0.0,0.0,1.6,1.1,0.0,2.2,0.10,0.28,0.8,34.6,,MF,5083a734
345,Robert Andrich,0.2,0.5,1.2,0.17,0.44,1.0,1.1,2023-2024,28,de GER,Leverkusen,de Bundesliga,28,1690,18.8,18,10,6,0.2,0.1,0.3,0.2,0.0,0.0,0.0,1.0,1.1,0.0,1.2,0.17,0.44,0.5,39.1,,MFDF,e0b113a7
346,Francesco Caputo,0.2,0.7,1.6,0.09,0.20,0.0,0.0,2023-2024,35,it ITA,Empoli,it Serie A,20,1268,14.1,15,5,6,0.2,0.0,0.2,0.1,0.1,0.1,0.0,0.0,0.0,0.0,1.6,0.09,0.20,0.7,43.5,,FW,5bd72174
347,Lucas Boyé,0.2,0.5,2.0,0.11,0.40,0.9,0.4,2023-2024,27,ar ARG,Granada,es La Liga,31,2541,28.2,30,1,0,0.2,0.1,0.3,0.2,0.0,0.0,0.0,0.9,0.4,0.0,2.0,0.11,0.40,0.5,26.8,,FW,d49f3e6b
348,Lovro Majer,0.2,0.5,1.6,0.08,0.25,0.8,0.5,2023-2024,25,hr CRO,2 Teams,2 Comps,33,2122,23.6,25,8,2,0.2,0.2,0.4,0.1,0.1,0.1,0.0,0.8,0.5,0.0,1.6,0.08,0.25,0.5,31.6,,FWMF,fc46aab1
349,Jeremy Doku,0.2,1.2,3.3,0.06,0.17,1.3,0.5,2023-2024,21,be BEL,2 Teams,2 Comps,31,1706,19.0,19,12,2,0.2,0.4,0.6,0.2,0.0,0.0,0.0,1.3,0.5,0.0,3.3,0.06,0.17,1.2,37.1,,MFFW,fffea3e5
350,Antonio Sanabria,0.2,0.7,2.3,0.06,0.19,0.6,0.3,2023-2024,27,py PAR,Torino,it Serie A,35,2133,23.7,23,12,2,0.2,0.0,0.2,0.1,0.1,0.1,0.0,0.6,0.3,0.0,2.3,0.06,0.19,0.7,29.6,,FW,0a447501
351,Marcos Llorente,0.2,0.7,1.1,0.20,0.32,0.8,0.5,2023-2024,28,es ESP,Atlético Madrid,es La Liga,37,2565,28.5,29,8,0,0.2,0.1,0.4,0.2,0.0,0.0,0.0,0.8,0.5,0.0,1.1,0.20,0.32,0.7,63.3,,MFDF,02c15616
352,James Ward-Prowse,0.2,0.5,1.3,0.11,0.28,0.9,1.1,2023-2024,28,eng ENG,West Ham United,eng Premier League,37,3001,33.3,34,3,0,0.2,0.2,0.4,0.1,0.1,0.1,0.0,0.9,1.1,0.0,1.3,0.11,0.28,0.5,40.9,,MF,3515d404
353,Bernardo Silva,0.2,0.5,1.2,0.18,0.40,0.8,0.5,2023-2024,28,pt POR,Manchester City,eng Premier League,33,2578,28.6,29,4,2,0.2,0.3,0.5,0.2,0.0,0.0,0.0,0.8,0.5,0.0,1.2,0.18,0.40,0.5,44.1,,MF,3eb22ec9
354,Pablo Sarabia,0.2,0.9,2.4,0.04,0.11,0.7,0.5,2023-2024,31,es ESP,Wolves,eng Premier League,30,1745,19.4,20,10,7,0.2,0.4,0.6,0.1,0.1,0.1,0.0,0.7,0.5,0.0,2.4,0.04,0.11,0.9,39.1,,MFFW,9744ff80
355,Niels Nkounkou,0.2,0.5,1.5,0.14,0.43,2.1,1.1,2023-2024,22,fr FRA,Eintracht Frankfurt,de Bundesliga,29,1309,14.5,13,16,2,0.2,0.1,0.3,0.2,0.0,0.0,0.0,2.1,1.1,0.0,1.5,0.14,0.43,0.5,31.8,,MFDF,f5b281e7
356,Keven Schlotterbeck,0.2,0.5,1.1,0.19,0.42,1.0,1.4,2023-2024,26,de GER,2 Teams,de Bundesliga,27,2185,24.3,24,3,3,0.2,0.0,0.2,0.2,0.0,0.0,0.0,1.0,1.4,0.0,1.1,0.19,0.42,0.5,46.2,,DF,f6bdc830
357,Florian Kainz,0.2,0.4,1.1,0.00,0.00,0.8,0.7,2023-2024,30,at AUT,Köln,de Bundesliga,33,2197,24.4,29,4,1,0.2,0.2,0.4,0.0,0.2,0.2,0.0,0.8,0.7,0.0,1.1,0.00,0.00,0.4,32.1,,MF,94c18565
358,Lamine Yamal,0.2,0.9,2.4,0.09,0.24,1.5,0.8,2023-2024,16,es ESP,Barcelona,es La Liga,37,2201,24.5,22,15,1,0.2,0.2,0.4,0.2,0.0,0.0,0.0,1.5,0.8,0.0,2.4,0.09,0.24,0.9,36.2,,FWMF,82ec26c1
359,Jonas Hofmann,0.2,1.0,2.5,0.08,0.20,0.6,0.3,2023-2024,31,de GER,Leverkusen,de Bundesliga,32,2204,24.5,26,6,1,0.2,0.3,0.5,0.2,0.0,0.0,0.0,0.6,0.3,0.0,2.5,0.08,0.20,1.0,41.7,,MF,2903a856
360,Julian Ryerson,0.2,0.4,0.9,0.22,0.50,1.1,0.4,2023-2024,25,no NOR,Dortmund,de Bundesliga,21,1767,19.6,20,1,3,0.2,0.1,0.3,0.2,0.0,0.0,0.0,1.1,0.4,0.0,0.9,0.22,0.50,0.4,44.4,,DF,009a4f60
361,Luca Mazzitelli,0.2,0.7,2.0,0.10,0.28,1.1,0.8,2023-2024,27,it ITA,Frosinone,it Serie A,29,2210,24.6,26,3,3,0.2,0.0,0.2,0.2,0.0,0.0,0.0,1.1,0.8,0.0,2.0,0.10,0.28,0.7,36.7,,MF,dc61b402
362,Matteo Cancellieri,0.2,0.7,2.0,0.10,0.31,1.2,0.3,2023-2024,21,it ITA,Empoli,it Serie A,36,1788,19.9,18,18,0,0.2,0.2,0.4,0.2,0.0,0.0,0.0,1.2,0.3,0.0,2.0,0.10,0.31,0.7,32.5,,FWMF,b6a1cdf9
363,Enzo Millot,0.2,0.7,1.6,0.10,0.22,0.9,0.7,2023-2024,21,fr FRA,Stuttgart,de Bundesliga,31,2241,24.9,27,4,1,0.2,0.2,0.4,0.2,0.0,0.0,0.0,0.9,0.7,0.0,1.6,0.10,0.22,0.7,46.2,,MF,f76022e7
364,Kevin Volland,0.2,0.9,2.4,0.03,0.07,0.7,0.4,2023-2024,31,de GER,2 Teams,2 Comps,26,1345,14.9,17,9,2,0.2,0.3,0.5,0.1,0.1,0.2,0.1,0.7,0.4,0.0,2.4,0.03,0.07,0.9,38.9,,FWMF,64f69877
365,Giulio Maggiore,0.2,0.5,1.1,0.17,0.40,1.3,1.1,2023-2024,25,it ITA,Salernitana,it Serie A,27,1800,20.0,20,7,3,0.2,0.1,0.3,0.2,0.0,0.0,0.0,1.3,1.1,0.0,1.1,0.17,0.40,0.5,43.5,,MF,957e4c87
366,Tobias Kempe,0.2,0.3,1.4,0.00,0.00,0.9,0.5,2023-2024,34,de GER,Darmstadt 98,de Bundesliga,24,1350,15.0,15,9,5,0.2,0.1,0.3,0.0,0.2,0.2,0.0,0.9,0.5,0.0,1.4,0.00,0.00,0.3,19.0,,MF,d7cdfd81
367,Amir Richardson,0.2,0.5,1.1,0.18,0.38,1.5,0.8,2023-2024,21,ma MAR,Reims,fr Ligue 1,28,1352,15.0,14,14,3,0.2,0.1,0.3,0.2,0.0,0.0,0.0,1.5,0.8,0.0,1.1,0.18,0.38,0.5,47.1,,MF,2b7cdb79
368,Harvey Elliott,0.2,1.1,3.3,0.06,0.18,1.1,0.3,2023-2024,20,eng ENG,Liverpool,eng Premier League,34,1352,15.0,11,23,4,0.2,0.4,0.6,0.2,0.0,0.0,0.0,1.1,0.3,0.0,3.3,0.06,0.18,1.1,34.7,,MFFW,b9e1436c
369,Tosin Aiyegun,0.2,0.3,1.1,0.18,0.67,0.4,0.2,2023-2024,25,bj BEN,Lorient,fr Ligue 1,19,902,10.0,10,9,3,0.2,0.0,0.2,0.2,0.0,0.0,0.0,0.4,0.2,0.0,1.1,0.18,0.67,0.3,27.3,,MFFW,9c4f39b3
370,Yann Aurel Bisseck,0.2,0.4,1.2,0.17,0.50,0.6,0.6,2023-2024,22,de GER,Inter,it Serie A,16,904,10.0,9,7,22,0.2,0.0,0.2,0.2,0.0,0.0,0.0,0.6,0.6,0.0,1.2,0.17,0.50,0.4,33.3,,DF,3963c25b
371,Babis Lykogiannis,0.2,0.4,1.5,0.13,0.50,0.6,0.5,2023-2024,29,gr GRE,Bologna,it Serie A,22,904,10.0,10,12,15,0.2,0.1,0.3,0.2,0.0,0.0,0.0,0.6,0.5,0.0,1.5,0.13,0.50,0.4,26.7,,DF,5efc5389
372,Lewis Ferguson,0.2,0.7,2.0,0.10,0.30,0.7,0.5,2023-2024,23,sct SCO,Bologna,it Serie A,31,2712,30.1,31,0,0,0.2,0.1,0.3,0.2,0.0,0.0,0.0,0.7,0.5,0.0,2.0,0.10,0.30,0.7,33.9,,MF,ee64a822
373,Nico Williams,0.2,0.8,2.2,0.09,0.26,0.5,0.2,2023-2024,21,es ESP,Athletic Club,es La Liga,31,2263,25.1,29,2,0,0.2,0.4,0.6,0.2,0.0,0.0,0.0,0.5,0.2,0.0,2.2,0.09,0.26,0.8,33.9,,MF,afdc14d7
374,Facundo Buonanotte,0.2,0.6,1.4,0.14,0.33,1.5,0.5,2023-2024,18,ar ARG,Brighton,eng Premier League,27,1364,15.2,17,10,6,0.2,0.1,0.3,0.2,0.0,0.0,0.0,1.5,0.5,0.0,1.4,0.14,0.33,0.6,42.9,,MFFW,468a7a91
375,Exequiel Palacios,0.2,0.3,1.0,0.10,0.29,1.7,1.5,2023-2024,24,ar ARG,Leverkusen,de Bundesliga,24,1831,20.3,21,3,3,0.2,0.2,0.4,0.1,0.1,0.1,0.0,1.7,1.5,0.0,1.0,0.10,0.29,0.3,33.3,,MF,e82adcab
376,Sean Longstaff,0.2,0.5,1.3,0.15,0.40,1.0,0.5,2023-2024,25,eng ENG,Newcastle United,eng Premier League,35,2747,30.5,30,5,0,0.2,0.1,0.3,0.2,0.0,0.0,0.0,1.0,0.5,0.0,1.3,0.15,0.40,0.5,36.6,,MF,a2b105e0
377,Lucas Martínez Quarta,0.2,0.3,0.9,0.21,0.71,2.0,1.1,2023-2024,27,ar ARG,Fiorentina,it Serie A,29,2291,25.5,26,3,5,0.2,0.0,0.2,0.2,0.0,0.0,0.0,2.0,1.1,0.0,0.9,0.21,0.71,0.3,29.2,,DF,3ec3c1c9
378,Antonio Candreva,0.2,0.7,2.1,0.08,0.24,0.4,0.2,2023-2024,36,it ITA,Salernitana,it Serie A,34,2750,30.6,32,2,0,0.2,0.2,0.4,0.2,0.0,0.0,0.0,0.4,0.2,0.0,2.1,0.08,0.24,0.7,32.3,,MF,356c9002
379,Cameron Archer,0.2,0.5,2.1,0.10,0.36,0.6,0.0,2023-2024,22,eng ENG,2 Teams,eng Premier League,30,1838,20.4,21,9,1,0.2,0.0,0.2,0.2,0.0,0.0,0.0,0.6,0.0,0.0,2.1,0.10,0.36,0.5,26.2,,FWMF,05e8ca6d
380,Cheikh Tidiane Sabaly,0.2,0.6,1.4,0.14,0.33,1.4,0.6,2023-2024,24,sn SEN,Metz,fr Ligue 1,29,1379,15.3,17,12,2,0.2,0.1,0.3,0.2,0.0,0.0,0.0,1.4,0.6,0.0,1.4,0.14,0.33,0.6,42.9,,MFFW,9ddf7fae
381,Declan Rice,0.2,0.6,1.6,0.12,0.35,1.4,1.2,2023-2024,24,eng ENG,Arsenal,eng Premier League,38,3225,35.8,37,1,0,0.2,0.2,0.4,0.2,0.0,0.0,0.0,1.4,1.2,0.0,1.6,0.12,0.35,0.6,34.5,,MF,1c7012b8
382,Luis Alberto,0.2,0.6,2.2,0.09,0.33,0.8,0.2,2023-2024,30,es ESP,Lazio,it Serie A,33,2311,25.7,29,4,1,0.2,0.3,0.5,0.2,0.0,0.0,0.0,0.8,0.2,0.0,2.2,0.09,0.33,0.6,26.8,,MF,5294a83f
383,Saïd Benrahma,0.2,1.0,2.8,0.07,0.20,0.7,0.4,2023-2024,27,dz ALG,2 Teams,2 Comps,25,1390,15.4,15,10,8,0.2,0.3,0.5,0.2,0.0,0.1,0.1,0.7,0.4,0.0,2.8,0.07,0.20,1.0,34.1,,MF,5a04fd92
384,Iker Muñoz,0.2,0.3,1.1,0.17,0.67,0.8,0.5,2023-2024,20,es ESP,Osasuna,es La Liga,28,1854,20.6,20,8,10,0.2,0.0,0.2,0.2,0.0,0.0,0.0,0.8,0.5,0.0,1.1,0.17,0.67,0.3,26.1,,MF,175ece4c
385,Brennan Johnson,0.2,0.8,2.1,0.09,0.24,0.6,0.3,2023-2024,22,wls WAL,2 Teams,eng Premier League,35,2322,25.8,26,9,0,0.2,0.4,0.6,0.2,0.0,0.0,0.0,0.6,0.3,0.0,2.1,0.09,0.24,0.8,39.6,,MFFW,0cd31129
386,José Arnaiz,0.2,0.9,2.8,0.07,0.22,0.8,0.3,2023-2024,28,es ESP,Osasuna,es La Liga,26,929,10.3,9,17,8,0.2,0.1,0.3,0.2,0.0,0.0,0.0,0.8,0.3,0.0,2.8,0.07,0.22,0.9,31.0,,FWMF,46e07328
387,Roberto Pereyra,0.2,0.4,1.4,0.11,0.33,0.5,0.3,2023-2024,32,ar ARG,Udinese,it Serie A,27,1858,20.6,22,5,4,0.2,0.1,0.3,0.1,0.0,0.0,0.0,0.5,0.3,0.0,1.4,0.11,0.33,0.4,32.1,,FWMF,75f2c59f
388,Martin Satriano,0.2,1.0,3.0,0.06,0.20,0.7,0.3,2023-2024,22,uy URU,Brest,fr Ligue 1,33,1864,20.7,21,12,0,0.2,0.2,0.4,0.2,0.0,0.0,0.0,0.7,0.3,0.0,3.0,0.06,0.20,1.0,31.7,,FWMF,86383d0e
389,Bruno Guimarães,0.2,0.4,1.3,0.15,0.44,1.4,0.9,2023-2024,25,br BRA,Newcastle United,eng Premier League,37,3263,36.3,37,0,0,0.2,0.2,0.4,0.2,0.0,0.0,0.0,1.4,0.9,0.0,1.3,0.15,0.44,0.4,33.3,,MF,82518f62
390,Alex Iwobi,0.2,0.8,2.1,0.09,0.25,0.6,0.6,2023-2024,27,ng NGA,2 Teams,eng Premier League,32,2332,25.9,27,5,0,0.2,0.1,0.3,0.2,0.0,0.0,0.0,0.6,0.6,0.0,2.1,0.09,0.25,0.8,36.4,,MF,6ca5ec4b
391,Arne Engels,0.2,0.4,1.3,0.15,0.43,1.3,0.9,2023-2024,19,be BEL,Augsburg,de Bundesliga,32,1405,15.6,13,19,0,0.2,0.1,0.3,0.2,0.0,0.0,0.0,1.3,0.9,0.0,1.3,0.15,0.43,0.4,35.0,,MFDF,554bcc91
392,Idrissa Gana Gueye,0.2,0.3,1.2,0.15,0.57,2.0,1.3,2023-2024,33,sn SEN,Everton,eng Premier League,25,1884,20.9,24,1,3,0.2,0.0,0.2,0.2,0.0,0.0,0.0,2.0,1.3,0.0,1.2,0.15,0.57,0.3,26.9,,MF,72c812f3
393,José Luis García Vayá,0.2,0.3,1.0,0.00,0.00,1.5,1.2,2023-2024,24,es ESP,Valencia,es La Liga,37,3302,36.7,37,0,0,0.2,0.0,0.2,0.0,0.2,0.2,0.0,1.5,1.2,0.0,1.0,0.00,0.00,0.3,34.3,,MF,27dc1378
394,Alexis Saelemaekers,0.2,0.5,1.4,0.14,0.40,1.0,0.7,2023-2024,24,be BEL,Bologna,it Serie A,30,1887,21.0,21,9,1,0.2,0.1,0.3,0.2,0.0,0.0,0.0,1.0,0.7,0.0,1.4,0.14,0.40,0.5,34.5,,MF,ee251371
395,Lucas Vázquez,0.2,0.4,0.8,0.25,0.43,1.4,0.8,2023-2024,32,es ESP,Real Madrid,es La Liga,29,1419,15.8,14,15,9,0.2,0.4,0.6,0.2,0.0,0.0,0.0,1.4,0.8,0.0,0.8,0.25,0.43,0.4,58.3,,DF,fd51b456
396,Kiké,0.2,1.6,3.6,0.05,0.12,0.3,0.1,2023-2024,33,es ESP,Alavés,es La Liga,33,1423,15.8,15,18,4,0.2,0.1,0.3,0.2,0.0,0.1,0.1,0.3,0.1,0.0,3.6,0.05,0.12,1.6,45.6,,FW,e897d8ba
397,Kenan Yıldız,0.2,0.7,1.8,0.11,0.29,0.9,0.1,2023-2024,18,tr TUR,Juventus,it Serie A,27,952,10.6,9,18,9,0.2,0.0,0.2,0.2,0.0,0.0,0.0,0.9,0.1,0.0,1.8,0.11,0.29,0.7,36.8,,FW,d8cda243
398,Kevin Paredes,0.2,0.5,1.2,0.16,0.38,1.3,1.5,2023-2024,20,us USA,Wolfsburg,de Bundesliga,28,1432,15.9,15,13,3,0.2,0.0,0.2,0.2,0.0,0.0,0.0,1.3,1.5,0.0,1.2,0.16,0.38,0.5,42.1,,MFDF,5c50fdbc
399,Éderson,0.2,0.3,1.2,0.16,0.55,1.5,1.2,2023-2024,24,br BRA,Atalanta,it Serie A,36,2869,31.9,32,4,1,0.2,0.0,0.2,0.2,0.0,0.0,0.0,1.5,1.2,0.0,1.2,0.16,0.55,0.3,28.9,,MF,a9202def
400,Felix Passlack,0.2,0.3,1.3,0.14,0.67,1.3,0.6,2023-2024,25,de GER,Bochum,de Bundesliga,15,960,10.7,13,2,11,0.2,0.2,0.4,0.2,0.0,0.0,0.0,1.3,0.6,0.0,1.3,0.14,0.67,0.3,21.4,,DFMF,5c899683
401,Keane Lewis-Potter,0.2,1.4,2.7,0.07,0.14,0.4,0.4,2023-2024,22,eng ENG,Brentford,eng Premier League,30,1441,16.0,15,15,3,0.2,0.1,0.2,0.2,0.0,0.0,0.0,0.4,0.4,0.0,2.7,0.07,0.14,1.4,51.2,,FWMF,41f08ac8
402,Ismaila Sarr,0.2,0.6,1.6,0.12,0.30,0.5,0.8,2023-2024,25,sn SEN,Marseille,fr Ligue 1,23,1447,16.1,15,8,2,0.2,0.2,0.4,0.2,0.0,0.0,0.0,0.5,0.8,0.0,1.6,0.12,0.30,0.6,40.0,,MFFW,bfdb33aa
403,Domingos André Ribeiro Almeida,0.2,0.4,0.9,0.20,0.50,1.3,0.3,2023-2024,23,pt POR,Valencia,es La Liga,18,965,10.7,12,6,3,0.2,0.1,0.3,0.2,0.0,0.0,0.0,1.3,0.3,0.0,0.9,0.20,0.50,0.4,40.0,,FWMF,e6697917
404,Brais Méndez,0.2,0.6,2.5,0.08,0.29,1.0,0.4,2023-2024,26,es ESP,Real Sociedad,es La Liga,32,2413,26.8,27,5,1,0.2,0.2,0.4,0.2,0.0,0.0,0.0,1.0,0.4,0.0,2.5,0.08,0.29,0.6,25.8,,MFFW,c9e39d91
405,Achraf Hakimi,0.2,0.6,2.0,0.10,0.33,0.8,0.6,2023-2024,24,ma MAR,Paris Saint-Germain,fr Ligue 1,25,1932,21.5,20,5,3,0.2,0.2,0.4,0.2,0.0,0.0,0.0,0.8,0.6,0.0,2.0,0.10,0.33,0.6,28.6,,DFMF,e42d61c7
406,Óscar Rodríguez Arnaiz,0.2,0.9,3.2,0.06,0.20,1.1,0.6,2023-2024,25,es ESP,Getafe,es La Liga,24,967,10.7,9,15,9,0.2,0.1,0.3,0.2,0.0,0.0,0.0,1.1,0.6,0.0,3.2,0.06,0.20,0.9,29.4,,MFFW,19709006
407,Antonio Sánchez,0.2,0.6,1.4,0.13,0.33,0.7,0.7,2023-2024,26,es ESP,Mallorca,es La Liga,29,1452,16.1,21,8,9,0.2,0.1,0.2,0.2,0.0,0.0,0.0,0.7,0.7,0.0,1.4,0.13,0.33,0.6,39.1,,MF,a254bbe0
408,Zito Luvumbo,0.2,0.7,2.4,0.08,0.25,0.3,0.0,2023-2024,21,ao ANG,Cagliari,it Serie A,30,1946,21.6,19,11,1,0.2,0.2,0.4,0.2,0.0,0.0,0.0,0.3,0.0,0.0,2.4,0.08,0.25,0.7,31.4,,MFFW,b09e0873
409,Anthony Elanga,0.2,0.9,2.0,0.09,0.22,0.7,0.3,2023-2024,21,se SWE,Nottingham Forest,eng Premier League,36,2433,27.0,25,11,0,0.2,0.3,0.5,0.2,0.0,0.0,0.0,0.7,0.3,0.0,2.0,0.09,0.22,0.9,42.6,,MFFW,2fba6108
410,Lee Kang-in,0.2,0.6,1.4,0.13,0.33,0.7,0.3,2023-2024,22,kr KOR,Paris Saint-Germain,fr Ligue 1,23,1464,16.3,18,5,1,0.2,0.2,0.4,0.2,0.0,0.0,0.0,0.7,0.3,0.0,1.4,0.13,0.33,0.6,39.1,,MFFW,8455ad90
411,Marcel Sabitzer,0.2,0.9,2.2,0.06,0.15,1.0,0.5,2023-2024,29,at AUT,Dortmund,de Bundesliga,25,1961,21.8,23,2,2,0.2,0.1,0.3,0.1,0.0,0.0,0.0,1.0,0.5,0.0,2.2,0.06,0.15,0.9,42.6,,MF,e280527c
412,Ruben Vargas,0.2,0.8,2.2,0.08,0.24,0.6,0.2,2023-2024,24,ch SUI,Augsburg,de Bundesliga,31,1962,21.8,25,6,0,0.2,0.2,0.4,0.2,0.0,0.0,0.0,0.6,0.2,0.0,2.2,0.08,0.24,0.8,34.7,,MFFW,6ecbddf6
413,Grigoris Kastanos,0.2,0.6,1.8,0.10,0.30,0.9,0.4,2023-2024,25,cy CYP,Salernitana,it Serie A,26,1480,16.4,18,8,3,0.2,0.2,0.4,0.2,0.0,0.0,0.0,0.9,0.4,0.0,1.8,0.10,0.30,0.6,33.3,,MF,2a82aa85
414,Oihan Sancet,0.2,0.5,1.9,0.10,0.33,0.5,0.5,2023-2024,23,es ESP,Athletic Club,es La Liga,30,1975,21.9,25,5,1,0.2,0.2,0.4,0.2,0.0,0.0,0.0,0.5,0.5,0.0,1.9,0.10,0.33,0.5,28.6,,MF,bdb624a3
415,Marvin Mehlem,0.2,0.5,1.4,0.13,0.38,1.4,1.9,2023-2024,25,de GER,Darmstadt 98,de Bundesliga,20,1482,16.5,19,1,1,0.2,0.1,0.3,0.2,0.0,0.0,0.0,1.4,1.9,0.0,1.4,0.13,0.38,0.5,34.8,,MF,10876d02
416,Kaoru Mitoma,0.2,0.9,2.1,0.09,0.20,0.3,0.3,2023-2024,26,jp JPN,Brighton,eng Premier League,19,1486,16.5,15,4,0,0.2,0.2,0.4,0.2,0.0,0.0,0.0,0.3,0.3,0.0,2.1,0.09,0.20,0.9,44.1,,MFFW,74618572
417,Tahith Chong,0.2,0.3,1.4,0.13,0.57,0.9,0.3,2023-2024,23,cw CUW,Luton Town,eng Premier League,33,1982,22.0,20,13,5,0.2,0.0,0.2,0.2,0.0,0.0,0.0,0.9,0.3,0.0,1.4,0.13,0.57,0.3,23.3,,MFFW,2696b6a9
418,Mikel Merino,0.2,0.4,1.1,0.17,0.45,1.6,0.6,2023-2024,27,es ESP,Real Sociedad,es La Liga,32,2482,27.6,27,5,3,0.2,0.1,0.3,0.2,0.0,0.0,0.0,1.6,0.6,0.0,1.1,0.17,0.45,0.4,36.7,,MF,d080ed5e
419,Chiedozie Ogbene,0.2,0.6,1.6,0.11,0.29,0.4,0.3,2023-2024,26,ie IRL,Luton Town,eng Premier League,30,1995,22.2,20,10,0,0.2,0.0,0.2,0.2,0.0,0.0,0.0,0.4,0.3,0.0,1.6,0.11,0.29,0.6,40.0,,MF,788c0277
420,Luis Rioja,0.2,0.7,2.1,0.04,0.11,0.7,0.6,2023-2024,29,es ESP,Alavés,es La Liga,37,2498,27.8,31,6,1,0.2,0.1,0.3,0.1,0.1,0.1,0.0,0.7,0.6,0.0,2.1,0.04,0.11,0.7,33.3,,MF,eb3dd471
421,John McGinn,0.2,0.5,1.2,0.15,0.38,1.0,0.6,2023-2024,28,sct SCO,Aston Villa,eng Premier League,35,2999,33.3,35,0,0,0.2,0.1,0.3,0.2,0.0,0.0,0.0,1.0,0.6,0.0,1.2,0.15,0.38,0.5,40.0,,MF,90f91999
422,Arne Maier,0.2,0.4,2.0,0.09,0.40,0.8,0.5,2023-2024,24,de GER,Augsburg,de Bundesliga,22,1003,11.1,10,12,5,0.2,0.4,0.5,0.2,0.0,0.0,0.0,0.8,0.5,0.0,2.0,0.09,0.40,0.4,22.7,,MFFW,ab700320
423,Ousmane Dembélé,0.2,0.8,2.6,0.07,0.21,0.8,0.3,2023-2024,26,fr FRA,Paris Saint-Germain,fr Ligue 1,26,1506,16.7,17,9,2,0.2,0.5,0.7,0.2,0.0,0.0,0.0,0.8,0.3,0.0,2.6,0.07,0.21,0.8,32.6,,FWMF,b19db005
424,Marvin Pieringer,0.2,0.5,1.6,0.11,0.38,0.7,0.7,2023-2024,23,de GER,Heidenheim,de Bundesliga,31,1513,16.8,18,13,0,0.2,0.2,0.4,0.2,0.0,0.0,0.0,0.7,0.7,0.0,1.6,0.11,0.38,0.5,29.6,,FWMF,11407d95
425,Aitor Ruibal,0.2,0.2,1.2,0.15,1.00,2.4,1.2,2023-2024,27,es ESP,Real Betis,es La Liga,18,1017,11.3,11,7,13,0.2,0.1,0.3,0.2,0.0,0.0,0.0,2.4,1.2,0.0,1.2,0.15,1.00,0.2,15.4,,DFMF,a55d8df5
426,Rodrigo Riquelme,0.2,0.9,2.2,0.08,0.19,1.1,0.5,2023-2024,23,es ESP,Atlético Madrid,es La Liga,34,1528,17.0,17,17,4,0.2,0.3,0.5,0.2,0.0,0.0,0.0,1.1,0.5,0.0,2.2,0.08,0.19,0.9,43.2,,MFDF,65154df0
427,Jacob Brown,0.2,0.6,2.2,0.08,0.29,1.1,0.8,2023-2024,25,sct SCO,Luton Town,eng Premier League,19,1019,11.3,12,7,2,0.2,0.0,0.2,0.2,0.0,0.0,0.0,1.1,0.8,0.0,2.2,0.08,0.29,0.6,28.0,,MFFW,ca18c8f1
428,Mikel Vesga,0.2,0.4,1.1,0.05,0.14,1.2,1.8,2023-2024,30,es ESP,Athletic Club,es La Liga,27,1534,17.0,18,9,6,0.2,0.1,0.2,0.1,0.1,0.1,0.0,1.2,1.8,0.0,1.1,0.05,0.14,0.4,36.8,,MF,b0fce72c
429,Dany Mota,0.2,0.5,1.7,0.11,0.33,0.3,0.1,2023-2024,25,pt POR,Monza,it Serie A,34,2049,22.8,24,10,1,0.2,0.1,0.3,0.2,0.0,0.0,0.0,0.3,0.1,0.0,1.7,0.11,0.33,0.5,31.6,,MFFW,efc9e31f
430,Grejohn Kyei,0.2,0.7,2.7,0.03,0.13,0.4,0.1,2023-2024,27,fr FRA,Clermont Foot,fr Ligue 1,26,1026,11.4,10,16,5,0.2,0.1,0.3,0.1,0.1,0.1,0.0,0.4,0.1,0.0,2.7,0.03,0.13,0.7,25.8,,FW,397ba086
431,Jadon Sancho,0.2,0.4,0.8,0.22,0.50,0.4,0.4,2023-2024,23,eng ENG,2 Teams,2 Comps,17,1026,11.4,11,6,2,0.2,0.2,0.4,0.2,0.0,0.0,0.0,0.4,0.4,0.0,0.8,0.22,0.50,0.4,44.4,,FWMF,dbf053da
432,Willian,0.2,0.8,2.0,0.04,0.11,0.5,0.4,2023-2024,34,br BRA,Fulham,eng Premier League,31,2053,22.8,24,7,2,0.2,0.1,0.3,0.1,0.1,0.1,0.0,0.5,0.4,0.0,2.0,0.04,0.11,0.8,40.0,,MFFW,8b9ebd03
433,Álex Moreno,0.2,0.3,0.7,0.25,0.50,1.0,1.0,2023-2024,30,es ESP,Aston Villa,eng Premier League,21,1031,11.5,11,10,4,0.2,0.0,0.2,0.2,0.0,0.0,0.0,1.0,1.0,0.0,0.7,0.25,0.50,0.3,50.0,,DF,16e9d0ea
434,Rubén García,0.2,0.6,1.6,0.11,0.30,1.0,0.7,2023-2024,30,es ESP,Osasuna,es La Liga,30,1547,17.2,19,11,6,0.2,0.1,0.3,0.2,0.0,0.0,0.0,1.0,0.7,0.0,1.6,0.11,0.30,0.6,35.7,,FWMF,5c96b017
435,M'Bala Nzola,0.2,0.8,1.9,0.06,0.15,0.5,0.0,2023-2024,26,ao ANG,Fiorentina,it Serie A,33,1552,17.2,15,18,1,0.2,0.2,0.3,0.1,0.1,0.1,0.0,0.5,0.0,0.0,1.9,0.06,0.15,0.8,40.6,,FW,a4948e67
436,Largie Ramazani,0.2,0.8,2.3,0.08,0.23,0.4,2.0,2023-2024,22,be BEL,Almería,es La Liga,29,1555,17.3,16,13,2,0.2,0.3,0.5,0.2,0.0,0.0,0.0,0.4,2.0,0.0,2.3,0.08,0.23,0.8,32.5,,MFFW,cc9256ef
437,Alexis Mac Allister,0.2,0.3,1.5,0.09,0.44,1.8,1.1,2023-2024,24,ar ARG,Liverpool,eng Premier League,33,2599,28.9,31,2,0,0.2,0.2,0.3,0.1,0.0,0.0,0.0,1.8,1.1,0.0,1.5,0.09,0.44,0.3,20.5,,MF,83d074ff
438,Samuel Lino,0.2,0.9,2.3,0.07,0.19,1.5,0.6,2023-2024,23,br BRA,Atlético Madrid,es La Liga,34,2080,23.1,25,9,2,0.2,0.2,0.4,0.2,0.0,0.0,0.0,1.5,0.6,0.0,2.3,0.07,0.19,0.9,38.9,,MFDF,2a295d33
439,Florent Mollet,0.2,1.1,2.7,0.06,0.16,0.5,0.4,2023-2024,31,fr FRA,Nantes,fr Ligue 1,29,2083,23.1,24,5,2,0.2,0.2,0.3,0.2,0.0,0.0,0.0,0.5,0.4,0.0,2.7,0.06,0.16,1.1,39.7,,MFFW,7e82a78f
440,Chris Ramos,0.2,0.9,2.6,0.07,0.19,0.4,0.3,2023-2024,26,es ESP,Cádiz,es La Liga,37,2612,29.0,30,7,0,0.2,0.0,0.2,0.2,0.0,0.0,0.0,0.4,0.3,0.0,2.6,0.07,0.19,0.9,35.5,,FW,44e07fac
441,Ross Barkley,0.2,0.7,2.3,0.08,0.26,0.7,0.9,2023-2024,29,eng ENG,Luton Town,eng Premier League,32,2618,29.1,30,2,0,0.2,0.1,0.3,0.2,0.0,0.0,0.0,0.7,0.9,0.0,2.3,0.08,0.26,0.7,28.8,,MF,3a24769f
442,Assane Diao,0.2,0.3,1.8,0.10,0.67,1.0,0.6,2023-2024,17,sn SEN,Real Betis,es La Liga,18,1048,11.6,13,5,11,0.2,0.0,0.2,0.2,0.0,0.0,0.0,1.0,0.6,0.0,1.8,0.10,0.67,0.3,14.3,,MF,8ae7d0ec
443,Pablo Fornals,0.2,0.5,1.4,0.13,0.33,1.3,1.5,2023-2024,27,es ESP,2 Teams,2 Comps,30,1574,17.5,18,12,6,0.2,0.1,0.3,0.2,0.0,0.0,0.0,1.3,1.5,0.0,1.4,0.13,0.33,0.5,37.5,,MF,82927de4
444,Loum Tchaouna,0.2,0.6,1.9,0.09,0.27,0.4,0.2,2023-2024,19,fr FRA,Salernitana,it Serie A,33,2100,23.3,23,10,2,0.2,0.1,0.3,0.2,0.0,0.0,0.0,0.4,0.2,0.0,1.9,0.09,0.27,0.6,34.1,,MFFW,a3c8b4d3
445,Mats Hummels,0.2,0.3,0.9,0.19,0.50,2.0,1.8,2023-2024,34,de GER,Dortmund,de Bundesliga,25,1581,17.6,20,5,4,0.2,0.0,0.2,0.2,0.0,0.0,0.0,2.0,1.8,0.0,0.9,0.19,0.50,0.3,37.5,,DF,05d548d8
446,Modibo Sagnan,0.2,0.3,0.9,0.20,0.67,2.0,1.1,2023-2024,24,ml MLI,Montpellier,fr Ligue 1,13,1054,11.7,12,1,1,0.2,0.0,0.2,0.2,0.0,0.0,0.0,2.0,1.1,0.0,0.9,0.20,0.67,0.3,30.0,,DF,76d679c7
447,Rolando Mandragora,0.2,0.6,1.7,0.10,0.27,0.6,0.5,2023-2024,26,it ITA,Fiorentina,it Serie A,33,1588,17.6,16,17,3,0.2,0.2,0.3,0.2,0.0,0.0,0.0,0.6,0.5,0.0,1.7,0.10,0.27,0.6,36.7,,MF,c7259b83
448,Reinier,0.2,0.5,1.2,0.14,0.33,0.8,0.8,2023-2024,21,br BRA,Frosinone,it Serie A,22,1059,11.8,13,9,10,0.2,0.2,0.3,0.2,0.0,0.0,0.0,0.8,0.8,0.0,1.2,0.14,0.33,0.5,42.9,,MFFW,6b21b7b5
449,Adrien Rabiot,0.2,0.6,1.3,0.13,0.29,1.3,0.8,2023-2024,28,fr FRA,Juventus,it Serie A,31,2651,29.5,30,1,0,0.2,0.1,0.3,0.2,0.0,0.0,0.0,1.3,0.8,0.0,1.3,0.13,0.29,0.6,44.7,,MF,8794e251
450,Fikayo Tomori,0.2,0.3,0.7,0.24,0.50,1.0,1.1,2023-2024,25,eng ENG,Milan,it Serie A,26,2121,23.6,24,2,1,0.2,0.0,0.2,0.2,0.0,0.0,0.0,1.0,1.1,0.0,0.7,0.24,0.50,0.3,47.1,,DF,7edfbb8a
451,Ko Itakura,0.2,0.4,1.2,0.14,0.43,1.1,1.3,2023-2024,26,jp JPN,Gladbach,de Bundesliga,20,1596,17.7,18,2,0,0.2,0.0,0.2,0.2,0.0,0.0,0.0,1.1,1.3,0.0,1.2,0.14,0.43,0.4,33.3,,DFMF,97d545ae
452,James Maddison,0.2,0.9,2.4,0.07,0.18,0.8,0.6,2023-2024,26,eng ENG,Tottenham Hotspur,eng Premier League,28,2135,23.7,26,2,0,0.2,0.4,0.5,0.2,0.0,0.0,0.0,0.8,0.6,0.0,2.4,0.07,0.18,0.9,38.6,,MF,ee38d9c5
453,Denis Zakaria,0.2,0.4,1.1,0.15,0.40,1.1,1.9,2023-2024,26,ch SUI,Monaco,fr Ligue 1,25,2137,23.7,24,1,0,0.2,0.0,0.2,0.2,0.0,0.0,0.0,1.1,1.9,0.0,1.1,0.15,0.40,0.4,38.5,,MFDF,384d58d9
454,Grischa Prömel,0.2,0.3,1.1,0.15,0.50,0.9,0.8,2023-2024,28,de GER,Hoffenheim,de Bundesliga,28,2139,23.8,27,1,0,0.2,0.2,0.4,0.2,0.0,0.0,0.0,0.9,0.8,0.0,1.1,0.15,0.50,0.3,30.8,,MF,924f9191
455,Kike Salas,0.2,0.3,0.9,0.19,0.60,1.3,1.6,2023-2024,21,es ESP,Sevilla,es La Liga,23,1605,17.8,19,4,6,0.2,0.0,0.2,0.2,0.0,0.0,0.0,1.3,1.6,0.0,0.9,0.19,0.60,0.3,31.3,,DF,0a69de7b
456,Kirian Rodríguez,0.2,0.4,1.2,0.14,0.43,0.9,0.7,2023-2024,27,es ESP,Las Palmas,es La Liga,37,3211,35.7,36,1,0,0.2,0.1,0.2,0.2,0.0,0.0,0.0,0.9,0.7,0.0,1.2,0.14,0.43,0.4,32.6,,MF,9b130479
457,Julian Justvan,0.2,0.3,1.5,0.11,0.50,0.4,0.9,2023-2024,25,de GER,2 Teams,de Bundesliga,18,1072,11.9,11,7,2,0.2,0.2,0.3,0.2,0.0,0.0,0.0,0.4,0.9,0.0,1.5,0.11,0.50,0.3,22.2,,FWMF,ab1a72b4
458,Matteo Pessina,0.2,0.4,0.8,0.07,0.15,0.7,0.8,2023-2024,26,it ITA,Monza,it Serie A,37,3222,35.8,37,0,0,0.2,0.1,0.3,0.1,0.1,0.1,0.0,0.7,0.8,0.0,0.8,0.07,0.15,0.4,48.1,,MF,780e3631
459,Eric García,0.2,0.2,0.6,0.29,0.83,1.3,1.0,2023-2024,22,es ESP,2 Teams,es La Liga,32,2694,29.9,30,2,2,0.2,0.0,0.2,0.2,0.0,0.0,0.0,1.3,1.0,0.0,0.6,0.29,0.83,0.2,35.3,,DFMF,2bed3eab
460,Iliman Ndiaye,0.2,0.5,1.9,0.09,0.33,1.1,0.3,2023-2024,23,sn SEN,Marseille,fr Ligue 1,30,1618,18.0,19,11,0,0.2,0.2,0.3,0.2,0.0,0.0,0.0,1.1,0.3,0.0,1.9,0.09,0.33,0.5,25.7,,FWMF,5ed97752
461,Dani Carvajal,0.2,0.4,0.7,0.22,0.40,1.6,0.8,2023-2024,31,es ESP,Real Madrid,es La Liga,28,2171,24.1,25,3,5,0.2,0.1,0.3,0.2,0.0,0.0,0.0,1.6,0.8,0.0,0.7,0.22,0.40,0.4,55.6,,DF,4958bfb2
462,Marshall Munetsi,0.2,0.7,1.8,0.09,0.25,1.6,0.5,2023-2024,27,zw ZIM,Reims,fr Ligue 1,27,2173,24.1,25,2,0,0.2,0.1,0.3,0.2,0.0,0.0,0.0,1.6,0.5,0.0,1.8,0.09,0.25,0.7,36.4,,MF,2acf0cd7
463,Niklas Stark,0.2,0.2,0.3,0.50,1.00,1.3,1.2,2023-2024,28,de GER,Werder Bremen,de Bundesliga,17,1088,12.1,12,5,3,0.2,0.0,0.2,0.2,0.0,0.0,0.0,1.3,1.2,0.0,0.3,0.50,1.00,0.2,50.0,,DF,aad48be9
464,Christian Kouamé,0.2,0.6,2.0,0.08,0.29,0.2,0.2,2023-2024,25,ci CIV,Fiorentina,it Serie A,23,1089,12.1,11,12,4,0.2,0.1,0.2,0.2,0.0,0.0,0.0,0.2,0.2,0.0,2.0,0.08,0.29,0.6,29.2,,MF,58e933d2
465,Carlos Soler,0.2,0.4,1.2,0.14,0.40,0.8,0.4,2023-2024,26,es ESP,Paris Saint-Germain,fr Ligue 1,24,1090,12.1,12,12,9,0.2,0.2,0.3,0.2,0.0,0.0,0.0,0.8,0.4,0.0,1.2,0.14,0.40,0.4,35.7,,MFDF,fed17f5a
466,Iván Martín,0.2,0.4,0.6,0.26,0.45,0.8,0.8,2023-2024,24,es ESP,Girona,es La Liga,36,2729,30.3,33,3,1,0.2,0.1,0.3,0.2,0.0,0.0,0.0,0.8,0.8,0.0,0.6,0.26,0.45,0.4,57.9,,MF,ae48c5cb
467,Vanderson,0.2,0.5,1.6,0.10,0.30,2.2,1.9,2023-2024,22,br BRA,Monaco,fr Ligue 1,20,1641,18.2,20,0,5,0.2,0.1,0.2,0.2,0.0,0.0,0.0,2.2,1.9,0.0,1.6,0.10,0.30,0.5,33.3,,MFDF,ee45fd85
468,Riccardo Sottil,0.2,1.1,2.8,0.06,0.15,0.4,0.2,2023-2024,24,it ITA,Fiorentina,it Serie A,22,1103,12.3,13,9,10,0.2,0.2,0.4,0.2,0.0,0.0,0.0,0.4,0.2,0.0,2.8,0.06,0.15,1.1,38.2,,MF,94816803
469,Gaetano Oristanio,0.2,0.4,1.9,0.09,0.40,0.8,0.7,2023-2024,20,it ITA,Cagliari,it Serie A,25,1104,12.3,11,14,6,0.2,0.1,0.2,0.2,0.0,0.0,0.0,0.8,0.7,0.0,1.9,0.09,0.40,0.4,21.7,,FWMF,5cfc74fc
470,Sergio Camello,0.2,0.7,1.8,0.09,0.23,0.3,0.2,2023-2024,22,es ESP,Rayo Vallecano,es La Liga,31,1661,18.5,20,11,6,0.2,0.1,0.2,0.2,0.0,0.0,0.0,0.3,0.2,0.0,1.8,0.09,0.23,0.7,38.2,,FW,873619c6
471,Felipe Anderson,0.2,0.4,1.4,0.12,0.45,1.4,0.9,2023-2024,30,br BRA,Lazio,it Serie A,38,2770,30.8,33,5,0,0.2,0.2,0.4,0.2,0.0,0.0,0.0,1.4,0.9,0.0,1.4,0.12,0.45,0.4,25.6,,FWMF,9f1893b9
472,Michael Folorunsho,0.2,0.5,1.5,0.11,0.36,0.9,0.5,2023-2024,25,it ITA,Hellas Verona,it Serie A,34,2781,30.9,33,1,0,0.2,0.0,0.2,0.2,0.0,0.0,0.0,0.9,0.5,0.0,1.5,0.11,0.36,0.5,29.8,,MF,c391a179
473,Carlos Vicente,0.2,0.6,1.2,0.13,0.25,0.6,0.4,2023-2024,24,es ESP,Alavés,es La Liga,18,1114,12.4,12,6,1,0.2,0.3,0.5,0.2,0.0,0.0,0.0,0.6,0.4,0.0,1.2,0.13,0.25,0.6,53.3,,MF,90df343e
474,Cristian Romero,0.2,0.3,0.8,0.21,0.50,1.3,1.4,2023-2024,25,ar ARG,Tottenham Hotspur,eng Premier League,33,2790,31.0,33,0,0,0.2,0.0,0.2,0.2,0.0,0.0,0.0,1.3,1.4,0.0,0.8,0.21,0.50,0.3,41.7,,DF,a3d94a58
475,Theo Hernández,0.2,0.5,1.8,0.07,0.24,0.5,0.7,2023-2024,25,fr FRA,Milan,it Serie A,32,2791,31.0,31,1,0,0.2,0.1,0.3,0.1,0.0,0.1,0.0,0.5,0.7,0.0,1.8,0.07,0.24,0.5,29.8,,DF,d4c9725f
476,Christian Mawissa,0.2,0.2,0.4,0.40,1.00,1.2,1.6,2023-2024,18,fr FRA,Toulouse,fr Ligue 1,17,1118,12.4,12,5,8,0.2,0.0,0.2,0.2,0.0,0.0,0.0,1.2,1.6,0.0,0.4,0.40,1.00,0.2,40.0,,DFMF,2c70d915
477,Marcos Senesi,0.2,0.2,0.5,0.31,1.00,1.4,1.3,2023-2024,26,ar ARG,Bournemouth,eng Premier League,31,2242,24.9,26,5,1,0.2,0.2,0.4,0.2,0.0,0.0,0.0,1.4,1.3,0.0,0.5,0.31,1.00,0.2,30.8,,DF,35141f4c
478,Jonathan Ikone,0.2,0.9,2.1,0.08,0.19,0.6,0.1,2023-2024,25,fr FRA,Fiorentina,it Serie A,28,1682,18.7,18,10,4,0.2,0.1,0.2,0.2,0.0,0.0,0.0,0.6,0.1,0.0,2.1,0.08,0.19,0.9,41.0,,MF,42eaa028
479,Josh Brownhill,0.2,0.4,1.1,0.14,0.36,1.4,1.3,2023-2024,27,eng ENG,Burnley,eng Premier League,33,2252,25.0,23,10,4,0.2,0.1,0.2,0.2,0.0,0.0,0.0,1.4,1.3,0.0,1.1,0.14,0.36,0.4,39.3,,MF,47369df8
480,Andrew Robertson,0.2,0.4,0.6,0.25,0.43,1.3,0.7,2023-2024,29,sct SCO,Liverpool,eng Premier League,23,1693,18.8,18,5,0,0.2,0.1,0.3,0.2,0.0,0.0,0.0,1.3,0.7,0.0,0.6,0.25,0.43,0.4,58.3,,DF,2e4f5f03
481,Ozan Kabak,0.2,0.3,0.7,0.22,0.57,1.4,1.8,2023-2024,23,tr TUR,Hoffenheim,de Bundesliga,28,2282,25.4,28,0,1,0.2,0.0,0.2,0.2,0.0,0.0,0.0,1.4,1.8,0.0,0.7,0.22,0.57,0.3,38.9,,DF,2d61d13a
482,Takehiro Tomiyasu,0.2,0.2,1.3,0.12,0.67,0.6,1.4,2023-2024,24,jp JPN,Arsenal,eng Premier League,22,1149,12.8,10,12,1,0.2,0.1,0.2,0.2,0.0,0.0,0.0,0.6,1.4,0.0,1.3,0.12,0.67,0.2,17.6,,DF,b3af9be1
483,Samuel Gigot,0.2,0.5,1.0,0.16,0.33,1.1,1.3,2023-2024,29,fr FRA,Marseille,fr Ligue 1,21,1726,19.2,20,1,2,0.2,0.0,0.2,0.2,0.0,0.0,0.0,1.1,1.3,0.0,1.0,0.16,0.33,0.5,47.4,,DF,41eebdf5
484,Ismaël Bennacer,0.2,0.2,0.9,0.08,0.50,1.6,0.9,2023-2024,25,dz ALG,Milan,it Serie A,20,1151,12.8,13,7,1,0.2,0.2,0.3,0.1,0.1,0.1,0.0,1.6,0.9,0.0,0.9,0.08,0.50,0.2,16.7,,MF,db092d3b
485,Morten Thorsby,0.2,0.5,1.0,0.15,0.29,0.9,0.3,2023-2024,27,no NOR,Genoa,it Serie A,24,1157,12.9,9,15,12,0.2,0.2,0.3,0.2,0.0,0.0,0.0,0.9,0.3,0.0,1.0,0.15,0.29,0.5,53.8,,MF,d1b49282
486,Stephan El Shaarawy,0.2,0.6,2.1,0.08,0.27,0.7,0.7,2023-2024,30,it ITA,Roma,it Serie A,33,1738,19.3,19,14,5,0.2,0.2,0.4,0.2,0.0,0.0,0.0,0.7,0.7,0.0,2.1,0.08,0.27,0.6,27.5,,FWMF,d3aaad90
487,Marco Brescianini,0.2,0.4,1.2,0.13,0.36,0.5,0.3,2023-2024,23,it ITA,Frosinone,it Serie A,36,2321,25.8,24,12,1,0.2,0.1,0.2,0.2,0.0,0.0,0.0,0.5,0.3,0.0,1.2,0.13,0.36,0.4,35.5,,MF,dfd56738
488,Corentin Tolisso,0.2,0.7,2.0,0.05,0.14,1.1,0.5,2023-2024,28,fr FRA,Lyon,fr Ligue 1,25,1741,19.3,21,4,2,0.2,0.1,0.2,0.1,0.1,0.1,0.0,1.1,0.5,0.0,2.0,0.05,0.14,0.7,35.9,,MF,652d4c37
489,Ezequiel Ávila,0.2,0.7,2.8,0.06,0.22,0.2,0.4,2023-2024,29,ar ARG,2 Teams,es La Liga,23,1162,12.9,14,9,0,0.2,0.2,0.4,0.2,0.0,0.0,0.0,0.2,0.4,0.0,2.8,0.06,0.22,0.7,25.0,,FWMF,253a06b9
490,Armand Lauriente,0.2,0.9,2.6,0.06,0.17,0.6,0.6,2023-2024,24,fr FRA,Sassuolo,it Serie A,37,2908,32.3,35,2,0,0.2,0.1,0.3,0.2,0.0,0.0,0.0,0.6,0.6,0.0,2.6,0.06,0.17,0.9,35.7,,MFFW,2d22cea7
491,Joško Gvardiol,0.2,0.5,1.2,0.13,0.29,1.3,1.0,2023-2024,21,hr CRO,Manchester City,eng Premier League,28,2328,25.9,26,2,7,0.2,0.0,0.2,0.2,0.0,0.0,0.0,1.3,1.0,0.0,1.2,0.13,0.29,0.5,43.8,,DF,5ad50391
492,Valentin Carboni,0.2,0.5,1.8,0.09,0.29,1.0,0.5,2023-2024,18,ar ARG,Monza,it Serie A,31,1169,13.0,10,21,6,0.2,0.2,0.4,0.2,0.0,0.0,0.0,1.0,0.5,0.0,1.8,0.09,0.29,0.5,30.4,,MF,707b98f1
493,Elba Rashani,0.2,0.4,1.2,0.13,0.40,1.4,0.9,2023-2024,30,xk KVX,Clermont Foot,fr Ligue 1,24,1175,13.1,14,10,0,0.2,0.0,0.2,0.2,0.0,0.0,0.0,1.4,0.9,0.0,1.2,0.13,0.40,0.4,31.3,,MFFW,25749008
494,Maxence Lacroix,0.2,0.3,0.5,0.33,0.50,1.1,1.0,2023-2024,23,fr FRA,Wolfsburg,de Bundesliga,28,2362,26.2,27,1,0,0.2,0.0,0.2,0.2,0.0,0.0,0.0,1.1,1.0,0.0,0.5,0.33,0.50,0.3,66.7,,DF,277c49ed
495,Josha Vagnoman,0.2,0.5,1.3,0.12,0.29,1.4,0.2,2023-2024,22,de GER,Stuttgart,de Bundesliga,18,1183,13.1,12,6,0,0.2,0.2,0.3,0.2,0.0,0.0,0.0,1.4,0.2,0.0,1.3,0.12,0.29,0.5,41.2,,MFDF,fb377d11
496,Jake O'Brien,0.2,0.3,0.7,0.22,0.50,0.6,0.4,2023-2024,22,ie IRL,Lyon,fr Ligue 1,27,2369,26.3,27,0,4,0.2,0.1,0.2,0.2,0.0,0.0,0.0,0.6,0.4,0.0,0.7,0.22,0.50,0.3,44.4,,DF,25f2ef01
497,Daniele Rugani,0.2,0.2,0.6,0.25,1.00,0.8,0.6,2023-2024,29,it ITA,Juventus,it Serie A,17,1187,13.2,13,4,21,0.2,0.0,0.2,0.2,0.0,0.0,0.0,0.8,0.6,0.0,0.6,0.25,1.00,0.2,25.0,,DF,14b8fcdf
498,Nick Woltemade,0.2,0.5,1.7,0.09,0.33,1.6,0.4,2023-2024,21,de GER,Werder Bremen,de Bundesliga,30,1189,13.2,12,18,3,0.2,0.0,0.2,0.2,0.0,0.0,0.0,1.6,0.4,0.0,1.7,0.09,0.33,0.5,27.3,,FWMF,7ca196eb
499,Jarell Quansah,0.2,0.3,0.5,0.33,0.50,1.7,1.2,2023-2024,20,eng ENG,Liverpool,eng Premier League,17,1190,13.2,13,4,17,0.2,0.0,0.2,0.2,0.0,0.0,0.0,1.7,1.2,0.0,0.5,0.33,0.50,0.3,66.7,,DF,4125cb98
500,Moses Simon,0.2,0.7,1.7,0.06,0.15,0.3,0.2,2023-2024,28,ng NGA,Nantes,fr Ligue 1,22,1788,19.9,21,1,0,0.2,0.3,0.4,0.1,0.1,0.1,0.0,0.3,0.2,0.0,1.7,0.06,0.15,0.7,38.2,,MFFW,5f3eaaf5
501,İlkay Gündoğan,0.2,0.5,1.3,0.09,0.24,0.6,0.6,2023-2024,32,de GER,Barcelona,es La Liga,36,2994,33.3,33,3,1,0.2,0.3,0.4,0.1,0.0,0.1,0.0,0.6,0.6,0.0,1.3,0.09,0.24,0.5,39.5,,MF,819b3158
502,Alberto Moleiro,0.1,0.5,1.6,0.09,0.30,0.3,0.3,2023-2024,19,es ESP,Las Palmas,es La Liga,28,1803,20.0,21,7,0,0.1,0.1,0.3,0.1,0.0,0.0,0.0,0.3,0.3,0.0,1.6,0.09,0.30,0.5,30.3,,MFFW,c2c8897d
503,Azzedine Ounahi,0.1,0.3,1.2,0.13,0.50,0.8,0.7,2023-2024,23,ma MAR,Marseille,fr Ligue 1,21,1209,13.4,15,6,6,0.1,0.0,0.1,0.1,0.0,0.0,0.0,0.8,0.7,0.0,1.2,0.13,0.50,0.3,25.0,,MF,83299cc0
504,Remi Oudin,0.1,0.4,1.7,0.09,0.38,0.6,1.0,2023-2024,26,fr FRA,Lecce,it Serie A,31,1819,20.2,21,10,5,0.1,0.1,0.2,0.1,0.0,0.0,0.0,0.6,1.0,0.0,1.7,0.09,0.38,0.4,23.5,,MFFW,ea02beaf
505,James Mcatee,0.1,0.4,1.3,0.08,0.22,1.0,0.5,2023-2024,20,eng ENG,2 Teams,eng Premier League,31,1823,20.3,20,11,4,0.1,0.1,0.3,0.1,0.0,0.0,0.0,1.0,0.5,0.0,1.3,0.08,0.22,0.4,34.6,,MFFW,96593e89
506,Cyle Larin,0.1,1.2,3.4,0.04,0.12,0.4,0.1,2023-2024,28,ca CAN,Mallorca,es La Liga,35,1823,20.3,20,15,2,0.1,0.1,0.2,0.1,0.0,0.0,0.0,0.4,0.1,0.0,3.4,0.04,0.12,1.2,36.2,,FW,e7af9060
507,Christopher Antwi-Adjei,0.1,0.7,2.1,0.07,0.22,0.9,0.1,2023-2024,29,gh GHA,Bochum,de Bundesliga,25,1216,13.5,11,14,2,0.1,0.1,0.3,0.1,0.0,0.0,0.0,0.9,0.1,0.0,2.1,0.07,0.22,0.7,31.0,,FWMF,0a3f6cde
508,Ernest Nuamah,0.1,1.0,2.1,0.07,0.15,0.7,0.4,2023-2024,19,gh GHA,Lyon,fr Ligue 1,29,1838,20.4,21,8,0,0.1,0.1,0.2,0.1,0.0,0.0,0.0,0.7,0.4,0.0,2.1,0.07,0.15,1.0,46.5,,FWMF,234a703c
509,Roland Sallai,0.1,0.9,2.7,0.05,0.16,0.5,0.2,2023-2024,26,hu HUN,Freiburg,de Bundesliga,27,1840,20.4,22,5,0,0.1,0.1,0.2,0.1,0.0,0.0,0.0,0.5,0.2,0.0,2.7,0.05,0.16,0.9,33.9,,MFFW,bf075f6b
510,Aleksandar Pavlovic,0.1,0.1,0.6,0.25,1.00,1.4,1.2,2023-2024,19,de GER,Bayern Munich,de Bundesliga,19,1227,13.6,14,5,6,0.1,0.1,0.3,0.1,0.0,0.0,0.0,1.4,1.2,0.0,0.6,0.25,1.00,0.1,25.0,,MF,2658c82f
511,Yerson Mosquera,0.1,0.3,0.7,0.20,0.50,1.0,1.3,2023-2024,22,co COL,2 Teams,2 Comps,16,1229,13.7,14,2,2,0.1,0.1,0.2,0.1,0.0,0.0,0.0,1.0,1.3,0.0,0.7,0.20,0.50,0.3,40.0,,DF,1e159d70
512,Pervis Estupiñán,0.1,0.4,0.8,0.18,0.33,0.9,1.4,2023-2024,25,ec ECU,Brighton,eng Premier League,19,1243,13.8,15,4,1,0.1,0.2,0.4,0.1,0.0,0.0,0.0,0.9,1.4,0.0,0.8,0.18,0.33,0.4,54.5,,DFMF,d38fdf53
513,Sergio Akieme,0.1,0.3,0.7,0.20,0.57,0.7,0.7,2023-2024,25,es ESP,2 Teams,2 Comps,32,2493,27.7,27,5,3,0.1,0.0,0.1,0.1,0.0,0.0,0.0,0.7,0.7,0.0,0.7,0.20,0.57,0.3,35.0,,DFMF,06efa9dc
514,Moritz Broschinski,0.1,0.6,1.9,0.08,0.25,0.5,0.0,2023-2024,22,de GER,Bochum,de Bundesliga,26,1247,13.9,14,12,4,0.1,0.2,0.4,0.1,0.0,0.0,0.0,0.5,0.0,0.0,1.9,0.08,0.25,0.6,30.8,,FWMF,bbd79358
515,Javier Guerra,0.1,0.5,1.5,0.10,0.29,1.0,0.6,2023-2024,20,es ESP,Valencia,es La Liga,36,2498,27.8,28,8,0,0.1,0.0,0.2,0.1,0.0,0.0,0.0,1.0,0.6,0.0,1.5,0.10,0.29,0.5,33.3,,MF,3828f130
516,Kristijan Jakić,0.1,0.4,1.0,0.14,0.40,1.0,1.4,2023-2024,26,hr CRO,2 Teams,de Bundesliga,18,1251,13.9,14,4,2,0.1,0.1,0.2,0.1,0.0,0.0,0.0,1.0,1.4,0.0,1.0,0.14,0.40,0.4,35.7,,MF,a8ee54ad
517,Conor Gallagher,0.1,0.5,1.4,0.10,0.28,1.4,1.2,2023-2024,23,eng ENG,Chelsea,eng Premier League,37,3128,34.8,37,0,0,0.1,0.2,0.3,0.1,0.0,0.0,0.0,1.4,1.2,0.0,1.4,0.10,0.28,0.5,37.5,,MF,c2731c10
518,Pierre Lees-Melou,0.1,0.5,1.9,0.08,0.31,2.4,1.4,2023-2024,30,fr FRA,Brest,fr Ligue 1,29,2517,28.0,29,0,0,0.1,0.0,0.1,0.1,0.0,0.0,0.0,2.4,1.4,0.0,1.9,0.08,0.31,0.5,25.0,,MF,f5044e54
519,Yerry Mina,0.1,0.1,0.3,0.25,0.50,1.0,0.3,2023-2024,28,co COL,2 Teams,it Serie A,18,1259,14.0,14,4,11,0.1,0.0,0.1,0.1,0.1,0.1,0.0,1.0,0.3,0.0,0.3,0.25,0.50,0.1,50.0,,DF,6d5701f2
520,Morgan Gibbs-White,0.1,0.4,2.0,0.06,0.27,0.7,0.5,2023-2024,23,eng ENG,Nottingham Forest,eng Premier League,37,3156,35.1,35,2,0,0.1,0.3,0.4,0.1,0.0,0.0,0.0,0.7,0.5,0.0,2.0,0.06,0.27,0.4,21.1,,MFFW,32f60ed8
521,Tommaso Baldanzi,0.1,0.6,2.1,0.07,0.22,0.6,0.1,2023-2024,20,it ITA,2 Teams,it Serie A,27,1263,14.0,14,13,5,0.1,0.0,0.1,0.1,0.0,0.0,0.0,0.6,0.1,0.0,2.1,0.07,0.22,0.6,31.0,,MFFW,102e2599
522,Brenden Aaronson,0.1,0.5,1.3,0.11,0.29,1.3,0.1,2023-2024,22,us USA,Union Berlin,de Bundesliga,30,1267,14.1,14,16,2,0.1,0.1,0.3,0.1,0.0,0.0,0.0,1.3,0.1,0.0,1.3,0.11,0.29,0.5,36.8,,MFFW,5bc43860
523,Jordan Ayew,0.1,0.7,1.7,0.08,0.20,1.3,0.6,2023-2024,31,gh GHA,Crystal Palace,eng Premier League,35,2543,28.3,30,5,1,0.1,0.2,0.4,0.1,0.0,0.0,0.0,1.3,0.6,0.0,1.7,0.08,0.20,0.7,41.7,,MFFW,da052c14
524,Ben Mee,0.1,0.1,0.7,0.20,1.00,1.0,0.9,2023-2024,33,eng ENG,Brentford,eng Premier League,16,1272,14.1,15,1,2,0.1,0.0,0.1,0.1,0.0,0.0,0.0,1.0,0.9,0.0,0.7,0.20,1.00,0.1,20.0,,DF,8df7a2fb
525,Joelinton,0.1,0.6,1.3,0.11,0.22,1.8,1.3,2023-2024,26,br BRA,Newcastle United,eng Premier League,20,1279,14.2,15,5,0,0.1,0.1,0.2,0.1,0.0,0.0,0.0,1.8,1.3,0.0,1.3,0.11,0.22,0.6,47.4,,MFFW,c17bfb65
526,Piotr Zieliński,0.1,0.4,1.4,0.07,0.22,0.7,0.5,2023-2024,29,pl POL,Napoli,it Serie A,28,1924,21.4,23,5,2,0.1,0.1,0.2,0.1,0.0,0.0,0.0,0.7,0.5,0.0,1.4,0.07,0.22,0.4,30.0,,MF,a5296e55
527,Kobbie Mainoo,0.1,0.2,0.5,0.27,0.60,1.2,1.0,2023-2024,18,eng ENG,Manchester Utd,eng Premier League,24,1924,21.4,24,0,5,0.1,0.0,0.2,0.1,0.0,0.0,0.0,1.2,1.0,0.0,0.5,0.27,0.60,0.2,45.5,,MF,c6220452
528,Hákon Haraldsson,0.1,0.4,0.8,0.17,0.33,0.6,0.2,2023-2024,20,is ISL,Lille,fr Ligue 1,26,1284,14.3,15,11,7,0.1,0.0,0.1,0.1,0.0,0.0,0.0,0.6,0.2,0.0,0.8,0.17,0.33,0.4,50.0,,MFFW,e2ae54db
529,Benjamin André,0.1,0.3,0.8,0.17,0.44,1.7,1.2,2023-2024,32,fr FRA,Lille,fr Ligue 1,30,2570,28.6,29,1,0,0.1,0.0,0.1,0.1,0.0,0.0,0.0,1.7,1.2,0.0,0.8,0.17,0.44,0.3,39.1,,MF,ef9c1c95
530,Darko Lazović,0.1,0.7,1.6,0.06,0.14,0.8,0.3,2023-2024,32,rs SRB,Hellas Verona,it Serie A,32,1928,21.4,22,10,0,0.1,0.1,0.2,0.1,0.0,0.0,0.0,0.8,0.3,0.0,1.6,0.06,0.14,0.7,41.2,,MF,5128bde4
531,Yuri Berchiche,0.1,0.3,0.8,0.17,0.50,1.2,0.9,2023-2024,33,es ESP,Athletic Club,es La Liga,27,1930,21.4,22,5,0,0.1,0.0,0.2,0.1,0.0,0.0,0.0,1.2,0.9,0.0,0.8,0.17,0.50,0.3,33.3,,DF,b6e50615
532,Miguel Almirón,0.1,0.6,1.9,0.07,0.25,1.1,0.5,2023-2024,29,py PAR,Newcastle United,eng Premier League,33,1937,21.5,23,10,0,0.1,0.0,0.2,0.1,0.0,0.0,0.0,1.1,0.5,0.0,1.9,0.07,0.25,0.6,29.3,,FW,862a1c15
533,Romano Schmid,0.1,0.3,1.3,0.11,0.44,0.7,0.4,2023-2024,23,at AUT,Werder Bremen,de Bundesliga,33,2601,28.9,30,3,0,0.1,0.2,0.3,0.1,0.0,0.0,0.0,0.7,0.4,0.0,1.3,0.11,0.44,0.3,23.7,,MFFW,220ace7e
534,Leandro Barreiro Martins,0.1,0.5,1.3,0.11,0.27,1.5,1.1,2023-2024,23,lu LUX,Mainz 05,de Bundesliga,31,2606,29.0,29,2,0,0.1,0.0,0.2,0.1,0.0,0.0,0.0,1.5,1.1,0.0,1.3,0.11,0.27,0.5,39.5,,MF,00242b75
535,Orel Mangala,0.1,0.1,0.7,0.20,1.00,0.7,1.5,2023-2024,25,be BEL,2 Teams,2 Comps,28,1961,21.8,23,5,4,0.1,0.0,0.1,0.1,0.0,0.0,0.0,0.7,1.5,0.0,0.7,0.20,1.00,0.1,20.0,,MF,a572e291
536,Jorge Cuenca,0.1,0.3,0.9,0.15,0.43,1.2,0.9,2023-2024,23,es ESP,Villarreal,es La Liga,29,1963,21.8,21,8,6,0.1,0.0,0.2,0.1,0.0,0.0,0.0,1.2,0.9,0.0,0.9,0.15,0.43,0.3,35.0,,DF,0abc51f2
537,David López,0.1,0.3,0.7,0.19,0.50,1.0,0.9,2023-2024,33,es ESP,Girona,es La Liga,25,1965,21.8,25,0,2,0.1,0.0,0.1,0.1,0.0,0.0,0.0,1.0,0.9,0.0,0.7,0.19,0.50,0.3,37.5,,DF,f03f284b
538,Nedim Bajrami,0.1,0.6,2.2,0.06,0.22,0.4,0.3,2023-2024,24,al ALB,Sassuolo,it Serie A,28,1310,14.6,15,13,8,0.1,0.1,0.3,0.1,0.0,0.0,0.0,0.4,0.3,0.0,2.2,0.06,0.22,0.6,28.1,,MFFW,f42d6c13
539,Lucas Paquetá,0.1,0.4,1.4,0.05,0.18,1.6,0.8,2023-2024,25,br BRA,West Ham United,eng Premier League,31,2622,29.1,31,0,0,0.1,0.2,0.3,0.1,0.1,0.1,0.0,1.6,0.8,0.0,1.4,0.05,0.18,0.4,26.2,,MF,9b6f7fd5
540,Tiemoué Bakayoko,0.1,0.5,0.8,0.17,0.29,1.2,1.7,2023-2024,28,fr FRA,Lorient,fr Ligue 1,20,1314,14.6,15,5,2,0.1,0.1,0.2,0.1,0.0,0.0,0.0,1.2,1.7,0.0,0.8,0.17,0.29,0.5,58.3,,MF,59bf127b
541,Jonathan Tah,0.1,0.3,0.9,0.15,0.40,0.3,0.8,2023-2024,27,de GER,Leverkusen,de Bundesliga,31,2631,29.2,30,1,2,0.1,0.0,0.2,0.1,0.0,0.0,0.0,0.3,0.8,0.0,0.9,0.15,0.40,0.3,38.5,,DF,bd142efb
542,Federico Gatti,0.1,0.2,1.2,0.11,0.57,0.8,0.6,2023-2024,25,it ITA,Juventus,it Serie A,32,2637,29.3,30,2,5,0.1,0.0,0.1,0.1,0.0,0.0,0.0,0.8,0.6,0.0,1.2,0.11,0.57,0.2,20.0,,DF,18dd3219
543,Jonathan Bamba,0.1,0.7,1.9,0.07,0.19,0.4,0.8,2023-2024,27,ci CIV,Celta Vigo,es La Liga,27,1981,22.0,24,3,3,0.1,0.1,0.2,0.1,0.0,0.0,0.0,0.4,0.8,0.0,1.9,0.07,0.19,0.7,39.0,,MFFW,b2bd0f6c
544,Aurélien Tchouaméni,0.1,0.3,1.2,0.11,0.43,1.1,1.3,2023-2024,23,fr FRA,Real Madrid,es La Liga,27,1987,22.1,22,5,1,0.1,0.0,0.2,0.1,0.0,0.0,0.0,1.1,1.3,0.0,1.2,0.11,0.43,0.3,25.9,,MFDF,4f255115
545,Martín Zubimendi,0.1,0.4,0.7,0.18,0.36,0.9,1.3,2023-2024,24,es ESP,Real Sociedad,es La Liga,31,2654,29.5,29,2,0,0.1,0.0,0.2,0.1,0.0,0.0,0.0,0.9,1.3,0.0,0.7,0.18,0.36,0.4,50.0,,MF,3ee0dd59
546,Bruno Méndez,0.1,0.3,0.5,0.25,0.40,1.3,1.7,2023-2024,23,uy URU,Granada,es La Liga,17,1333,14.8,15,2,1,0.1,0.0,0.1,0.1,0.0,0.0,0.0,1.3,1.7,0.0,0.5,0.25,0.40,0.3,62.5,,DF,66017b9d
547,Moi Gómez,0.1,0.4,0.9,0.16,0.38,0.9,0.4,2023-2024,29,es ESP,Osasuna,es La Liga,28,2006,22.3,23,5,5,0.1,0.0,0.1,0.1,0.0,0.0,0.0,0.9,0.4,0.0,0.9,0.16,0.38,0.4,42.1,,MFFW,5a626448
548,Fredrik Jensen,0.1,0.3,0.9,0.14,0.40,0.9,0.9,2023-2024,25,fi FIN,Augsburg,de Bundesliga,22,1338,14.9,18,4,2,0.1,0.3,0.4,0.1,0.0,0.0,0.0,0.9,0.9,0.0,0.9,0.14,0.40,0.3,35.7,,MF,3eeb80e0
549,Ibrahim Sulemana,0.1,0.2,0.9,0.15,0.67,0.9,0.4,2023-2024,20,gh GHA,Cagliari,it Serie A,21,1339,14.9,16,5,12,0.1,0.0,0.1,0.1,0.0,0.0,0.0,0.9,0.4,0.0,0.9,0.15,0.67,0.2,23.1,,MF,230c3f3a
550,Youssouf Fofana,0.1,0.5,1.7,0.08,0.29,1.3,1.2,2023-2024,24,fr FRA,Monaco,fr Ligue 1,32,2697,30.0,31,1,0,0.1,0.1,0.3,0.1,0.0,0.0,0.0,1.3,1.2,0.0,1.7,0.08,0.29,0.5,26.9,,MF,822d51d7
551,João Palhinha,0.1,0.4,1.5,0.09,0.31,2.6,1.6,2023-2024,28,pt POR,Fulham,eng Premier League,33,2699,30.0,31,2,0,0.1,0.0,0.2,0.1,0.0,0.0,0.0,2.6,1.6,0.0,1.5,0.09,0.31,0.4,29.5,,MF,a78ff07f
552,Lameck Banda,0.1,1.5,3.3,0.04,0.09,1.5,0.2,2023-2024,22,zm ZAM,Lecce,it Serie A,21,1350,15.0,17,4,1,0.1,0.3,0.4,0.1,0.0,0.0,0.0,1.5,0.2,0.0,3.3,0.04,0.09,1.5,46.0,,FWMF,8a6de8c7
553,Jeffrey Schlupp,0.1,0.7,1.3,0.11,0.18,1.4,0.5,2023-2024,30,gh GHA,Crystal Palace,eng Premier League,29,1352,15.0,17,12,3,0.1,0.1,0.3,0.1,0.0,0.0,0.0,1.4,0.5,0.0,1.3,0.11,0.18,0.7,57.9,,MFFW,3312f911
554,Roger Martí,0.1,0.8,2.2,0.06,0.17,0.4,0.5,2023-2024,32,es ESP,Cádiz,es La Liga,23,1359,15.1,18,5,2,0.1,0.2,0.3,0.1,0.0,0.0,0.0,0.4,0.5,0.0,2.2,0.06,0.17,0.8,36.4,,FW,0ae4e09a
555,Ludovic Ajorque,0.1,0.7,2.0,0.07,0.18,0.1,0.3,2023-2024,29,fr FRA,Mainz 05,de Bundesliga,26,1360,15.1,15,11,6,0.1,0.0,0.1,0.1,0.0,0.1,0.1,0.1,0.3,0.0,2.0,0.07,0.18,0.7,36.7,,FW,462475ed
556,Olivier Deman,0.1,0.5,1.1,0.12,0.29,0.9,0.9,2023-2024,23,be BEL,Werder Bremen,de Bundesliga,29,1365,15.2,14,15,1,0.1,0.1,0.2,0.1,0.0,0.0,0.0,0.9,0.9,0.0,1.1,0.12,0.29,0.5,41.2,,MF,13210854
557,Sven Botman,0.1,0.1,0.7,0.20,1.00,0.8,0.6,2023-2024,23,nl NED,Newcastle United,eng Premier League,17,1377,15.3,15,2,0,0.1,0.1,0.3,0.1,0.0,0.0,0.0,0.8,0.6,0.0,0.7,0.20,1.00,0.1,20.0,,DF,ccce7025
558,Jonathan Clauss,0.1,0.3,1.2,0.11,0.38,0.9,1.6,2023-2024,30,fr FRA,Marseille,fr Ligue 1,27,2068,23.0,25,2,1,0.1,0.2,0.3,0.1,0.0,0.0,0.0,0.9,1.6,0.0,1.2,0.11,0.38,0.3,28.6,,DFMF,5219ab4a
559,Mario Götze,0.1,0.3,0.6,0.23,0.43,1.5,0.7,2023-2024,31,de GER,Eintracht Frankfurt,de Bundesliga,30,2068,23.0,23,7,1,0.1,0.1,0.2,0.1,0.0,0.0,0.0,1.5,0.7,0.0,0.6,0.23,0.43,0.3,53.8,,MF,9efa1d25
560,Pape Matar Sarr,0.1,0.6,1.6,0.08,0.21,1.0,1.3,2023-2024,20,sn SEN,Tottenham Hotspur,eng Premier League,34,2069,23.0,27,7,0,0.1,0.1,0.3,0.1,0.0,0.0,0.0,1.0,1.3,0.0,1.6,0.08,0.21,0.6,38.9,,MF,feb5d972
561,Rodrigo De Paul,0.1,0.5,1.3,0.10,0.25,0.9,0.5,2023-2024,29,ar ARG,Atlético Madrid,es La Liga,34,2075,23.1,25,9,0,0.1,0.2,0.3,0.1,0.0,0.0,0.0,0.9,0.5,0.0,1.3,0.10,0.25,0.5,40.0,,MF,162efffd
562,Matthijs de Ligt,0.1,0.5,0.9,0.14,0.29,0.7,0.8,2023-2024,23,nl NED,Bayern Munich,de Bundesliga,22,1390,15.4,16,6,4,0.1,0.0,0.1,0.1,0.0,0.0,0.0,0.7,0.8,0.0,0.9,0.14,0.29,0.5,50.0,,DF,d6e53a3a
563,Yunis Abdelhamid,0.1,0.3,0.7,0.14,0.38,1.1,1.2,2023-2024,35,ma MAR,Reims,fr Ligue 1,31,2781,30.9,31,0,0,0.1,0.0,0.1,0.1,0.0,0.0,0.0,1.1,1.2,0.0,0.7,0.14,0.38,0.3,36.4,,DF,32c2d95f
564,Tomáš Suslov,0.1,0.7,2.2,0.04,0.13,1.2,0.3,2023-2024,21,sk SVK,Hellas Verona,it Serie A,32,2092,23.2,23,9,2,0.1,0.2,0.3,0.1,0.0,0.0,0.0,1.2,0.3,0.0,2.2,0.04,0.13,0.7,30.8,,MF,83fe71b8
565,Isaac Palazón Camacho,0.1,1.1,2.3,0.03,0.06,0.9,0.6,2023-2024,28,es ESP,Rayo Vallecano,es La Liga,37,2791,31.0,34,3,0,0.1,0.0,0.2,0.1,0.1,0.1,0.0,0.9,0.6,0.0,2.3,0.03,0.06,1.1,45.8,,MF,49dbab27
566,Philip Billing,0.1,0.5,1.9,0.07,0.25,1.2,1.2,2023-2024,27,dk DEN,Bournemouth,eng Premier League,29,1398,15.5,13,16,4,0.1,0.1,0.3,0.1,0.0,0.0,0.0,1.2,1.2,0.0,1.9,0.07,0.25,0.5,26.7,,MF,d328a254
567,Wilson Odobert,0.1,0.6,2.1,0.06,0.21,0.6,0.3,2023-2024,18,fr FRA,Burnley,eng Premier League,29,2098,23.3,25,4,4,0.1,0.1,0.2,0.1,0.0,0.0,0.0,0.6,0.3,0.0,2.1,0.06,0.21,0.6,28.6,,MFFW,35516eac
568,Ivan Ilić,0.1,0.5,1.2,0.11,0.27,0.4,0.9,2023-2024,22,rs SRB,Torino,it Serie A,31,2098,23.3,25,6,1,0.1,0.1,0.2,0.1,0.0,0.0,0.0,0.4,0.9,0.0,1.2,0.11,0.27,0.5,40.7,,MF,bb376bed
569,Dominik Szoboszlai,0.1,0.6,2.6,0.05,0.20,0.8,0.6,2023-2024,22,hu HUN,Liverpool,eng Premier League,33,2104,23.4,25,8,0,0.1,0.1,0.2,0.1,0.0,0.0,0.0,0.8,0.6,0.0,2.6,0.05,0.20,0.6,25.0,,MF,934e1968
570,Facundo Pellistri,0.1,0.5,1.3,0.10,0.25,1.3,0.3,2023-2024,21,uy URU,2 Teams,2 Comps,24,1404,15.6,15,9,11,0.1,0.1,0.3,0.1,0.0,0.0,0.0,1.3,0.3,0.0,1.3,0.10,0.25,0.5,38.1,,MF,ac7e7b1c
571,Nadir Zortea,0.1,0.4,0.8,0.17,0.33,1.1,0.3,2023-2024,24,it ITA,2 Teams,it Serie A,19,1407,15.6,14,5,14,0.1,0.3,0.4,0.1,0.0,0.0,0.0,1.1,0.3,0.0,0.8,0.17,0.33,0.4,50.0,,MFDF,82598b71
572,Marcus Tavernier,0.1,0.7,2.3,0.06,0.19,1.4,0.2,2023-2024,24,eng ENG,Bournemouth,eng Premier League,30,2118,23.5,25,5,0,0.1,0.2,0.3,0.1,0.0,0.0,0.0,1.4,0.2,0.0,2.3,0.06,0.19,0.7,30.2,,MF,5c0da4a4
573,Nicolás Tagliafico,0.1,0.3,0.6,0.20,0.50,1.4,1.2,2023-2024,30,ar ARG,Lyon,fr Ligue 1,25,2123,23.6,25,0,0,0.1,0.0,0.2,0.1,0.0,0.0,0.0,1.4,1.2,0.0,0.6,0.20,0.50,0.3,40.0,,DFMF,f0661424
574,Sheraldo Becker,0.1,0.9,2.4,0.05,0.14,0.4,0.1,2023-2024,28,sr SUR,2 Teams,2 Comps,26,1416,15.7,15,11,1,0.1,0.2,0.3,0.1,0.0,0.0,0.0,0.4,0.1,0.0,2.4,0.05,0.14,0.9,37.8,,FWMF,8eb55dbb
575,Ivan Rakitić,0.1,0.5,2.0,0.06,0.25,1.0,0.8,2023-2024,35,hr CRO,Sevilla,es La Liga,18,1425,15.8,16,2,2,0.1,0.1,0.2,0.1,0.0,0.0,0.0,1.0,0.8,0.0,2.0,0.06,0.25,0.5,25.0,,MF,89f951b5
576,Gianluca Mancini,0.1,0.2,0.6,0.21,0.57,0.6,1.1,2023-2024,27,it ITA,Roma,it Serie A,36,2869,31.9,34,2,1,0.1,0.0,0.2,0.1,0.0,0.0,0.0,0.6,1.1,0.0,0.6,0.21,0.57,0.2,36.8,,DF,5aa53281
577,Lucas Ocampos,0.1,0.8,2.0,0.05,0.13,1.5,0.6,2023-2024,29,ar ARG,Sevilla,es La Liga,35,2871,31.9,34,1,1,0.1,0.1,0.2,0.1,0.0,0.0,0.0,1.5,0.6,0.0,2.0,0.05,0.13,0.8,37.5,,MFFW,a08b974a
578,Trent Alexander-Arnold,0.1,0.3,2.0,0.06,0.38,1.1,1.2,2023-2024,24,eng ENG,Liverpool,eng Premier League,28,2155,23.9,25,3,0,0.1,0.2,0.3,0.1,0.0,0.0,0.0,1.1,1.2,0.0,2.0,0.06,0.38,0.3,17.0,,DF,cd1acf9d
579,Willy Boly,0.1,0.4,0.9,0.14,0.33,1.9,1.5,2023-2024,32,ci CIV,Nottingham Forest,eng Premier League,20,1438,16.0,18,2,3,0.1,0.1,0.2,0.1,0.0,0.0,0.0,1.9,1.5,0.0,0.9,0.14,0.33,0.4,42.9,,DF,a4ac4b8f
580,Dilane Bakwa,0.1,0.5,1.8,0.07,0.25,1.0,0.7,2023-2024,20,fr FRA,Strasbourg,fr Ligue 1,31,2177,24.2,25,6,2,0.1,0.2,0.4,0.1,0.0,0.0,0.0,1.0,0.7,0.0,1.8,0.07,0.25,0.5,27.3,,MFFW,2b5a35e5
581,Gustavo Hamer,0.1,0.5,1.5,0.08,0.27,0.6,0.8,2023-2024,26,nl NED,Sheffield United,eng Premier League,36,2910,32.3,34,2,0,0.1,0.2,0.3,0.1,0.0,0.0,0.0,0.6,0.8,0.0,1.5,0.08,0.27,0.5,30.6,,MF,eebacc07
582,Przemysław Frankowski,0.1,0.4,1.3,0.06,0.20,1.6,1.0,2023-2024,28,pl POL,Lens,fr Ligue 1,30,2192,24.4,24,6,2,0.1,0.1,0.2,0.1,0.0,0.1,0.0,1.6,1.0,0.0,1.3,0.06,0.20,0.4,32.3,,MF,00a8d210
583,Antonio Raillo,0.1,0.4,1.2,0.10,0.33,0.9,1.5,2023-2024,31,es ESP,Mallorca,es La Liga,26,2195,24.4,25,1,3,0.1,0.1,0.2,0.1,0.0,0.0,0.0,0.9,1.5,0.0,1.2,0.10,0.33,0.4,31.0,,DF,b857bd29
584,Ilario Monterisi,0.1,0.2,0.3,0.40,0.67,0.8,0.5,2023-2024,21,it ITA,Frosinone,it Serie A,24,1469,16.3,16,8,10,0.1,0.1,0.2,0.1,0.0,0.0,0.0,0.8,0.5,0.0,0.3,0.40,0.67,0.2,60.0,,DF,31b252fc
585,Mathias Jensen,0.1,0.3,0.6,0.21,0.43,1.3,0.9,2023-2024,27,dk DEN,Brentford,eng Premier League,32,2204,24.5,27,5,0,0.1,0.1,0.2,0.1,0.0,0.0,0.0,1.3,0.9,0.0,0.6,0.21,0.43,0.3,50.0,,MF,0f134faf
586,Enzo Fernández,0.1,0.7,1.9,0.04,0.13,1.0,0.7,2023-2024,22,ar ARG,Chelsea,eng Premier League,28,2209,24.5,26,2,0,0.1,0.1,0.2,0.1,0.0,0.1,0.0,1.0,0.7,0.0,1.9,0.04,0.13,0.7,34.0,,MF,5ff4ab71
587,Ian Maatsen,0.1,0.3,1.0,0.13,0.40,1.3,1.0,2023-2024,21,nl NED,2 Teams,2 Comps,28,1473,16.4,16,12,8,0.1,0.1,0.2,0.1,0.0,0.0,0.0,1.3,1.0,0.0,1.0,0.13,0.40,0.3,31.3,,MF,cab9634e
588,Jack Harrison,0.1,0.4,1.4,0.09,0.33,0.9,0.4,2023-2024,26,eng ENG,Everton,eng Premier League,29,2214,24.6,25,4,1,0.1,0.1,0.2,0.1,0.0,0.0,0.0,0.9,0.4,0.0,1.4,0.09,0.33,0.4,26.5,,MF,aa849a12
589,Rémy Cabella,0.1,0.9,2.0,0.06,0.14,2.3,0.2,2023-2024,33,fr FRA,Lille,fr Ligue 1,30,1477,16.4,14,16,1,0.1,0.1,0.2,0.1,0.0,0.0,0.0,2.3,0.2,0.0,2.0,0.06,0.14,0.9,42.4,,MFFW,148e136f
590,Merlin Röhl,0.1,0.5,1.5,0.08,0.25,0.8,0.5,2023-2024,21,de GER,Freiburg,de Bundesliga,24,1477,16.4,17,7,3,0.1,0.2,0.4,0.1,0.0,0.0,0.0,0.8,0.5,0.0,1.5,0.08,0.25,0.5,33.3,,MFFW,1f2c7b55
591,Alberto Moreno,0.1,0.3,1.0,0.12,0.40,1.2,1.3,2023-2024,31,es ESP,Villarreal,es La Liga,27,1484,16.5,17,10,3,0.1,0.1,0.2,0.1,0.0,0.0,0.0,1.2,1.3,0.0,1.0,0.12,0.40,0.3,29.4,,DF,11b9265b
592,Mario Lemina,0.1,0.5,1.5,0.08,0.22,1.8,1.2,2023-2024,29,ga GAB,Wolves,eng Premier League,35,2968,33.0,34,1,0,0.1,0.0,0.2,0.1,0.0,0.0,0.0,1.8,1.2,0.0,1.5,0.08,0.22,0.5,37.5,,MF,2b471f99
593,Ben White,0.1,0.2,0.4,0.31,0.50,0.8,0.9,2023-2024,25,eng ENG,Arsenal,eng Premier League,37,2988,33.2,35,2,0,0.1,0.1,0.2,0.1,0.0,0.0,0.0,0.8,0.9,0.0,0.4,0.31,0.50,0.2,61.5,,DF,35e413f1
594,Julien Ponceau,0.1,0.5,1.3,0.09,0.23,0.6,0.7,2023-2024,22,fr FRA,Lorient,fr Ligue 1,32,2244,24.9,27,5,2,0.1,0.1,0.2,0.1,0.0,0.0,0.0,0.6,0.7,0.0,1.3,0.09,0.23,0.5,39.4,,MF,e546b2e3
595,Ilias Akhomach,0.1,0.4,1.8,0.07,0.29,1.3,0.8,2023-2024,19,ma MAR,Villarreal,es La Liga,31,1511,16.8,17,14,6,0.1,0.1,0.2,0.1,0.0,0.0,0.0,1.3,0.8,0.0,1.8,0.07,0.29,0.4,23.3,,MF,b8bd60fe
596,Pedro Neto,0.1,0.7,2.1,0.06,0.17,0.2,0.3,2023-2024,23,pt POR,Wolves,eng Premier League,20,1516,16.8,18,2,1,0.1,0.5,0.7,0.1,0.0,0.0,0.0,0.2,0.3,0.0,2.1,0.06,0.17,0.7,33.3,,MFFW,7ba2eaa9
597,Gabriel Magalhães,0.1,0.3,0.9,0.13,0.40,0.9,0.9,2023-2024,25,br BRA,Arsenal,eng Premier League,36,3044,33.8,34,2,2,0.1,0.0,0.1,0.1,0.0,0.0,0.0,0.9,0.9,0.0,0.9,0.13,0.40,0.3,32.3,,DF,67ac5bb8
598,Amadou Haidara,0.1,0.5,1.2,0.10,0.22,1.6,1.2,2023-2024,25,ml MLI,RB Leipzig,de Bundesliga,21,1526,17.0,19,2,2,0.1,0.1,0.2,0.1,0.0,0.0,0.0,1.6,1.2,0.0,1.2,0.10,0.22,0.5,42.9,,MF,92432bc6
599,Fabian Schär,0.1,0.3,1.0,0.11,0.44,0.7,1.0,2023-2024,31,ch SUI,Newcastle United,eng Premier League,36,3054,33.9,35,1,0,0.1,0.0,0.1,0.1,0.0,0.0,0.0,0.7,1.0,0.0,1.0,0.11,0.44,0.3,25.7,,DF,c8aa95da
600,Jonathan Viera,0.1,0.6,1.5,0.00,0.00,0.8,0.2,2023-2024,33,es ESP,2 Teams,es La Liga,21,1529,17.0,19,2,2,0.1,0.2,0.4,0.0,0.1,0.1,0.0,0.8,0.2,0.0,1.5,0.00,0.00,0.6,42.3,,MFFW,efa708aa
601,Ricard Sánchez,0.1,0.2,0.5,0.21,0.60,0.7,0.5,2023-2024,23,es ESP,Granada,es La Liga,33,2295,25.5,25,8,4,0.1,0.0,0.1,0.1,0.0,0.0,0.0,0.7,0.5,0.0,0.5,0.21,0.60,0.2,35.7,,DF,fce521d7
602,Pol Lirola,0.1,0.2,0.5,0.22,0.67,1.1,1.1,2023-2024,25,es ESP,Frosinone,it Serie A,25,1536,17.1,18,7,2,0.1,0.1,0.2,0.1,0.0,0.0,0.0,1.1,1.1,0.0,0.5,0.22,0.67,0.2,33.3,,DFMF,ff800ed8
603,Habib Diarra,0.1,0.6,1.5,0.05,0.13,0.9,0.6,2023-2024,19,sn SEN,Strasbourg,fr Ligue 1,31,2305,25.6,28,3,0,0.1,0.0,0.2,0.1,0.0,0.0,0.0,0.9,0.6,0.0,1.5,0.05,0.13,0.6,38.5,,MFFW,6d0fe035
604,John Brooks,0.1,0.2,0.6,0.18,0.50,0.9,1.5,2023-2024,30,us USA,Hoffenheim,de Bundesliga,21,1539,17.1,18,3,10,0.1,0.0,0.1,0.1,0.0,0.0,0.0,0.9,1.5,0.0,0.6,0.18,0.50,0.2,36.4,,DF,e27da244
605,Daichi Kamada,0.1,0.5,1.7,0.07,0.25,2.1,1.0,2023-2024,26,jp JPN,Lazio,it Serie A,29,1544,17.2,17,12,9,0.1,0.1,0.2,0.1,0.0,0.0,0.0,2.1,1.0,0.0,1.7,0.07,0.25,0.5,27.6,,MF,15b287da
606,Jorge de Frutos,0.1,0.6,1.7,0.07,0.18,0.5,0.4,2023-2024,26,es ESP,Rayo Vallecano,es La Liga,36,1549,17.2,14,22,1,0.1,0.0,0.1,0.1,0.0,0.0,0.0,0.5,0.4,0.0,1.7,0.07,0.18,0.6,37.9,,MF,38ce1150
607,Jens Stage,0.1,0.4,1.5,0.08,0.27,1.0,0.9,2023-2024,26,dk DEN,Werder Bremen,de Bundesliga,30,2327,25.9,26,4,0,0.1,0.0,0.2,0.1,0.0,0.0,0.0,1.0,0.9,0.0,1.5,0.08,0.27,0.4,27.5,,MF,1fffae99
608,Juanmi Latasa,0.1,0.9,2.5,0.05,0.13,0.5,0.2,2023-2024,22,es ESP,Getafe,es La Liga,32,1555,17.3,15,17,4,0.1,0.0,0.1,0.1,0.0,0.0,0.0,0.5,0.2,0.0,2.5,0.05,0.13,0.9,34.1,,FW,2bea832e
609,Pascal Groß,0.1,0.6,1.6,0.05,0.15,1.3,0.6,2023-2024,32,de GER,Brighton,eng Premier League,36,3114,34.6,34,2,0,0.1,0.3,0.4,0.1,0.0,0.0,0.0,1.3,0.6,0.0,1.6,0.05,0.15,0.6,36.4,,MFDF,8aec0537
610,Micky van de Ven,0.1,0.1,0.3,0.38,1.00,1.3,0.7,2023-2024,22,nl NED,Tottenham Hotspur,eng Premier League,27,2339,26.0,27,0,1,0.1,0.0,0.1,0.1,0.0,0.0,0.0,1.3,0.7,0.0,0.3,0.38,1.00,0.1,37.5,,DF,8fe2a392
611,Franck Honorat,0.1,0.4,1.1,0.11,0.30,0.5,0.3,2023-2024,26,fr FRA,Gladbach,de Bundesliga,32,2345,26.1,28,4,0,0.1,0.3,0.5,0.1,0.0,0.0,0.0,0.5,0.3,0.0,1.1,0.11,0.30,0.4,35.7,,MFFW,db7849ca
612,Patrick Dorgu,0.1,0.5,1.1,0.11,0.22,1.3,0.5,2023-2024,18,dk DEN,Lecce,it Serie A,32,1564,17.4,17,15,4,0.1,0.0,0.1,0.1,0.0,0.0,0.0,1.3,0.5,0.0,1.1,0.11,0.22,0.5,47.4,,MFDF,e6536124
613,Francesco Acerbi,0.1,0.2,0.6,0.20,0.50,0.5,1.2,2023-2024,35,it ITA,Inter,it Serie A,29,2388,26.5,26,3,2,0.1,0.0,0.2,0.1,0.0,0.0,0.0,0.5,1.2,0.0,0.6,0.20,0.50,0.2,40.0,,DF,b96b595c
614,Nicolás Domínguez,0.1,0.3,1.2,0.09,0.33,2.0,1.0,2023-2024,25,ar ARG,2 Teams,2 Comps,28,1597,17.7,20,8,6,0.1,0.1,0.2,0.1,0.0,0.0,0.0,2.0,1.0,0.0,1.2,0.09,0.33,0.3,27.3,,MF,20b3a502
615,Pavel Kadeřábek,0.1,0.2,0.7,0.15,0.50,0.7,0.8,2023-2024,31,cz CZE,Hoffenheim,de Bundesliga,29,2412,26.8,28,1,0,0.1,0.1,0.3,0.1,0.0,0.0,0.0,0.7,0.8,0.0,0.7,0.15,0.50,0.2,30.0,,MFDF,79c90e45
616,Patric,0.1,0.1,0.3,0.33,1.00,0.4,0.2,2023-2024,30,es ESP,Lazio,it Serie A,20,1608,17.9,19,1,8,0.1,0.0,0.1,0.1,0.0,0.0,0.0,0.4,0.2,0.0,0.3,0.33,1.00,0.1,33.3,,DF,f7223718
617,Hicham Boudaoui,0.1,0.3,1.6,0.07,0.33,1.2,0.6,2023-2024,23,dz ALG,Nice,fr Ligue 1,29,1613,17.9,17,12,0,0.1,0.0,0.1,0.1,0.0,0.0,0.0,1.2,0.6,0.0,1.6,0.07,0.33,0.3,20.7,,MF,f9d5908e
618,Tosin Adarabioyo,0.1,0.3,0.8,0.14,0.40,0.7,1.3,2023-2024,25,eng ENG,Fulham,eng Premier League,20,1617,18.0,18,2,2,0.1,0.0,0.1,0.1,0.0,0.0,0.0,0.7,1.3,0.0,0.8,0.14,0.40,0.3,35.7,,DF,c81d773d
619,Youri Tielemans,0.1,0.3,0.8,0.14,0.33,1.2,0.8,2023-2024,26,be BEL,Aston Villa,eng Premier League,32,1622,18.0,17,15,0,0.1,0.3,0.4,0.1,0.0,0.0,0.0,1.2,0.8,0.0,0.8,0.14,0.33,0.3,42.9,,MFFW,56f7a928
620,Yannick Gerhardt,0.1,0.5,1.0,0.11,0.22,1.2,0.4,2023-2024,29,de GER,Wolfsburg,de Bundesliga,25,1630,18.1,18,7,5,0.1,0.1,0.2,0.1,0.0,0.0,0.0,1.2,0.4,0.0,1.0,0.11,0.22,0.5,47.4,,MF,62ab9184
621,Christopher Operi,0.1,0.4,0.8,0.13,0.30,1.3,1.3,2023-2024,26,ci CIV,Le Havre,fr Ligue 1,28,2445,27.2,28,0,0,0.1,0.1,0.3,0.1,0.0,0.0,0.0,1.3,1.3,0.0,0.8,0.13,0.30,0.4,43.5,,DFMF,914bb955
622,Nemanja Maksimović,0.1,0.4,0.9,0.12,0.27,1.2,1.2,2023-2024,28,rs SRB,Getafe,es La Liga,37,3265,36.3,37,0,0,0.1,0.0,0.1,0.1,0.0,0.0,0.0,1.2,1.2,0.0,0.9,0.12,0.27,0.4,44.1,,MF,00b28772
623,Munir El Haddadi,0.1,0.4,1.6,0.07,0.25,1.0,0.4,2023-2024,27,ma MAR,Las Palmas,es La Liga,38,2449,27.2,32,6,0,0.1,0.1,0.2,0.1,0.0,0.0,0.0,1.0,0.4,0.0,1.6,0.07,0.25,0.4,27.9,,MFFW,8696bc90
624,Frenkie de Jong,0.1,0.2,0.4,0.29,0.50,1.4,0.8,2023-2024,26,nl NED,Barcelona,es La Liga,20,1634,18.2,20,0,1,0.1,0.0,0.1,0.1,0.0,0.0,0.0,1.4,0.8,0.0,0.4,0.29,0.50,0.2,57.1,,MF,1bacc518
625,Diego Coppola,0.1,0.2,0.7,0.15,0.67,1.2,1.5,2023-2024,19,it ITA,Hellas Verona,it Serie A,24,1634,18.2,18,6,13,0.1,0.0,0.1,0.1,0.0,0.0,0.0,1.2,1.5,0.0,0.7,0.15,0.67,0.2,23.1,,DF,22ae86f9
626,Adri Embarba,0.1,0.9,2.3,0.03,0.08,1.4,0.5,2023-2024,31,es ESP,Almería,es La Liga,36,2476,27.5,29,7,2,0.1,0.1,0.2,0.1,0.0,0.0,0.0,1.4,0.5,0.0,2.3,0.03,0.08,0.9,39.1,,MFFW,db8f0eba
627,Santi Comesaña,0.1,0.4,0.9,0.12,0.29,1.3,1.2,2023-2024,26,es ESP,Villarreal,es La Liga,27,1653,18.4,20,7,6,0.1,0.0,0.1,0.1,0.0,0.0,0.0,1.3,1.2,0.0,0.9,0.12,0.29,0.4,41.2,,MF,5ae499d0
628,Harry Maguire,0.1,0.2,1.1,0.10,0.67,0.9,1.3,2023-2024,30,eng ENG,Manchester Utd,eng Premier League,22,1653,18.4,18,4,3,0.1,0.1,0.2,0.1,0.0,0.0,0.0,0.9,1.3,0.0,1.1,0.10,0.67,0.2,15.0,,DF,d8931174
629,Sergio Ramos,0.1,0.4,1.0,0.11,0.27,1.1,1.4,2023-2024,37,es ESP,Sevilla,es La Liga,28,2517,28.0,28,0,3,0.1,0.0,0.1,0.1,0.0,0.0,0.0,1.1,1.4,0.0,1.0,0.11,0.27,0.4,39.3,,DF,08511d65
630,Alessandro Buongiorno,0.1,0.2,0.5,0.23,0.50,1.4,2.6,2023-2024,24,it ITA,Torino,it Serie A,29,2527,28.1,29,0,1,0.1,0.0,0.1,0.1,0.0,0.0,0.0,1.4,2.6,0.0,0.5,0.23,0.50,0.2,46.2,,DF,4ae67f27
631,Thiago Silva,0.1,0.1,0.5,0.21,0.75,0.5,0.9,2023-2024,38,br BRA,Chelsea,eng Premier League,31,2527,28.1,28,3,5,0.1,0.0,0.1,0.1,0.0,0.0,0.0,0.5,0.9,0.0,0.5,0.21,0.75,0.1,28.6,,DF,86e7deaf
632,Luka Modrić,0.1,0.5,1.3,0.08,0.20,0.8,1.0,2023-2024,37,hr CRO,Real Madrid,es La Liga,32,1688,18.8,18,14,5,0.1,0.3,0.4,0.1,0.0,0.0,0.0,0.8,1.0,0.0,1.3,0.08,0.20,0.5,40.0,,MF,6025fab1
633,Daniel Parejo,0.1,0.2,0.4,0.00,0.00,1.1,0.7,2023-2024,34,es ESP,Villarreal,es La Liga,33,2580,28.7,29,4,1,0.1,0.2,0.3,0.0,0.1,0.1,0.0,1.1,0.7,0.0,0.4,0.00,0.00,0.2,50.0,,MF,7460ca0d
634,Amir Rrahmani,0.1,0.3,0.9,0.12,0.38,0.9,0.7,2023-2024,29,xk KVX,Napoli,it Serie A,30,2600,28.9,30,0,3,0.1,0.0,0.1,0.1,0.0,0.0,0.0,0.9,0.7,0.0,0.9,0.12,0.38,0.3,32.0,,DF,4b3e1a38
635,Nikola Vlašić,0.1,0.4,1.6,0.07,0.27,0.5,0.4,2023-2024,25,hr CRO,Torino,it Serie A,33,2608,29.0,30,3,0,0.1,0.1,0.2,0.1,0.0,0.0,0.0,0.5,0.4,0.0,1.6,0.07,0.27,0.4,23.9,,MF,aa8e289e
636,Andreas Pereira,0.1,0.6,1.8,0.06,0.19,0.4,0.1,2023-2024,27,br BRA,Fulham,eng Premier League,37,2613,29.0,34,3,1,0.1,0.2,0.3,0.1,0.0,0.0,0.0,0.4,0.1,0.0,1.8,0.06,0.19,0.6,30.8,,MF,6639e500
637,Matteo Gabbia,0.1,0.3,0.6,0.18,0.40,1.3,0.9,2023-2024,23,it ITA,2 Teams,2 Comps,25,1752,19.5,20,5,9,0.1,0.1,0.2,0.1,0.0,0.0,0.0,1.3,0.9,0.0,0.6,0.18,0.40,0.3,45.5,,DF,c235e803
638,Leandro Paredes,0.1,0.2,1.1,0.00,0.00,1.2,0.9,2023-2024,29,ar ARG,Roma,it Serie A,34,2634,29.3,32,2,0,0.1,0.2,0.3,0.0,0.1,0.1,0.0,1.2,0.9,0.0,1.1,0.00,0.00,0.2,18.8,,MF,dff153a4
639,Mitchell Weiser,0.1,0.4,1.5,0.07,0.23,1.2,0.8,2023-2024,29,de GER,Werder Bremen,de Bundesliga,30,2636,29.3,30,0,1,0.1,0.2,0.3,0.1,0.0,0.0,0.0,1.2,0.8,0.0,1.5,0.07,0.23,0.4,29.5,,MF,30c220c3
640,Diego López,0.1,0.5,1.4,0.07,0.20,0.9,0.7,2023-2024,21,es ESP,Valencia,es La Liga,36,2656,29.5,30,6,0,0.1,0.2,0.3,0.1,0.0,0.0,0.0,0.9,0.7,0.0,1.4,0.07,0.20,0.5,36.6,,MFFW,c487901c
641,Lilian Brassier,0.1,0.1,0.4,0.25,0.75,0.6,1.4,2023-2024,23,fr FRA,Brest,fr Ligue 1,30,2677,29.7,30,0,0,0.1,0.0,0.1,0.1,0.0,0.0,0.0,0.6,1.4,0.0,0.4,0.25,0.75,0.1,33.3,,DF,5b146df3
642,Jon Guridi,0.1,0.3,1.2,0.08,0.38,0.8,0.6,2023-2024,28,es ESP,Alavés,es La Liga,36,2678,29.8,34,2,1,0.1,0.1,0.2,0.1,0.0,0.0,0.0,0.8,0.6,0.0,1.2,0.08,0.38,0.3,22.2,,MF,4c0a6a48
643,Abakar Sylla,0.1,0.3,0.6,0.18,0.40,1.2,1.4,2023-2024,20,ci CIV,Strasbourg,fr Ligue 1,22,1792,19.9,19,3,9,0.1,0.0,0.1,0.1,0.0,0.0,0.0,1.2,1.4,0.0,0.6,0.18,0.40,0.3,45.5,,DF,29c91632
644,Danilo,0.1,0.4,1.2,0.09,0.29,1.1,1.7,2023-2024,22,br BRA,Nottingham Forest,eng Premier League,29,1792,19.9,20,9,2,0.1,0.1,0.2,0.1,0.0,0.0,0.0,1.1,1.7,0.0,1.2,0.09,0.29,0.4,30.4,,MF,a816dbfb
645,Martín Payero,0.1,0.4,1.9,0.05,0.25,1.7,0.7,2023-2024,24,ar ARG,Udinese,it Serie A,29,1796,20.0,21,8,4,0.1,0.1,0.2,0.1,0.0,0.0,0.0,1.7,0.7,0.0,1.9,0.05,0.25,0.4,21.1,,MF,bdbff2b5
646,Matthieu Udol,0.1,0.3,0.6,0.16,0.38,1.2,1.5,2023-2024,27,fr FRA,Metz,fr Ligue 1,30,2700,30.0,30,0,0,0.1,0.1,0.2,0.1,0.0,0.0,0.0,1.2,1.5,0.0,0.6,0.16,0.38,0.3,42.1,,DF,cc41f558
647,Junya Ito,0.1,0.5,1.5,0.07,0.20,0.5,0.4,2023-2024,30,jp JPN,Reims,fr Ligue 1,31,2714,30.2,31,0,0,0.1,0.2,0.3,0.1,0.0,0.0,0.0,0.5,0.4,0.0,1.5,0.07,0.20,0.5,32.6,,FWMF,dbd3a428
648,Rogério,0.1,0.2,0.4,0.25,0.50,0.8,0.3,2023-2024,25,br BRA,Wolfsburg,de Bundesliga,13,906,10.1,10,3,3,0.1,0.0,0.1,0.1,0.0,0.0,0.0,0.8,0.3,0.0,0.4,0.25,0.50,0.2,50.0,,DFMF,10e7f486
649,Kristoffer Ajer,0.1,0.2,0.6,0.17,0.50,1.1,1.0,2023-2024,25,no NOR,Brentford,eng Premier League,28,1832,20.4,21,7,1,0.1,0.0,0.1,0.1,0.0,0.0,0.0,1.1,1.0,0.0,0.6,0.17,0.50,0.2,33.3,,DF,a8c0acb7
650,Yannik Keitel,0.1,0.2,0.6,0.17,0.50,1.7,1.1,2023-2024,23,de GER,Freiburg,de Bundesliga,15,920,10.2,11,4,10,0.1,0.0,0.1,0.1,0.0,0.0,0.0,1.7,1.1,0.0,0.6,0.17,0.50,0.2,33.3,,DFMF,d2c580ce
651,Guido Rodríguez,0.1,0.3,0.9,0.11,0.29,1.5,1.4,2023-2024,29,ar ARG,Real Betis,es La Liga,24,1846,20.5,22,2,0,0.1,0.0,0.1,0.1,0.0,0.0,0.0,1.5,1.4,0.0,0.9,0.11,0.29,0.3,38.9,,MF,34e393f2
652,Gabriel Osho,0.1,0.1,0.5,0.20,1.00,1.1,1.4,2023-2024,24,ng NGA,Luton Town,eng Premier League,21,1846,20.5,21,0,1,0.1,0.0,0.1,0.1,0.0,0.0,0.0,1.1,1.4,0.0,0.5,0.20,1.00,0.1,20.0,,DF,cd889153
653,Arthur Atta,0.1,0.4,0.9,0.11,0.25,1.3,0.9,2023-2024,20,fr FRA,Metz,fr Ligue 1,21,924,10.3,10,11,7,0.1,0.2,0.3,0.1,0.0,0.0,0.0,1.3,0.9,0.0,0.9,0.11,0.25,0.4,44.4,,MF,d3ddf88b
654,Yassine Kechta,0.1,0.4,1.0,0.10,0.22,1.2,1.0,2023-2024,21,ma MAR,Le Havre,fr Ligue 1,32,1849,20.5,21,11,1,0.1,0.0,0.1,0.1,0.0,0.0,0.0,1.2,1.0,0.0,1.0,0.10,0.22,0.4,45.0,,MF,abefc3af
655,Nahuel Molina,0.1,0.2,0.6,0.17,0.40,1.1,0.4,2023-2024,25,ar ARG,Atlético Madrid,es La Liga,30,1852,20.6,19,11,2,0.1,0.1,0.2,0.1,0.0,0.0,0.0,1.1,0.4,0.0,0.6,0.17,0.40,0.2,41.7,,MFDF,23610943
656,Bilal Boutobba,0.1,0.9,2.4,0.04,0.11,1.3,0.8,2023-2024,24,fr FRA,Clermont Foot,fr Ligue 1,27,926,10.3,10,17,6,0.1,0.1,0.2,0.1,0.0,0.0,0.0,1.3,0.8,0.0,2.4,0.04,0.11,0.9,36.0,,MFFW,e8a65bc8
657,Jayden Bogle,0.1,0.4,1.0,0.09,0.27,1.2,1.0,2023-2024,23,eng ENG,Sheffield United,eng Premier League,34,2788,31.0,32,2,1,0.1,0.0,0.1,0.1,0.0,0.0,0.0,1.2,1.0,0.0,1.0,0.09,0.27,0.4,34.4,,MFDF,ae5019e6
658,Jim Allevinah,0.1,0.5,1.8,0.05,0.18,0.9,0.6,2023-2024,28,ga GAB,Clermont Foot,fr Ligue 1,29,1861,20.7,22,7,1,0.1,0.0,0.1,0.1,0.0,0.0,0.0,0.9,0.6,0.0,1.8,0.05,0.18,0.5,29.7,,MF,1956b948
659,Patrick Osterhage,0.1,0.1,1.0,0.10,0.67,1.3,1.2,2023-2024,23,de GER,Bochum,de Bundesliga,24,1861,20.7,21,3,3,0.1,0.0,0.1,0.1,0.0,0.0,0.0,1.3,1.2,0.0,1.0,0.10,0.67,0.1,14.3,,MF,9662c9ec
660,Abde Ezzalzouli,0.1,1.0,3.7,0.03,0.10,1.4,0.5,2023-2024,21,ma MAR,2 Teams,es La Liga,28,933,10.4,6,22,5,0.1,0.0,0.1,0.1,0.0,0.1,0.1,1.4,0.5,0.0,3.7,0.03,0.10,1.0,26.3,,FWMF,bed68338
661,Davide Zappacosta,0.1,0.5,1.8,0.05,0.20,1.0,0.2,2023-2024,31,it ITA,Atalanta,it Serie A,31,1867,20.7,23,8,5,0.1,0.0,0.1,0.1,0.0,0.0,0.0,1.0,0.2,0.0,1.8,0.05,0.20,0.5,27.0,,MF,7fe90ccd
662,Rubén Duarte,0.1,0.2,0.7,0.13,0.40,0.8,1.0,2023-2024,27,es ESP,Alavés,es La Liga,28,1878,20.9,21,7,6,0.1,0.0,0.1,0.1,0.0,0.0,0.0,0.8,1.0,0.0,0.7,0.13,0.40,0.2,33.3,,DF,1fe0492d
663,Tijjani Reijnders,0.1,0.3,1.4,0.07,0.33,0.8,0.6,2023-2024,25,nl NED,Milan,it Serie A,36,2820,31.3,33,3,1,0.1,0.1,0.2,0.1,0.0,0.0,0.0,0.8,0.6,0.0,1.4,0.07,0.33,0.3,20.5,,MF,afb61630
664,Granit Xhaka,0.1,0.4,1.4,0.07,0.21,0.7,0.5,2023-2024,30,ch SUI,Leverkusen,de Bundesliga,33,2821,31.3,32,1,0,0.1,0.0,0.1,0.1,0.0,0.0,0.0,0.7,0.5,0.0,1.4,0.07,0.21,0.4,31.1,,MF,e61b8aee
665,Hugo Larsson,0.1,0.2,0.5,0.20,0.50,0.9,1.4,2023-2024,19,se SWE,Eintracht Frankfurt,de Bundesliga,29,1886,21.0,21,8,1,0.1,0.0,0.1,0.1,0.0,0.0,0.0,0.9,1.4,0.0,0.5,0.20,0.50,0.2,40.0,,MF,00c9a283
666,Florent Ogier,0.1,0.2,0.7,0.14,0.50,1.0,0.8,2023-2024,34,fr FRA,Clermont Foot,fr Ligue 1,14,943,10.5,9,5,17,0.1,0.1,0.2,0.1,0.0,0.0,0.0,1.0,0.8,0.0,0.7,0.14,0.50,0.2,28.6,,DF,6993927b
667,Gavi,0.1,0.5,1.0,0.10,0.20,2.2,0.8,2023-2024,18,es ESP,Barcelona,es La Liga,12,944,10.5,10,2,0,0.1,0.1,0.2,0.1,0.0,0.0,0.0,2.2,0.8,0.0,1.0,0.10,0.20,0.5,50.0,,MFFW,19cae58d
668,Alfred Duncan,0.1,0.3,1.1,0.09,0.33,1.1,0.5,2023-2024,30,gh GHA,Fiorentina,it Serie A,30,1888,21.0,24,6,7,0.1,0.2,0.3,0.1,0.0,0.0,0.0,1.1,0.5,0.0,1.1,0.09,0.33,0.3,26.1,,MF,528492ea
669,Aleksandar Sedlar,0.1,0.1,0.4,0.25,1.00,0.8,1.4,2023-2024,31,rs SRB,Alavés,es La Liga,11,946,10.5,11,0,1,0.1,0.0,0.1,0.1,0.0,0.0,0.0,0.8,1.4,0.0,0.4,0.25,1.00,0.1,25.0,,DF,a35134ae
670,Kurt Zouma,0.1,0.2,0.5,0.19,0.43,0.5,0.9,2023-2024,28,fr FRA,West Ham United,eng Premier League,33,2838,31.5,32,1,1,0.1,0.0,0.1,0.1,0.0,0.0,0.0,0.5,0.9,0.0,0.5,0.19,0.43,0.2,43.8,,DF,ce4246f5
671,Jakub Kiwior,0.1,0.3,0.6,0.17,0.33,1.2,0.7,2023-2024,23,pl POL,Arsenal,eng Premier League,20,946,10.5,11,9,18,0.1,0.3,0.4,0.1,0.0,0.0,0.0,1.2,0.7,0.0,0.6,0.17,0.33,0.3,50.0,,DF,dc3e663e
672,Sepp van den Berg,0.1,0.3,0.8,0.12,0.27,0.8,1.3,2023-2024,21,nl NED,Mainz 05,de Bundesliga,33,2839,31.5,31,2,0,0.1,0.0,0.1,0.1,0.0,0.0,0.0,0.8,1.3,0.0,0.8,0.12,0.27,0.3,44.0,,DF,7bf9400b
673,Emil Holm,0.1,0.8,2.5,0.04,0.13,1.9,0.7,2023-2024,23,se SWE,Atalanta,it Serie A,22,947,10.5,12,10,8,0.1,0.1,0.2,0.1,0.0,0.0,0.0,1.9,0.7,0.0,2.5,0.04,0.13,0.8,30.8,,MF,c2357b65
674,Trevoh Chalobah,0.1,0.2,0.2,0.50,0.50,1.1,0.8,2023-2024,24,eng ENG,Chelsea,eng Premier League,13,952,10.6,10,3,1,0.1,0.0,0.1,0.1,0.0,0.0,0.0,1.1,0.8,0.0,0.2,0.50,0.50,0.2,100.0,,DF,5515376c
675,Lewis Dunk,0.1,0.4,1.0,0.09,0.25,0.5,1.0,2023-2024,31,eng ENG,Brighton,eng Premier League,33,2869,31.9,33,0,0,0.1,0.0,0.1,0.1,0.0,0.0,0.0,0.5,1.0,0.0,1.0,0.09,0.25,0.4,36.4,,DF,282f75f3
676,Miloš Veljković,0.1,0.1,0.3,0.33,0.67,0.7,0.7,2023-2024,27,rs SRB,Werder Bremen,de Bundesliga,23,1920,21.3,21,2,1,0.1,0.0,0.1,0.1,0.0,0.0,0.0,0.7,0.7,0.0,0.3,0.33,0.67,0.1,50.0,,DF,a5ae8f8e
677,Dara O'Shea,0.1,0.2,0.6,0.16,0.60,0.6,1.0,2023-2024,24,ie IRL,Burnley,eng Premier League,33,2892,32.1,32,1,1,0.1,0.1,0.2,0.1,0.0,0.0,0.0,0.6,1.0,0.0,0.6,0.16,0.60,0.2,26.3,,DF,1d042188
678,Dwight McNeil,0.1,0.5,1.8,0.05,0.20,0.8,0.6,2023-2024,23,eng ENG,Everton,eng Premier League,35,2892,32.1,33,2,0,0.1,0.2,0.3,0.1,0.0,0.0,0.0,0.8,0.6,0.0,1.8,0.05,0.20,0.5,26.3,,MF,fc15fb84
679,Adrian Beck,0.1,0.3,1.1,0.08,0.33,1.2,0.4,2023-2024,26,de GER,Heidenheim,de Bundesliga,23,974,10.8,11,12,5,0.1,0.1,0.2,0.1,0.0,0.0,0.0,1.2,0.4,0.0,1.1,0.08,0.33,0.3,25.0,,MF,616c09f5
680,Luca Koleosho,0.1,0.5,2.1,0.04,0.20,0.5,0.2,2023-2024,18,it ITA,Burnley,eng Premier League,15,974,10.8,13,2,0,0.1,0.1,0.2,0.1,0.0,0.0,0.0,0.5,0.2,0.0,2.1,0.04,0.20,0.5,21.7,,MFFW,fc076f78
681,Emre Can,0.1,0.1,0.8,0.00,0.00,2.1,0.9,2023-2024,29,de GER,Dortmund,de Bundesliga,25,1953,21.7,22,3,4,0.1,0.1,0.2,0.0,0.1,0.1,0.0,2.1,0.9,0.0,0.8,0.00,0.00,0.1,17.6,,MF,a65ce836
682,Lucas Mincarelli,0.1,0.3,0.6,0.17,0.33,1.5,0.8,2023-2024,19,fr FRA,Montpellier,fr Ligue 1,13,978,10.9,12,1,9,0.1,0.1,0.2,0.1,0.0,0.0,0.0,1.5,0.8,0.0,0.6,0.17,0.33,0.3,50.0,,DFMF,02b3733e
683,Mattia Viti,0.1,0.1,0.4,0.25,1.00,1.5,0.9,2023-2024,21,it ITA,Sassuolo,it Serie A,15,979,10.9,12,3,13,0.1,0.0,0.1,0.1,0.0,0.0,0.0,1.5,0.9,0.0,0.4,0.25,1.00,0.1,25.0,,DF,75438a9a
684,Warren Zaïre-Emery,0.1,0.2,0.6,0.14,0.50,1.3,0.6,2023-2024,17,fr FRA,Paris Saint-Germain,fr Ligue 1,26,1962,21.8,21,5,2,0.1,0.1,0.2,0.1,0.0,0.0,0.0,1.3,0.6,0.0,0.6,0.14,0.50,0.2,28.6,,MFDF,6b9960cf
685,Morgan Sanson,0.1,0.4,1.9,0.05,0.22,0.8,0.9,2023-2024,28,fr FRA,Nice,fr Ligue 1,29,1964,21.8,24,5,1,0.1,0.1,0.2,0.1,0.0,0.0,0.0,0.8,0.9,0.0,1.9,0.05,0.22,0.4,22.0,,MF,6e7f1353
686,Fares Chaïbi,0.1,0.6,1.8,0.05,0.14,0.8,0.2,2023-2024,20,dz ALG,2 Teams,2 Comps,30,1970,21.9,21,9,1,0.1,0.2,0.3,0.1,0.0,0.0,0.0,0.8,0.2,0.0,1.8,0.05,0.14,0.6,35.0,,FWMF,357103bd
687,Andreas Christensen,0.1,0.2,0.5,0.17,0.50,0.7,0.9,2023-2024,27,dk DEN,Barcelona,es La Liga,30,1979,22.0,27,3,6,0.1,0.1,0.2,0.1,0.0,0.0,0.0,0.7,0.9,0.0,0.5,0.17,0.50,0.2,33.3,,DFMF,1cb49278
688,Marc Roca,0.1,0.3,0.9,0.10,0.29,1.7,0.8,2023-2024,26,es ESP,Real Betis,es La Liga,26,1980,22.0,24,2,6,0.1,0.1,0.2,0.1,0.0,0.0,0.0,1.7,0.8,0.0,0.9,0.10,0.29,0.3,35.0,,MF,da27e268
689,Andreas Hanche-Olsen,0.1,0.1,0.4,0.25,1.00,1.2,1.0,2023-2024,26,no NOR,Mainz 05,de Bundesliga,15,992,11.0,12,3,0,0.1,0.0,0.1,0.1,0.0,0.0,0.0,1.2,1.0,0.0,0.4,0.25,1.00,0.1,25.0,,DF,2e77d607
690,Elvis Rexhbeçaj,0.1,0.2,1.3,0.04,0.25,1.0,0.9,2023-2024,25,xk KVX,Augsburg,de Bundesliga,25,1985,22.1,24,1,1,0.1,0.0,0.1,0.0,0.0,0.0,0.0,1.0,0.9,0.0,1.3,0.04,0.25,0.2,14.3,,MF,1ae836b1
691,Arthur Melo,0.1,0.3,0.5,0.08,0.17,1.3,0.9,2023-2024,26,br BRA,Fiorentina,it Serie A,33,1986,22.1,23,10,4,0.1,0.1,0.2,0.0,0.0,0.0,0.0,1.3,0.9,0.0,0.5,0.08,0.17,0.3,50.0,,MF,48b3dd60
692,Andrea Petagna,0.1,0.7,1.7,0.05,0.13,0.2,0.1,2023-2024,28,it ITA,2 Teams,it Serie A,18,995,11.1,13,5,12,0.1,0.1,0.2,0.1,0.0,0.0,0.0,0.2,0.1,0.0,1.7,0.05,0.13,0.7,42.1,,FW,03f946ed
693,Eray Cömert,0.1,0.1,0.4,0.22,0.67,1.3,1.5,2023-2024,25,ch SUI,Nantes,fr Ligue 1,25,1995,22.2,23,2,3,0.1,0.0,0.1,0.1,0.0,0.0,0.0,1.3,1.5,0.0,0.4,0.22,0.67,0.1,33.3,,DF,15937e17
694,Jan Schöppner,0.1,0.2,0.8,0.12,0.50,1.2,1.2,2023-2024,24,de GER,Heidenheim,de Bundesliga,26,1998,22.2,23,3,8,0.1,0.1,0.2,0.1,0.0,0.0,0.0,1.2,1.2,0.0,0.8,0.12,0.50,0.2,23.5,,MF,932bfcac
695,Rodrigo Bentancur,0.1,0.4,1.6,0.06,0.20,1.4,1.4,2023-2024,26,uy URU,Tottenham Hotspur,eng Premier League,23,1005,11.2,13,10,0,0.1,0.1,0.2,0.1,0.0,0.0,0.0,1.4,1.4,0.0,1.6,0.06,0.20,0.4,27.8,,MF,3b8674e6
696,Lucas Beraldo,0.1,0.2,0.4,0.20,0.50,1.2,1.8,2023-2024,19,br BRA,Paris Saint-Germain,fr Ligue 1,13,1008,11.2,12,1,3,0.1,0.0,0.1,0.1,0.0,0.0,0.0,1.2,1.8,0.0,0.4,0.20,0.50,0.2,40.0,,DF,b8aedf06
697,Alex Scott,0.1,0.4,1.3,0.07,0.25,1.4,1.0,2023-2024,19,eng ENG,Bournemouth,eng Premier League,23,1014,11.3,11,12,2,0.1,0.1,0.2,0.1,0.0,0.0,0.0,1.4,1.0,0.0,1.3,0.07,0.25,0.4,26.7,,MF,104d0bb8
698,Samuel Chukwueze,0.1,0.7,2.5,0.04,0.13,0.6,0.5,2023-2024,24,ng NGA,Milan,it Serie A,24,1017,11.3,12,12,3,0.1,0.3,0.4,0.1,0.0,0.0,0.0,0.6,0.5,0.0,2.5,0.04,0.13,0.7,28.6,,MFFW,b8a642fc
699,Carles Aleñá,0.1,0.4,1.4,0.06,0.20,0.8,0.4,2023-2024,25,es ESP,Getafe,es La Liga,29,1020,11.3,10,19,5,0.1,0.1,0.2,0.1,0.0,0.0,0.0,0.8,0.4,0.0,1.4,0.06,0.20,0.4,31.3,,MF,6c811eb7
700,Felix Nmecha,0.1,0.3,2.0,0.04,0.33,1.2,1.0,2023-2024,22,de GER,Dortmund,de Bundesliga,20,1021,11.3,10,10,0,0.1,0.2,0.3,0.1,0.0,0.0,0.0,1.2,1.0,0.0,2.0,0.04,0.33,0.3,13.0,,MF,091c86e2
701,Mathias Honsak,0.1,0.5,2.0,0.04,0.17,0.5,0.8,2023-2024,26,at AUT,Darmstadt 98,de Bundesliga,23,1021,11.3,10,13,0,0.1,0.1,0.2,0.1,0.0,0.0,0.0,0.5,0.8,0.0,2.0,0.04,0.17,0.5,26.1,,MFFW,3dbdbb6a
702,Nathan Aké,0.1,0.2,0.9,0.10,0.40,0.7,0.7,2023-2024,28,nl NED,Manchester City,eng Premier League,29,2042,22.7,24,5,6,0.1,0.1,0.2,0.1,0.0,0.0,0.0,0.7,0.7,0.0,0.9,0.10,0.40,0.2,25.0,,DF,eaeca114
703,Josh Cullen,0.1,0.2,0.7,0.13,0.40,1.1,0.6,2023-2024,27,ie IRL,Burnley,eng Premier League,25,2057,22.9,23,2,8,0.1,0.1,0.2,0.1,0.0,0.0,0.0,1.1,0.6,0.0,0.7,0.13,0.40,0.2,31.3,,MF,f6d7d690
704,Pedro Porro,0.1,0.3,1.5,0.06,0.25,1.9,1.0,2023-2024,23,es ESP,Tottenham Hotspur,eng Premier League,35,3089,34.3,35,0,1,0.1,0.2,0.3,0.1,0.0,0.0,0.0,1.9,1.0,0.0,1.5,0.06,0.25,0.3,22.6,,DF,27d0a506
705,Junior Sambia,0.1,0.3,1.0,0.08,0.25,0.4,0.9,2023-2024,26,fr FRA,Salernitana,it Serie A,18,1032,11.5,10,8,20,0.1,0.2,0.3,0.1,0.0,0.0,0.0,0.4,0.9,0.0,1.0,0.08,0.25,0.3,33.3,,MF,24eb7ed6
706,Tiago Tomás,0.1,0.9,2.4,0.04,0.10,0.2,0.3,2023-2024,21,pt POR,Wolfsburg,de Bundesliga,26,1032,11.5,11,15,2,0.1,0.1,0.2,0.1,0.0,0.0,0.0,0.2,0.3,0.0,2.4,0.04,0.10,0.9,37.0,,FWMF,b492126a
707,Luca Ranieri,0.1,0.1,0.4,0.20,0.67,0.5,1.2,2023-2024,24,it ITA,Fiorentina,it Serie A,26,2065,22.9,23,3,10,0.1,0.0,0.1,0.1,0.0,0.0,0.0,0.5,1.2,0.0,0.4,0.20,0.67,0.1,30.0,,DF,8c63fae5
708,Alphonso Davies,0.1,0.2,0.6,0.15,0.50,1.0,1.1,2023-2024,22,ca CAN,Bayern Munich,de Bundesliga,29,2065,22.9,24,5,2,0.1,0.2,0.3,0.1,0.0,0.0,0.0,1.0,1.1,0.0,0.6,0.15,0.50,0.2,30.8,,DF,d781d855
709,Maximilian Wöber,0.1,0.1,0.8,0.11,0.67,1.4,1.5,2023-2024,25,at AUT,Gladbach,de Bundesliga,25,2066,23.0,24,1,0,0.1,0.1,0.2,0.1,0.0,0.0,0.0,1.4,1.5,0.0,0.8,0.11,0.67,0.1,15.8,,DF,4b803b3c
710,Mohamed Camara,0.1,0.3,1.2,0.00,0.00,1.7,1.0,2023-2024,23,ml MLI,Monaco,fr Ligue 1,20,1035,11.5,14,6,4,0.1,0.2,0.3,0.0,0.1,0.1,0.0,1.7,1.0,0.0,1.2,0.00,0.00,0.3,28.6,,MF,489e80e3
711,Jordan Zemura,0.1,0.3,0.4,0.20,0.33,1.4,1.3,2023-2024,23,zw ZIM,Udinese,it Serie A,27,1038,11.5,10,17,7,0.1,0.0,0.1,0.1,0.0,0.0,0.0,1.4,1.3,0.0,0.4,0.20,0.33,0.3,60.0,,MF,e8271ad9
712,Jarrad Branthwaite,0.1,0.1,0.4,0.21,0.75,1.0,1.4,2023-2024,21,eng ENG,Everton,eng Premier League,35,3116,34.6,35,0,2,0.1,0.0,0.1,0.1,0.0,0.0,0.0,1.0,1.4,0.0,0.4,0.21,0.75,0.1,28.6,,DF,c1949191
713,Panos Katseris,0.1,0.5,1.5,0.06,0.17,1.6,0.6,2023-2024,22,gr GRE,Lorient,fr Ligue 1,15,1041,11.6,13,2,0,0.1,0.1,0.2,0.1,0.0,0.0,0.0,1.6,0.6,0.0,1.5,0.06,0.17,0.5,35.3,,MF,c1597cf7
714,Rubén Alcaraz,0.1,0.3,1.4,0.02,0.08,1.9,0.9,2023-2024,32,es ESP,Cádiz,es La Liga,36,3134,34.8,36,0,0,0.1,0.0,0.1,0.0,0.1,0.1,0.0,1.9,0.9,0.0,1.4,0.02,0.08,0.3,25.0,,MF,036bba5f
715,Daler Kuzyaev,0.1,0.2,0.7,0.13,0.40,0.9,0.8,2023-2024,30,ru RUS,Le Havre,fr Ligue 1,30,2090,23.2,24,6,0,0.1,0.1,0.2,0.1,0.0,0.0,0.0,0.9,0.8,0.0,0.7,0.13,0.40,0.2,31.3,,MF,d4e93bab
716,Amadou Onana,0.1,0.3,1.2,0.07,0.33,1.7,0.8,2023-2024,21,be BEL,Everton,eng Premier League,30,2091,23.2,23,7,1,0.1,0.0,0.1,0.1,0.0,0.0,0.0,1.7,0.8,0.0,1.2,0.07,0.33,0.3,20.7,,MF,828657ff
717,Nabil Fekir,0.1,0.8,2.3,0.04,0.11,0.8,0.5,2023-2024,30,fr FRA,Real Betis,es La Liga,19,1049,11.7,10,9,2,0.1,0.2,0.3,0.1,0.0,0.0,0.0,0.8,0.5,0.0,2.3,0.04,0.11,0.8,33.3,,MFFW,bece776f
718,Maximilian Mittelstädt,0.1,0.3,0.9,0.10,0.33,2.1,1.8,2023-2024,26,de GER,Stuttgart,de Bundesliga,31,2103,23.4,23,8,2,0.1,0.2,0.3,0.1,0.0,0.0,0.0,2.1,1.8,0.0,0.9,0.10,0.33,0.3,28.6,,DFMF,88d4144a
719,Junior Messias,0.1,0.3,1.9,0.05,0.33,1.6,0.4,2023-2024,32,br BRA,Genoa,it Serie A,18,1053,11.7,13,5,1,0.1,0.0,0.1,0.1,0.0,0.0,0.0,1.6,0.4,0.0,1.9,0.05,0.33,0.3,13.6,,MFFW,f49c4ae9
720,Pontus Almqvist,0.1,0.6,1.7,0.05,0.13,1.2,0.6,2023-2024,24,se SWE,Lecce,it Serie A,30,2107,23.4,25,5,1,0.1,0.0,0.1,0.1,0.0,0.0,0.0,1.2,0.6,0.0,1.7,0.05,0.13,0.6,37.5,,FWMF,0917188a
721,Ameen Al-Dakhil,0.1,0.3,0.7,0.13,0.33,0.4,0.9,2023-2024,21,be BEL,Burnley,eng Premier League,13,1056,11.7,12,1,2,0.1,0.0,0.1,0.1,0.0,0.0,0.0,0.4,0.9,0.0,0.7,0.13,0.33,0.3,37.5,,DF,93e08bce
722,Jamie Gittens,0.1,0.9,3.7,0.02,0.09,0.8,0.3,2023-2024,18,eng ENG,Dortmund,de Bundesliga,25,1058,11.8,14,11,9,0.1,0.3,0.4,0.1,0.0,0.0,0.0,0.8,0.3,0.0,3.7,0.02,0.09,0.9,25.6,,MFFW,10745192
723,Christian Günter,0.1,0.2,0.5,0.17,0.50,1.0,0.2,2023-2024,30,de GER,Freiburg,de Bundesliga,15,1060,11.8,13,2,1,0.1,0.2,0.3,0.1,0.0,0.0,0.0,1.0,0.2,0.0,0.5,0.17,0.50,0.2,33.3,,MFDF,8593f88c
724,Chukwubuikem Ikwuemesi,0.1,0.7,1.9,0.05,0.13,0.1,0.1,2023-2024,21,ng NGA,Salernitana,it Serie A,25,1061,11.8,11,14,6,0.1,0.1,0.2,0.1,0.0,0.0,0.0,0.1,0.1,0.0,1.9,0.05,0.13,0.7,36.4,,FW,c6db4f29
725,Juan Foyth,0.1,0.2,0.5,0.17,0.50,1.4,1.0,2023-2024,25,ar ARG,Villarreal,es La Liga,12,1062,11.8,12,0,0,0.1,0.1,0.2,0.1,0.0,0.0,0.0,1.4,1.0,0.0,0.5,0.17,0.50,0.2,33.3,,DF,6c7762c3
726,John Stones,0.1,0.2,0.3,0.25,0.50,0.1,0.8,2023-2024,29,eng ENG,Manchester City,eng Premier League,16,1064,11.8,12,4,11,0.1,0.0,0.1,0.1,0.0,0.0,0.0,0.1,0.8,0.0,0.3,0.25,0.50,0.2,50.0,,DF,5eecec3d
727,Aleix García,0.1,0.3,1.1,0.08,0.25,0.8,1.0,2023-2024,26,es ESP,Girona,es La Liga,37,3199,35.5,36,1,0,0.1,0.2,0.3,0.1,0.0,0.0,0.0,0.8,1.0,0.0,1.1,0.08,0.25,0.3,30.8,,MF,a10361d2
728,Cheick Konaté,0.1,0.3,1.2,0.07,0.25,1.3,1.1,2023-2024,19,ml MLI,Clermont Foot,fr Ligue 1,19,1068,11.9,12,7,2,0.1,0.1,0.2,0.1,0.0,0.0,0.0,1.3,1.1,0.0,1.2,0.07,0.25,0.3,28.6,,MFDF,6ce2cdf0
729,Mohamed Simakan,0.1,0.5,1.3,0.07,0.18,1.3,1.1,2023-2024,23,fr FRA,RB Leipzig,de Bundesliga,32,2138,23.8,23,9,0,0.1,0.1,0.2,0.1,0.0,0.0,0.0,1.3,1.1,0.0,1.3,0.07,0.18,0.5,36.7,,DF,fcb27134
730,Radu Drăgușin,0.1,0.2,0.8,0.11,0.50,0.6,1.2,2023-2024,21,ro ROU,2 Teams,2 Comps,28,2139,23.8,23,5,9,0.1,0.0,0.1,0.1,0.0,0.0,0.0,0.6,1.2,0.0,0.8,0.11,0.50,0.2,22.2,,DF,620922ed
731,Matty Cash,0.1,0.5,1.4,0.06,0.15,1.3,0.8,2023-2024,25,pl POL,Aston Villa,eng Premier League,29,2142,23.8,23,6,2,0.1,0.1,0.2,0.1,0.0,0.0,0.0,1.3,0.8,0.0,1.4,0.06,0.15,0.5,39.4,,DFMF,2389cdc2
732,Mouctar Diakhaby,0.1,0.3,0.6,0.14,0.33,1.1,0.9,2023-2024,26,gn GUI,Valencia,es La Liga,14,1073,11.9,12,2,2,0.1,0.0,0.1,0.1,0.0,0.0,0.0,1.1,0.9,0.0,0.6,0.14,0.33,0.3,42.9,,DFMF,d2110326
733,Tino Kadewere,0.1,0.5,1.3,0.06,0.17,0.4,1.2,2023-2024,27,zw ZIM,2 Teams,fr Ligue 1,25,1077,12.0,10,15,4,0.1,0.0,0.1,0.1,0.0,0.1,0.1,0.4,1.2,0.0,1.3,0.06,0.17,0.5,37.5,,FW,7d08063d
734,Gleison Bremer,0.1,0.1,0.5,0.17,0.75,1.2,1.0,2023-2024,26,br BRA,Juventus,it Serie A,36,3233,35.9,36,0,1,0.1,0.0,0.1,0.1,0.0,0.0,0.0,1.2,1.0,0.0,0.5,0.17,0.75,0.1,22.2,,DF,5fd5ed86
735,Sergi Darder,0.1,0.5,1.3,0.06,0.17,1.0,0.7,2023-2024,29,es ESP,Mallorca,es La Liga,36,2157,24.0,21,15,0,0.1,0.2,0.3,0.1,0.0,0.0,0.0,1.0,0.7,0.0,1.3,0.06,0.17,0.5,37.5,,MF,070a3904
736,Jamaal Lascelles,0.1,0.1,0.5,0.17,1.00,0.7,0.4,2023-2024,29,eng ENG,Newcastle United,eng Premier League,16,1080,12.0,13,3,10,0.1,0.0,0.1,0.1,0.0,0.0,0.0,0.7,0.4,0.0,0.5,0.17,1.00,0.1,16.7,,DF,450ab6fc
737,Danilho Doekhi,0.1,0.1,0.7,0.13,1.00,1.0,1.5,2023-2024,25,nl NED,Union Berlin,de Bundesliga,24,2160,24.0,24,0,3,0.1,0.0,0.1,0.1,0.0,0.0,0.0,1.0,1.5,0.0,0.7,0.13,1.00,0.1,12.5,,DF,f67c9d29
738,Ellyes Skhiri,0.1,0.3,0.7,0.11,0.25,1.0,1.5,2023-2024,28,tn TUN,Eintracht Frankfurt,de Bundesliga,27,2168,24.1,24,3,0,0.1,0.1,0.2,0.1,0.0,0.0,0.0,1.0,1.5,0.0,0.7,0.11,0.25,0.3,44.4,,MF,c2211709
739,Mathias Jørgensen,0.1,0.2,0.7,0.13,0.50,1.0,0.9,2023-2024,33,dk DEN,Brentford,eng Premier League,14,1087,12.1,12,2,23,0.1,0.0,0.1,0.1,0.0,0.0,0.0,1.0,0.9,0.0,0.7,0.13,0.50,0.2,25.0,,DF,0db5d2c8
740,Ben Davies,0.1,0.2,1.0,0.08,0.50,1.3,0.8,2023-2024,30,wls WAL,Tottenham Hotspur,eng Premier League,17,1090,12.1,12,5,13,0.1,0.0,0.1,0.1,0.0,0.0,0.0,1.3,0.8,0.0,1.0,0.08,0.50,0.2,16.7,,DF,44781702
741,Bryan Cristante,0.1,0.2,1.5,0.06,0.33,1.1,0.6,2023-2024,28,it ITA,Roma,it Serie A,37,3289,36.5,37,0,0,0.1,0.1,0.2,0.1,0.0,0.0,0.0,1.1,0.6,0.0,1.5,0.06,0.33,0.2,16.7,,MF,16657b95
742,Fabio Miretti,0.1,0.2,1.6,0.05,0.33,1.2,0.7,2023-2024,19,it ITA,Juventus,it Serie A,25,1103,12.3,16,9,12,0.1,0.1,0.2,0.1,0.0,0.0,0.0,1.2,0.7,0.0,1.6,0.05,0.33,0.2,15.0,,MF,34693494
743,Gonzalo Melero,0.1,0.3,1.1,0.07,0.25,0.7,0.3,2023-2024,29,es ESP,Almería,es La Liga,28,1103,12.3,10,18,3,0.1,0.1,0.2,0.1,0.0,0.0,0.0,0.7,0.3,0.0,1.1,0.07,0.25,0.3,28.6,,MFFW,3902e91b
744,Chancel Mbemba,0.1,0.1,0.8,0.11,1.00,0.9,0.5,2023-2024,28,cd COD,Marseille,fr Ligue 1,25,2207,24.5,25,0,1,0.1,0.1,0.2,0.1,0.0,0.0,0.0,0.9,0.5,0.0,0.8,0.11,1.00,0.1,10.5,,DF,e76cb9cc
745,Samuel Moutoussamy,0.1,0.4,1.2,0.07,0.20,1.5,0.8,2023-2024,26,cd COD,Nantes,fr Ligue 1,26,1107,12.3,11,15,4,0.1,0.0,0.1,0.1,0.0,0.0,0.0,1.5,0.8,0.0,1.2,0.07,0.20,0.4,33.3,,MF,af0c835b
746,Florian Lejeune,0.1,0.6,1.7,0.05,0.14,0.7,0.6,2023-2024,32,fr FRA,Rayo Vallecano,es La Liga,37,3327,37.0,37,0,0,0.1,0.0,0.1,0.1,0.0,0.0,0.0,0.7,0.6,0.0,1.7,0.05,0.14,0.6,32.8,,DF,6eaed4eb
747,Ismaël Traoré,0.1,0.2,0.4,0.20,0.50,0.4,1.3,2023-2024,36,ci CIV,Metz,fr Ligue 1,26,2220,24.7,25,1,2,0.1,0.0,0.1,0.1,0.0,0.0,0.0,0.4,1.3,0.0,0.4,0.20,0.50,0.2,40.0,,DF,b666421b
748,Mohamed Ali Cho,0.1,0.5,1.7,0.05,0.17,1.0,0.2,2023-2024,19,fr FRA,2 Teams,2 Comps,28,1110,12.3,12,16,6,0.1,0.2,0.2,0.1,0.0,0.0,0.0,1.0,0.2,0.0,1.7,0.05,0.17,0.5,28.6,,FW,f8405304
749,Gabriel Strefezza,0.1,0.5,2.3,0.00,0.00,1.4,0.6,2023-2024,26,br BRA,Lecce,it Serie A,19,1112,12.4,13,6,2,0.1,0.0,0.1,0.0,0.1,0.1,0.0,1.4,0.6,0.0,2.3,0.00,0.00,0.5,21.4,,FWMF,ac4a4508
750,Aïssa Mandi,0.1,0.2,0.3,0.25,0.50,0.6,0.6,2023-2024,31,dz ALG,Villarreal,es La Liga,16,1113,12.4,12,4,16,0.1,0.0,0.1,0.1,0.0,0.0,0.0,0.6,0.6,0.0,0.3,0.25,0.50,0.2,50.0,,DF,fbd6378b
751,Alfonso Pedraza,0.1,0.3,0.7,0.11,0.25,0.8,1.0,2023-2024,27,es ESP,Villarreal,es La Liga,19,1116,12.4,14,5,0,0.1,0.2,0.3,0.1,0.0,0.0,0.0,0.8,1.0,0.0,0.7,0.11,0.25,0.3,44.4,,DF,63f04c6c
752,Saša Lukić,0.1,0.2,1.0,0.08,0.33,1.7,1.1,2023-2024,26,rs SRB,Fulham,eng Premier League,24,1122,12.5,13,11,9,0.1,0.0,0.1,0.1,0.0,0.0,0.0,1.7,1.1,0.0,1.0,0.08,0.33,0.2,23.1,,MF,c6e8cf1f
753,Lorenz Assignon,0.1,0.3,0.8,0.10,0.25,1.2,1.0,2023-2024,23,tg TOG,2 Teams,2 Comps,29,2245,24.9,27,2,2,0.1,0.1,0.2,0.1,0.0,0.0,0.0,1.2,1.0,0.0,0.8,0.10,0.25,0.3,40.0,,DF,b026bbf6
754,Matija Nastasić,0.1,0.1,0.3,0.25,1.00,0.7,1.1,2023-2024,30,rs SRB,Mallorca,es La Liga,26,2258,25.1,25,1,7,0.1,0.0,0.1,0.1,0.0,0.0,0.0,0.7,1.1,0.0,0.3,0.25,1.00,0.1,25.0,,DF,f35430a4
755,Wahbi Khazri,0.1,1.3,3.5,0.02,0.06,1.4,0.3,2023-2024,32,tn TUN,Montpellier,fr Ligue 1,25,1131,12.6,13,12,0,0.1,0.0,0.1,0.1,0.0,0.0,0.0,1.4,0.3,0.0,3.5,0.02,0.06,1.3,36.4,,MFFW,2677a1de
756,Ryan Gravenberch,0.1,0.6,1.8,0.04,0.13,1.0,1.2,2023-2024,21,nl NED,2 Teams,2 Comps,27,1131,12.6,12,15,6,0.1,0.0,0.1,0.1,0.0,0.0,0.0,1.0,1.2,0.0,1.8,0.04,0.13,0.6,34.8,,MF,b8e740fb
757,Leonardo Balerdi,0.1,0.2,0.6,0.14,0.50,2.0,2.0,2023-2024,24,ar ARG,Marseille,fr Ligue 1,27,2271,25.2,26,1,3,0.1,0.0,0.1,0.1,0.0,0.0,0.0,2.0,2.0,0.0,0.6,0.14,0.50,0.2,28.6,,DF,7c3ed041
758,Mateusz Wieteska,0.1,0.2,0.6,0.14,0.50,0.9,1.5,2023-2024,26,pl POL,2 Teams,2 Comps,21,1139,12.7,12,9,16,0.1,0.1,0.2,0.1,0.0,0.0,0.0,0.9,1.5,0.0,0.6,0.14,0.50,0.2,28.6,,DF,3ecc8c5f
759,Nahuel Tenaglia,0.1,0.1,0.6,0.13,1.00,1.2,1.0,2023-2024,27,ar ARG,Alavés,es La Liga,25,1141,12.7,11,14,9,0.1,0.0,0.1,0.1,0.0,0.0,0.0,1.2,1.0,0.0,0.6,0.13,1.00,0.1,12.5,,DF,66654daa
760,Christian Eriksen,0.1,0.3,1.0,0.08,0.25,1.1,0.3,2023-2024,31,dk DEN,Manchester Utd,eng Premier League,22,1141,12.7,12,10,11,0.1,0.2,0.2,0.1,0.0,0.0,0.0,1.1,0.3,0.0,1.0,0.08,0.25,0.3,30.8,,MF,980522ec
761,Abdoulaye Touré,0.1,0.4,1.3,0.00,0.00,1.1,0.8,2023-2024,29,gn GUI,Le Havre,fr Ligue 1,30,2284,25.4,27,3,0,0.1,0.0,0.1,0.0,0.1,0.1,0.0,1.1,0.8,0.0,1.3,0.00,0.00,0.4,30.3,,MF,ef7cd87a
762,Arthur Theate,0.1,0.2,0.9,0.09,0.40,0.7,1.2,2023-2024,23,be BEL,Rennes,fr Ligue 1,28,2296,25.5,27,1,3,0.1,0.0,0.1,0.1,0.0,0.0,0.0,0.7,1.2,0.0,0.9,0.09,0.40,0.2,22.7,,DF,df8d6029
763,Matt Doherty,0.1,0.2,0.6,0.13,0.33,1.4,0.5,2023-2024,31,ie IRL,Wolves,eng Premier League,30,1150,12.8,9,21,8,0.1,0.0,0.1,0.1,0.0,0.0,0.0,1.4,0.5,0.0,0.6,0.13,0.33,0.2,37.5,,MFDF,d557d734
764,Pablo Ibáñez,0.1,0.5,2.1,0.04,0.14,0.6,0.7,2023-2024,24,es ESP,Osasuna,es La Liga,33,1152,12.8,12,21,4,0.1,0.2,0.2,0.1,0.0,0.0,0.0,0.6,0.7,0.0,2.1,0.04,0.14,0.5,25.9,,MF,3701906c
765,Mattia Bani,0.1,0.2,0.4,0.22,0.40,0.4,0.8,2023-2024,29,it ITA,Genoa,it Serie A,27,2306,25.6,27,0,3,0.1,0.0,0.1,0.1,0.0,0.0,0.0,0.4,0.8,0.0,0.4,0.22,0.40,0.2,55.6,,DF,0821331c
766,Darlin Yongwa,0.1,0.4,1.2,0.07,0.20,1.7,1.0,2023-2024,22,cm CMR,Lorient,fr Ligue 1,22,1159,12.9,11,11,9,0.1,0.1,0.2,0.1,0.0,0.0,0.0,1.7,1.0,0.0,1.2,0.07,0.20,0.4,33.3,,MFDF,061266cd
767,Frank Onyeka,0.1,0.7,1.7,0.05,0.11,1.6,1.8,2023-2024,25,ng NGA,Brentford,eng Premier League,26,1161,12.9,11,15,4,0.1,0.2,0.2,0.1,0.0,0.0,0.0,1.6,1.8,0.0,1.7,0.05,0.11,0.7,40.9,,MF,2944f86f
768,Emerson,0.1,0.2,0.5,0.17,0.33,1.9,1.4,2023-2024,24,br BRA,Tottenham Hotspur,eng Premier League,22,1161,12.9,11,11,16,0.1,0.0,0.1,0.1,0.0,0.0,0.0,1.9,1.4,0.0,0.5,0.17,0.33,0.2,50.0,,DF,df8b52a5
769,Rayan Aït-Nouri,0.1,0.3,0.9,0.09,0.29,1.7,0.6,2023-2024,22,dz ALG,Wolves,eng Premier League,33,2329,25.9,29,4,0,0.1,0.0,0.1,0.1,0.0,0.0,0.0,1.7,0.6,0.0,0.9,0.09,0.29,0.3,30.4,,MFDF,9b398aea
770,Curtis Jones,0.1,0.5,1.5,0.05,0.17,1.1,0.5,2023-2024,22,eng ENG,Liverpool,eng Premier League,23,1167,13.0,14,9,4,0.1,0.1,0.2,0.1,0.0,0.0,0.0,1.1,0.5,0.0,1.5,0.05,0.17,0.5,31.6,,MF,4fb9c88f
771,Pep Chavarría,0.1,0.2,0.8,0.09,0.50,1.2,0.6,2023-2024,25,es ESP,Rayo Vallecano,es La Liga,22,1167,13.0,12,10,13,0.1,0.1,0.2,0.1,0.0,0.0,0.0,1.2,0.6,0.0,0.8,0.09,0.50,0.2,18.2,,DFMF,63c5e56b
772,Tom Lockyer,0.1,0.1,0.5,0.14,1.00,1.2,1.8,2023-2024,28,wls WAL,Luton Town,eng Premier League,14,1169,13.0,14,0,0,0.1,0.1,0.2,0.1,0.0,0.0,0.0,1.2,1.8,0.0,0.5,0.14,1.00,0.1,14.3,,DF,37118440
773,Aimar Oroz,0.1,0.2,1.0,0.04,0.17,1.0,0.6,2023-2024,21,es ESP,Osasuna,es La Liga,33,2339,26.0,26,7,0,0.1,0.0,0.1,0.0,0.0,0.0,0.0,1.0,0.6,0.0,1.0,0.04,0.17,0.2,24.0,,MF,7c363088
774,Hugo Magnetti,0.1,0.4,1.4,0.06,0.18,1.1,0.7,2023-2024,25,fr FRA,Brest,fr Ligue 1,33,2340,26.0,30,3,0,0.1,0.0,0.1,0.1,0.0,0.0,0.0,1.1,0.7,0.0,1.4,0.06,0.18,0.4,30.6,,MF,d4d35152
775,Nahitan Nández,0.1,0.3,0.9,0.04,0.14,1.5,0.7,2023-2024,27,uy URU,Cagliari,it Serie A,33,2341,26.0,29,4,0,0.1,0.1,0.2,0.0,0.0,0.0,0.0,1.5,0.7,0.0,0.9,0.04,0.14,0.3,30.4,,MFDF,95facda1
776,Riccardo Calafiori,0.1,0.2,0.7,0.12,0.33,1.2,2.0,2023-2024,21,it ITA,Bologna,it Serie A,30,2349,26.1,26,4,6,0.1,0.2,0.3,0.1,0.0,0.0,0.0,1.2,2.0,0.0,0.7,0.12,0.33,0.2,35.3,,DF,aded8e6f
777,Christoph Klarer,0.1,0.1,0.3,0.22,1.00,0.8,0.8,2023-2024,23,at AUT,Darmstadt 98,de Bundesliga,30,2354,26.2,28,2,1,0.1,0.1,0.2,0.1,0.0,0.0,0.0,0.8,0.8,0.0,0.3,0.22,1.00,0.1,22.2,,DF,144e8717
778,Cristiano Biraghi,0.1,0.2,0.6,0.12,0.33,1.1,0.6,2023-2024,30,it ITA,Fiorentina,it Serie A,29,2356,26.2,27,2,7,0.1,0.2,0.3,0.1,0.0,0.0,0.0,1.1,0.6,0.0,0.6,0.12,0.33,0.2,35.3,,DF,9e1577aa
779,Andrea Cambiaso,0.1,0.3,1.1,0.07,0.25,1.1,0.4,2023-2024,23,it ITA,Juventus,it Serie A,34,2372,26.4,28,6,1,0.1,0.1,0.2,0.1,0.0,0.0,0.0,1.1,0.4,0.0,1.1,0.07,0.25,0.3,27.6,,MF,247ed022
780,Jóhann Berg Guðmundsson,0.1,0.5,1.1,0.07,0.17,0.3,1.1,2023-2024,32,is ISL,Burnley,eng Premier League,26,1192,13.2,12,14,5,0.1,0.2,0.3,0.1,0.0,0.0,0.0,0.3,1.1,0.0,1.1,0.07,0.17,0.5,40.0,,MF,f72293fc
781,Mattéo Guendouzi,0.1,0.3,1.1,0.07,0.22,0.6,0.9,2023-2024,24,fr FRA,2 Teams,2 Comps,35,2386,26.5,27,8,1,0.1,0.1,0.2,0.1,0.0,0.0,0.0,0.6,0.9,0.0,1.1,0.07,0.22,0.3,32.1,,MF,5ea8ef20
782,Adrien Thomasson,0.1,0.5,2.3,0.03,0.17,1.1,0.7,2023-2024,29,fr FRA,Lens,fr Ligue 1,29,1193,13.3,13,16,4,0.1,0.2,0.2,0.1,0.0,0.0,0.0,1.1,0.7,0.0,2.3,0.03,0.17,0.5,19.4,,MF,c76b7567
783,Destiny Udogie,0.1,0.2,0.3,0.22,0.40,1.2,1.4,2023-2024,20,it ITA,Tottenham Hotspur,eng Premier League,28,2391,26.6,28,0,0,0.1,0.1,0.2,0.1,0.0,0.0,0.0,1.2,1.4,0.0,0.3,0.22,0.40,0.2,55.6,,DF,7cd520e8
784,Fabián Ruiz Peña,0.1,0.5,1.4,0.05,0.17,1.7,0.9,2023-2024,27,es ESP,Paris Saint-Germain,fr Ligue 1,21,1197,13.3,14,7,7,0.1,0.2,0.3,0.1,0.0,0.0,0.0,1.7,0.9,0.0,1.4,0.05,0.17,0.5,31.6,,MF,c0c7ff58
785,Lewis Miley,0.1,0.2,1.0,0.08,0.33,1.6,0.6,2023-2024,17,eng ENG,Newcastle United,eng Premier League,17,1202,13.4,14,3,1,0.1,0.2,0.3,0.1,0.0,0.0,0.0,1.6,0.6,0.0,1.0,0.08,0.33,0.2,23.1,,MF,2c6835e5
786,Matteo Darmian,0.1,0.2,0.4,0.20,0.33,0.9,0.6,2023-2024,33,it ITA,Inter,it Serie A,33,2404,26.7,27,6,5,0.1,0.0,0.1,0.1,0.0,0.0,0.0,0.9,0.6,0.0,0.4,0.20,0.33,0.2,60.0,,MFDF,96e0490d
787,Hamza Rafia,0.1,0.2,1.2,0.06,0.33,2.2,0.8,2023-2024,24,tn TUN,Lecce,it Serie A,28,1204,13.4,17,11,7,0.1,0.0,0.1,0.1,0.0,0.0,0.0,2.2,0.8,0.0,1.2,0.06,0.33,0.2,18.8,,MF,6b587d3d
788,Andros Townsend,0.1,0.5,1.5,0.05,0.14,1.0,0.3,2023-2024,32,eng ENG,Luton Town,eng Premier League,27,1210,13.4,14,13,3,0.1,0.2,0.3,0.1,0.0,0.0,0.0,1.0,0.3,0.0,1.5,0.05,0.14,0.5,35.0,,MFFW,b28bbd58
789,András Schäfer,0.1,0.4,1.6,0.05,0.20,1.1,1.5,2023-2024,24,hu HUN,Union Berlin,de Bundesliga,20,1214,13.5,14,6,0,0.1,0.1,0.2,0.1,0.0,0.0,0.0,1.1,1.5,0.0,1.6,0.05,0.20,0.4,23.8,,MF,049751d7
790,Janik Haberer,0.1,0.3,1.1,0.07,0.25,1.8,1.0,2023-2024,29,de GER,Union Berlin,de Bundesliga,21,1221,13.6,14,7,7,0.1,0.1,0.1,0.1,0.0,0.0,0.0,1.8,1.0,0.0,1.1,0.07,0.25,0.3,26.7,,MF,70dcf94d
791,Joakim Mæhle,0.1,0.2,0.7,0.10,0.33,1.5,1.1,2023-2024,26,dk DEN,Wolfsburg,de Bundesliga,30,2452,27.2,27,3,1,0.1,0.1,0.2,0.1,0.0,0.0,0.0,1.5,1.1,0.0,0.7,0.10,0.33,0.2,30.0,,DFMF,c459a650
792,Arsen Zakharyan,0.1,0.7,2.4,0.03,0.11,1.1,0.3,2023-2024,20,ru RUS,Real Sociedad,es La Liga,29,1228,13.6,15,14,2,0.1,0.1,0.2,0.1,0.0,0.0,0.0,1.1,0.3,0.0,2.4,0.03,0.11,0.7,27.3,,MFFW,7f14ec2a
793,Sergi Canós,0.1,1.2,3.1,0.02,0.06,1.0,0.8,2023-2024,26,es ESP,Valencia,es La Liga,27,1229,13.7,15,12,1,0.1,0.1,0.2,0.1,0.0,0.0,0.0,1.0,0.8,0.0,3.1,0.02,0.06,1.2,39.5,,MF,1137759d
794,Dango Ouattara,0.1,0.5,2.2,0.03,0.14,1.9,1.5,2023-2024,21,bf BFA,Bournemouth,eng Premier League,30,1229,13.7,12,18,2,0.1,0.1,0.2,0.1,0.0,0.0,0.0,1.9,1.5,0.0,2.2,0.03,0.14,0.5,23.3,,DFMF,2f9e4435
795,Jacopo Fazzini,0.1,0.3,1.7,0.04,0.25,1.8,0.8,2023-2024,20,it ITA,Empoli,it Serie A,31,1232,13.7,14,17,1,0.1,0.1,0.1,0.1,0.0,0.0,0.0,1.8,0.8,0.0,1.7,0.04,0.25,0.3,17.4,,MF,06b08c45
796,Pau Torres,0.1,0.2,0.4,0.17,0.40,0.6,0.4,2023-2024,26,es ESP,Aston Villa,eng Premier League,29,2464,27.4,27,2,5,0.1,0.0,0.1,0.1,0.0,0.0,0.0,0.6,0.4,0.0,0.4,0.17,0.40,0.2,41.7,,DF,532e1e4f
797,Jean-Charles Castelletto,0.1,0.2,0.4,0.20,0.33,1.1,1.2,2023-2024,28,cm CMR,Nantes,fr Ligue 1,28,2464,27.4,28,0,0,0.1,0.0,0.1,0.1,0.0,0.0,0.0,1.1,1.2,0.0,0.4,0.20,0.33,0.2,60.0,,DF,e0f3a1f6
798,Christopher Jullien,0.1,0.1,0.5,0.14,1.00,1.0,0.8,2023-2024,30,fr FRA,Montpellier,fr Ligue 1,20,1233,13.7,13,7,8,0.1,0.0,0.1,0.1,0.0,0.0,0.0,1.0,0.8,0.0,0.5,0.14,1.00,0.1,14.3,,DF,f323d995
799,Vitaliy Mykolenko,0.1,0.2,0.9,0.08,0.40,1.3,1.2,2023-2024,24,ua UKR,Everton,eng Premier League,28,2469,27.4,28,0,4,0.1,0.0,0.1,0.1,0.0,0.0,0.0,1.3,1.2,0.0,0.9,0.08,0.40,0.2,19.2,,DF,30d4a2e5
800,Robin Le Normand,0.1,0.2,0.3,0.22,0.40,0.8,1.0,2023-2024,26,es ESP,Real Sociedad,es La Liga,29,2469,27.4,28,1,6,0.1,0.0,0.1,0.1,0.0,0.0,0.0,0.8,1.0,0.0,0.3,0.22,0.40,0.2,55.6,,DF,9a64e67e
801,Nico Elvedi,0.1,0.3,0.7,0.11,0.29,0.8,1.5,2023-2024,26,ch SUI,Gladbach,de Bundesliga,30,2482,27.6,28,2,1,0.1,0.0,0.1,0.1,0.0,0.0,0.0,0.8,1.5,0.0,0.7,0.11,0.29,0.3,38.9,,DF,48035304
802,Silvan Widmer,0.1,0.2,1.0,0.07,0.33,0.7,1.1,2023-2024,30,ch SUI,Mainz 05,de Bundesliga,20,1242,13.8,13,7,5,0.1,0.2,0.3,0.1,0.0,0.0,0.0,0.7,1.1,0.0,1.0,0.07,0.33,0.2,21.4,,MFDF,f68b64fc
803,Anthony Caci,0.1,0.2,1.1,0.06,0.33,0.8,1.0,2023-2024,26,fr FRA,Mainz 05,de Bundesliga,31,2486,27.6,29,2,0,0.1,0.1,0.2,0.1,0.0,0.0,0.0,0.8,1.0,0.0,1.1,0.06,0.33,0.2,19.4,,MFDF,0118c54c
804,Frederic Guilbert,0.1,0.2,0.8,0.10,0.40,1.8,2.4,2023-2024,28,fr FRA,Strasbourg,fr Ligue 1,32,2490,27.7,29,3,1,0.1,0.0,0.1,0.1,0.0,0.0,0.0,1.8,2.4,0.0,0.8,0.10,0.40,0.2,23.8,,DFMF,5d8d7454
805,Anton Stach,0.1,0.4,1.4,0.05,0.20,1.5,2.7,2023-2024,24,de GER,2 Teams,de Bundesliga,33,2491,27.7,28,5,0,0.1,0.1,0.2,0.1,0.0,0.0,0.0,1.5,2.7,0.0,1.4,0.05,0.20,0.4,25.0,,MF,0f59a7bf
806,Matheus Henrique,0.1,0.3,0.7,0.11,0.29,1.0,0.9,2023-2024,25,br BRA,Sassuolo,it Serie A,31,2501,27.8,27,4,0,0.1,0.1,0.1,0.1,0.0,0.0,0.0,1.0,0.9,0.0,0.7,0.11,0.29,0.3,36.8,,MF,a2d9f138
807,João Cancelo,0.1,0.4,1.1,0.06,0.20,1.7,1.2,2023-2024,29,pt POR,Barcelona,es La Liga,32,2503,27.8,29,3,0,0.1,0.1,0.2,0.1,0.0,0.0,0.0,1.7,1.2,0.0,1.1,0.06,0.20,0.4,32.3,,DF,bd6351cd
808,Christian Nørgaard,0.1,0.3,1.3,0.06,0.29,1.8,1.9,2023-2024,29,dk DEN,Brentford,eng Premier League,31,2505,27.8,30,1,0,0.1,0.0,0.1,0.1,0.0,0.0,0.0,1.8,1.9,0.0,1.3,0.06,0.29,0.3,20.0,,MF,df0a4c90
809,Maximilian Arnold,0.1,0.4,1.1,0.06,0.17,1.2,0.9,2023-2024,29,de GER,Wolfsburg,de Bundesliga,30,2506,27.8,27,3,0,0.1,0.0,0.1,0.1,0.0,0.0,0.0,1.2,0.9,0.0,1.1,0.06,0.17,0.4,37.5,,MF,86e119e0
810,Manuel Akanji,0.1,0.2,0.5,0.13,0.40,1.0,0.8,2023-2024,28,ch SUI,Manchester City,eng Premier League,30,2511,27.9,28,2,4,0.1,0.0,0.1,0.1,0.0,0.0,0.0,1.0,0.8,0.0,0.5,0.13,0.40,0.2,33.3,,DFMF,89ac64a6
811,Ethan Pinnock,0.1,0.1,0.7,0.11,0.50,0.8,1.5,2023-2024,30,jm JAM,Brentford,eng Premier League,29,2521,28.0,28,1,0,0.1,0.0,0.1,0.1,0.0,0.0,0.0,0.8,1.5,0.0,0.7,0.11,0.50,0.1,21.1,,DF,e541326e
812,Édgar González,0.1,0.1,0.5,0.15,0.67,0.7,1.2,2023-2024,26,es ESP,Almería,es La Liga,31,2522,28.0,30,1,1,0.1,0.0,0.1,0.1,0.0,0.0,0.0,0.7,1.2,0.0,0.5,0.15,0.67,0.1,23.1,,DFMF,49d028db
813,Philipp Lienhart,0.1,0.2,0.5,0.14,0.33,0.9,1.1,2023-2024,27,at AUT,Freiburg,de Bundesliga,15,1265,14.1,14,1,1,0.1,0.0,0.1,0.1,0.0,0.0,0.0,0.9,1.1,0.0,0.5,0.14,0.33,0.2,42.9,,DF,302527b2
814,Gabriel Gudmundsson,0.1,0.4,1.1,0.07,0.20,1.1,1.1,2023-2024,24,se SWE,Lille,fr Ligue 1,25,1267,14.1,14,11,9,0.1,0.0,0.1,0.1,0.0,0.0,0.0,1.1,1.1,0.0,1.1,0.07,0.20,0.4,33.3,,MFDF,d5d22a58
815,Gastón Álvarez,0.1,0.1,0.5,0.14,0.67,1.3,1.2,2023-2024,23,uy URU,Getafe,es La Liga,34,2537,28.2,29,5,2,0.1,0.0,0.1,0.1,0.0,0.0,0.0,1.3,1.2,0.0,0.5,0.14,0.67,0.1,21.4,,DF,852ddfb8
816,Niklas Schmidt,0.1,0.9,1.4,0.05,0.08,1.6,0.4,2023-2024,25,de GER,Toulouse,fr Ligue 1,22,1269,14.1,15,7,4,0.1,0.1,0.1,0.1,0.0,0.0,0.0,1.6,0.4,0.0,1.4,0.05,0.08,0.9,65.0,,MF,b9ae8560
817,Raúl de Tomás,0.1,0.8,2.8,0.00,0.00,0.4,0.1,2023-2024,28,es ESP,Rayo Vallecano,es La Liga,25,1272,14.1,15,10,11,0.1,0.1,0.2,0.0,0.1,0.1,0.0,0.4,0.1,0.0,2.8,0.00,0.00,0.8,30.8,,FW,02ef8778
818,Habib Keita,0.1,0.4,1.4,0.05,0.20,1.3,2.0,2023-2024,21,ml MLI,Clermont Foot,fr Ligue 1,27,1278,14.2,12,15,7,0.1,0.0,0.1,0.1,0.0,0.0,0.0,1.3,2.0,0.0,1.4,0.05,0.20,0.4,25.0,,MF,cc588cbe
819,Álex Suárez,0.1,0.2,0.2,0.29,0.40,1.3,0.6,2023-2024,30,es ESP,Las Palmas,es La Liga,32,2562,28.5,30,2,5,0.1,0.0,0.1,0.1,0.0,0.0,0.0,1.3,0.6,0.0,0.2,0.29,0.40,0.2,71.4,,DF,9c137b36
820,Alex Baena,0.1,0.9,2.5,0.03,0.08,0.7,0.5,2023-2024,22,es ESP,Villarreal,es La Liga,34,2579,28.7,33,1,0,0.1,0.5,0.6,0.1,0.0,0.0,0.0,0.7,0.5,0.0,2.5,0.03,0.08,0.9,35.6,,MFFW,518f2234
821,Axel Disasi,0.1,0.1,0.6,0.13,0.50,0.7,0.6,2023-2024,25,fr FRA,Chelsea,eng Premier League,31,2579,28.7,29,2,4,0.1,0.0,0.1,0.1,0.0,0.0,0.0,0.7,0.6,0.0,0.6,0.13,0.50,0.1,25.0,,DF,ad82197c
822,Joan Gonzàlez,0.1,0.3,0.9,0.08,0.20,1.3,0.3,2023-2024,21,es ESP,Lecce,it Serie A,29,1291,14.3,13,16,8,0.1,0.1,0.1,0.1,0.0,0.0,0.0,1.3,0.3,0.0,0.9,0.08,0.20,0.3,38.5,,MF,f025eade
823,Marcos Acuña,0.1,0.3,0.6,0.11,0.25,1.4,0.2,2023-2024,31,ar ARG,Sevilla,es La Liga,21,1292,14.4,18,3,2,0.1,0.1,0.2,0.1,0.0,0.0,0.0,1.4,0.2,0.0,0.6,0.11,0.25,0.3,44.4,,DFMF,81442ecb
824,Maxime Gonalons,0.1,0.2,0.9,0.08,0.33,2.3,1.3,2023-2024,34,fr FRA,Clermont Foot,fr Ligue 1,21,1296,14.4,17,4,1,0.1,0.0,0.1,0.1,0.0,0.0,0.0,2.3,1.3,0.0,0.9,0.08,0.33,0.2,23.1,,MF,b8c1de25
825,Albert Sambi Lokonga,0.1,0.1,0.6,0.13,0.50,1.2,0.8,2023-2024,23,be BEL,Luton Town,eng Premier League,17,1303,14.5,16,1,0,0.1,0.2,0.3,0.1,0.0,0.0,0.0,1.2,0.8,0.0,0.6,0.13,0.50,0.1,25.0,,MF,1b4f1169
826,Jordan Clark,0.1,0.3,1.2,0.06,0.25,1.1,0.7,2023-2024,29,eng ENG,Luton Town,eng Premier League,23,1304,14.5,14,9,4,0.1,0.1,0.1,0.1,0.0,0.0,0.0,1.1,0.7,0.0,1.2,0.06,0.25,0.3,23.5,,MF,7c5fa6cf
827,Dani Rodríguez,0.1,0.1,0.9,0.07,0.50,0.9,0.5,2023-2024,35,es ESP,Mallorca,es La Liga,36,2615,29.1,31,5,1,0.1,0.1,0.2,0.1,0.0,0.0,0.0,0.9,0.5,0.0,0.9,0.07,0.50,0.1,14.8,,MF,70f8e0bd
828,Leonardo Spinazzola,0.1,0.2,0.5,0.13,0.33,0.5,0.2,2023-2024,30,it ITA,Roma,it Serie A,24,1312,14.6,15,9,6,0.1,0.1,0.2,0.1,0.0,0.0,0.0,0.5,0.2,0.0,0.5,0.13,0.33,0.2,37.5,,MFDF,3626daea
829,Carmona,0.1,0.2,0.8,0.08,0.33,1.4,1.5,2023-2024,21,es ESP,Getafe,es La Liga,30,1313,14.6,15,15,1,0.1,0.1,0.1,0.1,0.0,0.0,0.0,1.4,1.5,0.0,0.8,0.08,0.33,0.2,25.0,,MFDF,2dce876a
830,Andy Diouf,0.1,0.5,1.9,0.04,0.13,1.3,0.1,2023-2024,20,fr FRA,Lens,fr Ligue 1,25,1314,14.6,16,9,8,0.1,0.0,0.1,0.1,0.0,0.0,0.0,1.3,0.1,0.0,1.9,0.04,0.13,0.5,28.6,,MF,9b5237b1
831,Valentino Livramento,0.1,0.1,0.3,0.25,0.50,1.0,1.6,2023-2024,20,eng ENG,Newcastle United,eng Premier League,26,1314,14.6,12,14,7,0.1,0.0,0.1,0.1,0.0,0.0,0.0,1.0,1.6,0.0,0.3,0.25,0.50,0.1,50.0,,DF,afed6722
832,Hugo Guillamón,0.1,0.1,0.2,0.33,0.50,1.0,0.8,2023-2024,23,es ESP,Valencia,es La Liga,26,1315,14.6,12,14,11,0.1,0.0,0.1,0.1,0.0,0.0,0.0,1.0,0.8,0.0,0.2,0.33,0.50,0.1,66.7,,MF,f7c12fbf
833,Javier Muñoz,0.1,0.3,1.3,0.05,0.22,0.8,0.7,2023-2024,28,es ESP,Las Palmas,es La Liga,37,2640,29.3,30,7,0,0.1,0.1,0.2,0.1,0.0,0.0,0.0,0.8,0.7,0.0,1.3,0.05,0.22,0.3,23.7,,MF,ec7c84c2
834,Antony,0.1,1.1,2.9,0.02,0.06,1.5,0.7,2023-2024,23,br BRA,Manchester Utd,eng Premier League,29,1324,14.7,15,14,4,0.1,0.1,0.1,0.1,0.0,0.0,0.0,1.5,0.7,0.0,2.9,0.02,0.06,1.1,37.2,,MF,99127249
835,João Gomes,0.1,0.3,0.9,0.08,0.25,2.5,0.6,2023-2024,22,br BRA,Wolves,eng Premier League,34,2649,29.4,32,2,1,0.1,0.0,0.1,0.1,0.0,0.0,0.0,2.5,0.6,0.0,0.9,0.08,0.25,0.3,30.8,,MF,8b57ad2c
836,Anel Ahmedhodžić,0.1,0.2,0.6,0.11,0.40,1.2,1.1,2023-2024,24,ba BIH,Sheffield United,eng Premier League,31,2649,29.4,29,2,0,0.1,0.0,0.1,0.1,0.0,0.0,0.0,1.2,1.1,0.0,0.6,0.11,0.40,0.2,26.3,,DF,eab957a3
837,Johnny Cardoso,0.1,0.2,0.8,0.08,0.33,2.0,2.1,2023-2024,21,us USA,Real Betis,es La Liga,17,1328,14.8,15,2,2,0.1,0.1,0.2,0.1,0.0,0.0,0.0,2.0,2.1,0.0,0.8,0.08,0.33,0.2,25.0,,MF,7426f085
838,Victor Lindelöf,0.1,0.3,0.4,0.17,0.25,0.7,0.9,2023-2024,29,se SWE,Manchester Utd,eng Premier League,19,1328,14.8,14,5,2,0.1,0.1,0.1,0.1,0.0,0.0,0.0,0.7,0.9,0.0,0.4,0.17,0.25,0.3,66.7,,DF,f5deef4c
839,Copete,0.1,0.1,0.5,0.14,1.00,1.8,2.2,2023-2024,23,es ESP,Mallorca,es La Liga,19,1333,14.8,17,2,16,0.1,0.1,0.1,0.1,0.0,0.0,0.0,1.8,2.2,0.0,0.5,0.14,1.00,0.1,14.3,,DF,0f26ffd7
840,Leny Yoro,0.1,0.3,0.5,0.14,0.25,0.8,1.2,2023-2024,17,fr FRA,Lille,fr Ligue 1,32,2673,29.7,30,2,2,0.1,0.0,0.1,0.1,0.0,0.0,0.0,0.8,1.2,0.0,0.5,0.14,0.25,0.3,57.1,,DF,6763f716
841,Thilo Kehrer,0.1,0.3,0.8,0.08,0.25,1.6,1.8,2023-2024,26,de GER,2 Teams,2 Comps,19,1345,14.9,15,4,14,0.1,0.1,0.1,0.1,0.0,0.0,0.0,1.6,1.8,0.0,0.8,0.08,0.25,0.3,33.3,,DF,51dbeea9
842,Tom Krauß,0.1,0.1,1.2,0.06,0.50,2.2,1.3,2023-2024,22,de GER,Mainz 05,de Bundesliga,29,1346,15.0,13,16,3,0.1,0.1,0.2,0.1,0.0,0.0,0.0,2.2,1.3,0.0,1.2,0.06,0.50,0.1,11.1,,MF,9f77012e
843,Philipp Max,0.1,0.1,0.5,0.13,0.50,1.3,0.5,2023-2024,29,de GER,Eintracht Frankfurt,de Bundesliga,23,1350,15.0,17,6,11,0.1,0.1,0.2,0.1,0.0,0.0,0.0,1.3,0.5,0.0,0.5,0.13,0.50,0.1,25.0,,MFDF,826e8b63
844,Marius Bülter,0.1,0.4,1.4,0.05,0.17,0.7,0.7,2023-2024,30,de GER,Hoffenheim,de Bundesliga,30,1351,15.0,15,15,1,0.1,0.3,0.3,0.1,0.0,0.0,0.0,0.7,0.7,0.0,1.4,0.05,0.17,0.4,28.6,,MF,ab5b7dc1
845,Federico Fazio,0.1,0.1,0.5,0.13,0.50,0.7,1.1,2023-2024,36,ar ARG,Salernitana,it Serie A,17,1355,15.1,15,2,8,0.1,0.0,0.1,0.1,0.0,0.0,0.0,0.7,1.1,0.0,0.5,0.13,0.50,0.1,25.0,,DF,4e358a2d
846,Danilo Cataldi,0.1,0.1,0.8,0.08,0.50,0.7,1.2,2023-2024,28,it ITA,Lazio,it Serie A,28,1361,15.1,15,13,9,0.1,0.0,0.1,0.1,0.0,0.0,0.0,0.7,1.2,0.0,0.8,0.08,0.50,0.1,16.7,,MF,ba3d3bea
847,Dan Burn,0.1,0.2,0.8,0.09,0.33,1.1,1.2,2023-2024,31,eng ENG,Newcastle United,eng Premier League,33,2726,30.3,32,1,0,0.1,0.1,0.1,0.1,0.0,0.0,0.0,1.1,1.2,0.0,0.8,0.09,0.33,0.2,26.1,,DF,b2d31e83
848,Kevin Kampl,0.1,0.1,0.4,0.17,1.00,0.5,0.7,2023-2024,32,si SVN,RB Leipzig,de Bundesliga,26,1363,15.1,14,12,7,0.1,0.0,0.1,0.1,0.0,0.0,0.0,0.5,0.7,0.0,0.4,0.17,1.00,0.1,16.7,,MF,b825a650
849,Reda Khadra,0.1,0.8,1.5,0.04,0.08,0.6,0.0,2023-2024,22,de GER,Reims,fr Ligue 1,29,1368,15.2,14,15,5,0.1,0.2,0.3,0.1,0.0,0.0,0.0,0.6,0.0,0.0,1.5,0.04,0.08,0.8,52.2,,MFFW,88acf83f
850,Robin Koch,0.1,0.2,0.8,0.08,0.40,0.7,1.0,2023-2024,27,de GER,Eintracht Frankfurt,de Bundesliga,31,2738,30.4,31,0,0,0.1,0.0,0.1,0.1,0.0,0.0,0.0,0.7,1.0,0.0,0.8,0.08,0.40,0.2,20.8,,DF,ea6bc03a
851,David Raum,0.1,0.1,0.5,0.14,0.50,1.1,1.0,2023-2024,25,de GER,RB Leipzig,de Bundesliga,31,2739,30.4,31,0,2,0.1,0.3,0.3,0.1,0.0,0.0,0.0,1.1,1.0,0.0,0.5,0.14,0.50,0.1,28.6,,DF,7d450ed3
852,Saúl Ñíguez,0.1,0.3,1.0,0.06,0.25,2.6,1.0,2023-2024,28,es ESP,Atlético Madrid,es La Liga,34,1374,15.3,14,20,3,0.1,0.3,0.3,0.1,0.0,0.0,0.0,2.6,1.0,0.0,1.0,0.06,0.25,0.3,25.0,,MF,c14bc029
853,Raphaël Varane,0.1,0.1,0.5,0.13,0.50,0.7,0.9,2023-2024,30,fr FRA,Manchester Utd,eng Premier League,22,1375,15.3,16,6,4,0.1,0.0,0.1,0.1,0.0,0.0,0.0,0.7,0.9,0.0,0.5,0.13,0.50,0.1,25.0,,DF,9f8e9423
854,Angelo Fulgini,0.1,0.7,3.0,0.02,0.10,0.9,0.5,2023-2024,26,fr FRA,Lens,fr Ligue 1,29,1376,15.3,16,13,5,0.1,0.1,0.2,0.1,0.0,0.0,0.0,0.9,0.5,0.0,3.0,0.02,0.10,0.7,21.7,,MF,4b96c347
855,Julian Weigl,0.1,0.2,0.6,0.00,0.00,1.3,1.5,2023-2024,27,de GER,Gladbach,de Bundesliga,31,2764,30.7,31,0,0,0.1,0.1,0.2,0.0,0.1,0.1,0.0,1.3,1.5,0.0,0.6,0.00,0.00,0.2,31.6,,MF,346d51d9
856,Christopher Wooh,0.1,0.1,0.6,0.10,0.50,0.7,1.2,2023-2024,21,cm CMR,Rennes,fr Ligue 1,18,1388,15.4,15,3,12,0.1,0.0,0.1,0.1,0.0,0.0,0.0,0.7,1.2,0.0,0.6,0.10,0.50,0.1,20.0,,DF,b003239d
857,Gautier Lloris,0.1,0.2,0.5,0.13,0.40,0.9,1.1,2023-2024,28,fr FRA,Le Havre,fr Ligue 1,31,2778,30.9,31,0,2,0.1,0.0,0.1,0.1,0.0,0.0,0.0,0.9,1.1,0.0,0.5,0.13,0.40,0.2,31.3,,DF,ac89503b
858,Axel Witsel,0.1,0.1,0.2,0.29,0.67,0.7,0.5,2023-2024,34,be BEL,Atlético Madrid,es La Liga,35,2783,30.9,30,5,1,0.1,0.0,0.1,0.1,0.0,0.0,0.0,0.7,0.5,0.0,0.2,0.29,0.67,0.1,42.9,,DF,5dfc6ad5
859,Henrikh Mkhitaryan,0.1,0.2,1.3,0.05,0.33,1.1,0.9,2023-2024,34,am ARM,Inter,it Serie A,36,2785,30.9,35,1,2,0.1,0.3,0.3,0.1,0.0,0.0,0.0,1.1,0.9,0.0,1.3,0.05,0.33,0.2,15.4,,MF,dd0daf32
860,Moussa Diarra,0.1,0.1,0.3,0.20,0.50,0.7,1.2,2023-2024,22,ml MLI,Toulouse,fr Ligue 1,22,1397,15.5,15,7,4,0.1,0.1,0.2,0.1,0.0,0.0,0.0,0.7,1.2,0.0,0.3,0.20,0.50,0.1,40.0,,DF,698f11e3
861,Fran Garcia,0.1,0.1,0.6,0.11,1.00,1.0,1.3,2023-2024,23,es ESP,Real Madrid,es La Liga,25,1398,15.5,15,10,13,0.1,0.3,0.4,0.1,0.0,0.0,0.0,1.0,1.3,0.0,0.6,0.11,1.00,0.1,11.1,,DF,7226539b
862,Nadiem Amiri,0.1,0.6,2.5,0.03,0.10,0.8,0.9,2023-2024,26,de GER,2 Teams,de Bundesliga,23,1401,15.6,16,7,11,0.1,0.3,0.3,0.1,0.0,0.1,0.1,0.8,0.9,0.0,2.5,0.03,0.10,0.6,25.6,,MF,555d5edd
863,Yacine Adli,0.1,0.1,0.3,0.25,1.00,1.1,1.2,2023-2024,23,fr FRA,Milan,it Serie A,24,1407,15.6,17,7,14,0.1,0.1,0.2,0.1,0.0,0.0,0.0,1.1,1.2,0.0,0.3,0.25,1.00,0.1,25.0,,MF,26777636
864,Nicolò Barella,0.1,0.4,1.3,0.05,0.17,0.9,0.3,2023-2024,26,it ITA,Inter,it Serie A,37,2846,31.6,34,3,0,0.1,0.1,0.2,0.1,0.0,0.0,0.0,0.9,0.3,0.0,1.3,0.05,0.17,0.4,29.3,,MF,6928979a
865,Nico Schlotterbeck,0.1,0.2,0.8,0.07,0.33,1.6,1.4,2023-2024,23,de GER,Dortmund,de Bundesliga,33,2859,31.8,32,1,1,0.1,0.0,0.1,0.1,0.0,0.0,0.0,1.6,1.4,0.0,0.8,0.07,0.33,0.2,22.2,,DF,34e12499
866,Laurent Abergel,0.1,0.3,0.8,0.08,0.18,1.7,1.9,2023-2024,30,fr FRA,Lorient,fr Ligue 1,33,2860,31.8,32,1,0,0.1,0.0,0.1,0.1,0.0,0.0,0.0,1.7,1.9,0.0,0.8,0.08,0.18,0.3,42.3,,MF,31626657
867,Ainsley Maitland-Niles,0.1,0.4,1.1,0.00,0.00,1.1,1.1,2023-2024,25,eng ENG,Lyon,fr Ligue 1,23,1432,15.9,16,7,6,0.1,0.3,0.3,0.0,0.1,0.1,0.0,1.1,1.1,0.0,1.1,0.00,0.00,0.4,33.3,,DFMF,e3a5814e
868,Lukas Klostermann,0.1,0.1,0.4,0.17,0.50,0.6,0.9,2023-2024,27,de GER,RB Leipzig,de Bundesliga,25,1436,16.0,16,9,4,0.1,0.0,0.1,0.1,0.0,0.0,0.0,0.6,0.9,0.0,0.4,0.17,0.50,0.1,33.3,,DF,ca8033cb
869,Oliver Norwood,0.1,0.4,0.9,0.00,0.00,1.6,1.2,2023-2024,32,nir NIR,Sheffield United,eng Premier League,27,1440,16.0,16,11,9,0.1,0.0,0.1,0.0,0.1,0.1,0.0,1.6,1.2,0.0,0.9,0.00,0.00,0.4,40.0,,MF,43439614
870,Junior Mwanga,0.1,0.2,1.2,0.05,0.25,1.3,1.0,2023-2024,20,fr FRA,Strasbourg,fr Ligue 1,22,1450,16.1,17,5,7,0.1,0.1,0.1,0.1,0.0,0.0,0.0,1.3,1.0,0.0,1.2,0.05,0.25,0.2,20.0,,MFFW,ee158be5
871,Federico Valverde,0.1,0.6,1.7,0.04,0.11,1.1,1.3,2023-2024,25,uy URU,Real Madrid,es La Liga,37,2904,32.3,33,4,1,0.1,0.2,0.3,0.1,0.0,0.0,0.0,1.1,1.3,0.0,1.7,0.04,0.11,0.6,33.9,,MF,0959c2a2
872,Dan-Axel Zagadou,0.1,0.1,0.7,0.09,0.50,0.9,1.4,2023-2024,24,fr FRA,Stuttgart,de Bundesliga,19,1453,16.1,16,3,0,0.1,0.0,0.1,0.1,0.0,0.0,0.0,0.9,1.4,0.0,0.7,0.09,0.50,0.1,18.2,,DF,a4effc55
873,Pablo Maffeo,0.1,0.2,0.7,0.09,0.25,1.3,0.7,2023-2024,26,es ESP,Mallorca,es La Liga,22,1454,16.2,17,5,5,0.1,0.1,0.2,0.1,0.0,0.0,0.0,1.3,0.7,0.0,0.7,0.09,0.25,0.2,36.4,,DFMF,5db04597
874,Étienne Capoue,0.1,0.3,0.9,0.07,0.20,1.3,1.4,2023-2024,35,fr FRA,Villarreal,es La Liga,32,1455,16.2,15,17,5,0.1,0.1,0.1,0.1,0.0,0.0,0.0,1.3,1.4,0.0,0.9,0.07,0.20,0.3,35.7,,MF,5acc4a10
875,Issiaga Sylla,0.1,0.3,0.7,0.08,0.20,1.1,1.4,2023-2024,29,gn GUI,Montpellier,fr Ligue 1,19,1455,16.2,17,2,1,0.1,0.1,0.2,0.1,0.0,0.0,0.0,1.1,1.4,0.0,0.7,0.08,0.20,0.3,41.7,,DFMF,b99bec05
876,Harry Toffolo,0.1,0.3,0.5,0.13,0.20,0.9,0.7,2023-2024,27,eng ENG,Nottingham Forest,eng Premier League,23,1459,16.2,15,8,9,0.1,0.2,0.2,0.1,0.0,0.0,0.0,0.9,0.7,0.0,0.5,0.13,0.20,0.3,62.5,,DFMF,a105d46a
877,Moussa Niakhate,0.1,0.1,0.3,0.20,1.00,1.5,0.9,2023-2024,27,sn SEN,Nottingham Forest,eng Premier League,21,1460,16.2,15,6,12,0.1,0.0,0.1,0.1,0.0,0.0,0.0,1.5,0.9,0.0,0.3,0.20,1.00,0.1,20.0,,DF,00242715
878,Djibril Sow,0.1,0.3,1.1,0.06,0.20,1.3,1.1,2023-2024,26,ch SUI,Sevilla,es La Liga,24,1460,16.2,18,6,3,0.1,0.1,0.1,0.1,0.0,0.0,0.0,1.3,1.1,0.0,1.1,0.06,0.20,0.3,27.8,,MF,4c6facae
879,Ohis Felix Uduokhai,0.1,0.1,0.4,0.15,0.67,0.6,1.4,2023-2024,25,de GER,Augsburg,de Bundesliga,33,2921,32.5,33,0,0,0.1,0.0,0.1,0.1,0.0,0.0,0.0,0.6,1.4,0.0,0.4,0.15,0.67,0.1,23.1,,DF,677da306
880,Julian Araujo,0.1,0.1,0.4,0.14,0.50,1.3,0.6,2023-2024,21,mx MEX,Las Palmas,es La Liga,25,1462,16.2,15,10,1,0.1,0.0,0.1,0.1,0.0,0.0,0.0,1.3,0.6,0.0,0.4,0.14,0.50,0.1,28.6,,DF,8f4541c2
881,Rasmus Nicolaisen,0.1,0.2,0.6,0.11,0.40,0.9,1.3,2023-2024,26,dk DEN,Toulouse,fr Ligue 1,33,2925,32.5,33,0,0,0.1,0.0,0.1,0.1,0.0,0.0,0.0,0.9,1.3,0.0,0.6,0.11,0.40,0.2,26.3,,DF,3f319bb9
882,Alfie Doughty,0.1,0.2,0.8,0.08,0.25,1.1,0.9,2023-2024,23,eng ENG,Luton Town,eng Premier League,37,2925,32.5,34,3,0,0.1,0.2,0.3,0.1,0.0,0.0,0.0,1.1,0.9,0.0,0.8,0.08,0.25,0.2,30.8,,MFDF,bf33b257
883,Ismail Jakobs,0.1,0.4,1.3,0.05,0.14,2.6,0.7,2023-2024,23,sn SEN,Monaco,fr Ligue 1,22,1466,16.3,16,6,2,0.1,0.1,0.2,0.1,0.0,0.0,0.0,2.6,0.7,0.0,1.3,0.05,0.14,0.4,33.3,,MFDF,a0415710
884,Warren Bondo,0.1,0.2,1.0,0.06,0.25,1.4,0.4,2023-2024,19,fr FRA,Monza,it Serie A,25,1475,16.4,14,11,11,0.1,0.1,0.1,0.1,0.0,0.0,0.0,1.4,0.4,0.0,1.0,0.06,0.25,0.2,23.5,,MF,0def2376
885,Chrislain Matsima,0.1,0.1,0.4,0.14,0.50,1.2,1.0,2023-2024,21,fr FRA,2 Teams,fr Ligue 1,20,1478,16.4,16,4,13,0.1,0.1,0.1,0.1,0.0,0.0,0.0,1.2,1.0,0.0,0.4,0.14,0.50,0.1,28.6,,DF,cf1ef7ec
886,Marcus Coco,0.1,0.2,0.5,0.11,0.33,1.8,1.3,2023-2024,27,fr FRA,Nantes,fr Ligue 1,28,1481,16.5,18,10,4,0.1,0.0,0.1,0.1,0.0,0.0,0.0,1.8,1.3,0.0,0.5,0.11,0.33,0.2,33.3,,MFDF,3010aefb
887,Piero Hincapié,0.1,0.4,1.1,0.06,0.17,1.3,0.8,2023-2024,21,ec ECU,Leverkusen,de Bundesliga,26,1484,16.5,16,10,5,0.1,0.1,0.2,0.1,0.0,0.0,0.0,1.3,0.8,0.0,1.1,0.06,0.17,0.4,33.3,,DF,0c7a48f8
888,Kenny Lala,0.1,0.2,0.4,0.14,0.29,1.5,0.8,2023-2024,31,mg MAD,Brest,fr Ligue 1,33,2970,33.0,33,0,0,0.1,0.1,0.2,0.1,0.0,0.0,0.0,1.5,0.8,0.0,0.4,0.14,0.29,0.2,50.0,,DF,770d7eb8
889,Andrea Carboni,0.1,0.2,1.1,0.06,0.25,1.3,1.0,2023-2024,22,it ITA,Monza,it Serie A,21,1487,16.5,16,5,9,0.1,0.0,0.1,0.1,0.0,0.0,0.0,1.3,1.0,0.0,1.1,0.06,0.25,0.2,22.2,,DF,f7e2af2c
890,Tom Cairney,0.1,0.5,1.0,0.06,0.13,1.0,0.7,2023-2024,32,sct SCO,Fulham,eng Premier League,34,1488,16.5,14,20,4,0.1,0.2,0.3,0.1,0.0,0.0,0.0,1.0,0.7,0.0,1.0,0.06,0.13,0.5,47.1,,MF,a8748947
891,Alberto Dossena,0.1,0.2,0.7,0.08,0.33,1.1,1.4,2023-2024,24,it ITA,Cagliari,it Serie A,35,2977,33.1,33,2,1,0.1,0.1,0.2,0.1,0.0,0.0,0.0,1.1,1.4,0.0,0.7,0.08,0.33,0.2,25.0,,DF,61efb926
892,Karim Onisiwo,0.1,0.4,2.0,0.03,0.14,0.5,0.1,2023-2024,31,at AUT,Mainz 05,de Bundesliga,24,1493,16.6,17,7,2,0.1,0.2,0.2,0.1,0.0,0.0,0.0,0.5,0.1,0.0,2.0,0.03,0.14,0.4,21.2,,FWMF,f26834c7
893,Óscar Mingueza,0.1,0.4,0.8,0.07,0.15,1.1,0.6,2023-2024,24,es ESP,Celta Vigo,es La Liga,38,2998,33.3,33,5,0,0.1,0.1,0.1,0.1,0.0,0.0,0.0,1.1,0.6,0.0,0.8,0.07,0.15,0.4,46.4,,DFMF,056269d7
894,Konstantinos Mavropanos,0.1,0.2,0.7,0.08,0.33,0.9,1.4,2023-2024,25,gr GRE,West Ham United,eng Premier League,19,1500,16.7,16,3,10,0.1,0.0,0.1,0.1,0.0,0.0,0.0,0.9,1.4,0.0,0.7,0.08,0.33,0.2,25.0,,DF,00963611
895,Tim Ream,0.1,0.1,0.1,1.00,1.00,0.5,1.6,2023-2024,35,us USA,Fulham,eng Premier League,18,1503,16.7,17,1,13,0.1,0.0,0.1,0.1,0.0,0.0,0.0,0.5,1.6,0.0,0.1,1.00,1.00,0.1,100.0,,DF,28b40c9c
896,Fabian Nürnberger,0.1,0.4,1.1,0.05,0.17,1.2,1.0,2023-2024,24,bg BUL,Darmstadt 98,de Bundesliga,21,1513,16.8,17,4,0,0.1,0.1,0.1,0.1,0.0,0.0,0.0,1.2,1.0,0.0,1.1,0.05,0.17,0.4,31.6,,MF,178018f9
897,Niklas Süle,0.1,0.1,0.4,0.14,1.00,0.6,1.4,2023-2024,27,de GER,Dortmund,de Bundesliga,23,1514,16.8,14,9,9,0.1,0.0,0.1,0.1,0.0,0.0,0.0,0.6,1.4,0.0,0.4,0.14,1.00,0.1,14.3,,DF,e33c06cf
898,Miguel Gutiérrez,0.1,0.1,1.0,0.06,0.40,0.5,0.7,2023-2024,22,es ESP,Girona,es La Liga,35,3032,33.7,35,0,1,0.1,0.2,0.3,0.1,0.0,0.0,0.0,0.5,0.7,0.0,1.0,0.06,0.40,0.1,14.7,,DFMF,7e98cff1
899,Suso,0.1,0.4,1.5,0.04,0.17,1.0,0.3,2023-2024,29,es ESP,Sevilla,es La Liga,29,1517,16.9,15,14,1,0.1,0.2,0.3,0.1,0.0,0.0,0.0,1.0,0.3,0.0,1.5,0.04,0.17,0.4,23.1,,MF,4e219ad2
900,Valentin Gendrey,0.1,0.1,0.5,0.12,0.50,0.9,1.0,2023-2024,23,fr FRA,Lecce,it Serie A,37,3044,33.8,35,2,0,0.1,0.1,0.1,0.1,0.0,0.0,0.0,0.9,1.0,0.0,0.5,0.12,0.50,0.1,23.5,,DF,822ed0ec
901,Jon Pacheco,0.1,0.2,0.4,0.17,0.33,1.1,0.6,2023-2024,22,es ESP,Real Sociedad,es La Liga,23,1526,17.0,16,7,13,0.1,0.1,0.1,0.1,0.0,0.0,0.0,1.1,0.6,0.0,0.4,0.17,0.33,0.2,50.0,,DF,44150beb
902,Patrick Mainka,0.1,0.2,0.9,0.07,0.29,1.4,1.4,2023-2024,28,de GER,Heidenheim,de Bundesliga,34,3060,34.0,34,0,0,0.1,0.0,0.1,0.1,0.0,0.0,0.0,1.4,1.4,0.0,0.9,0.07,0.29,0.2,24.1,,DF,dd9caa07
903,Lucas,0.1,0.2,0.6,0.09,0.25,1.7,0.8,2023-2024,22,br BRA,Cádiz,es La Liga,28,1539,17.1,15,13,9,0.1,0.0,0.1,0.1,0.0,0.0,0.0,1.7,0.8,0.0,0.6,0.09,0.25,0.2,36.4,,DF,5d68f5b2
904,Mateo Kovačić,0.1,0.3,1.3,0.05,0.20,1.5,0.6,2023-2024,29,hr CRO,Manchester City,eng Premier League,30,1551,17.2,16,14,4,0.1,0.0,0.1,0.1,0.0,0.0,0.0,1.5,0.6,0.0,1.3,0.05,0.20,0.3,22.7,,MF,79c0821a
905,Miguel Ángel Rubio,0.1,0.1,0.5,0.11,0.50,0.8,1.6,2023-2024,25,es ESP,Granada,es La Liga,19,1560,17.3,17,2,11,0.1,0.0,0.1,0.1,0.0,0.0,0.0,0.8,1.6,0.0,0.5,0.11,0.50,0.1,22.2,,DF,56cafd0a
906,Manu Koné,0.1,0.5,1.4,0.04,0.13,1.5,0.8,2023-2024,22,fr FRA,Gladbach,de Bundesliga,22,1561,17.3,18,4,1,0.1,0.0,0.1,0.1,0.0,0.0,0.0,1.5,0.8,0.0,1.4,0.04,0.13,0.5,33.3,,MF,86574238
907,Neil El Aynaoui,0.1,0.5,1.3,0.05,0.13,1.2,1.8,2023-2024,22,ma MAR,Lens,fr Ligue 1,25,1566,17.4,17,8,1,0.1,0.1,0.2,0.1,0.0,0.0,0.0,1.2,1.8,0.0,1.3,0.05,0.13,0.5,36.4,,MF,17e1261b
908,Yoann Salmier,0.1,0.2,0.6,0.10,0.25,0.5,1.2,2023-2024,30,gf GUF,Le Havre,fr Ligue 1,20,1568,17.4,18,2,12,0.1,0.1,0.1,0.1,0.0,0.0,0.0,0.5,1.2,0.0,0.6,0.10,0.25,0.2,40.0,,DF,c3725db2
909,Mathías Olivera,0.1,0.1,0.7,0.08,1.00,1.7,1.1,2023-2024,25,uy URU,Napoli,it Serie A,23,1569,17.4,18,5,4,0.1,0.1,0.1,0.1,0.0,0.0,0.0,1.7,1.1,0.0,0.7,0.08,1.00,0.1,8.3,,DF,41c12f75
910,Morten Frendrup,0.1,0.1,0.9,0.07,0.50,2.1,1.4,2023-2024,22,dk DEN,Genoa,it Serie A,37,3145,34.9,36,1,0,0.1,0.1,0.2,0.1,0.0,0.0,0.0,2.1,1.4,0.0,0.9,0.07,0.50,0.1,13.3,,MF,f4d60499
911,Leonardo Bittencourt,0.1,0.3,1.8,0.03,0.20,1.0,0.7,2023-2024,29,de GER,Werder Bremen,de Bundesliga,29,1578,17.5,19,10,3,0.1,0.1,0.2,0.1,0.0,0.0,0.0,1.0,0.7,0.0,1.8,0.03,0.20,0.3,16.1,,MF,dc62fbee
912,Jan Thielmann,0.1,0.7,2.1,0.03,0.08,1.1,0.5,2023-2024,21,de GER,Köln,de Bundesliga,22,1579,17.5,20,2,1,0.1,0.0,0.1,0.1,0.0,0.0,0.0,1.1,0.5,0.0,2.1,0.03,0.08,0.7,32.4,,FWMF,fd53759d
913,Stefan de Vrij,0.1,0.2,0.6,0.10,0.33,0.7,1.4,2023-2024,31,nl NED,Inter,it Serie A,25,1586,17.6,17,8,9,0.1,0.0,0.1,0.1,0.0,0.0,0.0,0.7,1.4,0.0,0.6,0.10,0.33,0.2,30.0,,DF,d0d8dd44
914,Diogo Dalot,0.1,0.2,0.9,0.07,0.29,1.4,1.1,2023-2024,24,pt POR,Manchester Utd,eng Premier League,36,3174,35.3,35,1,1,0.1,0.1,0.1,0.1,0.0,0.0,0.0,1.4,1.1,0.0,0.9,0.07,0.29,0.2,23.3,,DF,d9565625
915,Joël Veltman,0.1,0.2,0.3,0.17,0.33,2.3,1.0,2023-2024,31,nl NED,Brighton,eng Premier League,27,1588,17.6,17,10,2,0.1,0.1,0.1,0.1,0.0,0.0,0.0,2.3,1.0,0.0,0.3,0.17,0.33,0.2,50.0,,DF,dad4b285
916,Virgil van Dijk,0.1,0.4,1.3,0.04,0.14,0.7,1.0,2023-2024,32,nl NED,Liverpool,eng Premier League,36,3177,35.3,36,0,0,0.1,0.1,0.1,0.1,0.0,0.0,0.0,0.7,1.0,0.0,1.3,0.04,0.14,0.4,31.1,,DF,e06683ca
917,Tyrick Mitchell,0.1,0.1,0.3,0.17,0.50,1.7,0.7,2023-2024,23,eng ENG,Crystal Palace,eng Premier League,37,3204,35.6,37,0,0,0.1,0.1,0.1,0.1,0.0,0.0,0.0,1.7,0.7,0.0,0.3,0.17,0.50,0.1,33.3,,DFMF,5cbd1eb0
918,Alessandro Deiola,0.1,0.3,1.4,0.04,0.17,1.2,0.6,2023-2024,27,it ITA,Cagliari,it Serie A,27,1608,17.9,19,8,10,0.1,0.0,0.1,0.1,0.0,0.0,0.0,1.2,0.6,0.0,1.4,0.04,0.17,0.3,24.0,,MF,7f267d66
919,Walace,0.1,0.3,0.8,0.07,0.22,1.2,1.2,2023-2024,28,br BRA,Udinese,it Serie A,37,3238,36.0,37,0,0,0.1,0.0,0.1,0.1,0.0,0.0,0.0,1.2,1.2,0.0,0.8,0.07,0.22,0.3,33.3,,MF,26db8853
920,Luca Pfeiffer,0.1,1.1,2.7,0.02,0.05,0.4,0.1,2023-2024,26,de GER,Darmstadt 98,de Bundesliga,24,1619,18.0,20,4,6,0.1,0.2,0.3,0.1,0.0,0.0,0.0,0.4,0.1,0.0,2.7,0.02,0.05,1.1,39.6,,FWMF,83e1f40e
921,Iago,0.1,0.4,1.0,0.06,0.14,0.9,0.9,2023-2024,26,br BRA,Augsburg,de Bundesliga,23,1622,18.0,18,5,0,0.1,0.1,0.1,0.1,0.0,0.0,0.0,0.9,0.9,0.0,1.0,0.06,0.14,0.4,38.9,,DFMF,054849d2
922,Leo Skiri Østigård,0.1,0.1,0.4,0.14,1.00,0.6,0.8,2023-2024,23,no NOR,Napoli,it Serie A,25,1625,18.1,18,7,11,0.1,0.0,0.1,0.1,0.0,0.0,0.0,0.6,0.8,0.0,0.4,0.14,1.00,0.1,14.3,,DF,b35a7399
923,Matúš Bero,0.1,0.3,1.6,0.03,0.17,1.2,0.7,2023-2024,27,sk SVK,Bochum,de Bundesliga,24,1661,18.5,20,4,0,0.1,0.1,0.1,0.1,0.0,0.0,0.0,1.2,0.7,0.0,1.6,0.03,0.17,0.3,20.0,,MFFW,b5e0af76
924,Pathé Ciss,0.1,0.4,1.2,0.05,0.13,1.3,1.5,2023-2024,29,sn SEN,Rayo Vallecano,es La Liga,31,1664,18.5,16,15,3,0.1,0.0,0.1,0.1,0.0,0.0,0.0,1.3,1.5,0.0,1.2,0.05,0.13,0.4,36.4,,MF,9a0408b6
925,Yohann Magnin,0.1,0.3,0.7,0.07,0.17,1.7,1.0,2023-2024,26,fr FRA,Clermont Foot,fr Ligue 1,31,1687,18.7,17,14,2,0.1,0.0,0.1,0.1,0.0,0.0,0.0,1.7,1.0,0.0,0.7,0.07,0.17,0.3,42.9,,MF,caa7aaea
926,Ola Aina,0.1,0.1,0.6,0.09,1.00,1.5,0.9,2023-2024,26,ng NGA,Nottingham Forest,eng Premier League,22,1692,18.8,20,2,3,0.1,0.1,0.1,0.1,0.0,0.0,0.0,1.5,0.9,0.0,0.6,0.09,1.00,0.1,9.1,,DFMF,246d153b
927,Abdul Mumin,0.1,0.1,0.3,0.17,1.00,0.5,1.0,2023-2024,25,gh GHA,Rayo Vallecano,es La Liga,20,1694,18.8,19,1,15,0.1,0.0,0.1,0.1,0.0,0.0,0.0,0.5,1.0,0.0,0.3,0.17,1.00,0.1,16.7,,DF,5487adcd
928,Gonzalo Escalante,0.1,0.2,0.7,0.07,0.33,1.2,1.4,2023-2024,30,ar ARG,Cádiz,es La Liga,25,1697,18.9,18,7,5,0.1,0.1,0.2,0.1,0.0,0.0,0.0,1.2,1.4,0.0,0.7,0.07,0.33,0.2,21.4,,MF,3f79a1c8
929,Matej Maglica,0.1,0.1,0.5,0.10,0.50,1.1,1.1,2023-2024,24,hr CRO,Darmstadt 98,de Bundesliga,26,1698,18.9,21,5,1,0.1,0.0,0.1,0.1,0.0,0.0,0.0,1.1,1.1,0.0,0.5,0.10,0.50,0.1,20.0,,DF,36cf2caf
930,Joachim Andersen,0.1,0.2,0.6,0.10,0.25,0.9,1.1,2023-2024,27,dk DEN,Crystal Palace,eng Premier League,38,3415,37.9,38,0,0,0.1,0.1,0.1,0.1,0.0,0.0,0.0,0.9,1.1,0.0,0.6,0.10,0.25,0.2,38.1,,DF,e34fc66d
931,William Saliba,0.1,0.1,0.3,0.20,0.50,0.7,0.8,2023-2024,22,fr FRA,Arsenal,eng Premier League,38,3420,38.0,38,0,0,0.1,0.0,0.1,0.1,0.0,0.0,0.0,0.7,0.8,0.0,0.3,0.20,0.50,0.1,40.0,,DF,972aeb2a
932,Max Kilman,0.1,0.2,0.4,0.14,0.33,0.5,1.0,2023-2024,26,eng ENG,Wolves,eng Premier League,38,3420,38.0,38,0,0,0.1,0.0,0.1,0.1,0.0,0.0,0.0,0.5,1.0,0.0,0.4,0.14,0.33,0.2,42.9,,DF,d0f72bf1
933,Mattias Svanberg,0.1,0.6,2.2,0.02,0.09,0.9,1.3,2023-2024,24,se SWE,Wolfsburg,de Bundesliga,25,1715,19.1,20,5,4,0.1,0.2,0.2,0.1,0.0,0.0,0.0,0.9,1.3,0.0,2.2,0.02,0.09,0.6,26.2,,MF,92d83c27
934,Rayan Cherki,0.1,0.9,3.0,0.02,0.06,0.8,0.4,2023-2024,19,fr FRA,Lyon,fr Ligue 1,33,1719,19.1,19,14,1,0.1,0.3,0.4,0.1,0.0,0.0,0.0,0.8,0.4,0.0,3.0,0.02,0.06,0.9,29.8,,MFFW,b34c63a5
935,Oleksandr Zinchenko,0.1,0.2,0.9,0.06,0.33,1.6,1.0,2023-2024,26,ua UKR,Arsenal,eng Premier League,27,1722,19.1,20,7,5,0.1,0.1,0.2,0.1,0.0,0.0,0.0,1.6,1.0,0.0,0.9,0.06,0.33,0.2,17.6,,DF,51cf8561
936,Wataru Endo,0.1,0.2,0.5,0.10,0.33,1.5,1.0,2023-2024,30,jp JPN,Liverpool,eng Premier League,29,1722,19.1,20,9,4,0.1,0.0,0.1,0.1,0.0,0.0,0.0,1.5,1.0,0.0,0.5,0.10,0.33,0.2,30.0,,MF,c149016b
937,Alessandro Florenzi,0.1,0.6,1.7,0.03,0.09,1.0,1.0,2023-2024,32,it ITA,Milan,it Serie A,31,1732,19.2,19,12,5,0.1,0.2,0.3,0.1,0.0,0.0,0.0,1.0,1.0,0.0,1.7,0.03,0.09,0.6,34.4,,DFMF,e288d4b3
938,Nemanja Gudelj,0.1,0.2,1.0,0.05,0.33,1.1,1.5,2023-2024,31,rs SRB,Sevilla,es La Liga,22,1742,19.4,20,2,2,0.1,0.1,0.1,0.1,0.0,0.0,0.0,1.1,1.5,0.0,1.0,0.05,0.33,0.2,15.8,,DFMF,0076ab7f
939,Joseph Okumu,0.1,0.2,0.6,0.09,0.33,1.4,1.8,2023-2024,26,ke KEN,Reims,fr Ligue 1,21,1743,19.4,19,2,2,0.1,0.0,0.1,0.1,0.0,0.0,0.0,1.4,1.8,0.0,0.6,0.09,0.33,0.2,27.3,,DF,039f1983
940,Rasmus Kristensen,0.1,0.2,0.5,0.11,0.33,0.9,0.4,2023-2024,26,dk DEN,Roma,it Serie A,29,1744,19.4,19,10,6,0.1,0.1,0.1,0.1,0.0,0.0,0.0,0.9,0.4,0.0,0.5,0.11,0.33,0.2,33.3,,MFDF,39769cff
941,Aurélio Buta,0.1,0.2,0.7,0.08,0.25,1.3,0.7,2023-2024,26,pt POR,Eintracht Frankfurt,de Bundesliga,30,1744,19.4,20,10,2,0.1,0.1,0.1,0.1,0.0,0.0,0.0,1.3,0.7,0.0,0.7,0.08,0.25,0.2,30.8,,MFDF,b4705807
942,Adrià Pedrosa,0.1,0.2,0.8,0.06,0.25,1.3,0.7,2023-2024,25,es ESP,Sevilla,es La Liga,31,1753,19.5,15,16,4,0.1,0.2,0.3,0.1,0.0,0.0,0.0,1.3,0.7,0.0,0.8,0.06,0.25,0.2,25.0,,DFMF,112521d1
943,Max Finkgräfe,0.1,0.2,0.6,0.08,0.25,2.2,1.2,2023-2024,19,de GER,Köln,de Bundesliga,24,1756,19.5,18,6,2,0.1,0.0,0.1,0.1,0.0,0.0,0.0,2.2,1.2,0.0,0.6,0.08,0.25,0.2,33.3,,DF,7ebd0896
944,Dayot Upamecano,0.1,0.2,0.6,0.09,0.25,1.1,0.8,2023-2024,24,fr FRA,Bayern Munich,de Bundesliga,25,1762,19.6,19,6,3,0.1,0.0,0.1,0.1,0.0,0.0,0.0,1.1,0.8,0.0,0.6,0.09,0.25,0.2,36.4,,DF,d248cd8f
945,Guillermo Maripán,0.1,0.3,0.6,0.09,0.20,0.5,1.4,2023-2024,29,cl CHI,Monaco,fr Ligue 1,23,1767,19.6,21,2,3,0.1,0.0,0.1,0.1,0.0,0.0,0.0,0.5,1.4,0.0,0.6,0.09,0.20,0.3,45.5,,DF,d9764034
946,Dan Ndoye,0.1,0.8,2.1,0.02,0.06,0.8,0.5,2023-2024,22,ch SUI,Bologna,it Serie A,32,1771,19.7,20,12,1,0.1,0.1,0.1,0.1,0.0,0.0,0.0,0.8,0.5,0.0,2.1,0.02,0.06,0.8,39.0,,MFFW,8e697a8f
947,Mads Pedersen,0.1,0.1,0.7,0.07,1.00,2.0,0.9,2023-2024,26,dk DEN,Augsburg,de Bundesliga,27,1786,19.8,19,8,3,0.1,0.1,0.1,0.1,0.0,0.0,0.0,2.0,0.9,0.0,0.7,0.07,1.00,0.1,7.1,,DFMF,582a5247
948,Lucas Torró,0.1,0.4,1.5,0.03,0.14,0.8,1.8,2023-2024,29,es ESP,Osasuna,es La Liga,28,1788,19.9,21,7,9,0.1,0.0,0.1,0.1,0.0,0.0,0.0,0.8,1.8,0.0,1.5,0.03,0.14,0.4,23.3,,MF,0e4fef6e
949,José Luis Gayà,0.1,0.1,0.5,0.10,1.00,2.0,0.6,2023-2024,28,es ESP,Valencia,es La Liga,24,1791,19.9,22,2,1,0.1,0.1,0.2,0.1,0.0,0.0,0.0,2.0,0.6,0.0,0.5,0.10,1.00,0.1,10.0,,DF,b05e2dbd
950,Levi Colwill,0.1,0.2,0.6,0.09,0.33,1.7,1.3,2023-2024,20,eng ENG,Chelsea,eng Premier League,23,1797,20.0,20,3,4,0.1,0.1,0.1,0.1,0.0,0.0,0.0,1.7,1.3,0.0,0.6,0.09,0.33,0.2,27.3,,DF,700783e7
951,Jon Moncayola,0.0,0.2,0.8,0.06,0.20,0.9,0.8,2023-2024,25,es ESP,Osasuna,es La Liga,33,1800,20.0,21,12,2,0.0,0.1,0.2,0.0,0.0,0.0,0.0,0.9,0.8,0.0,0.8,0.06,0.20,0.2,31.3,,MF,9939e168
952,Matthias Bader,0.0,0.0,0.8,0.06,1.00,1.3,1.2,2023-2024,26,de GER,Darmstadt 98,de Bundesliga,24,1802,20.0,21,3,0,0.0,0.1,0.1,0.0,0.0,0.0,0.0,1.3,1.2,0.0,0.8,0.06,1.00,0.0,5.9,,MFDF,3489184e
953,Gonzalo Villar,0.0,0.2,1.1,0.05,0.20,1.6,0.3,2023-2024,25,es ESP,Granada,es La Liga,35,1803,20.0,21,14,0,0.0,0.1,0.2,0.0,0.0,0.0,0.0,1.6,0.3,0.0,1.1,0.05,0.20,0.2,22.7,,MF,bdc74a8f
954,Jordan Lotomba,0.0,0.1,0.5,0.09,0.50,1.3,0.8,2023-2024,24,ch SUI,Nice,fr Ligue 1,28,1804,20.0,21,7,3,0.0,0.0,0.0,0.0,0.0,0.0,0.0,1.3,0.8,0.0,0.5,0.09,0.50,0.1,18.2,,DFMF,fc4cf6a7
955,Sandro Ramírez,0.0,0.9,2.6,0.02,0.05,0.3,0.2,2023-2024,28,es ESP,Las Palmas,es La Liga,27,1808,20.1,21,6,3,0.0,0.1,0.2,0.0,0.0,0.0,0.0,0.3,0.2,0.0,2.6,0.02,0.05,0.9,36.5,,FWMF,833fb62e
956,Odilon Kossounou,0.0,0.0,0.2,0.20,1.00,1.1,1.2,2023-2024,22,ci CIV,Leverkusen,de Bundesliga,22,1811,20.1,21,1,7,0.0,0.0,0.0,0.0,0.0,0.0,0.0,1.1,1.2,0.0,0.2,0.20,1.00,0.0,20.0,,DF,1f3afdcb
957,Amine Harit,0.0,0.4,1.6,0.03,0.13,0.8,0.6,2023-2024,26,ma MAR,Marseille,fr Ligue 1,28,1821,20.2,21,7,0,0.0,0.1,0.1,0.0,0.0,0.0,0.0,0.8,0.6,0.0,1.6,0.03,0.13,0.4,24.2,,MF,e7d59f4f
958,Lukas Kübler,0.0,0.1,0.4,0.13,0.33,1.2,1.9,2023-2024,30,de GER,Freiburg,de Bundesliga,26,1847,20.5,22,4,3,0.0,0.0,0.0,0.0,0.0,0.0,0.0,1.2,1.9,0.0,0.4,0.13,0.33,0.1,37.5,,DF,2a29eb9b
959,Nayef Aguerd,0.0,0.2,0.7,0.07,0.25,0.7,0.8,2023-2024,27,ma MAR,West Ham United,eng Premier League,21,1857,20.6,21,0,4,0.0,0.0,0.0,0.0,0.0,0.0,0.0,0.7,0.8,0.0,0.7,0.07,0.25,0.2,28.6,,DF,288e1e13
960,Juan Miranda,0.0,0.3,0.8,0.06,0.17,1.2,1.0,2023-2024,23,es ESP,Real Betis,es La Liga,25,1858,20.6,21,4,10,0.0,0.0,0.1,0.0,0.0,0.0,0.0,1.2,1.0,0.0,0.8,0.06,0.17,0.3,37.5,,DF,ead61f73
961,Emmanuel Gyasi,0.0,0.3,0.8,0.06,0.17,0.8,0.2,2023-2024,29,gh GHA,Empoli,it Serie A,33,1879,20.9,21,12,4,0.0,0.1,0.1,0.0,0.0,0.0,0.0,0.8,0.2,0.0,0.8,0.06,0.17,0.3,37.5,,MF,f9758dae
962,Ivan Ordets,0.0,0.3,0.8,0.06,0.17,0.6,1.4,2023-2024,31,ua UKR,Bochum,de Bundesliga,24,1880,20.9,21,3,2,0.0,0.0,0.0,0.0,0.0,0.0,0.0,0.6,1.4,0.0,0.8,0.06,0.17,0.3,37.5,,DF,86c75897
963,Marc Pubill,0.0,0.2,1.0,0.05,0.20,1.2,0.7,2023-2024,20,es ESP,Almería,es La Liga,23,1883,20.9,22,1,1,0.0,0.1,0.2,0.0,0.0,0.0,0.0,1.2,0.7,0.0,1.0,0.05,0.20,0.2,25.0,,DF,365113c0
964,Roberto Navarro,0.0,0.4,1.4,0.03,0.11,1.4,0.8,2023-2024,21,es ESP,2 Teams,es La Liga,28,1888,21.0,24,4,7,0.0,0.0,0.1,0.0,0.0,0.0,0.0,1.4,0.8,0.0,1.4,0.03,0.11,0.4,30.0,,MF,c997b942
965,Linton Maina,0.0,0.5,1.6,0.03,0.09,0.7,0.3,2023-2024,24,de GER,Köln,de Bundesliga,31,1901,21.1,21,10,0,0.0,0.1,0.2,0.0,0.0,0.0,0.0,0.7,0.3,0.0,1.6,0.03,0.09,0.5,33.3,,MF,e5d85da8
966,Lucas Hernández,0.0,0.1,0.3,0.17,0.50,1.7,1.2,2023-2024,27,fr FRA,Paris Saint-Germain,fr Ligue 1,27,1909,21.2,23,4,1,0.0,0.0,0.1,0.0,0.0,0.0,0.0,1.7,1.2,0.0,0.3,0.17,0.50,0.1,33.3,,DF,c3ee18ef
967,Kévin Van Den Kerkhof,0.0,0.3,0.9,0.05,0.14,1.2,0.6,2023-2024,27,dz ALG,Metz,fr Ligue 1,29,1913,21.3,21,8,1,0.0,0.1,0.1,0.0,0.0,0.0,0.0,1.2,0.6,0.0,0.9,0.05,0.14,0.3,35.0,,MFFW,f6a3c84d
968,Robin Knoche,0.0,0.2,0.4,0.13,0.25,1.1,0.6,2023-2024,31,de GER,Union Berlin,de Bundesliga,24,1917,21.3,20,4,7,0.0,0.0,0.0,0.0,0.0,0.0,0.0,1.1,0.6,0.0,0.4,0.13,0.25,0.2,50.0,,DF,6bd5cd5d
969,Ruben Aguilar,0.0,0.2,0.6,0.08,0.25,1.5,1.1,2023-2024,30,fr FRA,2 Teams,fr Ligue 1,25,1922,21.4,22,3,5,0.0,0.1,0.2,0.0,0.0,0.0,0.0,1.5,1.1,0.0,0.6,0.08,0.25,0.2,33.3,,MFDF,3dd738a1
970,Cristian Cásseres Jr.,0.0,0.2,0.7,0.07,0.25,1.6,1.2,2023-2024,23,ve VEN,Toulouse,fr Ligue 1,32,1946,21.6,23,9,2,0.0,0.1,0.2,0.0,0.0,0.0,0.0,1.6,1.2,0.0,0.7,0.07,0.25,0.2,26.7,,MF,f86fe8c1
971,Luca de la Torre,0.0,0.4,1.1,0.04,0.13,1.0,0.5,2023-2024,25,us USA,Celta Vigo,es La Liga,31,1956,21.7,22,9,2,0.0,0.2,0.2,0.0,0.0,0.0,0.0,1.0,0.5,0.0,1.1,0.04,0.13,0.4,33.3,,MF,e9241b40
972,Kim Min-jae,0.0,0.1,0.5,0.10,0.33,1.1,1.9,2023-2024,26,kr KOR,Bayern Munich,de Bundesliga,25,1970,21.9,22,3,3,0.0,0.0,0.1,0.0,0.0,0.0,0.0,1.1,1.9,0.0,0.5,0.10,0.33,0.1,30.0,,DF,e0f8151c
973,Matteo Prati,0.0,0.5,1.6,0.03,0.09,1.1,0.6,2023-2024,19,it ITA,Cagliari,it Serie A,26,1972,21.9,19,7,12,0.0,0.0,0.1,0.0,0.0,0.0,0.0,1.1,0.6,0.0,1.6,0.03,0.09,0.5,31.4,,MF,d8363914
974,Casemiro,0.0,0.4,1.8,0.03,0.11,2.5,0.8,2023-2024,31,br BRA,Manchester Utd,eng Premier League,25,1982,22.0,24,1,1,0.0,0.1,0.1,0.0,0.0,0.0,0.0,2.5,0.8,0.0,1.8,0.03,0.11,0.4,23.1,,MFDF,4d224fe8
975,Mads Roerslev,0.0,0.0,0.3,0.14,1.00,1.4,0.9,2023-2024,24,dk DEN,Brentford,eng Premier League,34,1985,22.1,22,12,3,0.0,0.1,0.1,0.0,0.0,0.0,0.0,1.4,0.9,0.0,0.3,0.14,1.00,0.0,14.3,,MFDF,57c94db2
976,Sandi Lovrić,0.0,0.5,1.9,0.02,0.08,0.6,1.0,2023-2024,25,si SVN,Udinese,it Serie A,29,1987,22.1,21,8,0,0.0,0.1,0.2,0.0,0.0,0.0,0.0,0.6,1.0,0.0,1.9,0.02,0.08,0.5,27.9,,MF,966eea58
977,Lorenzo Pirola,0.0,0.2,0.7,0.07,0.25,1.0,1.1,2023-2024,21,it ITA,Salernitana,it Serie A,27,1987,22.1,24,3,1,0.0,0.0,0.0,0.0,0.0,0.0,0.0,1.0,1.1,0.0,0.7,0.07,0.25,0.2,26.7,,DF,caec77da
978,Ryan Yates,0.0,0.3,1.4,0.03,0.14,1.7,0.9,2023-2024,25,eng ENG,Nottingham Forest,eng Premier League,35,1992,22.1,21,14,2,0.0,0.0,0.1,0.0,0.0,0.0,0.0,1.7,0.9,0.0,1.4,0.03,0.14,0.3,21.9,,MF,c1fe2a48
979,Phillipp Mwene,0.0,0.4,1.1,0.04,0.11,0.7,0.7,2023-2024,29,at AUT,Mainz 05,de Bundesliga,23,1996,22.2,23,0,2,0.0,0.1,0.1,0.0,0.0,0.0,0.0,0.7,0.7,0.0,1.1,0.04,0.11,0.4,37.5,,MFDF,2ff76adc
980,Ronald Araújo,0.0,0.4,1.0,0.04,0.11,1.0,0.5,2023-2024,24,uy URU,Barcelona,es La Liga,25,1997,22.2,21,4,7,0.0,0.1,0.1,0.0,0.0,0.0,0.0,1.0,0.5,0.0,1.0,0.04,0.11,0.4,39.1,,DF,2bef2bca
981,Ridle Baku,0.0,0.4,1.2,0.04,0.11,1.1,1.0,2023-2024,25,de GER,Wolfsburg,de Bundesliga,33,2013,22.4,22,11,0,0.0,0.0,0.0,0.0,0.0,0.0,0.0,1.1,1.0,0.0,1.2,0.04,0.11,0.4,33.3,,MFDF,442b56fa
982,Benedikt Gimber,0.0,0.1,0.8,0.06,0.33,1.0,0.7,2023-2024,26,de GER,Heidenheim,de Bundesliga,24,2021,22.5,24,0,5,0.0,0.0,0.1,0.0,0.0,0.0,0.0,1.0,0.7,0.0,0.8,0.06,0.33,0.1,16.7,,DF,e5f76710
983,Daniel Boloca,0.0,0.2,0.6,0.08,0.25,1.5,0.7,2023-2024,24,ro ROU,Sassuolo,it Serie A,30,2022,22.5,23,7,4,0.0,0.0,0.0,0.0,0.0,0.0,0.0,1.5,0.7,0.0,0.6,0.08,0.25,0.2,30.8,,MF,85f7ed25
984,Jordan Ferri,0.0,0.0,0.4,0.11,1.00,1.0,0.5,2023-2024,31,fr FRA,Montpellier,fr Ligue 1,30,2031,22.6,23,7,0,0.0,0.0,0.1,0.0,0.0,0.0,0.0,1.0,0.5,0.0,0.4,0.11,1.00,0.0,11.1,,MF,375622c5
985,Thomas Delaine,0.0,0.1,0.5,0.08,0.50,0.9,0.7,2023-2024,31,fr FRA,Strasbourg,fr Ligue 1,27,2044,22.7,24,3,3,0.0,0.0,0.1,0.0,0.0,0.0,0.0,0.9,0.7,0.0,0.5,0.08,0.50,0.1,16.7,,MFDF,8332db56
986,Manuel Gulde,0.0,0.0,0.5,0.08,1.00,1.2,1.0,2023-2024,32,de GER,Freiburg,de Bundesliga,27,2047,22.7,23,4,5,0.0,0.0,0.0,0.0,0.0,0.0,0.0,1.2,1.0,0.0,0.5,0.08,1.00,0.0,8.3,,DF,25ab9c9c
987,Francisco Perez,0.0,0.1,0.9,0.05,0.50,0.7,0.7,2023-2024,20,es ESP,Valencia,es La Liga,32,2049,22.8,27,5,0,0.0,0.2,0.2,0.0,0.0,0.0,0.0,0.7,0.7,0.0,0.9,0.05,0.50,0.1,10.0,,MF,3d79a68c
988,Souleymane Touré,0.0,0.4,0.8,0.06,0.11,0.6,1.4,2023-2024,20,fr FRA,2 Teams,fr Ligue 1,24,2051,22.8,23,1,5,0.0,0.0,0.1,0.0,0.0,0.0,0.0,0.6,1.4,0.0,0.8,0.06,0.11,0.4,50.0,,DF,01fd01e8
989,Michael Kayode,0.0,0.1,0.3,0.14,0.50,1.3,0.8,2023-2024,19,it ITA,Fiorentina,it Serie A,26,2058,22.9,22,4,8,0.0,0.0,0.1,0.0,0.0,0.0,0.0,1.3,0.8,0.0,0.3,0.14,0.50,0.1,28.6,,DF,e19660a8
990,Warmed Omari,0.0,0.0,0.2,0.25,1.00,0.9,1.5,2023-2024,23,km COM,Rennes,fr Ligue 1,25,2071,23.0,23,2,5,0.0,0.0,0.0,0.0,0.0,0.0,0.0,0.9,1.5,0.0,0.2,0.25,1.00,0.0,25.0,,DF,4534a352
991,Iñigo Ruiz de Galarreta,0.0,0.1,0.5,0.09,0.50,1.4,0.5,2023-2024,29,es ESP,Athletic Club,es La Liga,29,2091,23.2,25,4,0,0.0,0.0,0.1,0.0,0.0,0.0,0.0,1.4,0.5,0.0,0.5,0.09,0.50,0.1,18.2,,MF,91f7631f
992,Chris Richards,0.0,0.1,0.5,0.09,0.33,1.2,1.0,2023-2024,23,us USA,Crystal Palace,eng Premier League,26,2094,23.3,23,3,9,0.0,0.0,0.1,0.0,0.0,0.0,0.0,1.2,1.0,0.0,0.5,0.09,0.33,0.1,27.3,,DFMF,0a3d6d2b
993,Khéphren Thuram,0.0,0.5,1.7,0.03,0.09,1.2,0.7,2023-2024,22,fr FRA,Nice,fr Ligue 1,27,2108,23.4,25,2,0,0.0,0.0,0.1,0.0,0.0,0.0,0.0,1.2,0.7,0.0,1.7,0.03,0.09,0.5,28.2,,MF,7d9397f8
994,Unai López,0.0,0.2,1.4,0.03,0.20,1.2,0.7,2023-2024,27,es ESP,Rayo Vallecano,es La Liga,35,2108,23.4,28,7,2,0.0,0.1,0.1,0.0,0.0,0.0,0.0,1.2,0.7,0.0,1.4,0.03,0.20,0.2,15.6,,MF,88050721
995,Jonathan Gradit,0.0,0.0,0.2,0.25,1.00,0.9,1.5,2023-2024,30,fr FRA,Lens,fr Ligue 1,26,2112,23.5,26,0,1,0.0,0.0,0.0,0.0,0.0,0.0,0.0,0.9,1.5,0.0,0.2,0.25,1.00,0.0,25.0,,DF,06c48679
996,Juan Jesus,0.0,0.1,0.3,0.13,0.50,0.9,0.9,2023-2024,32,br BRA,Napoli,it Serie A,24,2116,23.5,23,1,6,0.0,0.0,0.0,0.0,0.0,0.0,0.0,0.9,0.9,0.0,0.3,0.13,0.50,0.1,25.0,,DF,79083382
997,Toni Kroos,0.0,0.6,1.5,0.03,0.08,1.4,0.7,2023-2024,33,de GER,Real Madrid,es La Liga,33,2124,23.6,24,9,5,0.0,0.3,0.4,0.0,0.0,0.0,0.0,1.4,0.7,0.0,1.5,0.03,0.08,0.6,37.1,,MF,6ce1f46f
998,Marvin Senaya,0.0,0.1,0.7,0.06,0.33,2.1,1.6,2023-2024,22,tg TOG,Strasbourg,fr Ligue 1,32,2138,23.8,23,9,1,0.0,0.0,0.1,0.0,0.0,0.0,0.0,2.1,1.6,0.0,0.7,0.06,0.33,0.1,18.8,,DFMF,1d383c10
999,Luca Caldirola,0.0,0.1,0.4,0.11,0.50,0.6,1.1,2023-2024,32,it ITA,Monza,it Serie A,29,2141,23.8,23,6,7,0.0,0.0,0.1,0.0,0.0,0.0,0.0,0.6,1.1,0.0,0.4,0.11,0.50,0.1,22.2,,DF,226008f1
1000,Adrien Truffert,0.0,0.3,0.8,0.05,0.14,0.9,0.8,2023-2024,21,fr FRA,Rennes,fr Ligue 1,30,2145,23.8,24,6,0,0.0,0.1,0.1,0.0,0.0,0.0,0.0,0.9,0.8,0.0,0.8,0.05,0.14,0.3,35.0,,DFMF,5d0e0a1f
1001,Diego Llorente,0.0,0.2,0.4,0.11,0.25,0.8,0.9,2023-2024,29,es ESP,Roma,it Serie A,29,2170,24.1,27,2,5,0.0,0.0,0.1,0.0,0.0,0.0,0.0,0.8,0.9,0.0,0.4,0.11,0.25,0.2,44.4,,DF,bba30585
1002,Joshua Kimmich,0.0,0.3,1.0,0.04,0.14,1.4,0.5,2023-2024,28,de GER,Bayern Munich,de Bundesliga,28,2176,24.2,27,1,0,0.0,0.2,0.3,0.0,0.0,0.0,0.0,1.4,0.5,0.0,1.0,0.04,0.14,0.3,28.0,,MFDF,49296448
1003,Sead Kolašinac,0.0,0.2,0.5,0.08,0.20,1.3,0.8,2023-2024,30,ba BIH,Atalanta,it Serie A,30,2178,24.2,25,5,2,0.0,0.0,0.0,0.0,0.0,0.0,0.0,1.3,0.8,0.0,0.5,0.08,0.20,0.2,38.5,,DF,3935e52e
1004,Azor Matusiwa,0.0,0.1,0.7,0.06,0.33,1.2,1.7,2023-2024,25,nl NED,2 Teams,fr Ligue 1,28,2179,24.2,25,3,2,0.0,0.0,0.1,0.0,0.0,0.0,0.0,1.2,1.7,0.0,0.7,0.06,0.33,0.1,16.7,,MF,a17a94d6
1005,Jordan Veretout,0.0,0.4,1.5,0.03,0.11,0.9,0.6,2023-2024,30,fr FRA,Marseille,fr Ligue 1,29,2183,24.3,24,5,0,0.0,0.1,0.1,0.0,0.0,0.0,0.0,0.9,0.6,0.0,1.5,0.03,0.11,0.4,25.0,,MF,4a56052c
1006,Dominik Kohr,0.0,0.3,1.0,0.04,0.14,1.6,1.8,2023-2024,29,de GER,Mainz 05,de Bundesliga,31,2184,24.3,27,4,0,0.0,0.0,0.0,0.0,0.0,0.0,0.0,1.6,1.8,0.0,1.0,0.04,0.14,0.3,28.0,,DFMF,0fbecd11
1007,Davide Calabria,0.0,0.3,0.9,0.05,0.13,1.6,0.9,2023-2024,26,it ITA,Milan,it Serie A,29,2185,24.3,26,3,4,0.0,0.1,0.2,0.0,0.0,0.0,0.0,1.6,0.9,0.0,0.9,0.05,0.13,0.3,38.1,,DF,2146785a
1008,Wilfried Singo,0.0,0.3,0.8,0.05,0.14,1.0,2.0,2023-2024,22,ci CIV,Monaco,fr Ligue 1,25,2187,24.3,24,1,0,0.0,0.0,0.1,0.0,0.0,0.0,0.0,1.0,2.0,0.0,0.8,0.05,0.14,0.3,36.8,,DF,8b609c34
1009,Castello Lukeba,0.0,0.1,0.3,0.14,0.33,0.5,0.6,2023-2024,20,fr FRA,RB Leipzig,de Bundesliga,32,2191,24.3,24,8,2,0.0,0.0,0.0,0.0,0.0,0.0,0.0,0.5,0.6,0.0,0.3,0.14,0.33,0.1,42.9,,DF,5b9512c5
1010,Marco Friedl,0.0,0.0,0.3,0.14,1.00,1.4,1.4,2023-2024,25,at AUT,Werder Bremen,de Bundesliga,25,2197,24.4,25,0,0,0.0,0.0,0.0,0.0,0.0,0.0,0.0,1.4,1.4,0.0,0.3,0.14,1.00,0.0,14.3,,DF,f86ad3f5
1011,Craig Dawson,0.0,0.2,0.7,0.06,0.20,0.8,0.7,2023-2024,33,eng ENG,Wolves,eng Premier League,25,2209,24.5,25,0,2,0.0,0.0,0.1,0.0,0.0,0.0,0.0,0.8,0.7,0.0,0.7,0.06,0.20,0.2,31.3,,DF,3e9e06cb
1012,Carl Starfelt,0.0,0.2,0.5,0.08,0.20,1.2,1.5,2023-2024,28,se SWE,Celta Vigo,es La Liga,27,2216,24.6,26,1,7,0.0,0.0,0.0,0.0,0.0,0.0,0.0,1.2,1.5,0.0,0.5,0.08,0.20,0.2,41.7,,DF,5cfec13d
1013,Hassane Kamara,0.0,0.3,1.1,0.04,0.13,1.3,1.0,2023-2024,29,ci CIV,Udinese,it Serie A,35,2225,24.7,27,8,2,0.0,0.0,0.1,0.0,0.0,0.0,0.0,1.3,1.0,0.0,1.1,0.04,0.13,0.3,30.8,,MF,19a12bed
1014,Kieran Trippier,0.0,0.1,0.3,0.13,0.50,1.1,1.0,2023-2024,32,eng ENG,Newcastle United,eng Premier League,28,2236,24.8,26,2,0,0.0,0.4,0.4,0.0,0.0,0.0,0.0,1.1,1.0,0.0,0.3,0.13,0.50,0.1,25.0,,DF,21512407
1015,Joe Scally,0.0,0.0,0.4,0.09,1.00,1.0,0.8,2023-2024,20,us USA,Gladbach,de Bundesliga,31,2236,24.8,25,6,3,0.0,0.2,0.2,0.0,0.0,0.0,0.0,1.0,0.8,0.0,0.4,0.09,1.00,0.0,9.1,,DFMF,236f02cd
1016,Yan Couto,0.0,0.4,1.2,0.03,0.09,1.3,0.4,2023-2024,21,br BRA,Girona,es La Liga,34,2245,24.9,24,10,1,0.0,0.3,0.4,0.0,0.0,0.0,0.0,1.3,0.4,0.0,1.2,0.03,0.09,0.4,37.9,,MFDF,1944818c
1017,Lamine Camara,0.0,0.4,1.2,0.03,0.11,1.7,1.1,2023-2024,19,sn SEN,Metz,fr Ligue 1,31,2255,25.1,26,5,1,0.0,0.2,0.2,0.0,0.0,0.0,0.0,1.7,1.1,0.0,1.2,0.03,0.11,0.4,30.0,,MF,19c2ffa4
1018,Óscar de Marcos,0.0,0.1,0.2,0.20,0.50,1.6,0.5,2023-2024,34,es ESP,Athletic Club,es La Liga,28,2258,25.1,26,2,4,0.0,0.2,0.2,0.0,0.0,0.0,0.0,1.6,0.5,0.0,0.2,0.20,0.50,0.1,40.0,,DF,9f323c71
1019,Alessandro Bastoni,0.0,0.2,0.6,0.07,0.17,1.3,1.0,2023-2024,24,it ITA,Inter,it Serie A,28,2268,25.2,28,0,6,0.0,0.1,0.2,0.0,0.0,0.0,0.0,1.3,1.0,0.0,0.6,0.07,0.17,0.2,40.0,,DF,75b86fb3
1020,Gian Marco Ferrari,0.0,0.2,0.6,0.06,0.17,0.4,1.0,2023-2024,31,it ITA,Sassuolo,it Serie A,31,2272,25.2,25,6,6,0.0,0.0,0.0,0.0,0.0,0.0,0.0,0.4,1.0,0.0,0.6,0.06,0.17,0.2,37.5,,DF,8650af85
1021,Lennard Maloney,0.0,0.1,0.6,0.07,0.33,1.1,1.0,2023-2024,23,us USA,Heidenheim,de Bundesliga,29,2284,25.4,27,2,0,0.0,0.0,0.1,0.0,0.0,0.0,0.0,1.1,1.0,0.0,0.6,0.07,0.33,0.1,21.4,,MF,75402e99
1022,Saúl Coco,0.0,0.2,0.8,0.05,0.25,0.8,0.7,2023-2024,24,gq EQG,Las Palmas,es La Liga,30,2295,25.5,26,4,3,0.0,0.0,0.0,0.0,0.0,0.0,0.0,0.8,0.7,0.0,0.8,0.05,0.25,0.2,20.0,,DF,d0ee1652
1023,Florian Grillitsch,0.0,0.2,0.8,0.05,0.17,1.1,2.2,2023-2024,27,at AUT,Hoffenheim,de Bundesliga,30,2295,25.5,25,5,0,0.0,0.2,0.3,0.0,0.0,0.0,0.0,1.1,2.2,0.0,0.8,0.05,0.17,0.2,28.6,,DFMF,ffbbc83b
1024,Samu Costa,0.0,0.1,0.9,0.05,0.33,2.2,1.4,2023-2024,22,pt POR,Mallorca,es La Liga,34,2303,25.6,26,8,3,0.0,0.0,0.1,0.0,0.0,0.0,0.0,2.2,1.4,0.0,0.9,0.05,0.33,0.1,13.6,,MF,76c2a023
1025,Calvin Bassey,0.0,0.1,0.2,0.20,0.50,1.1,1.1,2023-2024,23,ng NGA,Fulham,eng Premier League,29,2303,25.6,25,4,4,0.0,0.0,0.0,0.0,0.0,0.0,0.0,1.1,1.1,0.0,0.2,0.20,0.50,0.1,40.0,,DF,a36524bf
1026,Maxime Estève,0.0,0.1,0.5,0.08,0.50,0.9,1.8,2023-2024,21,fr FRA,2 Teams,2 Comps,28,2304,25.6,27,1,5,0.0,0.0,0.1,0.0,0.0,0.0,0.0,0.9,1.8,0.0,0.5,0.08,0.50,0.1,15.4,,DF,1a066e69
1027,Nicolas Höfler,0.0,0.0,0.6,0.06,1.00,1.4,1.2,2023-2024,33,de GER,Freiburg,de Bundesliga,28,2330,25.9,26,2,0,0.0,0.0,0.1,0.0,0.0,0.0,0.0,1.4,1.2,0.0,0.6,0.06,1.00,0.0,6.3,,MF,5d8e331f
1028,Charlie Taylor,0.0,0.0,0.4,0.10,1.00,0.8,0.8,2023-2024,29,eng ENG,Burnley,eng Premier League,28,2331,25.9,25,3,2,0.0,0.0,0.1,0.0,0.0,0.0,0.0,0.8,0.8,0.0,0.4,0.10,1.00,0.0,10.0,,DF,cc2d7ad5
1029,Roberto Gagliardini,0.0,0.3,1.4,0.03,0.11,1.1,1.1,2023-2024,29,it ITA,Monza,it Serie A,33,2360,26.2,29,4,2,0.0,0.1,0.1,0.0,0.0,0.0,0.0,1.1,1.1,0.0,1.4,0.03,0.11,0.3,25.0,,MFDF,ce30bfc8
1030,Tiago Santos,0.0,0.3,1.3,0.03,0.14,1.5,0.5,2023-2024,21,pt POR,Lille,fr Ligue 1,29,2365,26.3,26,3,4,0.0,0.1,0.1,0.0,0.0,0.0,0.0,1.5,0.5,0.0,1.3,0.03,0.14,0.3,21.2,,DF,3eeebc87
1031,Edson Álvarez,0.0,0.1,0.6,0.06,0.33,1.5,1.6,2023-2024,25,mx MEX,West Ham United,eng Premier League,31,2377,26.4,28,3,1,0.0,0.0,0.1,0.0,0.0,0.0,0.0,1.5,1.6,0.0,0.6,0.06,0.33,0.1,17.6,,MF,8b3ab7ad
1032,Javi López,0.0,0.1,0.7,0.06,0.33,0.5,0.4,2023-2024,21,es ESP,Alavés,es La Liga,32,2386,26.5,25,7,5,0.0,0.1,0.2,0.0,0.0,0.0,0.0,0.5,0.4,0.0,0.7,0.06,0.33,0.1,16.7,,DF,e9ada8cf
1033,Samuele Ricci,0.0,0.2,1.1,0.03,0.20,0.7,1.1,2023-2024,21,it ITA,Torino,it Serie A,32,2395,26.6,28,4,2,0.0,0.1,0.1,0.0,0.0,0.0,0.0,0.7,1.1,0.0,1.1,0.03,0.20,0.2,16.7,,MF,9823be92
1034,Jefferson Lerma,0.0,0.3,1.3,0.03,0.11,0.9,1.4,2023-2024,28,co COL,Crystal Palace,eng Premier League,28,2400,26.7,27,1,0,0.0,0.0,0.1,0.0,0.0,0.0,0.0,0.9,1.4,0.0,1.3,0.03,0.11,0.3,26.5,,MFDF,9b5ce51a
1035,Stefan Posch,0.0,0.1,0.7,0.06,0.25,1.7,0.7,2023-2024,26,at AUT,Bologna,it Serie A,31,2409,26.8,29,2,1,0.0,0.1,0.1,0.0,0.0,0.0,0.0,1.7,0.7,0.0,0.7,0.06,0.25,0.1,22.2,,DF,7f609bfc
1036,Lucas Digne,0.0,0.1,0.7,0.05,0.25,0.8,0.9,2023-2024,30,fr FRA,Aston Villa,eng Premier League,33,2410,26.8,27,6,0,0.0,0.1,0.1,0.0,0.0,0.0,0.0,0.8,0.9,0.0,0.7,0.05,0.25,0.1,20.0,,DF,1b84dbe1
1037,Tommaso Augello,0.0,0.1,0.4,0.10,0.33,0.7,0.5,2023-2024,28,it ITA,Cagliari,it Serie A,32,2418,26.9,28,4,4,0.0,0.0,0.1,0.0,0.0,0.0,0.0,0.7,0.5,0.0,0.4,0.10,0.33,0.1,30.0,,DFMF,3cd3b384
1038,Danilo,0.0,0.1,0.6,0.06,0.50,1.3,1.3,2023-2024,32,br BRA,Juventus,it Serie A,29,2452,27.2,27,2,1,0.0,0.0,0.1,0.0,0.0,0.0,0.0,1.3,1.3,0.0,0.6,0.06,0.50,0.1,11.8,,DF,94b2001f
1039,Ondrej Duda,0.0,0.3,0.9,0.04,0.14,1.3,1.0,2023-2024,28,sk SVK,Hellas Verona,it Serie A,32,2456,27.3,29,3,1,0.0,0.1,0.2,0.0,0.0,0.0,0.0,1.3,1.0,0.0,0.9,0.04,0.14,0.3,29.2,,MF,79ca3e23
1040,Eric Martel,0.0,0.3,1.0,0.04,0.11,1.7,1.6,2023-2024,21,de GER,Köln,de Bundesliga,30,2457,27.3,29,1,0,0.0,0.0,0.1,0.0,0.0,0.0,0.0,1.7,1.6,0.0,1.0,0.04,0.11,0.3,33.3,,MF,92a16062
1041,Giovanni González,0.0,0.1,0.5,0.07,0.25,1.6,1.0,2023-2024,28,uy URU,Mallorca,es La Liga,34,2464,27.4,27,7,3,0.0,0.0,0.1,0.0,0.0,0.0,0.0,1.6,1.0,0.0,0.5,0.07,0.25,0.1,28.6,,DF,1fc474ae
1042,Ismaily,0.0,0.1,0.3,0.14,0.25,1.8,1.1,2023-2024,33,br BRA,Lille,fr Ligue 1,30,2465,27.4,28,2,2,0.0,0.0,0.1,0.0,0.0,0.0,0.0,1.8,1.1,0.0,0.3,0.14,0.25,0.1,57.1,,DF,cf182add
1043,Teden Mengi,0.0,0.1,0.4,0.09,0.25,0.8,2.0,2023-2024,21,eng ENG,Luton Town,eng Premier League,30,2469,27.4,28,2,3,0.0,0.0,0.0,0.0,0.0,0.0,0.0,0.8,2.0,0.0,0.4,0.09,0.25,0.1,36.4,,DF,91748070
1044,Javi Hernández,0.0,0.3,1.1,0.03,0.13,0.8,0.6,2023-2024,25,es ESP,Cádiz,es La Liga,30,2514,27.9,28,2,2,0.0,0.1,0.1,0.0,0.0,0.0,0.0,0.8,0.6,0.0,1.1,0.03,0.13,0.3,26.7,,DF,9a76c2e9
1045,Benjamin Henrichs,0.0,0.3,1.3,0.03,0.11,1.5,1.1,2023-2024,26,de GER,RB Leipzig,de Bundesliga,33,2526,28.1,28,5,0,0.0,0.2,0.2,0.0,0.0,0.0,0.0,1.5,1.1,0.0,1.3,0.03,0.11,0.3,25.0,,DFMF,0a89e877
1046,Catena,0.0,0.2,0.6,0.06,0.20,0.7,0.6,2023-2024,28,es ESP,Osasuna,es La Liga,30,2534,28.2,28,2,6,0.0,0.1,0.1,0.0,0.0,0.0,0.0,0.7,0.6,0.0,0.6,0.06,0.20,0.2,27.8,,DF,274ab13c
1047,Milan Badelj,0.0,0.2,0.7,0.05,0.20,1.0,1.7,2023-2024,34,hr CRO,Genoa,it Serie A,33,2535,28.2,32,1,2,0.0,0.1,0.1,0.0,0.0,0.0,0.0,1.0,1.7,0.0,0.7,0.05,0.20,0.2,23.8,,MF,e8c930bb
1048,Giorgio Scalvini,0.0,0.2,0.7,0.05,0.17,1.1,2.0,2023-2024,19,it ITA,Atalanta,it Serie A,33,2544,28.3,31,2,0,0.0,0.1,0.1,0.0,0.0,0.0,0.0,1.1,2.0,0.0,0.7,0.05,0.17,0.2,31.6,,DF,1e9aa637
1049,Sam Beukema,0.0,0.1,0.4,0.08,0.25,0.4,0.6,2023-2024,24,nl NED,Bologna,it Serie A,30,2547,28.3,29,1,5,0.0,0.0,0.1,0.0,0.0,0.0,0.0,0.4,0.6,0.0,0.4,0.08,0.25,0.1,33.3,,DF,de13cee5
1050,Nicolò Cambiaghi,0.0,0.6,2.5,0.01,0.06,1.4,0.5,2023-2024,22,it ITA,Empoli,it Serie A,37,2553,28.4,29,8,0,0.0,0.0,0.1,0.0,0.0,0.0,0.0,1.4,0.5,0.0,2.5,0.01,0.06,0.6,23.9,,FWMF,91ff775f
1051,Gabriele Zappa,0.0,0.2,0.7,0.05,0.17,1.1,0.7,2023-2024,23,it ITA,Cagliari,it Serie A,38,2561,28.5,25,13,0,0.0,0.1,0.1,0.0,0.0,0.0,0.0,1.1,0.7,0.0,0.7,0.05,0.17,0.2,31.6,,DFMF,ca3db240
1052,Anthony Losilla,0.0,0.2,0.9,0.04,0.17,1.3,0.8,2023-2024,37,fr FRA,Bochum,de Bundesliga,31,2576,28.6,31,0,0,0.0,0.1,0.1,0.0,0.0,0.0,0.0,1.3,0.8,0.0,0.9,0.04,0.17,0.2,22.2,,MF,07c7eb0c
1053,Anthony Jung,0.0,0.0,0.2,0.20,1.00,0.9,0.9,2023-2024,31,de GER,Werder Bremen,de Bundesliga,31,2579,28.7,30,1,1,0.0,0.0,0.0,0.0,0.0,0.0,0.0,0.9,0.9,0.0,0.2,0.20,1.00,0.0,20.0,,DFMF,de838f86
1054,Jeffrey Gouweleeuw,0.0,0.1,0.8,0.04,0.33,0.8,1.2,2023-2024,32,nl NED,Augsburg,de Bundesliga,30,2593,28.8,29,1,0,0.0,0.0,0.0,0.0,0.0,0.0,0.0,0.8,1.2,0.0,0.8,0.04,0.33,0.1,13.0,,DF,1025db8e
1055,Pedro Chirivella,0.0,0.2,0.6,0.06,0.17,1.0,1.1,2023-2024,26,es ESP,Nantes,fr Ligue 1,32,2594,28.8,31,1,0,0.0,0.0,0.1,0.0,0.0,0.0,0.0,1.0,1.1,0.0,0.6,0.06,0.17,0.2,35.3,,MF,68a26d51
1056,Emmanuel Agbadou,0.0,0.2,1.1,0.03,0.14,1.4,1.8,2023-2024,26,ci CIV,Reims,fr Ligue 1,32,2596,28.8,29,3,1,0.0,0.0,0.1,0.0,0.0,0.0,0.0,1.4,1.8,0.0,1.1,0.03,0.14,0.2,21.2,,DF,75f1ed80
1057,Tuta,0.0,0.2,0.6,0.06,0.14,1.2,1.2,2023-2024,24,br BRA,Eintracht Frankfurt,de Bundesliga,30,2600,28.9,30,0,1,0.0,0.1,0.1,0.0,0.0,0.0,0.0,1.2,1.2,0.0,0.6,0.06,0.14,0.2,38.9,,DFMF,35d64857
1058,Martin Erlic,0.0,0.1,0.3,0.13,0.33,0.8,0.9,2023-2024,25,hr CRO,Sassuolo,it Serie A,32,2618,29.1,31,1,3,0.0,0.0,0.0,0.0,0.0,0.0,0.0,0.8,0.9,0.0,0.3,0.13,0.33,0.1,37.5,,DF,0fee6bda
1059,Remo Freuler,0.0,0.1,0.5,0.07,0.25,1.7,1.2,2023-2024,31,ch SUI,2 Teams,2 Comps,32,2624,29.2,30,2,5,0.0,0.0,0.1,0.0,0.0,0.0,0.0,1.7,1.2,0.0,0.5,0.07,0.25,0.1,28.6,,MF,98d2c2c4
1060,Timothy Castagne,0.0,0.2,0.5,0.07,0.20,0.9,1.3,2023-2024,27,be BEL,Fulham,eng Premier League,34,2634,29.3,29,5,1,0.0,0.1,0.1,0.0,0.0,0.0,0.0,0.9,1.3,0.0,0.5,0.07,0.20,0.2,35.7,,DF,197640fd
1061,Logan Costa,0.0,0.1,0.5,0.07,0.25,0.8,0.8,2023-2024,22,cv CPV,Toulouse,fr Ligue 1,31,2650,29.4,29,2,0,0.0,0.0,0.1,0.0,0.0,0.0,0.0,0.8,0.8,0.0,0.5,0.07,0.25,0.1,28.6,,DF,bfb2056e
1062,Nathan Collins,0.0,0.1,0.3,0.10,0.50,0.7,1.5,2023-2024,22,ie IRL,Brentford,eng Premier League,32,2652,29.5,29,3,1,0.0,0.0,0.1,0.0,0.0,0.0,0.0,0.7,1.5,0.0,0.3,0.10,0.50,0.1,20.0,,DF,a8c19eb8
1063,Melvin Bard,0.0,0.2,0.5,0.07,0.20,1.4,1.4,2023-2024,22,fr FRA,Nice,fr Ligue 1,32,2654,29.5,31,1,0,0.0,0.1,0.1,0.0,0.0,0.0,0.0,1.4,1.4,0.0,0.5,0.07,0.20,0.2,33.3,,DF,1ddbc7ca
1064,Kevin Danso,0.0,0.2,0.7,0.05,0.20,0.5,0.8,2023-2024,24,at AUT,Lens,fr Ligue 1,30,2655,29.5,30,0,0,0.0,0.0,0.0,0.0,0.0,0.0,0.0,0.5,0.8,0.0,0.7,0.05,0.20,0.2,23.8,,DF,6e33125f
1065,Jesús Areso,0.0,0.1,0.3,0.11,0.50,0.9,0.7,2023-2024,24,es ESP,Osasuna,es La Liga,37,2660,29.6,29,8,1,0.0,0.2,0.2,0.0,0.0,0.0,0.0,0.9,0.7,0.0,0.3,0.11,0.50,0.1,22.2,,DFMF,94e01ec6
1066,Vinicius Souza,0.0,0.2,0.5,0.07,0.17,2.5,1.0,2023-2024,24,br BRA,Sheffield United,eng Premier League,36,2668,29.6,29,7,2,0.0,0.0,0.0,0.0,0.0,0.0,0.0,2.5,1.0,0.0,0.5,0.07,0.17,0.2,42.9,,MF,6a8a7af8
1067,Óscar Valentín,0.0,0.2,0.5,0.07,0.14,2.1,1.2,2023-2024,28,es ESP,Rayo Vallecano,es La Liga,34,2692,29.9,32,2,2,0.0,0.0,0.0,0.0,0.0,0.0,0.0,2.1,1.2,0.0,0.5,0.07,0.14,0.2,46.7,,MF,592f3158
1068,Antoine Makoumbou,0.0,0.1,0.3,0.13,0.50,0.7,0.5,2023-2024,25,cg CGO,Cagliari,it Serie A,32,2702,30.0,32,0,1,0.0,0.0,0.0,0.0,0.0,0.0,0.0,0.7,0.5,0.0,0.3,0.13,0.50,0.1,25.0,,MF,f37f3522
1069,Aitor Paredes,0.0,0.1,0.4,0.08,0.33,0.4,1.0,2023-2024,23,es ESP,Athletic Club,es La Liga,34,2704,30.0,31,3,2,0.0,0.0,0.0,0.0,0.0,0.0,0.0,0.4,1.0,0.0,0.4,0.08,0.33,0.1,23.1,,DF,b906757a
1070,Antonio Rüdiger,0.0,0.1,0.6,0.05,0.50,0.6,0.4,2023-2024,30,de GER,Real Madrid,es La Liga,33,2709,30.1,30,3,1,0.0,0.0,0.0,0.0,0.0,0.0,0.0,0.6,0.4,0.0,0.6,0.05,0.50,0.1,10.5,,DF,18b896d6
1071,Facundo Medina,0.0,0.4,0.7,0.05,0.08,1.3,0.8,2023-2024,24,ar ARG,Lens,fr Ligue 1,31,2714,30.2,30,1,0,0.0,0.1,0.1,0.0,0.0,0.0,0.0,1.3,0.8,0.0,0.7,0.05,0.08,0.4,57.1,,DF,6f5ec8bb
1072,Simone Romagnoli,0.0,0.0,0.4,0.08,1.00,0.6,0.9,2023-2024,33,it ITA,Frosinone,it Serie A,33,2715,30.2,30,3,3,0.0,0.0,0.1,0.0,0.0,0.0,0.0,0.6,0.9,0.0,0.4,0.08,1.00,0.0,8.3,,DF,09899de8
1073,Germán Pezzella,0.0,0.2,0.7,0.04,0.20,0.8,1.0,2023-2024,32,ar ARG,Real Betis,es La Liga,32,2767,30.7,32,0,1,0.0,0.0,0.0,0.0,0.0,0.0,0.0,0.8,1.0,0.0,0.7,0.04,0.20,0.2,21.7,,DF,8c725b43
1074,Ricardo Rodríguez,0.0,0.1,0.4,0.09,0.50,0.9,0.8,2023-2024,30,ch SUI,Torino,it Serie A,35,2772,30.8,34,1,2,0.0,0.1,0.1,0.0,0.0,0.0,0.0,0.9,0.8,0.0,0.4,0.09,0.50,0.1,18.2,,DFMF,7f78ad23
1075,Toti Gomes,0.0,0.2,0.3,0.10,0.20,0.7,0.7,2023-2024,24,pt POR,Wolves,eng Premier League,35,2772,30.8,31,4,3,0.0,0.1,0.1,0.0,0.0,0.0,0.0,0.7,0.7,0.0,0.3,0.10,0.20,0.2,50.0,,DF,f0caab96
1076,Angelo Stiller,0.0,0.1,0.6,0.06,0.25,1.1,0.9,2023-2024,22,de GER,2 Teams,de Bundesliga,32,2778,30.9,31,1,0,0.0,0.2,0.2,0.0,0.0,0.0,0.0,1.1,0.9,0.0,0.6,0.06,0.25,0.1,22.2,,MF,3b1ed320
1077,Unai Núñez,0.0,0.2,0.7,0.05,0.20,1.0,1.6,2023-2024,26,es ESP,Celta Vigo,es La Liga,34,2801,31.1,31,3,4,0.0,0.0,0.0,0.0,0.0,0.0,0.0,1.0,1.6,0.0,0.7,0.05,0.20,0.2,22.7,,DF,be170419
1078,Sergi Cardona,0.0,0.2,0.8,0.04,0.20,1.9,1.4,2023-2024,24,es ESP,Las Palmas,es La Liga,35,2814,31.3,30,5,0,0.0,0.1,0.1,0.0,0.0,0.0,0.0,1.9,1.4,0.0,0.8,0.04,0.20,0.2,19.2,,DF,74e90475
1079,Dante,0.0,0.2,0.5,0.07,0.20,0.9,1.1,2023-2024,39,br BRA,Nice,fr Ligue 1,32,2843,31.6,32,0,0,0.0,0.0,0.1,0.0,0.0,0.0,0.0,0.9,1.1,0.0,0.5,0.07,0.20,0.2,33.3,,DF,fd2bc67d
1080,Johan Vásquez,0.0,0.3,1.1,0.03,0.10,1.0,1.5,2023-2024,24,mx MEX,Genoa,it Serie A,37,2850,31.7,32,5,0,0.0,0.0,0.1,0.0,0.0,0.0,0.0,1.0,1.5,0.0,1.1,0.03,0.10,0.3,29.4,,DF,5eaed77a
1081,Andoni Gorosabel,0.0,0.2,0.5,0.07,0.17,1.3,0.8,2023-2024,26,es ESP,Alavés,es La Liga,36,2854,31.7,33,3,1,0.0,0.0,0.0,0.0,0.0,0.0,0.0,1.3,0.8,0.0,0.5,0.07,0.17,0.2,40.0,,DF,6f5f82c0
1082,Moisés Caicedo,0.0,0.1,0.4,0.08,0.25,1.4,1.1,2023-2024,21,ec ECU,Chelsea,eng Premier League,35,2866,31.8,33,2,0,0.0,0.1,0.1,0.0,0.0,0.0,0.0,1.4,1.1,0.0,0.4,0.08,0.25,0.1,30.8,,MF,16264a81
1083,Jack Robinson,0.0,0.2,0.4,0.07,0.17,0.9,0.9,2023-2024,29,eng ENG,Sheffield United,eng Premier League,34,2885,32.1,31,3,0,0.0,0.0,0.1,0.0,0.0,0.0,0.0,0.9,0.9,0.0,0.4,0.07,0.17,0.2,42.9,,DF,7399c7a8
1084,Jules Koundé,0.0,0.2,0.7,0.04,0.14,0.7,0.9,2023-2024,24,fr FRA,Barcelona,es La Liga,35,2899,32.2,32,3,2,0.0,0.1,0.1,0.0,0.0,0.0,0.0,0.7,0.9,0.0,0.7,0.04,0.14,0.2,29.2,,DF,4d1666ff
1085,Maximilian Eggestein,0.0,0.2,1.2,0.03,0.13,0.7,0.9,2023-2024,26,de GER,Freiburg,de Bundesliga,33,2914,32.4,33,0,0,0.0,0.1,0.1,0.0,0.0,0.0,0.0,0.7,0.9,0.0,1.2,0.03,0.13,0.2,20.5,,MF,beb882a8
1086,Bernardo,0.0,0.2,0.9,0.03,0.13,1.9,1.5,2023-2024,28,br BRA,Bochum,de Bundesliga,33,2924,32.5,33,0,0,0.0,0.0,0.0,0.0,0.0,0.0,0.0,1.9,1.5,0.0,0.9,0.03,0.13,0.2,27.6,,DF,17370b95
1087,Ander Guevara,0.0,0.1,0.5,0.06,0.33,1.0,0.4,2023-2024,26,es ESP,Alavés,es La Liga,37,2932,32.6,33,4,0,0.0,0.0,0.0,0.0,0.0,0.0,0.0,1.0,0.4,0.0,0.5,0.06,0.33,0.1,18.8,,MF,8e48dc61
1088,Brendan Chardonnet,0.0,0.1,0.6,0.05,0.33,1.2,1.5,2023-2024,28,fr FRA,Brest,fr Ligue 1,33,2970,33.0,33,0,1,0.0,0.0,0.1,0.0,0.0,0.0,0.0,1.2,1.5,0.0,0.6,0.05,0.33,0.1,15.8,,DF,16aa7d4c
1089,Ylber Ramadani,0.0,0.2,0.9,0.03,0.17,1.3,1.4,2023-2024,27,al ALB,Lecce,it Serie A,34,2970,33.0,34,0,0,0.0,0.0,0.0,0.0,0.0,0.0,0.0,1.3,1.4,0.0,0.9,0.03,0.17,0.2,19.4,,MF,ef3c876b
1090,Daley Blind,0.0,0.2,0.5,0.06,0.17,0.6,0.6,2023-2024,33,nl NED,Girona,es La Liga,34,2972,33.0,33,1,1,0.0,0.1,0.1,0.0,0.0,0.0,0.0,0.6,0.6,0.0,0.5,0.06,0.17,0.2,35.3,,DF,691bef82
1091,Ignasi Miquel,0.0,0.2,0.7,0.05,0.13,1.0,1.4,2023-2024,30,es ESP,Granada,es La Liga,34,2992,33.2,33,1,1,0.0,0.0,0.1,0.0,0.0,0.0,0.0,1.0,1.4,0.0,0.7,0.05,0.13,0.2,36.4,,DF,174f09a6
1092,James Garner,0.0,0.3,1.2,0.02,0.09,1.3,1.4,2023-2024,22,eng ENG,Everton,eng Premier League,37,3004,33.4,34,3,0,0.0,0.1,0.1,0.0,0.0,0.0,0.0,1.3,1.4,0.0,1.2,0.02,0.09,0.3,26.8,,MF,4e015693
1093,Sander Berge,0.0,0.1,0.7,0.04,0.33,1.4,0.7,2023-2024,25,no NOR,Burnley,eng Premier League,37,3005,33.4,34,3,0,0.0,0.1,0.1,0.0,0.0,0.0,0.0,1.4,0.7,0.0,0.7,0.04,0.33,0.1,12.0,,MF,d0b6129f
1094,Manuel Locatelli,0.0,0.1,0.7,0.04,0.33,1.4,0.8,2023-2024,25,it ITA,Juventus,it Serie A,36,3008,33.4,34,2,1,0.0,0.1,0.1,0.0,0.0,0.0,0.0,1.4,0.8,0.0,0.7,0.04,0.33,0.1,12.0,,MF,a8a874f1
1095,Maxence Caqueret,0.0,0.3,0.7,0.04,0.11,1.9,1.4,2023-2024,23,fr FRA,Lyon,fr Ligue 1,34,3022,33.6,34,0,0,0.0,0.1,0.1,0.0,0.0,0.0,0.0,1.9,1.4,0.0,0.7,0.04,0.11,0.3,37.5,,MF,f81ef10d
1096,Raoul Bellanova,0.0,0.1,0.9,0.03,0.33,0.8,0.4,2023-2024,23,it ITA,Torino,it Serie A,37,3046,33.8,36,1,0,0.0,0.2,0.2,0.0,0.0,0.0,0.0,0.8,0.4,0.0,0.9,0.03,0.33,0.1,9.4,,MF,e3756e72
1097,Vitaly Janelt,0.0,0.2,0.6,0.05,0.14,1.1,1.1,2023-2024,25,de GER,Brentford,eng Premier League,38,3054,33.9,37,1,0,0.0,0.1,0.1,0.0,0.0,0.0,0.0,1.1,1.1,0.0,0.6,0.05,0.14,0.2,33.3,,MFDF,8449d35e
1098,Ezri Konsa,0.0,0.1,0.6,0.05,0.20,1.0,0.8,2023-2024,25,eng ENG,Aston Villa,eng Premier League,35,3069,34.1,35,0,0,0.0,0.0,0.0,0.0,0.0,0.0,0.0,1.0,0.8,0.0,0.6,0.05,0.20,0.1,26.3,,DF,0313a347
1099,Adam Marušić,0.0,0.1,0.2,0.13,0.33,0.9,0.8,2023-2024,30,me MNE,Lazio,it Serie A,37,3100,34.4,37,0,0,0.0,0.0,0.0,0.0,0.0,0.0,0.0,0.9,0.8,0.0,0.2,0.13,0.33,0.1,37.5,,DFMF,d4535821
1100,Emerson Palmieri,0.0,0.1,0.5,0.05,0.25,1.9,1.1,2023-2024,28,it ITA,West Ham United,eng Premier League,36,3137,34.9,35,1,0,0.0,0.1,0.1,0.0,0.0,0.0,0.0,1.9,1.1,0.0,0.5,0.05,0.25,0.1,21.1,,DF,e0bc6fdc
1101,Giovanni Di Lorenzo,0.0,0.2,1.1,0.03,0.14,1.0,0.6,2023-2024,29,it ITA,Napoli,it Serie A,36,3234,35.9,36,0,0,0.0,0.2,0.2,0.0,0.0,0.0,0.0,1.0,0.6,0.0,1.1,0.03,0.14,0.2,18.4,,DF,230a2fac
1102,Illia Zabarnyi,0.0,0.1,0.2,0.13,0.33,0.8,0.8,2023-2024,20,ua UKR,Bournemouth,eng Premier League,37,3330,37.0,37,0,0,0.0,0.0,0.0,0.0,0.0,0.0,0.0,0.8,0.8,0.0,0.2,0.13,0.33,0.1,37.5,,DF,88968486
1103,Sebastiano Luperto,0.0,0.1,0.5,0.05,0.33,0.7,0.7,2023-2024,26,it ITA,Empoli,it Serie A,38,3406,37.8,38,0,0,0.0,0.0,0.1,0.0,0.0,0.0,0.0,0.7,0.7,0.0,0.5,0.05,0.33,0.1,15.8,,DF,997fff07
1104,James Tarkowski,0.0,0.1,0.7,0.04,0.20,1.1,1.4,2023-2024,30,eng ENG,Everton,eng Premier League,38,3419,38.0,38,0,0,0.0,0.0,0.1,0.0,0.0,0.0,0.0,1.1,1.4,0.0,0.7,0.04,0.20,0.1,20.0,,DF,15ea812b
1105,Valentino Lazaro,0.0,0.2,0.8,0.00,0.00,0.5,0.4,2023-2024,27,at AUT,Torino,it Serie A,35,1994,22.2,21,14,2,0.0,0.2,0.2,0.0,0.0,0.0,0.0,0.5,0.4,0.0,0.8,0.00,0.00,0.2,22.2,,MF,016ff750
1106,Fabian Holland,0.0,0.1,0.5,0.00,0.00,1.2,1.1,2023-2024,33,de GER,Darmstadt 98,de Bundesliga,23,1835,20.4,23,0,0,0.0,0.1,0.1,0.0,0.0,0.0,0.0,1.2,1.1,0.0,0.5,0.00,0.00,0.1,27.3,,MFDF,017018d1
1107,Sebastiaan Bornauw,0.0,0.3,0.6,0.00,0.00,0.8,1.1,2023-2024,24,be BEL,Wolfsburg,de Bundesliga,20,1431,15.9,16,4,7,0.0,0.0,0.0,0.0,0.0,0.0,0.0,0.8,1.1,0.0,0.6,0.00,0.00,0.3,40.0,,DF,01834aa0
1108,Alan Virginius,0.0,0.5,0.9,0.00,0.00,0.5,0.3,2023-2024,20,fr FRA,2 Teams,fr Ligue 1,16,1005,11.2,13,3,5,0.0,0.2,0.2,0.0,0.0,0.0,0.0,0.5,0.3,0.0,0.9,0.00,0.00,0.5,60.0,,MF,01becd60
1109,Weston McKennie,0.0,0.2,0.8,0.00,0.00,1.0,0.7,2023-2024,24,us USA,Juventus,it Serie A,34,2594,28.8,29,5,2,0.0,0.2,0.2,0.0,0.0,0.0,0.0,1.0,0.7,0.0,0.8,0.00,0.00,0.2,30.4,,MF,01c3aff5
1110,Manuel Lazzari,0.0,0.1,0.4,0.00,0.00,1.0,0.6,2023-2024,29,it ITA,Lazio,it Serie A,24,1671,18.6,19,5,10,0.0,0.1,0.1,0.0,0.0,0.0,0.0,1.0,0.6,0.0,0.4,0.00,0.00,0.1,25.0,,DFMF,02caf6e0
1111,David Alaba,0.0,0.3,1.1,0.00,0.00,0.7,1.2,2023-2024,31,at AUT,Real Madrid,es La Liga,14,1154,12.8,14,0,1,0.0,0.1,0.1,0.0,0.0,0.0,0.0,0.7,1.2,0.0,1.1,0.00,0.00,0.3,28.6,,DF,05439de2
1112,Christopher Trimmel,0.0,0.2,0.3,0.00,0.00,0.8,0.5,2023-2024,36,at AUT,Union Berlin,de Bundesliga,26,1646,18.3,19,7,6,0.0,0.1,0.1,0.0,0.0,0.0,0.0,0.8,0.5,0.0,0.3,0.00,0.00,0.2,66.7,,MFDF,056d2d95
1113,Beñat Turrientes,0.0,0.5,1.2,0.00,0.00,1.0,0.3,2023-2024,21,es ESP,Real Sociedad,es La Liga,29,1687,18.7,19,10,8,0.0,0.1,0.1,0.0,0.0,0.0,0.0,1.0,0.3,0.0,1.2,0.00,0.00,0.5,43.5,,MF,068f4dec
1114,Benoît Badiashile,0.0,0.1,0.4,0.00,0.00,1.0,1.2,2023-2024,22,fr FRA,Chelsea,eng Premier League,18,1338,14.9,15,3,7,0.0,0.1,0.1,0.0,0.0,0.0,0.0,1.0,1.2,0.0,0.4,0.00,0.00,0.1,16.7,,DF,06df8256
1115,Matías Viña,0.0,0.2,0.7,0.00,0.00,1.8,0.8,2023-2024,25,uy URU,Sassuolo,it Serie A,15,1014,11.3,13,2,0,0.0,0.3,0.3,0.0,0.0,0.0,0.0,1.8,0.8,0.0,0.7,0.00,0.00,0.2,25.0,,DF,08eb3b58
1116,Fabiano Parisi,0.0,0.1,0.7,0.00,0.00,0.9,1.1,2023-2024,22,it ITA,Fiorentina,it Serie A,21,1454,16.2,16,5,16,0.0,0.1,0.1,0.0,0.0,0.0,0.0,0.9,1.1,0.0,0.7,0.00,0.00,0.1,16.7,,DF,0967845b
1117,Josip Juranović,0.0,0.2,0.8,0.00,0.00,1.0,0.9,2023-2024,27,hr CRO,Union Berlin,de Bundesliga,21,1294,14.4,14,7,3,0.0,0.1,0.1,0.0,0.0,0.1,0.1,1.0,0.9,0.0,0.8,0.00,0.00,0.2,25.0,,MFDF,0a084b35
1118,Giorgos Kyriakopoulos,0.0,0.1,1.3,0.00,0.00,0.5,0.6,2023-2024,27,gr GRE,Monza,it Serie A,28,1712,19.0,20,8,10,0.0,0.2,0.2,0.0,0.0,0.0,0.0,0.5,0.6,0.0,1.3,0.00,0.00,0.1,8.3,,MFDF,0a483542
1119,Milos Kerkez,0.0,0.2,0.7,0.00,0.00,1.1,0.7,2023-2024,19,hu HUN,Bournemouth,eng Premier League,28,1970,21.9,22,6,3,0.0,0.0,0.0,0.0,0.0,0.0,0.0,1.1,0.7,0.0,0.7,0.00,0.00,0.2,31.3,,DF,0ad53bdc
1120,Mohammed Salisu,0.0,0.1,0.3,0.00,0.00,1.0,1.8,2023-2024,24,gh GHA,Monaco,fr Ligue 1,12,1035,11.5,11,1,5,0.0,0.1,0.1,0.0,0.0,0.0,0.0,1.0,1.8,0.0,0.3,0.00,0.00,0.1,25.0,,DF,0b33f6ad
1121,Mário Rui,0.0,0.1,0.4,0.00,0.00,1.1,1.2,2023-2024,32,pt POR,Napoli,it Serie A,21,1205,13.4,14,7,10,0.0,0.1,0.1,0.0,0.0,0.0,0.0,1.1,1.2,0.0,0.4,0.00,0.00,0.1,40.0,,DF,0b5a292a
1122,Quentin Merlin,0.0,0.2,0.9,0.00,0.00,1.6,1.1,2023-2024,21,fr FRA,2 Teams,fr Ligue 1,26,1986,22.1,23,3,2,0.0,0.1,0.1,0.0,0.0,0.0,0.0,1.6,1.1,0.0,0.9,0.00,0.00,0.2,21.1,,DFMF,0bfca6a1
1123,Jean-Kevin Duverne,0.0,0.1,0.3,0.00,0.00,1.3,1.1,2023-2024,26,ht HAI,Nantes,fr Ligue 1,19,1348,15.0,15,4,8,0.0,0.0,0.0,0.0,0.0,0.0,0.0,1.3,1.1,0.0,0.3,0.00,0.00,0.1,25.0,,DF,0cbc8baa
1124,Norman Theuerkauf,0.0,0.1,0.5,0.00,0.00,1.3,1.1,2023-2024,36,de GER,Heidenheim,de Bundesliga,25,1259,14.0,14,11,8,0.0,0.1,0.1,0.0,0.0,0.0,0.0,1.3,1.1,0.0,0.5,0.00,0.00,0.1,28.6,,MFDF,0cbf4c54
1125,Stefano Sabelli,0.0,0.1,0.3,0.00,0.00,0.9,0.9,2023-2024,30,it ITA,Genoa,it Serie A,32,2429,27.0,30,2,2,0.0,0.0,0.0,0.0,0.0,0.0,0.0,0.9,0.9,0.0,0.3,0.00,0.00,0.1,33.3,,MFDF,0ccac09c
1126,Senne Lynen,0.0,0.1,0.6,0.00,0.00,1.8,2.1,2023-2024,24,be BEL,Werder Bremen,de Bundesliga,32,1797,20.0,20,12,1,0.0,0.2,0.2,0.0,0.0,0.0,0.0,1.8,2.1,0.0,0.6,0.00,0.00,0.1,16.7,,MF,0ed60738
1127,Ibrahima Sissoko,0.0,0.2,0.8,0.00,0.00,1.8,1.0,2023-2024,25,ml MLI,Strasbourg,fr Ligue 1,27,1642,18.2,18,9,3,0.0,0.1,0.1,0.0,0.0,0.0,0.0,1.8,1.0,0.0,0.8,0.00,0.00,0.2,21.4,,MF,0f8418aa
1128,Alexsandro Ribeiro,0.0,0.1,0.7,0.00,0.00,1.0,1.5,2023-2024,23,br BRA,Lille,fr Ligue 1,29,2220,24.7,24,5,3,0.0,0.0,0.0,0.0,0.0,0.0,0.0,1.0,1.5,0.0,0.7,0.00,0.00,0.1,11.8,,DF,102c9665
1129,Aron Dønnum,0.0,0.5,1.2,0.00,0.00,0.6,0.5,2023-2024,25,no NOR,Toulouse,fr Ligue 1,27,1595,17.7,19,8,1,0.0,0.1,0.1,0.0,0.0,0.0,0.0,0.6,0.5,0.0,1.2,0.00,0.00,0.5,42.9,,MFFW,10cff752
1130,Loïc Bade,0.0,0.1,0.6,0.00,0.00,1.7,1.5,2023-2024,23,fr FRA,Sevilla,es La Liga,28,2277,25.3,27,1,2,0.0,0.0,0.0,0.0,0.0,0.0,0.0,1.7,1.5,0.0,0.6,0.00,0.00,0.1,21.4,,DF,114bbdee
1131,Isak Hien,0.0,0.1,0.4,0.00,0.00,1.1,1.0,2023-2024,24,se SWE,2 Teams,it Serie A,26,1801,20.0,18,8,1,0.0,0.0,0.0,0.0,0.0,0.0,0.0,1.1,1.0,0.0,0.4,0.00,0.00,0.1,37.5,,DF,12806697
1132,Giuseppe Pezzella,0.0,0.2,0.2,0.00,0.00,1.2,0.2,2023-2024,25,it ITA,Empoli,it Serie A,19,1085,12.1,14,5,4,0.0,0.0,0.0,0.0,0.0,0.0,0.0,1.2,0.2,0.0,0.2,0.00,0.00,0.2,66.7,,MFDF,149c5f5d
1133,Salih Özcan,0.0,0.2,0.4,0.00,0.00,1.0,1.3,2023-2024,25,tr TUR,Dortmund,de Bundesliga,23,1184,13.2,13,10,9,0.0,0.0,0.0,0.0,0.0,0.0,0.0,1.0,1.3,0.0,0.4,0.00,0.00,0.2,40.0,,MF,15413fa5
1134,Nampalys Mendy,0.0,0.2,0.6,0.00,0.00,1.6,1.1,2023-2024,31,sn SEN,Lens,fr Ligue 1,16,1052,11.7,13,3,8,0.0,0.1,0.1,0.0,0.0,0.0,0.0,1.6,1.1,0.0,0.6,0.00,0.00,0.2,28.6,,MF,1598599e
1135,Paweł Dawidowicz,0.0,0.0,0.4,0.00,0.00,1.3,0.9,2023-2024,28,pl POL,Hellas Verona,it Serie A,28,2143,23.8,25,3,2,0.0,0.0,0.0,0.0,0.0,0.0,0.0,1.3,0.9,0.0,0.4,0.00,0.00,0.0,11.1,,DF,16bb656a
1136,Murillo,0.0,0.2,0.5,0.00,0.00,1.1,1.3,2023-2024,21,br BRA,Nottingham Forest,eng Premier League,32,2789,31.0,32,0,0,0.0,0.1,0.1,0.0,0.0,0.0,0.0,1.1,1.3,0.0,0.5,0.00,0.00,0.2,35.3,,DF,1704b0b8
1137,Arouna Sangante,0.0,0.1,0.5,0.00,0.00,1.1,2.1,2023-2024,21,sn SEN,Le Havre,fr Ligue 1,30,2687,29.9,30,0,1,0.0,0.0,0.0,0.0,0.0,0.0,0.0,1.1,2.1,0.0,0.5,0.00,0.00,0.1,18.8,,DF,17bb562c
1138,Rubén Sobrino,0.0,0.2,1.1,0.00,0.00,1.6,0.9,2023-2024,31,es ESP,Cádiz,es La Liga,32,1646,18.3,18,14,3,0.0,0.1,0.1,0.0,0.0,0.0,0.0,1.6,0.9,0.0,1.1,0.00,0.00,0.2,14.3,,MFFW,19b776e9
1139,Luis Milla,0.0,0.2,0.7,0.00,0.00,1.4,1.3,2023-2024,28,es ESP,Getafe,es La Liga,27,2115,23.5,25,2,0,0.0,0.0,0.0,0.0,0.0,0.0,0.0,1.4,1.3,0.0,0.7,0.00,0.00,0.2,31.3,,MF,19c36442
1140,Pablo Rosario,0.0,0.1,0.7,0.00,0.00,1.2,1.3,2023-2024,26,do DOM,Nice,fr Ligue 1,30,2009,22.3,21,9,2,0.0,0.0,0.0,0.0,0.0,0.0,0.0,1.2,1.3,0.0,0.7,0.00,0.00,0.1,18.8,,MFDF,1a6b7ea4
1141,Kevin Vogt,0.0,0.0,0.1,0.00,0.00,0.6,0.6,2023-2024,31,de GER,2 Teams,de Bundesliga,32,2642,29.4,30,2,0,0.0,0.0,0.0,0.0,0.0,0.0,0.0,0.6,0.6,0.0,0.1,0.00,0.00,0.0,33.3,,DF,1d8e9add
1142,Marc Cucurella,0.0,0.2,0.4,0.00,0.00,2.0,1.1,2023-2024,25,es ESP,Chelsea,eng Premier League,21,1782,19.8,20,1,6,0.0,0.1,0.1,0.0,0.0,0.0,0.0,2.0,1.1,0.0,0.4,0.00,0.00,0.2,50.0,,DF,1daec722
1143,Rubén Peña,0.0,0.2,0.7,0.00,0.00,0.9,1.2,2023-2024,32,es ESP,Osasuna,es La Liga,29,2088,23.2,26,3,2,0.0,0.1,0.1,0.0,0.0,0.0,0.0,0.9,1.2,0.0,0.7,0.00,0.00,0.2,29.4,,DFMF,1f079188
1144,Sergio Ruiz,0.0,0.0,0.5,0.00,0.00,1.7,1.0,2023-2024,28,es ESP,Granada,es La Liga,35,2494,27.7,30,5,1,0.0,0.1,0.1,0.0,0.0,0.0,0.0,1.7,1.0,0.0,0.5,0.00,0.00,0.0,7.7,,MF,1f423a54
1145,Beñat Prados,0.0,0.2,0.4,0.00,0.00,1.7,1.4,2023-2024,22,es ESP,Athletic Club,es La Liga,26,1449,16.1,16,10,12,0.0,0.0,0.0,0.0,0.0,0.0,0.0,1.7,1.4,0.0,0.4,0.00,0.00,0.2,57.1,,MF,1f60244a
1146,Willi Orban,0.0,0.1,0.4,0.00,0.00,0.7,0.9,2023-2024,30,hu HUN,RB Leipzig,de Bundesliga,19,1582,17.6,18,1,0,0.0,0.0,0.0,0.0,0.0,0.0,0.0,0.7,0.9,0.0,0.4,0.00,0.00,0.1,28.6,,DF,20030c06
1147,Maxime Lopez,0.0,0.2,0.4,0.00,0.00,0.8,0.9,2023-2024,25,fr FRA,2 Teams,it Serie A,21,940,10.4,9,12,15,0.0,0.0,0.0,0.0,0.0,0.0,0.0,0.8,0.9,0.0,0.4,0.00,0.00,0.2,50.0,,MF,20094685
1148,Samuele Birindelli,0.0,0.4,1.1,0.00,0.00,0.9,0.7,2023-2024,24,it ITA,Monza,it Serie A,35,2013,22.4,22,13,2,0.0,0.1,0.1,0.0,0.0,0.0,0.0,0.9,0.7,0.0,1.1,0.00,0.00,0.4,36.0,,MFDF,204ac005
1149,Hiroki Ito,0.0,0.2,0.7,0.00,0.00,0.7,1.3,2023-2024,24,jp JPN,Stuttgart,de Bundesliga,26,2228,24.8,25,1,0,0.0,0.1,0.1,0.0,0.0,0.0,0.0,0.7,1.3,0.0,0.7,0.00,0.00,0.2,22.2,,DF,204dded0
1150,Sebastian Walukiewicz,0.0,0.1,0.2,0.00,0.00,1.2,0.7,2023-2024,23,pl POL,Empoli,it Serie A,27,2055,22.8,23,4,6,0.0,0.0,0.0,0.0,0.0,0.0,0.0,1.2,0.7,0.0,0.2,0.00,0.00,0.1,50.0,,DF,217875a4
1151,Aïssa Laïdouni,0.0,0.4,1.1,0.00,0.00,1.0,1.0,2023-2024,26,tn TUN,Union Berlin,de Bundesliga,23,1071,11.9,10,13,7,0.0,0.3,0.3,0.0,0.0,0.0,0.0,1.0,1.0,0.0,1.1,0.00,0.00,0.4,38.5,,MF,22798128
1152,Aihen Muñoz,0.0,0.2,0.6,0.00,0.00,1.8,0.6,2023-2024,25,es ESP,Real Sociedad,es La Liga,21,1127,12.5,11,10,0,0.0,0.2,0.2,0.0,0.0,0.0,0.0,1.8,0.6,0.0,0.6,0.00,0.00,0.2,28.6,,DF,228b0d9d
1153,Chumi,0.0,0.0,0.2,0.00,0.00,0.9,0.6,2023-2024,24,es ESP,Almería,es La Liga,31,2434,27.0,26,5,6,0.0,0.0,0.0,0.0,0.0,0.0,0.0,0.9,0.6,0.0,0.2,0.00,0.00,0.0,20.0,,DF,2475cf9b
1154,Ryan Christie,0.0,0.4,1.3,0.00,0.00,1.3,1.6,2023-2024,28,sct SCO,Bournemouth,eng Premier League,37,2907,32.3,35,2,0,0.0,0.2,0.2,0.0,0.0,0.0,0.0,1.3,1.6,0.0,1.3,0.00,0.00,0.4,30.2,,MF,26ce2263
1155,Antonee Robinson,0.0,0.2,0.4,0.00,0.00,1.5,2.2,2023-2024,25,us USA,Fulham,eng Premier League,37,3265,36.3,37,0,0,0.0,0.2,0.2,0.0,0.0,0.0,0.0,1.5,2.2,0.0,0.4,0.00,0.00,0.2,43.8,,DF,289601e6
1156,César Montes,0.0,0.1,0.7,0.00,0.00,0.8,0.5,2023-2024,26,mx MEX,Almería,es La Liga,21,1788,19.9,21,0,7,0.0,0.0,0.0,0.0,0.0,0.0,0.0,0.8,0.5,0.0,0.7,0.00,0.00,0.1,15.4,,DF,28e957d7
1157,Nacho,0.0,0.1,0.3,0.00,0.00,0.6,1.0,2023-2024,33,es ESP,Real Madrid,es La Liga,29,1746,19.4,18,11,5,0.0,0.1,0.1,0.0,0.0,0.0,0.0,0.6,1.0,0.0,0.3,0.00,0.00,0.1,20.0,,DF,2946f9a1
1158,Marten de Roon,0.0,0.1,0.6,0.00,0.00,1.5,1.2,2023-2024,32,nl NED,Atalanta,it Serie A,30,2599,28.9,29,1,3,0.0,0.2,0.2,0.0,0.0,0.0,0.0,1.5,1.2,0.0,0.6,0.00,0.00,0.1,18.8,,MFDF,2a1beb34
1159,Marin Pongračić,0.0,0.1,0.4,0.00,0.00,0.8,1.4,2023-2024,25,hr CRO,Lecce,it Serie A,36,3219,35.8,36,0,0,0.0,0.0,0.0,0.0,0.0,0.0,0.0,0.8,1.4,0.0,0.4,0.00,0.00,0.1,23.1,,DF,2a6cd437
1160,Moussa Sissoko,0.0,0.1,0.5,0.00,0.00,0.7,0.6,2023-2024,33,fr FRA,Nantes,fr Ligue 1,26,1821,20.2,21,5,6,0.0,0.0,0.0,0.0,0.0,0.0,0.0,0.7,0.6,0.0,0.5,0.00,0.00,0.1,30.0,,MF,2acd49b9
1161,Lewis Cook,0.0,0.1,0.4,0.00,0.00,1.4,2.2,2023-2024,26,eng ENG,Bournemouth,eng Premier League,33,2786,31.0,32,1,0,0.0,0.1,0.1,0.0,0.0,0.0,0.0,1.4,2.2,0.0,0.4,0.00,0.00,0.1,33.3,,MF,2afc7272
1162,Cedric Zesiger,0.0,0.1,0.9,0.00,0.00,0.4,0.8,2023-2024,25,ch SUI,Wolfsburg,de Bundesliga,23,1634,18.2,18,5,10,0.0,0.0,0.0,0.0,0.0,0.0,0.0,0.4,0.8,0.0,0.9,0.00,0.00,0.1,12.5,,DF,2bab583c
1163,Abdel Abqar,0.0,0.1,0.4,0.00,0.00,0.8,1.0,2023-2024,24,ma MAR,Alavés,es La Liga,27,2312,25.7,27,0,4,0.0,0.0,0.0,0.0,0.0,0.0,0.0,0.8,1.0,0.0,0.4,0.00,0.00,0.1,30.0,,DF,2bc7f211
1164,Christoph Zimmermann,0.0,0.1,0.3,0.00,0.00,1.5,1.5,2023-2024,30,de GER,Darmstadt 98,de Bundesliga,19,1220,13.6,12,7,5,0.0,0.0,0.0,0.0,0.0,0.0,0.0,1.5,1.5,0.0,0.3,0.00,0.00,0.1,25.0,,DF,2d5f03bf
1165,Kacper Urbanski,0.0,0.6,1.7,0.00,0.00,0.9,0.4,2023-2024,18,pl POL,Bologna,it Serie A,22,926,10.3,9,13,16,0.0,0.1,0.1,0.0,0.0,0.0,0.0,0.9,0.4,0.0,1.7,0.00,0.00,0.6,35.3,,MFFW,2d9d9e42
1166,Elseid Hysaj,0.0,0.1,0.2,0.00,0.00,1.1,1.4,2023-2024,29,al ALB,Lazio,it Serie A,22,1199,13.3,11,11,15,0.0,0.0,0.0,0.0,0.0,0.0,0.0,1.1,1.4,0.0,0.2,0.00,0.00,0.1,50.0,,DF,2f3452eb
1167,Josh Doig,0.0,0.1,0.5,0.00,0.00,1.1,0.8,2023-2024,21,sct SCO,2 Teams,it Serie A,28,2173,24.1,26,2,5,0.0,0.1,0.1,0.0,0.0,0.0,0.0,1.1,0.8,0.0,0.5,0.00,0.00,0.1,23.1,,MFDF,2f69d881
1168,Douglas,0.0,0.3,0.8,0.00,0.00,2.1,1.3,2023-2024,26,br BRA,Nantes,fr Ligue 1,25,1772,19.7,22,3,0,0.0,0.0,0.0,0.0,0.0,0.0,0.0,2.1,1.3,0.0,0.8,0.00,0.00,0.3,31.3,,MF,301c287b
1169,Angeliño,0.0,0.2,0.6,0.00,0.00,0.9,0.9,2023-2024,26,es ESP,Roma,it Serie A,16,1141,12.7,14,2,0,0.0,0.1,0.1,0.0,0.0,0.0,0.0,0.9,0.9,0.0,0.6,0.00,0.00,0.2,25.0,,DFMF,30941e96
1170,Milan Škriniar,0.0,0.1,0.2,0.00,0.00,1.0,0.7,2023-2024,28,sk SVK,Paris Saint-Germain,fr Ligue 1,24,1629,18.1,17,7,1,0.0,0.0,0.0,0.0,0.0,0.0,0.0,1.0,0.7,0.0,0.2,0.00,0.00,0.1,33.3,,DF,30f5ffa9
1171,Kiliann Sildillia,0.0,0.0,0.3,0.00,0.00,1.0,1.1,2023-2024,21,fr FRA,Freiburg,de Bundesliga,27,1806,20.1,20,7,4,0.0,0.0,0.0,0.0,0.0,0.0,0.0,1.0,1.1,0.0,0.3,0.00,0.00,0.0,14.3,,DF,313254a3
1172,Nabil Bentaleb,0.0,0.1,0.5,0.00,0.00,1.5,1.6,2023-2024,28,dz ALG,Lille,fr Ligue 1,26,1967,21.9,23,3,0,0.0,0.1,0.1,0.0,0.0,0.0,0.0,1.5,1.6,0.0,0.5,0.00,0.00,0.1,20.0,,MF,3189f61a
1173,Rúben Dias,0.0,0.3,0.7,0.00,0.00,0.7,1.1,2023-2024,26,pt POR,Manchester City,eng Premier League,30,2559,28.4,28,2,5,0.0,0.0,0.0,0.0,0.0,0.0,0.0,0.7,1.1,0.0,0.7,0.00,0.00,0.3,40.0,,DFMF,31c69ef1
1174,Rafa Marín,0.0,0.1,0.5,0.00,0.00,0.7,1.1,2023-2024,21,es ESP,Alavés,es La Liga,33,2443,27.1,27,6,3,0.0,0.0,0.0,0.0,0.0,0.0,0.0,0.7,1.1,0.0,0.5,0.00,0.00,0.1,23.1,,DF,3239a8ed
1175,Sergio Reguilón,0.0,0.1,1.0,0.00,0.00,1.8,1.2,2023-2024,26,es ESP,2 Teams,eng Premier League,25,1530,17.0,18,7,5,0.0,0.2,0.2,0.0,0.0,0.0,0.0,1.8,1.2,0.0,1.0,0.00,0.00,0.1,11.8,,DF,3353737a
1176,Renato Tapia,0.0,0.1,1.3,0.00,0.00,1.8,1.3,2023-2024,28,pe PER,Celta Vigo,es La Liga,21,1337,14.9,15,6,9,0.0,0.0,0.0,0.0,0.0,0.0,0.0,1.8,1.3,0.0,1.3,0.00,0.00,0.1,5.3,,MFDF,34269bdf
1177,Óscar Melendo,0.0,0.2,0.5,0.00,0.00,0.5,0.3,2023-2024,25,es ESP,Granada,es La Liga,26,1122,12.5,15,11,10,0.0,0.0,0.0,0.0,0.0,0.0,0.0,0.5,0.3,0.0,0.5,0.00,0.00,0.2,33.3,,MFFW,379652be
1178,Amari'i Bell,0.0,0.1,0.1,0.00,0.00,1.6,1.4,2023-2024,29,jm JAM,Luton Town,eng Premier League,21,1720,19.1,21,0,0,0.0,0.0,0.0,0.0,0.0,0.0,0.0,1.6,1.4,0.0,0.1,0.00,0.00,0.1,100.0,,DF,399e9474
1179,Gabriel Suazo,0.0,0.1,0.4,0.00,0.00,1.2,1.0,2023-2024,25,cl CHI,Toulouse,fr Ligue 1,31,2357,26.2,27,4,1,0.0,0.2,0.2,0.0,0.0,0.0,0.0,1.2,1.0,0.0,0.4,0.00,0.00,0.1,30.0,,DFMF,39b326ed
1180,Alessandro Zanoli,0.0,0.1,0.3,0.00,0.00,1.2,0.3,2023-2024,22,it ITA,2 Teams,it Serie A,21,973,10.8,10,11,16,0.0,0.2,0.2,0.0,0.0,0.0,0.0,1.2,0.3,0.0,0.3,0.00,0.00,0.1,33.3,,MFDF,3b12b11f
1181,Hans Hateboer,0.0,0.2,0.9,0.00,0.00,0.4,0.3,2023-2024,29,nl NED,Atalanta,it Serie A,23,1113,12.4,10,13,7,0.0,0.1,0.1,0.0,0.0,0.0,0.0,0.4,0.3,0.0,0.9,0.00,0.00,0.2,27.3,,MF,3b333ac3
1182,Alejandro Pozo Pozo,0.0,0.2,0.4,0.00,0.00,1.2,0.6,2023-2024,24,es ESP,Almería,es La Liga,21,976,10.8,9,12,15,0.0,0.0,0.0,0.0,0.0,0.0,0.0,1.2,0.6,0.0,0.4,0.00,0.00,0.2,50.0,,DFMF,3c16d927
1183,Fali Candé,0.0,0.3,0.6,0.00,0.00,0.9,1.0,2023-2024,25,gw GNB,Metz,fr Ligue 1,25,1849,20.5,20,5,8,0.0,0.0,0.0,0.0,0.0,0.0,0.0,0.9,1.0,0.0,0.6,0.00,0.00,0.3,53.8,,DF,3cc4bb19
1184,Ferland Mendy,0.0,0.1,0.3,0.00,0.00,0.5,0.6,2023-2024,28,fr FRA,Real Madrid,es La Liga,23,1720,19.1,21,2,5,0.0,0.0,0.0,0.0,0.0,0.0,0.0,0.5,0.6,0.0,0.3,0.00,0.00,0.1,40.0,,DF,3cefcaef
1185,Iván Alejo,0.0,0.1,0.6,0.00,0.00,1.2,0.3,2023-2024,28,es ESP,Cádiz,es La Liga,30,1692,18.8,21,9,5,0.0,0.1,0.1,0.0,0.0,0.0,0.0,1.2,0.3,0.0,0.6,0.00,0.00,0.1,18.2,,MF,3d7e48ce
1186,David García,0.0,0.1,0.6,0.00,0.00,0.7,0.8,2023-2024,29,es ESP,Osasuna,es La Liga,27,2334,25.9,27,0,2,0.0,0.0,0.0,0.0,0.0,0.0,0.0,0.7,0.8,0.0,0.6,0.00,0.00,0.1,13.3,,DF,3e42f707
1187,Alessio Romagnoli,0.0,0.2,0.4,0.00,0.00,0.6,1.2,2023-2024,28,it ITA,Lazio,it Serie A,29,2411,26.8,26,3,0,0.0,0.0,0.0,0.0,0.0,0.0,0.0,0.6,1.2,0.0,0.4,0.00,0.00,0.2,45.5,,DF,3ead85f9
1188,Yeray Álvarez,0.0,0.2,0.5,0.00,0.00,0.7,0.8,2023-2024,28,es ESP,Athletic Club,es La Liga,19,1152,12.8,14,5,3,0.0,0.0,0.0,0.0,0.0,0.0,0.0,0.7,0.8,0.0,0.5,0.00,0.00,0.2,28.6,,DF,3ecc11d8
1189,Jesús Navas,0.0,0.1,0.3,0.00,0.00,1.2,1.0,2023-2024,37,es ESP,Sevilla,es La Liga,29,2003,22.3,25,4,1,0.0,0.1,0.1,0.0,0.0,0.0,0.0,1.2,1.0,0.0,0.3,0.00,0.00,0.1,28.6,,DFMF,3f10bd22
1190,Nicolò Casale,0.0,0.1,0.4,0.00,0.00,0.6,0.6,2023-2024,25,it ITA,Lazio,it Serie A,20,1559,17.3,16,4,13,0.0,0.0,0.0,0.0,0.0,0.0,0.0,0.6,0.6,0.0,0.4,0.00,0.00,0.1,14.3,,DF,3f5f38fb
1191,Iñigo Martínez,0.0,0.1,0.6,0.00,0.00,0.3,0.9,2023-2024,32,es ESP,Barcelona,es La Liga,20,1296,14.4,13,7,7,0.0,0.0,0.0,0.0,0.0,0.0,0.0,0.3,0.9,0.0,0.6,0.00,0.00,0.1,12.5,,DF,3fc45c73
1192,Bradley Locko,0.0,0.1,0.4,0.00,0.00,1.7,1.1,2023-2024,21,fr FRA,Brest,fr Ligue 1,33,2959,32.9,33,0,0,0.0,0.1,0.1,0.0,0.0,0.0,0.0,1.7,1.1,0.0,0.4,0.00,0.00,0.1,16.7,,DF,40221fa7
1193,Klaus Gjasula,0.0,0.1,0.6,0.00,0.00,1.4,1.2,2023-2024,33,al ALB,Darmstadt 98,de Bundesliga,22,1363,15.1,17,5,5,0.0,0.0,0.0,0.0,0.0,0.0,0.0,1.4,1.2,0.0,0.6,0.00,0.00,0.1,11.1,,DFMF,431c837b
1194,Ander Herrera,0.0,0.2,1.2,0.00,0.00,2.9,1.4,2023-2024,33,es ESP,Athletic Club,es La Liga,23,1030,11.4,10,13,6,0.0,0.3,0.3,0.0,0.0,0.0,0.0,2.9,1.4,0.0,1.2,0.00,0.00,0.2,14.3,,MF,436a9dd0
1195,Obite N'Dicka,0.0,0.0,0.4,0.00,0.00,0.7,0.6,2023-2024,23,ci CIV,Roma,it Serie A,25,2168,24.1,25,0,4,0.0,0.1,0.1,0.0,0.0,0.0,0.0,0.7,0.6,0.0,0.4,0.00,0.00,0.0,11.1,,DF,441197b8
1196,Danilo D'Ambrosio,0.0,0.2,0.8,0.00,0.00,2.0,0.9,2023-2024,34,it ITA,Monza,it Serie A,24,1536,17.1,16,8,5,0.0,0.0,0.0,0.0,0.0,0.0,0.0,2.0,0.9,0.0,0.8,0.00,0.00,0.2,28.6,,DF,44eb9093
1197,Nicola Zalewski,0.0,0.1,1.5,0.00,0.00,1.2,0.7,2023-2024,21,pl POL,Roma,it Serie A,22,968,10.8,10,12,15,0.0,0.1,0.1,0.0,0.0,0.0,0.0,1.2,0.7,0.0,1.5,0.00,0.00,0.1,6.3,,MFFW,45191c29
1198,Pablo Barrios,0.0,0.4,1.0,0.00,0.00,1.4,1.6,2023-2024,20,es ESP,Atlético Madrid,es La Liga,24,1555,17.3,17,7,0,0.0,0.1,0.1,0.0,0.0,0.0,0.0,1.4,1.6,0.0,1.0,0.00,0.00,0.4,41.2,,MF,45736cec
1199,Benjamin Pavard,0.0,0.3,0.8,0.00,0.00,1.3,1.7,2023-2024,27,fr FRA,2 Teams,2 Comps,23,1672,18.6,21,2,9,0.0,0.1,0.1,0.0,0.0,0.0,0.0,1.3,1.7,0.0,0.8,0.00,0.00,0.3,33.3,,DF,45a03961
1200,Dimitri Foulquier,0.0,0.0,0.3,0.00,0.00,1.0,0.7,2023-2024,30,fr FRA,Valencia,es La Liga,33,1842,20.5,19,14,0,0.0,0.0,0.0,0.0,0.0,0.0,0.0,1.0,0.7,0.0,0.3,0.00,0.00,0.0,14.3,,DFMF,45e17712
1201,Jonas Martin,0.0,0.2,0.7,0.00,0.00,1.9,0.7,2023-2024,33,fr FRA,Brest,fr Ligue 1,31,1208,13.4,9,22,0,0.0,0.1,0.1,0.0,0.0,0.0,0.0,1.9,0.7,0.0,0.7,0.00,0.00,0.2,30.0,,MF,468fdbad
1202,Josué Casimir,0.0,0.1,0.9,0.00,0.00,0.8,0.6,2023-2024,21,ht HAI,Le Havre,fr Ligue 1,30,2016,22.4,25,5,0,0.0,0.2,0.2,0.0,0.0,0.0,0.0,0.8,0.6,0.0,0.9,0.00,0.00,0.1,14.3,,MFFW,481f76cf
1203,Lucas Perrin,0.0,0.1,0.4,0.00,0.00,0.9,0.9,2023-2024,24,fr FRA,Strasbourg,fr Ligue 1,31,2723,30.3,30,1,3,0.0,0.0,0.0,0.0,0.0,0.0,0.0,0.9,0.9,0.0,0.4,0.00,0.00,0.1,25.0,,DF,49070d66
1204,Kevin Mbabu,0.0,0.0,0.2,0.00,0.00,1.8,1.0,2023-2024,28,ch SUI,2 Teams,2 Comps,25,2047,22.7,22,3,4,0.0,0.1,0.1,0.0,0.0,0.0,0.0,1.8,1.0,0.0,0.2,0.00,0.00,0.0,25.0,,DFMF,493924a7
1205,Edoardo Goldaniga,0.0,0.3,0.4,0.00,0.00,0.6,1.3,2023-2024,29,it ITA,Cagliari,it Serie A,13,1011,11.2,12,1,8,0.0,0.0,0.0,0.0,0.0,0.0,0.0,0.6,1.3,0.0,0.4,0.00,0.00,0.3,75.0,,DF,4b029b31
1206,Oriol Romeu,0.0,0.2,1.0,0.00,0.00,2.1,1.1,2023-2024,31,es ESP,Barcelona,es La Liga,28,936,10.4,11,17,9,0.0,0.1,0.1,0.0,0.0,0.0,0.0,2.1,1.1,0.0,1.0,0.00,0.00,0.2,20.0,,MF,4b511457
1207,Adam Wharton,0.0,0.1,0.7,0.00,0.00,2.2,1.2,2023-2024,19,eng ENG,Crystal Palace,eng Premier League,16,1297,14.4,15,1,0,0.0,0.2,0.2,0.0,0.0,0.0,0.0,2.2,1.2,0.0,0.7,0.00,0.00,0.1,10.0,,MF,4b542852
1208,Raúl Albiol,0.0,0.0,0.3,0.00,0.00,0.7,0.8,2023-2024,37,es ESP,Villarreal,es La Liga,26,2031,22.6,24,2,4,0.0,0.0,0.0,0.0,0.0,0.0,0.0,0.7,0.8,0.0,0.3,0.00,0.00,0.0,16.7,,DF,4bd414c1
1209,Maxi Gómez,0.0,0.5,1.2,0.00,0.00,0.3,0.2,2023-2024,26,uy URU,Cádiz,es La Liga,31,1163,12.9,12,19,3,0.0,0.0,0.0,0.0,0.0,0.0,0.0,0.3,0.2,0.0,1.2,0.00,0.00,0.5,37.5,,FW,4c2e9442
1210,Youssef Maleh,0.0,0.1,0.6,0.00,0.00,1.7,0.8,2023-2024,24,ma MAR,2 Teams,it Serie A,34,2602,28.9,30,4,2,0.0,0.0,0.0,0.0,0.0,0.0,0.0,1.7,0.8,0.0,0.6,0.00,0.00,0.1,11.1,,MF,4c8845f7
1211,Clément Lenglet,0.0,0.2,0.5,0.00,0.00,0.7,0.6,2023-2024,28,fr FRA,Aston Villa,eng Premier League,14,1153,12.8,14,0,20,0.0,0.1,0.1,0.0,0.0,0.0,0.0,0.7,0.6,0.0,0.5,0.00,0.00,0.2,28.6,,DF,4f28a6ff
1212,Jan Paul van Hecke,0.0,0.2,0.6,0.00,0.00,0.9,1.1,2023-2024,23,nl NED,Brighton,eng Premier League,28,2369,26.3,26,2,4,0.0,0.0,0.0,0.0,0.0,0.0,0.0,0.9,1.1,0.0,0.6,0.00,0.00,0.2,40.0,,DF,4fd08daa
1213,Victor Bernth Kristiansen,0.0,0.1,0.2,0.00,0.00,1.3,0.5,2023-2024,20,dk DEN,Bologna,it Serie A,32,2307,25.6,26,6,3,0.0,0.1,0.1,0.0,0.0,0.0,0.0,1.3,0.5,0.0,0.2,0.00,0.00,0.1,33.3,,DF,505486d6
1214,Antonio Blanco,0.0,0.1,0.7,0.00,0.00,1.4,1.2,2023-2024,23,es ESP,Alavés,es La Liga,33,2426,27.0,29,4,2,0.0,0.0,0.0,0.0,0.0,0.0,0.0,1.4,1.2,0.0,0.7,0.00,0.00,0.1,15.0,,MF,506daeac
1215,Mohamed Kaba,0.0,0.4,0.9,0.00,0.00,1.3,0.8,2023-2024,21,fr FRA,Lecce,it Serie A,23,1378,15.3,15,8,1,0.0,0.0,0.0,0.0,0.0,0.0,0.0,1.3,0.8,0.0,0.9,0.00,0.00,0.4,42.9,,MF,517cfb19
1216,Máximo Perrone,0.0,0.2,0.4,0.00,0.00,1.1,1.3,2023-2024,20,ar ARG,2 Teams,2 Comps,29,1623,18.0,20,9,5,0.0,0.0,0.0,0.0,0.0,0.0,0.0,1.1,1.3,0.0,0.4,0.00,0.00,0.2,42.9,,MF,53552942
1217,César Azpilicueta,0.0,0.1,0.1,0.00,0.00,0.9,1.0,2023-2024,33,es ESP,Atlético Madrid,es La Liga,25,1423,15.8,14,11,4,0.0,0.1,0.1,0.0,0.0,0.0,0.0,0.9,1.0,0.0,0.1,0.00,0.00,0.1,100.0,,DFMF,53cad200
1218,Koke,0.0,0.1,0.4,0.00,0.00,1.5,0.5,2023-2024,31,es ESP,Atlético Madrid,es La Liga,35,2493,27.7,32,3,0,0.0,0.1,0.1,0.0,0.0,0.0,0.0,1.5,0.5,0.0,0.4,0.00,0.00,0.1,20.0,,MF,55126f3b
1219,Tommy Doyle,0.0,0.2,1.0,0.00,0.00,1.0,1.0,2023-2024,21,eng ENG,Wolves,eng Premier League,26,1222,13.6,11,15,6,0.0,0.0,0.0,0.0,0.0,0.0,0.0,1.0,1.0,0.0,1.0,0.00,0.00,0.2,21.4,,MF,5526deb1
1220,Mario Hermoso,0.0,0.1,0.6,0.00,0.00,0.9,1.0,2023-2024,28,es ESP,Atlético Madrid,es La Liga,31,2557,28.4,29,2,4,0.0,0.0,0.0,0.0,0.0,0.0,0.0,0.9,1.0,0.0,0.6,0.00,0.00,0.1,23.5,,DF,555f3a0b
1221,Boubakar Kouyaté,0.0,0.1,0.6,0.00,0.00,1.5,1.3,2023-2024,26,ml MLI,Montpellier,fr Ligue 1,23,1928,21.4,22,1,1,0.0,0.1,0.1,0.0,0.0,0.0,0.0,1.5,1.3,0.0,0.6,0.00,0.00,0.1,15.4,,DF,562a4799
1222,Atakan Karazor,0.0,0.1,0.7,0.00,0.00,1.6,0.9,2023-2024,26,tr TUR,Stuttgart,de Bundesliga,33,2623,29.1,31,2,0,0.0,0.1,0.1,0.0,0.0,0.0,0.0,1.6,0.9,0.0,0.7,0.00,0.00,0.1,10.5,,MF,5762be5c
1223,Óliver Torres,0.0,0.2,0.5,0.00,0.00,1.2,0.4,2023-2024,28,es ESP,Sevilla,es La Liga,27,1616,18.0,18,9,3,0.0,0.1,0.1,0.0,0.0,0.0,0.0,1.2,0.4,0.0,0.5,0.00,0.00,0.2,33.3,,MF,58a9a4d9
1224,Rani Khedira,0.0,0.1,0.2,0.00,0.00,1.3,1.3,2023-2024,29,de GER,Union Berlin,de Bundesliga,20,1343,14.9,18,2,1,0.0,0.0,0.0,0.0,0.0,0.0,0.0,1.3,1.3,0.0,0.2,0.00,0.00,0.1,33.3,,MF,59e4b92e
1225,Danley Jean-Jacques,0.0,0.2,1.1,0.00,0.00,1.0,1.3,2023-2024,23,ht HAI,Metz,fr Ligue 1,33,2682,29.8,30,3,0,0.0,0.0,0.0,0.0,0.0,0.0,0.0,1.0,1.3,0.0,1.1,0.00,0.00,0.2,14.7,,MF,59fcbd6d
1226,Federico Baschirotto,0.0,0.2,0.5,0.00,0.00,0.3,0.6,2023-2024,26,it ITA,Lecce,it Serie A,37,3294,36.6,37,0,0,0.0,0.0,0.0,0.0,0.0,0.0,0.0,0.3,0.6,0.0,0.5,0.00,0.00,0.2,33.3,,DF,5a08ee41
1227,Filippo Terracciano,0.0,0.2,0.5,0.00,0.00,1.2,1.2,2023-2024,20,it ITA,2 Teams,it Serie A,21,1372,15.2,15,6,16,0.0,0.1,0.1,0.0,0.0,0.0,0.0,1.2,1.2,0.0,0.5,0.00,0.00,0.2,37.5,,MFDF,5cbb5ad6
1228,Alejandro Balde,0.0,0.1,0.3,0.00,0.00,0.6,0.3,2023-2024,19,es ESP,Barcelona,es La Liga,18,1378,15.3,15,3,2,0.0,0.1,0.1,0.0,0.0,0.0,0.0,0.6,0.3,0.0,0.3,0.00,0.00,0.1,20.0,,DFMF,5ccc9672
1229,Patrick Ciurria,0.0,0.4,1.6,0.00,0.00,1.1,0.5,2023-2024,28,it ITA,Monza,it Serie A,22,1598,17.8,18,4,7,0.0,0.1,0.1,0.0,0.0,0.0,0.0,1.1,0.5,0.0,1.6,0.00,0.00,0.4,25.0,,MF,5de3866c
1230,Baptiste Santamaria,0.0,0.4,1.3,0.00,0.00,1.6,1.5,2023-2024,28,fr FRA,Rennes,fr Ligue 1,30,1926,21.4,22,8,4,0.0,0.0,0.0,0.0,0.0,0.0,0.0,1.6,1.5,0.0,1.3,0.00,0.00,0.4,32.1,,MF,5e22e2a4
1231,Waldemar Anton,0.0,0.2,0.8,0.00,0.00,0.8,1.2,2023-2024,27,de GER,Stuttgart,de Bundesliga,33,2886,32.1,32,1,0,0.0,0.1,0.1,0.0,0.0,0.0,0.0,0.8,1.2,0.0,0.8,0.00,0.00,0.2,22.2,,DF,5e66fa06
1232,Ibrahima Konaté,0.0,0.1,0.6,0.00,0.00,1.3,1.1,2023-2024,24,fr FRA,Liverpool,eng Premier League,22,1574,17.5,17,5,11,0.0,0.0,0.0,0.0,0.0,0.0,0.0,1.3,1.1,0.0,0.6,0.00,0.00,0.1,18.2,,DF,5ed9b537
1233,Andre Brooks,0.0,0.2,0.9,0.00,0.00,1.0,1.4,2023-2024,19,eng ENG,Sheffield United,eng Premier League,20,938,10.4,12,8,11,0.0,0.0,0.0,0.0,0.0,0.0,0.0,1.0,1.4,0.0,0.9,0.00,0.00,0.2,22.2,,MF,5f346071
1234,Alex Sola,0.0,0.5,2.0,0.00,0.00,1.0,0.8,2023-2024,24,es ESP,2 Teams,es La Liga,31,1292,14.4,14,17,7,0.0,0.2,0.2,0.0,0.0,0.0,0.0,1.0,0.8,0.0,2.0,0.00,0.00,0.5,25.0,,MF,5fa714d5
1235,Gerzino Nyamsi,0.0,0.2,0.6,0.00,0.00,1.2,0.8,2023-2024,26,cm CMR,Strasbourg,fr Ligue 1,13,1092,12.1,13,0,2,0.0,0.0,0.0,0.0,0.0,0.0,0.0,1.2,0.8,0.0,0.6,0.00,0.00,0.2,42.9,,DF,6043997c
1236,Johan Mojica,0.0,0.0,0.7,0.00,0.00,1.0,1.0,2023-2024,30,co COL,Osasuna,es La Liga,30,2041,22.7,22,8,3,0.0,0.1,0.1,0.0,0.0,0.0,0.0,1.0,1.0,0.0,0.7,0.00,0.00,0.0,5.9,,DFMF,608f2092
1237,Bartosz Bereszyński,0.0,0.1,0.2,0.00,0.00,1.3,1.1,2023-2024,31,pl POL,Empoli,it Serie A,24,1762,19.6,22,2,7,0.0,0.1,0.1,0.0,0.0,0.0,0.0,1.3,1.1,0.0,0.2,0.00,0.00,0.1,33.3,,DF,61b3978f
1238,Angel Gomes,0.0,0.2,1.2,0.00,0.00,0.5,0.6,2023-2024,22,eng ENG,Lille,fr Ligue 1,31,2571,28.6,29,2,0,0.0,0.3,0.3,0.0,0.0,0.0,0.0,0.5,0.6,0.0,1.2,0.00,0.00,0.2,20.6,,MF,645a3363
1239,Dion Lopy,0.0,0.4,1.1,0.00,0.00,1.7,0.7,2023-2024,21,sn SEN,Almería,es La Liga,30,1916,21.3,23,7,5,0.0,0.0,0.0,0.0,0.0,0.0,0.0,1.7,0.7,0.0,1.1,0.00,0.00,0.4,34.8,,MF,64c14d49
1240,Rasmus Carstensen,0.0,0.2,0.5,0.00,0.00,1.4,1.0,2023-2024,22,dk DEN,Köln,de Bundesliga,23,1659,18.4,18,5,9,0.0,0.0,0.0,0.0,0.0,0.0,0.0,1.4,1.0,0.0,0.5,0.00,0.00,0.2,40.0,,DFMF,64d7f629
1241,Youssouf Ndayishimiye,0.0,0.2,0.7,0.00,0.00,1.1,0.7,2023-2024,24,bi BDI,Nice,fr Ligue 1,23,1712,19.0,20,3,3,0.0,0.0,0.0,0.0,0.0,0.0,0.0,1.1,0.7,0.0,0.7,0.00,0.00,0.2,21.4,,MFDF,65c55288
1242,Anthony Oyono,0.0,0.1,0.3,0.00,0.00,2.0,0.7,2023-2024,22,ga GAB,Frosinone,it Serie A,16,1198,13.3,14,2,0,0.0,0.1,0.1,0.0,0.0,0.0,0.0,2.0,0.7,0.0,0.3,0.00,0.00,0.1,25.0,,DFMF,68b7e72e
1243,Tyronne Ebuehi,0.0,0.1,0.4,0.00,0.00,0.8,0.5,2023-2024,27,ng NGA,Empoli,it Serie A,15,1099,12.2,11,4,7,0.0,0.1,0.1,0.0,0.0,0.0,0.0,0.8,0.5,0.0,0.4,0.00,0.00,0.1,20.0,,DF,6af30900
1244,Andre-Frank Zambo Anguissa,0.0,0.2,1.1,0.00,0.00,1.1,0.9,2023-2024,27,cm CMR,Napoli,it Serie A,34,2786,31.0,32,2,0,0.0,0.1,0.1,0.0,0.0,0.0,0.0,1.1,0.9,0.0,1.1,0.00,0.00,0.2,18.2,,MF,6bb2c084
1245,Enzo Loiodice,0.0,0.3,0.8,0.00,0.00,1.8,0.6,2023-2024,22,fr FRA,Las Palmas,es La Liga,34,1790,19.9,19,15,4,0.0,0.1,0.1,0.0,0.0,0.0,0.0,1.8,0.6,0.0,0.8,0.00,0.00,0.3,37.5,,MF,6bca20fe
1246,Yves Bissouma,0.0,0.2,1.0,0.00,0.00,2.2,1.5,2023-2024,26,ml MLI,Tottenham Hotspur,eng Premier League,28,2068,23.0,26,2,0,0.0,0.0,0.0,0.0,0.0,0.0,0.0,2.2,1.5,0.0,1.0,0.00,0.00,0.2,20.8,,MF,6c203af0
1247,Enzo Barrenechea,0.0,0.1,0.6,0.00,0.00,1.3,0.9,2023-2024,22,ar ARG,Frosinone,it Serie A,36,2811,31.2,32,4,0,0.0,0.0,0.0,0.0,0.0,0.0,0.0,1.3,0.9,0.0,0.6,0.00,0.00,0.1,15.0,,MF,6caffe81
1248,Alberto Grassi,0.0,0.2,1.1,0.00,0.00,0.8,1.9,2023-2024,28,it ITA,Empoli,it Serie A,27,1807,20.1,22,5,5,0.0,0.0,0.0,0.0,0.0,0.0,0.0,0.8,1.9,0.0,1.1,0.00,0.00,0.2,21.7,,MF,6cc97b6a
1249,Jaka Bijol,0.0,0.1,0.6,0.00,0.00,1.2,1.0,2023-2024,24,si SVN,Udinese,it Serie A,24,2084,23.2,23,1,0,0.0,0.0,0.0,0.0,0.0,0.0,0.0,1.2,1.0,0.0,0.6,0.00,0.00,0.1,13.3,,DF,6fdac234
1250,Lucas Tousart,0.0,0.3,1.4,0.00,0.00,1.2,1.4,2023-2024,26,fr FRA,Union Berlin,de Bundesliga,23,1572,17.5,18,5,3,0.0,0.0,0.0,0.0,0.0,0.0,0.0,1.2,1.4,0.0,1.4,0.00,0.00,0.3,24.0,,MF,71ec39ef
1251,Fali,0.0,0.1,0.4,0.00,0.00,0.9,1.0,2023-2024,29,es ESP,Cádiz,es La Liga,30,2547,28.3,30,0,4,0.0,0.0,0.0,0.0,0.0,0.0,0.0,0.9,1.0,0.0,0.4,0.00,0.00,0.1,27.3,,DF,72a84002
1252,Ângelo,0.0,0.3,0.7,0.00,0.00,1.0,0.7,2023-2024,18,br BRA,Strasbourg,fr Ligue 1,21,1094,12.2,11,10,1,0.0,0.2,0.2,0.0,0.0,0.0,0.0,1.0,0.7,0.0,0.7,0.00,0.00,0.3,44.4,,MFFW,737945d9
1253,Mateusz Łęgowski,0.0,0.1,0.6,0.00,0.00,0.9,0.6,2023-2024,20,pl POL,Salernitana,it Serie A,29,1145,12.7,10,19,9,0.0,0.0,0.0,0.0,0.0,0.0,0.0,0.9,0.6,0.0,0.6,0.00,0.00,0.1,14.3,,MF,75c62731
1254,Kingsley Ehizibue,0.0,0.3,1.7,0.00,0.00,1.3,0.8,2023-2024,28,nl NED,Udinese,it Serie A,23,955,10.6,11,12,1,0.0,0.1,0.1,0.0,0.0,0.0,0.0,1.3,0.8,0.0,1.7,0.00,0.00,0.3,16.7,,MF,76b2817e
1255,Nicolas Pallois,0.0,0.1,0.2,0.00,0.00,1.2,1.4,2023-2024,35,fr FRA,Nantes,fr Ligue 1,23,1589,17.7,17,6,11,0.0,0.1,0.1,0.0,0.0,0.0,0.0,1.2,1.4,0.0,0.2,0.00,0.00,0.1,25.0,,DF,779847d6
1256,Joris Chotard,0.0,0.2,0.7,0.00,0.00,1.7,1.5,2023-2024,21,fr FRA,Montpellier,fr Ligue 1,31,2587,28.7,30,1,0,0.0,0.1,0.1,0.0,0.0,0.0,0.0,1.7,1.5,0.0,0.7,0.00,0.00,0.2,33.3,,MF,7909ffa4
1257,Joe Gomez,0.0,0.1,1.0,0.00,0.00,1.5,1.0,2023-2024,26,eng ENG,Liverpool,eng Premier League,32,1786,19.8,17,15,4,0.0,0.1,0.1,0.0,0.0,0.0,0.0,1.5,1.0,0.0,1.0,0.00,0.00,0.1,10.5,,DF,7a11550b
1258,Eduardo Camavinga,0.0,0.3,0.8,0.00,0.00,2.4,1.3,2023-2024,20,fr FRA,Real Madrid,es La Liga,31,1817,20.2,21,10,0,0.0,0.1,0.1,0.0,0.0,0.0,0.0,2.4,1.3,0.0,0.8,0.00,0.00,0.3,41.2,,MF,7b9c2d84
1259,Emir Karic,0.0,0.2,0.6,0.00,0.00,1.4,0.7,2023-2024,26,ba BIH,Darmstadt 98,de Bundesliga,27,1783,19.8,18,9,2,0.0,0.0,0.0,0.0,0.0,0.0,0.0,1.4,0.7,0.0,0.6,0.00,0.00,0.2,25.0,,MFDF,7bbb0ac4
1260,Enzo Tchato,0.0,0.1,0.4,0.00,0.00,1.4,0.9,2023-2024,20,cm CMR,Montpellier,fr Ligue 1,17,1125,12.5,11,6,14,0.0,0.0,0.0,0.0,0.0,0.0,0.0,1.4,0.9,0.0,0.4,0.00,0.00,0.1,20.0,,DF,7f783431
1261,Răzvan Marin,0.0,0.4,1.7,0.00,0.00,1.0,0.3,2023-2024,27,ro ROU,Empoli,it Serie A,30,1818,20.2,20,10,5,0.0,0.1,0.1,0.0,0.0,0.0,0.0,1.0,0.3,0.0,1.7,0.00,0.00,0.4,25.7,,MF,7fac99d4
1262,Harrison Reed,0.0,0.1,0.6,0.00,0.00,1.2,0.6,2023-2024,28,eng ENG,Fulham,eng Premier League,27,1325,14.7,15,12,10,0.0,0.1,0.1,0.0,0.0,0.0,0.0,1.2,0.6,0.0,0.6,0.00,0.00,0.1,22.2,,MF,803ae100
1263,Jhon Lucumí,0.0,0.1,0.4,0.00,0.00,1.2,0.6,2023-2024,25,co COL,Bologna,it Serie A,29,2217,24.6,23,6,4,0.0,0.0,0.0,0.0,0.0,0.0,0.0,1.2,0.6,0.0,0.4,0.00,0.00,0.1,18.2,,DF,80490d7f
1264,Toma Bašić,0.0,0.1,0.9,0.00,0.00,1.0,1.1,2023-2024,26,hr CRO,2 Teams,it Serie A,15,1162,12.9,14,1,16,0.0,0.0,0.0,0.0,0.0,0.0,0.0,1.0,1.1,0.0,0.9,0.00,0.00,0.1,8.3,,MF,80556f08
1265,Jaume Costa,0.0,0.1,0.3,0.00,0.00,1.1,0.9,2023-2024,35,es ESP,Mallorca,es La Liga,30,1682,18.7,19,11,6,0.0,0.1,0.1,0.0,0.0,0.0,0.0,1.1,0.9,0.0,0.3,0.00,0.00,0.1,33.3,,DFMF,808d48f3
1266,Leart Paqarada,0.0,0.3,0.8,0.00,0.00,0.9,1.0,2023-2024,28,xk KVX,Köln,de Bundesliga,17,1075,11.9,11,6,8,0.0,0.0,0.0,0.0,0.0,0.0,0.0,0.9,1.0,0.0,0.8,0.00,0.00,0.3,40.0,,DF,82bfc14d
1267,Lassana Coulibaly,0.0,0.1,0.6,0.00,0.00,1.4,0.7,2023-2024,27,ml MLI,Salernitana,it Serie A,28,2082,23.1,25,3,0,0.0,0.0,0.0,0.0,0.0,0.0,0.0,1.4,0.7,0.0,0.6,0.00,0.00,0.1,23.1,,MF,85a44ecc
1268,Rodri,0.0,0.4,1.5,0.00,0.00,0.9,0.7,2023-2024,23,es ESP,Real Betis,es La Liga,29,1051,11.7,9,20,8,0.0,0.0,0.0,0.0,0.0,0.0,0.0,0.9,0.7,0.0,1.5,0.00,0.00,0.4,27.8,,MF,85bed4ee
1269,Johan Gastien,0.0,0.2,0.4,0.00,0.00,0.9,1.5,2023-2024,35,fr FRA,Clermont Foot,fr Ligue 1,28,2260,25.1,28,0,0,0.0,0.0,0.0,0.0,0.0,0.0,0.0,0.9,1.5,0.0,0.4,0.00,0.00,0.2,45.5,,MF,868eaba0
1270,Kyle Walker,0.0,0.1,0.5,0.00,0.00,0.8,0.8,2023-2024,33,eng ENG,Manchester City,eng Premier League,32,2767,30.7,30,2,3,0.0,0.1,0.1,0.0,0.0,0.0,0.0,0.8,0.8,0.0,0.5,0.00,0.00,0.1,18.8,,DFMF,86dd77d1
1271,Jean-Clair Todibo,0.0,0.0,0.3,0.00,0.00,1.0,1.3,2023-2024,23,fr FRA,Nice,fr Ligue 1,30,2651,29.5,30,0,0,0.0,0.1,0.1,0.0,0.0,0.0,0.0,1.0,1.3,0.0,0.3,0.00,0.00,0.0,11.1,,DF,88f130ed
1272,Armando Izzo,0.0,0.2,0.3,0.00,0.00,1.1,1.3,2023-2024,31,it ITA,Monza,it Serie A,23,1650,18.3,20,3,4,0.0,0.0,0.0,0.0,0.0,0.0,0.0,1.1,1.3,0.0,0.3,0.00,0.00,0.2,60.0,,DF,89976232
1273,Pierre Højbjerg,0.0,0.4,1.3,0.00,0.00,1.1,1.1,2023-2024,27,dk DEN,Tottenham Hotspur,eng Premier League,36,1311,14.6,8,28,2,0.0,0.0,0.0,0.0,0.0,0.0,0.0,1.1,1.1,0.0,1.3,0.00,0.00,0.4,31.6,,MF,8b04d6c1
1274,Domagoj Bradarić,0.0,0.1,0.6,0.00,0.00,0.7,1.0,2023-2024,23,hr CRO,Salernitana,it Serie A,34,2749,30.5,30,4,0,0.0,0.1,0.1,0.0,0.0,0.0,0.0,0.7,1.0,0.0,0.6,0.00,0.00,0.1,21.1,,MFDF,8bbe2df5
1275,Carlos Augusto,0.0,0.3,1.1,0.00,0.00,1.1,0.7,2023-2024,24,br BRA,Inter,it Serie A,37,1725,19.2,14,23,0,0.0,0.2,0.2,0.0,0.0,0.0,0.0,1.1,0.7,0.0,1.1,0.00,0.00,0.3,27.3,,MFDF,8d3cd59d
1276,Toni Lato,0.0,0.1,0.3,0.00,0.00,1.3,1.0,2023-2024,25,es ESP,Mallorca,es La Liga,28,1544,17.2,16,12,7,0.0,0.1,0.1,0.0,0.0,0.0,0.0,1.3,1.0,0.0,0.3,0.00,0.00,0.1,40.0,,DF,8e088e04
1277,Caleb Okoli,0.0,0.1,0.4,0.00,0.00,1.1,1.0,2023-2024,22,it ITA,2 Teams,it Serie A,34,2914,32.4,32,2,3,0.0,0.0,0.0,0.0,0.0,0.0,0.0,1.1,1.0,0.0,0.4,0.00,0.00,0.1,30.8,,DF,8ec109e6
1278,Timothy Weah,0.0,0.1,0.9,0.00,0.00,1.4,0.4,2023-2024,23,us USA,Juventus,it Serie A,30,1258,14.0,12,18,2,0.0,0.1,0.1,0.0,0.0,0.0,0.0,1.4,0.4,0.0,0.9,0.00,0.00,0.1,16.7,,MF,8eec784d
1279,Xaver Schlager,0.0,0.1,0.8,0.00,0.00,1.9,0.7,2023-2024,25,at AUT,RB Leipzig,de Bundesliga,29,2477,27.5,29,0,0,0.0,0.2,0.2,0.0,0.0,0.0,0.0,1.9,0.7,0.0,0.8,0.00,0.00,0.1,14.3,,MF,8f056768
1280,Nicolas Cozza,0.0,0.1,0.5,0.00,0.00,2.3,1.3,2023-2024,24,fr FRA,2 Teams,2 Comps,19,1171,13.0,13,6,9,0.0,0.0,0.0,0.0,0.0,0.0,0.0,2.3,1.3,0.0,0.5,0.00,0.00,0.1,16.7,,DFMF,8f325097
1281,Danilo Pereira,0.0,0.0,0.5,0.00,0.00,0.5,1.1,2023-2024,31,pt POR,Paris Saint-Germain,fr Ligue 1,26,1995,22.2,22,4,5,0.0,0.0,0.0,0.0,0.0,0.0,0.0,0.5,1.1,0.0,0.5,0.00,0.00,0.0,10.0,,DF,8fd9996f
1282,Riccardo Marchizza,0.0,0.2,0.6,0.00,0.00,0.5,0.5,2023-2024,25,it ITA,Frosinone,it Serie A,13,1148,12.8,13,0,7,0.0,0.3,0.3,0.0,0.0,0.0,0.0,0.5,0.5,0.0,0.6,0.00,0.00,0.2,37.5,,DF,91d0fabf
1283,Jens Cajuste,0.0,0.3,1.4,0.00,0.00,1.9,0.3,2023-2024,23,se SWE,Napoli,it Serie A,26,1016,11.3,11,15,8,0.0,0.2,0.2,0.0,0.0,0.0,0.0,1.9,0.3,0.0,1.4,0.00,0.00,0.3,18.8,,MF,928a4a61
1284,Vitinho,0.0,0.2,1.0,0.00,0.00,1.3,0.4,2023-2024,24,br BRA,Burnley,eng Premier League,32,2314,25.7,26,6,2,0.0,0.1,0.1,0.0,0.0,0.0,0.0,1.3,0.4,0.0,1.0,0.00,0.00,0.2,16.0,,DFMF,9295dc1c
1285,Timo Hübers,0.0,0.2,0.7,0.00,0.00,1.5,1.9,2023-2024,27,de GER,Köln,de Bundesliga,31,2778,30.9,31,0,0,0.0,0.0,0.0,0.0,0.0,0.0,0.0,1.5,1.9,0.0,0.7,0.00,0.00,0.2,22.7,,DF,94302c52
1286,Natan,0.0,0.1,0.6,0.00,0.00,1.0,0.8,2023-2024,22,br BRA,Napoli,it Serie A,14,952,10.6,11,3,19,0.0,0.0,0.0,0.0,0.0,0.0,0.0,1.0,0.8,0.0,0.6,0.00,0.00,0.1,16.7,,DF,94bccc82
1287,Duje Ćaleta-Car,0.0,0.0,0.3,0.00,0.00,0.5,0.7,2023-2024,26,hr CRO,Lyon,fr Ligue 1,24,1993,22.1,22,2,3,0.0,0.0,0.0,0.0,0.0,0.0,0.0,0.5,0.7,0.0,0.3,0.00,0.00,0.0,14.3,,DF,94f8d10c
1288,Paulo Azzi,0.0,0.2,2.1,0.00,0.00,1.0,1.6,2023-2024,29,br BRA,Cagliari,it Serie A,25,950,10.6,9,16,13,0.0,0.0,0.0,0.0,0.0,0.0,0.0,1.0,1.6,0.0,2.1,0.00,0.00,0.2,9.1,,MFDF,967ac202
1289,Iglesias,0.0,0.4,1.0,0.00,0.00,1.3,1.0,2023-2024,25,es ESP,Getafe,es La Liga,23,1412,15.7,16,7,7,0.0,0.1,0.1,0.0,0.0,0.0,0.0,1.3,1.0,0.0,1.0,0.00,0.00,0.4,40.0,,DFMF,974322dc
1290,Francesco Gelli,0.0,0.2,0.6,0.00,0.00,0.7,0.6,2023-2024,26,it ITA,Frosinone,it Serie A,27,1561,17.3,16,11,2,0.0,0.0,0.0,0.0,0.0,0.0,0.0,0.7,0.6,0.0,0.6,0.00,0.00,0.2,30.0,,MFDF,986693ed
1291,Pascal Stenzel,0.0,0.3,1.2,0.00,0.00,0.6,1.4,2023-2024,27,de GER,Stuttgart,de Bundesliga,23,1064,11.8,14,9,9,0.0,0.4,0.4,0.0,0.0,0.0,0.0,0.6,1.4,0.0,1.2,0.00,0.00,0.3,28.6,,DF,99f7e9aa
1292,Cenk Özkacar,0.0,0.2,0.3,0.00,0.00,0.8,1.0,2023-2024,22,tr TUR,Valencia,es La Liga,23,1598,17.8,18,5,13,0.0,0.0,0.0,0.0,0.0,0.0,0.0,0.8,1.0,0.0,0.3,0.00,0.00,0.2,50.0,,DF,9a93efc9
1293,Anthony Rouault,0.0,0.1,0.3,0.00,0.00,1.1,0.9,2023-2024,22,fr FRA,2 Teams,2 Comps,22,1010,11.2,11,11,7,0.0,0.2,0.2,0.0,0.0,0.0,0.0,1.1,0.9,0.0,0.3,0.00,0.00,0.1,33.3,,DF,9b545925
1294,Mario Gila,0.0,0.1,0.4,0.00,0.00,0.7,1.0,2023-2024,22,es ESP,Lazio,it Serie A,21,1809,20.1,21,0,13,0.0,0.0,0.0,0.0,0.0,0.0,0.0,0.7,1.0,0.0,0.4,0.00,0.00,0.1,25.0,,DF,9c435456
1295,Aaron Wan-Bissaka,0.0,0.1,0.2,0.00,0.00,1.3,2.0,2023-2024,25,cd COD,Manchester Utd,eng Premier League,22,1780,19.8,20,2,3,0.0,0.1,0.1,0.0,0.0,0.0,0.0,1.3,2.0,0.0,0.2,0.00,0.00,0.1,33.3,,DF,9e525177
1296,Ben Godfrey,0.0,0.3,1.2,0.00,0.00,1.7,1.3,2023-2024,25,eng ENG,Everton,eng Premier League,15,1120,12.4,13,2,23,0.0,0.0,0.0,0.0,0.0,0.0,0.0,1.7,1.3,0.0,1.2,0.00,0.00,0.3,26.7,,DF,9f7c837d
1297,Rick Karsdorp,0.0,0.1,0.6,0.00,0.00,1.4,0.7,2023-2024,28,nl NED,Roma,it Serie A,18,1191,13.2,14,4,16,0.0,0.2,0.2,0.0,0.0,0.0,0.0,1.4,0.7,0.0,0.6,0.00,0.00,0.1,12.5,,MFDF,9f84febe
1298,Neto Borges,0.0,0.1,0.6,0.00,0.00,0.9,1.9,2023-2024,26,br BRA,Clermont Foot,fr Ligue 1,28,2516,28.0,28,0,0,0.0,0.0,0.0,0.0,0.0,0.0,0.0,0.9,1.9,0.0,0.6,0.00,0.00,0.1,12.5,,MFDF,9f936061
1299,Manu Morlanes,0.0,0.2,0.6,0.00,0.00,1.6,1.0,2023-2024,24,es ESP,Mallorca,es La Liga,35,1615,17.9,16,19,2,0.0,0.1,0.1,0.0,0.0,0.0,0.0,1.6,1.0,0.0,0.6,0.00,0.00,0.2,36.4,,MF,a0255c67
1300,Will Hughes,0.0,0.1,0.4,0.00,0.00,1.6,0.9,2023-2024,28,eng ENG,Crystal Palace,eng Premier League,30,1891,21.0,23,7,1,0.0,0.0,0.0,0.0,0.0,0.0,0.0,1.6,0.9,0.0,0.4,0.00,0.00,0.1,37.5,,MF,a0666d3e
1301,Stijn Spierings,0.0,0.1,0.6,0.00,0.00,2.2,1.3,2023-2024,27,nl NED,2 Teams,fr Ligue 1,26,1634,18.2,17,9,3,0.0,0.1,0.1,0.0,0.0,0.0,0.0,2.2,1.3,0.0,0.6,0.00,0.00,0.1,9.1,,MF,a08985b8
1302,Carlos Baleba,0.0,0.4,1.5,0.00,0.00,1.6,1.3,2023-2024,19,cm CMR,2 Teams,2 Comps,29,1386,15.4,16,13,8,0.0,0.0,0.0,0.0,0.0,0.0,0.0,1.6,1.3,0.0,1.5,0.00,0.00,0.4,26.1,,MF,a1390d2f
1303,Ruan,0.0,0.1,0.4,0.00,0.00,0.8,1.4,2023-2024,24,br BRA,Sassuolo,it Serie A,26,1516,16.8,16,10,7,0.0,0.0,0.0,0.0,0.0,0.0,0.0,0.8,1.4,0.0,0.4,0.00,0.00,0.1,28.6,,DF,a378a02a
1304,Erhan Mašović,0.0,0.1,0.7,0.00,0.00,1.7,0.9,2023-2024,24,rs SRB,Bochum,de Bundesliga,29,2219,24.7,24,5,3,0.0,0.0,0.0,0.0,0.0,0.0,0.0,1.7,0.9,0.0,0.7,0.00,0.00,0.1,17.6,,DFMF,a396fb61
1305,Djené,0.0,0.0,0.2,0.00,0.00,0.7,0.8,2023-2024,31,tg TOG,Getafe,es La Liga,33,2484,27.6,30,3,0,0.0,0.0,0.0,0.0,0.0,0.0,0.0,0.7,0.8,0.0,0.2,0.00,0.00,0.0,16.7,,DFMF,a4971d84
1306,Montassar Talbi,0.0,0.1,0.2,0.00,0.00,0.9,1.4,2023-2024,25,tn TUN,Lorient,fr Ligue 1,25,2204,24.5,25,0,1,0.0,0.0,0.0,0.0,0.0,0.0,0.0,0.9,1.4,0.0,0.2,0.00,0.00,0.1,40.0,,DF,a4a44eb0
1307,Javi Galán,0.0,0.1,0.2,0.00,0.00,1.9,1.0,2023-2024,28,es ESP,2 Teams,es La Liga,19,1163,12.9,13,6,15,0.0,0.1,0.1,0.0,0.0,0.0,0.0,1.9,1.0,0.0,0.2,0.00,0.00,0.1,33.3,,DFMF,a4b00319
1308,Hamari Traoré,0.0,0.1,0.7,0.00,0.00,0.7,0.9,2023-2024,31,ml MLI,Real Sociedad,es La Liga,31,2292,25.5,27,4,1,0.0,0.1,0.1,0.0,0.0,0.0,0.0,0.7,0.9,0.0,0.7,0.00,0.00,0.1,11.1,,DF,a4b1028a
1309,Reece Burke,0.0,0.2,0.7,0.00,0.00,1.3,1.1,2023-2024,26,eng ENG,Luton Town,eng Premier League,22,1660,18.4,20,2,3,0.0,0.2,0.2,0.0,0.0,0.0,0.0,1.3,1.1,0.0,0.7,0.00,0.00,0.2,30.8,,DF,a681b7b7
1310,Issa Diop,0.0,0.1,0.3,0.00,0.00,0.9,1.1,2023-2024,26,fr FRA,Fulham,eng Premier League,18,1424,15.8,16,2,3,0.0,0.0,0.0,0.0,0.0,0.0,0.0,0.9,1.1,0.0,0.3,0.00,0.00,0.1,20.0,,DF,a712ca2b
1311,Edmond Tapsoba,0.0,0.0,0.5,0.00,0.00,1.1,1.1,2023-2024,24,bf BFA,Leverkusen,de Bundesliga,28,2087,23.2,23,5,2,0.0,0.0,0.0,0.0,0.0,0.0,0.0,1.1,1.1,0.0,0.5,0.00,0.00,0.0,8.3,,DF,a73c8f95
1312,Lucas Robertone,0.0,0.5,1.4,0.00,0.00,1.3,1.8,2023-2024,26,ar ARG,Almería,es La Liga,33,2381,26.5,29,4,0,0.0,0.2,0.2,0.0,0.0,0.0,0.0,1.3,1.8,0.0,1.4,0.00,0.00,0.5,35.1,,MF,a8981944
1313,Jeremy Toljan,0.0,0.1,0.5,0.00,0.00,0.4,0.6,2023-2024,28,de GER,Sassuolo,it Serie A,25,2083,23.1,24,1,4,0.0,0.2,0.2,0.0,0.0,0.0,0.0,0.4,0.6,0.0,0.5,0.00,0.00,0.1,25.0,,DF,a96e5dc0
1314,Pelly Ruddock Mpanzu,0.0,0.1,0.9,0.00,0.00,0.4,0.7,2023-2024,30,cd COD,Luton Town,eng Premier League,27,1101,12.2,11,16,11,0.0,0.0,0.0,0.0,0.0,0.0,0.0,0.4,0.7,0.0,0.9,0.00,0.00,0.1,9.1,,MF,a9b1c319
1315,Adam Obert,0.0,0.3,0.3,0.00,0.00,0.9,1.9,2023-2024,20,sk SVK,Cagliari,it Serie A,17,941,10.5,10,7,21,0.0,0.0,0.0,0.0,0.0,0.0,0.0,0.9,1.9,0.0,0.3,0.00,0.00,0.3,100.0,,DF,aa25ce92
1316,Pablo Marí,0.0,0.1,0.3,0.00,0.00,0.9,1.3,2023-2024,29,es ESP,Monza,it Serie A,34,2615,29.1,30,4,0,0.0,0.0,0.0,0.0,0.0,0.0,0.0,0.9,1.3,0.0,0.3,0.00,0.00,0.1,25.0,,DF,aa54ec6f
1317,Álex Fernández,0.0,0.1,0.5,0.00,0.00,0.6,1.1,2023-2024,30,es ESP,Cádiz,es La Liga,26,1285,14.3,14,12,11,0.0,0.1,0.1,0.0,0.0,0.0,0.0,0.6,1.1,0.0,0.5,0.00,0.00,0.1,14.3,,MF,aa677a35
1318,Davide Faraoni,0.0,0.2,0.9,0.00,0.00,1.4,1.0,2023-2024,31,it ITA,2 Teams,it Serie A,19,994,11.0,11,8,14,0.0,0.2,0.2,0.0,0.0,0.0,0.0,1.4,1.0,0.0,0.9,0.00,0.00,0.2,20.0,,MF,aae9d04a
1319,Daniel Vivian,0.0,0.0,0.3,0.00,0.00,0.9,0.9,2023-2024,24,es ESP,Athletic Club,es La Liga,33,2878,32.0,31,2,2,0.0,0.0,0.0,0.0,0.0,0.0,0.0,0.9,0.9,0.0,0.3,0.00,0.00,0.0,9.1,,DF,ab7bf91d
1320,Gerard Gumbau,0.0,0.3,1.5,0.00,0.00,1.1,0.9,2023-2024,28,es ESP,Granada,es La Liga,35,2674,29.7,31,4,0,0.0,0.1,0.1,0.0,0.0,0.0,0.0,1.1,0.9,0.0,1.5,0.00,0.00,0.3,20.0,,MF,ac454a4f
1321,Eric Dier,0.0,0.3,0.6,0.00,0.00,0.6,0.7,2023-2024,29,eng ENG,2 Teams,2 Comps,19,1367,15.2,14,5,11,0.0,0.0,0.0,0.0,0.0,0.0,0.0,0.6,0.7,0.0,0.6,0.00,0.00,0.3,44.4,,DF,ac861941
1322,Benno Schmitz,0.0,0.4,0.6,0.00,0.00,1.2,0.5,2023-2024,28,de GER,Köln,de Bundesliga,22,1155,12.8,13,9,8,0.0,0.1,0.1,0.0,0.0,0.0,0.0,1.2,0.5,0.0,0.6,0.00,0.00,0.4,62.5,,DF,ad00b1a8
1323,Julian Chabot,0.0,0.1,0.6,0.00,0.00,1.4,1.5,2023-2024,25,de GER,Köln,de Bundesliga,32,2703,30.0,32,0,0,0.0,0.0,0.0,0.0,0.0,0.0,0.0,1.4,1.5,0.0,0.6,0.00,0.00,0.1,21.1,,DF,ae7058f9
1324,Álex Centelles,0.0,0.1,0.2,0.00,0.00,0.6,1.5,2023-2024,25,es ESP,Almería,es La Liga,14,980,10.9,11,3,22,0.0,0.1,0.1,0.0,0.0,0.0,0.0,0.6,1.5,0.0,0.2,0.00,0.00,0.1,50.0,,DF,ae852b7d
1325,Edoardo Bove,0.0,0.3,1.0,0.00,0.00,1.6,0.5,2023-2024,21,it ITA,Roma,it Serie A,31,1780,19.8,18,13,7,0.0,0.1,0.1,0.0,0.0,0.0,0.0,1.6,0.5,0.0,1.0,0.00,0.00,0.3,31.6,,MF,ae94a6c5
1326,Matteo Ruggeri,0.0,0.1,0.4,0.00,0.00,0.6,0.8,2023-2024,21,it ITA,Atalanta,it Serie A,34,2449,27.2,28,6,3,0.0,0.1,0.1,0.0,0.0,0.0,0.0,0.6,0.8,0.0,0.4,0.00,0.00,0.1,33.3,,MF,ae9898c5
1327,Oliver Arblaster,0.0,0.1,0.1,0.00,0.00,1.6,1.4,2023-2024,19,eng ENG,Sheffield United,eng Premier League,12,943,10.5,11,1,2,0.0,0.0,0.0,0.0,0.0,0.0,0.0,1.6,1.4,0.0,0.1,0.00,0.00,0.1,100.0,,MF,afe1a491
1328,Théo Le Bris,0.0,0.1,0.8,0.00,0.00,1.3,0.6,2023-2024,20,fr FRA,Lorient,fr Ligue 1,26,1516,16.8,15,11,8,0.0,0.1,0.1,0.0,0.0,0.0,0.0,1.3,0.6,0.0,0.8,0.00,0.00,0.1,15.4,,MF,afe39ca8
1329,Denis Huseinbasic,0.0,0.2,0.7,0.00,0.00,1.1,0.7,2023-2024,22,ba BIH,Köln,de Bundesliga,26,1627,18.1,18,8,6,0.0,0.2,0.2,0.0,0.0,0.0,0.0,1.1,0.7,0.0,0.7,0.00,0.00,0.2,25.0,,MF,b116c6e3
1330,Filip Kostić,0.0,0.1,1.0,0.00,0.00,1.1,0.4,2023-2024,30,rs SRB,Juventus,it Serie A,29,1815,20.2,26,3,8,0.0,0.2,0.2,0.0,0.0,0.0,0.0,1.1,0.4,0.0,1.0,0.00,0.00,0.1,14.3,,MF,b1cd37e6
1331,Suat Serdar,0.0,0.4,1.2,0.00,0.00,2.1,0.9,2023-2024,26,de GER,Hellas Verona,it Serie A,25,1659,18.4,19,6,9,0.0,0.1,0.1,0.0,0.0,0.0,0.0,2.1,0.9,0.0,1.2,0.00,0.00,0.4,31.8,,MF,b3325a30
1332,Chadi Riad,0.0,0.2,0.5,0.00,0.00,1.0,0.9,2023-2024,20,ma MAR,Real Betis,es La Liga,26,2164,24.0,24,2,7,0.0,0.0,0.0,0.0,0.0,0.0,0.0,1.0,0.9,0.0,0.5,0.00,0.00,0.2,45.5,,DF,b3b9b8b8
1333,Jailson Siqueira,0.0,0.3,0.5,0.00,0.00,1.8,1.2,2023-2024,27,br BRA,Celta Vigo,es La Liga,14,897,10.0,9,5,5,0.0,0.1,0.1,0.0,0.0,0.0,0.0,1.8,1.2,0.0,0.5,0.00,0.00,0.3,60.0,,DFMF,b4819112
1334,Diego Carlos,0.0,0.0,0.5,0.00,0.00,0.8,0.6,2023-2024,30,br BRA,Aston Villa,eng Premier League,27,1816,20.2,20,7,5,0.0,0.0,0.0,0.0,0.0,0.0,0.0,0.8,0.6,0.0,0.5,0.00,0.00,0.0,10.0,,DF,b4a014b1
1335,Guela Doué,0.0,0.2,1.1,0.00,0.00,1.5,1.1,2023-2024,20,ci CIV,Rennes,fr Ligue 1,24,1234,13.7,13,11,7,0.0,0.1,0.1,0.0,0.0,0.0,0.0,1.5,1.1,0.0,1.1,0.00,0.00,0.2,20.0,,DF,b4ef3fb5
1336,Yunus Musah,0.0,0.3,0.9,0.00,0.00,0.9,0.7,2023-2024,20,us USA,Milan,it Serie A,30,1478,16.4,13,17,3,0.0,0.1,0.1,0.0,0.0,0.0,0.0,0.9,0.7,0.0,0.9,0.00,0.00,0.3,35.7,,MF,b51b1b9c
1337,Sokratis Papastathopoulos,0.0,0.1,0.2,0.00,0.00,1.2,0.5,2023-2024,35,gr GRE,Real Betis,es La Liga,15,1136,12.6,12,3,9,0.0,0.0,0.0,0.0,0.0,0.0,0.0,1.2,0.5,0.0,0.2,0.00,0.00,0.1,50.0,,DF,b682dcf6
1338,Noussair Mazraoui,0.0,0.2,0.9,0.00,0.00,1.5,1.6,2023-2024,25,ma MAR,Bayern Munich,de Bundesliga,19,1197,13.3,15,4,2,0.0,0.2,0.2,0.0,0.0,0.0,0.0,1.5,1.6,0.0,0.9,0.00,0.00,0.2,25.0,,DF,b74277a0
1339,Marvin Friedrich,0.0,0.1,0.7,0.00,0.00,0.9,1.1,2023-2024,27,de GER,Gladbach,de Bundesliga,24,1566,17.4,17,7,9,0.0,0.0,0.0,0.0,0.0,0.0,0.0,0.9,1.1,0.0,0.7,0.00,0.00,0.1,16.7,,DF,b77f44a4
1340,Gabriel Paulista,0.0,0.0,0.4,0.00,0.00,0.5,1.3,2023-2024,32,br BRA,2 Teams,es La Liga,23,1803,20.0,21,2,9,0.0,0.0,0.0,0.0,0.0,0.0,0.0,0.5,1.3,0.0,0.4,0.00,0.00,0.0,12.5,,DF,b7ca5c51
1341,Martin Hongla,0.0,0.1,0.3,0.00,0.00,0.9,0.7,2023-2024,25,cm CMR,2 Teams,2 Comps,28,1646,18.3,18,10,7,0.0,0.0,0.0,0.0,0.0,0.0,0.0,0.9,0.7,0.0,0.3,0.00,0.00,0.1,16.7,,MF,b85bf253
1342,Damián Suárez,0.0,0.1,0.3,0.00,0.00,1.4,0.7,2023-2024,35,uy URU,Getafe,es La Liga,16,1299,14.4,15,1,1,0.0,0.1,0.1,0.0,0.0,0.0,0.0,1.4,0.7,0.0,0.3,0.00,0.00,0.1,25.0,,DF,ba5004e1
1343,Omar Alderete,0.0,0.2,1.0,0.00,0.00,0.8,0.6,2023-2024,26,py PAR,Getafe,es La Liga,31,2195,24.4,24,7,3,0.0,0.0,0.0,0.0,0.0,0.0,0.0,0.8,0.6,0.0,1.0,0.00,0.00,0.2,20.8,,DF,bb08bce9
1344,Mërgim Vojvoda,0.0,0.3,0.6,0.00,0.00,0.5,0.9,2023-2024,28,xk KVX,Torino,it Serie A,28,1379,15.3,15,13,4,0.0,0.2,0.2,0.0,0.0,0.0,0.0,0.5,0.9,0.0,0.6,0.00,0.00,0.3,44.4,,MFDF,be2706c0
1345,Ashley Young,0.0,0.1,0.5,0.00,0.00,1.4,0.9,2023-2024,38,eng ENG,Everton,eng Premier League,31,2280,25.3,27,4,1,0.0,0.0,0.0,0.0,0.0,0.0,0.0,1.4,0.9,0.0,0.5,0.00,0.00,0.1,15.4,,DFMF,be927d03
1346,Nikola Milenković,0.0,0.1,0.4,0.00,0.00,0.7,1.0,2023-2024,25,rs SRB,Fiorentina,it Serie A,34,2510,27.9,27,7,4,0.0,0.0,0.0,0.0,0.0,0.0,0.0,0.7,1.0,0.0,0.4,0.00,0.00,0.1,30.0,,DF,bee704fc
1347,Iddrisu Baba,0.0,0.1,0.5,0.00,0.00,1.5,0.7,2023-2024,27,gh GHA,Almería,es La Liga,25,1430,15.9,14,11,7,0.0,0.0,0.0,0.0,0.0,0.0,0.0,1.5,0.7,0.0,0.5,0.00,0.00,0.1,25.0,,MF,bfd381b3
1348,Issa Kaboré,0.0,0.1,0.3,0.00,0.00,1.5,0.8,2023-2024,22,bf BFA,Luton Town,eng Premier League,24,1729,19.2,21,3,4,0.0,0.1,0.1,0.0,0.0,0.0,0.0,1.5,0.8,0.0,0.3,0.00,0.00,0.1,16.7,,MFDF,c066d1a5
1349,Konrad Laimer,0.0,0.3,0.9,0.00,0.00,1.7,0.8,2023-2024,26,at AUT,Bayern Munich,de Bundesliga,29,1772,19.7,18,11,1,0.0,0.2,0.2,0.0,0.0,0.0,0.0,1.7,0.8,0.0,0.9,0.00,0.00,0.3,29.4,,MFDF,c1b7847c
1350,Formose Mendy,0.0,0.1,0.5,0.00,0.00,1.4,1.4,2023-2024,22,sn SEN,Lorient,fr Ligue 1,18,1256,14.0,13,5,8,0.0,0.0,0.0,0.0,0.0,0.0,0.0,1.4,1.4,0.0,0.5,0.00,0.00,0.1,28.6,,DF,c21983bf
1351,Becir Omeragic,0.0,0.1,0.4,0.00,0.00,1.2,1.1,2023-2024,21,ch SUI,Montpellier,fr Ligue 1,28,2312,25.7,26,2,2,0.0,0.0,0.0,0.0,0.0,0.0,0.0,1.2,1.1,0.0,0.4,0.00,0.00,0.1,33.3,,DFMF,c284d6fb
1352,Sael Kumbedi,0.0,0.4,0.6,0.00,0.00,1.9,1.3,2023-2024,18,fr FRA,Lyon,fr Ligue 1,17,924,10.3,8,9,10,0.0,0.1,0.1,0.0,0.0,0.0,0.0,1.9,1.3,0.0,0.6,0.00,0.00,0.4,66.7,,DFMF,c385bf49
1353,Loïc Nego,0.0,0.2,1.0,0.00,0.00,1.5,0.9,2023-2024,32,hu HUN,Le Havre,fr Ligue 1,28,1561,17.3,18,10,3,0.0,0.2,0.2,0.0,0.0,0.0,0.0,1.5,0.9,0.0,1.0,0.00,0.00,0.2,22.2,,MFDF,c3b6fa1e
1354,Adam Webster,0.0,0.1,0.6,0.00,0.00,0.9,1.3,2023-2024,28,eng ENG,Brighton,eng Premier League,15,1144,12.7,13,2,12,0.0,0.0,0.0,0.0,0.0,0.0,0.0,0.9,1.3,0.0,0.6,0.00,0.00,0.1,12.5,,DF,c40b6180
1355,Dejan Ljubicic,0.0,0.4,1.7,0.00,0.00,1.1,0.9,2023-2024,25,at AUT,Köln,de Bundesliga,26,2048,22.8,24,2,0,0.0,0.1,0.1,0.0,0.0,0.0,0.0,1.1,0.9,0.0,1.7,0.00,0.00,0.4,26.3,,MF,c455a2b2
1356,Diogo Leite,0.0,0.1,0.4,0.00,0.00,1.2,1.5,2023-2024,24,pt POR,Union Berlin,de Bundesliga,32,2702,30.0,31,1,0,0.0,0.0,0.0,0.0,0.0,0.0,0.0,1.2,1.5,0.0,0.4,0.00,0.00,0.1,33.3,,DF,c4987edc
1357,Isaac Carcelen,0.0,0.1,0.3,0.00,0.00,1.1,0.8,2023-2024,30,es ESP,Cádiz,es La Liga,35,2611,29.0,29,6,3,0.0,0.0,0.0,0.0,0.0,0.0,0.0,1.1,0.8,0.0,0.3,0.00,0.00,0.1,30.0,,DF,c4b888df
1358,Alexis Blin,0.0,0.1,0.7,0.00,0.00,1.2,1.2,2023-2024,26,fr FRA,Lecce,it Serie A,31,1642,18.2,16,15,4,0.0,0.1,0.1,0.0,0.0,0.0,0.0,1.2,1.2,0.0,0.7,0.00,0.00,0.1,15.4,,MF,c69ef855
1359,Antonino Gallo,0.0,0.1,0.5,0.00,0.00,0.9,0.8,2023-2024,23,it ITA,Lecce,it Serie A,35,2490,27.7,30,5,3,0.0,0.1,0.1,0.0,0.0,0.0,0.0,0.9,0.8,0.0,0.5,0.00,0.00,0.1,20.0,,DF,c74d63ac
1360,Thierry Correia,0.0,0.1,0.2,0.00,0.00,1.5,1.3,2023-2024,24,pt POR,Valencia,es La Liga,31,2154,23.9,25,6,1,0.0,0.1,0.1,0.0,0.0,0.0,0.0,1.5,1.3,0.0,0.2,0.00,0.00,0.1,40.0,,DF,c78b352d
1361,Mehdi Zeffane,0.0,0.1,1.4,0.00,0.00,1.4,1.2,2023-2024,31,dz ALG,Clermont Foot,fr Ligue 1,23,1231,13.7,15,8,10,0.0,0.0,0.0,0.0,0.0,0.0,0.0,1.4,1.2,0.0,1.4,0.00,0.00,0.1,5.3,,MFDF,c8c02ac7
1362,Maximiliano Caufriez,0.0,0.1,0.3,0.00,0.00,1.6,1.0,2023-2024,26,be BEL,Clermont Foot,fr Ligue 1,20,1659,18.4,20,0,2,0.0,0.1,0.1,0.0,0.0,0.0,0.0,1.6,1.0,0.0,0.3,0.00,0.00,0.1,16.7,,DF,c92c24f0
1363,Ulisses Garcia,0.0,0.5,1.1,0.00,0.00,1.6,0.7,2023-2024,27,ch SUI,Marseille,fr Ligue 1,13,906,10.1,10,3,3,0.0,0.0,0.0,0.0,0.0,0.0,0.0,1.6,0.7,0.0,1.1,0.00,0.00,0.5,45.5,,DFMF,c952f633
1364,Manuel Ugarte,0.0,0.0,0.5,0.00,0.00,2.6,1.9,2023-2024,22,uy URU,Paris Saint-Germain,fr Ligue 1,25,1932,21.5,21,4,8,0.0,0.1,0.1,0.0,0.0,0.0,0.0,2.6,1.9,0.0,0.5,0.00,0.00,0.0,10.0,,MF,c9817014
1365,Juanlu Sánchez,0.0,0.2,0.8,0.00,0.00,2.7,0.8,2023-2024,19,es ESP,Sevilla,es La Liga,26,1181,13.1,11,15,11,0.0,0.2,0.2,0.0,0.0,0.0,0.0,2.7,0.8,0.0,0.8,0.00,0.00,0.2,18.2,,DFMF,cc6de655
1366,Boubacar Kamara,0.0,0.1,0.3,0.00,0.00,1.6,1.1,2023-2024,23,fr FRA,Aston Villa,eng Premier League,20,1652,18.4,20,0,0,0.0,0.1,0.1,0.0,0.0,0.0,0.0,1.6,1.1,0.0,0.3,0.00,0.00,0.1,20.0,,MF,cc77354e
1367,Geoffrey Kondogbia,0.0,0.1,0.5,0.00,0.00,1.8,1.8,2023-2024,30,cf CTA,Marseille,fr Ligue 1,26,1463,16.3,15,11,0,0.0,0.0,0.0,0.0,0.0,0.0,0.0,1.8,1.8,0.0,0.5,0.00,0.00,0.1,12.5,,MF,cce181df
1368,Giangiacomo Magnani,0.0,0.1,0.4,0.00,0.00,0.6,1.7,2023-2024,27,it ITA,Hellas Verona,it Serie A,33,2444,27.2,27,6,2,0.0,0.0,0.0,0.0,0.0,0.0,0.0,0.6,1.7,0.0,0.4,0.00,0.00,0.1,18.2,,DF,cce9f582
1369,Auston Trusty,0.0,0.1,0.3,0.00,0.00,1.0,1.2,2023-2024,24,us USA,Sheffield United,eng Premier League,32,2572,28.6,28,4,6,0.0,0.0,0.0,0.0,0.0,0.0,0.0,1.0,1.2,0.0,0.3,0.00,0.00,0.1,25.0,,DF,cddf767b
1370,Cheick Doucouré,0.0,0.2,0.6,0.00,0.00,1.6,1.9,2023-2024,23,ml MLI,Crystal Palace,eng Premier League,11,919,10.2,11,0,1,0.0,0.0,0.0,0.0,0.0,0.0,0.0,1.6,1.9,0.0,0.6,0.00,0.00,0.2,33.3,,MF,ce4f40c7
1371,Alidu Seidu,0.0,0.1,0.4,0.00,0.00,1.9,1.7,2023-2024,23,gh GHA,2 Teams,fr Ligue 1,25,1724,19.2,20,5,3,0.0,0.1,0.1,0.0,0.0,0.0,0.0,1.9,1.7,0.0,0.4,0.00,0.00,0.1,12.5,,DF,cea59f02
1372,Iván Balliu,0.0,0.1,0.3,0.00,0.00,1.0,0.9,2023-2024,31,al ALB,Rayo Vallecano,es La Liga,33,2873,31.9,32,1,4,0.0,0.0,0.0,0.0,0.0,0.0,0.0,1.0,0.9,0.0,0.3,0.00,0.00,0.1,36.4,,DF,cee88597
1373,Karol Linetty,0.0,0.0,0.8,0.00,0.00,0.9,1.1,2023-2024,28,pl POL,Torino,it Serie A,28,1858,20.6,19,9,5,0.0,0.0,0.0,0.0,0.0,0.0,0.0,0.9,1.1,0.0,0.8,0.00,0.00,0.0,6.3,,MF,d023d70f
1374,Nélson Semedo,0.0,0.1,0.5,0.00,0.00,1.4,1.0,2023-2024,29,pt POR,Wolves,eng Premier League,36,3084,34.3,36,0,0,0.0,0.0,0.0,0.0,0.0,0.0,0.0,1.4,1.0,0.0,0.5,0.00,0.00,0.1,23.5,,MFDF,d04b94db
1375,Malo Gusto,0.0,0.3,0.8,0.00,0.00,1.5,0.9,2023-2024,20,fr FRA,Chelsea,eng Premier League,27,1751,19.5,19,8,1,0.0,0.3,0.3,0.0,0.0,0.0,0.0,1.5,0.9,0.0,0.8,0.00,0.00,0.3,33.3,,DFMF,d56b9520
1376,Diego Rico,0.0,0.2,0.6,0.00,0.00,1.6,1.4,2023-2024,30,es ESP,2 Teams,es La Liga,32,2535,28.2,28,4,3,0.0,0.2,0.2,0.0,0.0,0.0,0.0,1.6,1.4,0.0,0.6,0.00,0.00,0.2,27.8,,DF,d9ba39fc
1377,Alfonso Espino,0.0,0.2,0.6,0.00,0.00,1.6,1.4,2023-2024,31,uy URU,Rayo Vallecano,es La Liga,31,2507,27.9,29,2,6,0.0,0.0,0.0,0.0,0.0,0.0,0.0,1.6,1.4,0.0,0.6,0.00,0.00,0.2,27.8,,DF,db001fa9
1378,Festy Ebosele,0.0,0.3,0.8,0.00,0.00,1.1,0.6,2023-2024,20,ie IRL,Udinese,it Serie A,31,1700,18.9,20,11,6,0.0,0.0,0.0,0.0,0.0,0.0,0.0,1.1,0.6,0.0,0.8,0.00,0.00,0.3,31.3,,MF,dbfa4f16
1379,Cristhian Mosquera,0.0,0.1,0.3,0.00,0.00,1.0,1.0,2023-2024,19,es ESP,Valencia,es La Liga,36,3075,34.2,33,3,1,0.0,0.0,0.0,0.0,0.0,0.0,0.0,1.0,1.0,0.0,0.3,0.00,0.00,0.1,22.2,,DF,dc1ce4f5
1380,Gedeon Kalulu,0.0,0.1,0.6,0.00,0.00,1.6,0.5,2023-2024,25,cd COD,Lorient,fr Ligue 1,19,970,10.8,11,8,8,0.0,0.1,0.1,0.0,0.0,0.0,0.0,1.6,0.5,0.0,0.6,0.00,0.00,0.1,16.7,,MFDF,dd211559
1381,Neco Williams,0.0,0.2,0.8,0.00,0.00,2.1,1.3,2023-2024,22,wls WAL,Nottingham Forest,eng Premier League,26,1637,18.2,18,8,5,0.0,0.1,0.1,0.0,0.0,0.0,0.0,2.1,1.3,0.0,0.8,0.00,0.00,0.2,26.7,,DFMF,dd323728
1382,Liberato Cacace,0.0,0.1,0.6,0.00,0.00,1.1,0.9,2023-2024,22,nz NZL,Empoli,it Serie A,31,1912,21.2,18,13,6,0.0,0.0,0.0,0.0,0.0,0.0,0.0,1.1,0.9,0.0,0.6,0.00,0.00,0.1,15.4,,DFMF,dd86e8e4
1383,Adam Masina,0.0,0.2,0.5,0.00,0.00,1.0,1.1,2023-2024,29,ma MAR,2 Teams,it Serie A,20,1088,12.1,11,9,10,0.0,0.0,0.0,0.0,0.0,0.0,0.0,1.0,1.1,0.0,0.5,0.00,0.00,0.2,33.3,,MF,de0f152c
1384,Elliot Anderson,0.0,0.4,1.7,0.00,0.00,1.6,0.8,2023-2024,20,eng ENG,Newcastle United,eng Premier League,21,1027,11.4,10,11,0,0.0,0.2,0.2,0.0,0.0,0.0,0.0,1.6,0.8,0.0,1.7,0.00,0.00,0.4,26.3,,MFFW,de31038e
1385,Billy Gilmour,0.0,0.2,1.1,0.00,0.00,0.8,0.4,2023-2024,22,sct SCO,Brighton,eng Premier League,30,2120,23.6,24,6,1,0.0,0.0,0.0,0.0,0.0,0.0,0.0,0.8,0.4,0.0,1.1,0.00,0.00,0.2,20.0,,MF,df10e27c
1386,Soungoutou Magassa,0.0,0.2,0.5,0.00,0.00,1.9,1.3,2023-2024,19,fr FRA,Monaco,fr Ligue 1,21,1346,15.0,15,6,10,0.0,0.0,0.0,0.0,0.0,0.0,0.0,1.9,1.3,0.0,0.5,0.00,0.00,0.2,37.5,,DF,dfc5d4fa
1387,Stanislav Lobotka,0.0,0.1,0.4,0.00,0.00,1.1,0.9,2023-2024,28,sk SVK,Napoli,it Serie A,38,3282,36.5,38,0,0,0.0,0.0,0.0,0.0,0.0,0.0,0.0,1.1,0.9,0.0,0.4,0.00,0.00,0.1,28.6,,MF,e1cbb531
1388,Kévin N'Doram,0.0,0.1,0.4,0.00,0.00,1.3,1.5,2023-2024,27,fr FRA,Metz,fr Ligue 1,23,1604,17.8,18,5,2,0.0,0.1,0.1,0.0,0.0,0.0,0.0,1.3,1.5,0.0,0.4,0.00,0.00,0.1,14.3,,MF,e50623a0
1389,Umut Tohumcu,0.0,0.3,1.3,0.00,0.00,1.2,0.5,2023-2024,18,de GER,Hoffenheim,de Bundesliga,20,1011,11.2,12,8,6,0.0,0.2,0.2,0.0,0.0,0.0,0.0,1.2,0.5,0.0,1.3,0.00,0.00,0.3,20.0,,MF,e547d3cf
1390,Nicolò Rovella,0.0,0.1,0.3,0.00,0.00,1.8,1.6,2023-2024,21,it ITA,Lazio,it Serie A,23,1318,14.6,16,7,7,0.0,0.1,0.1,0.0,0.0,0.0,0.0,1.8,1.6,0.0,0.3,0.00,0.00,0.1,20.0,,MF,e58cbfd5
1391,Alex Král,0.0,0.3,1.2,0.00,0.00,0.9,0.7,2023-2024,25,cz CZE,Union Berlin,de Bundesliga,24,1370,15.2,13,11,6,0.0,0.0,0.0,0.0,0.0,0.0,0.0,0.9,0.7,0.0,1.2,0.00,0.00,0.3,27.8,,MF,e717705a
1392,Luca Netz,0.0,0.2,0.7,0.00,0.00,1.0,0.7,2023-2024,20,de GER,Gladbach,de Bundesliga,30,2225,24.7,25,5,1,0.0,0.2,0.2,0.0,0.0,0.0,0.0,1.0,0.7,0.0,0.7,0.00,0.00,0.2,29.4,,MFDF,e79269bd
1393,Pasquale Mazzocchi,0.0,0.1,0.7,0.00,0.00,1.1,0.3,2023-2024,28,it ITA,2 Teams,it Serie A,28,1700,18.9,20,8,9,0.0,0.1,0.1,0.0,0.0,0.0,0.0,1.1,0.3,0.0,0.7,0.00,0.00,0.1,15.4,,MFDF,eb0ec070
1394,Nemanja Matić,0.0,0.1,0.4,0.00,0.00,0.7,1.7,2023-2024,34,rs SRB,2 Teams,fr Ligue 1,28,2281,25.3,26,2,0,0.0,0.0,0.0,0.0,0.0,0.0,0.0,0.7,1.7,0.0,0.4,0.00,0.00,0.1,27.3,,MF,eb7822d7
1395,Emanuele Valeri,0.0,0.2,1.5,0.00,0.00,1.1,0.8,2023-2024,24,it ITA,Frosinone,it Serie A,16,1178,13.1,14,2,0,0.0,0.1,0.1,0.0,0.0,0.0,0.0,1.1,0.8,0.0,1.5,0.00,0.00,0.2,15.0,,MFDF,ec52b661
1396,Willian Pacho,0.0,0.1,0.3,0.00,0.00,1.2,1.3,2023-2024,21,ec ECU,Eintracht Frankfurt,de Bundesliga,33,2970,33.0,33,0,0,0.0,0.1,0.1,0.0,0.0,0.0,0.0,1.2,1.3,0.0,0.3,0.00,0.00,0.1,20.0,,DF,ecbe2839
1397,Fran Beltrán,0.0,0.1,0.8,0.00,0.00,1.3,0.7,2023-2024,24,es ESP,Celta Vigo,es La Liga,33,2428,27.0,28,5,5,0.0,0.0,0.0,0.0,0.0,0.0,0.0,1.3,0.7,0.0,0.8,0.00,0.00,0.1,14.3,,MF,ed5c5fa3
1398,Renan Lodi,0.0,0.1,0.4,0.00,0.00,1.2,1.2,2023-2024,25,br BRA,Marseille,fr Ligue 1,14,1235,13.7,14,0,1,0.0,0.0,0.0,0.0,0.0,0.0,0.0,1.2,1.2,0.0,0.4,0.00,0.00,0.1,33.3,,DFMF,ed9f7cfe
1399,Juan David Cabal,0.0,0.2,0.7,0.00,0.00,1.7,1.7,2023-2024,22,co COL,Hellas Verona,it Serie A,22,1497,16.6,17,5,8,0.0,0.0,0.0,0.0,0.0,0.0,0.0,1.7,1.7,0.0,0.7,0.00,0.00,0.2,25.0,,DF,ef6eef89
1400,Marvin,0.0,0.1,0.7,0.00,0.00,1.2,0.7,2023-2024,23,es ESP,Las Palmas,es La Liga,31,1855,20.6,17,14,1,0.0,0.1,0.1,0.0,0.0,0.0,0.0,1.2,0.7,0.0,0.7,0.00,0.00,0.1,21.4,,MFDF,efaefda0
1401,Julien Laporte,0.0,0.0,0.6,0.00,0.00,0.7,0.5,2023-2024,29,fr FRA,Lorient,fr Ligue 1,23,1818,20.2,20,3,10,0.0,0.0,0.0,0.0,0.0,0.0,0.0,0.7,0.5,0.0,0.6,0.00,0.00,0.0,7.7,,DF,f066022d
1402,José María Giménez,0.0,0.1,0.5,0.00,0.00,0.6,0.7,2023-2024,28,uy URU,Atlético Madrid,es La Liga,22,1326,14.7,14,8,2,0.0,0.0,0.0,0.0,0.0,0.0,0.0,0.6,0.7,0.0,0.5,0.00,0.00,0.1,14.3,,DF,f0da930c
1403,Andy Pelmard,0.0,0.0,0.1,0.00,0.00,1.2,1.0,2023-2024,23,mg MAD,Clermont Foot,fr Ligue 1,34,2989,33.2,33,1,0,0.0,0.0,0.0,0.0,0.0,0.0,0.0,1.2,1.0,0.0,0.1,0.00,0.00,0.0,50.0,,DF,f18d7ab2
1404,Cristian Gamboa,0.0,0.1,0.5,0.00,0.00,1.2,1.2,2023-2024,33,cr CRC,Bochum,de Bundesliga,22,1187,13.2,12,10,10,0.0,0.1,0.1,0.0,0.0,0.0,0.0,1.2,1.2,0.0,0.5,0.00,0.00,0.1,16.7,,DFMF,f27680d9
1405,Lloyd Kelly,0.0,0.1,0.2,0.00,0.00,1.2,0.8,2023-2024,24,eng ENG,Bournemouth,eng Premier League,23,1559,17.3,17,6,0,0.0,0.1,0.1,0.0,0.0,0.0,0.0,1.2,0.8,0.0,0.2,0.00,0.00,0.1,25.0,,DF,f31def1e
1406,Omar Traoré,0.0,0.0,0.4,0.00,0.00,1.1,1.5,2023-2024,25,de GER,Heidenheim,de Bundesliga,31,2472,27.5,29,2,1,0.0,0.1,0.1,0.0,0.0,0.0,0.0,1.1,1.5,0.0,0.4,0.00,0.00,0.0,9.1,,DF,f44e8a73
1407,Koni De Winter,0.0,0.1,0.4,0.00,0.00,0.9,0.9,2023-2024,21,be BEL,Genoa,it Serie A,29,2380,26.4,26,3,5,0.0,0.0,0.0,0.0,0.0,0.0,0.0,0.9,0.9,0.0,0.4,0.00,0.00,0.1,18.2,,DF,f4797849
1408,Matthias Ginter,0.0,0.2,0.3,0.00,0.00,0.8,0.8,2023-2024,29,de GER,Freiburg,de Bundesliga,23,1913,21.3,22,1,0,0.0,0.1,0.1,0.0,0.0,0.0,0.0,0.8,0.8,0.0,0.3,0.00,0.00,0.2,57.1,,DF,f521b80a
1409,Stefan Savić,0.0,0.1,0.3,0.00,0.00,1.0,1.4,2023-2024,32,me MNE,Atlético Madrid,es La Liga,23,1630,18.1,19,4,9,0.0,0.0,0.0,0.0,0.0,0.0,0.0,1.0,1.4,0.0,0.3,0.00,0.00,0.1,20.0,,DF,f6ac68c1
1410,Nehuén Pérez,0.0,0.1,0.6,0.00,0.00,1.4,1.3,2023-2024,23,ar ARG,Udinese,it Serie A,36,3238,36.0,36,0,0,0.0,0.0,0.0,0.0,0.0,0.0,0.0,1.4,1.3,0.0,0.6,0.00,0.00,0.1,10.0,,DF,f7c491f1
1411,Aster Vranckx,0.0,0.2,0.3,0.00,0.00,1.3,1.1,2023-2024,20,be BEL,Wolfsburg,de Bundesliga,24,1153,12.8,12,12,3,0.0,0.0,0.0,0.0,0.0,0.0,0.0,1.3,1.1,0.0,0.3,0.00,0.00,0.2,50.0,,MF,f86cd5df
1412,Michel Aebischer,0.0,0.2,0.7,0.00,0.00,0.8,0.4,2023-2024,26,ch SUI,Bologna,it Serie A,36,2230,24.8,26,10,1,0.0,0.0,0.0,0.0,0.0,0.0,0.0,0.8,0.4,0.0,0.7,0.00,0.00,0.2,27.8,,MF,f9c927de
1413,Marius Wolf,0.0,0.1,0.7,0.00,0.00,1.0,0.7,2023-2024,28,de GER,Dortmund,de Bundesliga,22,1166,13.0,12,10,10,0.0,0.1,0.1,0.0,0.0,0.0,0.0,1.0,0.7,0.0,0.7,0.00,0.00,0.1,11.1,,DF,fa661778
1414,Thomas Kristensen,0.0,0.1,0.4,0.00,0.00,1.0,1.2,2023-2024,21,dk DEN,Udinese,it Serie A,26,2096,23.3,23,3,6,0.0,0.0,0.0,0.0,0.0,0.0,0.0,1.0,1.2,0.0,0.4,0.00,0.00,0.1,30.0,,DF,fadf9a05
1415,Luke Thomas,0.0,0.1,0.6,0.00,0.00,0.9,1.0,2023-2024,22,eng ENG,Sheffield United,eng Premier League,12,917,10.2,11,1,4,0.0,0.0,0.0,0.0,0.0,0.0,0.0,0.9,1.0,0.0,0.6,0.00,0.00,0.1,16.7,,MFDF,fc027d02
1416,Óscar Trejo,0.0,0.2,1.2,0.00,0.00,1.0,0.3,2023-2024,35,ar ARG,Rayo Vallecano,es La Liga,31,1380,15.3,19,12,2,0.0,0.0,0.0,0.0,0.0,0.0,0.0,1.0,0.3,0.0,1.2,0.00,0.00,0.2,16.7,,FWMF,fc647b34
1417,Vladimír Coufal,0.0,0.1,0.2,0.00,0.00,1.2,1.1,2023-2024,30,cz CZE,West Ham United,eng Premier League,36,3132,34.8,36,0,0,0.0,0.2,0.2,0.0,0.0,0.0,0.0,1.2,1.1,0.0,0.2,0.00,0.00,0.1,25.0,,DF,fdf3cb77
1418,Malick Thiaw,0.0,0.1,0.3,0.00,0.00,1.0,0.9,2023-2024,21,de GER,Milan,it Serie A,21,1619,18.0,19,2,3,0.0,0.1,0.1,0.0,0.0,0.0,0.0,1.0,0.9,0.0,0.3,0.00,0.00,0.1,20.0,,DF,ff5ea0bf
1419,Manu Sánchez,0.0,0.1,0.5,0.00,0.00,1.6,1.0,2023-2024,22,es ESP,Celta Vigo,es La Liga,26,1775,19.7,20,6,11,0.0,0.3,0.3,0.0,0.0,0.0,0.0,1.6,1.0,0.0,0.5,0.00,0.00,0.1,22.2,,DFMF,ffacd3d5