full_name,position_group,actual_value,predicted_value,boosted_meta_pred,neural_meta_pred,abs_pct_error
Nikolaos Athanasiou,DEF,1150000.0000000005,1689691.9434483654,1694799.7862727034,1115149.9600451365,46.92973421290128
Reda Laalaoui,MID,787499.9999999994,601924.3906906851,598082.556684227,1453417.5021906095,23.56515673769072
Tjaronn Chery,MID,950000.0000000008,820793.5608255804,824955.1917513424,409110.62115256465,13.60067780783372
Joe Rothwell,MID,2250000.000000001,1868525.2719837266,1873113.5135235651,1333085.336957914,16.95443235627885
Darko Churlinov,MID,1550000.0000000012,1626292.0219690655,1652487.4878744802,180209.53586430312,4.92206593348802
Zié Ouattara,DEF,775000.0000000007,1137612.135516931,1131999.0002928802,2247733.514350734,46.78866264734582
Juan Manuel García,FWD,825000.0000000006,1365212.2567064676,1365297.1269232766,1353577.9318377464,65.48027354017776
Eddy Sylvestre,MID,662499.9999999998,576352.7798291518,579181.1851885897,293753.3682730713,13.003353988052528
Philippe Rommens,MID,2550000.0,1739344.1297909445,1747391.7596606335,921251.4426281259,31.790426282708058
Joe Worrall,DEF,3299999.9999999986,3987323.515056156,3959650.5463653672,10401514.695649488,20.827985304732056
Chemsdine Talbi,MID,12249999.999999987,23339466.09197763,23379533.96634769,18430280.24810784,90.52625381206248
Khalis Merah,MID,4700000.000000004,3896395.626552433,3887350.478203951,5365691.217604764,17.097965392501496
Filippo Bandinelli,MID,2000000.0000000016,1582144.108223207,1583393.8679037807,1419169.6585150938,20.89279458883971
Gvidas Gineitis,MID,2349999.999999999,3474721.0981300566,3441911.8261279734,12828377.93186943,47.860472260853534
True Grant,GK,487499.9999999996,293680.69541173073,292087.45138834923,621059.7711764838,39.757806069388515
Dorukhan Toköz,DEF,1550000.0000000012,1621730.0847127913,1552063.620972427,684412208.3585716,4.627747400825164
Jan Bednarek,DEF,15000000.00000001,11186828.261667164,11052895.800124949,58731727.8133978,25.421144922218954
Mark Gillespie,GK,139999.9999999999,192069.20462848266,192094.9975269529,188551.01481149535,37.19228902034485
Matthias Köbbing,GK,77500.00000000006,149325.780014782,148229.6445137518,411772.41687643406,92.67842582552503
Uroš Radaković,DEF,775000.0000000007,767899.1121303744,769313.9801835935,595988.9983164846,0.91624359608081
Daouda Weidmann,MID,1299999.9999999993,1334283.5570524186,1334933.5005735208,1247757.1464247964,2.637196696339947
Matte Smets,DEF,14250000.000000017,15646495.270586425,15553585.824529368,35523894.04038946,9.79996681113268
Mor Ndiaye,MID,587500.0000000002,596183.7149935028,599541.495809273,275150.5425849824,1.4780791478302284
Jack Vale,MID,649999.9999999995,641670.3018493806,643578.0879181897,426388.60429817054,1.2814920231721445
Gianluca Prestianni,MID,7199999.9999999935,4288536.812627256,4310585.205088343,2116865.5420380183,40.43698871351028
Mohamed Daramy,MID,6849999.999999996,4948326.361162204,4954982.190460953,4112335.7083155727,27.761658961135666
Moritz-Broni Kwarteng,MID,1249999.999999999,1305937.285843326,1307234.5917762902,1139082.8019594508,4.474982867466159
Kiril Despodov,MID,6749999.999999997,6571236.907651529,6553105.31493628,9612902.119213525,2.648342108866201
Callum Hudson-Odoi,MID,24500000.000000007,23575318.48995406,23471719.50339854,43229893.6200598,3.7742102450854915
Mamadou Fall,MID,1200000.0000000005,1247810.855286666,1263050.6596001207,234596.43676634738,3.984237940555456
Patrick Roberts,MID,2800000.000000002,2908116.0983598083,2895113.2388414843,5389564.113226916,3.8612892271359422
Tom Bradbury,DEF,237499.99999999983,278266.4120834276,274485.6417620326,1829829.301581322,17.164805087759074
Kaan Kairinen,MID,3850000.0000000005,4516151.304298806,4475112.144859607,15870517.559512997,17.302631280488452
Fabijan Buntić,GK,600000.0000000003,525143.8604834381,525752.5110649946,447732.7227339097,12.476023252760363
Franco Mastantuono,MID,36000000.000000045,33181579.020800494,32637258.26766826,323498465.4687506,7.828947164443188
Filippo Delli Carri,DEF,950000.0000000008,1175153.8796800168,1177820.6909390565,860124.6796719749,23.700408387370082
Dion Malone,DEF,82500.00000000001,129644.75468806532,128105.7586851841,671085.6399576355,57.1451571976549
Sefer Emini,MID,1050000.0000000007,1080696.3495717086,1089183.8003147445,368088.73843452614,2.9234618639721783
Mikey Moore,MID,11500000.000000019,9138482.172954122,9170084.440769177,5681486.319343478,20.534937626486027
Giovanni Daffara,GK,850000.0000000005,925952.1288145579,922427.9774215836,1565266.728664235,8.935544566418518
Daouda Guindo,DEF,1849999.9999999995,1380638.8550541196,1389867.9348349904,551726.3046223811,25.3708726997773
Panos Katseris,DEF,2449999.9999999995,2162888.741333352,2170887.2068440905,1301156.3259963705,11.718826884352966
Ivor Pandur,GK,2100000.000000001,2078843.1835156856,2081264.41721623,1771016.9832866474,1.0074674516340625
Benoit Nyssen,DEF,712500.0000000002,809172.6212314528,819737.9293239277,135642.73893969433,13.568087190379302
Benito Raman,MID,2150000.0,2334092.502570717,2322268.6774277794,4696505.950629321,8.562441980033354
Dario Melnjak,DEF,1737499.9999999995,1100471.8742085486,1096604.8932469422,1786704.4400199517,36.66348925418424
Dylan Wells,MID,162500.00000000012,189414.77800412674,189200.30484294507,221387.9316873723,16.562940310231756
Simone Colombi,GK,230000.0000000001,304994.07575858856,304001.577876751,477727.1767416773,32.606119895038454
Maxime Delanghe,GK,1400000.0000000007,931640.1643882057,932788.7121522906,786286.8381410252,33.454273972271054
Davide Zappacosta,DEF,7249999.999999998,7706937.412722653,7667720.33019481,15556472.833166176,6.3025850030710995
Téji Savanier,MID,6250000.000000005,2818237.697625041,2811672.917190546,3885244.583363371,54.90819683799938
Marius Wolf,DEF,3299999.9999999986,4094103.6223122333,4078734.721927888,6871219.71001459,24.06374613067379
Ruben van Bommel,MID,10750000.000000006,10555666.557781795,10563490.843038835,9531956.95938838,1.807752950867074
Ignacio Pussetto,FWD,2050000.000000001,1617222.1482003774,1623181.4137265175,974651.8987618882,21.111114721932847
Roman Květ,MID,1600000.0000000012,1673486.3566675123,1693153.0867086945,335003.50597218086,4.592897291719444
Oscar Vilhelmsson,FWD,2150000.0,2029628.3686441015,2053652.270035407,401644.1444837392,5.5986805281813234
Japhet Sery Larsen,DEF,1699999.9999999988,1460611.4040618008,1468278.1921247789,710407.0377770518,14.08168211401166
Lorenzo Pellegrini,MID,22750000.000000004,19735283.50113292,19517218.231634676,91114926.49203819,13.251501093921245
William Martin,MID,437499.9999999996,398440.5843067955,394311.8103568995,1671770.681497275,8.927866444160944
Mike-Steven Bähre,MID,537500.0000000003,709688.0566474246,709483.282512165,738452.1203884544,32.0349872832417
Joe Hilton,GK,185000.00000000006,155907.20579697718,154928.5805440931,370987.28606388206,15.725834704336684
Oumar Diakité,FWD,5250000.0,6385712.607566838,6381189.412326051,7040064.757832561,21.632621096511205
Denzel Dumfries,DEF,31999999.999999955,32944341.703508485,32730768.01549172,80661096.11538212,2.9510678234641596
Marius Funk,GK,449999.99999999994,456372.66171913216,455889.3424422723,528050.2657716263,1.416147048696048
Andriy Lunin,GK,24749999.999999993,19026064.519824278,19157629.197755367,7367398.304222035,23.127012041114007
Ohi Omoijuanfo,MID,1200000.0000000005,611156.2726285026,603896.5754851435,3166991.2886393066,49.07031061429147
Arturo Vidal,MID,600000.0000000003,281333.16725584946,284618.1944155512,56897.8327727608,53.11113879069178
Brandon Khela,MID,537500.0000000003,727725.9502149438,725687.3023672769,1070786.8156851057,35.39087445859412
Vetle Dragsnes,DEF,1050000.0000000007,1034824.3083628096,1036473.6618276249,831081.4083044026,1.4453039654467712
Liam Delap,FWD,31999999.999999955,37410739.42027464,36814901.43350765,341160705.81343216,16.908560688358406
Dennis Borkowski,MID,725000.0000000006,553481.2952853263,555596.6588584317,327355.0904378213,23.657752374437813
Koen Van Langendonck,GK,139999.9999999999,203307.76255690717,201681.53563058723,614243.2637066256,45.21983039779092
Calvin Ramsay,DEF,3249999.9999999986,1159149.9206177676,1168284.6898443333,393362.7859667238,64.33384859637637
Lucas Pirard,GK,462500.00000000006,460629.395322156,460229.1235561102,519195.87935738004,0.4044550654797915
Dennis Johnsen,MID,1600000.0000000012,2319672.3888350874,2340728.147237955,668564.4623226115,44.97952430219286
Jorge Grant,MID,612499.9999999997,590529.3409980672,598310.1157064781,97403.09590903735,3.5870463676624476
Dimitri Bisoli,MID,1699999.9999999988,1543754.2898006889,1562930.3732877767,282121.92825080466,9.190924129371183
Mika Godts,MID,13750000.000000024,11646285.091847276,11735301.074703725,4082437.9378256085,15.29974478656541
Stijn van Gassel,GK,999999.9999999997,836187.4405908942,837419.649599328,682746.0936163792,16.38125594091055
Lion Lauberbach,FWD,1575000.0000000002,2561202.6060515684,2569678.0821628403,1625208.9893521527,62.61603847946464
Arkadiusz Milik,FWD,6749999.999999997,9434488.67318953,9366071.962214608,25697657.267651055,39.77020256577087
Michalis Kosidis,FWD,899999.9999999995,1121253.816830693,1121664.9652614566,1066063.707945798,24.583757425632623
Marco Rente,DEF,1150000.0000000005,1111411.5625853958,1105533.2212123328,2306518.5331146414,3.3555162969221466
Naby Keïta,MID,2100000.000000001,2129368.034472062,2143057.951441201,881199.7961876934,1.3984778320028972
Tony Yogane,MID,462500.00000000006,495553.1143010539,494390.8953964749,684674.4041605555,7.14661930833597
Tyler Dibling,MID,19499999.99999998,18428753.296115007,18532270.3601774,8522693.252945758,5.49357284043577
Jeriel Dorsett,DEF,499999.99999999977,599611.6291569589,592969.1937300004,2779276.467917485,19.922325831391834
Bradley Mazikou,DEF,1050000.0000000007,960716.9544733372,979047.6667220461,71203.00738497966,8.50314719301557
Eric Dier,DEF,8750000.000000007,10351659.321799396,10143366.04994433,169977398.94273043,18.304677963421565
Burak İnce,MID,637500.0000000003,714523.8515554566,722981.60378838,141391.27798359824,12.082172793012745
Eberechi Eze,MID,56749999.99999994,57881857.28993079,56914918.93596321,588602859.6051276,1.994462184900179
Mikael Anderson,MID,1800000.000000001,2101065.7055746983,2122991.421233299,503170.33748872596,16.72587253192762
Jamie Brandon,DEF,337500.00000000006,354309.2410246085,366659.8733983128,3166.0445537827604,4.980515859143239
Mounaïm El Idrissy,MID,825000.0000000006,972553.2046770853,964506.2777557874,3052733.7995637353,17.88523693055571
Nelson Weiper,MID,6950000.000000006,4898626.340819448,4908280.396765798,3735551.484045855,29.516167757993607
Marvin Çuni,FWD,1249999.999999999,1320643.998078344,1333188.309166556,359357.2745620367,5.651519846267592
Patrick van Aanholt,DEF,625000.0000000002,693517.5272351919,690387.7921672957,1292702.1615044104,10.962804357630663
Sékou Mara,FWD,4150000.000000003,2989885.961271999,3024959.5310074533,600254.8990723907,27.954555150072363
Rodrigo Zalazar,MID,19499999.99999998,20065922.263416547,20244610.83530467,5920608.127428299,2.9021654534182897
Dodi Lukébakio,MID,26250000.00000004,27789855.18747802,27429782.551536214,167366622.51764405,5.866114999916104
Farès Ghedjemis,MID,899999.9999999995,1130862.434812727,1123909.5191343094,2643403.6689825426,25.651381645858613
Jamie Sterry,DEF,324999.9999999999,424604.5722633747,427466.40003601095,168399.61155579452,30.647560696423028
Cher Ndour,MID,3900000.000000001,4242039.157740055,4226361.9335926855,7062443.789981625,8.770234813847528
Jordan Ferri,MID,2712500.0000000023,1344903.322684851,1352923.6883387167,593172.001490692,50.4183106844295
Liam Shephard,DEF,205000.0,237809.89460931052,240469.11348251862,51444.47806698895,16.00482663868806
Jean-Luc Dompé,MID,3750000.0000000023,4088650.45027459,4099731.05727875,2816815.1594140907,9.030678673988996
Hamza Güreler,DEF,674999.9999999998,1223402.6190311676,1220083.759801333,1778251.9909667624,81.24483244906193
Filippo Melegoni,MID,1024999.9999999995,735738.8859864302,736022.8976413364,697665.4805014788,28.220596489128724
Furkan Bayır,DEF,1699999.9999999988,938215.6319339294,944647.3643296123,366279.0489084804,44.810845180357056
Marvin Obuz,MID,950000.0000000008,983947.9737719942,989939.6396982165,426559.589368131,3.5734709233677253
Mike Vestergård,MID,399999.9999999999,479679.36875273637,482286.90300548094,227406.91983127326,19.919842188184127
Merlin Röhl,MID,12750000.000000002,11091652.16602311,11578953.164503897,29796.18100861998,13.006649678250138
Vanja Milinković-Savić,GK,16500000.000000013,13975626.972976554,13937608.439581878,20335131.503949642,15.29923046680883
Lewis Baker,MID,2000000.0000000016,1970325.614710755,1955904.8054328987,5417045.413727749,1.483719264462333
Jop Tijink,DEF,212500.00000000017,242657.02161819825,241504.18248649163,467448.50574659696,14.191539585034379
Ebube Duru,DEF,324999.9999999999,398320.9779173904,396434.2180333367,765818.9686039927,22.56030089765863
Alberto Dossena,DEF,4250000.000000002,6168322.376119606,6178129.468296083,4956544.469761546,45.13699708516714
Caleb Okoli,DEF,5950000.000000001,4200970.144530468,4214251.234503675,2720321.76901271,29.39545975579047
Alexandros Katranis,DEF,775000.0000000007,995594.2127344059,991062.3821089857,1865814.7159032964,28.463769385084515
Ferland Mendy,DEF,15000000.00000001,24866298.500270512,24594221.829849303,113092095.81814636,65.77532333513665
Ludovit Reis,MID,4550000.0,3291740.846440763,3351219.2302256394,279701.39484165254,27.654047330972237
Thomas Kristensen,DEF,6950000.000000006,4657103.674567931,4653450.665827108,5188413.842664002,32.99131403499385
Romain Faivre,MID,6999999.999999995,8338933.863587038,8312929.9145745225,12819023.371275166,19.127626622672047
Ilias Sebaoui,MID,1899999.9999999993,1665613.8989070437,1668801.5606738937,1280129.7695208767,12.33611058383977
Gaëtan Coucke,GK,1899999.9999999993,840414.1132605129,840095.4263812246,885463.728598352,55.767678249446675
Boško Šutalo,DEF,2150000.0,1796254.4701397421,1770823.9245576719,12791462.716919271,16.453280458616646
Emanuel Mammana,DEF,4349999.999999996,4290325.145295281,4329105.585203337,1242963.4366266562,1.3718357403382841
Gabriel Gudmundsson,DEF,13249999.99999999,13680533.231849762,13952958.839049626,906041.688225495,3.2493074101869532
Sindre Walle Egeli,MID,1575000.0000000002,2511657.71951544,2513488.3423922607,2271941.4154323973,59.4703313978057
Stefan de Vrij,DEF,12249999.999999987,10850289.989570932,10823979.514670726,15156681.05684101,11.426204166767805
Tidiam Gomis,MID,3249999.9999999986,6339225.185870191,6353546.564293552,4646319.027598409,95.05308264215981
Andy Nájar,DEF,1050000.0000000007,1828308.7318992154,1873814.1299788686,61956.38488872224,74.12464113325849
Kaito Mizuta,MID,712500.0000000002,834319.2201782913,841406.6480461427,260348.27351995633,17.097434410988217
Jing Reec,FWD,299999.99999999977,298645.83680938144,296965.1821756894,649515.0889386043,0.451387730206111
Chidera Ejuke,MID,7500000.000000002,10764179.696766298,10958954.909254786,911457.7817446562,43.52239595688394
Adama Traoré,DEF,175000.00000000012,131703.56523773586,131890.65479447658,108323.21310701944,24.740819864150986
Svenn Crone,DEF,512499.9999999997,473544.8702470731,478197.5723561674,123241.8044927542,7.601000927400314
Mathias Delorge,MID,7750000.000000002,5312986.977730062,5274753.901269139,14360335.108166292,31.44532931961212
Jan-Carlo Simić,DEF,4300000.000000002,4048106.0194669156,4056919.730110602,3000629.320749715,5.857999547281072
Liel Abada,MID,5800000.0,4963927.836195368,5002994.06462778,1686962.4091001507,14.415037306976409
Josh Vickers,GK,499999.99999999977,549845.8466924912,547230.1298246115,1060130.8741846613,9.969169338498292
Antoine Griezmann,MID,15749999.999999972,16371575.402872546,16351202.88509921,19433033.187626623,3.946510494429046
Jan Oblak,GK,30999999.999999978,22643586.301652905,22507139.571214627,52039192.07726378,26.95617322047445
Florent Muslija,MID,2649999.999999999,2970804.389321394,2963377.7792425994,4193072.2098962083,12.105826012128107
Sebastiano Esposito,MID,8249999.9999999935,10834543.302729517,10852076.993756464,8672156.47097003,31.32779760884274
Riccardo Tonin,FWD,412500.00000000006,506959.0090244914,508462.3071224367,337235.55019390536,22.899153702906993
Ahmet Oğuz,DEF,925000.0000000007,936128.2887948719,936352.1451041516,905814.1383943714,1.2030582480941814
Giovanni van Zwam,DEF,612499.9999999997,603985.4065252569,601684.5089883264,1021502.0963970697,1.390137710162078
Christopher Trimmel,DEF,899999.9999999995,999727.769611443,1005293.8925065864,465485.7420362965,11.080863290160396
Jorrel Hato,DEF,31999999.999999955,44578477.700666785,44984177.930642486,12806594.459750704,39.3077428145839
Kasper Jørgensen,DEF,974999.9999999999,1350494.6587623656,1351926.3113594456,1167190.0391793754,38.51227269357597
Ali Sowe,FWD,1699999.9999999988,1778117.9506493164,1792709.0360941251,577187.5449939215,4.5951735676069205
Sam Karssies,GK,262500.00000000023,277947.72067872225,278900.43552759977,173526.8953301573,5.884845972846478
Joe Bryan,DEF,1600000.0000000012,1641029.126841402,1641597.6443177531,1564608.437198863,2.564320427587545
Mattia Felici,DEF,1949999.999999999,3346624.682496456,3361819.707295125,1793672.1651822564,71.62177858956193
Omari Forson,MID,1849999.9999999995,1832254.8430680933,1850724.1955971061,460569.7432878447,0.9591976719949321
Arthur Masuaku,DEF,3299999.9999999986,3331079.793318462,3317517.0869914973,5841544.464914501,0.9418119187413183
Jorne Spileers,DEF,2599999.9999999986,2835850.7349788547,2846562.5757386787,1687555.501380032,9.071182114571391
Andrija Živković,MID,9249999.999999987,6948545.677151745,7118368.606015139,250121.5400923877,24.880587274035083
James Tarkowski,DEF,10250000.000000004,9255349.320034837,9228500.543346528,13806835.755073115,9.703909072830887
Ngal'ayel Mukau,MID,11749999.999999994,7844356.077281634,7807954.787064913,14882058.253014304,33.23952274653925
John Björkengren,MID,1774999.9999999986,2077333.6038000106,2087982.4262101082,1027507.7370826495,17.032879087324634
Aurélien Scheidler,FWD,1650000.0000000007,1498061.6317228545,1492106.7569012446,2592259.2450635675,9.208385956190677
Myron van Brederode,MID,4250000.000000002,4783547.940024523,4764205.571049731,8356205.094818073,12.554069177047552
Karl Hein,GK,4500000.000000002,5871604.119404136,5901119.713756477,2944059.735479726,30.480091542314085
Andrew Omobamidele,DEF,6099999.999999996,5118132.322799366,5103238.68458223,7644647.827771228,16.096191429518537
Oleksandr Zinchenko,DEF,12249999.999999987,13140378.485212358,13178208.908423662,8845415.108194085,7.268395797652014
Maxwel Cornet,MID,9599999.999999998,5229844.83817896,5198940.722762715,11826518.524527825,45.522449602302494
Nick Bätzner,MID,1200000.0000000005,1082921.1223161803,1087943.8469179552,572685.8911149126,9.756573140318347
Jack Grimmer,DEF,525000.0000000003,678233.4743065229,686970.9059253213,116418.59904187413,29.187328439337602
Enzo Le Fée,MID,17249999.99999998,17357148.74564912,17595740.977376986,2649576.5124731255,0.6211521486906693
Timo Becker,DEF,1200000.0000000005,1618249.307432406,1617243.4487287912,1762876.2715801399,34.85410895270046
Patryk Szysz,MID,775000.0000000007,741238.062764794,734885.3571827784,2424401.5056652655,4.356378998091185
Myron Boadu,FWD,6749999.999999997,7186146.411199451,7180384.881997146,8025157.725307204,6.461428314065991
Marcelo Saracchi,DEF,2000000.0000000016,2443521.839166955,2449304.297777713,1764776.299911025,22.176091958347655
Mykola Kovtalyuk,FWD,437499.9999999996,470018.9312814883,472449.3507052119,231065.44950796172,7.4328985786259905
Stefan Lainer,DEF,1899999.9999999993,1402938.3747417303,1413191.8511654614,514796.5818749849,26.161138171487853
Facundo Buonanotte,MID,14499999.99999999,21026765.925296508,21076528.63288222,15185688.289855009,45.01217879514842
Ogün Bayrak,DEF,999999.9999999997,1165549.673748947,1154756.7659205783,4195432.980100147,16.554967374894737
Andy Diouf,MID,13499999.999999993,16273228.129427895,15978369.680155227,201738382.62155387,20.542430588354843
Kamil Glik,DEF,299999.99999999977,155612.9732700757,153356.63416390476,1162384.916899658,48.12900890997473
Bruny Nsimba,MID,1749999.9999999998,1380068.9747738354,1386493.7542784016,728101.8459237441,21.138915727209394
Lazaros Rota,DEF,4750000.000000003,5116414.300889811,5115616.084934562,5227506.502880206,7.713985281890685
Joshua Brillante,DEF,487499.9999999996,475011.6207164807,473167.23855193995,811551.4599605019,2.5617188273884905
Mathias de Amorim,MID,1600000.0000000012,2389830.363737282,2369829.0678508263,7601330.520523544,49.364397733580006
Lorenzo Dickmann,DEF,1200000.0000000005,1076830.0929305104,1081054.986865906,628081.7043281067,10.2641589224575
Rúnar Alex Rúnarsson,GK,637500.0000000003,426004.9558133656,426015.4015255224,424569.2799489739,33.17569320574661
Sidny Lopes Cabral,DEF,1275000.0000000002,1793722.55669349,1753107.6031898325,41992392.207625896,40.68412209360702
Juan Castillo,GK,1550000.0000000012,1407930.6353732345,1413222.7316849756,839960.6749565147,9.165765459791391
Nikolas Nartey,DEF,1450000.0000000002,2812994.425070422,2872864.303482061,154865.16462275787,93.99961552209803
Ernest Poku,MID,6549999.999999996,8472293.688669495,8431911.03001323,16355947.46392609,29.347995246862595
Fabian Reese,MID,4399999.999999997,3516905.6328489636,3530985.3875850136,2028922.9829779156,20.070326526159867
Roberts Uldriķis,FWD,612499.9999999997,599474.9899260531,598001.8877235817,841161.1276197039,2.126532256970868
Yarek Gąsiorowski,DEF,11500000.000000019,13294761.541867968,13283695.922983436,14909656.750082064,15.606622103199532
Kevin Prieto,DEF,800000.0000000005,857605.9398777471,848064.3456032617,4001741.3540909463,7.200742484718324
Fedde Leysen,DEF,3700000.000000002,4893965.109049349,4875075.595846694,8334676.324909572,32.26932727160396
Hugo Cuypers,FWD,10499999.999999994,10626300.610320844,10597798.587678045,15380544.861221973,1.202862955436661
Sean Klaiber,DEF,1749999.9999999998,1162016.9160473603,1163496.7472756587,975250.1716424575,33.59903336872226
George Johnston,DEF,850000.0000000005,793569.8548226611,796731.6249325514,459022.67590674205,6.6388406090987395
Matei Ilie,DEF,1487499.999999999,1996464.237020765,2005917.3879782096,1041883.5771179533,34.21608316105991
Jack Byrne,MID,662499.9999999998,633712.2933725516,630541.7702694642,1264114.3178195567,4.3453142079167115
Kazımcan Karataş,DEF,1350000.0,1431229.0494372502,1425100.1307721774,2584065.0478133163,6.0169666249814995
Taha Emre İnce,DEF,312500.00000000023,367160.3811589328,367113.6274360199,373654.39256526047,17.49132197085841
Lautaro Giannetti,DEF,1699999.9999999988,1498666.469405087,1510159.9646915284,523483.31807510887,11.843148858524238
Qazim Laçi,MID,2649999.999999999,2342290.8805202697,2370661.6344846194,446447.79819485877,11.611664886027526
Luis Díaz,MID,74249999.9999999,55897700.62496257,56251226.5498248,23465576.461709686,24.716901515201823
Jordy Gillekens,DEF,575000.0000000001,739567.8147798871,750709.5000204683,94389.42875708874,28.62048952693686
Otto Stange,MID,2000000.0000000016,1129033.816671142,1131980.334360706,788619.8045079238,43.54830916644295
Assane Dioussé,DEF,1050000.0000000007,1349252.1873392765,1340826.7659951206,3196197.288133624,28.500208318026253
Alexandro Calut,DEF,625000.0000000002,730168.5224714989,727473.9572346045,1214737.5117445004,16.826963595439786
Thomas Foket,DEF,3600000.0000000014,1284633.0758225129,1294323.43926061,456504.6746539953,64.3157478938191
Arijon Ibrahimović,MID,3700000.000000002,3181440.5689501897,3200552.4619044047,1394797.776054539,14.015119758103022
Giorgi Gocholeishvili,DEF,2300000.0,1846350.237443229,1852151.9825327492,1198744.279141809,19.72390271985961
Kelvin Yeboah,FWD,3299999.9999999986,2716750.391435238,2713150.1124913897,3260912.456286442,17.674230562568507
Frederik Lauenborg,MID,575000.0000000001,834498.7522579412,839773.218129424,350509.80816435383,45.13021778398974
Josip Šutalo,DEF,17249999.99999998,19303826.222123574,19396548.13471172,9980079.598368233,11.906238968832437
Soner Gönül,DEF,737500.0000000005,592043.3187584734,592118.315053012,581808.3260481074,19.722939829359593
Martin Frese,DEF,1749999.9999999998,1711380.4404404685,1722749.515965588,687781.804389091,2.206831974830359
Nikola Milenković,DEF,30250000.000000015,29045403.419230644,28866162.36549909,68108131.21350972,3.982137457088829
Warren Zaïre-Emery,DEF,50000000.00000009,46732912.98950401,46929357.48269123,26230817.416371204,6.534174020992148
Michael Olise,MID,109250000.0000001,121129378.37426774,119561936.58326358,727808668.7673931,10.87357288262483
Orri Óskarsson,FWD,9249999.999999987,6129543.810948525,6102301.330892271,11317796.678381054,33.7346615032591
Franco Vázquez,MID,1450000.0000000002,1132507.3426044218,1137739.877405883,600372.8451191979,21.896045337626095
Younes Namli,MID,1400000.0000000007,1486847.1368918994,1511017.426927469,161473.9337491489,6.203366920849904
Kelle Roos,GK,379999.9999999999,171591.2694291372,171107.6366090888,253079.41160220758,54.84440278180599
Innes Cameron,FWD,275000.0000000002,243601.63831898788,245203.70959434603,98796.23682625698,11.417586065822643
Mickaël Nadé,DEF,1400000.0000000007,1666092.8119683592,1664447.55637846,1908851.991262245,19.00662942631131
Léo Leroy,MID,1749999.9999999998,2604440.6823254214,2627419.6978014424,777114.5920726142,48.82518184716695
Milan Škriniar,DEF,16500000.000000013,17003306.50393136,16998136.884779934,17730254.920092613,3.0503424480687578
Serxho Ujka,MID,625000.0000000002,793302.1853989171,789072.4002145552,1656124.7883249286,26.928349663826683
Calvin Verdonk,DEF,2900000.0000000014,3071090.1136209057,3057969.716656077,5537114.132300699,5.899659090376007
Torbjørn Heggem,DEF,5500000.000000001,4722136.0116238315,4678706.575378601,16849472.950694308,14.142981606839442
Scott Twine,MID,2900000.0000000014,3234296.166466146,3281434.652956082,441194.65893448045,11.52745401607394
Stavros Pnevmonidis,MID,1600000.0000000012,1831077.8366192752,1816917.174849075,5332166.256024041,14.442364788704614
Antonis Tsiftsis,GK,1050000.0000000007,1108825.1111657831,1105072.7345264466,1768264.7865829328,5.602391539598323
Efkan Bekiroğlu,MID,1550000.0000000012,1312727.773803371,1307808.5359559003,2201178.7504134546,15.3078855610729
Craig Halkett,DEF,1099999.9999999998,1514591.9610795851,1526168.5013734845,530914.9320966062,37.69017827996232
Lassina Traoré,MID,3449999.999999999,2435007.9196005175,2458921.4378733616,634114.3816818235,29.42006030143426
Mads Kikkenborg,GK,850000.0000000005,822585.7636700512,824763.09095634,571644.1971122463,3.2252042741116718
Miro Muheim,DEF,4000000.0000000005,4605757.040216975,4628359.527953945,2347439.249985098,15.14392600542436
Nicolas Raskin,MID,13249999.99999999,13952370.243347187,14067880.821822267,4484098.099687113,5.300907496959973
Cédric Kipré,DEF,3099999.9999999986,3176316.0593711515,3139765.5114158406,15629628.6143347,2.461808366811385
Marvin Elimbi,DEF,1124999.9999999995,1206894.9288470852,1209296.251097621,917956.1439538058,7.279549230852064
Oleksandr Zubkov,MID,10499999.999999994,12094553.88232243,12131083.79647894,7984901.621142921,15.186227450689877
Yankuba Minteh,MID,36499999.99999996,40184340.24839701,40327766.390528776,24605262.560637847,10.094082872320682
Daniel Heuer Fernandes,GK,2199999.9999999995,2791519.1300307107,2809019.0057020187,1180809.4628767024,26.88723318321415
Christ Kouadio,DEF,449999.99999999994,558906.4342359534,559663.2257246074,463908.65029078675,24.201429830211875
Gianluca Mancini,DEF,30250000.000000015,26402850.50023087,26390216.602598485,28201245.510908373,12.71784958601369
Malcolm Viltard,DEF,875000.0,984448.5145478846,979942.8579761874,1851303.7108307574,12.508401662615382
Rekeem Harper,MID,337500.00000000006,314946.076811894,319672.72656671115,40509.28091902539,6.682643907586974
Jude Soonsup-Bell,FWD,525000.0000000003,446387.4078002404,448676.79798501224,220719.78812128678,14.973827085668553
Daniel Bachmann,GK,1899999.9999999993,633732.3923093303,633915.8402379971,608976.279834498,66.64566356266683
Matija Mitrović,MID,1699999.9999999988,2161238.0884130653,2164432.12620412,1763612.8425674443,27.131652259592165
Arda Ünyay,DEF,837499.9999999995,1085054.5673888,1081223.6866792513,1765732.423058585,29.558754315080666
Kilian Ludewig,DEF,462500.00000000006,500868.99786502105,506221.31062232755,115924.46630728027,8.295999538382917
Ivan Näsberg,DEF,725000.0000000006,779099.1484180912,780225.3746420104,638591.7386716313,7.461951505943533
Gastón Ávila,DEF,3799999.9999999995,2122022.5393154034,2125397.299750187,1705044.6476945216,44.15730159696306
Alonzo Engwanda,MID,5199999.999999999,2547678.497037089,2563822.4023201824,1067719.574742853,51.006182749286744
Kevin Castaño,MID,6000000.0,5027968.711060643,5050952.866445377,2683440.527456533,16.200521482322614
Benjamin Leroy,GK,139999.9999999999,142244.2448476628,141484.43609797148,297352.8226578788,1.6030320340449242
Raffaele Russo,MID,487499.9999999996,526883.3957898275,500307.5337921859,655096174.9336683,8.078645290221106
Jonas Svensson,DEF,1899999.9999999993,2313662.81804765,2313789.6915935534,2296261.6915981467,21.771727265665845
Jeremy Petris,DEF,1200000.0000000005,1400342.3533799232,1395519.524664194,2251719.609739081,16.695196114993553
Matteo Bianchetti,DEF,999999.9999999997,1294667.2339764573,1298107.4630821373,898438.9234259322,29.466723397645772
Matthias Ginter,DEF,14000000.00000001,16849822.0050152,16802290.698051292,24859865.003597442,20.35587146439419
Raphaël Guerreiro,DEF,11749999.999999994,13926911.01004254,14154968.832860256,1488250.0070136741,18.526902213128064
Mandela Keita,DEF,9249999.999999987,6339085.885453335,6303880.090194576,13646496.491545362,31.46934177888277
Randy Nteka,MID,1450000.0000000002,2270762.2402820904,2291484.8981556585,650123.0772704802,56.60429243324758
Andrea Colpani,MID,14750000.0,9738650.058192553,9720956.24811093,12509241.469631292,33.975253842762356
Simon Janssen,DEF,637500.0000000003,752677.0295013834,751416.6421149914,948016.9735040828,18.066985019824784
Julien Fabri,GK,155000.00000000012,237036.52898550645,237194.37850819327,216277.57810011934,52.92679289387501
Simon Graves,DEF,1150000.0000000005,1291084.5719735844,1291537.6398929197,1230201.4892009278,12.268223649876855
Ali Abdi,DEF,3550000.0000000014,2909311.2044977634,2945028.943506684,542243.2771284526,18.047571704288387
Marvin Peersman,DEF,375000.00000000006,423720.1284691622,426003.51107194443,202177.47543910725,12.992034258443239
Ľubomír Šatka,DEF,1699999.9999999988,1697472.3531890633,1692179.0433310939,2609427.9367732788,0.14868510652562228
Mahamadou Diawara,MID,2499999.9999999995,1931828.5681996057,1931568.7042743957,1967941.2454576613,22.726857272015756
Ismaël Boura,DEF,1350000.0,1254653.0598806886,1248058.358837868,2591965.400516142,7.062736305134182
Alexander Jeremejeff,FWD,1200000.0000000005,1721861.4234541738,1728959.4986072585,977291.0589983945,43.48845195451443
Gökhan Değirmenci,GK,90000.00000000001,126452.78405064525,125242.10591105533,475487.4305368132,40.50309338960581
Lucas Ribeiro Costa,MID,1150000.0000000005,1460149.0138621943,1484810.2387240448,145537.5455764348,26.96947946627771
Thom van Bergen,MID,2150000.0,1644083.131001036,1741418.875919983,597.2265859011716,23.531017162742515
Nicolò Tresoldi,FWD,7750000.000000002,7389432.898898516,7472405.897223753,1588456.2962859625,4.652478723890141
Matteo Gabbia,DEF,19000000.000000015,19522750.960453574,19431554.405560672,37196330.66504861,2.751320844492412
Déron Payne,DEF,1075000.0,914607.4508884214,913601.0499311988,1064298.7821573245,14.920237126658476
Fikayo Tomori,DEF,33750000.00000005,27929295.54617418,27741273.157049462,70785404.51329224,17.246531715039595
Alessandro Di Pardo,DEF,999999.9999999997,1225802.972123388,1223867.8369454641,1523654.2765396123,22.58029721233884
Ebrima Ceesay,FWD,287499.9999999999,372610.30036812095,375976.6389488431,108017.08610354681,29.603582736737778
Vincent Sierro,MID,4750000.000000003,5710527.6283325935,5699302.108952349,7487346.657460559,20.221634280686107
Munashe Garananga,DEF,2199999.9999999995,1578306.8358365835,1564308.8092401677,5380842.043886718,28.258780189246192
Christ Makosso,DEF,1350000.0,1454048.6544181798,1483703.811611828,90240.03264372585,7.707307734679983
Krys Kouassi,MID,287499.9999999999,264156.52293800114,261167.80649859048,1265349.587156188,8.119470282434348
Maxime Dupé,GK,1499999.9999999986,1648289.5517516444,1648474.5539935185,1623016.4726188772,9.885970116776392
Håvard Nielsen,MID,862499.9999999998,646773.3808626124,649122.7824415943,392601.9986039095,25.011781928972454
Luca Lipani,MID,3200000.0000000023,1683841.9524279174,1681846.6694222556,1982412.4122383418,47.379938986627614
Lamine Camara,MID,19249999.99999997,21273531.02471302,21209564.54928128,32202938.29472474,10.51184947902885
Georgiy Bushchan,GK,3000000.000000001,733361.9242158798,728158.1847893863,1954772.9305867306,75.55460252613734
Yann Bodiger,MID,1124999.9999999995,829175.2853364598,827717.7937160847,1056424.0618716949,26.295530192314658
Atakan Karazor,MID,9249999.999999987,8381801.551052054,8367067.908579342,10679046.627699103,9.385929177815502
Warren O'Hora,DEF,712500.0000000002,644540.1277242004,647523.6218768079,341287.4147223127,9.538227687831556
Joachim Eickmayer,MID,387499.99999999977,497575.66378148063,499760.0057102231,272238.6113553856,28.406622911349917
Runar Norheim,DEF,1899999.9999999993,1674468.671532969,1686991.4288441148,600315.8181316161,11.87006991931739
Vasilije Janjičić,MID,337500.00000000006,428098.03762555565,427216.0386692709,568666.3001611313,26.843863000164614
Nicolás Otamendi,DEF,2800000.000000002,3673927.410248332,3651985.4876865805,8381024.312240809,31.211693223154636
Lars Lokotsch,FWD,537500.0000000003,665599.6333245643,665735.4027698713,647169.393649155,23.832489920849095
Bart Nieuwkoop,DEF,2349999.999999999,3080014.753259966,3163955.2098860233,76004.36519853798,31.064457585530526
Federico Valverde,DEF,113499999.99999997,119304932.66441089,112430218.73564292,421978669799.3611,5.114478118423718
Steven Benda,GK,1099999.9999999998,1313856.3311377564,1310345.485772412,1899044.6207675831,19.441484648886966
Rayan Aït-Nouri,DEF,37250000.00000006,44135968.42013111,43501434.84001815,324074112.41841555,18.48582126209675
Matt Macey,GK,375000.00000000006,263830.41339387785,263955.4408616119,247170.52790272122,29.645223094965917
Santiago Arzamendia,DEF,2050000.000000001,2300668.771983794,2311470.729755707,1207204.3425236985,12.227744974819165
Emiliano Martínez,GK,20749999.99999997,16954376.183718823,16829316.395039555,46984558.07053425,18.29216297002965
Lenny Vallier,DEF,899999.9999999995,1008905.2276009758,1011053.9813587748,752735.114683022,12.100580844552923
Mahmoud Dahoud,MID,3249999.9999999986,3374151.5009481646,3412290.475016565,717981.5324145856,3.8200461830204944
Antoine Semenyo,MID,50749999.99999993,42428111.2398759,44650906.267392606,37538.04844345828,16.397810364776447
Fabrizio Brignani,DEF,850000.0000000005,1188165.358719827,1199569.0471246745,318968.93484199746,39.78415984939133
Kazuki Nagasawa,MID,324999.9999999999,290134.8479759739,291413.441788972,158373.58976634234,10.727739084315688
Théo Leoni,MID,3499999.9999999995,2390060.9945500297,2398185.8313482404,1497946.1716081805,31.71254301285628
Robin Zentner,GK,5500000.000000001,4935043.590686636,4912946.542929702,9154068.483412245,10.27193471478845
Marvin Schwäbe,GK,7750000.000000002,6323919.984953602,6306003.514427503,9345967.00828683,18.40103245221161
James Abankwah,DEF,1050000.0000000007,1204028.3695507876,1184752.063789845,11108037.55705749,14.669368528646363
Hugo Larsson,MID,35750000.00000005,24472792.223150298,24403498.084099073,36159500.69967851,31.544637138041224
Andrés Vombergar,MID,3550000.0000000014,2466753.9448824497,2498767.3615296716,417968.63564961846,30.513973383592997
Léandre Kuavita,MID,1299999.9999999993,979071.0107365698,978788.483665828,1018756.8878178949,24.68684532795613
Alexandros Paschalakis,GK,375000.00000000006,389186.8577502002,384058.4260660408,2417058.862603534,3.7831620667200374
Chris Long,MID,275000.0000000002,278484.3884581206,277647.2160215453,421517.53734223184,1.267050348407419
Harry Milne,DEF,700000.0000000006,863535.2600073543,882015.0153935556,46797.499194848555,23.362180001050515
Rayan Fofana,FWD,4250000.000000002,3906362.2187213763,3949490.416104956,861508.4750660276,8.085594853614717
Johannes Geis,DEF,549999.9999999998,441840.52031435905,442062.4356213817,412327.7652519038,19.665359942843775
Jonathan Tah,DEF,48250000.00000002,50401726.3430196,49953439.51730216,172436126.77878374,4.459536462216733
Marcus Mathisen,DEF,1450000.0000000002,1455987.3721568906,1465521.2036256392,592811.5483898823,0.4129222177165753
Gabriël Reiziger,MID,375000.00000000006,461748.920098025,461318.90262274444,524945.9879348102,23.133045359473314
Timo Schlieck,GK,587500.0000000002,474531.0765625497,472985.9959711166,743472.4549089185,19.22875292552349
Fallou Fall,DEF,1249999.999999999,1597493.3963010733,1596230.1785091592,1781304.0137442045,27.799471704085953
Patson Daka,FWD,8249999.9999999935,2885853.2583184326,2925156.36733132,448179.6130920872,65.01996050523108
Raúl Jiménez,FWD,4500000.000000002,4596891.9889851995,4630710.163809648,1675722.0544188041,2.1531553107821684
Azzedine Ounahi,MID,15249999.999999983,20166332.319618836,20133766.65674425,25191832.082039442,32.23824471881219
Antonino Gallo,DEF,4999999.999999999,7016516.880504161,6968143.315372886,18187267.31466335,40.33033761008325
Matteo Lovato,DEF,2700000.0,1304110.3924645823,1302741.3667241186,1507007.0717473323,51.69961509390436
Gerónimo Rulli,GK,8999999.999999996,7535855.675593053,7531157.883072031,8211412.285577956,16.268270271188264
Carl Johansson,DEF,875000.0,884612.8432812961,886198.6390758429,691295.8957190686,1.0986106607195523
Shaquil Delos,DEF,950000.0000000008,1132192.6315286641,1148403.8056748924,159907.69267379827,19.17817173985928
Jorthy Mokio,DEF,5650000.000000001,4445818.990146362,4552587.099323544,169433.55385535315,21.312938227498027
Leonardo Balerdi,DEF,24999999.999999963,29416981.009006646,29187561.090132322,86444027.53720573,17.667924036026758
Mark Brink,MID,1299999.9999999993,1291111.3943948364,1299499.217560057,529392.3967285919,0.6837388927048398
Tibe De Vlieger,MID,749999.9999999998,976831.5877148419,973926.5433469252,1471979.7885982625,30.244211695312302
Roy Steur,GK,312500.00000000023,303753.1871369542,303319.36419474165,369808.4795051956,2.7989801161747216
Oli McBurnie,FWD,4349999.999999996,5716809.072669304,5752838.678053713,2407161.033007724,31.42089822228296
Jordi Liongola,DEF,1450000.0000000002,1475937.093471637,1503804.2515889965,112373.50384331647,1.7887650670094315
Isaiah Ahmed,MID,312500.00000000023,267687.4257731884,269112.08443651843,128900.31940910716,14.340023752579773
Demba Thiam,GK,1075000.0,1389304.223394711,1387694.590829457,1629714.4047695494,29.237602176252192
Alex Cairns,GK,157500.00000000006,303574.9968953227,306044.0768968439,99523.41135289593,92.746029774808
Andreas Poulsen,DEF,999999.9999999997,1323161.9387136549,1328237.8800634728,781047.9017461203,32.316193871365535
Meschack Elia,MID,2849999.999999999,1781614.5606208146,1810396.4275998387,196155.61591411356,37.48720839926965
Hakeem Odoffin,DEF,899999.9999999995,1340443.4320777566,1359342.668915173,195037.1685546,48.938159119750814
Manuel Akanji,DEF,23750000.000000026,23022725.203282043,22949962.715515442,35597986.62622543,3.062209670391503
Esmir Bajraktarević,MID,4750000.000000003,5300435.201068473,5309721.804828246,4165291.793400597,11.588109496178314
Eden Karzev,MID,1849999.9999999995,1454726.0325836085,1465929.7464622057,505887.1841252278,21.366160400886006
Assan Ouédraogo,MID,6999999.999999995,11247235.717264675,11216476.349700132,16397981.217424382,60.67479596092403
Bazoumana Touré,MID,10499999.999999994,11049735.845682636,11064676.568449484,9174029.520001888,5.2355794826918265
Rafiu Durosinmi,FWD,8000000.000000002,10994070.476458123,10929823.586780705,24637276.216781866,37.425880955726505
Vito van Crooij,MID,1099999.9999999998,1301873.9850233835,1313810.1040788598,370570.96541222977,18.352180456671256
Abdülkerim Bardakcı,DEF,13249999.99999999,10877202.566950927,11012796.50087778,1975915.7795712932,17.90790515508729
Joe Hodge,MID,1499999.9999999986,863616.7578407225,868962.329982581,369288.5867580143,42.42554947728512
Robin Lod,MID,2449999.9999999995,2104594.1182853705,2104902.197034531,2062606.8266995621,14.098199253658331
Vladyslav Vanat,FWD,13249999.99999999,11171611.838282442,11024575.19926249,69230373.76196022,15.685948390321137
Luke Brattan,MID,437499.9999999996,358335.3861583721,358372.56597291166,353253.2868056884,18.094768878086303
Nick Powell,MID,687500.0000000002,598441.6861316913,585251.1027231284,12872508.340181556,12.95393656266311
Idrissa Gueye,FWD,2250000.000000001,3009729.9527449966,3034596.784817566,969503.2480404333,33.76577567755535
Lasse Nordås,FWD,1400000.0000000007,913557.7987517411,911769.1372455821,1196512.8031791977,34.745871517732816
Jesper Karlsson,MID,4999999.999999999,6011616.0149780605,6008028.1848177,6526593.088895162,20.23232029956123
Václav Jemelka,DEF,2900000.0000000014,3685026.8076292314,3687898.0097880033,3310334.478907861,27.069889918249295
Alou Kuol,FWD,462500.00000000006,494199.9458272983,489720.5512420685,1731095.4991385948,6.854042341037451
Ivan Mesík,DEF,1099999.9999999998,973239.3111999654,969204.9764981553,1724197.8329567253,11.523698981821306
Oskar Sivertsen,MID,950000.0000000008,923337.5437559934,928142.2608962641,451889.8385685832,2.8065743414744664
Aaron Hickey,DEF,11749999.999999994,10725646.14954724,10814470.799379144,3445851.013112204,8.717905110236215
Vaso Vasić,GK,75000.00000000004,156264.2536176109,153763.48091046402,1440358.6973857444,108.35233815681443
Ivan Saio,GK,425000.0000000002,394998.9573802572,394006.79787112947,558431.3054911208,7.059068851704227
Alexis Saelemaekers,DEF,20249999.999999974,21946368.49004662,21858308.646615304,38173285.55993778,8.377128345909377
Dennis Srbeny,MID,762499.9999999997,807294.6218005574,803658.7261194946,1502900.3293019705,5.8747044984338
Fiacre Kelleher,DEF,157500.00000000006,149945.80712990256,149817.48888752883,168703.3841767867,4.796312933395234
Lewis Dunk,DEF,4500000.000000002,5596120.3971807845,5600989.484078425,4964619.4198950315,24.358231048461825
Andrea Pinamonti,FWD,11250000.000000019,8011670.395761292,8014968.662579081,7570297.21079905,28.78515203767752
Siebe Horemans,DEF,3249999.9999999986,2038448.555359451,2034791.1376070802,2610209.2897557337,37.27850598893994
Giuseppe Di Serio,FWD,1249999.999999999,992924.2894264285,989668.0268549912,1560713.558484652,20.56605684588566
Oskar Zawada,FWD,825000.0000000006,927686.3226262045,920772.8393774987,2598129.515625194,12.4468269849944
Nicolai Poulsen,MID,899999.9999999995,973304.736712203,972319.5678839092,1118922.4846295218,8.144970745800391
Denys Popov,DEF,5500000.000000001,8440522.617646143,8366334.904880354,28459661.23816379,53.464047593566214
Mamadou Traore,DEF,812499.9999999993,651549.9494791903,656290.9763627559,240129.84062447413,19.80923698717651
Patrick Pflücke,MID,2900000.0000000014,3554402.370959001,3736870.2419673298,3608.9956224646853,22.565598998586186
Mauro Vigorito,GK,104999.99999999997,158994.53623053222,158972.0029341014,162127.5054210341,51.423367838602154
Jamie McCart,DEF,600000.0000000003,744954.4357853938,751264.4631723056,233241.2021021603,24.159072630898898
Ben Wilmot,DEF,4150000.000000003,2209616.515885073,2189850.4576775823,7613567.897353777,46.756228532889835
Dan Agyei,MID,562500.0000000003,550276.3928801591,576246.9325199401,961.1832600227672,2.1730857101940018
Manor Solomon,MID,10250000.000000004,11531571.7917329,11482161.441365872,20827335.06571154,12.503139431540443
Albert Adomah,DEF,180000.00000000003,134761.71124994048,134691.736235596,144750.9439577137,25.132382638921968
Grischa Prömel,MID,4999999.999999999,6251706.464690563,6287687.76715891,2836989.8099454218,25.03412929381129
Thibaut Vargas,DEF,1350000.0,1386156.6123853603,1397886.491896103,434484.1223347619,2.6782675841007624
Pape Sy,GK,474999.99999999977,525871.790284385,521129.8317157923,1830148.451184076,10.709850586186365
Massadio Haïdara,DEF,1800000.000000001,1889037.691987305,1892364.9164872114,1482586.9645079582,4.94653844373911
Matisse Didden,DEF,2250000.000000001,1906794.3585126896,1900746.1313257385,2952980.60186141,15.253584066102722
Filippo Romagna,DEF,1099999.9999999998,1558497.1127726485,1557698.9077231553,1672387.6636443024,41.681555706604435
Thomas Mikkelsen,GK,37500.00000000001,111009.55208335583,110171.94218463369,314934.91381311783,196.02547222228213
Johnny Kenny,FWD,1737499.9999999995,3171448.5736763063,3200896.5501917363,888450.1725454809,82.52941431230545
Melker Ellborg,GK,649999.9999999995,973771.1311906955,979283.7955972768,447632.40997190605,49.8109432601071
George Earthy,MID,1600000.0000000012,1994982.8489115303,1995616.8378303126,1909593.3108121245,24.686428056970556
Troy Parrott,FWD,15499999.999999987,8960493.945962064,9023439.531343102,3418033.4038670775,42.19036163895438
James Maddison,MID,36000000.000000045,45465642.45264045,45338414.00942054,66870643.44031743,26.293451257334432
Maurice Multhaup,MID,437499.9999999996,355421.06707072794,354362.02143187687,536006.3146328226,18.76089895526211
Scott Arfield,MID,162500.00000000012,163244.24140450242,163558.81769675322,125235.76094947664,0.4579947104629556
Abdellah Baallal,MID,299999.99999999977,400869.17282162304,401305.82831048674,345071.1831059064,33.623057607207784
Corey Blackett-Taylor,MID,825000.0000000006,1307683.7600115815,1327638.7439588492,162548.82610840586,58.50712242564613
Federico Chiesa,MID,20249999.999999974,27957477.017617013,27915047.62901905,34459515.52955146,38.06161490181259
Serhou Guirassy,FWD,56500000.00000009,58817361.95203164,57869619.32973923,550546877.904304,4.101525578816901
Mohamed Hassan Fofana,MID,150000.00000000006,216115.760825011,215973.737191705,236587.79198593015,44.07717388334061
Enzo Fernández,MID,78999999.99999993,77903389.24661073,76966734.66644047,411912982.36444515,1.3881148777078425
James Tilley,DEF,499999.99999999977,546449.0935863093,551851.3664410695,141039.97040513894,9.28981871726192
Jocelin Ta Bi,MID,1512499.9999999995,4165530.0380337285,4158670.5300082983,5226515.721224048,175.4069446633871
Jahmai Simpson-Pusey,DEF,3200000.0000000023,2603738.3550588684,2621716.6873743,1009637.5068611009,18.63317640441042
Fredrik Oppegård,DEF,1400000.0000000007,2387047.7882043696,2398923.9977918225,1205365.5768868579,70.50341344316917
Lennard Hartjes,MID,899999.9999999995,888352.0170239044,893120.3741910921,425111.36400271987,1.2942203306772415
Adem Arous,DEF,537500.0000000003,482015.0422813568,484077.6652320787,267761.19883242104,10.322782831375536
Ismaël Bennacer,MID,24999999.999999963,19758747.09672064,19494839.102032762,125819866.74901536,20.965011613117323
Umut Tohumcu,MID,5400000.000000005,3988902.757566757,3977427.2174986894,5930810.40229618,26.13143041543049
Gideon Jung,DEF,700000.0000000006,593096.2083318549,593662.8476817914,520029.4194484133,15.271970238306515
Kacper Urbański,MID,4799999.999999999,3014192.411835957,3029635.985421503,1491431.2374439097,37.20432475341756
Nathaniel Chalobah,MID,1499999.9999999986,1698397.3154539273,1682774.9817239014,6061287.527808945,13.22648769692859
Ayumu Yokoyama,MID,1249999.999999999,1436719.6219262264,1416101.7500532665,10510855.805725466,14.937569754098199
Stiven Shpendi,MID,1949999.999999999,1273942.2172887349,1271563.0335681394,1647857.4288290842,34.669629882628946
Guillaume Restes,GK,21750000.00000003,10899545.180153461,10885590.11958148,13002018.14898593,49.88714859699565
Lyall Cameron,MID,2100000.000000001,1851648.0430767403,1854513.5825826826,1496575.5173886712,11.826283663012402
Menno Koch,DEF,562500.0000000003,635547.6457052695,637212.1276916531,443363.5224645101,12.98624812538118
Mahamadou Nagida,DEF,1400000.0000000007,1711049.5924780904,1723981.5781916028,606820.7487369899,22.217828034149257
Sofiane Alakouch,DEF,537500.0000000003,808957.9635787554,809670.3466109664,716630.8128116525,50.50380717744276
Romain Matthys,GK,587500.0000000002,535802.5073484279,536199.0125775012,483920.4581305253,8.799573217288904
Marius Ștefănescu,MID,1150000.0000000005,1045435.1754592613,1044647.2556078393,1159785.5211828453,9.092593438325142
Luca Raimund,MID,850000.0000000005,847567.077604171,862794.0743048225,73032.3605754167,0.2862261642152305
Alouis Diriken,DEF,262500.00000000023,308152.5096801658,308890.9258850126,221646.08528613753,17.391432259110672
Uchenna Ogundu,FWD,462500.00000000006,575652.034523386,572920.7389975544,1107971.5771368626,24.465304761813183
Finn Porath,DEF,1099999.9999999998,1560806.8276380792,1596446.4974137077,69727.97673484698,41.89152978527996
Tonni Adamsen,MID,1249999.999999999,1475615.4179876286,1479861.9535202,993462.2517280597,18.049233439010376
Riechedly Bazoer,DEF,3900000.000000001,4136352.149830353,4158811.4681012114,1962647.6492738435,6.06031153411159
Ousseynou Ba,DEF,3049999.999999998,3135206.824748434,3134505.309857678,3233302.356369541,2.793666385194624
Kyliane Dong,DEF,999999.9999999997,980076.5271762991,979925.2686881084,1001125.5637217426,1.9923472823700525
Victor Bak,DEF,1725000.0000000005,1742485.7366216278,1749330.3174631498,1015697.0475950717,1.0136658911088317
Cristian Cásseres Jr,MID,5750000.000000005,5458704.369848173,5524469.47840088,1049636.2421514045,5.066010959162283
Justin Kluivert,MID,26750000.00000001,26135494.193499923,26362643.012759976,7939888.292629908,2.2972179682246288
Davide Buglio,MID,649999.9999999995,926583.223061694,926419.5009621517,949402.1796040998,42.55126508641456
Santiago Pierotti,MID,2499999.9999999995,2932529.817972565,2949519.8238502936,1323825.7334502018,17.301192718902627
Siebe Schrijvers,MID,2250000.000000001,3133384.2892871685,3129653.331756488,3691906.9442201625,39.26152396831854
Dirk Baron,GK,175000.00000000012,169595.9238291157,169517.69530831382,180718.04933791936,3.0880435262196677
Óscar Cortés,MID,2700000.0,1700286.7973628258,1700901.651884956,1617723.6425111832,37.02641491248793
George Dobson,MID,1075000.0,1457567.1668676336,1453790.813218721,2083250.6503849304,35.58764342954731
Dorian Hanza,FWD,387499.99999999977,509776.7136856417,524117.89626305323,11181.351153886762,31.555280951133426
Thomas Gundelund,DEF,875000.0,1127106.5836765775,1149847.9302079843,72039.03352084536,28.81218099160886
Zakaria El Ouahdi,DEF,19499999.99999998,19663065.06061603,20068853.187342145,1181096.1328907164,0.8362310800823081
Lilian Raolisoa,DEF,1949999.999999999,2269594.363975313,2268125.185315217,2481222.9317065063,16.389454562836622
Mathias Løvik,DEF,3400000.000000002,2005878.24374048,2048485.8126963272,111057.00157194302,41.003581066456505
Willian Pacho,DEF,80999999.99999987,93698806.49459563,91769883.77432849,1642393342.178044,15.677538882217021
Nouha Dicko,FWD,637500.0000000003,943309.03544855,950639.4084476463,324947.79205782013,47.97004477624306
Koen Kostons,MID,999999.9999999997,1272946.718714072,1270347.243933934,1686689.7407602512,27.294671871407232
Buluthan Bulut,MID,162500.00000000012,240516.98835167967,241281.22315259845,155403.44333026774,48.010454370264306
Juninho Bacuna,MID,2050000.000000001,1709051.1878572225,1735911.2253104004,199689.3131852971,16.63164937281845
Thomas Isherwood,DEF,749999.9999999998,932453.1125310075,923074.6160254339,3750150.7490449455,24.327081670801036
Pietro Pellegri,FWD,2400000.000000001,1863599.7361391007,1872337.093079029,978765.2440225614,22.350010994204165
Christoph Klarer,DEF,2950000.000000002,4419641.859682206,4418996.706121107,4509368.819030825,49.81836812482045
Lucas Hernández,DEF,23249999.999999963,26219293.608266834,26486759.417303834,6482904.398438905,12.77115530437366
Finley Burns,DEF,749999.9999999998,767500.473149527,766290.9376887613,953632.7097726826,2.3333964199369626
Ashley Fletcher,FWD,825000.0000000006,694974.9824957381,701749.5844025097,182785.84775240242,15.760608182334837
Kalidou Koulibaly,DEF,11000000.000000013,7710562.986439918,7714610.916210849,7173062.045949738,29.903972850546285
Théo Sainte-Luce,DEF,1249999.999999999,1560050.0857944333,1564415.715035367,1061821.9725129816,24.804006863554754
Stephy Mavididi,MID,6749999.999999997,7089024.620650057,7047615.65627857,15880727.731715798,5.022586972593477
Nicolas Kühn,MID,14499999.99999999,15486067.426761456,15504018.825955106,13202949.29695962,6.80046501214804
Thomas Oude Kotte,DEF,950000.0000000008,1073807.7980968154,1096913.1504617594,57281.723875557094,13.032399799664676
Fabio Baldé,MID,1050000.0000000007,1315642.5164135012,1351307.8933820364,33100.25231340092,25.299287277476225
Tony Miettinen,DEF,487499.9999999996,537731.4066424354,542760.0847409518,149283.37860013454,10.303878285627857
Gary Magnée,DEF,2150000.0,2175710.0651522465,2225939.319793291,93954.33594991635,1.1958169838254187
Alex Cochrane,DEF,1949999.999999999,2586093.7696522283,2561062.395699984,9867342.783723084,32.62019331549895
Petar Stojanović,DEF,1249999.999999999,1433581.0738831775,1447010.907000431,397099.0123794553,14.686485910654284
Shaun Rooney,DEF,612499.9999999997,450483.3706135524,459707.25160085084,27654.515444133405,26.45169459370569
Krisztián Keresztes,DEF,337500.00000000006,296450.9376121089,299044.62892618513,89351.20424740379,12.162685151967754
Dejan Ljubičić,MID,4099999.999999998,3304728.2182484004,3320410.7421097294,1722132.3834405304,19.396872725648734
Rocco Vata,MID,1275000.0000000002,2559997.7809642004,2605411.3415483288,227431.54835943313,100.78413968346666
Honest Ahanor,DEF,11299999.99999999,4645189.2082805205,4628010.223772962,7736362.108488023,58.89213090017235
Ayyoub Bouaddi,MID,25250000.000000004,20293791.63159744,20119398.181271553,66588592.428091526,19.628547993673514
Antoine Joujou,MID,2100000.000000001,2382460.203462672,2378108.813904178,3064295.5479348805,13.450485879174803
Tobe Leysen,GK,3600000.0000000014,2483481.5919903805,2493008.029929892,1466032.2643847498,31.014400222489456
Jeremie Frimpong,DEF,40749999.99999996,45864034.52518642,45355238.20391597,213050594.44116083,12.549777975917698
Joseph Opoku,MID,2700000.0,2606075.912517916,2588853.491993338,6492854.2954859175,3.478669906743854
Mikaël Mandron,MID,387499.99999999977,363530.86662906903,361800.5857916705,701145.5848986865,6.185582805401484
Edin Džeko,FWD,5850000.000000001,4530114.997013107,4502931.167587415,10374844.382838843,22.562136803194765
Kristian Pedersen,DEF,812499.9999999993,762746.1970047352,767407.7832832652,329662.8970407198,6.123544984032506
Badavi Hüseynov,DEF,349999.9999999997,377422.10566880094,385563.62450164615,19986.409220383644,7.834887333943216
Mërgim Vojvoda,DEF,3900000.000000001,6509729.09824355,6532899.208530935,3991387.6127436543,66.91613072419355
Weston McKennie,MID,20749999.99999997,17155797.607164424,17115611.52473914,23693676.167737976,17.321457314870127
Patrik Wålemark,MID,2750000.0,2503834.654777382,2532100.5880546058,533820.2534642781,8.95146709900429
Obinna Nwobodo,MID,2750000.0,2762340.9162080633,2763235.9138701647,2641848.5925539695,0.4487605893841183
Martin Turk,GK,749999.9999999998,780833.61735809,782798.3103259772,552462.3425808285,4.1111489810787
Boy Kemper,DEF,1024999.9999999995,1050687.6433646644,1052194.0016442416,862605.8134114714,2.5061115477721834
Tom de Graaff,GK,899999.9999999995,890146.9534209097,888965.5419039513,1068736.1701647607,1.094782953232204
Stephen Kingsley,DEF,534999.9999999995,756772.4480569466,760605.9750677786,377439.46041326947,41.45279402933594
Mathias Kjølø,MID,2050000.000000001,2623290.2691605976,2620285.928058362,3071584.2168712006,27.965378983443728
Federico Artioli,DEF,612499.9999999997,676129.3384667545,678132.3590573865,449945.39693599433,10.38846342314366
Keinan Davis,FWD,3650000.000000001,3757885.6622436983,3758057.70757912,3734274.2747103623,2.955771568320474
Kartal Yılmaz,MID,2499999.9999999995,2389579.703483528,2408281.498864918,816939.0827693573,4.416811860658862
Patryk Klimala,FWD,1849999.9999999995,1172810.3520147067,1191604.1302007074,131427.2921612451,36.604845837042866
Oscar Pettersson,MID,700000.0000000006,746672.513632415,750161.9356302007,392967.48703108274,6.667501947487765
Leander Dendoncker,DEF,4750000.000000003,3728426.1244688747,3743461.47765439,2142361.6673631407,21.506818432234265
Karol Linetty,MID,2000000.0000000016,2833761.9970223834,2829155.9601913174,3545101.6579389726,41.688099851119055
Görkem Sağlam,MID,1400000.0000000007,2074237.3055453624,2077986.6721502002,1617622.7835115576,48.15980753895438
Elseid Hysaj,DEF,2349999.999999999,2114916.5452539786,2142325.950983196,359226.4158456991,10.00355126578811
Sikou Niakaté,DEF,6250000.000000005,5109229.193518928,5152320.187118124,1607643.4239069985,18.25233290369721
Matteo Pérez Vinlöf,DEF,1450000.0000000002,1609489.977990169,1609029.1686657404,1674208.515349367,10.999308826908194
Rafiki Saïd,MID,2050000.000000001,1822755.740935396,1869778.8944659242,54674.68160182067,11.085085808029508
Youssef Hamdaoui,MID,437499.9999999996,494188.4350424762,493707.0423896812,565150.982859767,12.957356581137528
Tom Pettersson,DEF,387499.99999999977,429444.0854095399,427129.0368789791,903864.9666381401,10.824280105687789
Onuralp Çevikkan,GK,899999.9999999995,696148.2005615544,692598.9050697571,1407109.5035266948,22.650199937605027
Modibo Sagnan,DEF,2849999.999999999,2686245.6752285217,2693883.0772073604,1817147.268759527,5.745765781455348
Felipe Loyola,DEF,6549999.999999996,3827045.552873536,3936042.9865460065,80120.06078650807,41.57182362025132
Juho Talvitie,MID,1450000.0000000002,1580361.8007327018,1606982.1686095176,158483.27804045696,8.990469016048381
Eren Dinkçi,MID,7249999.999999998,8346631.504428815,8365561.624863384,6110229.466309199,15.125951785225064
Josh Cullen,MID,8000000.000000002,9781785.52097314,9705037.14324565,28933220.36820322,22.27231901216423
René Mitongo,FWD,700000.0000000006,796024.0485513627,794750.1005855866,992413.7566790421,13.71772122162315
Pervis Estupiñán,DEF,19499999.99999998,19785488.542608127,19711667.244378332,33101809.81960271,1.464043808246902
Danel Dongmo,MID,412500.00000000006,564111.0479497224,571029.6517405603,105317.64299159472,36.75419344235692
Uğurcan Çakır,GK,16250000.0,15261734.954649046,15157934.672853783,39053221.129745476,6.081631048313563
Leon Dajaku,MID,887500.0000000002,619415.2745412689,625687.9756523501,154713.07639181885,30.20672962915281
Paul Wanner,MID,11749999.999999994,8530597.80530758,8753033.493001131,246539.8107812377,27.39916761440354
Patrick Mainka,DEF,4500000.000000002,5299664.367384467,5274747.281504611,10139813.446527453,17.770319275210337
Brad Lyons,DEF,537500.0000000003,572431.2281587243,579494.7501471564,105787.88585042732,6.498833145809095
Benjamin Stambouli,MID,600000.0000000003,768008.5402057553,767027.8044146218,915731.0788963584,28.001423367625804
Rares Burnete,FWD,800000.0000000005,729656.3652854606,730265.753212946,650433.5297921789,8.792954339317477
Daniel Klein,GK,287499.9999999999,319600.97639583313,318212.3168693424,582059.7403622288,11.165557007246353
Mohamed Jaouab,DEF,1050000.0000000007,1083374.9924710381,1091873.410325633,369469.9294408416,3.1785707115273723
Adam Smith,DEF,800000.0000000005,1262741.9695488878,1267223.849278514,775300.8384911725,57.842746193610886
Andreas Hansen,GK,1050000.0000000007,920958.4737643389,925761.4846104096,450010.6147743801,12.289669165301117
Maxi Oyedele,MID,3499999.9999999995,2617367.1158138374,2626542.093070381,1616724.4298074325,25.21808240531892
Olivier Boscagli,DEF,16500000.000000013,20071513.850006774,19841479.491419617,98128240.71866588,21.645538484889443
Malo Gusto,DEF,30000000.00000005,30777172.876780942,30451642.66922109,133049671.03683896,2.5905762559363077
Maï Traoré,FWD,362499.9999999997,330123.18247489294,329469.2600480357,433741.94785847573,8.93153586899498
Jakob Kiilerich,DEF,1200000.0000000005,1493307.2780582868,1496268.7022403264,1136820.3258114231,24.442273171523848
Anthony Nwakaeme,MID,700000.0000000006,980364.9967930557,991409.870503468,209669.3590781372,40.05214239900784
Gustav Grubbe,MID,562500.0000000003,589556.3030722848,585140.0178399149,1659977.8180400205,4.810009435072787
Saulo Decarli,DEF,289999.9999999999,294612.0799428678,292509.9640712627,789595.9790398652,1.5903723940923857
Bryan Limbombe,MID,875000.0,867567.6328010993,871908.9231843607,436368.0295606602,0.8494133941600763
Djibril Diani,MID,899999.9999999995,1174779.1571182632,1172668.223164581,1504842.9894993347,30.531017457584863
Ryan Edmondson,FWD,287499.9999999999,429049.9266551821,427534.8903770396,698255.44066033,49.234757097454704
Taras Mykhavko,DEF,4799999.999999999,4183330.087785388,4165913.125883816,7429844.326559171,12.847289837804402
Gabriel Vidović,MID,2599999.9999999986,2905640.7742024832,2882140.7474669768,8887646.761229364,11.755414392403262
Eren Elmalı,DEF,6999999.999999995,7232362.883028852,7278205.921455184,3030266.4779723105,3.319469757555095
Tristan Muyumba,MID,1099999.9999999998,1060892.328862425,1064849.628159478,635409.2863221582,3.5552428306886217
Pelle Clement,MID,950000.0000000008,970943.1353587743,932491.5956559746,253069713.56077847,2.2045405640814213
Junior Diaz,DEF,3449999.999999999,3031582.0996239483,3003468.789686404,10932843.423979426,12.128055083363792
Domagoj Vida,DEF,575000.0000000001,483393.45245945296,480181.65719122736,1210314.10525243,15.931573485312544
Abdurrahim Dursun,DEF,387499.99999999977,416824.4382136612,417879.9979706911,294258.4576739474,7.567596958364245
Jordan Zemura,DEF,3449999.999999999,2212092.022459393,2213070.9145574113,2081373.885748865,35.88139065335091
Samuel Gigot,DEF,4250000.000000002,5985182.812386538,6021345.539548697,2611562.9151412696,40.827830879683184
Denso Kasius,DEF,4999999.999999999,4007467.0193956248,4018825.312860342,2714207.9613369037,19.85065961208749
Robin Hack,MID,11749999.999999994,10291893.6787309,10329823.55621931,6202164.5705658905,12.409415500162515
Jaden Slory,MID,1550000.0000000012,1624017.6592124945,1648828.9300010034,201380.31583040816,4.775332852418922
Mario Lemina,DEF,9750000.000000004,10524110.678682433,10648711.140002932,2081795.290560115,7.939596704435173
Batuhan Yavuz,DEF,237499.99999999983,301622.04438265995,301617.00037424185,302317.28635459224,26.998755529541125
Youri Regeer,DEF,6000000.0,6970706.304337273,6922472.168339675,18132023.234914728,16.178438405621222
Alessandro Vinciguerra,MID,487499.9999999996,603374.0292333076,604220.2765777963,497491.87880727666,23.76903163760166
Nesto Groen,FWD,324999.9999999999,280017.404698052,281227.39865418075,154658.27020710497,13.840798554445513
Ilias Akhomach,MID,10750000.000000006,8431874.413062062,8452961.938728036,5978276.402402764,21.563958948259927
Luka Zahović,MID,1099999.9999999998,957879.3475255327,962344.4849969308,504940.7419569373,12.920059315860644
Ousmane Diao,DEF,4449999.999999997,3244236.727345583,3258481.5385973947,1774816.841470588,27.09580387987449
Andri Fannar Baldursson,MID,887500.0000000002,562051.9682317366,562582.4932321591,493588.7695610625,36.67020076262125
Edoardo Soleri,FWD,749999.9999999998,1084625.2595285398,1086863.0203145444,816670.1170526114,44.61670127047203
Sanders Ngabo,MID,899999.9999999995,1032168.5778850088,1032348.9450020189,1007634.8985377862,14.68539754277881
Nicolas Jackson,FWD,34499999.99999998,35993288.15666949,35689101.10757948,115792742.9884481,4.328371468607285
Youssef Maziz,MID,1899999.9999999993,2408464.2163145896,2399341.0093454104,4061250.419823642,26.76127454287318
Edo Kayembe,MID,3049999.999999998,2862331.4540480366,2819047.4296174417,23323437.725295153,6.153067080392185
Alexander Schwolow,GK,600000.0000000003,621466.655265156,620729.898249418,731717.963819949,3.577775877525931
Emmanuel Kakou,DEF,1099999.9999999998,964574.0803206966,939721.7543083905,35080479.28725665,12.311447243573019
Di'Shon Bernard,DEF,2300000.0,1775075.0481163813,1765054.478811483,3869957.276598745,22.822823994939945
Rodrigo Battaglia,DEF,2599999.9999999986,2637504.31154012,2643020.884148856,1978172.646920802,1.4424735207738937
Andries Noppert,GK,525000.0000000003,423210.3170007118,421676.25603394985,697724.494644791,19.38851104748352
Alassana Jatta,FWD,587500.0000000002,656236.6737605524,664136.1391299166,126360.80380948365,11.699859363498241
Dean James,DEF,2050000.000000001,1761203.0436195435,1759309.6823238628,2042313.3416585138,14.087656408802793
Danny Ings,FWD,4650000.000000001,2752153.866979529,2768770.9416109594,1201559.4906391564,40.81389533377358
Luis Hasa,MID,1550000.0000000012,1645135.9297843338,1653055.609782933,849288.5993880337,6.137801921569843
Geoffrey Kondo,DEF,800000.0000000005,954383.3600609545,953063.7066284189,1154664.3477682522,19.297920007619236
Mees Hoedemakers,MID,1099999.9999999998,1301788.2391780128,1320326.2535727122,185817.11373655527,18.34438537981937
Carl Starfelt,DEF,8249999.9999999935,7609968.787618759,7716921.213156313,1114052.05796392,7.757954089469514
Rémy Cabella,MID,1899999.9999999993,1915382.0579631617,1934726.1226718542,480206.7796397259,0.8095819980611808
Zaid Romero,DEF,2900000.0000000014,2655556.4853225993,2655071.310205995,2723206.6212184075,8.429086713013861
Danylo Sikan,MID,5950000.000000001,7592910.25570989,7273550.111228572,2816333127.426342,27.61193707075444
Théo De Percin,GK,899999.9999999995,1139669.3956807216,1142951.6309162448,767055.7737269759,26.629932853413578
Urko González de Zárate,MID,7750000.000000002,10418293.830140833,10307075.030021386,45658797.00822281,34.42959780826878
Simone Scuffet,GK,1650000.0000000007,1866551.7006145387,1871417.6240576801,1304282.1749359893,13.12434549179018
Lorenzo Amatucci,MID,2449999.9999999995,3451974.7061255383,3451556.0072090863,3510106.8165698177,40.896926780634246
Seny Koumbassa,DEF,412500.00000000006,461836.54959583835,460191.8818849623,754736.2510983918,11.960375659597162
Marco Reus,MID,4799999.999999999,4354965.480726067,4328851.422144335,9967771.308308482,9.271552484873586
Marko Dmitrović,GK,3950000.0000000005,5015350.55332739,5035189.698616065,2912398.3607582618,26.97090008423771
Dan Casey,DEF,600000.0000000003,657421.7940204418,660753.7490774468,327772.1873546045,9.570299003406907
Zvonimir Šarlija,DEF,1350000.0,1545513.9408946997,1516769.660691563,20491834.59696531,14.482514140348124
Luca Ranieri,DEF,7249999.999999998,7867729.58862299,7868076.906976638,7820058.440998522,8.520408118937823
Mattia Zanotti,DEF,3750000.0000000023,4707537.586979591,4757525.890391123,1099578.4307908139,25.534335652789025
Pieter Gerkens,MID,999999.9999999997,1435544.8488554652,1461724.1518996002,119246.78974219333,43.55448488554657
Samson Baidoo,DEF,9999999.999999996,9766053.202863472,9839299.271371879,3491006.058053606,2.3394679713652478
Andre Brooks,MID,2800000.000000002,3622066.0281219482,3593996.3019670052,10571228.469399313,29.35950100435521
Thierry Small,DEF,1749999.9999999998,2541377.9152756007,2591449.776788958,173168.24749635838,45.22159515860578
Filippo Oliana,DEF,737500.0000000005,819874.8712296981,816575.008415712,1428515.338281342,11.169474065043735
Sepp van den Berg,DEF,21500000.00000001,20575127.1686896,20580861.722399972,19800681.3246782,4.301734099118184
Samuel Bastien,MID,625000.0000000002,973948.2448175248,970063.0889804288,1688599.060394193,55.83171917080391
John McGinn,DEF,20000000.000000015,19323152.679859027,19516603.224777877,4902977.231572097,3.384236600704936
Jadon Sancho,MID,20999999.99999998,25102338.665148716,24856030.330372546,97565773.28002365,19.5349460245178
Luke Garbutt,DEF,299999.99999999977,314688.0597475117,316653.24530570075,133551.69354677573,4.8960199158373126
Hiroki Ito,DEF,21250000.000000034,22115344.01095127,21992416.47236457,47639948.749834105,4.07220711035875
Maximilian Beier,MID,26250000.00000004,24939760.392584298,25143373.136911225,8141865.559805769,4.991388980631395
Hakim Sahabo,MID,1299999.9999999993,1417567.2620738794,1427753.840358961,528955.7335499289,9.043635544144625
Ahmed Sidibé,DEF,700000.0000000006,791499.2504311495,794885.8108384948,439711.18585425126,13.07132149016412
Alex Mitchell,DEF,712500.0000000002,780753.2999540563,781044.0409485099,741741.2487320787,9.57941051986751
Kyle Knoyle,DEF,425000.0000000002,462776.05883896956,461131.36565756635,755522.2829165427,8.888484432698677
Amin Sarr,FWD,3449999.999999999,3086557.3256802065,3110723.427274773,1054776.012931576,10.534570270138916
Marco Palestra,DEF,5900000.000000006,4990836.435911827,5002556.545241191,3613496.036792259,15.409551933697932
Harrison Sohna,MID,175000.00000000012,191247.99608217654,191470.551026343,162951.30292008255,9.284569189815093
Kees Smit,MID,16000000.000000026,7703903.881446614,7725349.728773862,5254073.803862318,51.85060074095874
Wladimiro Falcone,GK,12750000.000000002,14907890.575447667,14847379.395149222,26097851.225330226,16.924631964295415
Jordi Vanlerberghe,DEF,1650000.0000000007,1440902.1862752067,1452024.6215996544,499884.6423485772,12.672594771199627
David Cornell,GK,175000.00000000012,232217.41649369666,229509.03796679905,1167748.1454449687,32.69566656782657
Matías Vargas,MID,7750000.000000002,9152424.68896107,9317655.491060546,779346.8090779904,18.095802438207325
Alfred Gomis,GK,825000.0000000006,569370.5149138457,567494.8542206424,896788.5832509852,30.985392131655114
Robin Pröpper,DEF,2050000.000000001,1916551.9290852214,1922279.4693165496,1270872.321461118,6.509661995842903
Maximilian Breunig,FWD,1200000.0000000005,1363836.6594166032,1371093.360690711,656849.7808992219,13.653054951383552
Kélian Nsona,MID,1075000.0,1076619.3850893201,1071481.4096526902,2080129.7474567008,0.15064047342512843
Jacob Bruun Larsen,MID,6300000.000000002,8248381.747597526,8313602.972701713,2788983.8736767303,30.926694406309895
Niccolò Fortini,DEF,5450000.0,2792011.243135889,2760486.7711825036,13330992.898954483,48.770435905763506
Calvin Bassey,DEF,22249999.999999985,21380876.1100179,21201214.64143946,68323824.15240817,3.9061747864363427
Oscar Højlund,MID,6999999.999999995,7309542.511910748,7329355.971054369,5035427.665199999,4.422035884439323
Gerrit Nauber,DEF,549999.9999999998,677554.8019388797,680711.5957718124,357285.9253090787,23.191782170705444
Tomás Muro,MID,837499.9999999995,819591.0651731492,832051.0870939739,102668.70295507563,2.1383802778328738
Roy Kortsmit,GK,349999.9999999997,296456.87614500383,297262.13997772353,204065.6131405761,15.298035387141692
Abdoulaye Ndiaye,DEF,6499999.999999999,6257509.659134212,6253866.570880791,6779880.867881976,3.7306206287044175
Michael Opoku,MID,312500.00000000023,427086.05761214066,426979.45913791476,442019.0151953202,36.667538435884914
Adrien Hunou,MID,999999.9999999997,516156.49357142684,513644.55448477546,1010357.8197809542,48.3843506428573
Fynn Schenten,FWD,687500.0000000002,382852.95804339356,383532.020827149,299967.31883919303,44.312297011870044
Miguel de la Fuente,FWD,2050000.000000001,1563069.131053133,1568884.2754615673,937444.6972525453,23.752725314481353
Çağtay Kurukalıp,DEF,625000.0000000002,483258.4338766807,488918.46938411804,97264.05492781822,22.678650579731123
Muhammed Kadıoğlu,DEF,275000.0000000002,339744.87253875,340201.6877455584,282365.7362021723,23.54359001409083
Odysseus Velanas,MID,700000.0000000006,937532.0581358274,937789.8959117717,902702.4547078896,33.93315116226095
Malik Sellouki,MID,825000.0000000006,1103024.4471901925,1111757.8171112887,372425.14197029,33.69993299275051
Cheikh Niasse,MID,2649999.999999999,2853173.3479441386,2847882.7524653873,3683849.5260513346,7.66691879034489
Mads Søndergaard,MID,1400000.0000000007,1264711.2529665173,1272574.5367094292,538753.4489762199,9.66348193096309
Johan Vásquez,DEF,8249999.9999999935,8792967.304769082,8770664.776713116,12473377.347511731,6.581421875988958
Marco Curto,DEF,1499999.9999999986,1173406.5592078692,1177860.989960013,696465.7976121252,21.772896052808647
Louis Patris,DEF,2199999.9999999995,2367317.1484505436,2355606.6580340527,4685587.143836686,7.605324929570188
Fabian Nürnberger,DEF,2250000.000000001,2244694.206069923,2207343.5043036058,22616952.405345704,0.23581306355901882
Salih Uçan,MID,1499999.9999999986,1349171.2507771398,1344110.6138345,2263407.2775080046,10.055249948190596
Kristoffer Peterson,MID,899999.9999999995,1362280.036141741,1380165.0926953051,226142.69624581365,51.364448460193536
William Saliba,DEF,97750000.00000007,118746242.82841079,117488067.81801727,514662397.7680275,21.479532305279488
Hennes Behrens,DEF,587500.0000000002,600131.5754874861,597368.5118141402,1132840.4104774294,2.150055402125251
Necip Uysal,DEF,349999.9999999997,472549.25004220795,476999.6668856317,130007.80527513825,35.01407144063096
Gjivai Zechiël,MID,5450000.0,3138032.3873242647,3161328.5170154087,1133483.5607587101,42.421424085793305
Dylan Levitt,MID,1150000.0000000005,1204827.566578403,1211986.2479422998,532983.5890256751,4.767614485078489
Robin Mirisola,FWD,2150000.0,2346796.6801473503,2392007.6374520636,169646.06596439768,9.153333960341875
Erhan Mašović,DEF,3400000.000000002,2272310.7832001834,2273540.4910096745,2109205.897284321,33.167329905877
Franck Surdez,MID,1749999.9999999998,2372712.5570421456,2404014.254168845,390488.5418889925,35.583574688122624
Leo Sauer,MID,6999999.999999995,8732791.066110356,8768424.009923195,4985144.586462926,24.754158087290882
Clément Vidal,DEF,1450000.0000000002,1115796.575365124,1120889.522545716,596063.3488237517,23.048512043784562
Brandon Borrello,MID,1150000.0000000005,1188433.7965649199,1187063.4132463983,1393030.3600541821,3.34206926651473
Matthew Garbett,MID,800000.0000000005,753670.887048343,750463.8789093435,1355654.8448047778,5.791139118957185
Agustín Martegani,MID,2050000.000000001,2131317.56842909,2149159.2414942253,676399.8792434895,3.9667106550775175
Jonathan Meier,DEF,537500.0000000003,463225.81613376935,463965.20447011973,371904.0994178758,13.818452812322038
Ryan McGowan,DEF,139999.9999999999,187520.77800318305,183652.03748346964,3307573.866650427,33.94341285941655
Timo Baumgartl,DEF,1499999.9999999986,1388048.2441954978,1385506.0018718287,1786548.5098587025,7.463450386966726
Stelios Andreou,DEF,2900000.0000000014,3288792.0090221455,3273026.357551124,6373119.885649691,13.406621000763586
Nikolas Agrafiotis,FWD,737500.0000000005,776052.5671027374,779707.6225664438,406391.8072675813,5.227466725794832
Maxim Dal,DEF,324999.9999999999,290971.7995747707,291037.366041101,282084.4771787939,10.470215515455145
Loick Ayina,DEF,337500.00000000006,435875.04274728306,439291.77374302,148762.8116241644,29.148160814009778
Jordan Obita,DEF,412500.00000000006,432346.71953215473,433222.76685426786,327190.8382817672,4.811325947189012
Regan Hendry,MID,375000.00000000006,383901.3451547674,386993.08199931344,127238.00502144745,2.3736920412712883
Bruno Martins Indi,DEF,487499.9999999996,665448.9762860269,671628.4611132264,186397.1099228814,36.50235410995435
Mathías Tomás,MID,850000.0000000005,904822.860526804,899403.4817004026,2068991.4944223475,6.449748297271
Daniel Mosquera,FWD,1600000.0000000012,2418788.6158099715,2404989.8596182778,5317107.346990323,51.17428848812311
Filip Marschall,GK,1099999.9999999998,764809.9658004772,762789.2996365898,1100867.8476353877,30.471821290865698
Brady Scott,GK,237499.99999999983,331833.24279815605,329708.3520522919,803574.3838173217,39.71926012553949
Berat Özdemir,MID,3550000.0000000014,2909028.1723253196,2901239.4198197303,4207763.843348742,18.055544441540324
Dilane Bakwa,MID,24500000.000000007,26383424.48153983,26210131.316455852,65366298.91658235,7.687446863427846
Odysseas Vlachodimos,GK,5750000.000000005,5582719.159758286,5681906.746682787,494150.4480600785,2.909232004203807
Alan Matturro,DEF,2950000.000000002,1892255.7180143988,1912221.168555411,446081.33686996216,35.855738372393304
Julian Niehues,MID,1899999.9999999993,2177959.4213616545,2176417.7951192944,2400972.3177630943,14.629443229560806
Deian Sorescu,DEF,1849999.9999999995,2246463.584390623,2273041.335068307,444897.0648794238,21.43046402111479
Florian Stritzel,GK,575000.0000000001,521735.33842765546,520241.5283655894,774263.3762857692,9.263419403886026
Bartosz Slisz,MID,3799999.9999999995,3944036.419525827,3937207.6537319613,5006738.334694108,3.790432092784929
Virgil van Dijk,DEF,33750000.00000005,32162308.815446578,32165957.34073385,31663926.730282467,4.704270176454731
Samuel Yohou,DEF,362499.9999999997,398477.0304231127,397899.10053054127,486614.3401955435,9.92469804775531
Pedro Bravo,MID,1949999.999999999,2152707.8889144687,2148959.5594252055,2736440.9912579576,10.39527635458819
Fabian Kunze,MID,1499999.9999999986,1713524.5731027706,1718591.6182012234,1141147.7037642158,14.234971540184812
Frederik Tingager,DEF,925000.0000000007,1299006.6273694264,1298117.7634004063,1427376.9921370512,40.43314890480275
Aleksandar Vukotić,DEF,850000.0000000005,1330114.2341147116,1334773.9942255605,821841.4443230691,56.484027542907164
Federico Gattoni,DEF,1899999.9999999993,1895089.69816841,1916424.425187862,405752.63345748564,0.2584369385047008
Manuel Lazzari,DEF,7500000.000000002,9663504.286403289,9669825.146791553,8831570.070871122,28.84672381871049
Matej Rodin,DEF,600000.0000000003,636210.9504244527,633501.9777411405,1144817.719979746,6.035158404075382
Mohammed Salisu,DEF,11500000.000000019,13489845.1370735,13388760.926666668,37995699.59866638,17.30300119194329
Kilian Jakob,DEF,549999.9999999998,640016.9369460302,649537.6384683604,83809.96029073386,16.366715808369182
Frank Magri,FWD,3049999.999999998,3037794.588162695,3060370.126694547,1096114.7239032313,0.4001774372886258
Cameron Carter-Vickers,DEF,15749999.999999972,16800112.873209927,16868501.19725779,9603108.836403627,6.667383321967982
Radu Drăgușin,DEF,15000000.00000001,14076255.211032838,14005527.42036322,28162731.058112826,6.158298593114473
Nico Schlotterbeck,DEF,57749999.99999994,57563575.65471874,57070873.20139956,187985357.35392767,0.32281271910164294
Jens Stryger Larsen,DEF,850000.0000000005,483129.56024542387,484308.53394068993,345408.1252120656,43.16122820642075
Martin Ødegaard,MID,77250000.00000004,93036741.09580915,91640503.09668308,746057950.6699728,20.435910803636368
Hasip Korkmazyürek,MID,187500.0,222782.58374822637,223551.85899871562,138603.45103400855,18.817377999054067
Lucas Castro,MID,437499.9999999996,493659.399536152,489725.8939434212,1485110.450455974,12.836434179691997
Seiya Maikuma,DEF,3550000.0000000014,4513618.421254835,4487004.929985744,10188633.202245861,27.14418088041784
Hianga'a Mbock,MID,899999.9999999995,1134425.0910751198,1143181.7199188953,393564.1700433986,26.047232341680044
Yohan Boli,FWD,2199999.9999999995,1714167.0618967768,1718519.5605403879,1209000.5031251975,22.083315368328314
Tommaso Pobega,MID,7750000.000000002,6683350.890132289,6716999.8535571275,3347446.6332865143,13.763214320873708
Don-Angelo Konadu,FWD,1050000.0000000007,976889.8233810033,978516.360105273,776916.3681839459,6.96287396371403
Joshua King,MID,2950000.000000002,4049290.6490443405,4104426.5976141207,629123.5371678061,37.26408979811315
Kevin Paredes,DEF,7249999.999999998,8594715.388652574,8678433.731088776,2262758.4080216684,18.547798464173468
Lucas Mincarelli,DEF,2000000.0000000016,2407289.9378003273,2401681.105107497,3318958.1314541004,20.364496890016266
Youri Tielemans,MID,44500000.000000075,48203042.40046136,47780362.40293395,162063240.8344404,8.321443596542203
Lucas Alario,FWD,1499999.9999999986,1501512.650545307,1500445.3366226156,1655943.7530382336,0.10084336968722452
Frankie Kent,DEF,1249999.999999999,1212142.8823565054,1220801.8692887197,454933.4013802272,3.0285694114794977
Renat Dadashov,FWD,1350000.0,859292.520481732,865618.989380813,312998.3030716407,36.348702186538375
Robin Østrøm,DEF,1350000.0,1577113.0743877261,1581427.9346124274,1082681.4985358682,16.823190695387122
Alimami Gory,MID,1450000.0000000002,1513205.3844971736,1569607.4936147977,9811.917096824378,4.358992034287818
Robin Le Normand,DEF,27250000.00000005,22490642.205707524,22428000.044112865,33019407.37074365,17.465533190064278
Arnór Ingvi Traustason,MID,999999.9999999997,804142.9553344637,798700.628414614,2048190.8075357794,19.585704466553597
Josh Tymon,DEF,2449999.9999999995,1897124.7774706269,1880494.428784157,6375956.86885619,22.566335613443787
Mouctar Diakhaby,DEF,4500000.000000002,6720928.729016056,6804460.326973097,1227109.8471478743,49.353971755912305
Oğulcan Ülgün,MID,974999.9999999999,745126.500568925,745862.4687701581,650432.6858838587,23.576769172417933
Aymeric Laporte,DEF,15000000.00000001,15662974.883054378,15664939.929831492,15394775.908193873,4.419832553695785
Simon Lorenz,DEF,725000.0000000006,560744.6426266656,560792.113873824,554247.2303503045,22.65591136183928
Fynn Otto,DEF,800000.0000000005,715946.5055973987,718463.3446802036,441628.7296611986,10.50668680032521
Sam Hart,DEF,159999.99999999997,240393.84020836113,238077.0405624122,911927.6529303502,50.24615013022573
Cédric Bakambu,MID,2050000.000000001,1649109.002685413,1653317.0613059087,1161106.983774818,19.555658405589647
Afeez Aremu,MID,950000.0000000008,1409705.7947868179,1415102.8926619971,833012.2308904212,48.39008366177017
Daniel Johnson,MID,700000.0000000006,888463.9393060324,880283.6882880544,3174699.411547681,26.92341990086166
Christian Mawissa,DEF,13249999.99999999,11723152.13689386,11709706.310763022,13729717.916653106,11.523380098914208
Malang Sarr,DEF,7750000.000000002,10441156.199241463,10410187.237329805,15716545.19293678,34.72459611924465
Simone Romagnoli,DEF,587500.0000000002,394739.89847005263,395405.7529988937,312995.6063480379,32.81023004765064
Balthazar Pierret,MID,1249999.999999999,1422670.700832284,1448753.9848993383,116629.16945811315,13.813656066582809
Diego Arroyo,DEF,499999.99999999977,469146.05313312594,475779.91768615064,67881.9009857764,6.170789373374768
Luca Netz,DEF,5050000.000000004,4860992.97908216,4949263.876337348,408042.92066867265,3.742713285501859
Ethan Laird,DEF,3550000.0000000014,2037806.3945268139,2039470.8587615243,1821148.9714399488,42.59700297107569
Justin Janitzek,DEF,999999.9999999997,857084.4410015255,864620.2545016025,256808.48192841298,14.291555899847419
Tika de Jonge,MID,1800000.000000001,1693301.4190710704,1695414.1407932532,1426195.4603511407,5.927698940496138
Pieros Sotiriou,FWD,1249999.999999999,1072470.083862398,1085697.4016030394,198359.69012435043,14.202393291008091
Hugo Bolin,MID,1499999.9999999986,1627503.125863257,1661031.5173711076,98233.33602720551,8.500208390883907
Isaak Davies,MID,1800000.000000001,1431890.975852284,1448341.0937038916,297108.44089789025,20.450501341539812
Jetro Willems,DEF,437499.9999999996,557420.4911826445,560433.1262137403,265401.0155959958,27.41039798460458
Gavin Beavers,GK,462500.00000000006,428371.8634166698,430041.6287135874,250731.99604719496,7.379056558557899
Hosine Bility,DEF,262500.00000000023,370005.43811576255,368889.9561185227,560710.3657729109,40.95445261552847
Arnaut Danjuma,MID,4750000.000000003,6496926.582388474,6567685.996632675,1462259.4987229411,36.777401734494106
Herbie Kane,MID,1050000.0000000007,750227.5335744668,748691.6432822992,994777.474289454,28.549758707193686
Eduardo Guerrero,FWD,2199999.9999999995,2108410.0130175147,2142418.484189385,232924.18617018074,4.163181226476583
Alejandro Garnacho,MID,33750000.00000005,35305130.50655565,35162823.82982968,61564602.42904934,4.60779409349805
Elton Kabangu,MID,662499.9999999998,768504.3825481246,772252.9115930884,393287.0227879963,16.000661516698102
Franco Jara,FWD,600000.0000000003,585338.5362411813,582679.1492076635,1095669.1668123116,2.4435772931365047
Saud Abdulhamid,DEF,5250000.0,6181734.4960493995,6222615.795452765,2494567.3171970085,17.747323734274275
Agustín Rogel,DEF,1400000.0000000007,1322896.4012018333,1326094.5951463196,948745.4465970532,5.507399914154814
Curtis Jones,MID,34499999.99999998,30219622.03145523,30573640.40493237,6080080.689938136,12.406892662448552
Ermedin Demirović,FWD,22500000.00000001,25076782.480574362,24868163.450724784,79208548.59701642,11.452366580330441
Victor Jensen,MID,2250000.000000001,1614237.0431206918,1614321.4818589168,1602653.9633820972,28.25613141685817
Elias Bakatukanda,DEF,1024999.9999999995,1220544.1845124923,1221136.4234781095,1141689.7430230984,19.077481415852958
Jaydee Canvot,DEF,11749999.999999994,6643915.481565053,6593646.044290102,18903503.259405397,43.45603845476548
Nathan Broadhead,MID,2849999.999999999,6543966.9401859725,6544055.2273660535,6531823.326342805,129.6128750942447
Ridgeciano Haps,DEF,937499.9999999995,1056476.0031046802,1052380.9326618477,1803317.0884126516,12.69077366449928
Emmanuel Agbadou,DEF,14000000.00000001,13269432.505317084,13078952.378593402,97133789.115428,5.218339247735174
Josh Martin,MID,525000.0000000003,398658.64059328224,397397.1927077575,616730.9489888301,24.065020839374863
Sem Scheperman,MID,1150000.0000000005,1065972.0151322985,1070556.2831803327,590418.2720017219,7.306781292843649
Mateus Uribe,MID,4250000.000000002,2532869.7412191266,2545500.481387295,1276993.5663109608,40.40306491249117
Mickel Miller,DEF,499999.99999999977,849934.4789234058,854041.7775996487,437661.7257762123,69.98689578468122
Andrew Robertson,DEF,15249999.999999983,13723796.853333592,13741411.774090631,11502149.178754434,10.007889486337
Mike Eerdhuijzen,DEF,2550000.0,3871220.786695391,3862756.947565298,5232587.983862822,51.81257987040748
Ghislain Konan,DEF,4349999.999999996,2648196.8862416316,2638565.520110025,4373268.936050543,39.12191066111186
Ronald Koeman Jr.,GK,775000.0000000007,897015.3379145854,898080.7697710629,761770.7643547873,15.743914569623815
Ante Budimir,FWD,9750000.000000004,7952458.592472625,7954336.1788290655,7698146.705554766,18.43632212848593
Sander van de Streek,DEF,1024999.9999999995,1232870.638075366,1172034.4764068122,1308053711.8980591,20.280062251255266
Jan Boller,DEF,562500.0000000003,446884.23577448365,450325.82263809326,155412.1389389948,20.553913640091846
Nigel Ogidi Nwankwo,DEF,249999.9999999998,285788.9251242937,283600.3737660116,823545.3101944783,14.31557004971758
Aaron Anselmino,DEF,5750000.000000005,11605606.396413945,11708347.053025294,3448900.250286972,101.83663298111192
Nediljko Labrović,GK,2800000.000000002,2977067.886480858,2968285.974528534,4471220.208437801,6.323853088602004
Soichiro Kozuki,MID,899999.9999999995,755233.6408334628,760119.8094883967,310806.4823199197,16.08515101850409
Shaocong Wu,DEF,637500.0000000003,582745.6525250288,579484.9128054474,1261773.4636784368,8.588917250975925
Sebastian Kerk,MID,587500.0000000002,577833.549703753,579906.3351078585,352942.25284449576,1.6453532419144268
Frank Tsadjout,FWD,1350000.0,1357158.471612373,1362895.6824245255,759279.4975586383,0.5302571564720667
Jean-Pierre Nsame,MID,2050000.000000001,1325821.6448785672,1323134.6248498214,1753019.8967754925,35.325773420557724
Davis Opoku,DEF,549999.9999999998,498810.0250398613,491977.5872066805,3331119.6711224974,9.307268174570629
Daniel Denoon,DEF,662499.9999999998,731145.7617710623,731053.318357726,743985.186711631,10.361624418273589
Adama Camara,MID,2199999.9999999995,1912552.496371116,1931116.945480683,505866.1174451461,13.065795619494708
Lucas Cepeda,MID,4349999.999999996,4791904.796204439,4947399.797683034,59034.3062371354,10.158730947228586
Luca Zidane,GK,1749999.9999999998,1208893.0595057185,1212842.946427145,771516.8745503015,30.920396599673218
Hugo Gambor,DEF,1150000.0000000005,1362381.9627914254,1397283.6488223842,41862.95431799742,18.467996764471728
Ramy Bensebaini,DEF,12249999.999999987,16511779.356943944,16503609.993588062,17675988.7318545,34.790035566889486
Giannino Vianello,DEF,299999.99999999977,272381.3836257399,272344.58471068856,277495.4495850433,9.206205458086632
Nicolò Zaniolo,MID,16999999.999999974,7617084.764104537,7648896.358977713,4291389.0324376,55.19361903467912
Cyrus Christie,DEF,800000.0000000005,544115.8308764573,538664.167630482,2176624.087062557,31.98552114044288
Artem Smolyakov,DEF,787499.9999999994,747551.7297962329,747352.1242480286,775547.6775844551,5.07279621635131
Mike Trésor,MID,3799999.9999999995,4774096.8957311725,4823154.330068424,1168481.4146921928,25.63412883503087
Onur Ergün,MID,487499.9999999996,862808.0937961356,863040.777162291,831364.8772473478,76.98627565048952
Dane Murray,DEF,1425000.0000000007,2061621.9962320442,2087273.328274766,375709.4607311705,44.675227805757416
Nicolas Bürgy,DEF,850000.0000000005,650378.4074204032,651645.0876212562,497540.86101551936,23.48489324465849
Johan Mojica,DEF,5650000.000000001,5743335.930430179,5798946.663085422,1524076.5758239217,1.6519633704456373
Moses Opondo,MID,462500.00000000006,510493.58350805216,514824.1212877015,159556.08079010993,10.376991028768021
Nasser Djiga,DEF,4650000.000000001,2807575.078539413,2816558.7869642433,1808484.2512465548,39.622041321733064
Jakob Haugaard,GK,412500.00000000006,377620.3095352311,375030.2108653247,974045.4865962301,8.455682536913688
Andrej Kramarić,MID,8000000.000000002,9511077.377126563,9374244.316303866,69933098.93655057,18.888467214082013
Daniel Karlsbakk,MID,1600000.0000000012,1898005.8020250893,1879033.6333526785,7567856.571733633,18.62536262656799
Mehdi Léris,MID,1749999.9999999998,1522518.5985610974,1531083.2801329086,703325.7999770466,12.998937225080137
Roberto Piccoli,FWD,14250000.000000017,9958564.535808595,9962593.820388094,9419104.635253252,30.11533659081696
Nicolás Oroz,MID,1625000.0000000012,1964690.3448593025,1998051.7150862578,193430.6046659004,20.904021222110835
Liam Kelly,MID,387499.99999999977,349757.24039051944,349084.44457701675,455924.7887061601,9.74006699599493
Tony Strata,DEF,800000.0000000005,852960.9477521812,837847.008608566,9997673.69934975,6.6201184690225885
Mattias Käit,MID,812499.9999999993,698510.3257774228,704389.3240086026,220314.24192898822,14.029498365855586
Morlaye Sylla,MID,3149999.9999999995,3257689.685330418,3298378.270357541,589841.9986885987,3.418720169219632
David Philipp,MID,562500.0000000003,568096.5630043439,568675.2196544075,493798.79068225774,0.9949445341055172
Christian Bassogog,MID,1550000.0000000012,1595172.3761495491,1595112.1668114434,1603483.4563369818,2.9143468483579325
Jaidon Anthony,MID,10750000.000000006,9198058.310497068,9252605.505442187,4075313.908077947,14.436666879097087
Daniele Ghilardi,DEF,6449999.999999996,6055971.108221548,6074825.825609123,3947453.0456690993,6.10897506633254
Caleb Kporha,DEF,987499.9999999999,1027175.667887815,1024650.6885335435,1441465.2776708356,4.017789153196472
Sebastian Stolze,DEF,525000.0000000003,492661.56949155265,485343.84065544023,3866543.420987299,6.1597010492281274
László Bénes,MID,2750000.0,2976951.5524208816,3018787.55504738,435863.0220382166,8.252783724395693
Patrick Twumasi,MID,749999.9999999998,566676.0459700221,582223.7122335447,13643.538084047745,24.443193870663695
Jamie Lawrence,DEF,1499999.9999999986,1764938.8323265603,1779346.2503612463,576266.966969335,17.662588821770793
Luca Pellegrini,DEF,4000000.0000000005,5247199.846827681,5245059.5266693495,5550364.002578892,31.179996170692014
Paulo Gazzaniga,GK,3299999.9999999986,3506990.880690323,3523985.231255323,1802572.879063735,6.272450930009839
Ashley Maynard-Brewer,GK,474999.99999999977,445871.139166425,444891.6466212865,603537.9288702864,6.1323917544368
Danilho Doekhi,DEF,16999999.999999974,18925593.841025658,18765327.343170892,61028964.267200306,11.327022594268747
Precious Ugwu,DEF,912500.0000000001,1108474.0224493663,1101939.7925119114,2501659.825834969,21.47660519993054
Andrea Ghion,MID,1175000.0,1479042.202572783,1482789.8097897025,1043930.4656319018,25.875932133853873
Taylor Harwood-Bellis,DEF,15000000.00000001,9711285.287822874,9677619.033241749,15664536.566443792,35.258098081180876
Ilay Camara,DEF,3499999.9999999995,2984308.7087159217,3042708.946350619,207049.41947407427,14.734036893830796
Carlos Zambrano,DEF,525000.0000000003,554615.7905968033,556975.377127437,309136.8410987057,5.641102970819606
Francisco Trincão,MID,30499999.999999948,37597622.746243745,38203168.399992354,4167069.9237750424,23.270894249979705
James Bree,DEF,1749999.9999999998,2058499.024180478,2045455.3878118263,4938838.63324825,17.6285156674559
Janis Blaswich,GK,1262500.0,810571.0655411246,805652.0361228073,1873907.3105105234,35.79635124426736
Odilon Kossounou,DEF,24500000.000000007,21874872.28978744,21483843.963104412,262078376.94996473,10.71480698045945
Idrissa Gueye,MID,2950000.000000002,2889894.010120136,2931125.2011456843,410997.65639554797,2.0374911823683264
Maxime Busi,DEF,1499999.9999999986,1295728.0037929064,1292492.7625411514,1828064.5282368655,13.618133080472825
Mattia Valoti,MID,1249999.999999999,1116328.0808003151,1116591.8122662904,1080607.0262884786,10.693753535974723
Federico Álvarez,DEF,499999.99999999977,465178.4086247161,465170.4735930745,466272.1608213756,6.964318275056735
Ethan Nwaneri,MID,27999999.99999999,25109707.73563856,25387664.89383443,5515712.377564878,10.322472372719396
Mirko Pigliacelli,GK,1150000.0000000005,976566.8987694344,978681.5315858438,725054.3638584272,15.081139237440519
Philip Otele,MID,3799999.9999999995,3281664.023737124,3363321.3113702983,111303.68925596954,13.640420427970406
Michel Aebischer,MID,4349999.999999996,5272349.356598069,5289941.272848061,3332983.038494741,21.203433485013186
Aleksandar Dragović,DEF,2750000.0,1069491.3695117126,1070379.175025775,954033.5161224223,61.10940474502863
Lewis Miley,DEF,17999999.999999985,31244983.388868134,31336495.147358414,20888900.19501256,73.58324104926756
Matteo Cotali,DEF,899999.9999999995,792197.3378943417,778061.840585198,9448284.972894657,11.978073567295324
M'Bala Nzola,FWD,5150000.000000002,5843855.8441405995,5887707.298069906,2087883.2200885168,13.472929012438783
Quentin Merlin,DEF,13000000.000000013,11958859.339416496,11929070.044183215,16858368.62859663,8.008774312180888
Sebastián Driussi,MID,10250000.000000004,4599551.132698282,4604554.23041453,3960164.44181967,55.12633041269971
Benjamin Van Durmen,MID,562500.0000000003,610994.6810444171,615194.8458212687,237912.3054832992,8.621276630118526
Vontae Daley-Campbell,DEF,369999.99999999977,204370.49726547016,204951.0624391766,138294.74210799733,44.76473046879181
Filip Kurto,GK,334999.9999999998,257857.97883317558,255974.15095670614,707623.6210071922,23.027469005022176
Noël Aséko,MID,1924999.9999999995,1898059.66851403,1910932.241734861,748468.4406102052,1.3994977395308825
Federico Viñas,MID,3350000.0000000014,3399072.7281182166,3356383.877212841,19365895.69262782,1.464857555767618
Fabian Ehmann,GK,312500.00000000023,353525.43391536997,352881.5458941427,454381.4332463095,13.128138852918307
Lautaro Blanco,DEF,4250000.000000002,4629742.087752279,4634486.255766227,4020857.70512912,8.935107947112398
Hamza Igamane,MID,8249999.9999999935,11437175.379236758,11532682.311629422,3639965.2388791437,38.63242883923353
Eman Košpo,DEF,1112500.0000000005,561962.1604757527,563123.8233350829,422898.28907178313,49.48654737296607
Williot Swedberg,MID,10750000.000000006,12955810.231629344,13199135.792985868,999816.1161202821,20.519164945389182
Fabio Ferraro,DEF,1949999.999999999,2315104.3720735605,2359225.233950304,172104.0822613364,18.723301131977518
Patrick Bauer,DEF,487499.9999999996,391179.0653484419,392096.4985708084,283341.46211056237,19.758140441345187
Aaron Ramsey,MID,9299999.999999993,4086832.206100935,4095460.7982513984,3056896.698006872,56.05556767633399
Ashley Barnes,MID,437499.9999999996,836428.3424828171,835203.3041349011,1023444.3061993822,91.18362113892981
Mahmut Kücüksahin,MID,337500.00000000006,411008.33954524336,413187.3073635436,198472.75518110004,21.78024875414616
Benjamin Hadžić,MID,177500.00000000015,221392.19226524208,221213.54480536783,247416.880077622,24.7279956423898
Grigoris Kastanos,MID,2150000.0,2627774.1430883715,2617697.0369017185,4459853.983342169,22.222053166901
Gernot Trauner,DEF,2000000.0000000016,2012803.7743293347,2035501.4177885063,429858.49789358984,0.6401887164666545
Jacob Barrett Laursen,DEF,562500.0000000003,415106.65045632946,417195.0630873764,208017.54433643515,26.203262141097035
Leandro Paredes,MID,12750000.000000002,13693166.53482096,13709491.92681867,11621467.122830372,7.39738458683105
Danny Finlayson,DEF,237499.99999999983,225803.91001078437,227878.43388434403,64108.268349749735,4.924669469143353
Vital Nsimba,DEF,1312500.0000000012,525671.3438301104,523222.3861010192,999811.2293162926,59.94884999389639
Steffen Tigges,FWD,1350000.0,1018890.376837846,1019413.8563551491,949327.2024535403,24.52663875275215
Brennan Johnson,MID,30000000.00000005,32856321.19658541,32692064.116353393,65506201.10102045,9.52107065528452
Erencan Yardımcı,FWD,2349999.999999999,1641062.2650711683,1659257.8210658655,359602.2374784743,30.167563188460893
Ángel Torres,MID,700000.0000000006,1067874.9992558649,1068255.3346920856,1016784.0900865619,52.55357132226628
Ole Romeny,MID,1050000.0000000007,1400479.5060410022,1386876.0669005795,5369046.378960557,33.37900057533346
Leon Bailey,MID,20249999.999999974,22523072.65117016,22307657.7669475,84574370.22818498,11.225050129235505
Anass Salah-Eddine,DEF,4849999.999999997,8155336.64798579,8227446.068816766,2427100.7417308297,68.1512710924906
Ángel Di María,MID,6499999.999999999,7265823.411918023,7357195.238679469,1300346.4501918333,11.781898644892673
Ben Amos,GK,172499.99999999985,98719.70613792975,98031.37287782975,258682.01374976075,42.77118484757691
Luca Vignali,DEF,1099999.9999999998,1181495.728914681,1193222.3297631724,303327.5358801947,7.408702628607376
Tom Aldred,DEF,362499.9999999997,277121.08793701493,277346.81985072524,247733.89925516598,23.552803327719957
Bandiougou Fadiga,MID,512499.9999999997,626386.3728641827,627535.3320849278,486708.44233355427,22.221731290572304
Marc Bola,DEF,1650000.0000000007,2332555.946559488,2329891.247490699,2730089.0175872617,41.36702706421133
Giovanni Di Lorenzo,DEF,20749999.99999997,19622066.776194327,19668294.676252097,14192089.78429235,5.435822765328411
Lucas Chevalier,GK,42000000.00000003,35490823.66586005,35277295.323183574,81458344.51040107,15.498038890809465
William Clem,MID,2250000.000000001,1767011.6252187234,1770166.2159829065,1382261.883561379,21.46614999027899
Eddie Nketiah,FWD,10750000.000000006,10600151.670268146,10618359.41017233,8369447.584969286,1.393937950994039
Anton Tanghe,DEF,1249999.999999999,1596967.011603504,1595217.279479563,1857133.7826214705,27.757360928280413
Calem Nieuwenhof,MID,1600000.0000000012,1588096.2369658398,1584779.1176696992,2117857.219815695,0.7439851896350878
Stephen Humphrys,MID,712500.0000000002,620528.9604216557,621361.1235207247,515978.79357706034,12.908216081171162
Noham Kamara,DEF,1499999.9999999986,2323981.803570674,2333210.1247484176,1346714.2962981157,54.932120238045066
Kevin Schade,MID,27999999.99999999,28098352.854790527,28365755.257445812,7627010.2951939795,0.351260195680495
Elyess Dao,FWD,512499.9999999997,374289.53823816363,377439.6990709349,118054.66523371419,26.96789497791925
Teemu Pukki,FWD,1150000.0000000005,774232.4230796675,789456.8132117322,53032.345394281314,32.675441471333286
Petko Hristov,DEF,1200000.0000000005,1322532.6224381663,1342594.3156736512,166427.90838009742,10.211051869847148
Alexander Prass,DEF,5250000.0,4842885.055296937,4918983.485528857,566076.632105278,7.754570375296438
Anders Trondsen,DEF,487499.9999999996,593732.0031117598,607573.0751120015,24872.05878033754,21.791180125489287
Wojciech Szczęsny,GK,2449999.9999999995,5351389.327909059,5345004.0664127935,6307429.500465385,118.4240542003698
Nicolai Flø,GK,425000.0000000002,376425.34486558137,378138.67884058144,201441.42322116756,11.429330619863244
Alex Murphy,DEF,850000.0000000005,1615517.4941291779,1631934.8318001102,401567.0944566215,90.06088166225612
Will Smallbone,MID,3200000.0000000023,4000201.6219355715,4004721.2973220604,3424235.8209549766,25.006300685486522
Hannes Delcroix,DEF,2900000.0000000014,1930451.9923132928,1936552.2183507963,1250302.837624559,33.43268992023131
Elliot Lee,MID,787499.9999999994,893520.9050881648,919559.586492044,17122.165219968916,13.462972074687682
Max Reinthaler,DEF,349999.9999999997,293410.4491416451,294939.8385441379,143424.36007806048,16.16844310238704
Noah Nartey,MID,1350000.0,1956222.6259967114,1856410.8512741553,2646866158.6888638,44.905379703460106
Viljar Myhra,GK,712500.0000000002,598414.6898233253,600167.2018790791,400085.36644881277,16.011973358129815
Semih Kılıçsoy,MID,9249999.999999987,3739798.877368738,3801284.025856611,396113.68270358164,59.569741866283856
Daniel Phillips,MID,912500.0000000001,1168523.4731494659,1168699.924109022,1144483.0818620694,28.05736692048939
Mitchell van Bergen,MID,1299999.9999999993,1599439.6439805268,1618939.361568814,301591.4146574367,23.0338187677329
Daam Foulon,DEF,2649999.999999999,2421990.0650700894,2377285.4412593064,31485296.687535163,8.604148487921123
Quentin Boisgard,MID,649999.9999999995,641320.5078381513,640870.4761230942,706394.4462376314,1.3353064864381905
Ryotaro Ito,MID,3499999.9999999995,4116701.762881977,4131727.550058362,2492927.0530354707,17.620050368056503
Moïse Bombito,DEF,11749999.999999994,13261123.112558821,13305380.16358944,8382364.904554421,12.860622234543213
Kevin Rodríguez,FWD,1749999.9999999998,1761856.6167020397,1769962.4347608327,936518.2344256539,0.6775209544022834
Callum Hendry,MID,324999.9999999999,370898.6968933063,374676.18291416054,91912.39100780216,14.122675967171203
Giovanni Bonfanti,DEF,1550000.0000000012,2081579.372656421,2102943.721834058,510324.92028355924,34.29544339718835
Finn Dahmen,GK,7750000.000000002,4884466.94285806,4890485.2644206695,4122788.9626067276,36.97462009215408
Jayden Addai,MID,6549999.999999996,6232476.638068834,6293537.972302675,1628229.0351058617,4.847684914979575
Elias Baum,DEF,2875000.000000001,3640769.6599226524,3648927.2587612574,2675298.9698174796,26.635466432092215
Nikola Stojanović,MID,195000.00000000006,176029.10689528848,173922.46850190478,923547.0761850997,9.728663130621317
Barry Bannan,MID,749999.9999999998,1019345.3262957113,1016212.9339073742,1557187.012122382,35.91271017276155
Lynden Gooch,DEF,1050000.0000000007,893407.6624660586,911230.3762555255,58883.42712176579,14.913555955613521
Oscar Bobb,MID,20999999.99999998,31485710.98554353,31647211.04018222,15567078.512560599,49.93195707401695
Mauro Icardi,FWD,12499999.999999985,11138941.691549445,11175259.02459512,7115683.187092076,10.888466467604337
Dylan Nandín,FWD,1625000.0000000012,1661902.6846437047,1659331.113882575,2056822.5718464872,2.2709344396125224
Radek Vítek,GK,1949999.999999999,3263810.835127692,3239759.044228305,9035984.903508743,67.37491462193302
Yannick Cappelle,DEF,1099999.9999999998,934319.3944936964,933892.4534943434,995001.3257825575,15.061873227845766
Armindo Sieb,MID,3600000.0000000014,4102024.296202708,4068762.592110005,12583510.800156992,13.945119338964068
Sven Botman,DEF,35499999.999999955,37920566.57113084,37459473.65458532,204345308.8480584,6.818497383467295
Chris Richards,DEF,22249999.999999985,19927378.238029357,19988726.975892857,13051406.183730565,10.438749492002831
Aron Gunnarsson,MID,199999.99999999997,136758.97147730028,136095.95089926757,267015.22291747783,31.620514261349854
Peter Ankersen,DEF,375000.00000000006,460367.4075427025,464253.5679313813,144708.65234518028,22.764642011387316
Valeri Qazaishvili,MID,3099999.9999999986,3044727.6626896393,3089224.3869278533,413099.43485034286,1.7829786229148183
Žan Majer,MID,987499.9999999999,499324.8252424277,504043.73266874795,136763.26191507105,49.43546073494402
Ethan Brierley,MID,700000.0000000006,798738.1727623108,798636.4493397056,812867.3969267096,14.105453251758595
Konrad Laimer,DEF,28999999.999999948,29642431.71340645,28586216.392182,4378109697.386265,2.2152817703672563
Cole Campbell,MID,1949999.999999999,2992005.0883095544,2988249.3005077145,3556841.037079896,53.43615837484902
Giorgi Kvernadze,MID,1200000.0000000005,1137622.602186803,1144217.2389487969,513327.89166197536,5.198116484433119
Florian Lejeune,DEF,3299999.9999999986,3852239.6227952424,3872450.086773354,1874308.2135211637,16.734534024098302
Hans Christian Bernat,GK,749999.9999999998,871135.0966359974,873189.9380670474,629817.0013015805,16.151346218133025
Jakub Stolarczyk,GK,1499999.9999999986,2477603.7296722005,2482971.126759204,1839252.0374488803,65.17358197814686
Jordi Osei-Tutu,DEF,712500.0000000002,765358.3835478381,764039.0719670252,970558.33812513,7.418720497942151
Mario Mitaj,DEF,3049999.999999998,1786200.3521591206,1839276.0445889265,31705.47458449757,41.43605402756978
Tyler Adams,MID,22249999.999999985,19685610.49588174,19683894.772616275,19923256.763697922,11.525346085924705
Kenny McLean,DEF,1200000.0000000005,1848627.5910558745,1933627.6656486902,3791.7602334001117,54.05229925465614
Alessandro Schöpf,MID,1400000.0000000007,871131.393058936,873721.4673583332,578859.165390458,37.77632906721889
Luca Wollschläger,FWD,462500.00000000006,437382.30468722543,435923.47972323245,692820.7772765973,5.430853040599918
Adrien Tameze,DEF,4000000.0000000005,2861118.368586502,2845844.2160730166,5978473.354194505,28.472040785337455
Joshua Eze,MID,537500.0000000003,654975.0156693528,656692.4981163632,456713.1220320461,21.85581686871673
Christian Cappis,DEF,899999.9999999995,983184.6062488842,980146.4251029643,1505518.0713820162,9.24273402765386
Pierre Lees-Melou,MID,9750000.000000004,8830640.665586611,8838604.991441868,7799927.901398753,9.42932650680402
Ali Coote,MID,412500.00000000006,463269.4478142844,465685.35951961175,226378.34058117092,12.307744924674994
Gyrano Kerk,MID,2400000.000000001,1790710.998142568,1885688.369437115,1454.3974358544826,25.387041744059697
Xavier Chavalerin,MID,950000.0000000008,385012.2169166013,383405.5308238123,684718.119547707,59.47239821930517
Joel Latibeaudiere,DEF,1400000.0000000007,1735201.5292035504,1742488.5801981597,974491.2982939753,23.94296637168211
Lars Dietz,DEF,525000.0000000003,548496.9896054749,550870.8358243839,302662.99574725935,4.475617067709429
Yannick Carrasco,MID,17749999.999999993,15974658.354879959,16017270.350445934,11070088.957202854,10.001924761239632
Paul Joly,DEF,2100000.000000001,2668285.9056153814,2677952.059583884,1621891.7885751978,27.061233600732393
Tom Krauß,MID,4500000.000000002,5723557.526499627,5723320.394936437,5756298.688418566,27.190167255547216
Noah Edjouma,MID,2499999.9999999995,1637547.8142218133,1634279.6235516036,2155978.743220127,34.49808743112746
Nachon Nsingi,FWD,850000.0000000005,1205996.2484987834,1216129.9190118122,381092.82842605835,41.881911588092095
Florian Thauvin,MID,8499999.999999998,10153369.77256014,10293683.697766857,1534544.5970137636,19.45140908894285
Nicolai Remberg,MID,3600000.0000000014,3750643.862315771,3755219.073398983,3171126.5521737663,4.184551730993603
Heriberto Jurado,MID,1550000.0000000012,1134599.0891489764,1128210.19476694,2468761.2782006767,26.800058764582225
Mehdi Boukamir,DEF,762499.9999999997,624449.9041626856,625692.6282046769,474923.63232786045,18.104930601614964
Alfie Jones,DEF,2449999.9999999995,2476863.13590402,2449547.3993469994,11401687.29135759,1.0964545266947199
Zakaria Labyad,MID,1099999.9999999998,1488286.3053372563,1479934.4002608808,3229743.3516761526,35.29875503065969
Jakub Hromada,MID,999999.9999999997,605779.8383064312,605499.8478364256,645590.0442454983,39.42201616935686
Glenn Middleton,MID,575000.0000000001,497184.4832068615,502861.17830693227,104159.99885860583,13.533133355328456
Ernesto Torregrossa,MID,987499.9999999999,887785.8139619407,888076.453420504,848666.5036468974,10.09763909246169
Max Moerstedt,FWD,4949999.999999997,2934976.4806502583,2944371.04777301,1890266.4638830011,40.707545845449296
Justin Devenny,MID,6099999.999999996,5323924.840608334,5455000.840676363,187058.35132307204,12.722543596584632
Dylan Bronn,DEF,1150000.0000000005,955121.5452462174,949989.9357279406,2005253.0257929964,16.945952587285475
Samy Benchamma,MID,587500.0000000002,520139.78672805906,524001.25916950597,187875.75934925184,11.465568216500621
Tobias Hedl,FWD,725000.0000000006,843277.6884842274,847057.4640137875,455583.9811698915,16.314163928858857
Adil Demirbağ,DEF,1849999.9999999995,1769321.4368976217,1773446.6382142107,1283996.1035563152,4.361003410939342
Rami Kaib,DEF,525000.0000000003,612675.605275513,609882.5974933305,1149281.3698480097,16.70011529057383
Manuel Wintzheimer,MID,537500.0000000003,389929.8074429134,386451.7682553625,1338750.9988227014,27.45491954550453
Raffaele Celia,DEF,612499.9999999997,552269.6131920886,552397.6339844632,534924.5528871075,9.833532540067123
Marcos Senesi,DEF,18500000.000000034,16927960.27990951,16898907.065166313,21444326.359021824,8.4975120004893
Ruben Aguilar,DEF,5500000.000000001,5942972.384401949,5922513.689773447,9554144.810413491,8.054043352762694
Emmanuel Iyoha,DEF,1150000.0000000005,1201747.1165641877,1229224.430455412,53468.239209396444,4.499749266451061
Aitor Fernández,GK,1200000.0000000005,1567609.8098899487,1578686.130590705,594635.6071046051,30.634150824162344
Josh Benson,MID,562500.0000000003,580345.0149736393,575512.2926553224,1835166.5832747768,3.1724471064246966
Donny van de Beek,MID,3750000.0000000023,5556063.101640823,5598630.064438091,1942798.3212890243,48.16168271042186
Mamadou Sangaré,MID,12050000.00000001,12829638.934740849,13078488.630928015,911109.5345913408,6.470032653450946
Romeo Vermant,FWD,5750000.000000005,6737950.685440439,6741426.932284741,6276073.563660042,17.181751051137972
Matías Moreno,DEF,3499999.9999999995,2574406.6556412424,2594988.287705947,860122.9403515838,26.445524124535925
Ben Bobzien,FWD,1150000.0000000005,1545727.1923801063,1563235.0365601566,327870.22176068113,34.41106020696571
Riccardo Capellini,DEF,749999.9999999998,783651.802590039,784167.5954615279,715783.5375705666,4.486907012005229
Alidu Seidu,DEF,5750000.000000005,7611699.141748663,7603965.635215077,8755097.938579736,32.37737637823751
Bert Esselink,DEF,487499.9999999996,425352.53750409296,427845.93230524845,190228.71204872837,12.748197435057781
Andreas Verstraeten,DEF,649999.9999999995,400672.02307327214,399257.36454946303,652033.4077876222,38.35815029641962
Moussa N'Diaye,DEF,4150000.000000003,4726087.603553017,4687101.064273296,14783668.31034325,13.881629001277435
Jonas Hofmann,MID,6499999.999999999,7189656.361220577,7239870.479243768,2757792.1462648227,10.610097864931966
Owen Wijndal,DEF,3149999.9999999995,2231425.585544967,2228864.9893301665,2613567.447568162,29.16109252238199
Guillaume Dietsch,GK,775000.0000000007,1081266.5438061263,1081655.0554388107,1029088.6194026378,39.5182637169194
Prince Ampem,MID,1400000.0000000007,1342345.2294812356,1329962.933869755,4808001.012033142,4.118197894197504
Hiroki Sakai,DEF,950000.0000000008,427098.13240584213,428495.95899546985,272369.2485723274,55.042301852016664
Erik Sviatchenko,DEF,1087500.0000000007,784390.4735370915,784296.8185211538,797391.8127895514,27.872140364405425
Jordan Turnbull,DEF,362499.9999999997,254331.59940087548,254829.63794192142,194280.47455722588,29.83955878596533
Jonas Meffert,MID,1550000.0000000012,1339834.6051475646,1345105.3172580244,780370.5435554512,13.559057732415255
Jasper Samooja,GK,362499.9999999997,440379.5317972267,443461.48908367375,168592.03888757565,21.484008771648842
Vicko Ševelj,MID,925000.0000000007,901102.4248251676,904481.0190096087,538282.5541249028,2.5835216405224917
Nahuel Tenaglia,DEF,6000000.0,7808153.850039947,7953908.686008906,611935.6507974091,30.13589750066578
Stuart Findlay,DEF,1024999.9999999995,1117110.6276107691,1122380.8429453322,584357.9147810449,8.986402693733622
Couhaib Driouech,MID,3850000.0000000005,4445423.39394697,4450351.520841467,3816503.914550708,15.465542699921281
Kevin Kelsy,FWD,2700000.0,2178701.0305714887,2190757.32453049,1019154.3499148989,19.30736923809301
Anton Gaaei,DEF,4300000.000000002,2838457.9877658566,2874620.797008774,496740.57420855947,33.989349121724295
Dylan Chambost,MID,1200000.0000000005,1607943.9125770505,1638877.3637739115,116661.23566248217,33.995326048087485
Edmond Tapsoba,DEF,31500000.00000002,26517963.08151322,26675523.26661095,11730883.815573674,15.815990217418404
Tommaso Del Lungo,DEF,875000.0,1192139.693338006,1192995.9888803842,1079928.7836434126,36.244536381486405
Johann Lepenant,MID,6000000.0,6179466.237345609,6134389.782478691,16931804.005358946,2.9911039557601478
Aaron Wan-Bissaka,DEF,18500000.000000034,20101869.15994035,19863865.498904467,103606480.38353106,8.65875221589359
Mert Kömür,MID,4999999.999999999,5771105.05883917,5754311.25067641,8619961.438172203,15.422101176783427
Alexandre Mendy,FWD,2400000.000000001,1346912.788638596,1343466.400682697,1916577.5206196685,43.87863380672519
Liam Boyce,MID,230000.0000000001,207877.17776110288,208237.5114894117,163777.30590085968,9.618618364737912
Dennis Hadžikadunić,DEF,2250000.000000001,1245045.2339590895,1244485.1135324237,1324616.7469994004,44.66465626848493
Vasilios Zagaritis,DEF,1749999.9999999998,1157238.750386395,1158678.088335914,975218.8998162803,33.872071406491706
Sem van Duijn,MID,562500.0000000003,542729.0703939834,545341.8983423514,280170.2443525465,3.514831929958568
Marc Guéhi,DEF,48499999.99999994,35756205.68751583,35643930.13231124,55130826.06464928,26.275864561822935
Simone Pafundi,MID,6650000.000000001,3002128.0123579605,2987742.523371895,5816014.489673781,54.855217859278795
Jo Coppens,GK,134999.99999999997,159345.2706489731,158647.15540015246,291655.73956209916,18.033533814054167
Nicholas Bonfanti,FWD,1450000.0000000002,1491182.5712823917,1491192.8295446164,1489770.9338643071,2.8401773298200985
Vasilios Barkas,GK,2849999.999999999,1884601.412574669,1896710.4963563457,780315.5613582557,33.873634646502815
Benjamin Uphoff,GK,474999.99999999977,508116.47540915874,509521.81328446703,347392.8530385307,6.9718895598229444
Marcus Fraser,DEF,425000.0000000002,376089.01285857486,380665.7733497182,71130.05417167602,11.508467562688304
Ardian Ismajli,DEF,3299999.9999999986,3798343.086718669,3809016.4524897127,2581159.340529888,15.10130565814154
Florian Flick,DEF,1299999.9999999993,843676.8634849663,847319.7974111834,466182.27809111436,35.10177973192563
Tomoki Iwata,DEF,1749999.9999999998,3059416.4695417383,2974266.392591726,149061410.3726528,74.82379825952793
Rasmus Lauritsen,DEF,1550000.0000000012,926510.2098924172,923616.2576379234,1425284.7382768085,40.22514774887635
Danny da Costa,DEF,2649999.999999999,3038174.928502815,3030294.32171678,4344158.396190869,14.648110509540224
Kosta Barbarouses,MID,512499.9999999997,358328.15305392124,359241.5319213638,252386.2448383609,30.08231159923484
Bradley Locko,DEF,9999999.999999996,8010535.179404403,7966734.246127856,17040979.225911777,19.89464820595594
Abdelhamid Sabiri,MID,2649999.999999999,3865003.434666199,3854330.573490762,5655716.892353054,45.84918621381889
Ezequiel Ponce,FWD,4050000.0000000033,3747880.437823008,3754658.2343169157,2922496.6619049353,7.45974227597519
Elías Pereyra,DEF,875000.0,1274691.5697951291,1272211.4923421072,1666674.8739481783,45.67903654801476
Florian Tardieu,MID,1350000.0,845846.8932325244,839243.7127776225,2488239.90678533,37.344674575368565
Tiago Çukur,FWD,649999.9999999995,747641.1051658993,757577.7154540286,121410.81866918683,15.021708487061508
Amadou Dante,DEF,2100000.000000001,1333832.0523862299,1337529.5477048296,911135.1742292995,36.48418798160813
Mason Greenwood,MID,46000000.00000004,50872369.39610834,50188810.699640065,327592248.71725404,10.592107382844121
Frenkie de Jong,MID,62250000.00000009,78951478.7975498,78808747.88046452,101286450.22454485,26.82968481534086
Shaqueel van Persie,FWD,812499.9999999993,545341.5510044256,545246.9021152582,558530.4693732456,32.881039876378324
Nando Verdoni,GK,212500.00000000017,236424.89189416825,236962.0202900275,172984.7343074576,11.258772656079085
Ainsley Maitland-Niles,DEF,11000000.000000013,8720439.107906142,9087076.251690177,30066.725989809085,20.723280837216983
Tyrone Mings,DEF,6499999.999999999,8013098.198351938,7982266.830962996,13623853.158374105,23.27843382079907
Cheick Souaré,DEF,1600000.0000000012,2115371.885596748,2151981.832001581,199271.5709718092,32.21074284979665
Giuseppe Pezzella,DEF,2100000.000000001,2257399.3395516737,2229856.6142955474,12235418.381970152,7.495206645317749
Julian Araujo,DEF,8999999.999999996,6882219.814960078,6959164.832062402,1489193.068855515,23.530890944887986
Aleksandar Ćirković,MID,1050000.0000000007,1454873.072553391,1457936.2521077842,1089101.4177401543,38.55934024318001
Max Christiansen,MID,912500.0000000001,606831.6881901507,608728.5198860549,394878.1321755339,33.49789718464103
Noah Shamoun,MID,512499.9999999997,458341.67617956485,472557.68021897203,6835.9699946013825,10.567477818621441
César Montes,DEF,2250000.000000001,3341878.691862305,3318508.3267925037,8782004.8735716,48.52794186054684
Ben Mee,DEF,812499.9999999993,786495.3731019687,789027.3445480306,505262.8632958042,3.2005694643730034
Enzo Ebosse,DEF,1849999.9999999995,1742661.9097299124,1735878.7410556276,2981271.1851976565,5.802058933518224
Ali Fadal,MID,299999.99999999977,455878.9900681856,452017.53851534834,1470490.956074596,51.959663356061995
Finn Stokkers,FWD,562500.0000000003,660205.1135650565,663656.2987711045,322058.7261149436,17.369797967121077
Isaac Mbenza,MID,1099999.9999999998,1294380.0171646087,1305721.8629674274,389427.0931112998,17.67091065132809
Roggerio Nyakossi,DEF,600000.0000000003,561736.5648951087,561070.4698644821,661415.608821258,6.377239184148606
Myziane Maolida,MID,2950000.000000002,3828424.4474199284,3946596.227994099,58255.53126858382,29.77709991253986
Kacper Potulski,DEF,950000.0000000008,1478797.7621499058,1479492.5980477422,1386185.4529704351,55.6629223315689
Tom Grivosti,DEF,275000.0000000002,228435.70866688792,228503.19799164456,219331.83446569045,16.93246957567717
David Zima,DEF,5250000.0,5066279.027853273,5050907.588548072,7697983.258181204,3.499447088509088
Francesco Bardi,GK,575000.0000000001,879492.115190203,880366.4307945454,767046.5207534718,52.95515046786136
Djevencio van der Kust,DEF,850000.0000000005,985451.2533887468,979415.8604218644,2295910.731687408,15.935441575146614
Willi Orban,DEF,17749999.999999993,17450972.794360366,17535544.068447605,8969242.335456172,1.684660313462687
Tyrell Malacia,DEF,5500000.000000001,8545169.868831715,8530154.127735619,10886298.901696347,55.36672488784933
Ibrahim Olawoyin,MID,1699999.9999999988,2153934.5127274613,2152622.7714566737,2342375.8946406916,26.702030160438987
Olivier Giroud,FWD,3149999.9999999995,2936602.525080932,2897789.564726682,18339113.54351889,6.774523013303738
Bradley Barcola,MID,65750000.0000001,80527472.3867869,81658004.96188922,11813017.016683552,22.47524317382019
Moritz Jenz,DEF,6749999.999999997,9092608.287567759,9086956.67022006,9905223.096626481,34.70530796396685
Robin Knoche,DEF,1625000.0000000012,1143644.1803803719,1150598.8095062717,496354.3554934635,29.621896591977166
Malachi Boateng,MID,974999.9999999999,961392.0856366708,961398.6272792845,960491.8868249042,1.395683524444007
Peter Therkildsen,DEF,649999.9999999995,791827.8611578379,796778.5970520881,335706.27359844523,21.819670947359764
Sergio Córdova,MID,1299999.9999999993,1190853.261354088,1194163.8746595355,812579.5377598447,8.395902972762407
Nordin Bukala,MID,737500.0000000005,967369.7802354303,969543.945510558,710168.4174940987,31.168783760736236
Matías Rocha,DEF,999999.9999999997,1057822.1259868015,1053135.874682398,1949323.1464092962,5.782212598680183
Keito Nakamura,MID,9500000.000000015,7817237.48754114,7780400.372771446,14978737.527666638,17.713289604830234
Elayis Tavşan,MID,1550000.0000000012,1968597.9937875299,1993752.591132946,342754.16578336415,27.00632217984054
Armand Laurienté,MID,19000000.000000015,24433918.417901244,24101284.525929898,161274377.64473525,28.59957062053276
Sebastian Schonlau,DEF,1650000.0000000007,1480821.9939897915,1485458.9126576188,962872.5269479499,10.253212485467222
Kepa Arrizabalaga,GK,9249999.999999987,9471104.354246603,9488500.947359795,7356573.107814378,2.3903173432066667
Dejan Joveljić,FWD,5500000.000000001,4990946.654738382,5006177.06180954,3280953.137800651,9.255515368393063
Jérôme Roussillon,DEF,1800000.000000001,1571798.0631985806,1589326.8225102134,341418.7604974054,12.677885377856676
Filip Stojilković,FWD,1249999.999999999,1657282.640531898,1661825.1693610596,1136932.6157737658,32.58261124255194
Yllan Okou,DEF,1650000.0000000007,1869066.6688297307,1876868.8658104003,1053297.2340027445,13.276767807862418
Samuele Perisan,GK,999999.9999999997,1167577.9944370294,1167715.2882676315,1148829.2782298047,16.757799443702975
Siemen Voet,DEF,749999.9999999998,897409.6704405406,898059.638637376,812271.1068778473,19.654622725405456
Adem Zorgane,MID,12499999.999999985,18206666.357370473,18287894.289012723,9864310.950795844,45.65333085896396
Cristian Montaño,DEF,175000.00000000012,202708.17261799762,203690.39592550538,104195.61454424771,15.833241495998566
Gavin Kilkenny,MID,462500.00000000006,520024.36188418645,519076.79680391436,668455.9316049691,12.43769986685111
Julien Ponceau,MID,3850000.0000000005,3376558.7404676164,3458224.483232558,125763.77362927244,12.297175572269715
Lorenzo Moretti,DEF,499999.99999999977,541391.987600421,541954.618172733,469252.7096885799,8.27839752008424
Marcus Ingvartsen,FWD,5349999.999999998,4755631.805239797,4782726.615484915,2175288.489234276,11.109685883368256
Ante Palaversa,MID,749999.9999999998,824494.4478218706,824684.3007898025,798769.2403121489,9.932593042916109
Ben Woodburn,MID,812499.9999999993,450611.48668097734,461082.952690222,19064.35051659823,44.54012471618736
Magnus Mattsson,MID,2849999.999999999,2170620.067098079,2180575.455046276,1156060.5273801524,23.837892382523528
Robert Ivanov,DEF,299999.99999999977,376998.1668704562,382196.4986063558,57215.66617663564,25.666055623485494
Mohammed Fuseini,MID,3750000.0000000023,3538877.5925880475,3515312.2008877564,8878712.958787952,5.6299308643187915
Théo Le Bris,DEF,2849999.999999999,3680982.458011367,3681126.4901236244,3661206.4741359144,29.157279228469058
Mohammed El Âdfaoui,MID,1299999.9999999993,445213.11853174394,441041.98120622255,1627000.5422596666,65.75283703601967
Loïs Openda,FWD,41749999.99999995,41668483.3464677,41267767.279310524,157613374.40478286,0.19524946953830988
Lesley Ugochukwu,MID,17749999.999999993,15735804.518379116,15728986.723854559,16703223.475446431,11.347580178145785
Gustavo Hamer,MID,11250000.000000019,9266878.433108274,9357494.904298501,2427160.900326552,17.627747261259923
Christos Donis,MID,474999.99999999977,480902.97683651466,482839.87963924505,276516.9303283718,1.242731965582083
Jon Gallagher,DEF,1312500.0000000012,752035.6259788244,767377.3680695535,46637.88567212585,42.70204754447057
Adrián Palacios,DEF,725000.0000000006,551213.1442761262,557185.8395281351,125004.99306390197,23.970600789499898
Antonio Barreca,DEF,837499.9999999995,1016756.2841833213,1017041.2031105012,978282.2653462496,21.403735424874252
Liberato Cacace,DEF,2550000.0,3827953.959976852,3870828.5579769933,826035.183263115,50.115841567719684
Giorgi Tsitaishvili,MID,2000000.0000000016,2539817.989396282,2534666.7557619857,3358881.186276173,26.990899469813996
Clément Akpa,DEF,6499999.999999999,8084353.771887985,7987752.779538702,42306470.551919736,24.374673413661327
Andrei Girotto,DEF,4500000.000000002,4349535.29240305,4459183.405188173,141197.73070148518,3.343660168821156
Jasper Schendelaar,GK,2499999.9999999995,2795719.8633236494,2808272.236182152,1508823.9040364006,11.828794532945997
Karim Zedadka,DEF,525000.0000000003,820441.1744532243,825032.9642739459,380489.0081991266,56.27450941966167
Jure Balkovec,DEF,1299999.9999999993,1407440.8915486715,1392645.9770914302,6029517.945494507,8.264683965282483
Mikkel Duelund,MID,649999.9999999995,748019.8495287625,749816.0492105917,537661.6280354284,15.07997685057893
Florian Hübner,DEF,255000.0000000001,225390.52333337738,226327.29306705084,127333.77452057399,11.61155947710694
Lewis Miller,DEF,1200000.0000000005,1403164.5586498983,1421202.8810515155,241744.6573028801,16.93037988749148
Marco Imperiale,DEF,725000.0000000006,857187.4175451422,862199.0658656117,384161.91392853705,18.23274724760573
Quentin Beunardeau,GK,425000.0000000002,403052.4288178595,402430.897634934,498465.4679460926,5.164134395797804
Jake Mulraney,MID,449999.99999999994,281952.85058939015,278940.18637680623,1237333.7050936029,37.343810980135515
Leny Yoro,DEF,41749999.99999995,25962752.50771414,25742191.404569335,84036569.35372125,37.8137664485888
George Wickens,GK,674999.9999999998,917105.9995126125,917067.6623320276,922399.416322554,35.867555483350046
Abdoulaye Bamba,DEF,337500.00000000006,358839.52434474946,359886.9076819004,240233.71622875502,6.322822028073895
Sheraldo Becker,MID,2250000.000000001,2651752.697555859,2659501.500455064,1774466.7711990036,17.855675446927023
Denis Genreau,MID,1400000.0000000007,1173765.0831906982,1178107.791227293,705945.9584541133,16.159636914950173
Marcel Wenig,MID,700000.0000000006,500778.49333678087,493323.90482363605,3948161.148579485,28.460215237602792
Ramiro Funes Mori,DEF,762499.9999999997,729941.9473783587,728190.3444903755,1016107.4910178167,4.269908540543079
Santiago Bueno,DEF,8999999.999999996,11256245.628648875,11241262.162782555,13521870.403183002,25.069395873876445
Mory Konaté,DEF,1050000.0000000007,1355055.7255252642,1353837.8800591214,1533623.0096029416,29.052926240501264
Marcel Sabitzer,MID,13000000.000000013,15130934.836122513,15257330.853901312,4813616.047796263,16.39180643171152
Daniel Gleiber,MID,499999.99999999977,618071.2088447431,616692.8645138388,840479.7477956911,23.614241768948673
Greg Leigh,DEF,600000.0000000003,884443.92775297,888165.5281405296,496139.8091269495,47.40732129216158
Riccardo Sottil,MID,6250000.000000005,7753389.241830394,7734841.4833650645,10781952.03132694,24.05422786928621
Francesco Folino,DEF,950000.0000000008,1059612.4143621454,1068703.0145144137,326867.05491231417,11.53814888022573
Ondrej Duda,MID,4000000.0000000005,4775991.2050498,4745743.36025899,11453736.085686833,19.39978012624498
Dominik Szoboszlai,MID,77499999.99999993,71541186.66704781,71394153.2499322,94965993.40280597,7.688791397357571
Nicky Hogarth,GK,134999.99999999997,130387.0924539915,129224.34088380357,447536.2620772076,3.4169685525988682
Samuel Chukwueze,MID,16500000.000000013,23061224.32223785,23092920.521214012,19087931.94691904,39.76499589235049
Nicholas Pierini,MID,1425000.0000000007,2115635.054625747,2179739.9891257123,34722.69082815965,48.46561786847339
Sidney Raebiger,MID,625000.0000000002,699726.5204552625,702182.8937074525,431915.2259087998,11.95624327284196
Antoine Bernede,MID,2000000.0000000016,3378223.2267496674,3405189.0079623675,1130606.6220560165,68.91116133748324
Leo Østigård,DEF,8000000.000000002,9566889.947216548,9500204.29356338,25061430.986746024,19.586124340206823
Carlos Protesoni,MID,2250000.000000001,3354317.4249184607,3349902.6565010757,4021152.3287480394,49.08077444082041
Hans Nicolussi Caviglia,MID,5250000.0,9195472.647419047,9208326.044097554,7586750.7971336525,75.15185995083898
Phillip Čančar,DEF,387499.99999999977,496946.10789153824,496935.0121353914,498476.08856158145,28.244156875235753
Badredine Bouanani,MID,8999999.999999996,9505419.473812426,9494664.786283733,11108604.674856665,5.615771931249216
Seydou Fini,MID,1400000.0000000007,1905372.468146557,1912349.2164333772,1151980.9920074379,36.09803343903972
Nathan Zézé,DEF,5500000.000000001,5872621.633873599,5821256.96601758,19683315.098290354,6.774938797701775
Robbie Deas,DEF,800000.0000000005,928581.8397942168,928694.7570610063,913166.2422658793,16.07272997427703
Cheikh Sabaly,MID,2550000.0,2649474.8995392756,2601706.408590337,32434353.357807484,3.9009764525206103
Will Dennis,GK,775000.0000000007,929922.136539956,930629.6547922693,837475.6928936315,19.989953101929693
Jakub Brabec,DEF,1749999.9999999998,1355594.1297521063,1353407.413490644,1693003.4584244913,22.53747829987963
Enzo Loiodice,MID,4300000.000000002,4389125.632285706,4419213.478440778,1713559.1546989207,2.0726891229233457
Rory McKenzie,MID,212500.00000000017,217563.49925232085,218430.126455755,125860.29577904085,2.3828231775626687
Marvin Mehlem,MID,2250000.000000001,2270131.469904726,2289197.9574536793,717739.2470578598,0.8947319957655541
Xherdan Shaqiri,MID,6250000.000000005,4786503.108483021,4910187.85023529,142759.32463499665,23.415950264271718
Otar Kakabadze,DEF,950000.0000000008,1123920.4200828674,1116002.3295871285,2974832.214822911,18.307412640301727
Moussa Djitté,FWD,1249999.999999999,890363.0308666247,895695.2064295847,391341.99026701384,28.77095753066997
Prosper Obah,MID,2400000.000000001,6960771.472927318,7103432.164119485,426203.73926056665,190.0321447053048
Kaye Furo,FWD,1899999.9999999993,1866398.311703987,1865043.3732604836,2062655.6134218748,1.76850991031644
Francesco Rossi,GK,84999.99999999996,176579.24333581977,176478.50094246972,191012.5353937199,107.74028627743513
Zeno Debast,DEF,25999999.999999985,24452557.641809568,24732481.851568446,5101975.505942057,5.951701377655454
Nicolai Vallys,MID,4550000.0,2487865.3282612627,2456004.961026623,14671774.553126266,45.3216411371151
Barış Alper Yılmaz,MID,26499999.999999996,22058275.225050885,22309568.54444666,4637250.87795213,16.761225565845706
Mohamed Berte,MID,2150000.0,1987855.0875316786,1991042.6179510811,1594356.316641613,7.541623835735879
Jim Allevinah,MID,1650000.0000000007,2153319.4723294606,2158394.9068755875,1557197.1275174918,30.504210444209672
Matija Frigan,FWD,7249999.999999998,7669327.058077638,7715676.975547498,3345731.369391351,5.783821490726069
Dawid Kownacki,FWD,2199999.9999999995,2808593.157867989,2832594.6091472167,870355.2376292639,27.66332535763589
Lewis Neilson,DEF,825000.0000000006,877018.5395936456,872118.4759865655,1896760.6659846283,6.305277526502423
Jérémy Doku,MID,57249999.99999994,41737013.96503247,42233630.172050856,8189876.227408196,27.09691883837115
Maksim Paskotši,DEF,2349999.999999999,1665588.1316930465,1666569.6786734662,1535826.5910734374,29.12390928965757
Deniz Türüç,MID,1699999.9999999988,2069106.2082017295,2083816.8141289656,780169.7753603492,21.712129894219466
Victor Lindelöf,DEF,6000000.0,6495640.707622579,6581888.094331292,1056691.1156132154,8.260678460376322
Jakob Breum,MID,6999999.999999995,5134632.382425761,5204156.086149142,806032.4008518747,26.648108822489082
Jamil Siebert,DEF,3149999.9999999995,2885815.9194082203,2882963.748862453,3306681.987858469,8.386796209262833
Oliver Scarles,DEF,5650000.000000001,4420796.633516981,4447256.825904807,1943974.9991366907,21.755811796159634
George Hirst,FWD,2349999.999999999,4650502.820132001,4658484.8425425915,3672507.74826376,97.89373702689375
Mika Schroers,MID,600000.0000000003,923880.0660941787,922655.9865396903,1108889.1159116693,53.98001101569636
Oliver Christensen,GK,1699999.9999999988,2044730.6212464077,2063337.3991424288,587489.4602280449,20.278271838024068
Nikola Moro,MID,5500000.000000001,7289153.352404591,7183366.723264082,54548794.30654795,32.53006095281072
Lequincio Zeefuik,FWD,1075000.0,1068986.5653541812,1066528.160708822,1467697.9150919637,0.5593892693784911
Gianluca Busio,MID,6099999.999999996,5408588.249563065,5430770.715217786,3078642.779967781,11.334618859621825
Xaver Schlager,MID,14000000.00000001,15435811.15716038,15484318.56844743,10021373.307818526,10.255793979716934
Sander Svendsen,MID,974999.9999999999,1314715.3723676945,1326534.7711685523,383443.1810166087,34.842602294122536
Malcom Bokele,DEF,3200000.0000000023,2141965.4752098024,2137481.0431950525,2858406.065355992,33.063578899693724
Tim Civeja,MID,674999.9999999998,734980.7487695093,734927.0252646029,742414.7711567169,8.88603685474215
Zeki Çelik,DEF,9249999.999999987,10374065.279523086,10535832.952202518,1232490.3946013376,12.15205707592541
Jamie Gittens,MID,33999999.99999994,30634824.16353344,30282306.849606015,150741291.14469174,9.897575989607367
Claudiu Micovschi,MID,362499.9999999997,520112.3191373265,513175.1824936079,3303314.938759348,43.479260451676396
Kaoru Mitoma,MID,30250000.000000015,32409728.21745471,31965273.794743422,216924997.31526542,7.139597413073366
Leonardo Loria,GK,412500.00000000006,411074.02582077286,409449.4544811116,709064.5974263762,0.34569071011568386
Eser Gürbüz,MID,612499.9999999997,343265.0577666121,343213.68979281886,350411.06102350814,43.956725262593906
Matías Lacava,MID,1299999.9999999993,1047739.8781041655,1092395.9667573117,3346.0829669990308,19.404624761217992
Tom Sparrow,MID,312500.00000000023,390385.721149383,399177.1890463234,18193.084611937596,24.923430767802465
Geoffrey Kondogbia,DEF,8249999.9999999935,7168827.406480299,7338475.974021608,286400.50357521675,13.105122345693273
Gary Oliver,FWD,117499.99999999996,191647.54086574874,192539.35671585888,101137.54450305276,63.10429009850963
Marco John,DEF,1650000.0000000007,1456964.5379463893,1470357.1993334584,413374.9180484665,11.69911891234008
Artur Jędrzejczyk,DEF,175000.00000000012,151326.01850285963,148718.40947231025,1656547.3290185279,13.527989426937411
Anton Stach,MID,18250000.00000002,16601767.659600453,16388290.539139412,98624208.39798333,9.03141008438117
Angelos Angelopoulos,GK,437499.9999999996,518371.4794197896,515173.98277456587,1215063.869558891,18.48490958166631
Victor Loturi,MID,674999.9999999998,970221.8160793437,983734.0359075463,144510.51557712187,43.736565345088
Sotiris Alexandropoulos,MID,2449999.9999999995,1761239.2583621175,1767130.0697101497,1112159.199065377,28.112683332158454
Ilias Kostis,DEF,1400000.0000000007,1828964.2186074257,1836311.9675541383,1053117.9996307595,30.64030132910177
Houssem Aouar,MID,11000000.000000013,13360793.41688785,13328592.856925517,18625538.324189626,21.46175833534394
Alex Plat,MID,637500.0000000003,569519.1379030823,576494.2417419674,106577.17310684921,10.663664642653806
Bénie Traoré,MID,8249999.9999999935,12115263.355223304,12160533.522762692,7249870.619210161,46.85167703300986
Jeppe Tverskov,MID,1499999.9999999986,1983557.5490237828,2002857.4237607936,522983.0875242358,32.23716993491898
Martin Hansen,GK,100000.00000000004,125223.2042828685,124881.67471390181,182381.68566974916,25.223204282868437
Devid Eugene Bouah,DEF,700000.0000000006,788648.1391452398,780639.187367039,3215060.397100001,12.664019877891311
Abdoulaye Doucouré,MID,6650000.000000001,4320280.724486382,4315430.969842079,5042769.902782288,35.033372564114565
Luke O'Nien,DEF,1600000.0000000012,2487108.8603056087,2481964.8616687777,3307408.7329220455,55.444303769100436
Josué Casimir,MID,3400000.000000002,2833332.4321644115,2889179.513707565,192851.00068080632,16.666693171635
Giacomo Corona,FWD,850000.0000000005,891999.029287696,887886.0628323483,1685382.9436031852,4.941062269140648
Junior Messias,MID,1800000.000000001,1204662.8230625796,1230690.0866619311,63502.68736729804,33.0742876076345
Ashley Hay,FWD,249999.9999999998,378568.7212321846,384135.5126131923,50735.779092096906,51.42748849287398
Emilio Simonsen,MID,412500.00000000006,373009.8678845784,374312.69545981113,230805.9637954474,9.573365361314336
Oliver Sørensen,MID,6350000.0,4993584.9045094885,4962311.747309463,11858923.904112924,21.360867645519864
Lucas Gourna-Douath,MID,7500000.000000002,2630814.2834294736,2625342.271996602,3504164.965868477,64.92247622094037
Andreas Christensen,DEF,14750000.0,20966843.244614072,20773447.454087667,75093802.41316684,42.14808979399371
Tom Trybull,DEF,337500.00000000006,333352.88404896914,334605.79275571636,198883.09641708867,1.2287750966017545
Alessandro Mallamo,MID,562500.0000000003,608256.05875159,610128.5331161979,398386.4074122665,8.134410444727038
Tolcay Ciğerci,MID,787499.9999999994,818442.4263130625,834749.0732458713,54125.85679076909,3.9291969921350036
Ersin Destanoğlu,GK,2750000.0,2805063.076958134,2808583.214921376,2360237.5233413833,2.0022937075685032
David Kiki,DEF,775000.0000000007,440014.6822449511,450583.6763471162,16758.977317080415,43.22391196839346
Kevin Höög Jansson,DEF,700000.0000000006,850438.5661570785,860687.0192253655,163460.0988666176,21.4912237367254
Max de Ligt,DEF,225000.00000000015,232845.7784420945,233112.3932625088,198904.39650549655,3.487012640930826
Maximiliano Villa,DEF,850000.0000000005,1013790.094453442,1005505.527890472,3137367.986264474,19.269422876875467
Santiago Hidalgo,MID,3000000.000000001,4091825.345621745,4126432.889932573,1283339.9899142114,36.39417818739146
Roland Sallai,DEF,11749999.999999994,9609424.870053437,9805225.682694916,597905.5434630099,18.217660680396243
Dakonam Djené,DEF,3299999.9999999986,3127090.862929772,2993150.057871515,1296065240.3656392,5.239670820309896
Wilfried Singo,DEF,26999999.999999993,26140035.731150027,25799735.720504533,158783757.5477336,3.1850528475924644
Wes Burns,MID,1749999.9999999998,2600829.309446527,2603504.5042181727,2257574.788695154,48.618817682658715
Noussair Mazraoui,DEF,21250000.000000034,21171778.513418883,21209693.294495825,16549204.846358601,0.36810111332306034
Jensen Weir,MID,749999.9999999998,828506.3558522117,821305.2649070481,2755852.1823860426,10.467514113628262
Dejan Iliev,GK,387499.99999999977,428753.8324481934,427258.9916553798,693480.9955983185,10.646150309211265
Florian Hellstern,GK,1150000.0000000005,800738.0526212244,795641.376666327,1928764.0726753087,30.370604119893557
Oscar Schönfelder,DEF,537500.0000000003,559154.3126481976,552115.7733745862,3198569.3923295797,4.028709329897167
Abdoul Kader Ouattara,MID,950000.0000000008,809322.7671053603,802713.9904440352,2502496.7263289304,14.8081297783832
Kevin Müller,GK,700000.0000000006,758913.5353984929,751612.9101793788,2871856.7649191516,8.416219342641758
Lado Akhalaia,FWD,187500.0,334480.55438073864,327731.2718115163,5536151.0837876545,78.3896290030606
Oleksandr Safronov,DEF,324999.9999999999,460493.14175257605,463237.62806164095,203202.40568716283,41.69019746233114
Florian Krüger,MID,787499.9999999994,658489.6419028683,663576.169914536,228275.8471125063,16.382267694873807
