player_id,player_name,position_group,actual_value,predicted_value_mean,predicted_value_median,predicted_value_std
aaron anselmino__2005-04-29,Aaron Anselmino,DEF,5750000.000000005,10378481.664697794,9880270.495369159,1180180.622798283
aaron bouwman__2007-08-28,,,,2187264.658387292,2187264.658387292,87365.38813662935
aaron connolly__2000-01-28,,,,1803542.738068139,1803542.738068139,
aaron cresswell__1989-12-15,,,,738610.2314552481,738610.2314552481,19882.86960543971
aaron donnelly__2003-06-08,,,,590853.5068711565,590927.5454074701,52271.31704031152
aaron escandell__1995-09-27,,,,6811267.438308015,6506227.496469773,749716.7815909303
aaron hickey__2002-06-10,Aaron Hickey,DEF,11749999.999999994,9564147.778508525,9272846.021710958,666846.9541788362
aaron mceneff__1995-07-09,,,,268164.6847353058,265304.16802364076,13015.076127139771
aaron mcgowan__1996-07-24,,,,457503.50294572057,457503.50294572057,
aaron meijers__1987-10-28,,,,168131.90244330416,168521.1564272696,14468.722516666352
aaron nemane__1997-09-26,,,,351834.9374920426,369653.6198490895,34356.60565266399
aaron ramsdale__1998-05-14,,,,8207779.423944456,8207779.423944456,411098.52208138985
aaron ramsey__2003-01-21,Aaron Ramsey,MID,9299999.999999993,3322671.3192838845,3403712.076556623,223466.88002439638
aaron rowe__2000-09-07,,,,263882.00062919024,262083.1624584438,5009.50031434677
aaron wanbissaka__1997-11-26,Aaron Wan-Bissaka,DEF,18500000.000000034,18172972.541301,18132498.16846451,655555.77295833
aaron zehnter__2004-10-31,,,,6934255.240519929,7446094.273124262,1329682.4234230851
abakar sylla__2002-12-25,,,,3526987.5943768714,3580323.028208202,256884.24726852233
abbosbek fayzullaev__2003-10-03,,,,1047561.1195074819,1047561.1195074819,
abdallah sima__2001-06-17,,,,7055482.859984644,6983731.616730774,176931.42582194065
abdelhamid ait boudlal__2006-04-16,,,,3161810.005137516,3112493.7500118446,341200.9526927693
abdelhamid sabiri__1996-11-28,Abdelhamid Sabiri,MID,2649999.999999999,3944973.726302508,3935578.6610630467,291267.9436036884
abdelkahar kadri__2000-06-24,,,,5952287.065030706,5986283.616250052,220103.4791337948
abdellah baallal__2004-11-07,Abdellah Baallal,MID,299999.99999999977,452515.74377786793,443099.01708883315,17624.065766176904
abdellah zoubir__1991-12-05,,,,950198.8369117767,959183.972060325,134777.4329455368
abdenego nankishi__2002-07-06,,,,543145.4239161746,590796.8466945097,99096.5726135477
abdou harroui__1998-01-13,,,,2048521.3938141759,2048521.3938141759,
abdoul kader ouattara__2005-05-26,Abdoul Kader Ouattara,MID,950000.0000000008,810736.0890850994,803716.6082060991,78236.45547289777
abdoul ouattara__2005-10-22,,,,3935579.674463719,4086585.330021717,699301.3136114842
abdoulaye bamba__1990-04-25,Abdoulaye Bamba,DEF,337500.00000000006,388621.5868231727,389450.1497156971,17411.02063625314
abdoulaye camara__2006-12-21,,,,820986.2978950213,820986.2978950213,84055.91720614185
abdoulaye doucoure__1993-01-01,Abdoulaye Doucouré,MID,6650000.000000001,3600708.0272760973,3732509.648653239,281597.45276679855
abdoulaye faye__2004-09-22,,,,2359799.9908055575,2359799.9908055575,
abdoulaye kamara__2004-11-06,,,,771305.0582263721,778033.2190391169,52224.80309487146
abdoulaye ndiaye__2002-04-10,Abdoulaye Ndiaye,DEF,6499999.999999999,6443034.132380857,6416219.243899223,96020.61419035067
abdoulaye toure__1994-03-03,,,,3466065.9998691366,3462996.3693137425,349576.42671470065
abdoulie sanyang__1999-05-08,,,,1307286.6279584703,1307286.6279584703,26227.85733609236
abdoullah ba__2003-07-31,,,,858041.8054110598,858041.8054110598,27911.435640503678
abdukodir khusanov__2004-02-29,,,,30103868.56171567,30745469.57723753,3578959.9860006752
abdul fatawu__2004-03-08,,,,12755194.523250194,12755194.523250194,40113.38439112958
abdul mumin__1998-06-06,,,,11230762.104562875,10939732.727779007,848897.619765649
abdulkadir omur__1999-06-25,,,,2998019.5874843807,3139710.7586154053,741433.2552388913
abdulkerim bardakc__1994-09-07,Abdülkerim Bardakcı,DEF,13249999.99999999,12016960.99645476,12823877.499605954,1874345.8762055363
abdullah yigiter__2000-02-20,,,,689347.4985931917,689347.4985931917,
abdurrahim dursun__1998-12-01,Abdurrahim Dursun,DEF,387499.99999999977,408345.0174414675,408343.24567243014,8047.332628747848
ablie jallow__1998-11-14,,,,1632729.479193757,1564406.9731047289,207734.929168434
aboubacar lo__2000-01-02,,,,801585.2968815393,807589.6587509076,16034.238129818586
aboubakary koita__1998-09-20,,,,4277669.21285191,4408610.163248507,953170.0223230171
abu francis__2001-04-27,,,,1949561.943301017,1949561.943301017,
abu kamara__2003-07-21,,,,2144473.756247328,2169570.0946830064,75340.38884037247
achraf hakimi__1998-11-04,,,,114284685.62570807,112018598.94829567,6849126.948311476
achraf laaziri__2003-07-08,,,,1073137.9879757245,1119013.3039569203,151375.3380541304
adam armstrong__1997-02-10,,,,4479371.6978902975,4583450.336148631,331864.3523184211
adam aznou__2006-06-02,,,,1976119.9516747424,1948247.9065555239,228584.50833698988
adam boayar__2005-10-13,,,,718092.721567342,695678.1550568612,47255.549575769925
adam carlen__2000-06-27,,,,889295.6356259069,888706.6242476369,51306.972864704345
adam daghim__2005-09-28,,,,2756197.4279731666,2734341.52787291,222337.08687902137
adam davies__1992-07-17,,,,572102.0328667362,572102.0328667362,11557.67785856952
adam frizzell__1998-02-21,,,,249907.23483326568,247796.52645247575,33443.34393046215
adam gabriel__2001-05-28,,,,1273596.4110874368,1264823.2307987958,67473.0857752802
adam gnezda cerin__1999-07-16,,,,3801030.066658431,3835907.286330778,109120.47751505034
adam hlozek__2002-07-25,,,,18433455.446797293,18718832.348861597,2495118.3113545496
adam idah__2001-02-11,,,,3126702.3877409473,3153265.4902715646,138560.83645012148
adam jackson__1994-05-18,,,,475844.7314427436,454550.2680397986,48095.05991762001
adam jakobsen__1999-04-07,,,,1202121.032797892,1186865.901179331,68823.72351478908
adam karabec__2003-07-02,,,,5319994.565758607,5425353.097520113,304379.38779476675
adam lewis__1999-11-08,,,,380400.59456824965,380400.59456824965,28894.853484990344
adam marusic__1992-10-17,,,,6930291.429252542,6930291.429252542,
adam matthews__1992-01-13,,,,214076.13205253304,236251.86812954245,40464.17417383978
adam montgomery__2002-07-18,,,,623394.8534057081,623394.8534057081,
adam nagy__1995-06-17,,,,1216928.477542168,1216928.477542168,102987.8640276701
adam nhaili__2005-08-09,,,,326068.41781536536,311017.59497304837,34134.76332135775
adam obert__2002-08-23,,,,3156074.7158036116,3082230.0883983644,319000.7176990736
adam phillips__1998-01-15,,,,667467.0273688547,670145.6893583813,16186.730952217493
adam reach__1993-02-03,,,,509026.70594502037,509374.3182885216,27963.748025609995
adam smith__1991-04-29,Adam Smith,DEF,800000.0000000005,1360772.176251005,1342191.5719839202,119616.35818035922
adam srensen__2000-11-11,,,,890376.3152306409,894076.0757862739,32681.283511670536
adam stahl__1994-10-08,,,,1009413.6000435313,1009413.6000435313,32209.784972172605
adam taggart__1993-06-02,,,,1320850.0522023104,1345153.3487931113,60052.81039941047
adam webster__1995-01-04,,,,5327839.376874747,5690355.682627674,651864.3486608263
adam wikman__2003-12-15,,,,601359.4030504859,601359.4030504859,43960.08229686556
adam zrelak__1994-05-05,,,,511796.1874192729,511796.1874192729,
adama bojang__2004-05-28,,,,879627.7849846598,902114.2982481313,46046.32139696587
adama camara__1996-10-18,Adama Camara,MID,2199999.9999999995,2158320.809497829,2178385.754232341,172029.73548991865
adama diakhaby__1996-07-05,,,,500886.76903897646,511877.3434110162,23391.400420809336
adama traore__1990-02-03,Adama Traoré,DEF,175000.00000000012,129623.57795728248,129194.52213691588,22782.641737188755
adedire mebude__2004-05-28,,,,1052590.637547538,1052590.637547538,
adem arous__2004-07-17,Adem Arous,DEF,537500.0000000003,463606.5385252221,460697.68942253705,11695.911127085323
adem zorgane__2000-01-06,Adem Zorgane,MID,12499999.999999985,17908340.77409128,17447612.548747763,1031320.0154327132
ademola lookman__1997-10-20,,,,33727787.73079482,33212296.110354856,1944353.0861125453
ademola olaadebomi__2003-09-03,,,,652785.7428063202,652785.7428063202,
adil demirbag__1997-12-10,Adil Demirbağ,DEF,1849999.9999999995,1640385.0788312084,1640919.9506959368,72866.73149402163
adil lechkar__2001-09-02,,,,286255.2151643308,287991.8246464043,16647.722640360113
adilson malanda__2001-10-29,,,,2406781.262777329,2354787.3889241656,196137.4845429655
adnan januzaj__1995-02-05,,,,3170023.3741658623,3170416.0992308236,324889.63559867616
adnane abid__2003-08-23,,,,1306123.6757788726,1361052.5856829265,106136.81745395088
adrian bajrami__2002-04-05,,,,1646244.1712536023,1676346.8950934454,116035.83599385235
adrian balboa__1994-01-19,,,,1639853.7167294435,1639853.7167294435,
adrian beck__1997-06-09,,,,2163161.697292573,2108547.784074615,139769.57676503996
adrian benedyczak__2000-11-24,,,,2607429.7597624846,2607429.7597624846,65003.99073745522
adrian blake__2005-07-15,,,,1698343.6361371009,1698343.6361371009,14782.432587932251
adrian fein__1999-03-18,,,,608057.6723805551,608464.9791168497,28648.86856851848
adrian grbic__1996-08-04,,,,1081918.0972807568,1081918.0972807568,
adrian palacios__2004-06-07,Adrián Palacios,DEF,725000.0000000006,571378.5469551703,560177.744980763,68822.28777318593
adrian przyborek__2007-01-01,,,,1707175.6766674304,1667217.9062056101,155558.80528373984
adrian semper__1998-01-12,,,,1637778.4791582718,1657689.4957498328,85664.80672043817
adrian sporle__1995-07-13,,,,1360519.229093073,1360519.229093073,20773.40990394191
adriano bertaccini__2000-08-13,,,,15837642.111151963,14440848.43547842,3444685.892451022
adrien hunou__1994-01-19,Adrien Hunou,MID,999999.9999999997,474677.7966479835,483942.9130663832,29462.477787312866
adrien lebeau__1999-07-08,,,,989079.8496134607,989079.8496134607,27242.334755824115
adrien rabiot__1995-04-03,,,,33497715.154705595,32817111.83489664,2241746.190450639
adrien tameze__1994-02-04,Adrien Tameze,DEF,4000000.0000000005,2763830.87025429,2816504.95149325,145027.65598476678
adrien thomasson__1993-12-10,,,,8323740.977685044,8323740.977685044,
adrien truffert__2001-11-20,,,,22288295.61824704,22288295.61824704,1133906.3691215636
adrion pajaziti__2002-11-16,,,,1991184.5926028662,1991184.5926028662,5514.541184506744
afeez aremu__1999-10-03,Afeez Aremu,MID,950000.0000000008,1192374.9949208994,1183786.1192454593,55420.83182360266
afimico pululu__1999-03-23,,,,2200745.1776118465,2200745.1776118465,80697.53747192197
agon mucolli__1998-09-26,,,,494149.9301319201,494720.58984541916,5079.216344367359
agustin albarracin__2005-08-29,,,,1521598.7428530618,1559592.3699762616,380761.45867616497
agustin alvarez__2001-05-19,,,,3867785.5361786042,3867785.5361786042,
agustin anello__2002-04-22,,,,1562260.161331651,1562260.161331651,7174.669470840336
agustin martegani__2000-05-20,Agustín Martegani,MID,2050000.000000001,2195310.208063945,2119348.0164268236,235051.95220518194
agustin moreira__2001-05-28,,,,757677.3742581945,780403.5231965616,61451.00153012342
agustin rogel__1997-10-17,Agustín Rogel,DEF,1400000.0000000007,1209265.5935263003,1217908.9874784865,67373.61021436942
ahmad benali__1992-02-07,,,,814014.4092276231,814014.4092276231,
ahmed abdullahi__2004-06-19,,,,353641.9207821331,354046.89792232926,13914.225778114953
ahmed kutucu__2000-03-01,,,,2008182.2463306272,2036596.5195888784,208565.1323792926
ahmed sidibe__2002-02-10,Ahmed Sidibé,DEF,700000.0000000006,791435.6725647412,791435.6725647412,49635.07399101343
ahmed touba__1998-03-13,,,,2148236.4785695504,2176535.8957255823,74904.63185672912
ahmet arslan__1994-03-30,,,,667956.5733591242,669275.5476841381,81029.61700356266
ahmet gurleyen__1999-04-26,,,,1144206.8266698248,1126485.5523733515,61441.37955772873
ahmet oguz__1993-01-16,Ahmet Oğuz,DEF,925000.0000000007,1288351.3772047998,1288351.3772047998,
ahmet sagat__1996-05-27,,,,440426.03720234666,427378.80282410036,27077.320508312376
ahmet sivri__1999-07-06,,,,301183.19949084416,301183.19949084416,8845.797806133134
ahmetcan kaplan__2003-01-16,,,,3398588.287969692,3411253.846961269,235720.34225105474
aidan denholm__2003-11-09,,,,564522.0656676961,564522.0656676961,
aidan keena__1999-04-25,,,,492857.47533100704,492857.47533100704,13336.741212662722
aidan nesbitt__1997-02-05,,,,224562.41592514655,227694.1182165911,11306.713428623305
aiden oneill__1998-07-04,,,,1618957.696918485,1618957.696918485,98753.0175541585
aiham ousou__2000-01-09,,,,2927668.38581095,2997020.216048223,322442.6586065049
aimar sher__2002-12-20,,,,1419572.3357704312,1447819.0112195406,83070.57424563647
aime omgba__2002-10-22,,,,1202667.8915137614,1262842.035659188,109988.77740419612
aimen moueffek__2001-04-09,,,,1828733.6037292203,1817249.1468519636,51157.99640822029
ainsley maitlandniles__1997-08-29,Ainsley Maitland-Niles,DEF,11000000.000000013,10116896.73378288,11228349.90859279,2617512.5736521427
aissa mandi__1991-10-22,,,,3916577.335068168,3986608.253581804,248447.34333261198
aitor fernandez__1991-05-03,Aitor Fernández,GK,1200000.0000000005,2002065.617506092,2049770.3791867257,171906.35586858634
ajdin hasic__2001-10-07,,,,1867371.4435258096,1938088.900405934,340753.24603328767
ajdin hrustic__1996-07-05,,,,893112.0449906599,895240.7637895553,25389.036609451694
akin famewo__1998-11-09,,,,1415668.2595633229,1342853.3346768524,217874.2639778811
akram afif__1996-11-18,,,,6219715.949120529,3767969.043051624,4619491.5479237335
alaa bellaarouch__2002-02-01,,,,1579196.6838508267,1549256.0588908705,52607.38660889589
alaa ghram__2001-07-24,,,,1614051.6577858948,1614051.6577858948,19499.456380488416
aladji bamba__2006-07-14,,,,1339166.8345835744,1339166.8345835744,
alan forrest__1996-09-09,,,,1126316.1924267767,1126316.1924267767,116474.66329291265
alan matturro__2004-10-11,Alan Matturro,DEF,2950000.000000002,1969823.008791162,2044323.5515220384,194521.9225640694
alan virginius__2003-01-03,,,,2111113.699306769,2111113.699306769,88825.46727635933
alasana manneh__1998-04-08,,,,1076206.8089893265,1076206.8089893265,151554.80761605827
alassana jatta__1999-01-12,Alassana Jatta,FWD,587500.0000000002,656794.0580317724,674075.201864225,55772.97504230026
alassane sidibe__2002-06-09,,,,538730.3524759642,538730.3524759642,
alban lafont__1999-01-23,,,,3192128.4682941493,3192128.4682941493,424384.72085051524
albert adomah__1987-12-13,Albert Adomah,DEF,180000.00000000003,112379.58335938852,104494.18776613359,12174.568539955626
albert rusnak__1994-07-07,,,,3296843.837023945,3601405.767020314,639535.0811291047
albert sambi lokonga__1999-10-22,,,,10538529.503659815,10538529.503659815,229419.71327345472
alberto brignoli__1991-08-19,,,,911180.762664869,911180.762664869,
alberto cerri__1996-04-16,,,,1092529.390372039,1093907.424906352,5957.50463305469
alberto dossena__1998-10-13,Alberto Dossena,DEF,4250000.000000002,5128289.297491306,5157444.891733061,324691.97032203485
alberto paleari__1992-08-29,,,,559015.3912934639,531205.8366879354,51309.996333486706
albian ajeti__1997-02-26,,,,1194250.6922486061,1198582.8025738064,86780.2826954938
albian hajdari__2003-05-18,,,,4961643.4706854895,4928348.953688787,293087.21047241485
alec georgen__1998-09-17,,,,1239890.6878751693,1207224.4660006645,119854.66298591836
alec van hoorenbeeck__1998-12-30,,,,1129178.0773287844,1129178.0773287844,38194.64035613734
alejandro alvarado__2003-07-29,,,,975188.0929030693,1001886.546782909,123869.69374269545
alejandro bedoya__1987-04-29,,,,258441.55581114718,258441.55581114718,
alejandro garnacho__2004-07-01,Alejandro Garnacho,MID,33750000.00000005,32291201.76263372,32035861.519660525,1203819.6549263594
alejandro marques__2000-08-04,,,,2903066.895030482,2912250.2074700166,118122.16575936157
alejo sarco__2006-01-06,,,,1250008.168502112,1203416.062627856,108067.84801161206
alejo veliz__2003-09-19,,,,4374135.3405257035,4374135.3405257035,
aleksa terzic__1999-08-17,,,,2029496.382067778,2069867.8894026782,266275.77178838773
aleksandar cirkovic__2001-09-21,Aleksandar Ćirković,MID,1050000.0000000007,1399534.4149400648,1452934.032288563,196449.35237798712
aleksandar dragovic__1991-03-06,Aleksandar Dragović,DEF,2750000.0,952662.1952807034,954245.1951725928,64325.318670511624
aleksandar jovanovic__1992-12-06,,,,691240.7737561874,691240.7737561874,
aleksandar palocevic__1993-08-22,,,,1130074.4033833405,1273313.7596032259,253920.25870897158
aleksandar pavlovic__2004-05-03,,,,42029936.38698894,42029936.38698894,1098964.4296872104
aleksandar pesic__1992-05-21,,,,1212455.9206165657,1240284.1586021455,113957.9325959105
aleksandar radovanovic__1993-11-11,,,,936662.2723714862,877665.798426803,108856.072641217
aleksandar stankovic__2005-08-03,,,,3450014.5306081213,3583588.5702856113,251747.33168987642
aleksandar vukotic__1995-07-22,Aleksandar Vukotić,DEF,850000.0000000005,1207162.7631823958,1207162.7631823958,
aleksey miranchuk__1995-10-17,,,,9782329.616680132,9920727.577307248,1587959.1066933277
alen halilovic__1996-06-18,,,,1645338.7617350083,1619262.5057283395,50464.51983972513
alen sherri__1997-12-15,,,,843135.7579622251,814638.2897887575,59307.97023309724
ales mateju__1996-06-03,,,,983173.1886129864,991563.6535392848,56555.65392855373
alessandro bastoni__1999-04-13,,,,71468987.20638075,71468987.20638075,7360842.921002448
alessandro bellemo__1995-08-07,,,,1720377.613705321,1734594.6537870602,85355.1809187132
alessandro bianco__2002-10-01,,,,3462901.2265687413,3462901.2265687413,474237.5758877149
alessandro buongiorno__1999-06-06,,,,36215370.97483534,35093644.03040792,2366876.247527687
alessandro circati__2003-10-10,,,,2818845.942654168,2818845.942654168,
alessandro confente__1998-06-07,,,,470608.9684430911,463102.8278553993,17551.54075564716
alessandro deiola__1995-08-01,,,,2049575.5309455446,2049575.5309455446,104604.34876327706
alessandro dellavalle__2004-05-11,,,,1280869.1289442345,1259878.9906458447,55315.23689150251
alessandro di pardo__1999-07-18,Alessandro Di Pardo,DEF,999999.9999999997,1189353.9320255134,1172124.4978241618,73458.72483223674
alessandro fontanarosa__2003-02-07,,,,1078528.027774768,1076070.1093554252,15034.582133235153
alessandro mallamo__1999-03-22,Alessandro Mallamo,MID,562500.0000000003,579438.3440177065,590596.3350055183,19816.177127880805
alessandro marcandalli__2002-10-25,,,,1581181.7637395945,1577319.5164123122,106738.8843767408
alessandro micai__1993-07-24,,,,438487.75290105195,435089.02421913424,42854.936795719324
alessandro murgia__1996-08-09,,,,728175.440942275,728175.440942275,
alessandro nunziante__2007-03-14,,,,260934.77252157533,258205.1225601866,21302.038460911564
alessandro plizzari__2000-03-12,,,,780221.6048914337,777726.5778963224,10648.53564157001
alessandro schopf__1994-02-07,Alessandro Schöpf,MID,1400000.0000000007,1035270.9420453025,1035270.9420453025,77662.55645554933
alessandro sersanti__2002-02-16,,,,1663542.5098450365,1736661.58028935,185891.90873954658
alessandro sorrentino__2002-04-03,,,,722234.429237721,722234.429237721,1155.6652741761743
alessandro tripaldelli__1999-02-09,,,,582191.6434446228,587857.8287744641,17856.6366934684
alessandro vinciguerra__2005-08-18,Alessandro Vinciguerra,MID,487499.9999999996,674420.6747748206,643088.4797363317,86474.78745431629
alessandro vogliacco__1998-09-14,,,,2033578.8496110037,2033578.8496110037,14426.525646269245
alessandro zanoli__2000-10-03,,,,3772976.571796684,3659282.744881271,361156.4810770263
alessio castromontes__1997-05-17,,,,7917899.931852147,7744146.318348504,738378.1100049359
alessio romagnoli__1995-01-12,,,,19799026.761312846,19558430.417291306,527178.2104050632
alessio zerbin__1999-03-03,,,,4215800.006323664,3893067.0380493966,819015.0072230722
alex bangura__1999-07-13,,,,1354132.713963922,1354132.713963922,80597.99498006038
alex cairns__1993-01-04,Alex Cairns,GK,157500.00000000006,238972.48353158575,243265.8446786041,56142.40536744843
alex cochrane__2000-04-21,Alex Cochrane,DEF,1949999.999999999,2710618.9471735223,2736939.9062086837,73907.08551281363
alex ferrari__1994-07-01,,,,1042816.2923923373,1043214.5145290676,24319.99876911404
alex freeman__2004-08-09,,,,5737591.844478188,5737591.844478188,182392.87386511604
alex gersbach__1997-05-08,,,,387958.3474650955,387192.140946398,3491.2891398848833
alex gilbert__2001-12-28,,,,915614.3558710987,915614.3558710987,70112.55434822985
alex gogic__1994-04-13,,,,353198.60834181495,358425.8921209506,28595.099602281734
alex iwobi__1996-05-03,,,,23328786.00703431,23128328.957973562,1158828.1380574438
alex kral__1998-05-19,,,,3287375.689108801,3287375.689108801,96533.66766402377
alex lowry__2003-06-23,,,,1160303.9587742996,1185456.7582866617,49100.6492402708
alex matos__2004-10-03,,,,1886026.1283789128,1881188.4968983107,149684.4925656467
alex meret__1997-03-22,,,,22412437.610058364,22472352.707147803,347080.9458777808
alex mighten__2002-04-11,,,,1286766.6851280867,1286766.6851280867,
alex mitchell__2001-10-07,Alex Mitchell,DEF,712500.0000000002,842618.8929790279,842618.8929790279,35806.334429057824
alex murphy__2004-06-25,Alex Murphy,DEF,850000.0000000005,1511083.0593146908,1477276.4655807987,118829.20323028529
alex palmer__1996-08-10,,,,2585490.711159316,2432377.75525216,765068.2777512975
alex plat__1998-02-04,Alex Plat,MID,637500.0000000003,766485.6182462848,766485.6182462848,3440.7298391564823
alex robertson__2003-04-17,,,,1875481.7911563606,1825743.6781588153,93107.86166773865
alex scott__2003-08-21,,,,27790735.20097021,27790735.20097021,
alex timossi andersson__2001-01-19,,,,1272105.9856601546,1303173.1847067848,110460.33485735836
alex toth__2005-10-23,,,,6705603.584676994,6705603.584676994,195452.33709178222
alexander bah__1997-12-09,,,,8831473.954053946,8831473.954053946,655141.3319556342
alexander brunst__1995-07-07,,,,422458.8445999482,421004.10029066505,6297.127492685583
alexander busch__2003-07-25,,,,2015578.050706041,1967384.2796447307,209973.12488751425
alexander callens__1992-05-04,,,,1318507.8823144485,1318507.8823144485,
alexander djiku__1994-08-09,,,,3523301.6219924716,3523301.6219924716,1374934.6166951961
alexander groi__1998-07-01,,,,403809.22644202743,400556.37000430236,10151.447083133233
alexander isak__1999-09-21,,,,93031141.61542952,93031141.61542952,1009819.8017813516
alexander jensen__2001-08-24,,,,1354020.6607525065,1354020.6607525065,14361.989316905932
alexander jeremejeff__1993-10-12,Alexander Jeremejeff,FWD,1200000.0000000005,1518697.390479591,1524368.3854282885,75105.94744763743
alexander lind__2002-06-26,,,,2794849.656761714,2782949.197955938,60887.14820502781
alexander lyng__2004-11-26,,,,1023512.1852898131,1023512.1852898131,
alexander meyer__1991-04-13,,,,1160192.2740143402,1160192.2740143402,57684.66307736336
alexander nubel__1996-09-30,,,,12047264.6351095,12047264.6351095,399601.44739366573
alexander prass__2001-05-26,Alexander Prass,DEF,5250000.0,5306460.370725377,5306295.260131257,86541.0660954538
alexander ring__1991-04-09,,,,583685.1511939939,606425.1345374163,137048.3969942821
alexander rossipal__1996-06-06,,,,894031.3620159607,900810.1079172983,50911.5862654478
alexander rssinglelesiit__2007-01-20,,,,845772.9804640282,874915.118943915,109589.31182560386
alexander schwolow__1992-06-02,Alexander Schwolow,GK,600000.0000000003,764244.2920926868,773827.2278612555,44553.349664589536
alexander simmelhack__2005-11-11,,,,721447.756555353,721447.756555353,45993.245023186384
alexander srloth__1995-12-05,,,,31392905.79160509,31392905.79160509,3472117.014659286
alexandre jankewitz__2001-12-25,,,,630824.1390999795,631880.6555916618,17215.81911797879
alexandre lacazette__1991-05-28,,,,5352742.019504169,5352742.019504169,253002.6480204931
alexandre lauray__1997-03-18,,,,542329.7251894383,542329.7251894383,19970.934714731626
alexandre mendy__1994-03-20,Alexandre Mendy,FWD,2400000.000000001,1267198.8849572502,1331989.1587491184,174891.26623620823
alexandre olliero__1996-02-15,,,,820222.0556975403,820222.0556975403,
alexandro calut__2003-04-22,Alexandro Calut,DEF,625000.0000000002,765625.0232097874,749931.1693015175,52118.42005401652
alexandros katranis__1998-05-04,Alexandros Katranis,DEF,775000.0000000007,800494.2732211,805287.4064745742,55365.55359471501
alexandros kyziridis__2000-09-16,,,,3556511.186308946,3556511.186308946,249796.69118046333
alexandros paschalakis__1989-07-28,Alexandros Paschalakis,GK,375000.00000000006,500041.9281396661,494801.6117570964,60118.673255998045
alexandru cicaldau__1997-07-08,,,,1205402.170502101,1222360.0047484552,107333.74987104748
alexandru mitrita__1995-02-08,,,,3586248.029461936,3586248.029461936,656659.8328304257
alexandru tirlea__2000-03-28,,,,333073.92569853424,333073.92569853424,
alexi pitu__2002-06-05,,,,673406.7577492744,673406.7577492744,49556.71272301606
alexios kalogeropoulos__2004-07-26,,,,2248941.4954164634,2248941.4954164634,120721.81108210661
alexis antunes__2000-07-31,,,,1978889.2322392894,1978889.2322392894,29396.641428524315
alexis beka beka__2001-03-29,,,,2225057.7761477125,2218300.168504823,26928.021404240877
alexis blin__1996-09-16,,,,1533038.1830567522,1533038.1830567522,18098.0013889772
alexis claudemaurice__1998-06-06,,,,8729928.428583803,8857994.459549174,619985.1988602263
alexis flips__2000-01-18,,,,2052397.165501638,2049255.66944562,60374.208109223815
alexis mac allister__1998-12-24,,,,78149796.9184935,79264266.6143297,3985838.9986942695
alexis mirbach__2005-03-04,,,,274093.24820070586,272602.9531684016,11678.594459420032
alexis saelemaekers__1999-06-27,Alexis Saelemaekers,DEF,20249999.999999974,20901439.249983817,20901439.249983817,
alexis trouillet__2000-12-23,,,,1174399.7326699349,1171052.758417842,36354.00308809251
alexis vossah__2008-03-11,,,,2626049.4706526813,2626049.4706526813,
alfie devine__2004-08-01,,,,8157340.907123847,8157340.907123847,603992.4310265421
alfie dorrington__2005-04-20,,,,1462789.4552798339,1437049.4920913354,308832.9195019072
alfie gilchrist__2003-11-28,,,,2913622.6164566516,2832591.9326819796,189450.80362811257
alfie jones__1997-10-07,Alfie Jones,DEF,2449999.9999999995,2302806.609173378,2240299.1574382363,293460.14989541157
alfie mccalmont__2000-03-25,,,,726869.7441760743,726869.7441760743,16202.003344503579
alfons sampsted__1998-04-06,,,,1645159.719539705,1644824.3927047304,52597.53715174499
alfonso trezza__1999-06-22,,,,2147831.515830827,2165362.399571323,145695.7046616303
alfred duncan__1993-03-10,,,,1978483.6839152488,1934494.7196982936,99630.56016572288
alfred gomis__1993-09-05,Alfred Gomis,GK,825000.0000000006,586552.926169358,586552.926169358,50960.366877534274
alhassan yusuf__2000-07-18,,,,2920337.067854623,2943050.7873196877,65349.795530537805
ali abdi__1993-12-20,Ali Abdi,DEF,3550000.0000000014,3215516.0657251915,3289021.23675521,265681.20963064255
ali coote__1998-06-11,Ali Coote,MID,412500.00000000006,504167.7086496035,510281.41923128924,32600.43283251256
ali emre yanar__1998-05-15,,,,180641.19071301282,183012.81220945972,5202.878976910232
ali fadal__2004-01-14,Ali Fadal,MID,299999.99999999977,376747.28647912404,360426.9615718504,37023.59371525835
ali maamar__2005-03-23,,,,516852.8521833443,536862.2159632277,107914.97884041519
ali mccann__1999-12-04,,,,2360000.7162941745,2360000.7162941745,37158.30633525478
ali sowe__1994-06-14,Ali Sowe,FWD,1699999.9999999988,1726781.5396160458,1716063.4653732083,99868.73274700013
ali yavuz kol__2001-01-29,,,,468996.48608208494,480595.15311059373,61971.655374333466
alidu seidu__2000-06-04,Alidu Seidu,DEF,5750000.000000005,6471252.888987051,6492867.893838519,222859.21539986774
alieu fadera__2001-11-03,,,,3300177.962965075,3250761.4342876486,204341.83385941328
alimami gory__1996-08-30,Alimami Gory,MID,1450000.0000000002,1410616.2588013164,1410616.2588013164,23936.74219299134
alin tosca__1992-03-14,,,,315063.6537189828,299138.9672047389,40300.910932727136
aliou balde__2002-12-12,,,,1299899.6529083773,1292032.1528546212,125768.3538248332
aliou thiare__2003-12-20,,,,1192633.4187925805,1192633.4187925805,30593.115327241372
alioune ndoye__2001-10-05,,,,868831.4700384858,868831.4700384858,
alistair johnston__1998-10-08,,,,14441041.721631076,14441041.721631076,132533.44534059122
allahyar sayyadmanesh__2001-06-29,,,,4239164.4659330705,4229374.151961961,65005.3087779269
allan campbell__1998-07-04,,,,773042.5652778684,773042.5652778684,30563.623786262553
allan tchaptchet__2001-12-21,,,,816017.0674860324,821837.9611733533,20076.104854653677
ally samatta__1992-12-23,,,,1241544.283693022,1241155.2363157491,20200.528358615422
almugera kabar__2006-06-06,,,,1115935.0417303368,1115935.0417303368,1446.3684251050142
alonzo engwanda__2003-01-27,Alonzo Engwanda,MID,5199999.999999999,3161124.336957858,3126306.0092713786,133288.60514872277
alou kuol__2001-07-05,Alou Kuol,FWD,462500.00000000006,563834.3904977217,546136.2251321492,53089.882650523046
alouis diriken__2004-04-01,Alouis Diriken,DEF,262500.00000000023,264809.8239209462,263555.8420826793,13268.870056614478
alpha sissoko__1997-03-07,,,,1726693.4111780445,1726693.4111780445,160130.00278852397
alpha toure__2006-01-25,,,,1636552.2810716368,1636552.2810716368,41353.64431878574
alphadjo cisse__2006-10-22,,,,1620063.2736564716,1616144.9422931653,137746.2872621933
alphonse areola__1993-02-27,,,,3891250.9206882827,3891250.9206882827,166194.64822934024
alphonso davies__2000-11-02,,,,63607549.108173415,63607549.108173415,
altay bayndr__1998-04-14,,,,4885069.299502702,4937568.88708593,167066.74509170905
altin zeqiri__2000-07-18,,,,1174256.6861031004,1171167.6725638725,64483.96089620349
alwande roaldsy__2004-06-09,,,,722437.0379976282,737511.6921838515,66381.85718092855
amad diallo__2002-07-11,,,,32774444.14384348,32774444.14384348,4461706.829207201
amadou dante__2000-10-07,Amadou Dante,DEF,2100000.000000001,1319238.3588919218,1323975.9061051095,74758.2050283745
amadou diawara__1997-07-17,,,,1936691.0426172868,1936691.0426172868,162141.11279370857
amadou haidara__1998-01-31,,,,5610079.734798322,5175326.050047452,831274.8278381695
amadou onana__2001-08-16,,,,36394207.90932309,36815333.7936463,1470758.6886371414
amadou sagna__1999-06-10,,,,802291.8603949504,824122.4571617865,88189.03590783186
amady camara__2005-05-28,,,,780649.6969357817,757954.2730641565,41315.734376447326
amando lapage__2004-11-08,,,,761277.1597371495,761277.1597371495,15876.284150945396
amar dedic__2002-08-18,,,,6216524.691135485,6287391.479467891,412786.4767416933
amar fatah__2004-02-19,,,,813585.3617471086,813585.3617471086,
amara conde__1997-01-06,,,,1203884.755709919,1203884.755709919,41729.26328419585
amario cozierduberry__2005-05-29,,,,2369849.5872628815,2385022.329314161,106970.02774430907
amath ndiaye__1996-07-16,,,,2074839.9660016433,2122154.9932725644,119325.102428935
amin cherni__2001-07-07,,,,1036201.669420619,1030191.4535922486,34198.679277499235
amin nouri__1990-01-10,,,,192126.7900355073,200117.24324043732,30449.054980509824
amin sarr__2001-03-11,Amin Sarr,FWD,3449999.999999999,2711341.9460220877,2721126.0828520334,60841.56179995624
amine adli__2000-05-10,,,,23965682.122461535,23965682.122461535,
amine boukamir__2006-10-23,,,,301273.22519520414,301419.9230784738,22971.706051736404
amine boutrah__2000-10-26,,,,2504235.148704025,2519066.722812811,132829.01539162634
amine el ouazzani__2001-07-15,,,,2682671.1299967393,2687908.4033019473,123313.23631100512
amine gouiri__2000-02-16,,,,25134033.718693346,25270881.91645179,1578065.3573787543
amine harit__1997-06-18,,,,5504377.5995224295,5633268.559913043,376017.0244619775
amine ouahabi__2008-07-04,,,,377098.49757578317,377041.8010592679,18385.742603921834
amine salama__2000-07-18,,,,1300580.5740377274,1300580.5740377274,16247.43702877926
amine sbai__2000-11-05,,,,1944682.798037719,1985286.1843051172,137744.35531565474
amir abedzadeh__1993-04-26,,,,653185.7121738662,687572.3887543243,61531.45983795515
amir abrashi__1990-03-27,,,,320907.8611632535,317154.7411204147,15183.244639262446
amir hadziahmetovic__1997-03-08,,,,2432710.2872497407,2253662.847453097,397956.4716783869
amir murillo__1996-02-11,,,,6721633.613633592,6721633.613633592,
amir richardson__2002-01-24,,,,6147062.801501339,6147062.801501339,9706.42981331563
amir rrahmani__1994-02-24,,,,22185147.281437382,22185147.281437382,2803509.393317029
amourricho van axel dongen__2004-09-29,,,,1470301.0691814714,1499464.6822669832,103596.32624053118
anan khalaili__2004-09-03,,,,8898941.7177124,10536696.634151444,3235789.7012798693
anass salaheddine__2002-01-18,Anass Salah-Eddine,DEF,4849999.999999997,8849023.427181888,8895312.389211504,645473.1872554682
anastasios bakasetas__1993-06-28,,,,3447765.177143421,3447765.177143421,288493.40970102226
anatoliy trubin__2001-08-01,,,,27933954.47260058,27630365.84143777,954374.871699456
anders brset__2006-02-22,,,,310552.8529113892,310552.8529113892,17588.323576739986
anders christiansen__1990-06-08,,,,588185.4859067644,588185.4859067644,43241.18965692692
anders dahl__2002-05-01,,,,633255.9313892833,633255.9313892833,122.4131580057138
anders dreyer__1998-05-02,,,,11179205.650972344,11179205.650972344,
anders klynge__2000-10-14,,,,1363879.5181953171,1363879.5181953171,33016.84390924475
anders trondsen__1995-03-30,Anders Trondsen,DEF,487499.9999999996,562485.5001278947,562485.5001278947,22247.658415544167
anderson lucoqui__1997-07-06,,,,597038.7071402092,597038.7071402092,3401.836254084408
andi zeqiri__1999-06-22,,,,2127324.1988993487,2133643.8791150413,109508.02886137528
andras schafer__1999-04-13,,,,5106984.702734358,5106984.702734358,308573.51564317965
andre ayew__1989-12-17,,,,758270.1330073548,758270.1330073548,122577.36043713444
andre brooks__2003-08-20,Andre Brooks,MID,2800000.000000002,2918967.0399729144,3007825.454031949,275153.07670379884
andre onana__1996-04-02,,,,13681178.894402243,13681178.894402243,
andrea adorante__2000-02-05,,,,2186942.0602771947,2186942.0602771947,217769.32748669654
andrea belotti__1993-12-20,,,,4547705.261601696,4547705.261601696,642480.9493065509
andrea cagnano__1998-06-17,,,,681911.7227904855,681911.7227904855,45246.35507828585
andrea cambiaso__2000-02-20,,,,20784250.849698734,21959236.623713877,3422139.7800562265
andrea carboni__2001-02-04,,,,2465537.9575778493,2477770.9923079135,60528.14355353774
andrea ciofi__1999-06-28,,,,1098205.4233482238,1078290.142199076,56689.80897513778
andrea cistana__1997-04-01,,,,1163390.6348892695,1170330.0238664674,67045.4029795172
andrea colpani__1999-05-11,Andrea Colpani,MID,14750000.0,10069864.698648207,10069864.698648207,1421853.2036965874
andrea favilli__1997-05-17,,,,1124850.3666478184,1124850.3666478184,112524.84454325082
andrea fulignati__1994-10-31,,,,935161.5467972743,935161.5467972743,
andrea ghion__2000-02-23,Andrea Ghion,MID,1175000.0,1441708.4830822586,1440822.4101755358,54256.801613313204
andrea masiello__1986-02-05,,,,275781.80598688906,275781.80598688906,
andrea oliveri__2003-01-14,,,,803798.1834232549,842247.1544090003,58590.59349613126
andrea papetti__2002-07-03,,,,1527744.395773573,1529117.1357137023,35483.072171944994
andrea petagna__1995-06-30,,,,1861508.260220035,1861949.3508885591,81091.62437019193
andrea pinamonti__1999-05-19,Andrea Pinamonti,FWD,11250000.000000019,11734421.447287317,11734421.447287317,
andrea tiritiello__1995-03-28,,,,725558.7791519054,725558.7791519054,
andreas christensen__1996-04-10,Andreas Christensen,DEF,14750000.0,19358716.33041992,19151561.049835663,2613682.1579568
andreas cornelius__1993-03-16,,,,1116863.853766128,1116863.853766128,39922.82767409181
andreas hancheolsen__1997-01-17,,,,5032918.698644923,5032918.698644923,22919.3759428854
andreas hansen__1995-08-11,Andreas Hansen,GK,1050000.0000000007,903943.9541410072,918127.1025326363,31342.158756569635
andreas kuen__1995-03-24,,,,696907.8538605411,685080.5958277466,45126.03086155822
andreas linde__1993-07-24,,,,472733.15704527375,472733.15704527375,29858.180647970872
andreas muller__2000-07-20,,,,1715902.6218491811,1727680.6851044025,59352.09174739835
andreas nibe__2003-05-31,,,,547950.0449181013,549561.2941844149,20799.907228584005
andreas ntoi__2003-02-02,,,,2981031.0035246816,2969877.816808263,35092.10038101179
andreas oggesen__1994-03-18,,,,374181.970881969,409135.4627201095,62702.20039151566
andreas poulsen__1999-10-13,Andreas Poulsen,DEF,999999.9999999997,1331775.7873863906,1320150.8133216521,25642.943045094245
andreas pyndt__2001-03-04,,,,614473.4632631333,614473.4632631333,860.9169719648941
andreas schjelderup__2004-06-01,,,,9210199.423355393,9210199.423355393,1946681.492114526
andreas skov olsen__1999-12-29,,,,5895635.892275701,5895635.892275701,254230.55013475992
andreas tetteh__2001-05-25,,,,3026476.329173016,3044735.7632205845,207973.57310852266
andreas verstraeten__2006-01-10,Andreas Verstraeten,DEF,649999.9999999995,382107.8269329577,386460.7356538362,13484.381895497065
andreas voglsammer__1992-01-09,,,,608998.1231377744,611026.869788344,6042.434212124518
andreas weimann__1991-08-05,,,,1207210.0454883461,1207012.0382648972,161838.5979302835
andreaw gravillon__1998-02-08,,,,1456906.9660209354,1457885.562931796,92521.18933939685
andrei coubis__2003-09-29,,,,1205258.4677981937,1201006.05275064,65239.68541646197
andrei girotto__1992-02-17,Andrei Girotto,DEF,4500000.000000002,3436187.128592513,3508295.3397832923,234896.336068956
andrei marginean__2001-07-03,,,,1009967.4610042811,983598.5798407015,87125.94244603586
andrei ratiu__1998-06-20,,,,16070267.96639053,15711882.17006482,948995.8625234254
andrej ilic__2000-04-03,,,,5944276.042947732,5944276.042947732,263678.8435920617
andrej kramaric__1991-06-19,Andrej Kramarić,MID,8000000.000000002,10463664.633620854,10245774.36728993,1130743.7766347877
andrejs ciganiks__1997-04-12,,,,818373.4206357882,818373.4206357882,115336.50131586316
andres cubas__1996-05-22,,,,3743547.1527756047,3743547.1527756047,
andres sfait__2004-12-09,,,,700875.8137064235,682225.1204910796,125561.6975831328
andres vombergar__1994-11-20,Andrés Vombergar,MID,3550000.0000000014,2603362.4378198916,2543047.39514525,253312.833607082
andrew hjulsager__1995-01-15,,,,847348.9403918432,853355.6491210685,24082.1414838324
andrew moran__2003-10-15,,,,2674183.335749856,2674183.335749856,
andrew omobamidele__2002-06-23,Andrew Omobamidele,DEF,6099999.999999996,5021654.5040710615,4984980.715658733,232685.46086253898
andrew robertson__1994-03-11,Andrew Robertson,DEF,15249999.999999983,17130262.56160278,17130262.56160278,648411.4929854221
andrew shinnie__1989-07-17,,,,209845.84392036768,209845.84392036768,
andri fannar baldursson__2002-01-10,Andri Fannar Baldursson,MID,887500.0000000002,486025.7489678267,486025.7489678267,85007.28139614475
andrias edmundsson__2000-12-18,,,,848376.9801419899,856088.622490586,80544.24473483309
andries noppert__1994-04-07,Andries Noppert,GK,525000.0000000003,439292.3119984161,439292.3119984161,2495.9356635905733
andrija bulatovic__2006-12-27,,,,3022339.3943356834,3041711.3451114865,38031.671129888615
andrija maksimovic__2007-06-05,,,,4278171.8112576995,4278171.8112576995,1188490.1880027305
andrija novakovich__1996-09-21,,,,860591.9148063825,860591.9148063825,45018.874783637
andrija vukcevic__1996-10-11,,,,921062.714716662,916238.3868890945,54718.53392068733
andrija zivkovic__1996-07-11,Andrija Živković,MID,9249999.999999987,7317564.654541354,7662163.60104508,1050957.1632093906
andriy lunin__1999-02-11,Andriy Lunin,GK,24749999.999999993,20456985.165628504,20057667.469659925,1346929.52823244
andriy yarmolenko__1989-10-23,,,,668667.0343992834,669725.9174793256,86679.2324114211
andy diouf__2003-05-17,Andy Diouf,MID,13499999.999999993,10703150.385104856,10742878.485421047,1283310.8364542383
andy najar__1993-03-16,Andy Nájar,DEF,1050000.0000000007,1360838.6908643066,1388109.7888705358,119880.06588959842
andy pelmard__2000-03-12,,,,1828419.55013029,1828419.55013029,350819.87068355526
andy visser__2004-09-22,,,,372145.2492553301,372145.2492553301,22177.632059940115
anel ahmedhodzic__1999-03-26,,,,6941895.477681857,6941895.477681857,575539.3919131842
anfernee dijksteel__1996-10-27,,,,1454941.5214555888,1432229.154968123,116087.14635735303
angel di maria__1988-02-14,Ángel Di María,MID,6499999.999999999,7575952.75998504,7575952.75998504,88317.97425288249
angel gomes__2000-08-31,,,,12111790.794456407,12464794.916696757,845829.1141016409
angel torres__2000-04-06,Ángel Torres,MID,700000.0000000006,1016413.4735175816,1009460.5013079245,35851.43051550076
angelo fulgini__1996-08-20,,,,3210127.630053549,3244302.5712201395,129033.19286227267
angelo stiller__2001-04-04,,,,44784146.38315584,44784146.38315584,312811.3736643046
angelos angelopoulos__2003-02-19,Angelos Angelopoulos,GK,437499.9999999996,521995.29169257113,521369.35024083685,26148.754694713294
angus gunn__1996-01-22,,,,1812508.4419047427,1812508.4419047427,64062.10344706885
anis slimane__2001-03-16,,,,1220568.7289692697,1220568.7289692697,
anl yigit cnar__2003-07-10,,,,411497.60898601613,411497.60898601613,11023.197641287887
anouar ait el hadj__2002-04-20,,,,6067444.01503031,6093953.780592794,501855.44983427675
anouar el azzouzi__2001-05-29,,,,1870571.8660509875,1872917.2635756943,92459.26123718782
anrie chase__2004-03-24,,,,1586405.2739087297,1613869.3539289287,64671.44478843827
anselmo garcia macnulty__2003-02-19,,,,1716351.5317230262,1739370.2227274156,60673.75611363782
ansgar knauff__2002-01-10,,,,14070959.147124426,14661838.063723436,1351250.3647247928
anssi suhonen__2001-01-14,,,,1066709.5729368564,1036670.3999311181,131659.781534431
ante budimir__1991-07-22,Ante Budimir,FWD,9750000.000000004,10023497.935932554,9851303.25045725,589676.3660274565
ante palaversa__2000-04-06,Ante Palaversa,MID,749999.9999999998,806910.7036123993,818636.4468950827,40125.96171092708
ante rebic__1993-09-21,,,,1823674.9226640137,1837294.204451818,36508.77136655999
antef tsoungui__2002-12-30,,,,898163.3058258621,898163.3058258621,99343.23003519082
anthony bermont__2005-02-10,,,,2554840.2834393047,2594186.4636576157,269277.4893218897
anthony briancon__1994-11-29,,,,1171654.9489309953,1170849.662125721,32719.171647999243
anthony caceres__1992-09-29,,,,683173.7952406668,683173.7952406668,
anthony caci__1997-07-01,,,,11773345.493981134,11721244.984950032,960526.8451739297
anthony dennis__2004-06-21,,,,2625287.551089968,2632817.513790074,167839.76736369092
anthony descotte__2003-08-03,,,,1271347.6537233235,1253582.989926362,85265.62914217051
anthony lopes__1990-10-01,,,,1488089.8350965362,1488089.8350965362,157262.56028210072
anthony moris__1990-04-29,,,,786153.3277407801,786153.3277407801,
anthony musaba__2000-12-06,,,,3487634.1255532755,3963003.0748573416,721090.9787973581
anthony nwakaeme__1989-03-21,Anthony Nwakaeme,MID,700000.0000000006,992700.2093388337,992700.2093388337,150916.73779904647
anthony oyono__2001-04-12,,,,857232.1137479115,857232.1137479115,131073.98854813402
anthony racioppi__1998-12-31,,,,1171155.5733140407,1188762.600878202,47976.957031581514
anthony ralston__1998-11-16,,,,1847589.713225932,1901858.656802724,132816.71709033853
anthony ribelin__1996-04-08,,,,415047.84854125325,415047.84854125325,
anthony rouault__2001-05-29,,,,7713191.186980027,7713191.186980027,272011.0867174565
anthony valencia__2003-07-21,,,,1583363.851183174,1581263.9231782872,82783.37936569066
antoine baroan__2000-06-24,,,,876554.9722098542,866799.7427951745,30274.391597244743
antoine bernede__1999-05-26,Antoine Bernede,MID,2000000.0000000016,2909028.5476285913,2956534.213732583,175537.35876589286
antoine bernier__1997-09-10,,,,1535997.348598577,1593981.732663767,129597.98609057031
antoine colassin__2001-02-26,,,,876560.873133863,861863.7455207582,78092.71652945019
antoine griezmann__1991-03-21,Antoine Griezmann,MID,15749999.999999972,15780483.29403331,15597039.518744726,1528563.6020677562
antoine joujou__2003-03-12,Antoine Joujou,MID,2100000.000000001,2010913.4657417848,2013445.5739468168,87780.4317659995
antoine leautey__1996-04-14,,,,1625969.5979774813,1625969.5979774813,163360.99127279336
antoine makoumbou__1998-07-18,,,,3917111.1157334885,3917111.1157334885,234266.79155843495
antoine mendy__2004-05-27,,,,4694651.176520032,4782044.743274342,207153.0374612075
antoine rabillard__1995-09-22,,,,551087.5184279603,543881.8034764079,16159.168667801243
antoine semenyo__2000-01-07,Antoine Semenyo,MID,50749999.99999993,42905744.28200357,42905744.28200357,
anton gaaei__2002-11-19,Anton Gaaei,DEF,4300000.000000002,3096652.783971083,3135409.12667477,136727.45810969477
anton kade__2004-01-17,,,,3396755.82601563,3428059.976997667,213956.0755750116
anton kresic__1996-01-29,,,,404583.34722073586,404583.34722073586,87613.90103742735
anton saletros__1996-04-12,,,,2399953.533395637,2415592.6342829377,44076.08758288325
anton stach__1998-11-15,Anton Stach,MID,18250000.00000002,15349722.837553998,15349722.837553998,
anton tanghe__1999-01-28,Anton Tanghe,DEF,1249999.999999999,1732108.7687419646,1635854.382116905,170440.44332769845
anton tsarenko__2004-06-17,,,,967971.128607453,967971.128607453,
antonee robinson__1997-08-08,,,,27307418.217615634,27307418.217615634,
antoni milambo__2005-04-03,,,,10756704.854380935,10756704.854380935,732688.862313615
antonin barak__1994-12-03,,,,3371638.794577564,3371638.794577564,
antonin bobichon__1995-09-14,,,,1205123.7268877833,1205123.7268877833,48852.22094211313
antonin kinsky__2003-03-13,,,,8717842.451362634,8514006.027103852,372572.4345451255
antonino gallo__2000-01-05,Antonino Gallo,DEF,4999999.999999999,7188543.300346228,6860305.5336937485,684497.3957389885
antonio barreca__1995-03-18,Antonio Barreca,DEF,837499.9999999995,855292.2890385374,855292.2890385374,78893.9436854673
antonio candela__2000-04-27,,,,1611407.4104232935,1611407.4104232935,
antonio caracciolo__1990-06-30,,,,608896.2145391409,613226.2074169514,29653.83722681783
antonio colak__1993-09-17,,,,1068813.6471281475,1061864.3179860883,76711.06646646603
antonio di nardo__1998-09-30,,,,362562.24203108787,355006.96682776086,16068.140463912598
antonio foti__2003-11-03,,,,1101940.5485461901,1101940.5485461901,25678.251873854813
antonio milic__1994-03-10,,,,1318451.844682067,1292474.926352575,98618.43128789855
antonio nusa__2005-04-17,,,,18991880.887624916,18991880.887624916,6035008.328378483
antonio palumbo__1996-08-06,,,,3646578.309275625,3704102.786595915,217671.71687105938
antonio rudiger__1993-03-03,,,,28339169.774827532,28339169.774827532,
antonio sanabria__1996-03-04,,,,4992262.560812394,4992262.560812394,
antonio tikvic__2004-04-21,,,,897761.0918856476,897761.0918856476,
antonio vergara__2003-01-16,,,,1798146.5330414898,1817911.1847766717,137008.6972958814
antonios papadopoulos__1999-09-10,,,,2045244.828493161,2045244.828493161,
antonis tsiftsis__1999-07-21,Antonis Tsiftsis,GK,1050000.0000000007,1309611.6281124933,1332285.1219418657,57575.17090856803
antony evans__1998-09-23,,,,609813.8132389726,609813.8132389726,52431.73219432496
antwoine hackford__2004-03-20,,,,272055.0198592628,272055.0198592628,
apostolos konstantopoulos__2002-08-02,,,,1162138.4388501237,1162138.4388501237,48284.7591865686
aral simsir__2002-06-19,,,,8066775.3437025,7995294.481467463,333906.1909256034
arber zeneli__1995-02-25,,,,1436424.16993633,1443628.574169938,112438.37311409981
arbnor mucolli__1999-09-15,,,,1143151.14292648,1019785.3803461166,269320.7951975712
arbnor muja__1998-11-29,,,,3492806.908383107,3492806.908383107,
archie brown__2002-05-28,,,,5251942.504164685,5281943.861468577,105530.55316946792
archie gray__2006-03-12,,,,16300501.30983244,15705582.746857483,1623786.5836583793
archie meekison__2002-05-04,,,,246249.62550922402,248372.9303869191,12612.584929166436
arda guler__2005-02-25,,,,49744041.68220967,54137402.833440326,9771581.159686117
arda kzldag__1998-10-15,,,,1524138.9014481846,1622947.1492432232,208989.35172818188
arda unyay__2007-01-18,Arda Ünyay,DEF,837499.9999999995,1001112.1107906434,1001112.1107906434,66234.52005411715
ardian ismajli__1996-09-30,Ardian Ismajli,DEF,3299999.9999999986,3503264.930634674,3503264.930634674,260611.64279413575
ardon jashari__2002-07-30,,,,21335168.140483297,21335168.140483297,
argyrios liatsikouras__2006-12-20,,,,897509.3661063943,897509.3661063943,30053.553925457632
arif bosluk__2003-06-06,,,,562734.4144149275,568723.4144155977,62061.25777982013
arif kocaman__2003-09-14,,,,722498.7202658084,722416.051735256,66563.88830302868
arijanet muric__1998-11-07,,,,2682068.201233932,2665898.1265251795,153051.72220478312
arijon ibrahimovic__2005-12-11,Arijon Ibrahimović,MID,3700000.000000002,5521385.346509948,5521385.346509948,487799.848300724
aritz elustondo__1994-03-28,,,,4888577.342814492,4900684.561624428,208146.00449346047
arkadiusz milik__1994-02-28,Arkadiusz Milik,FWD,6749999.999999997,8892195.323294446,9109449.738314783,478895.75411633257
armand lauriente__1998-12-04,Armand Laurienté,MID,19000000.000000015,24180442.94899804,24837015.70797722,2154122.143526169
armando izzo__1992-03-02,,,,2192867.091031,2190883.1880806875,100848.0311956035
armando obispo__1999-03-05,,,,3545505.041665882,3545505.041665882,446583.2826924246
armel bellakotchap__2001-12-11,,,,5524867.400727329,5527621.391508993,286856.3252867505
armindo sieb__2003-02-17,Armindo Sieb,MID,3600000.0000000014,4039950.0177300517,4039950.0177300517,199464.36321981912
arnaud bodart__1998-03-11,,,,2652133.186100521,2651247.5057847337,149628.45152835984
arnaud kalimuendo__2002-01-20,,,,18337678.26676153,17805938.554656003,1792402.8410219825
arnaud nordin__1998-06-17,,,,3246022.096842281,3246022.096842281,
arnaut danjuma__1997-01-31,Arnaut Danjuma,MID,4750000.000000003,5909208.508158781,5909208.508158781,1295472.0899571497
arne engels__2003-09-08,,,,8785504.63723868,9313513.32742147,1763744.4572185094
arne maier__1999-01-08,,,,4399695.474082534,4420366.7066280395,1635566.5735951364
arno verschueren__1997-04-08,,,,1426128.657467285,1426128.657467285,50482.89613974021
arnor ingvi traustason__1993-04-30,Arnór Ingvi Traustason,MID,999999.9999999997,642714.4500788634,639028.8769248781,59422.90398976011
aron gunnarsson__1989-04-22,Aron Gunnarsson,MID,199999.99999999997,267108.20293760207,259202.66463164662,16816.64036676002
arouna sangante__2002-04-12,,,,6443081.134085173,6540468.970376788,373049.8681760562
arsen zakharyan__2003-05-26,,,,5418367.3265845785,5418367.3265845785,
arsene kouassi__2004-09-11,,,,4832559.86476914,4727939.42099674,257444.2530117978
arseniy batagov__2002-03-05,,,,8863256.434549786,8619288.592518603,468428.4628560567
artem bondarenko__2000-08-21,,,,14464296.789725114,14590724.98824612,531048.8649993911
artem dovbyk__1997-06-21,,,,28252434.57555594,28252434.57555594,1360872.1941317352
artem putivtsev__1988-08-29,,,,181281.17726435998,169442.50407729275,46162.92666568459
artem smolyakov__2003-05-29,Artem Smolyakov,DEF,787499.9999999994,787960.1665883338,741101.9071063685,148763.34241175553
artem stepanov__2007-08-10,,,,1542287.5144906028,1542287.5144906028,10099.094717793057
arthur atta__2003-01-14,,,,7256398.720188787,7256398.720188787,
arthur masuaku__1993-11-07,Arthur Masuaku,DEF,3299999.9999999986,4162467.9271224905,4107990.450738617,218400.88518818485
arthur okonkwo__2001-09-09,,,,1671176.0087035531,1671176.0087035531,8457.596872653647
arthur piedfort__2005-02-01,,,,3566326.8918136633,3589709.6718853046,212614.464080598
arthur theate__2000-05-25,,,,25578890.47259718,25578890.47259718,301529.1687854927
arthur vermeeren__2005-02-07,,,,23075161.54649724,23645044.74759391,1750607.873969993
arthur zagre__2001-10-04,,,,1698690.7714559017,1664604.5702915492,73979.5984166592
artur jedrzejczyk__1987-11-04,Artur Jędrzejczyk,DEF,175000.00000000012,104054.24650010077,104054.24650010077,
arturo calabresi__1996-03-17,,,,1096936.098381734,1096936.098381734,39853.725612345144
arturo vidal__1987-05-22,Arturo Vidal,MID,600000.0000000003,270078.9670938796,279242.1392819614,45779.96769270815
arvin appiah__2001-01-05,,,,1138907.331736834,1133551.5299359483,16464.0692280042
asbjrn bndergaard__2004-05-05,,,,666628.395539024,666880.3477497054,21158.372464565557
aschraf el mahdioui__1996-05-24,,,,12856551.639855862,12642351.199615445,1210482.9216851948
ashley barnes__1989-10-30,Ashley Barnes,MID,437499.9999999996,703996.1261681004,656761.7942485216,103987.23469178096
ashley fletcher__1995-10-02,Ashley Fletcher,FWD,825000.0000000006,700619.7783672241,684667.5041621365,37005.31763514301
ashley hay__2003-07-10,Ashley Hay,FWD,249999.9999999998,343758.2032521836,343758.2032521836,25179.239197707797
ashley maynardbrewer__1999-06-25,Ashley Maynard-Brewer,GK,474999.99999999977,429911.06962012313,427629.53989639273,4525.304633759046
ashley phillips__2005-06-26,,,,3759843.9387929225,3704582.4004449705,304349.62107634277
ashley westwood__1990-04-01,,,,836981.6332742774,838708.9407026938,15112.253841124886
ashley young__1985-07-09,,,,588690.4289366258,588690.4289366258,77864.04927532951
aske adelgaard__2003-11-10,,,,1149659.5596161895,1149659.5596161895,
aske andresen__2005-07-12,,,,618209.1656968327,621795.7815325009,9483.025213175777
asker beck__2003-07-07,,,,904434.1601495869,904434.1601495869,
asmir begovic__1987-06-20,,,,257897.7616341579,257897.7616341579,80319.281444537
assan ouedraogo__2006-05-09,Assan Ouédraogo,MID,6999999.999999995,10514522.600647358,9920504.568076013,1126895.7413542485
assane diao__2005-09-07,,,,14202202.388087869,14229838.94567413,255634.96251501254
assane diousse__1997-09-20,Assane Dioussé,DEF,1050000.0000000007,1420411.963696708,1401350.8282670393,44363.85520558385
aster vranckx__2002-10-04,,,,6356256.143516287,6334097.275520616,129856.58246877756
aston oxborough__1998-05-09,,,,380797.3371385984,380797.3371385984,
ataberk dadakdeniz__1999-08-05,,,,773442.1930878004,771785.3647932645,12725.838431688975
atakan karazor__1996-10-13,Atakan Karazor,MID,9249999.999999987,7751152.132343811,7641114.344084615,581994.2492907913
atli barkarson__2001-03-19,,,,447642.57172668,505876.60618771735,142717.56295636154
atsuki ito__1998-08-11,,,,1996305.6945364391,1996305.6945364391,
attila mocsi__2000-05-29,,,,1408589.334248413,1371438.7841021842,75486.26758598433
attila szalai__1998-01-20,,,,1712933.1807095695,1696814.0152499028,158841.4746637307
august erlingmark__1998-04-22,,,,871302.8128349675,885739.6068737102,35190.96264503639
august priske__2004-03-23,,,,4538943.678843171,4743128.459161273,376571.493313773
augusto batalla__1996-04-30,,,,12523943.11092026,11950298.875221865,1341473.8940223046
augusto max__1992-08-10,,,,624917.8087407905,632613.5154185061,41961.066739602415
aurele amenda__2003-07-31,,,,4614855.793656009,4651241.883534787,191585.5384343415
aurelian chitu__1991-03-25,,,,508146.0379910653,508146.0379910653,12869.899340466724
aurelien nguiamba__1999-01-18,,,,422783.1540850391,419792.8079157388,17348.98334458026
aurelien platret__2003-02-20,,,,709859.4476184224,709859.4476184224,
aurelien scheidler__1998-06-04,Aurélien Scheidler,FWD,1650000.0000000007,1675423.4383002594,1668632.1190908554,88488.6647803375
aurelien tchouameni__2000-01-27,,,,57367637.53179274,56943699.43267973,911062.7399308254
aurelio oehlers__2004-02-05,,,,982373.989488303,1000150.0773487462,69416.38257156977
auston trusty__1998-08-12,,,,6916443.892448285,7028366.092085346,313127.66230048524
awer mabil__1995-09-15,,,,888314.6394922584,915074.7080074424,46948.93042421196
axel bjornstrom__1995-09-10,,,,402123.46549995826,402123.46549995826,15361.593271854594
axel borgmann__1994-07-08,,,,526888.0677529369,526888.0677529369,
axel camblan__2003-08-30,,,,855347.4865898945,842857.8706830133,38790.111726118426
axel disasi__1998-03-11,,,,12411734.68900545,12411734.68900545,482622.38095450524
axel gueguin__2005-03-24,,,,563020.650460566,546592.7557282117,54390.879404690495
axel piesold__2005-03-31,,,,190665.82746292895,189844.1728714905,10207.112423014381
axel tape__2007-08-10,,,,2082679.1103682972,1952263.070065806,229751.43127136334
axel willockx__2007-02-07,,,,233484.7265009818,232480.18643789666,6057.525527059025
axl de corte__2006-03-24,,,,671901.4300655387,669136.5013006211,16162.950009437132
ayanda sishuba__2005-02-02,,,,715895.199469733,715895.199469733,21333.054270837027
ayase ueda__1998-08-28,,,,16520204.421377296,16849629.617654286,2336847.6170285856
ayden heaven__2006-09-22,,,,11308630.65066291,11336741.914888646,524504.6087530389
aymen sliti__2006-03-24,,,,1375019.4051127397,1375019.4051127397,93275.63062755916
aymeric laporte__1994-05-27,Aymeric Laporte,DEF,15000000.00000001,17736879.92105607,17736041.424182214,263578.21946964436
ayoni santos__2005-07-18,,,,752641.0474482911,771353.842157659,137558.34585038738
ayoub el kaabi__1993-06-25,,,,11569301.586060323,11569301.586060323,
ayoub oufkir__2006-01-04,,,,1563545.3210931881,1646766.1045985154,165618.25858123676
ayumu seko__2000-06-07,,,,2763095.757054604,2763095.757054604,48425.7930023139
ayumu yokoyama__2003-03-04,Ayumu Yokoyama,MID,1249999.999999999,1236395.3556875691,1221474.4578598822,81942.56074272668
ayyoub bouaddi__2007-10-02,Ayyoub Bouaddi,MID,25250000.000000004,20916350.897390187,20549362.117480423,1342666.0102245559
aziz behich__1990-12-16,,,,496954.9232118519,480683.0189475001,33790.99488169798
azor matusiwa__1998-04-28,,,,6221200.100977802,6214765.338631745,211007.78121969482
azzedine ounahi__2000-04-19,Azzedine Ounahi,MID,15249999.999999983,20992706.266131848,20871401.91589202,1072043.62530597
bachir gueye__2003-03-08,,,,920186.9793844972,908258.994030252,48497.531273215354
badavi huseynov__1991-07-11,Badavi Hüseynov,DEF,349999.9999999997,346352.3686297739,351067.7769451746,50507.984206307716
badredine bouanani__2004-12-08,Badredine Bouanani,MID,8999999.999999996,8625661.373540426,8849533.943446334,506774.8998134524
bahadr gungordu__1996-01-16,,,,742963.1117287854,742963.1117287854,28756.14647758445
bahadr ozturk__1995-10-01,,,,502833.698828453,520997.815867253,55619.96418197097
bahmed deuff__2006-03-10,,,,982240.0164854176,988380.5536536132,11143.248619864316
baila diallo__2001-06-24,,,,968650.3965482075,968650.3965482075,29837.12762171561
bailey peacockfarrell__1996-10-29,,,,514933.2364271352,514933.2364271352,3454.001219502055
bailey rice__2006-10-04,,,,654146.3457109588,654146.3457109588,15003.094500454998
baily cargill__1995-07-05,,,,492279.9645838977,492367.91169150587,10971.56689573878
bakary haidara__2005-06-01,,,,620028.2782535627,620028.2782535627,
bakery jatta__1998-06-06,,,,1216504.2414243144,1240864.3711161092,155404.58054931273
bali mumba__2001-10-08,,,,1913686.044564636,1913686.044564636,492199.63759869
balthazar pierret__2000-05-15,Balthazar Pierret,MID,1249999.999999999,1267275.2924696652,1300285.9890975596,97015.87747607275
bamba dieng__2000-03-23,,,,2767428.581396001,2754881.9095411245,136396.23615590524
bambase conte__2003-07-07,,,,2020259.3127468138,2047170.8351607108,48228.40418323391
bambo diaby__1997-12-17,,,,1365458.2023182092,1333273.1129473038,109298.34999983714
bamo meite__2001-12-03,,,,5421879.23265937,5421879.23265937,202339.2682408706
bandiougou fadiga__2001-01-15,Bandiougou Fadiga,MID,512499.9999999997,605155.7782722913,610000.055030762,14824.663569260487
baptiste guillaume__1995-06-16,,,,740994.3795763974,740994.3795763974,61664.78894496112
baptiste mouazan__2001-09-27,,,,825115.8092134455,833401.3552430663,28275.536519436642
baptiste santamaria__1995-03-09,,,,4514122.72643907,4514122.72643907,437757.24013905245
bard finne__1995-02-13,,,,1210390.2103618104,1210390.2103618104,3308.23838664621
barnabas varga__1994-10-25,,,,7574048.540738683,7574048.540738683,317005.7285043451
barry bannan__1989-12-01,Barry Bannan,MID,749999.9999999998,803601.3376307689,812822.2956174747,61362.557735134586
bars alper ylmaz__2000-05-23,Barış Alper Yılmaz,MID,26499999.999999996,25425984.110713594,25425984.110713594,
bart nieuwkoop__1996-03-07,Bart Nieuwkoop,DEF,2349999.999999999,2700475.6395878443,2910791.285477301,467087.22140753816
bart schenkeveld__1991-08-28,,,,979323.7342397401,979323.7342397401,52265.493703538996
bart van rooij__2001-05-26,,,,5417138.811292869,5417138.811292869,263340.49428133946
bart verbruggen__2002-08-18,,,,27931319.92377639,27972085.58152447,1819487.3951901412
bart vriends__1991-05-09,,,,301758.94682215754,309541.81373318157,14449.283601282294
bartol franjic__2000-01-14,,,,1665269.3338887794,1665269.3338887794,43315.781130341245
bartosz bereszynski__1992-07-12,,,,939332.5537753709,923761.5757526379,49635.88336152666
bartosz salamon__1991-05-01,,,,402412.35409042693,402412.35409042693,20286.793154311465
bartosz slisz__1999-03-29,Bartosz Slisz,MID,3799999.9999999995,3752164.0302628987,3714089.2499648994,155863.8370089081
bartug elmaz__2003-02-19,,,,1610212.5714393228,1601584.7115759163,41340.00286839885
bas kuipers__1994-08-17,,,,1259904.0803603902,1234142.6634368394,104950.75246938599
basar onal__2004-07-06,,,,2507085.2426317013,2507085.2426317013,
bastien meupiyou__2006-03-19,,,,855727.7863337977,842040.3195699496,38393.959278922186
batista mendy__2000-01-12,,,,12471310.017457774,12671148.158895312,1039740.8118190145
batuhan sen__1999-02-03,,,,844159.4335428061,853646.0804520138,46463.21056456519
batuhan yavuz__2005-05-04,Batuhan Yavuz,DEF,237499.99999999983,288325.26536574843,288325.26536574843,10594.079879538951
bazoumana toure__2006-03-02,Bazoumana Touré,MID,10499999.999999994,9616180.681334998,9799006.496531364,840366.582422777
becir omeragic__2002-01-20,,,,5975992.755061388,5975992.755061388,1634050.8139272563
bedirhan cetin__2006-06-29,,,,296839.65773989045,294769.78976066574,36899.18762619781
ben amos__1990-04-10,Ben Amos,GK,172499.99999999985,146942.55799702177,146942.55799702177,2899.6703632294875
ben bobzien__2003-04-29,Ben Bobzien,FWD,1150000.0000000005,1211895.5734467616,1248507.7602298306,79779.09728133265
ben brereton diaz__1999-04-18,,,,2567042.2375007686,2625471.1399700562,277667.5977159869
ben chilwell__1996-12-21,,,,9404040.576947514,9404040.576947514,
ben chrisene__2004-01-12,,,,1095173.2626072268,1079930.2155816138,42087.84072120358
ben davies__1993-04-24,,,,4341575.054709804,4377646.788869344,140443.47212641142
ben davies__1995-08-11,,,,1850733.5907477967,1805627.444912653,164118.0953648804
ben gannondoak__2005-11-11,,,,7386097.034581989,7057254.984509587,783181.6818200459
ben garuccio__1995-06-15,,,,1014748.433250276,1014748.433250276,
ben gibson__1993-01-15,,,,676584.9909986826,676584.9909986826,2078.1328462203155
ben godfrey__1998-01-15,,,,2787045.003166347,2787045.003166347,62559.44773303768
ben hamed toure__2003-08-21,,,,1090108.6388256445,1137431.4125360125,162874.33819162496
ben hamer__1987-11-20,,,,165926.6769645238,165926.6769645238,12198.422087993411
ben johnson__2000-01-24,,,,4348322.585315519,4503295.864667487,454220.1095465365
ben lhassine kone__2000-03-14,,,,1134478.648700586,1113194.491594112,72417.131713887
ben mee__1989-09-21,Ben Mee,DEF,812499.9999999993,728888.0178910634,728888.0178910634,104013.83300483444
ben nelson__2004-03-18,,,,1501683.6368778956,1501691.4786746511,51978.72808648286
ben osborn__1994-08-05,,,,1018987.1299452576,1029642.7208734946,80238.8806924127
ben purrington__1996-05-20,,,,413380.36938238435,413380.36938238435,
ben sheaf__1998-02-05,,,,3564817.345374207,3585114.4732302735,214671.4865810642
ben wilmot__1999-11-04,Ben Wilmot,DEF,4150000.000000003,2266448.427695918,2293779.8383823023,61693.369484009665
ben woodburn__1999-10-15,Ben Woodburn,MID,812499.9999999993,432499.09407552925,453586.0986767585,52399.87393223124
benedict hollerbach__2001-05-17,,,,7556297.610940444,7556297.610940444,34077.16769348578
benedikt gimber__1997-02-19,,,,2423027.278478036,2423027.278478036,122159.54350746394
benedikt saller__1992-09-22,,,,402725.2331355242,476193.6671123473,172606.74854893953
beni baningime__1998-09-09,,,,3368873.997255558,3412362.2912815274,180860.68413560148
benie traore__2002-11-30,Bénie Traoré,MID,8249999.9999999935,10245228.684515683,10123976.597263392,508744.8492217426
benito raman__1994-11-07,Benito Raman,MID,2150000.0,2371794.1514525427,2370679.3725022813,66513.34134098476
benjamin andre__1990-08-03,,,,6035165.605203964,6072426.1941927,746283.9653369702
benjamin fredrick__2005-05-28,,,,838351.368972955,830418.4947689134,25792.076110742037
benjamin hadzic__1999-03-04,Benjamin Hadžić,MID,177500.00000000015,226071.54314344178,226578.87417604847,35546.0307177107
benjamin henrichs__1997-02-23,,,,15222810.106682245,15222810.106682245,6007279.488538043
benjamin kallman__1998-06-17,,,,3196786.895630508,3196864.831055896,14805.021275314573
benjamin lecomte__1991-04-26,,,,964380.4740645182,970020.8577120306,16263.133981378993
benjamin leroy__1989-04-07,Benjamin Leroy,GK,139999.9999999999,147115.42238786072,142981.34763131206,12061.625353168862
benjamin mendy__1994-07-17,,,,620949.0985168034,642571.2794170893,54698.53494270461
benjamin nygren__2001-07-08,,,,4996524.498042738,5097473.772572491,486609.486054072
benjamin pauwels__2004-10-29,,,,1206529.6724768358,1206529.6724768358,729.285329771749
benjamin pavard__1996-03-28,,,,26029739.087924317,28587695.379203867,4671716.677340973
benjamin sesko__2003-05-31,,,,37977431.5133545,37386114.53228469,2658229.614083298
benjamin siegrist__1992-01-31,,,,567252.9694613032,566752.0746044988,3359.723098992761
benjamin stambouli__1990-08-13,Benjamin Stambouli,MID,600000.0000000003,743672.9803552236,721276.112615041,66645.068824605
benjamin tahirovic__2003-03-03,,,,1685428.15099757,1685428.15099757,4012.1166392445743
benjamin uphoff__1993-08-08,Benjamin Uphoff,GK,474999.99999999977,604318.6041298372,598001.5952480629,14871.169257724727
benjamin van durmen__1997-03-20,Benjamin Van Durmen,MID,562500.0000000003,630146.4174116962,630146.4174116962,36310.321933742074
benji michel__1997-10-23,,,,438174.1665081478,425853.4959133646,38388.7836605901
benoit badiashile__2001-03-26,,,,14651700.31317282,14651700.31317282,
benoit nyssen__1997-09-12,Benoit Nyssen,DEF,712500.0000000002,796819.4416909367,800206.0888820805,21735.525568284276
berat djimsiti__1993-02-19,,,,8237898.738122702,8310568.009447105,202507.10643115253
berat ozdemir__1998-05-23,Berat Özdemir,MID,3550000.0000000014,3056590.1496367482,3056590.1496367482,62209.57331605541
berkan kutlu__1998-01-25,,,,1966689.095337227,1966689.095337227,19389.919134720556
berkay ozcan__1998-02-15,,,,1259611.1279320703,1259611.1279320703,5979.357046979152
berke ozer__2000-05-25,,,,12913153.839077786,12901221.445490696,143926.5150132644
bernardo schappo__1999-03-22,,,,1549384.549171322,1549384.549171322,42565.41647615285
bernd leno__1992-03-04,,,,6022359.401486296,6022359.401486296,83683.12267651396
bernt klaverboer__2005-09-26,,,,1289989.8914438947,1289989.8914438947,74152.93763965777
bersant celina__1996-09-09,,,,1187813.9267496248,1205168.2969074235,93233.4434409159
bert esselink__1999-08-16,Bert Esselink,DEF,487499.9999999996,456028.6700310676,472087.6983229853,29296.532091676225
bertrand traore__1995-09-06,,,,4506388.217294687,4506388.217294687,1710593.6715274462
bertug yldrm__2002-07-12,,,,2502032.6249601557,2530405.204235187,93120.88600082781
besard sabovic__1998-01-05,,,,1221411.6601477216,1226772.402414875,84558.46231614445
bi abdoul kader yameogo__2004-12-17,,,,447407.0210728947,444887.8660279941,45120.507914940055
bilal bafdili__2004-08-03,,,,3228562.6930946736,3210311.0385524738,273379.1196121279
bilal bayazt__1999-04-08,,,,1101971.8749042044,1113615.343135758,34013.25875919619
bilal boutobba__1998-08-29,,,,1832952.501209897,1779927.878922321,92542.70782603852
bilal el khannouss__2004-05-10,,,,17824589.191737987,17824589.191737987,
bilal nadir__2003-11-28,,,,5330442.21515203,5235313.824797278,170265.9501832343
bill antonio__2002-09-03,,,,890707.8362136304,890707.8362136304,42729.332162247956
bill tuiloma__1995-03-27,,,,510561.7492130308,510561.7492130308,
billy gilmour__2001-06-11,,,,9936302.882110681,9993573.615556875,945284.52306066
billy koumetio__2002-11-14,,,,592006.8079750132,600727.3413943112,21519.844494029556
billy sharp__1986-02-05,,,,133771.83081113704,135169.64967572023,16972.631761503737
billy van duijl__2005-10-04,,,,657914.7954387529,661947.5596327928,30370.5611922312
bingourou kamara__1996-10-21,,,,988895.8268604117,988895.8268604117,
birger meling__1994-12-17,,,,1602726.188681677,1620324.6222049568,60150.92508393885
birger verstraete__1994-04-16,,,,1220540.5201562122,1220668.8686152052,65570.74639232623
birk risa__1998-02-13,,,,1046117.4180823503,1051728.5983043073,55611.18815167412
bjarke jacobsen__1993-08-21,,,,403969.84949465556,403869.9945812456,14446.574098811036
bjorn meijer__2003-03-18,,,,4669550.083016549,4685970.867325662,261596.43329672472
bjrn paulsen__1991-07-02,,,,313455.5451756086,316208.3319276577,26089.572609248167
blair spittal__1995-12-19,,,,1004765.0922519971,1018017.7501938674,46738.714021921085
blair turgott__1994-05-22,,,,451877.8643738084,450820.4079265114,12995.081166268415
blas riveros__1998-02-03,,,,1976945.7836642026,1976945.7836642026,
blaz kramer__1996-06-01,,,,1286223.8566336099,1286223.8566336099,
blendi idrizi__1998-05-02,,,,690556.4063278155,690556.4063278155,32742.310312948313
bobby clark__2005-02-07,,,,1957236.8724274454,1876871.9870302905,171688.77762622305
bobby de cordovareid__1993-02-02,,,,2612489.7505180864,2612489.7505180864,
bobby thomas__2001-01-30,,,,4632384.519337232,4979745.869235186,941144.270186309
bobby wales__2005-06-23,,,,1219898.042034737,1219898.042034737,556860.6907634536
bogdan racovitan__2000-06-06,,,,1283901.2671048825,1282576.7988728392,50458.72525926573
bojan miovski__1999-06-24,,,,3128103.450205781,3128103.450205781,109371.93472677647
bojan radulovic__1999-12-29,,,,603560.4400297949,603560.4400297949,
boli bolingoli__1995-07-01,,,,578087.4633336996,580639.8097668502,11530.576986382172
boris popovic__2000-02-26,,,,1008870.840555995,1008870.840555995,9718.869577350915
boris radunovic__1996-05-26,,,,915564.786791402,915564.786791402,96960.71338338559
borna sosa__1998-01-21,,,,3483040.1004797793,3516967.6128578866,320897.8517498012
bosko sutalo__2000-01-01,Boško Šutalo,DEF,2150000.0,1826370.820277625,1839326.8226564932,76402.65860496748
botond balogh__2002-06-06,,,,2822831.3651420847,2822831.3651420847,205578.59507806954
boubacar kamara__1999-11-23,,,,53279959.61083623,53279959.61083623,1509252.4272820854
boubacar traore__2001-08-20,,,,2186900.60782221,2212482.352494266,146019.36244263785
boubakary soumare__1999-02-27,,,,5395093.35654347,5376272.866639608,50125.7779775598
boulaye dia__1996-11-16,,,,21844229.452709988,21844229.452709988,
boy kemper__1999-06-21,Boy Kemper,DEF,1024999.9999999995,1022040.6689346182,1022040.6689346182,58809.7716613076
boyd lucassen__1998-07-01,,,,542794.510791726,542794.510791726,
bozhidar kraev__1997-06-23,,,,1062626.8185278424,1152195.2576559463,222361.21087289398
brad lyons__1997-05-26,Brad Lyons,DEF,537500.0000000003,565194.7790684603,552446.0569735428,39168.773251586994
brad spencer__1996-05-16,,,,347475.44482803455,349539.26794237865,16513.26436261691
bradley barcola__2002-09-02,Bradley Barcola,MID,65750000.0000001,56680320.48453317,55891607.41145863,4175113.9188851546
bradley ibrahim__2004-10-21,,,,901082.5273599231,901082.5273599231,24610.556600405132
bradley locko__2002-05-06,Bradley Locko,DEF,9999999.999999996,6811783.219444172,6606986.762323109,451532.4279908765
bradley mazikou__1996-06-02,Bradley Mazikou,DEF,1050000.0000000007,862657.9121529227,873141.2196065669,88828.88133194846
brady scott__1999-06-30,Brady Scott,GK,237499.99999999983,271019.3886101005,271019.3886101005,12592.310399957487
brahim diaz__1999-08-03,,,,35705777.423989855,35177979.17269639,1813632.1928250613
brahim ghalidi__2005-01-31,,,,353408.0947342747,357319.89285304287,10143.766510924199
brahim traore__2004-02-04,,,,949539.0301990447,922619.6289823634,49962.34909064833
brajan gruda__2004-05-31,,,,11920972.680781944,12803919.457251597,1557305.2126509366
bram lagae__2004-01-14,,,,958303.4834313169,938360.8262355644,34750.082948491596
bram nuytinck__1990-05-04,,,,358894.9032230695,358894.9032230695,
branco van den boomen__1995-07-21,,,,2078575.1587773664,2078575.1587773664,11829.156898129688
brandley kuwas__1992-09-19,,,,693879.252863507,693879.252863507,
brandon austin__1999-01-08,,,,969984.4125208603,969984.4125208603,103062.84442512995
brandon borrello__1995-07-25,Brandon Borrello,MID,1150000.0000000005,1128938.2402949838,1128938.2402949838,414236.463794655
brandon comley__1995-11-18,,,,285936.1324880032,285936.1324880032,19774.425124606285
brandon domingues__2000-06-06,,,,971972.7646151667,971972.7646151667,
brandon khela__2005-01-19,Brandon Khela,MID,537500.0000000003,641393.8166441789,630696.3914251894,32618.157191179856
brandon mechele__1993-01-28,,,,6320494.856351027,6320494.856351027,200142.74823882562
brandon soppy__2002-02-21,,,,1530352.1864643053,1580922.439798386,105130.93580434968
branimir hrgota__1993-01-12,,,,1350523.9607585606,1377588.0493999198,56533.60782630037
brayan medina__2002-03-04,,,,1719634.4271462047,1719634.4271462047,23352.19117766207
brayan vera__1999-01-15,,,,1300225.8675185693,1300225.8675185693,163491.76479919255
breel embolo__1997-02-14,,,,11708474.303927202,11611067.268641213,826830.2643914871
brendan chardonnet__1994-12-22,,,,5932864.47624411,5973098.728151422,96331.15233998153
brendan galloway__1996-03-17,,,,473003.43758785294,473003.43758785294,
brenden aaronson__2000-10-22,,,,8525261.931694182,9923210.351876767,2633892.222867957
brennan johnson__2001-05-23,Brennan Johnson,MID,30000000.00000005,31660641.61605129,33590036.40445952,5066814.3946147645
brent gabriel__1999-01-27,,,,875315.1757297281,884888.2648489629,31784.236863871567
brian brobbey__2002-02-01,,,,21108073.47872555,21101050.606470063,727473.1798885437
brian graham__1987-11-23,,,,137893.31834954474,134396.2866725539,10754.357096441638
brian mansilla__2002-05-14,,,,1712992.8118989044,1705048.5427829835,172643.0478238773
brian ocampo__1999-06-25,,,,1986958.0791116897,1986958.0791116897,76662.25033809431
brian orosco__1998-02-28,,,,413605.0631880029,413605.0631880029,24197.2395422002
brice samba__1994-04-25,,,,11106695.13683346,11106695.13683346,
bright arreymbi__2003-03-26,,,,3564644.631923795,3535315.637219361,100484.23048362724
bright osayisamuel__1997-12-31,,,,2989797.392838729,3024403.793299325,185763.09822711672
brighton labeau__1996-01-01,,,,723640.9025414821,723640.9025414821,224629.1427484531
britt assombalonga__1992-12-06,,,,554286.9957988074,551548.4867927389,42618.02766036532
brodie spencer__2004-05-06,,,,1808890.8457312065,1822520.6192946697,136746.97100631098
brooke nortoncuffy__2004-01-12,,,,4912251.667851521,4912251.667851521,
brooklyn ezeh__2001-06-23,,,,781837.2328610502,779608.5440875159,12654.304201981766
bruce anderson__1998-09-23,,,,576627.7827179995,576627.7827179995,1726.6580507832823
bruno martins indi__1992-02-08,Bruno Martins Indi,DEF,487499.9999999996,571511.481463007,602781.309793908,54915.20331577727
bruno onyemaechi__1999-04-03,,,,2828470.9959593825,2858408.6131467433,52587.634510689895
bruno petkovic__1994-09-16,,,,6005019.380220175,6019129.711668914,789287.1820626672
bruno zuculini__1993-04-02,,,,1502843.8194163954,1514770.329899059,113578.39174864865
bruny nsimba__2000-04-05,Bruny Nsimba,MID,1749999.9999999998,1414299.7401290324,1424398.1165739102,59895.26373811015
bryan cristante__1995-03-03,,,,18489430.500341445,17558469.047141485,1928945.7448834903
bryan fiabema__2003-02-16,,,,633891.7221658853,633891.7221658853,
bryan goncalves__1996-07-19,,,,1176675.022305942,1190056.960641564,24481.956373636873
bryan heynen__1997-02-06,,,,12383869.978752788,12096921.01704149,509203.32479991234
bryan lasme__1998-11-14,,,,965919.5249506772,939563.9482235953,44482.41418206725
bryan limbombe__2001-05-14,Bryan Limbombe,MID,875000.0,938617.65708086,924596.9655071226,25544.50582303542
bryan linssen__1990-10-08,,,,780087.49714948,817963.8062537827,68543.06209502074
bryan okoh__2003-05-16,,,,835185.1032346033,835185.1032346033,
bryan reynolds__2001-06-28,,,,7128991.947936657,6945000.785723835,323194.05948069337
bryant nieling__2002-10-31,,,,1425645.1815473863,1425645.1815473863,37459.55702496103
bukayo saka__2001-09-05,,,,111200569.40742612,112955994.7724587,11278091.250659963
buluthan bulut__2002-07-21,Buluthan Bulut,MID,162500.00000000012,227647.6403824719,223314.38701908546,18375.664009465974
bunyamin balc__2000-05-31,,,,1520937.1324288005,1520937.1324288005,
burak ince__2004-01-20,Burak İnce,MID,637500.0000000003,668332.0853631698,664404.4601680522,38220.47610244273
burak kapacak__1999-12-08,,,,762872.2342636851,759309.1031465493,81900.3407544062
caglar soyuncu__1996-05-23,,,,9026367.910965007,9026367.910965007,660281.5774812174
cagtay kurukalp__2002-02-24,Çağtay Kurukalıp,DEF,625000.0000000002,526003.7373919195,506403.17905529076,71617.74800185532
caleb ekuban__1994-03-23,,,,2117319.1989567284,2149322.576701847,159558.73544224576
caleb kporha__2006-07-15,Caleb Kporha,DEF,987499.9999999999,1018282.7807968621,1018282.7807968621,31218.50618931745
caleb okoli__2001-07-13,Caleb Okoli,DEF,5950000.000000001,5200089.571350927,5200089.571350927,294814.83741237345
caleb taylor__2003-01-14,,,,1989803.2133312388,1985045.6797523573,47248.499814143026
caleb watts__2002-01-16,,,,601997.0008367758,576597.8770400095,68267.93348582304
caleb wiley__2004-12-22,,,,2804583.249211627,2804583.249211627,165063.50645045674
caleb yirenkyi__2006-01-15,,,,4189216.0810286785,4189216.0810286785,148105.8633125619
calem nieuwenhof__2001-02-17,Calem Nieuwenhof,MID,1600000.0000000012,1757004.5715314383,1781921.578223981,89273.55767938316
callum connolly__1997-09-23,,,,544738.1049608384,548113.9367241696,22344.62236137302
callum hendry__1997-12-08,Callum Hendry,MID,324999.9999999999,337547.29753104114,341097.4471881059,16719.887549502582
callum hudsonodoi__2000-11-07,Callum Hudson-Odoi,MID,24500000.000000007,26120145.608712003,26206081.278068148,1671491.987963924
callum lang__1998-09-08,,,,2028924.441330119,2105616.4153452087,207904.7787566057
callum mccowatt__1999-04-30,,,,1540378.56632402,1540378.56632402,
callum mcgregor__1993-06-14,,,,9204031.950388076,9204031.950388076,678988.0035202622
callum osmand__2005-11-08,,,,857748.1315264901,825477.8740757237,80764.73356916184
callum paterson__1994-10-13,,,,1055756.0768027124,1037997.8295679527,128840.99291884867
callum robinson__1995-02-02,,,,1292314.5673227885,1292314.5673227885,240829.9494456043
callum slattery__1999-02-08,,,,1084903.6470474545,1084903.6470474545,185968.27122613628
callum wilson__1992-02-27,,,,5150756.499759999,5150756.499759999,
calum chambers__1995-01-20,,,,1591561.9516362343,1581463.296764891,131909.95662886204
calum ward__2000-10-17,,,,243818.20140435096,245108.80516485212,18112.881493226952
calvin bassey__1999-12-31,Calvin Bassey,DEF,22249999.999999985,21389091.40748575,21911331.383135248,1966771.7849074285
calvin miller__1998-01-09,,,,321811.59133549116,329306.0001314463,20537.832405648576
calvin raatsie__2002-02-09,,,,1089921.2922060618,1107939.5771979801,74682.40958207085
calvin ramsay__2003-07-31,Calvin Ramsay,DEF,3249999.9999999986,1239521.174696866,1239521.174696866,85740.04645111748
calvin stengs__1998-12-18,,,,8523962.474926855,8548532.106516592,211171.90014897424
calvin twigt__2003-01-30,,,,1180425.144347865,1190674.9863886267,37958.54499886121
calvin verdonk__1997-04-26,Calvin Verdonk,DEF,2900000.0000000014,2611961.1498323036,2741526.886697385,234041.3988386435
cameron archer__2001-12-09,,,,6289365.360273603,6110335.730106916,593210.1658927329
cameron brannagan__1996-05-09,,,,1590106.7872718456,1596879.7251501866,191791.72813320442
cameron burgess__1995-10-21,,,,2707167.2077176524,2707167.2077176524,150390.188959823
cameron cartervickers__1997-12-31,Cameron Carter-Vickers,DEF,15749999.999999972,18415471.856116433,18308409.26787521,1375149.7031856698
cameron congreve__2004-01-24,,,,555673.8551835227,555673.8551835227,
cameron harper__2001-11-19,,,,766280.03707724,766280.03707724,
cameron humphreys__1998-08-22,,,,770106.9840477301,793432.9971658313,158600.90979728228
camiel neghli__2001-11-06,,,,2165585.9772466896,2168717.2578786057,57544.61342009822
cammy kerr__1995-09-10,,,,268405.8476209726,268405.8476209726,22663.51836675899
can keles__2001-09-02,,,,1612451.2526935157,1615701.2130680352,62243.03275500938
can uzun__2005-11-11,,,,27452073.881789997,27720095.695038036,3730766.4269392085
caoimhin kelleher__1998-11-23,,,,18492565.905115068,18492565.905115068,
carl jenkinson__1992-02-08,,,,193439.7139938901,189153.75956350222,31506.7185211594
carl johansson__1994-05-23,Carl Johansson,DEF,875000.0,1021937.4632590727,1009334.9062022797,36522.942804329025
carl mchugh__1993-02-05,,,,732575.7572738077,739231.8536868257,29684.649472630448
carl rushworth__2001-07-02,,,,5911176.57448459,5911176.57448459,
carl starfelt__1995-06-01,Carl Starfelt,DEF,8249999.9999999935,8357387.094340835,8477693.53207586,555633.1008748392
carlens arcus__1996-06-28,,,,2100030.2583563644,2100030.2583563644,108246.52566187987
carljohan eriksson__1995-04-25,,,,406902.0862973293,406902.0862973293,5951.84611057569
carlo boukhalfa__1999-05-03,,,,1933156.9143797003,1996279.8186429914,212913.98646629739
carlo holse__1999-06-02,,,,5246578.179935398,5246578.179935398,211273.97159917033
carlo pinsoglio__1990-03-16,,,,206560.3157788068,215964.60211378068,28927.090498302667
carlos alcaraz__2002-11-30,,,,13672282.922823522,13672282.922823522,789526.8087164824
carlos baleba__2004-01-03,,,,35034673.10511772,35034673.10511772,
carlos protesoni__1998-03-30,Carlos Protesoni,MID,2250000.000000001,3264552.167261187,3304288.1633788915,74858.44457363342
carlos zambrano__1989-07-10,Carlos Zambrano,DEF,525000.0000000003,624001.3339298753,633558.4212094934,83213.61534588294
carney chukwuemeka__2003-10-20,,,,22126145.786453173,22126145.786453173,2548289.7209464563
cas odenthal__2000-09-26,,,,1489086.002766997,1489086.002766997,24483.203373150212
casper de norre__1997-02-07,,,,2414044.200256619,2414044.200256619,302306.379436066
casper hjer__1994-11-20,,,,1608247.01098111,1608247.01098111,65671.70142401141
casper nielsen__1994-04-29,,,,1392630.3206352359,1392630.3206352359,19589.605114856477
casper staring__2001-02-01,,,,535786.5094534009,545704.1915437259,38432.4661812583
casper tengstedt__2000-06-01,,,,7939890.988726318,7707561.613364935,902383.5023432422
casper widell__2003-05-05,,,,1918378.4232632897,1918378.4232632897,
castello lukeba__2002-12-17,,,,38514084.37430589,38514084.37430589,
catalin cirjan__2002-12-01,,,,3892827.117161344,3892827.117161344,
cazim suljic__1996-10-29,,,,312975.53446008125,320563.4846841594,19006.870088683485
cedric bakambu__1991-04-11,Cédric Bakambu,MID,2050000.000000001,1918023.9097430843,1875061.942665082,335069.959901936
cedric hatenboer__2005-03-19,,,,1030357.7114723576,1036737.7379734116,41814.04196337347
cedric kipre__1996-12-09,Cédric Kipré,DEF,3099999.9999999986,3615893.523122265,3504395.4020728664,330086.5350572397
cedric nuozzi__2006-01-30,,,,915321.5726699658,915321.5726699658,121501.74265972248
cedric teuchert__1997-01-14,,,,1319212.5514231778,1341244.2142245027,117615.96869079438
cedric zesiger__1998-06-24,,,,5204828.553588859,5204828.553588859,
celil yuksel__1998-01-01,,,,1088784.7195457513,1034508.2544563398,106682.86225372425
cengiz under__1997-07-14,,,,8021910.347382318,8021910.347382318,208461.70364933647
cenk ozkacar__2000-10-06,,,,2166567.944545283,2251752.3704510317,203058.5574233236
cenk tosun__1991-06-07,,,,1149926.5313827405,1172780.8193133785,166567.38132710772
cephas malele__1994-01-08,,,,1276472.1800890919,1276472.1800890919,47939.824880610715
cesar huerta__2000-12-03,,,,3845031.5026916414,3845031.5026916414,
cesar montes__1997-02-24,César Montes,DEF,2250000.000000001,5089229.325041673,5089229.325041673,863962.882609193
cesare casadei__2003-01-10,,,,9686698.662192294,9686698.662192294,160292.88002455814
cezary miszta__2001-10-30,,,,3869567.7915094276,3687697.2998460745,551930.9365687941
chadi riad__2003-06-17,,,,5285148.61918345,5176290.948181757,273688.05202327436
charalampos lykogiannis__1993-10-22,,,,2662544.3731209887,2736566.1804512152,169894.12367881348
charles de ketelaere__2001-03-10,,,,35882593.17719782,36463955.2307017,3785377.5463835592
charles pickel__1997-05-15,,,,2048915.9771375244,2048915.9771375244,
charles vanhoutte__1998-09-16,,,,13296193.476235688,13296193.476235688,
charlesandre rauxyao__2001-11-15,,,,660453.5466445668,643815.8643924295,46926.24549024865
charlesandreas brym__1998-08-08,,,,847283.7569859622,847283.7569859622,95700.83074751201
charlie cresswell__2002-08-17,,,,10124670.017657988,10411217.93958841,642023.7739536521
charlie goode__1995-08-03,,,,736649.535779276,734726.1825227824,22426.822833346625
charlie lakin__1999-05-08,,,,393669.32249160635,380301.851877547,26541.77688203443
charlie mccann__2002-04-24,,,,347171.1991259117,347171.1991259117,7997.227279906206
charlie reilly__2001-12-05,,,,313336.3717682538,314699.7313635999,23928.450877707925
charlie savage__2003-05-02,,,,1254193.7425791305,1254193.7425791305,
charlie taylor__1993-09-18,,,,3042441.550944644,3042441.550944644,393698.3760421212
charlie webster__2004-01-31,,,,768208.2577222533,765823.8115949795,6666.8688902038275
charly nouck__2004-03-21,,,,1657145.973898663,1657145.973898663,
che adams__1996-07-13,,,,10630376.470965898,11158131.845441353,1888471.0002945878
check keita__2003-04-02,,,,2989589.9161193143,3002470.328438252,104672.88368340039
cheick doucoure__2000-01-08,,,,14399508.734530479,14429958.844218703,116960.95317140098
cheick souare__2002-09-03,Cheick Souaré,DEF,1600000.0000000012,1931741.3278194154,1930265.3563421883,205365.55960948812
cheikh niasse__2000-01-19,Cheikh Niasse,MID,2649999.999999999,2380334.536606899,2399243.702062968,104705.95001305563
cheikh sabaly__1999-03-04,Cheikh Sabaly,MID,2550000.0,2537400.529359756,2650452.0230671144,273366.896015633
chemsdine talbi__2005-05-09,Chemsdine Talbi,MID,12249999.999999987,23357172.426208034,22958040.213136476,1007404.9689765283
chengdong zhang__1989-02-09,,,,125014.32803819813,122907.70020424957,8081.189029710806
cher ndour__2004-07-27,Cher Ndour,MID,3900000.000000001,4196588.418461208,4217537.850259088,122760.75237262389
cherif ndiaye__1996-01-23,,,,1825094.0488751137,1739478.3003227157,331510.14334577287
cherrion valerius__2005-09-22,,,,1270922.569369282,1270922.569369282,57883.39099184403
chibuike nwaiwu__2003-07-23,,,,3425644.570198675,3401283.3550930102,98408.9734348844
chidera ejuke__1998-01-02,Chidera Ejuke,MID,7500000.000000002,9723392.857781824,9901863.608384848,623522.368939782
chidozie awaziem__1997-01-01,,,,1708277.9228061866,1708277.9228061866,137030.02307473833
chiedozie ogbene__1997-05-01,,,,4409494.232128019,4409494.232128019,499192.06861341867
chima okoroji__1997-04-19,,,,968587.2255089695,968587.2255089695,13514.316779358012
chovanie amatkarijo__1999-05-20,,,,361849.40157134505,389533.04341874766,80398.61474316499
chris bedia__1996-03-05,,,,2152185.1038583536,2152185.1038583536,69758.4020073249
chris cadden__1996-09-19,,,,618785.8491229466,618785.8491229466,12661.805105836995
chris durkin__2000-02-08,,,,932032.1933860725,907772.8670682568,60405.580164705076
chris forrester__1992-12-17,,,,537592.255676878,537592.255676878,23764.116027921227
chris fuhrich__1998-01-09,,,,8279212.088392986,8279212.088392986,59035.06208441978
chris long__1995-02-25,Chris Long,MID,275000.0000000002,278649.6398503437,278649.6398503437,
chris mepham__1997-11-05,,,,4296723.977955365,4363741.361009853,200030.4006567068
chris mueller__1996-08-29,,,,666906.2857114642,666906.2857114642,38708.73073264668
chris richards__2000-03-28,Chris Richards,DEF,22249999.999999985,19726311.226476666,19769239.741134763,1477485.4448843454
chris rigg__2007-06-18,,,,7335557.07310097,7335557.07310097,
chris smalling__1989-11-22,,,,2976980.8266246207,2987290.109326883,294448.9649801466
chris wood__1991-12-07,,,,9694603.339460209,9694603.339460209,
chriskevin nadje__2001-08-14,,,,1848870.7594643037,1857341.371258869,177930.13692827057
chrislain matsima__2002-05-15,,,,18151234.717861325,18303030.53284473,2090440.8773515061
christ kouadio__2000-12-23,Christ Kouadio,DEF,449999.99999999994,574359.2863059486,576445.1831364981,11488.24980140195
christ makosso__2004-05-09,Christ Makosso,DEF,1350000.0,1436754.2085937615,1498946.9610812878,142584.54252895853
christ sadia__2007-04-11,,,,295791.42153364216,292992.74224092846,13487.65284413248
christ souanga__2006-10-23,,,,288176.77902566787,287599.06229929294,8124.050872875938
christiaan ravych__2002-07-30,,,,3096885.609808886,3146873.55925733,103512.1786600248
christian bassogog__1995-10-18,Christian Bassogog,MID,1550000.0000000012,1550979.6367046046,1556086.656473167,77822.81577774171
christian burgess__1991-10-07,,,,4529336.262227827,4533741.928054486,37966.469713207334
christian cappis__1999-08-13,Christian Cappis,DEF,899999.9999999995,889000.5607047868,889000.5607047868,
christian conteh__1999-08-27,,,,1402858.1451176535,1402858.1451176535,71838.2145587044
christian dalle mura__2002-02-02,,,,1052463.4624437492,1045042.6377707626,15919.839778191103
christian eriksen__1992-02-14,,,,4353613.713979498,4221557.888780516,430872.5991011184
christian fruchtl__2000-01-28,,,,1568786.842109567,1568786.842109567,30967.10666124328
christian gammelgaard__2003-03-10,,,,1124020.7974352466,1114348.9399612844,47062.98812707332
christian kabasele__1991-02-24,,,,1078175.9145229897,1068123.8076860195,80927.52759408377
christian kouame__1997-12-06,,,,5447935.669857679,5447935.669857679,9044.987167773805
christian kuhlwetter__1996-04-21,,,,631527.4203752634,631527.4203752634,6569.1577968343545
christian mathenia__1992-03-31,,,,386796.13156922936,383950.81848250225,23566.210078040283
christian mawissa__2005-04-18,Christian Mawissa,DEF,13249999.99999999,10576260.905208029,10813681.23219774,644006.256373348
christian nrgaard__1994-03-10,,,,10876643.750905681,11115094.239045506,486832.98876402143
christian oliva__1996-06-01,,,,1711489.0375472975,1711489.0375472975,170612.96565452137
christian ordonez__2004-07-24,,,,3957797.760865887,3936694.4281352283,652933.2095693371
christian ortag__1995-01-14,,,,468428.43186403695,469459.99217371375,44070.96548375115
christian pastina__2001-02-15,,,,826165.6654029852,835121.3643160431,18302.8708660706
christian pierobon__2002-03-26,,,,1556964.394280525,1541539.4096863156,125862.95608792623
christian pulisic__1998-09-18,,,,48127940.89336389,47963159.31507452,3705827.2383921803
christian rasmussen__2003-01-19,,,,1548177.4485880637,1548177.4485880637,
christian srensen__1992-08-06,,,,585872.9967386954,585872.9967386954,115641.98302520267
christian walton__1995-11-09,,,,856651.5196388788,856651.5196388788,109926.59847192082
christoph baumgartner__1999-08-01,,,,25237050.88267763,24811986.19155166,1467440.2104385884
christoph klarer__2000-06-14,Christoph Klarer,DEF,2950000.000000002,3058630.6928956574,3058630.6928956574,261101.45453712717
christophe vincent__1992-11-08,,,,462809.6122430149,462809.6122430149,
christopher antwiadjei__1994-02-07,,,,1214510.0742590742,1212025.8394159926,15242.318338021474
christopher bonsu baah__2004-12-14,,,,5698474.523523018,5698474.523523018,
christopher jullien__1993-03-22,,,,1252338.220427445,1276189.5765973483,66591.08387282361
christopher lenz__1994-09-22,,,,1017697.4671612146,1012211.2828167402,41339.028600058125
christopher lungoyi__2000-07-04,,,,996456.8844561545,1068320.5404198058,175451.53025239118
christopher nkunku__1997-11-14,,,,20039882.674096003,20039882.674096003,137750.9811645573
christopher operi__1997-04-29,,,,3625061.9083757205,3625061.9083757205,
christopher scott__2002-06-07,,,,1279047.5791939974,1287415.0575566776,85098.21439023143
christopher trimmel__1987-02-24,Christopher Trimmel,DEF,899999.9999999995,1512451.664921614,1518386.422133873,83938.55593738784
christos donis__1994-10-09,Christos Donis,MID,474999.99999999977,384910.1651052856,386004.867586165,9766.814747479295
christos kosidis__2005-02-28,,,,822667.7147346429,844196.0841700566,93262.74949917984
christos mandas__2001-09-17,,,,5495688.334136464,5495688.334136464,50395.77685648883
christos mouzakitis__2006-12-25,,,,8125492.785113446,8125492.785113446,
christos tzolis__2002-01-30,,,,34700144.84144423,34700144.84144423,
christos zafeiris__2003-02-23,,,,13738403.572728636,13799004.560455354,624913.1156867613
chuba akpom__1995-10-09,,,,4628858.309891885,4628858.309891885,62198.99312212286
chuks aneke__1993-07-03,,,,241891.22253729124,241891.22253729124,20125.365035777017
chukwubuikem ikwuemesi__2001-08-05,,,,2100444.834053103,2100444.834053103,63861.680505678385
ciaron brown__1998-01-14,,,,1197525.0039110438,1170819.1320977025,175263.5634398145
cieran slicker__2002-09-15,,,,367204.3780417091,367204.3780417091,
cihan canak__2005-01-24,,,,1725010.4314718537,1725010.4314718537,57469.724950482036
ciro immobile__1990-02-20,,,,5774531.949614639,5952032.460846275,731237.0459657833
cisse sandra__2003-12-16,,,,1939199.139596793,1822376.8017231277,284754.90140813735
cj eganriley__2003-01-02,,,,11111501.366664542,11216384.937429227,679454.638943058
clark robertson__1993-09-05,,,,435115.30671353644,435115.30671353644,
claudio echeverri__2006-01-02,,,,9729155.460782424,9237002.070422165,808601.277541762
claudio gomes__2000-07-23,,,,3466420.8547055256,3466420.8547055256,490801.9276020297
claudio spinelli__1997-01-21,,,,2023107.2302245558,2023107.2302245558,213418.7517651406
claudiu micovschi__1999-05-19,Claudiu Micovschi,MID,362499.9999999997,541824.7561098216,514168.1054653738,69732.6422822543
clemens riedel__2003-07-19,,,,5401521.522178218,5401521.522178218,
clement akpa__2001-11-24,Clément Akpa,DEF,6499999.999999999,7561271.73074715,7636689.765115146,669055.8709633885
clement bischoff__2005-12-16,,,,2232406.5032486655,2232406.5032486655,
clement lenglet__1995-06-17,,,,9014011.821995795,8951481.233452631,281359.0483192276
clement michelin__1997-05-11,,,,1323901.2381889818,1362968.959183831,122119.70697957223
clement vidal__2000-06-18,Clément Vidal,DEF,1450000.0000000002,1235594.835973314,1229576.4354454353,89416.83226828954
clinton mola__2001-03-15,,,,350040.5538920002,350040.5538920002,
clinton nsiala__2004-01-17,,,,711038.4258078673,711038.4258078673,45161.90099400696
cody drameh__2001-12-08,,,,1992865.1107457527,1966560.8036085027,54962.12396680853
cody gakpo__1999-05-07,,,,50005392.20213991,50856012.39162702,1832670.0570131086
cohen bramall__1996-04-02,,,,538269.491192727,538269.491192727,
cole campbell__2006-02-20,Cole Campbell,MID,1949999.999999999,2097847.93577931,2122464.200414856,190694.82293854322
cole palmer__2002-05-06,,,,109007063.95294449,109022805.46306199,11181552.53983985
colin coosemans__1992-08-03,,,,3298181.1794279153,3153362.812480759,550530.2915463159
coll donaldson__1995-04-09,,,,250163.12399765244,249188.87934414632,9622.229482829407
come bianay balcot__2005-05-13,,,,598896.393418056,598896.393418056,4813.738973708448
conan ledesma__1993-02-13,,,,3210949.6986389086,3210949.6986389086,
connor barron__2002-08-29,,,,4766851.746164908,4577205.125623418,460974.7559276795
connor mahoney__1997-02-12,,,,329678.4877654837,329678.4877654837,
connor mclennan__1999-10-05,,,,247062.60258183815,248544.52012341414,7137.996002230125
connor ogilvie__1996-02-14,,,,1085307.6928465713,1085582.267711935,24181.84708329811
connor roberts__1995-09-23,,,,5241958.484139697,5241958.484139697,
conor bradley__2003-07-09,,,,24903672.21341607,24903672.21341607,1561228.763928575
conor coady__1993-02-25,,,,2046035.5952585142,2046035.5952585142,
conor coventry__2000-03-25,,,,1778276.672639301,1778276.672639301,
conor gallagher__2000-02-06,,,,32938910.445459694,33113227.06279897,1549990.2763037165
conor grant__1995-04-18,,,,203551.9931592379,203551.9931592379,
conor hazard__1998-03-05,,,,748627.0559635722,748627.0559635722,
conor masterson__1998-09-08,,,,421517.65934069897,421517.65934069897,
conor mcaleny__1992-08-12,,,,265024.18303574825,268311.58366771555,20715.503163072808
conor mcgrandles__1995-09-24,,,,535896.0524406101,535896.0524406101,
conor mcmenamin__1995-08-24,,,,304084.0859523117,299886.93185519136,71953.64005421757
conor no__2001-01-01,,,,772666.0364001116,772666.0364001116,52317.25020306805
conor shaughnessy__1996-06-30,,,,1093445.6067104896,1093445.6067104896,23102.293793990255
conor townsend__1993-03-04,,,,1264173.5167609951,1264173.5167609951,
conrad harder__2005-04-07,,,,9680927.137063622,9680927.137063622,503103.0793275949
corentin tolisso__1994-08-03,,,,16133730.220758116,16053043.3056954,242652.29579780405
corey blacketttaylor__1997-09-23,Corey Blackett-Taylor,MID,825000.0000000006,1028298.3916755373,1047185.7137022815,42012.50083343018
corrie ndaba__1999-12-25,,,,748704.6831103067,736144.8236757079,60686.852309194874
costantino favasuli__2004-04-26,,,,1003494.6406299069,1143532.2068862284,393988.42608210805
couhaib driouech__2002-04-17,Couhaib Driouech,MID,3850000.0000000005,4514646.948073061,4514646.948073061,433160.17057488544
craig goodwin__1991-12-16,,,,1243812.569279975,1243812.569279975,318260.82460425753
craig gordon__1982-12-31,,,,134448.10965213756,134448.10965213756,15375.91786521295
craig halkett__1995-05-29,Craig Halkett,DEF,1099999.9999999998,1805327.5289318704,1858819.4290971518,155345.22495959883
craig sibbald__1995-05-18,,,,320912.16017681616,320912.16017681616,12206.085797283855
cristian buonaiuto__1992-12-29,,,,1145424.7450411373,1135922.2639855235,45653.73048432097
cristian casseres jr__2000-01-20,Cristian Cásseres Jr,MID,5750000.000000005,6107336.491101842,6107336.491101842,10907.06721976148
cristian cauz__1996-08-15,,,,793410.5497837267,790207.9697277164,23188.184073301123
cristian devenish__2001-01-25,,,,1635428.3588900112,1635428.3588900112,
cristian manea__1997-08-09,,,,838721.0812340179,838721.0812340179,33978.0805238427
cristian montano__1991-12-11,Cristian Montaño,DEF,175000.00000000012,223073.19816400678,222437.50352028522,30226.286971112302
cristian romero__1998-04-27,,,,33556988.426804855,33592783.900531806,468273.47353235754
cristian volpato__2003-11-15,,,,2652367.6647125343,2652367.6647125343,111794.03699933356
cristiano biraghi__1992-09-01,,,,6996149.878124913,6996149.878124913,
crysencio summerville__2001-10-30,,,,17049199.111440368,16506221.301501075,1682090.0647609131
curtis jones__2001-01-30,Curtis Jones,MID,34499999.99999998,31793446.460311554,31777401.477014754,2322789.9566715835
cyle larin__1995-04-17,,,,7818484.667378861,7818484.667378861,413916.24386869854
cyriel dessers__1994-12-08,,,,3053022.505881813,3053022.505881813,
cyril ngonge__2000-05-26,,,,3519898.4528016457,3519898.4528016457,151122.84627408802
cyrus christie__1992-09-30,Cyrus Christie,DEF,800000.0000000005,531817.9236675968,543468.7565078322,20589.03152552348
daam foulon__1999-03-23,Daam Foulon,DEF,2649999.999999999,2438326.0478013097,2463031.7272874713,45284.790529530146
daan dierckx__2003-02-24,,,,1632240.5228794927,1632240.5228794927,
daan heymans__1999-06-15,,,,3007295.0186139555,2991285.7213493944,246429.24213833496
daan reiziger__2001-06-18,,,,555555.9209344086,546276.7239591808,42490.505095158565
daan rots__2001-07-25,,,,3508993.424441191,3488937.372058983,177253.72239796372
dael fry__1997-08-30,,,,2586319.039015403,2753612.9932810464,313919.8818829114
daichi kamada__1996-08-05,,,,10365686.89534599,10365686.89534599,1027499.42346733
daijiro chirino__2002-01-24,,,,4019241.117857244,4024546.906252969,152386.0880113863
daiki hashioka__1999-05-17,,,,2236470.6162486104,2236470.6162486104,19426.41840092824
daisuke yokota__2000-06-15,,,,1685186.9770346077,1638254.063532518,93725.80181202243
daizen maeda__1997-10-20,,,,14263382.809669504,14209113.581550054,2637749.396055916
dakonam djene__1991-12-31,Dakonam Djené,DEF,3299999.9999999986,3716165.6340240184,3716165.6340240184,380036.0922185834
dal varesanovic__2001-05-23,,,,1618078.4897867362,1618078.4897867362,42681.64630091277
dale taylor__2003-12-12,,,,751190.4832300274,751190.4832300274,12344.32481550617
daley sinkgraven__1995-07-04,,,,1014781.1172468101,1034394.8218176016,73752.31220641703
damian puebla__2002-09-15,,,,1619222.854270541,1562423.8523432303,103102.47479391495
damian szymanski__1995-06-16,,,,2226594.819333484,2226594.819333484,
damian van bruggen__1996-03-18,,,,456849.39268647926,461607.9334032199,21465.904390206906
damian van der haar__2004-01-16,,,,912424.0431037616,929698.4213603289,43711.90637829197
damien da silva__1988-05-17,,,,204698.36258360324,212852.73199731743,40212.07410523477
damion downs__2004-07-06,,,,3911455.9441461735,3880294.823846653,201958.17683686654
damon mirani__1996-05-13,,,,1097413.6515233647,1097413.6515233647,52762.77279623816
dan agyei__1997-06-01,Dan Agyei,MID,562500.0000000003,556943.6481048485,644370.0546574515,165649.16807663275
dan burn__1992-05-09,,,,9735924.820210347,9837282.639637413,634238.725779852
dan casey__1997-10-29,Dan Casey,DEF,600000.0000000003,591964.3402796004,601320.9774415506,41020.76820910323
dan kemp__1999-01-11,,,,773569.7396723536,773569.7396723536,
dan ndoye__2000-10-25,,,,21507024.260653585,21507024.260653585,573065.3680932424
dan nlundulu__1999-02-05,,,,335186.3499465158,340450.2719726991,19191.72081291264
danaxel zagadou__1999-06-03,,,,6467248.39248322,6467248.39248322,
dane murray__2003-06-26,Dane Murray,DEF,1425000.0000000007,1955386.2719524938,1955386.2719524938,
dane scarlett__2004-03-24,,,,1388180.2908195555,1386915.6033000005,44811.11705442237
danel dongmo__2001-01-31,Danel Dongmo,MID,412500.00000000006,591907.6005129876,588096.3189261341,35877.69749261558
dango ouattara__2002-02-11,,,,17333013.41305827,18301377.783138834,3102017.2615393363
dani de wit__1998-01-28,,,,2387152.71712285,2387152.71712285,57342.38881404773
dani van den heuvel__2003-05-28,,,,616091.3669941392,619255.0388679533,18808.4889091151
daniel anyembe__1998-07-22,,,,1472425.355598065,1532369.7214215868,154657.73025371044
daniel arzani__1999-01-04,,,,1112880.2544208826,1112880.2544208826,92589.81575478784
daniel bachmann__1994-07-09,Daniel Bachmann,GK,1899999.9999999993,668151.4094058932,677280.6633689494,91219.69704452633
daniel batz__1991-01-12,,,,248935.86787401044,250471.76172697055,11267.858640219913
daniel bielica__1999-04-30,,,,1091478.4677773025,1073778.5423441627,41610.80878192564
daniel boloca__1998-12-22,,,,4074015.3434885666,4122919.813023988,248858.03307520392
daniel denoon__2004-01-28,Daniel Denoon,DEF,662499.9999999998,566351.1319118611,597200.1591532864,53592.05668540578
daniel elfadli__1997-04-06,,,,3500533.536749432,3500533.536749432,180970.02445743632
daniel freyr kristjansson__2005-08-30,,,,517069.56065199163,517069.56065199163,
daniel gleiber__2005-02-01,Daniel Gleiber,MID,499999.99999999977,640547.6342234493,647561.7535861253,26951.948712555615
daniel gore__2004-09-26,,,,973768.9689159761,973768.9689159761,82519.13964805541
daniel graovac__1993-08-08,,,,520889.67560186924,566341.8481081638,115990.00402290962
daniel grimshaw__1998-01-16,,,,764036.7018190837,755407.5295688242,18192.374660332778
daniel haarbo__2003-03-14,,,,273511.48655834206,280756.66305562574,30982.701525085886
daniel harvie__1998-07-14,,,,637011.1383676935,673756.2330643169,168132.7094007521
daniel hegh__1991-01-06,,,,778781.7445836976,752629.8732639244,89152.24951506431
daniel heuer fernandes__1992-11-13,Daniel Heuer Fernandes,GK,2199999.9999999995,2941843.379037539,2949181.042709108,283116.367375718
daniel iversen__1997-07-19,,,,2342398.8662184402,2342398.8662184402,118264.55513578528
daniel james__1997-11-10,,,,10356186.263989434,10402003.111694625,382492.29194211995
daniel johnson__1992-10-08,Daniel Johnson,MID,700000.0000000006,795471.2277963161,795471.2277963161,19001.201079292736
daniel karlsbakk__2003-04-07,Daniel Karlsbakk,MID,1600000.0000000012,1638502.3915653497,1656401.0206985304,64130.06721950601
daniel klein__2001-03-13,Daniel Klein,GK,287499.9999999999,312223.5958652517,311124.0389332422,5514.035711356408
daniel leo gretarsson__1995-10-02,,,,618632.6349815227,632667.9443654903,32657.793221012827
daniel luna__2003-05-07,,,,1298015.3599655675,1317551.0951327307,41861.35655173765
daniel maldini__2001-10-11,,,,8582624.145690214,8582624.145690214,337254.6451899318
daniel mancini__1996-11-11,,,,1789921.8229821778,1809201.4471791426,166519.08170051943
daniel mesenholer__1995-07-24,,,,217304.07963538918,217304.07963538918,35367.80626089515
daniel mosquera__1999-10-20,Daniel Mosquera,FWD,1600000.0000000012,2513844.2589029963,2491714.467750106,174337.78223129394
daniel munoz__1996-05-26,,,,27133378.50577481,27133378.50577481,1497490.560269361
daniel oshaughnessy__1994-09-14,,,,349955.95479326433,354114.9942636666,20053.347601294427
daniel oyegoke__2003-01-03,,,,508751.7855741568,507874.5041067461,55292.92928163748
daniel peretz__2000-07-10,,,,3413228.7002595235,3413228.7002595235,205770.01088954817
daniel phillips__2001-01-18,Daniel Phillips,MID,912500.0000000001,1170173.8082168328,1170173.8082168328,9007.944604053158
daniel sundgren__1990-11-22,,,,414627.3474040711,414627.3474040711,6496.136084822619
daniel svensson__2002-02-12,,,,18910562.44788774,18643239.586914927,792392.1156257691
daniel wass__1989-05-31,,,,579800.6632258063,593090.1416126249,26202.37942635472
daniele baselli__1992-03-12,,,,1065402.3821177075,1009418.825995989,102646.37853057992
daniele ghilardi__2003-01-06,Daniele Ghilardi,DEF,6449999.999999996,5810010.897017934,5925728.674011159,277386.3015181331
daniele padelli__1985-10-25,,,,103973.77537843937,103973.77537843937,
daniele rugani__1994-07-29,,,,4268990.396908678,4268941.909110397,98366.23650165046
daniele sommariva__1997-07-18,,,,317892.22186209366,317892.22186209366,19412.00551240255
daniele verde__1996-06-20,,,,1269912.7776721749,1335752.5671161527,127155.07883189886
danielkofi kyereh__1996-03-08,,,,1462656.5964397483,1462656.5964397483,
daniil khudyakov__2004-01-09,,,,814319.4074697488,819710.6893823873,33023.75624400085
danilho doekhi__1998-06-30,Danilho Doekhi,DEF,16999999.999999974,17662415.12123089,17950502.305739217,1191820.9785956747
danilo cataldi__1994-08-06,,,,7287821.627715595,7287821.627715595,132053.75488927602
danley jean jacques__2000-05-20,,,,2042599.720710114,1976814.960034977,107317.3088474831
danny bakker__1995-01-16,,,,876064.5078887474,876064.5078887474,60307.311748455635
danny da costa__1993-07-13,Danny da Costa,DEF,2649999.999999999,3621725.167122586,3621725.167122586,379101.68218039133
danny finlayson__2001-01-19,Danny Finlayson,DEF,237499.99999999983,247696.2081435012,247696.2081435012,6195.178626773873
danny ings__1992-07-23,Danny Ings,FWD,4650000.000000001,2138568.0580557496,2239431.1977917524,298010.0733121011
danny namaso__2000-08-28,,,,4895332.56584993,4921764.685993725,104626.22493467857
danny rogers__1994-03-23,,,,158978.24639982433,157437.0238132329,14762.626293752868
danny ward__1993-06-22,,,,949896.287656532,949896.287656532,
danny welbeck__1990-11-26,,,,6551396.350441664,6724452.288274465,513402.9613448868
danny wilson__1991-12-27,,,,410018.2938771389,410018.2938771389,14352.809217224078
dante vanzeir__1998-04-16,,,,2048121.6485598232,2048121.6485598232,142371.43117285075
danylo sikan__2001-04-16,Danylo Sikan,MID,5950000.000000001,5076211.043006945,5455190.264067432,1422135.3492741305
daouda guindo__2002-10-14,Daouda Guindo,DEF,1849999.9999999995,1373695.8293852888,1372588.243512966,62577.476275204266
daouda weidmann__2003-05-04,Daouda Weidmann,MID,1299999.9999999993,1326423.388100878,1299492.76638061,157482.58013334454
dara costelloe__2002-12-11,,,,374014.83038164215,355458.9401149768,54569.530930240726
dara oshea__1999-03-04,,,,10185264.868676618,10272933.210584348,762921.9250090505
darian males__2001-05-03,,,,2124771.430013496,2166456.4952848316,146363.03890160966
dario melnjak__1992-10-31,Dario Melnjak,DEF,1737499.9999999995,937352.9344665359,937352.9344665359,
dario naamo__2005-05-14,,,,460652.57021395874,460652.57021395874,5281.523033313089
dario osorio__2004-01-24,,,,5881837.346113948,5881837.346113948,509275.57337505714
dario saric__1997-05-30,,,,1093838.9592250262,1033971.3161474315,157809.5913632669
dario spikic__1999-03-22,,,,1505689.4579813206,1505689.4579813206,187051.47353824883
darko brasanac__1992-02-12,,,,1006907.7345093077,1032377.5794163472,78131.45885988146
darko churlinov__2000-07-11,Darko Churlinov,MID,1550000.0000000012,1461939.4609094183,1481174.8349174308,147923.21435031897
darko gyabi__2004-02-18,,,,2368971.6668722685,2360773.5222488404,74662.25160537481
darko nejasmic__1999-01-25,,,,2085327.8608244692,2085327.8608244692,
darlin yongwa__2000-09-22,,,,2662128.9136159956,2693355.4791455576,114671.77594018217
darly nlandu__2000-07-14,,,,512996.61248562013,512996.61248562013,
darnell furlong__1995-10-31,,,,2318714.0437245504,2318714.0437245504,517566.3825944399
darryl bakola__2007-11-30,,,,2146501.1385883926,2146501.1385883926,114900.6092043269
darwin nunez__1999-06-24,,,,25376004.103436876,25255475.016865887,2146684.7186600426
dave kwakman__2004-08-07,,,,1447093.5074344226,1566692.9787229225,329812.0858383975
david affengruber__2001-03-19,,,,14043129.03561089,14043129.03561089,
david alaba__1992-06-24,,,,10251148.039553689,10251148.039553689,297688.7559966203
david ankeye__2002-05-22,,,,599802.157032858,602022.0427310185,20188.410367944467
david bates__1996-10-05,,,,1138521.7853839942,1134538.4628022932,64151.39574303374
david brooks__1997-07-08,,,,10916801.675438168,10916801.675438168,
david button__1989-02-27,,,,128228.1467625397,122936.38634023773,23136.993445655753
david cornell__1991-03-28,David Cornell,GK,175000.00000000012,194940.0609501403,191364.4216644502,12130.563731025704
david douline__1993-05-28,,,,916283.8540419464,922312.7425785897,47905.168501045
david grof__1989-04-17,,,,162744.21258018014,177039.3520269621,30574.92124420182
david hancko__1997-12-13,,,,23605816.312561862,23605816.312561862,3350172.267022193
david hrncar__1997-12-10,,,,1329300.638344848,1325749.4278228479,12333.802267975458
david jurasek__2000-08-07,,,,3893701.4035708336,3893701.4035708336,228122.29435041404
david kiki__1993-11-25,David Kiki,DEF,775000.0000000007,349871.8196119818,350140.5739669448,66708.70054206917
david kopacz__1999-05-29,,,,962435.1451489809,962435.1451489809,
david mcgoldrick__1987-11-29,,,,265892.12257569795,254410.57868468808,26049.02062753244
david min__1999-06-23,,,,1507240.6061423742,1507240.6061423742,29754.924187449305
david mller wolfe__2002-04-23,,,,6849911.79472166,6826303.005185544,259932.86896726093
david odogu__2006-06-03,,,,2418774.5132992524,2582651.5715286992,392788.4251481153
david okereke__1997-08-29,,,,2423524.6521704616,2274608.8143521915,280578.98835828516
david ozoh__2005-05-06,,,,2128869.3259754092,2128869.3259754092,27418.64435521123
david philipp__2000-04-10,David Philipp,MID,562500.0000000003,586290.5843780894,586290.5843780894,
david raum__1998-04-22,,,,34616794.39826686,34616794.39826686,1666715.4923707936
david schnegg__1998-09-29,,,,1988315.1536251495,1988315.1536251495,28897.420707791156
david strelec__2001-04-04,,,,2491350.3163223825,2491350.3163223825,104196.06995734526
david tijanic__1997-07-16,,,,1628797.1377519674,1628797.1377519674,
david turnbull__1999-07-10,,,,1735677.3781265593,1735677.3781265593,144510.5701971434
david van der werff__2004-08-31,,,,1346267.7968711625,1346267.7968711625,98882.41379211356
david voute__2005-11-04,,,,314686.13636875345,314686.13636875345,
david watson__2005-02-12,,,,1572085.073158224,1555383.498078965,61464.604212523394
david wieser__2002-02-13,,,,1034211.6487681419,1034211.6487681419,40163.61569934881
david zec__2000-01-05,,,,2485618.641440091,2488278.657354962,121390.39021502953
david zima__2000-11-08,David Zima,DEF,5250000.0,5836011.366852947,5795296.352674274,324880.275237371
davide bartesaghi__2005-12-29,,,,3120903.0480357064,3125608.8614496645,376179.07129791245
davide biraschi__1994-07-02,,,,751692.3370018707,751692.3370018707,
davide bragantini__2003-08-17,,,,1983774.4750824673,1983774.4750824673,125190.87201259265
davide buglio__1998-02-26,Davide Buglio,MID,649999.9999999995,908028.581378176,908028.581378176,29628.81917439481
davide calabria__1996-12-06,,,,8549107.53132813,8917428.231036283,992080.9294280831
davide frattesi__1999-09-22,,,,30512866.619865652,30815511.080454618,2806066.088891331
davide zappacosta__1992-06-11,Davide Zappacosta,DEF,7249999.999999998,7751783.060464507,7747780.241395928,235296.23928492767
davie selke__1995-01-20,,,,4931002.68397666,5145111.477215896,509338.2969069465
davinson sanchez__1996-06-12,,,,22824980.45560278,23020611.77290892,1311988.7337395384
davis keillordunn__1997-11-02,,,,1081657.1277839963,1070800.2721819729,64114.231696927316
davis opoku__2007-10-29,Davis Opoku,DEF,549999.9999999998,535841.0281192111,570748.4163316888,61084.715412297344
davy roef__1994-02-06,,,,4476925.032515016,4476925.032515016,151367.48967069492
davy van den berg__2000-02-04,,,,1080754.6792610239,1075527.4878578521,22567.02321679893
dawid kownacki__1997-03-14,Dawid Kownacki,FWD,2199999.9999999995,2546041.6395072257,2408854.8184510255,394682.44413976785
dawid kurminowski__1999-02-24,,,,671695.1151415013,670737.5609891331,65163.934281677255
dayann methalie__2006-02-15,,,,3521882.817710817,3521882.817710817,58579.22113986481
daylam meddah__2002-10-06,,,,1060544.776086688,1064218.6950021917,24922.322369060996
dayot upamecano__1998-10-27,,,,65793120.3088842,64448006.15642716,3658963.3409426617
dean bouzanis__1990-10-02,,,,148543.75374887194,148543.75374887194,7924.614923496282
dean campbell__2001-03-19,,,,514522.9913146623,519719.0824778634,28498.95536067849
dean henderson__1997-03-12,,,,22806349.702683587,22952754.537646186,1818605.1763676673
dean huijsen__2005-04-14,,,,61392382.798729405,61392382.798729405,6959602.719715755
dean james__2000-04-30,Dean James,DEF,2050000.000000001,1873117.9822932463,1873117.9822932463,31624.326135335148
deandre yedlin__1993-07-09,,,,1064920.846179508,1127995.37830874,125834.73273762963
declan john__1995-06-30,,,,424850.3202616942,424850.3202616942,
declan rice__1999-01-14,,,,115893082.53765881,116304967.0996806,4170389.3430148284
dehmaine tabibou__2005-04-17,,,,2486386.6076374203,2486386.6076374203,
deian sorescu__1997-08-29,Deian Sorescu,DEF,1849999.9999999995,2066879.1169999032,2085616.650430506,111362.20776947954
deiver machado__1993-09-02,,,,3722419.085509207,3713802.5573914223,341898.9433481521
dejan drazic__1995-09-26,,,,355369.58009618125,390154.22600359126,62850.08546023069
dejan iliev__1995-02-25,Dejan Iliev,GK,387499.99999999977,376194.79211498913,373593.43816778436,12567.431210155728
dejan joveljic__1999-08-07,Dejan Joveljić,FWD,5500000.000000001,6767382.494830985,6661467.973263836,619298.2019011786
dejan kulusevski__2000-04-25,,,,54635231.05401875,54635231.05401875,3181724.325799331
dejan ljubicic__1997-10-08,Dejan Ljubičić,MID,4099999.999999998,2994044.9194476847,2994044.9194476847,276878.2527689048
dejan lovren__1989-07-05,,,,628178.7775076171,603472.6263041272,79345.90381902595
dejan stojanovic__1993-07-19,,,,847796.4145063043,847796.4145063043,1994.6047148829978
delano burgzorg__1998-11-07,,,,1681545.700694192,1681545.700694192,
demarai gray__1996-06-28,,,,2017737.3696508186,2017737.3696508186,616822.0318811084
demba thiam__1998-03-05,Demba Thiam,GK,1075000.0,1446979.416489903,1446979.416489903,24337.88401162624
dembo sylla__2002-11-10,,,,1072264.8259087258,1101604.610886756,113331.29416175705
demir ege tknaz__2004-08-17,,,,5612302.522281256,5624097.730942019,278438.97866230074
denil castillo__2004-03-24,,,,2233381.6255844873,2233381.6255844873,
denis alibec__1991-01-05,,,,473052.3711020712,473052.3711020712,14747.728217578813
denis bouanga__1994-11-11,,,,12222836.737828908,12280341.694427054,1807715.1897500777
denis dragus__1999-07-06,,,,2949704.21220707,2924205.932758211,141458.77044183842
denis genreau__1999-05-21,Denis Genreau,MID,1400000.0000000007,1105302.5996470456,1103958.6430106726,48169.825454875405
denis huseinbasic__2001-07-03,,,,3643952.7408542014,3649483.3684238554,364139.28386114165
denis odoi__1988-05-27,,,,246446.63859844822,242765.9035055156,14765.640967304727
denis portanova__2001-06-20,,,,766130.0236558149,768285.2193895412,59757.92038446341
denis radu__2003-03-25,,,,749425.4910293126,760066.444439459,35698.31602477674
denis vavro__1996-04-10,,,,11042716.315123247,11011209.384850323,269300.935470934
denis zakaria__1996-11-20,,,,23493277.665812276,23493277.665812276,220466.43248811064
deniz donmezer__2008-09-21,,,,464682.3527033938,455543.88337372814,45101.833751674014
deniz gul__2004-07-02,,,,4709621.180611875,4709621.180611875,295979.5115006457
deniz turuc__1993-01-29,Deniz Türüç,MID,1699999.9999999988,2113482.3628492635,2113482.3628492635,90528.66745478283
deniz undav__1996-07-19,,,,24352752.12320806,25116956.960738312,1500014.5531179667
dennis adeniran__1999-01-02,,,,401547.66815941373,373029.26805553347,67742.83459292687
dennis appiah__1992-06-09,,,,675010.6211805359,673612.7872085933,19313.70805589014
dennis borkowski__2002-01-26,Dennis Borkowski,MID,725000.0000000006,537951.3998452927,535186.9877276099,12287.491586237316
dennis cirkin__2002-04-06,,,,4935984.352800283,4935984.352800283,132490.82786539983
dennis eckert ayensa__1997-01-09,,,,3972238.9453239627,3972238.9453239627,122120.47814711121
dennis geiger__1998-06-10,,,,2359877.264063312,2359877.264063312,63283.709508666085
dennis hadzikadunic__1998-07-09,Dennis Hadžikadunić,DEF,2250000.000000001,1196966.9608580214,1191587.9571672827,80090.01322313778
dennis johnsen__1998-02-17,Dennis Johnsen,MID,1600000.0000000012,2009490.790441757,1922186.733549305,239653.57857388954
dennis man__1998-08-26,,,,6692991.75704115,7145559.373217489,1011525.5652643327
dennis praet__1994-05-14,,,,3202235.0901882956,3202235.0901882956,182507.09726776375
dennis seimen__2005-12-01,,,,2916881.877404107,2916881.877404107,669924.9516155187
dennis srbeny__1994-05-05,Dennis Srbeny,MID,762499.9999999997,725287.5832307307,754886.282712406,51384.18968649265
denso kasius__2002-10-06,Denso Kasius,DEF,4999999.999999999,3264137.7175885085,3264036.4123707865,307350.94491303765
denys popov__1999-02-17,Denys Popov,DEF,5500000.000000001,8910391.119788276,8946741.012814786,155786.5864609346
denys tvardovskyi__2003-06-13,,,,598927.4755053866,598927.4755053866,
denzel de roeve__2004-08-10,,,,581764.6400765629,579222.6308314052,26686.161545476592
denzel dumfries__1996-04-18,Denzel Dumfries,DEF,31999999.999999955,32202445.50991764,32202445.50991764,2174436.3885454554
denzel hall__2001-05-22,,,,486476.2783002272,565129.2673423976,172927.02358279005
dereck kutesa__1997-12-06,,,,3354125.981584389,3354125.981584389,61363.778967417915
derek cornelius__1997-11-25,,,,4319744.971972254,4347595.469643177,193456.283811773
derensili sanches fernandes__2001-05-28,,,,1499299.9545892968,1520383.4499328611,41969.98233375962
derlis gonzalez__1994-03-20,,,,946152.0792863297,946152.0792863297,
dermane karim__2003-12-26,,,,3078819.6476314114,3092841.5957959923,293968.6449201955
deron payne__2002-09-25,Déron Payne,DEF,1075000.0,1130279.9018816107,1137409.6335642703,22384.164783450484
derrick kohn__1999-02-04,,,,5575148.591569509,5579959.021768156,70456.6691651215
derrick williams__1993-01-17,,,,626484.6154833976,639908.8032624485,77380.54060140213
desire doue__2005-06-03,,,,90177348.46908513,90177348.46908513,1718012.0755555842
desmond acquah__2002-07-23,,,,323745.2773454485,323745.2773454485,
destiny udogie__2002-11-28,,,,32174491.266048383,33057382.83197123,1997153.8140355914
detlef esapa osong__2004-09-21,,,,356174.46797659673,356420.6056952038,14524.051653116494
devante cole__1995-05-10,,,,848396.8647102448,848396.8647102448,72507.41921290656
deveron fonville__2003-05-16,,,,624661.1440700274,622025.0576898503,14720.977281760826
devid eugene bouah__2001-08-13,Devid Eugene Bouah,DEF,700000.0000000006,810798.0796284069,792074.3403128183,57528.65115954047
devis epassy__1993-02-02,,,,437157.84992427955,437157.84992427955,8963.118417236405
devis vasquez__1998-05-12,,,,2006987.0074286219,2013017.4466462107,126366.31556350739
devon koswal__2003-08-21,,,,712949.2581165204,712949.2581165204,
devrim sahin__2007-04-01,,,,322227.8813971251,321209.8004730897,24046.610596665996
devyne rensch__2003-01-18,,,,7304894.428977858,7103243.041396926,537358.0986210976
dexter lembikisa__2003-11-04,,,,922155.1632795237,941412.9099813099,161886.97261173555
diallang jaiyesimi__1998-05-07,,,,317396.05267198797,310601.5946638564,12243.583517835033
diant ramaj__2001-09-19,,,,7476122.828071411,7441161.208741258,337092.634109797
dickson abiama__1998-11-03,,,,753088.6082922552,753088.6082922552,48962.714259047105
diego arroyo__2005-04-29,Diego Arroyo,DEF,499999.99999999977,390105.856205046,413799.97800894984,42620.965373853935
diego coppola__2003-12-28,,,,8503468.45090774,9106358.573512647,1264915.777751579
diego demme__1991-11-21,,,,905670.5893512256,935338.2701196785,88764.62948337402
diego duarte__2002-04-08,,,,1598226.2346386428,1562617.7989314278,97901.96084151157
diego lainez__2000-06-09,,,,5642969.88492447,5371191.134324622,1319845.7283253109
diego leon__2007-04-03,,,,1508308.031012148,1535248.456477195,129062.01252215485
diego rodriguez__1989-06-25,,,,605144.3258967676,624897.8896646476,58120.22519388454
diego rossi__1998-03-05,,,,5148128.608210066,5208132.97009055,724170.6412917186
diego valencia__2000-01-14,,,,1025162.0582273621,1028857.9041417136,17807.563422158724
dies janse__2006-01-17,,,,2564553.8021084215,2567019.34818252,41350.26102967108
dikeni salifou__2003-06-08,,,,1166583.6349651557,1162750.6072195307,25094.396849904377
dilan markanday__2001-08-20,,,,602895.4478081095,609565.052197056,36044.80390475356
dilane bakwa__2002-08-26,Dilane Bakwa,MID,24500000.000000007,22494626.322290957,22296549.23111595,346157.60678526876
dillon phillips__1995-06-11,,,,478376.2357958043,478376.2357958043,7744.037380710539
dimitar mitov__1997-01-22,,,,1142912.037642261,1141772.1434046272,72012.93296119827
dimitri bisoli__1994-03-25,Dimitri Bisoli,MID,1699999.9999999988,1435180.578527937,1435180.578527937,61917.523502674085
dimitri foulquier__1993-03-23,,,,2261362.796451845,2289918.844804551,193552.0504937303
dimitri lavalee__1997-01-13,,,,1788803.283666694,1868077.9105601488,235525.69731926158
dimitrije kamenovic__2000-07-16,,,,651448.1574612043,651448.1574612043,34368.23323252206
dimitrios diamantakos__1993-03-05,,,,553130.8156956271,553130.8156956271,
dimitrios goutas__1994-04-04,,,,1249569.7657994728,1257867.2441381416,58116.41193540707
dimitrios kaloskamis__2005-03-01,,,,2938336.755743619,2938336.755743619,
dimitrios keramitsis__2004-07-01,,,,492132.07006747084,492132.07006747084,18583.115406259916
dimitrios nikolaou__1998-08-13,,,,1301682.6211952828,1273448.9304639911,80845.91800623623
dimitrios pelkas__1993-10-26,,,,1691627.9979061792,1691627.9979061792,120538.61312150606
dimitrios sounas__1994-08-12,,,,924980.325798712,911974.8891703994,32926.24921882846
dimitrios stamatakis__2003-04-23,,,,453877.9451193316,453877.9451193316,
dino mikanovic__1994-05-07,,,,874785.7231260713,874785.7231260713,13418.02719219576
dion de neve__2001-06-12,,,,1429702.4412483298,1429702.4412483298,39989.422504963455
dion lopy__2002-02-02,,,,5515388.650504659,5515388.650504659,
dion malone__1989-02-13,Dion Malone,DEF,82500.00000000001,139682.87895032665,148382.50444018398,19665.343793031006
dion pereira__1999-03-25,,,,275740.5497772757,275740.5497772757,
dion sanderson__1999-12-15,,,,1287056.6655497334,1176450.131076202,225076.16746445847
dion vlak__2001-06-28,,,,126304.85413531706,126304.85413531706,
dirk abels__1997-06-13,,,,468946.5369567379,468946.5369567379,
dirk baron__2002-08-16,Dirk Baron,GK,175000.00000000012,180030.03927058858,184174.69550470466,9978.862837447361
dirk proper__2002-02-24,,,,2401645.5450671054,2401645.5450671054,
dishon bernard__2000-10-14,Di'Shon Bernard,DEF,2300000.0,2070701.0722028587,2095151.6545876006,137516.18456396964
divin mubama__2004-10-25,,,,1702237.6550452085,1688494.8322643212,38546.86713841536
djaoui cisse__2004-01-31,,,,8135930.124163573,8135930.124163573,348692.46762351313
djed spence__2000-08-09,,,,26248648.384780414,26248648.384780414,328771.48513269
djeidi gassama__2003-09-10,,,,5569300.047036194,5546042.477264799,309533.25542399357
djenairo daniels__2002-01-07,,,,580007.2362890405,606220.3517822617,53864.74104278111
djevencio van der kust__2001-04-30,Djevencio van der Kust,DEF,850000.0000000005,987790.7278166821,999293.54078836,39223.997777397
djibril coulibaly__2008-11-18,,,,565299.4777521627,569561.2491219911,37003.07848657475
djibril diani__1998-02-11,Djibril Diani,MID,899999.9999999995,1208762.418936234,1191506.2582026173,63763.54054172172
djibril lamego__2003-02-25,,,,1264084.7859743282,1268723.7752105787,60665.361204019704
djibril soumare__2003-01-07,,,,1964352.3620526404,1983375.2548695337,121210.49285406328
djibril sow__1997-02-06,,,,7479125.81033382,7479125.81033382,
djordje mihailovic__1998-11-10,,,,4957644.853957403,4957644.853957403,
dmytro kryskiv__2000-10-06,,,,3149848.9816230605,3037659.2907578554,205072.44703707309
dmytro pospelov__1991-10-19,,,,619703.7342236589,619703.7342236589,6844.577166120628
dmytro riznyk__1999-01-30,,,,4957811.9411406955,4957811.9411406955,16869.2311005586
dodi lukebakio__1997-09-24,Dodi Lukébakio,MID,26250000.00000004,27801602.25915816,27801602.25915816,900218.9140264866
dogan alemdar__2002-10-29,,,,1911349.462220726,1911349.462220726,114127.49668272951
dogucan haspolat__2000-02-11,,,,11404765.980826676,11513200.672140677,362997.8956552441
dogukan sinik__1999-01-21,,,,1225933.3765336485,1225933.3765336485,49018.811297628534
dom ballard__2005-04-01,,,,1535363.978110967,1535363.978110967,
domagoj bradaric__1999-12-10,,,,2433648.1495788125,2433648.1495788125,45653.14713463709
domagoj vida__1989-04-29,Domagoj Vida,DEF,575000.0000000001,687159.756745432,687159.756745432,3256.4178531759353
domen crnigoj__1995-11-18,,,,830886.9013450412,825903.4125652252,23900.447837357813
domenico berardi__1994-08-01,,,,20827317.21155874,20329555.74272962,1573386.2133404927
dominic ball__1995-08-02,,,,412234.8021438293,412234.8021438293,16145.359277319616
dominic calvertlewin__1997-03-16,,,,11715672.580283964,11329948.9272686,1552716.4414321503
dominic solanke__1997-09-14,,,,27181511.05255555,27053034.604733694,2730675.300284526
dominik franke__1998-10-05,,,,599247.6177947337,604005.1986750094,26254.652648961353
dominik greif__1997-04-06,,,,12896649.750153817,12892459.555660276,157866.94428578363
dominik kohr__1994-01-31,,,,5492831.629212274,5429435.875479419,304403.3656430549
dominik kotarski__2000-02-10,,,,8239909.582205102,8471457.589563975,690250.0305712192
dominik livakovic__1995-01-09,,,,5850850.248897769,5819137.958450414,374336.8644548369
dominik prpic__2004-05-19,,,,8579237.29356932,8927066.423990712,846947.6150417016
dominik reimann__1997-06-18,,,,701029.0155676719,701029.0155676719,6255.357342245356
dominik szoboszlai__2000-10-25,Dominik Szoboszlai,MID,77499999.99999993,75284523.90802798,75765660.657408,2432590.8043940687
dominique heintz__1993-08-15,,,,1674575.8992322634,1682174.0196946457,56864.267064615655
donald love__1994-12-02,,,,227913.28302757046,243367.82926224815,44259.79082349291
donangelo konadu__2006-05-03,Don-Angelo Konadu,FWD,1050000.0000000007,883341.0829229938,892310.7831822858,20392.177570781845
donervon daniels__1993-11-24,,,,254791.87885991592,257731.40709751312,15479.780381620978
donis avdijaj__1996-08-25,,,,1162123.958962053,1209406.356392194,206207.28092794828
donny van de beek__1997-04-18,Donny van de Beek,MID,3750000.0000000023,5640368.743326127,5700355.921205774,474196.79223787616
donyell malen__1999-01-19,,,,19560216.905004922,19439370.32962995,669789.3907916609
dorian hanza__2001-05-12,Dorian Hanza,FWD,387499.99999999977,529690.1652048137,529690.1652048137,81046.63096645402
dorukhan tokoz__1996-05-21,Dorukhan Toköz,DEF,1550000.0000000012,1504029.5167144295,1522901.9329039906,62229.54887537639
douglas aurelio__1999-03-27,,,,1059815.8977825155,1094048.4703149826,67516.88038185322
drey wright__1995-04-30,,,,477382.45819978084,452825.5642032239,68191.68660698691
drissa camara__2002-02-18,,,,973285.7756404048,973285.7756404048,
duccio degli innocenti__2003-04-28,,,,1223913.4393551166,1223913.4393551166,
duje caletacar__1996-09-17,,,,3711375.7323728483,3711375.7323728483,579855.2264251998
dujon sterling__1999-10-24,,,,2919330.095101921,3273470.921498268,1337013.8817799157
duke verduin__2003-10-30,,,,176529.26132704067,174999.43909025082,6239.143415424212
dusan lagator__1994-03-29,,,,427443.83730683336,427443.83730683336,44119.5758391441
dusan vlahovic__2000-01-28,,,,37593627.60192062,37593627.60192062,71068.60248839014
duvan zapata__1991-04-01,,,,10295958.864853526,10295958.864853526,
dwight mcneil__1999-11-22,,,,14779685.225510553,14779685.225510553,834904.9726687368
dylan batubinsika__1996-02-15,,,,1245564.3795197122,1270908.2047992279,64192.30483923608
dylan bronn__1995-06-19,Dylan Bronn,DEF,1150000.0000000005,897281.4234940563,902948.1844173252,11215.07939977361
dylan chambost__1997-08-19,Dylan Chambost,MID,1200000.0000000005,1347160.799760382,1356268.525884029,55830.715299850395
dylan levitt__2000-11-17,Dylan Levitt,MID,1150000.0000000005,1212185.556854492,1212185.556854492,36831.59301835763
dylan mertens__1995-07-20,,,,573600.3826393955,575205.5068165543,16826.197478589445
dylan nandin__2002-02-28,Dylan Nandín,FWD,1625000.0000000012,1741310.8729494293,1795340.1461585294,183541.01337583733
dylan ourega__2004-10-06,,,,1175712.0264067966,1175712.0264067966,
dylan tait__2001-12-01,,,,433351.5745032232,434089.005597812,12672.01906402583
dylan wells__2006-03-20,Dylan Wells,MID,162500.00000000012,217565.51999754386,218595.46069323356,6307.18488292499
dylan williams__2003-09-13,,,,678324.0737241022,678324.0737241022,7701.772069203136
dynel simeu__2002-03-13,,,,337117.01172910514,339892.5313203292,22174.23790762945
dzenan pejcinovic__2005-02-15,,,,3263107.1040591253,3036975.306742618,500287.88381181384
dzenis burnic__1998-05-22,,,,1164501.038133497,1179761.8355540107,48649.101164921674
ebenezer annan__2002-08-21,,,,1017807.6590187795,1051379.842951869,106575.95016087494
eberechi eze__1998-06-29,Eberechi Eze,MID,56749999.99999994,50798318.130572066,52372036.61970482,3403183.8192544878
ebrima ceesay__2006-06-01,Ebrima Ceesay,FWD,287499.9999999999,316201.755676948,314938.3328795581,15811.30237430741
ebrima colley__2000-02-01,,,,873705.7569260667,873705.7569260667,20447.205573239276
ebrima darboe__2001-06-06,,,,1453179.170876274,1350729.7500424804,167552.49665879546
ebube duru__1999-07-31,Ebube Duru,DEF,324999.9999999999,364872.5479252116,353115.16340735723,36037.41512766791
ed turns__2002-10-18,,,,493979.2567107362,493979.2567107362,
edan diop__2004-08-28,,,,2325391.745601168,2263423.5572953965,152633.56146563397
eddie beach__2003-10-09,,,,241018.3168059314,251090.7816731391,19887.642172724656
eddie nketiah__1999-05-30,Eddie Nketiah,FWD,10750000.000000006,9593301.044178775,9658606.834477825,531647.3646425472
eddy gnahore__1993-11-14,,,,1167829.4994794438,1191245.0122481496,100218.73462184558
eddy kouadio__2006-05-07,,,,712961.8610923787,661537.6479142236,98525.19130906476
eddy sylvestre__1999-08-29,Eddy Sylvestre,MID,662499.9999999998,583132.7558665314,556911.2996197358,60320.238702807685
eden karzev__2000-04-11,Eden Karzev,MID,1849999.9999999995,1544825.7146131592,1538855.9177344074,64425.365755774736
edgaras utkus__2000-06-22,,,,4366618.202117382,4366618.202117382,135814.37657275816
edhy zuliani__2004-08-11,,,,670309.8202721854,670309.8202721854,
edimilson fernandes__1996-04-15,,,,4175519.909817663,4175519.909817663,425535.0485121918
edin dzeko__1986-03-17,Edin Džeko,FWD,5850000.000000001,5699076.623724764,5909473.3897948805,761975.039543544
edin visca__1990-02-17,,,,3694705.245850062,3694705.245850062,410315.106880964
edinson cavani__1987-02-14,,,,935371.4850171385,1020363.8023270196,180688.86176695296
edmond tapsoba__1999-02-02,Edmond Tapsoba,DEF,31500000.00000002,28122009.817171305,28726078.193529613,2362360.2792284912
edo kayembe__1998-06-03,Edo Kayembe,MID,3049999.999999998,2473356.476252248,2550689.20602838,155348.3295893324
edoardo corvi__2001-03-23,,,,824293.6619921719,778497.4455363977,93069.04186508217
edoardo goldaniga__1993-11-02,,,,1861321.158007485,1858186.6914766182,26341.87340623325
edoardo iannoni__2001-04-11,,,,1473595.3120932041,1488967.357644044,128635.15447086912
edoardo masciangelo__1996-07-08,,,,823906.7880006657,808987.4397658664,54137.855772354254
edoardo motta__2005-01-13,,,,750992.9039296045,753095.6630078987,25528.096731472368
edoardo pieragnolo__2003-01-03,,,,1196477.4070149346,1214017.3510116613,36197.83360358786
edoardo soleri__1997-10-19,Edoardo Soleri,FWD,749999.9999999998,1023880.4281711354,1012923.8591050751,59226.46722704704
edon zhegrova__1999-03-31,,,,20060310.659851152,20060310.659851152,367111.18068337505
edouard mendy__1992-03-01,,,,6187383.259679543,6152239.628024671,331160.80242260976
edouard michut__2003-03-04,,,,1934201.1569889109,1934201.1569889109,
edson alvarez__1997-10-24,,,,14362043.75375568,14362043.75375568,1947318.9465757122
eduard lowen__1997-01-28,,,,3965321.552148169,3965321.552148169,105975.94611872904
eduardo camavinga__2002-11-10,,,,38199614.85198535,43901113.7864413,10949575.596545676
eduardo guerrero__2000-02-21,Eduardo Guerrero,FWD,2199999.9999999995,2350305.04164903,2350305.04164903,169522.8104434201
eduardo salvio__1990-07-13,,,,1399980.038095024,1399980.038095024,164897.0631524199
edvinas gertmonas__1996-06-01,,,,724798.4023887444,726441.8043728102,8165.94877492408
edward chilufya__1999-09-17,,,,1223775.1306961495,1223775.1306961495,169327.79253442943
efe akman__2006-03-20,,,,849538.7191338134,813640.7863440182,75164.7605145661
efecan karaca__1989-11-16,,,,717708.7437459861,717708.7437459861,71628.67566730382
efkan bekiroglu__1995-09-14,Efkan Bekiroğlu,MID,1550000.0000000012,1398054.6266003908,1396267.577100417,79396.46821897016
ehije ukaki__2004-10-02,,,,348504.99531254143,367825.94685707794,54409.62727372781
eivind helland__2005-04-25,,,,2239682.6262491895,2239682.6262491895,234954.9119363366
el bilal toure__2001-10-03,,,,8382522.966260456,8382522.966260456,
el chadaille bitshiabu__2005-05-16,,,,10530664.589592634,10696954.801987734,399843.41392158106
elayis tavsan__2001-04-30,Elayis Tavşan,MID,1550000.0000000012,1649124.9647251174,1675445.9820667226,65283.26937681159
elbasan rashani__1993-05-09,,,,621541.4579169727,665387.4595225727,176561.52672783769
eldor shomurodov__1995-06-29,,,,4621127.83358822,4574188.665461536,822178.4929208558
eli king__2002-12-23,,,,691550.1124527704,691550.1124527704,
elia caprile__2001-08-25,,,,14935732.839310095,14410988.226579063,2227931.622782768
elias achouri__1999-02-10,,,,2253215.907233244,2254795.027671355,57231.82749079894
elias bakatukanda__2004-04-13,Elias Bakatukanda,DEF,1024999.9999999995,1245894.7749255316,1238691.8390027462,54276.27625092168
elias baum__2005-10-26,Elias Baum,DEF,2875000.000000001,5089025.764834215,4977105.865545918,230497.16175096264
elias cobbaut__1997-11-24,,,,3213841.044927209,3213841.044927209,
elias hoff melkersen__2002-12-31,,,,939696.2594282196,939696.2594282196,22388.721232440515
elias jelert__2003-06-12,,,,6001712.2835220285,6367784.482525568,971295.268063723
elias kachunga__1992-04-22,,,,300766.25274111406,303687.74583226844,36143.72839230196
elias manoel__2001-11-30,,,,637192.7029962841,631787.2324060868,59208.75772831298
elias mar omarsson__1995-01-18,,,,640117.292476973,640117.292476973,557.2954940896775
elias pereyra__1999-02-15,Elías Pereyra,DEF,875000.0,1271497.114392685,1270178.1691632385,81916.33588982695
elie youan__1999-04-07,,,,1474638.6151564016,1404768.9014114009,138540.73337953523
elies mahmoud__2001-02-10,,,,1255867.9310049545,1255867.9310049545,11944.63038245617
eliesse ben seghir__2005-02-16,,,,11111700.784050107,11111700.784050107,
elijah dijkstra__2006-08-05,,,,1194627.4538140744,1194627.4538140744,70292.72495458563
elijah just__2000-05-01,,,,839315.288507177,839315.288507177,53815.84312815964
eliot bujupi__2006-07-03,,,,560395.8424608944,582590.8938664629,48698.490263341395
eliot matazo__2002-02-15,,,,2329653.741682384,2349839.2716245446,246938.48506316356
elisha owusu__1997-11-07,,,,3417322.983147317,3417322.983147317,90954.27719503977
eljif elmas__1999-09-24,,,,10698399.95463643,10698399.95463643,593111.1717423942
ellery balcombe__1999-10-15,,,,445632.93732441426,445183.22378905886,5509.680499228722
elliot anderson__2002-11-06,,,,46967355.764099084,46967355.764099084,795799.7222835899
elliot lee__1994-12-16,Elliot Lee,MID,787499.9999999994,648375.4936454829,648375.4936454829,170248.37396237094
elliot watt__2000-03-11,,,,674627.0770855176,674627.0770855176,
ellis simms__2001-01-05,,,,2935251.601871025,2935251.601871025,
ellyes skhiri__1995-05-10,,,,9517566.732272826,9347331.24949037,508253.20437430916
elseid hysaj__1994-02-02,Elseid Hysaj,DEF,2349999.999999999,2074866.8684719736,2074866.8684719736,52717.183148911594
elton fikaj__2005-10-18,,,,732562.5056188594,707643.2888925085,52069.92887733947
elton kabangu__1998-02-08,Elton Kabangu,MID,662499.9999999998,734698.1986060326,734698.1986060326,
elvis rexhbecaj__1997-11-01,,,,3330539.354679591,3331751.5288857706,74039.79003679367
elvis van der laan__2008-02-29,,,,242111.43105665263,245488.61408725812,16110.047470132502
elye wahi__2003-01-02,,,,9062492.584678099,9356503.414153999,522118.4442035896
elyess dao__2006-11-20,Elyess Dao,FWD,512499.9999999997,436758.78330901405,433184.1688304951,37696.725835619225
eman kospo__2007-05-17,Eman Košpo,DEF,1112500.0000000005,521629.93926826306,520087.0889823561,15646.563147412378
emanuel mammana__1996-02-10,Emanuel Mammana,DEF,4349999.999999996,4794884.458680261,4971352.548415546,367992.6441753893
emanuele valeri__1998-12-07,,,,5729719.4293324845,5816749.254945126,397374.865969059
emil audero__1997-01-18,,,,8372872.788641535,8372872.788641535,265662.3449474851
emil bohinen__1999-03-12,,,,1663418.6963127817,1663418.6963127817,
emil forsberg__1991-10-23,,,,5569920.50980593,5569920.50980593,
emil gazdov__2003-09-11,,,,466735.02793013427,454433.6211479267,29101.814653047397
emil hansson__1998-06-15,,,,1079278.7714684966,1079278.7714684966,17761.475166995984
emil hjlund__2005-01-04,,,,518809.8406310516,532062.7018384485,37766.31299962317
emil holm__2000-05-13,,,,6082784.643440293,6082784.643440293,306057.2785350408
emil holten__1996-08-08,,,,678810.1648477027,678810.1648477027,
emil kornvig__2000-04-28,,,,2165470.499000019,2079527.9236081804,162481.9933422182
emil krafth__1994-08-02,,,,2230214.8075976847,2230214.8075976847,62204.73975097825
emil riis__1998-06-24,,,,2202151.7016826384,2229616.8492637817,121733.86226059218
emile smith rowe__2000-07-28,,,,20464197.035142835,21089524.22707121,1330894.2970055137
emiliano buendia__1996-12-25,,,,11205376.614864904,11205376.614864904,1975902.8962771127
emiliano martinez__1992-09-02,Emiliano Martínez,GK,20749999.99999997,16662092.32363548,16777518.99140503,905863.7028843521
emilio simonsen__1999-10-31,Emilio Simonsen,MID,412500.00000000006,399898.49324435304,399891.6090177249,10717.341662403645
emin bayram__2003-04-02,,,,5336542.52742771,5386654.698071244,495691.37401463644
emir karic__1997-06-09,,,,923273.7933441639,898266.789718929,125227.45376974207
emir ortakaya__2004-06-22,,,,574035.2441819707,574035.2441819707,
emirhan demircan__2005-01-20,,,,641089.6358189133,641089.6358189133,
emirhan ilkhan__2004-06-01,,,,829131.0380901584,829131.0380901584,
emirhan topcu__2000-10-11,,,,7546656.118723621,7863984.468863906,552095.1770872381
emmanuel agbadou__1997-06-17,Emmanuel Agbadou,DEF,14000000.00000001,12933201.782888636,13074753.675801728,265769.2665859173
emmanuel biumla__2005-05-08,,,,3716457.8672868814,3716457.8672868814,286614.5050118495
emmanuel boateng__1996-05-23,,,,2328144.317417519,2290995.7059272407,143514.60150213205
emmanuel danso__2000-11-10,,,,558667.8859864663,558667.8859864663,
emmanuel ekong__2002-06-25,,,,1039505.4862312218,1031112.4496941038,40666.13642633291
emmanuel gyabuaa__2001-09-21,,,,593688.8425336652,591966.9541776478,6811.96695865282
emmanuel gyasi__1994-01-11,,,,2471515.9730966897,2471515.9730966897,
emmanuel iyoha__1997-10-11,Emmanuel Iyoha,DEF,1150000.0000000005,1012720.7531287132,1004313.8422670446,63827.0983838132
emmanuel kakou__2005-06-30,Emmanuel Kakou,DEF,1099999.9999999998,954582.839047207,933179.5058762834,83894.52515242998
emmanuel longelo__2000-12-27,,,,906631.9717701084,887965.9160836542,70229.34593990518
emmanuel sabbi__1997-12-24,,,,1673480.1355995229,1673480.1355995229,
emmanuel yeboah__2003-02-25,,,,397626.5966985243,397626.5966985243,37239.81038689137
emran soglo__2005-07-11,,,,1324304.4856162642,1262827.846121232,102628.71908421056
emre akbaba__1992-10-04,,,,1307557.4066811688,1290101.7132806687,58392.87101801628
emre bilgin__2004-02-26,,,,772843.8694798921,776907.3685426333,14861.613214390392
emre can__1994-01-12,,,,17541059.044676907,17410844.226686303,680877.5011365737
emre klnc__1994-08-23,,,,2129477.917691982,2072065.5496676299,105804.59395600756
emre mor__1997-07-24,,,,2145703.469865551,2348324.790300927,433539.16095677443
emre tasdemir__1995-08-08,,,,403125.4674371677,399787.6522959541,21363.208710460807
emrecan bulut__2002-11-26,,,,550323.1541310265,550323.1541310265,
enda stevens__1990-07-09,,,,366795.35437175457,366795.35437175457,24019.202957202106
enea mihaj__1998-07-05,,,,2215789.460654172,2215789.460654172,264374.67344376346
enes mahmutovic__1997-05-22,,,,478243.27979377174,464714.5711818306,24165.897124976033
enes unal__1997-05-10,,,,10639511.166834323,10639511.166834323,1927750.754825054
enis bardhi__1995-07-02,,,,3555123.656776163,3555123.656776163,188715.7790236211
enis destan__2002-06-15,,,,2232213.0104837194,2232213.0104837194,12389.041319787311
enock agyei__2005-01-13,,,,1273106.903018622,1307192.266208789,81486.9007348487
enrico delprato__1999-11-10,,,,6242598.528392488,6207090.197210646,223852.81176060336
enrique lofolomo__2000-04-14,,,,1114639.5498999853,1106098.0180258953,49004.458499173925
ensar kemaloglu__1998-10-05,,,,268803.99811446393,268803.99811446393,8702.028821133274
enso gonzalez__2005-01-20,,,,1030216.0129082709,1030216.0129082709,203509.44061418582
enzo barrenechea__2001-05-22,,,,14202744.639271026,14202744.639271026,430498.11823370546
enzo basilio__1994-10-03,,,,954354.5334168657,936603.3969940664,34266.14986987352
enzo ebosse__1999-03-11,Enzo Ebosse,DEF,1849999.9999999995,1628405.805185969,1628405.805185969,8105.863060547451
enzo fernandez__2001-01-17,Enzo Fernández,MID,78999999.99999993,76522984.10584553,76477593.59288014,3719494.535291385
enzo le fee__2000-02-03,Enzo Le Fée,MID,17249999.99999998,15642038.385681989,15958698.465448273,2345003.3948026686
enzo loiodice__2000-11-27,Enzo Loiodice,MID,4300000.000000002,4577985.451756726,4392486.688941554,345462.41694076254
enzo martinez__1998-04-29,,,,1377213.780030386,1377213.780030386,
enzo millot__2002-07-17,,,,21011995.62719179,21011995.62719179,193791.5969626035
enzo perez__1986-02-22,,,,521698.0902883414,521698.0902883414,
enzo tchato__2002-11-23,,,,3135766.3564402573,3135766.3564402573,373339.28014254576
eray comert__1998-02-04,,,,2546559.8374280278,2546559.8374280278,55737.14495312856
ercan kara__1996-01-03,,,,1036559.5715548374,1037073.9426478319,14957.237467017008
erdem canpolat__2001-04-13,,,,699208.760416341,699208.760416341,
erdogan yesilyurt__1993-11-06,,,,714537.7860998459,743796.3097622656,46408.0165825877
eren dinkci__2001-12-13,Eren Dinkçi,MID,7249999.999999998,6758552.798145382,6772633.551863211,124093.97327226365
eren elmal__2000-07-07,Eren Elmalı,DEF,6999999.999999995,6236423.7470256565,6330047.391401952,261375.73669768416
erencan yardmc__2002-02-04,Erencan Yardımcı,FWD,2349999.999999999,1909158.9066230005,1942285.355225132,78274.58475676342
erhan erenturk__1995-05-30,,,,225643.76724829245,225643.76724829245,11132.938419291979
erhan masovic__1998-11-22,Erhan Mašović,DEF,3400000.000000002,1826551.031748542,1893450.8450668263,128428.6185235658
eric bailly__1994-04-12,,,,2562417.6982666394,2562417.6982666394,164573.82420206338
eric dier__1994-01-15,Eric Dier,DEF,8750000.000000007,8332487.769149945,8488313.879809903,308676.35467254184
eric kahl__2001-09-27,,,,2131007.7387213376,2108909.1500369674,65404.53006983785
eric martel__2002-04-29,,,,9984731.035367444,10692759.522864103,1833188.6874583678
erik ahlstrand__2001-10-14,,,,826264.8217474036,826264.8217474036,883.4864989332106
erik botheim__2000-01-10,,,,1869608.187513448,1863221.3279742189,256663.82942944946
erik majetschak__2000-03-01,,,,713282.5205078464,708203.8824488859,11383.312690954377
erik palmerbrown__1997-04-24,,,,1975346.7573370275,1989076.4503739784,28808.950441127043
erik sviatchenko__1991-10-04,Erik Sviatchenko,DEF,1087500.0000000007,599731.2441089991,585904.3120827364,79042.4336427261
erling haaland__2000-07-21,,,,168806665.6816042,164592846.7205639,19891371.24972518
ermedin demirovic__1998-03-25,Ermedin Demirović,FWD,22500000.00000001,22920421.473042775,23139887.54743139,1914619.4520905719
ernest agyiri__1998-03-06,,,,578654.4133745439,578654.4133745439,54601.72076760894
ernest muci__2001-03-19,,,,8443895.549758784,8185662.626649363,777161.1618128732
ernest nuamah__2003-11-01,,,,10305846.002159223,10435390.104347078,494518.84592934884
ernest poku__2004-01-28,Ernest Poku,MID,6549999.999999996,9663922.358608026,9818001.878945613,417791.23426757735
ernestas lysionok__2007-03-09,,,,225373.28141011167,225373.28141011167,
ernesto torregrossa__1992-06-28,Ernesto Torregrossa,MID,987499.9999999999,858077.509752427,845973.9674021038,42520.7922862069
eros maddy__2001-02-05,,,,488290.6633400793,499600.49605119077,38096.90221072189
ersin destanoglu__2001-01-01,Ersin Destanoğlu,GK,2750000.0,2574621.0680077164,2571578.630975398,146157.10206376502
ertugrul taskran__1989-11-05,,,,164453.3950922729,163195.52747762925,14346.260759136752
erwin koffi__1995-01-10,,,,905497.3573309224,878353.3062940161,96937.21071126804
eser gurbuz__2007-03-06,Eser Gürbüz,MID,612499.9999999997,409836.9839004136,414344.74904091354,10162.38829682872
eskild dall__2003-01-08,,,,390296.6405187771,388186.30899437505,26070.627263497012
esmir bajraktarevic__2005-03-10,Esmir Bajraktarević,MID,4750000.000000003,5103888.197331609,5118931.643442424,439787.57604344306
esteban burgos__1992-01-09,,,,548760.7346068256,551332.2123293107,34931.8178865029
ethan ampadu__2000-09-14,,,,14482569.9894762,14482569.9894762,
ethan brierley__2003-11-23,Ethan Brierley,MID,700000.0000000006,853689.029777797,851585.7762903012,68310.51287506556
ethan galbraith__2001-05-11,,,,1961676.2243889861,1971141.5016646315,66180.79682373394
ethan hamilton__1998-10-18,,,,626291.1299685792,626291.1299685792,13562.33765295563
ethan horvath__1995-06-09,,,,682305.6397510119,703601.8361162567,66389.22428389799
ethan ingram__2003-04-16,,,,390669.9009760153,356008.4211318467,65852.20589785777
ethan laird__2001-08-05,Ethan Laird,DEF,3550000.0000000014,2168807.059318197,2168807.059318197,
ethan mbappe__2006-12-29,,,,5019434.265587011,5135313.456889469,291724.92002927983
ethan nwaneri__2007-03-21,Ethan Nwaneri,MID,27999999.99999999,18317235.929551765,18935265.423223346,3013568.590976368
ethan pinnock__1993-05-29,,,,5377753.394481012,5377753.394481012,590156.1721105474
ethan ross__2001-08-15,,,,405268.5190508411,408934.61313226237,12494.387982193513
ethan schiltebrown__2005-06-01,,,,237494.97977053234,224145.62920382305,23608.32694611152
ethan williams__2005-11-14,,,,611345.1108248658,615610.3641735208,34269.880199956206
etienne camara__2003-03-30,,,,2438478.0181566235,2377658.720389842,170448.74918400857
etienne green__2000-07-19,,,,672413.1544072479,672413.1544072479,40606.42198061336
etienne vaessen__1995-07-26,,,,1222909.670449897,1231524.1813247015,72550.73017496457
etienne youte kinkoue__2002-01-14,,,,2859415.519663514,2898211.2214921066,277604.26246159227
ettore gliozzi__1995-09-23,,,,1096862.549025952,1077671.4737487314,69838.69665184847
eus waayers__2006-04-08,,,,568272.9147707743,568272.9147707743,1022.0447776619492
evan ferguson__2004-10-19,,,,9378178.598643316,9723951.642370418,921705.3766671562
evan ndicka__1999-08-20,,,,29088568.74309091,29280709.778856523,642647.2163495845
evann guessand__2001-07-01,,,,27081550.902536795,27209435.70975192,795048.7402738876
ever banega__1988-06-29,,,,2792040.0006051837,2792040.0006051837,277585.24732794915
evert linthorst__2000-03-03,,,,1530291.5591447991,1521598.1970837202,101239.7155360871
ewoud pletinckx__2000-10-10,,,,2285569.516188328,2258444.754050847,103361.83670328118
eyup aydn__2004-08-02,,,,1619762.21767767,1614297.0113622816,136821.8907344474
ezechiel banzuzi__2005-02-16,,,,5236512.307827688,5236512.307827688,
ezequiel ponce__1997-03-29,Ezequiel Ponce,FWD,4050000.0000000033,3505283.0856775725,3505283.0856775725,42129.992953686386
ezgjan alioski__1992-02-12,,,,779872.4693083788,776227.8574822722,19487.652145777018
ezri konsa__1997-10-23,,,,45386573.24190085,45386573.24190085,1332468.8314055218
fabian bredlow__1995-03-02,,,,1125282.2073902423,1125282.2073902423,
fabian de keijzer__2000-05-10,,,,779844.8083623125,781228.1911950028,25737.88882776876
fabian ehmann__1998-08-28,Fabian Ehmann,GK,312500.00000000023,330259.44326909253,338696.5687189638,14764.842554930803
fabian holland__1990-07-11,,,,463540.5121636277,471418.6545050372,14789.563861646599
fabian kunze__1998-06-14,Fabian Kunze,MID,1499999.9999999986,1809557.9965512035,1827888.43492594,136643.06496360523
fabian nurnberger__1999-07-28,Fabian Nürnberger,DEF,2250000.000000001,1890059.8960523414,1936639.7860242666,213554.39861299426
fabian reese__1997-11-29,Fabian Reese,MID,4399999.999999997,4686833.798154785,4686833.798154785,
fabian rieder__2002-02-16,,,,8957795.261039717,8957795.261039717,
fabian schar__1991-12-20,,,,12736438.858290462,11982938.68076621,1558225.2825797827
fabian schleusener__1991-10-24,,,,1007417.3394656731,1007497.6249075389,92092.96905132032
fabiano parisi__2000-11-09,,,,8051446.48343654,7829466.065536265,473272.6456300478
fabijan buntic__1997-02-24,Fabijan Buntić,GK,600000.0000000003,479427.41915022227,476272.6033958854,22232.689544881476
fabio balde__2005-07-20,Fabio Baldé,MID,1050000.0000000007,1430227.5707527946,1433954.3145811006,140852.03244750388
fabio chiarodia__2005-06-05,,,,2217041.2889936026,2180670.547037845,86980.23809533358
fabio depaoli__1997-04-24,,,,1624365.39740009,1624365.39740009,33037.057487976126
fabio ferraro__2002-09-03,Fabio Ferraro,DEF,1949999.999999999,2495961.1925131185,2495052.5165781677,65957.86312632385
fabio maistro__1998-04-05,,,,1229219.4152946956,1229219.4152946956,24253.24973929042
fabio miretti__2003-08-03,,,,5448188.531141128,5448188.531141128,871387.0905416947
fabio moreno fell__2000-06-04,,,,472410.0929300406,461415.24368775927,41904.85826217546
fabio torsiello__2005-02-02,,,,888890.5877678996,934461.7502743895,92274.47224200281
fabrizio bagheria__2001-04-05,,,,331399.33689579973,327973.5101378542,16123.405414337
fabrizio brignani__1998-01-13,Fabrizio Brignani,DEF,850000.0000000005,1200287.5616001375,1183924.906191369,74204.22958328966
fabrizio caligara__2000-04-12,,,,1221755.5463834978,1221755.5463834978,89548.05466481244
facundo buonanotte__2004-12-23,Facundo Buonanotte,MID,14499999.99999999,16536526.540289974,16542812.443497373,19129.71844812853
facundo colidio__2000-01-04,,,,5782237.20754483,5887561.539008019,511786.9471049372
facundo lescano__1996-08-18,,,,969674.9079165658,959047.6659157409,30976.837656040494
facundo medina__1999-05-28,,,,21202948.765422303,21214058.53703107,153728.10064236715
facundo pellistri__2001-12-20,,,,3986034.232672995,3909882.6532456633,309656.5170463614
faitout maouassa__1998-07-06,,,,946230.0690833182,946230.0690833182,
fali cande__1998-01-24,,,,2434351.860326998,2434351.860326998,
falko michel__2001-01-14,,,,1108768.803200098,1094413.2922803513,82063.73614786616
fallou fall__2004-04-15,Fallou Fall,DEF,1249999.999999999,1455973.7661640027,1499855.3948239824,102064.10008676452
fares chaibi__2002-11-28,,,,9615678.672582591,9822540.788845247,369230.3975628362
fares ghedjemis__2002-09-06,Farès Ghedjemis,MID,899999.9999999995,1013049.2628336975,1011496.7378031866,65324.46952789056
faride alidou__2001-07-18,,,,1367150.55552501,1367150.55552501,196124.23523621343
fashion sakala__1997-03-14,,,,3909431.2301889183,3909431.2301889183,206883.68940387957
fatih aksoy__1997-11-06,,,,1246083.3865629565,1243338.23170453,41090.07982602009
fatih kaya__1999-11-13,,,,1398382.8049486917,1398382.8049486917,61125.852201040136
fausto grillo__1993-02-20,,,,843870.1299287901,857587.072937506,101430.89010723964
fayssal harchaoui__2006-01-15,,,,418627.5483891615,424213.820418562,29701.986647405774
fedde leysen__2003-07-09,Fedde Leysen,DEF,3700000.000000002,4468983.598868205,4380257.522296882,291147.0637291807
federico alvarez__1994-08-07,Federico Álvarez,DEF,499999.99999999977,392068.71622328035,392068.71622328035,
federico artioli__2001-06-12,Federico Artioli,DEF,612499.9999999997,680723.0455910915,698865.6031796313,32794.997552885055
federico baschirotto__1996-09-20,,,,5976570.423047011,5958205.813155874,141303.25222016938
federico bernardeschi__1994-02-16,,,,7985563.172057757,7985563.172057757,473319.30816327763
federico bonazzoli__1997-05-21,,,,2380486.771596819,2380486.771596819,
federico bonini__2001-08-06,,,,2820861.8754126993,2820861.8754126993,295708.8111257197
federico ceccherini__1992-05-11,,,,1039162.6577312498,1039162.6577312498,
federico chiesa__1997-10-25,Federico Chiesa,MID,20249999.999999974,23288063.68796028,23877444.913029503,2938004.8810563767
federico di francesco__1994-06-14,,,,1997192.2716882024,1997192.2716882024,
federico dimarco__1997-11-10,,,,41309567.06562972,41198353.46796599,3204743.371963308
federico gatti__1998-06-24,,,,24294920.400779832,24294920.400779832,1228432.9806664218
federico gattoni__1999-02-16,Federico Gattoni,DEF,1899999.9999999993,1797724.5265813342,1832720.4253507275,119604.27219285049
federico gino__1993-02-26,,,,653504.5528661084,651896.8776566987,17764.938646719736
federico ravaglia__1999-11-11,,,,1888532.337286483,1888532.337286483,64473.40483947966
federico redondo__2003-01-18,,,,3445482.7530797967,3524674.5117875612,233853.50471659552
federico ricca__1994-12-01,,,,1201860.3140170863,1201860.3140170863,
federico santander__1991-06-04,,,,411506.4231690563,411506.4231690563,8399.904844023587
federico valverde__1998-07-22,Federico Valverde,DEF,113499999.99999997,105553379.86188501,105553379.86188501,232366.36917564855
federico vinas__1998-06-30,Federico Viñas,MID,3350000.0000000014,2701734.569845759,2639348.241844572,227681.26035568817
federico zuccon__2003-04-01,,,,1432029.0791369844,1432029.0791369844,75632.88254419596
fedor chalov__1998-04-10,,,,2262134.5411093337,2237917.2309664655,154044.04752734824
felipe caicedo__1988-09-05,,,,257589.70505955722,264786.425844391,19880.886340730533
felipe chavez__2007-04-10,,,,521579.321945891,551311.7182796098,70620.01403075719
felipe loyola__2000-11-09,Felipe Loyola,DEF,6549999.999999996,3279106.675686684,3279106.675686684,194104.098050239
felix agu__1999-09-27,,,,6220274.340844062,6185384.583791409,289486.13919391297
felix beijmo__1998-01-31,,,,2503181.0334261204,2414109.3118348178,170658.2203200068
felix klaus__1992-09-13,,,,1171981.9437334395,1217315.1781828445,85313.04041346585
felix lemarechal__2003-08-07,,,,9619556.289874697,9619556.289874697,90015.75545015943
felix mambimbi__2001-01-18,,,,1281134.4983849493,1281134.4983849493,
felix nmecha__2000-10-10,,,,45596831.71432882,45972287.06184593,3315849.0884992387
felix passlack__1998-05-29,,,,2415994.438222917,2377309.1339985286,103688.97642977402
felix uduokhai__1997-09-09,,,,5389968.941317127,5362484.824834191,181625.2986968294
femi seriki__2002-04-28,,,,2773590.9372525048,2459651.1033407096,551993.1647169681
ferdi kadoglu__1999-10-07,,,,20241648.22550762,20241648.22550762,237971.32205007787
ferland mendy__1995-06-08,Ferland Mendy,DEF,15000000.00000001,19379155.558459762,18839557.066100396,1919070.8886194061
fernand goure__2002-04-12,,,,710914.4502335904,710914.4502335904,
fernando muslera__1986-06-16,,,,1135139.23003159,1135139.23003159,14825.81046047575
fernando pacheco__1999-06-26,,,,582425.0718988368,582425.0718988368,
fernando zuqui__1991-11-27,,,,744289.7366395766,734108.791578193,168445.02181245954
festy ebosele__2002-08-02,,,,2254558.3477884238,2258631.562964014,189685.55593294086
fiacre kelleher__1996-03-10,Fiacre Kelleher,DEF,157500.00000000006,180892.3873094062,178584.08961188386,42038.40390438197
fidan aliti__1993-10-03,,,,778567.7520320354,790844.0159087944,25394.152832669595
fikayo tomori__1997-12-19,Fikayo Tomori,DEF,33750000.00000005,28388982.89036104,28084564.591981158,1773488.5815894145
filip bednarek__1992-09-26,,,,304979.62200696603,306632.48747212044,12849.93990797121
filip benkovic__1997-07-13,,,,2036353.821359167,2040309.0001810521,154525.19305113648
filip bundgaard__2004-07-03,,,,1832955.7577866162,1813241.4517547265,45043.23569275678
filip kostic__1992-11-01,,,,11555645.769064926,11555645.769064926,484590.68615349854
filip krastev__2001-10-15,,,,1936640.922195307,1977688.9856039777,92118.39059694245
filip krovinovic__1995-08-29,,,,1746985.215049924,1746985.215049924,94901.82231721593
filip kurto__1991-06-14,Filip Kurto,GK,334999.9999999998,236401.04321124373,240526.07736976887,17050.140633162537
filip manojlovic__1996-04-25,,,,914751.4424660951,923276.4626168668,35147.17788496929
filip marchwinski__2002-01-10,,,,1990393.8069797861,1990393.8069797861,
filip marschall__2003-04-24,Filip Marschall,GK,1099999.9999999998,777432.0574080704,775629.7043775256,34748.620091528566
filip mladenovic__1991-08-15,,,,850258.6165628483,850258.6165628483,90830.50952028586
filip stankovic__2002-02-25,,,,4559683.585371016,4610046.627511509,500151.67488205346
filip stojilkovic__2000-01-04,Filip Stojilković,FWD,1249999.999999999,1661534.5309533915,1633338.332660312,50167.69594512989
filip szymczak__2002-05-06,,,,1122724.2169976,1130029.4278747994,157162.59023934614
filip ugrinic__1999-01-05,,,,4811125.207120125,4828046.090980548,214729.95460789735
filippo bandinelli__1995-03-29,Filippo Bandinelli,MID,2000000.0000000016,1422533.6972067368,1429361.941774157,12692.629485409614
filippo delli carri__1999-05-03,Filippo Delli Carri,DEF,950000.0000000008,1241147.0101528852,1243647.000142509,39418.24178464305
filippo distefano__2003-08-28,,,,1282301.4221698784,1276070.7491153963,56416.813533709676
filippo mane__2005-03-08,,,,832991.005182651,820054.8403284043,42899.14374382733
filippo melegoni__1999-02-18,Filippo Melegoni,MID,1024999.9999999995,671957.2574737222,671668.3711674281,21671.990668153732
filippo missori__2004-03-24,,,,1159635.0329536868,1115690.5064712525,118131.5331500512
filippo oliana__1999-06-30,Filippo Oliana,DEF,737500.0000000005,928947.976889535,932702.098323869,14251.318064366453
filippo ranocchia__2001-05-14,,,,3112864.05626942,3150344.838664188,222446.2186211585
filippo romagna__1997-05-26,Filippo Romagna,DEF,1099999.9999999998,1473101.5268500645,1479526.8621968792,108914.9619542256
filippo terracciano__2003-02-08,,,,5538910.491546595,5538910.491546595,
findlay curtis__2006-10-01,,,,935708.2428417718,937503.2037247968,47290.886838255006
finlay pollock__2004-06-27,,,,327102.21783447574,326438.51129152346,6795.899879578854
finlay robertson__2002-11-12,,,,498613.0781204089,499898.08589353575,30352.60120501837
finley burns__2003-06-17,Finley Burns,DEF,749999.9999999998,867371.6763868224,866772.9579218556,33085.61410135946
finley munroe__2005-02-08,,,,1005405.892448806,987930.507303402,72839.42330575228
finn dahmen__1998-03-27,Finn Dahmen,GK,7750000.000000002,5131503.027621887,5138471.8514036685,262827.01345319784
finn jeltsch__2006-07-17,,,,7603159.100878432,7927186.063324037,598958.298191243
finn porath__1997-02-23,Finn Porath,DEF,1099999.9999999998,1409921.0437080509,1606975.1832097152,343028.07476216595
finn stokkers__1996-04-18,Finn Stokkers,FWD,562500.0000000003,666632.4950146232,666632.4950146232,
finn yeats__2004-04-19,,,,215152.16683332346,226879.88071569783,29464.97537385921
fisayo delebashiru__2001-02-06,,,,4693595.659078281,4645304.938421865,227253.69799972256
fisnik asllani__2002-08-08,,,,13677897.315502064,13677897.315502064,
flavio paoletti__2003-01-16,,,,564727.1563844963,564727.1563844963,
flavius daniliuc__2001-04-27,,,,3628001.405658259,3585547.2148658857,108628.15949750184
florent hadergjonaj__1994-07-31,,,,1131827.7282384795,1131827.7282384795,58421.91211307645
florent hanin__1990-02-04,,,,559026.6634019564,567438.2965392215,21341.49902722128
florent mollet__1991-11-19,,,,686019.1488611603,686019.1488611603,
florent muslija__1998-07-06,Florent Muslija,MID,2649999.999999999,2566751.392164078,2579983.589133247,71231.58887459608
florent poulolo__1997-01-02,,,,948676.081447994,947940.5872483607,41813.17345475995
florian aye__1997-01-19,,,,1967710.285845811,1967710.285845811,99960.99086462929
florian escales__1996-02-03,,,,1068200.6506760304,1063327.6690678073,44414.92707873234
florian flecker__1995-10-29,,,,632094.5293278758,632094.5293278758,21521.947125980045
florian flick__2000-05-01,Florian Flick,DEF,1299999.9999999993,836097.4212065255,831417.5744561673,27387.565763204133
florian grillitsch__1995-08-07,,,,4303651.162360077,4453441.025323789,518009.78962876444
florian hellstern__2007-10-18,Florian Hellstern,GK,1150000.0000000005,709711.0849047365,709711.0849047365,22237.40711296478
florian hubner__1991-03-01,Florian Hübner,DEF,255000.0000000001,219930.37387168565,219930.37387168565,23080.66999913489
florian kastenmeier__1997-06-28,,,,1547107.3058596323,1547107.3058596323,557.9292651808463
florian kruger__1999-02-13,Florian Krüger,MID,787499.9999999994,712518.0390587777,699143.694839295,52341.38758721185
florian le joncour__1995-02-03,,,,1124749.2046953912,1126792.9226635029,7731.0793763111005
florian lejeune__1991-05-20,Florian Lejeune,DEF,3299999.9999999986,4079886.49199948,3994049.668581537,221265.97210129342
florian miguel__1996-09-01,,,,1679418.5412426542,1679418.5412426542,30830.88257032635
florian neuhaus__1997-03-16,,,,4680379.099586541,4955187.69902998,761081.8448249812
florian niederlechner__1990-10-24,,,,574580.9537423674,574580.9537423674,
florian sotoca__1990-10-25,,,,1656352.702983,1666809.6114428474,104911.54500616938
florian stritzel__1994-01-31,Florian Stritzel,GK,575000.0000000001,614280.9304844412,614280.9304844412,30326.026698833706
florian tardieu__1992-04-22,Florian Tardieu,MID,1350000.0,1171709.8578567219,1191134.4207129919,65935.95598294048
florian thauvin__1993-01-26,Florian Thauvin,MID,8499999.999999998,8465841.85912284,9152383.798477711,1194963.2597545858
florian wirtz__2003-05-03,,,,139159043.96993896,138300945.4574431,5685307.661841551
flynn downes__1999-01-20,,,,6429762.742333032,6479338.838446782,712306.8233500213
fode ballotoure__1997-01-03,,,,2176351.036009297,2176351.036009297,12504.945200538985
fode doucoure__2001-02-03,,,,2332308.037938985,2339089.2547551785,47316.71436997103
fode sylla__2006-04-16,,,,1418828.0985797853,1396534.8150325497,64098.697918343874
folarin balogun__2001-07-03,,,,15200013.485693436,15404568.43609297,729548.2492748129
formose mendy__2001-01-02,,,,2900559.6610238035,2852545.416857008,169003.85219058374
fotis ioannidis__2000-01-10,,,,13654328.194595143,13792100.991926717,852062.2916157064
fousseni diabate__1995-10-18,,,,1369713.8534689369,1369713.8534689369,211702.77982106814
francesco acerbi__1988-02-10,,,,9255144.335466526,9255144.335466526,275269.56669359416
francesco bardi__1992-01-18,Francesco Bardi,GK,575000.0000000001,693937.8710945714,708015.1494814754,39105.06383481499
francesco camarda__2008-03-10,,,,2900236.200592899,3024589.5878913403,320691.7697309308
francesco cassata__1997-07-16,,,,675942.9506980913,670310.3038327657,29197.516821988796
francesco di mariano__1996-04-20,,,,1425949.1009663853,1425949.1009663853,69733.22025923345
francesco folino__2002-01-23,Francesco Folino,DEF,950000.0000000008,1091503.2631991343,1100524.5017974698,77589.3285914118
francesco gelli__1996-10-15,,,,874326.6581124839,874326.6581124839,97721.28175993598
francesco rossi__1991-04-27,Francesco Rossi,GK,84999.99999999996,138649.2736548504,130029.89738670958,17614.696173070522
francesco ruberto__1993-03-19,,,,249681.3379424042,249378.83668226088,8728.152143766092
francesco vicari__1994-08-03,,,,835674.5080222505,835674.5080222505,6850.6062152355835
francesco zampano__1993-09-30,,,,1213100.2227729901,1227836.3142091057,40641.14459494969
franci bouebari__2003-09-12,,,,470617.7531543176,470617.7531543176,28394.566608345616
francis coquelin__1991-05-13,,,,1850578.9802074777,1801897.111828863,88101.01242708358
francisco calvo__1992-07-08,,,,533507.3458143554,565237.948951471,71072.12284849538
francisco ortega__1999-03-19,,,,3315826.2538852575,3315826.2538852575,569130.7309731463
francisco petrasso__2002-01-28,,,,1417832.6588750586,1392880.7688632165,79578.11763375156
francisco sierralta__1997-05-06,,,,1668893.0805178282,1654867.096123344,60903.830491131375
francisco trincao__1999-12-29,Francisco Trincão,MID,30499999.999999948,30733871.04462963,30645341.20397091,2175553.500315614
franck honorat__1996-08-11,,,,24308452.80851946,24308452.80851946,
franck surdez__2002-05-05,Franck Surdez,MID,1749999.9999999998,2164496.8481302042,2164496.8481302042,116050.79839037826
franco baldassarra__1998-09-29,,,,650471.1908617067,652566.6334459293,8456.619202425116
franco carboni__2003-04-04,,,,710041.6976208573,710041.6976208573,50272.25272793165
franco cervi__1994-05-26,,,,2047656.1868195466,2047656.1868195466,
franco fragapane__1993-02-06,,,,1264076.0659122283,1292478.3149129315,105209.22726354712
franco israel__2000-04-22,,,,5552902.754123928,5552902.754123928,
franco jara__1988-07-15,Franco Jara,FWD,600000.0000000003,643865.2239574367,651994.0208256601,15586.959019815531
franco mastantuono__2007-08-14,Franco Mastantuono,MID,36000000.000000045,22459844.887460258,22803731.423396602,2065785.0637063177
franco orozco__2002-01-09,,,,1730858.4951754848,1748787.0299822008,102290.97463921568
franco tongya__2002-03-13,,,,987515.8794999715,991846.6243027417,227446.80455203968
franco umeh__2005-01-26,,,,681156.1914982202,677209.7996188413,26089.398888090982
franco vazquez__1989-02-22,Franco Vázquez,MID,1450000.0000000002,1132257.4132619887,1161495.4563799147,76320.6851837957
franjo ivanovic__2003-10-01,,,,9763842.188989706,9763842.188989706,
franjo prce__1996-01-07,,,,556470.2725670781,563287.4047759724,41314.82140281193
frank feller__2004-01-07,,,,1895365.161506641,1866726.3721313719,56193.977574681674
frank magri__1999-09-04,Frank Magri,FWD,3049999.999999998,3750714.876394578,3662270.5580020407,681205.8975467748
frank onyeka__1998-01-01,,,,7138213.635149906,7316567.475911924,683939.687348366
frank tsadjout__1999-07-28,Frank Tsadjout,FWD,1350000.0,1412356.8777957396,1363464.1452418412,108369.4953017008
frankie kent__1995-11-21,Frankie Kent,DEF,1249999.999999999,1508964.511331978,1394018.7960229996,216795.96419298352
frantzdy pierrot__1995-03-29,,,,1574492.1608120054,1578271.9803415255,73390.15447803648
franz stolz__2001-02-14,,,,817311.8405642293,789591.7647722034,68455.34589865805
fraser forster__1988-03-17,,,,425758.42413877475,425758.42413877475,25975.941839060448
fraser hornby__1999-09-13,,,,2282534.41925623,2256539.8623215854,91570.3744141926
fraser murray__1999-05-07,,,,534573.7952876983,524075.5541374789,28141.03315460376
fraser taylor__2003-02-20,,,,225120.05914026382,225120.05914026382,4399.367056624164
fratcan uzum__1999-06-04,,,,429487.54435660446,434671.6266300305,22405.6389898892
freddie ladapo__1993-02-01,,,,407474.8543349827,407474.8543349827,30709.59205481597
freddie potts__2003-09-12,,,,9517648.459008392,9517648.459008392,718795.3546607752
freddie woodman__1997-03-04,,,,1369369.375410101,1361258.2504890296,106070.5476627521
frederic guilbert__1994-12-24,,,,3897783.0825142283,3897783.0825142283,
frederik alves__1999-11-08,,,,1509293.6141735816,1500724.00636179,32007.855911516584
frederik carstensen__2002-04-09,,,,950962.8659405634,942360.3926108473,16053.09427864184
frederik christensen__2002-06-07,,,,684500.6536602922,669188.9744713311,43724.824217139234
frederik ihler__2003-06-25,,,,1039475.9901569237,1050003.4724634548,50050.15257434344
frederik jakel__2001-03-07,,,,1341021.6609846726,1332296.4779955412,46513.1524866619
frederik lauenborg__1997-05-18,Frederik Lauenborg,MID,575000.0000000001,662806.7708756856,662806.7708756856,92455.09524488499
frederik rieper__1999-06-19,,,,570092.3240335931,570092.3240335931,32852.13530277302
frederik tingager__1993-02-22,Frederik Tingager,DEF,925000.0000000007,1439060.341585049,1415450.1848461875,100106.48879924463
fredrik aursnes__1995-12-10,,,,15751525.547244519,15894044.72343385,726642.5804626816
fredrik carlsen__2001-12-01,,,,1147889.3288446576,1165178.5079917628,46398.753811862174
fredrik hammar__2001-02-26,,,,2308900.3331215,2275414.7483828226,104717.75653254453
fredrik jensen__1997-09-09,,,,1996886.0777051481,1996886.0777051481,96518.80363076997
fredrik oldrup jensen__1993-05-18,,,,388551.13107772154,392603.3485327518,29139.8976584414
fredrik oppegard__2002-08-07,Fredrik Oppegård,DEF,1400000.0000000007,1705966.3690122322,1752536.844707335,91504.83600770673
frenkie de jong__1997-05-12,Frenkie de Jong,MID,62250000.00000009,73658709.51477419,73658709.51477419,
friday etim__2002-05-21,,,,652427.9277730847,652427.9277730847,8212.3317168265
furkan bayr__2000-02-09,Furkan Bayır,DEF,1699999.9999999988,983041.2738266283,973657.6197129204,18477.95057931127
furkan beklevic__1999-01-31,,,,138087.70475389145,138087.70475389145,1512.8421761012578
furkan gedik__2002-07-12,,,,520888.31028548325,505535.2144392983,48036.45698942077
furkan malak__2005-01-14,,,,212381.63290204748,212381.63290204748,16637.118563174594
furkan orak__2001-05-28,,,,224813.82497382286,219047.14061092288,25864.494800545996
furkan soyalp__1995-06-12,,,,1118069.209995956,1093355.44806523,76186.68037032183
fynn otto__2002-03-08,Fynn Otto,DEF,800000.0000000005,871450.5063553319,874086.1013866647,35380.41797619339
fynn schenten__2007-09-14,Fynn Schenten,FWD,687500.0000000002,399327.62281304394,391888.66978065635,30583.208584644708
gabin bernardeau__2006-01-24,,,,1606005.1055455229,1606005.1055455229,12412.64083840101
gabriel gudmundsson__1999-04-29,Gabriel Gudmundsson,DEF,13249999.99999999,13834554.761143975,13734118.781000592,790121.3228389776
gabriel haider__2002-06-18,,,,283820.0588601328,283387.34846,7389.38882160806
gabriel iancu__1994-04-15,,,,422509.6489188291,427889.08171014936,28345.549109443986
gabriel osho__1998-08-14,,,,2483818.461185883,2483818.461185883,157113.31104066462
gabriel reiziger__2005-10-10,Gabriël Reiziger,MID,375000.00000000006,419271.7385926992,429456.5534052438,28698.010100480573
gabriel slonina__2004-05-15,,,,2505245.105211196,2641314.76988755,441484.44390762976
gabriel suazo__1997-08-09,,,,4661724.224315255,4887458.07556458,544141.5293497884
gabriel vidovic__2003-12-01,Gabriel Vidović,MID,2599999.9999999986,2479735.6428378145,2485484.885426509,89359.80603272618
gabriele artistico__2002-07-14,,,,887474.9375856762,887474.9375856762,
gabriele corbo__2000-01-11,,,,808000.5572610854,808000.5572610854,
gabriele guarino__2004-04-14,,,,1130097.8933957277,1102485.3867906553,88473.10053178585
gabriele moncini__1996-04-26,,,,1561853.9477710463,1561853.9477710463,51652.45123496426
gabriele piccinini__2001-04-06,,,,1793923.7950946041,1793923.7950946041,134107.5106816495
gabriele zappa__1999-12-22,,,,4877826.146791096,4998131.539003316,216337.3339063978
gaby jean__2000-02-19,,,,2010315.5624112196,2010315.5624112196,167750.045024193
gael ondoua__1995-11-04,,,,645541.3622000064,636947.888809714,40099.32904654006
gaetan coucke__1998-11-03,Gaëtan Coucke,GK,1899999.9999999993,1003166.1754438663,995577.5741255834,25676.745156318953
gaetan paquiez__1994-02-15,,,,588899.776476904,633266.2917775871,87403.18761983709
gaetano castrovilli__1997-02-17,,,,3230589.6990245883,3188899.6292581256,248049.19491264827
gaetano letizia__1990-06-29,,,,527220.4878968785,527220.4878968785,
gaetano oristanio__2002-09-28,,,,5884361.88515701,5884361.88515701,215007.4456570157
gaius makouta__1997-07-25,,,,2446161.21260884,2446161.21260884,
gaizka larrazabal__1997-12-17,,,,1789532.9362416205,1845005.855362428,133163.22451252412
gaoussou diarra__2002-11-21,,,,3726872.119323939,3881212.256651747,402144.91414129507
garang kuol__2004-09-15,,,,918717.6328884922,913117.5487471707,18397.71495180742
gary magnee__1999-10-12,Gary Magnée,DEF,2150000.0,2644877.1325854273,2558895.651022699,264483.64562437125
gary oliver__1995-07-14,Gary Oliver,FWD,117499.99999999996,152085.33546536084,160819.7067871308,20305.868356911615
gaston alvarez__2000-03-24,,,,9184363.15475023,8960723.187691826,1045182.8111597515
gaston avila__2001-09-30,Gastón Ávila,DEF,3799999.9999999995,1940576.1966176387,1961208.2866197147,45704.26921079296
gaston campi__1991-04-06,,,,523893.52648360585,523893.52648360585,4370.229665161577
gauthier gallon__1993-04-23,,,,980729.1762872546,980729.1762872546,15433.165909068628
gauthier hein__1996-08-07,,,,7645849.373041217,7715252.798859547,848349.00659771
gautier larsonneur__1997-02-23,,,,3154977.2357219337,3237179.9091165634,228557.710213722
gautier lloris__1995-07-18,,,,3379434.128025219,3422674.081260091,114488.11402401407
gavin bazunu__2002-02-20,,,,3255599.6670985594,3281814.744565835,309814.10624099936
gavin beavers__2005-04-29,Gavin Beavers,GK,462500.00000000006,377633.6347669144,371239.6007997473,15131.443581171803
gavin kilkenny__2000-02-01,Gavin Kilkenny,MID,462500.00000000006,517403.4237240176,499609.2332779912,56649.76311552525
gavin molloy__2001-10-19,,,,934623.7230535393,965500.5988085521,77045.83087449205
gennaro borrelli__2000-03-10,,,,1663409.775325415,1663409.775325415,
gennaro tutino__1996-08-20,,,,1863038.4136078646,1867216.96728016,50974.73407593141
geoffrey kondo__2002-05-02,Geoffrey Kondo,DEF,800000.0000000005,911336.3415841707,909496.487682474,16328.876952606963
geoffrey kondogbia__1993-02-15,Geoffrey Kondogbia,DEF,8249999.9999999935,6966863.430999789,7241492.327649184,817299.402185532
geoffrey lembet__1988-09-23,,,,124614.02407822233,125003.95044951652,9604.092332239057
geoffry hairemans__1991-10-21,,,,1010763.8225909346,1010763.8225909346,65055.6714321627
george broadbent__2000-09-30,,,,424153.24450214085,424153.24450214085,
george byers__1996-05-29,,,,605502.482390204,605219.8938276768,18687.31613253844
george dobson__1997-11-15,George Dobson,MID,1075000.0,1537050.0696126833,1537050.0696126833,152942.11668413144
george earthy__2004-09-05,George Earthy,MID,1600000.0000000012,1980062.1488044087,2034129.71403581,147443.00109907816
george edmundson__1997-08-15,,,,2227709.413798568,2227709.413798568,156088.58425300106
george evans__1994-12-13,,,,421468.0614325204,425507.8649782642,32027.844056427475
george harmon__2000-12-08,,,,397175.6109546591,397175.6109546591,
george hirst__1999-02-15,George Hirst,FWD,2349999.999999999,3644482.1880071764,3574264.7708991216,229194.00163441413
george ilenikhena__2006-08-16,,,,5555983.686543272,5555983.686543272,
george johnston__1998-09-01,George Johnston,DEF,850000.0000000005,875145.749192397,877990.6170173129,45830.113759774526
george long__1993-11-05,,,,450523.1269408455,443381.58710043575,16782.629713511942
george mceachran__2000-08-30,,,,433420.83709710266,433420.83709710266,
george saville__1993-06-01,,,,1118268.5933041344,1118268.5933041344,56104.00570668468
george stanger__2000-08-15,,,,414689.7517024331,418640.4679575338,21633.61592508998
george wickens__2001-11-08,George Wickens,GK,674999.9999999998,961857.8055703717,939200.0684385634,59254.90170433882
georges mikautadze__2000-10-31,,,,23574059.21549157,24125781.665505428,2949680.567019218
georgie gent__2003-09-23,,,,1093486.3285941833,1085484.8612610202,47379.653485070245
georginio rutter__2002-04-20,,,,21068770.09498464,20778889.846400864,577997.0018459456
georgios giakoumakis__1994-12-09,,,,3979071.1218711026,3957779.3274714258,174380.64236003652
georgios koutsias__2004-02-08,,,,1530353.7880656663,1530353.7880656663,
georgios kyriopoulos__2004-08-24,,,,1334222.0335621277,1337192.4986383652,12959.543988806849
georgios liavas__2001-02-12,,,,1702346.937435538,1702346.937435538,31291.782921190315
georgios masouras__1994-01-01,,,,2089525.6078843214,2089525.6078843214,216126.77801576056
georgios nikas__1999-09-17,,,,1084407.7625561052,1080952.0802082869,19219.717311795925
georgios vagiannidis__2001-09-12,,,,8743804.237363894,8743804.237363894,363213.928569642
georgios vrakas__2001-04-28,,,,566690.8670716707,566690.8670716707,11383.480817975462
georgiy bushchan__1994-05-31,Georgiy Bushchan,GK,3000000.000000001,1532402.0790792329,1467825.2700690646,179892.41907402608
georgiy dzhikiya__1993-11-21,,,,1974914.6632629312,1981899.4124263772,60485.571877392234
georgiy sudakov__2002-09-01,,,,27498531.77178455,28128072.344975147,2150669.369246038
gerald alders__2005-05-07,,,,587262.6577751832,587262.6577751832,12471.337336857845
gerard vandeplas__2006-02-25,,,,291988.5211462668,303464.13567798474,31045.943642090333
german conti__1994-06-03,,,,1388840.9340341296,1388840.9340341296,49611.46863241024
german onugkha__1996-07-06,,,,1524039.651354493,1525148.6179282295,140972.21310053903
german pezzella__1991-06-27,,,,1268018.250416356,1268018.250416356,
gernot trauner__1992-03-25,Gernot Trauner,DEF,2000000.0000000016,1967684.7046549136,1965971.3885367145,48665.567960569766
geronimo rulli__1992-05-20,Gerónimo Rulli,GK,8999999.999999996,8980112.762114886,8980112.762114886,527153.4960865187
gerrit holtmann__1995-03-25,,,,1326604.559953856,1280136.274368454,235619.65994323493
gerrit nauber__1992-04-13,Gerrit Nauber,DEF,549999.9999999998,781089.0738540923,789226.1852821168,49679.719713552775
gessime yassine__2005-11-22,,,,3499371.2807321437,3563042.73885862,448935.5693306071
gethin jones__1995-10-13,,,,421265.9526858675,421265.9526858675,
gheorghe grozav__1990-09-29,,,,545367.3526910037,550158.9929775337,36911.15768932354
ghislain konan__1995-12-27,Ghislain Konan,DEF,4349999.999999996,2334962.9517927743,2343449.8543339623,97731.8874286521
giacomo calo__1997-02-05,,,,1327103.3866193828,1309042.5327712628,43524.52675043639
giacomo corona__2004-02-24,Giacomo Corona,FWD,850000.0000000005,925782.5694118182,925782.5694118182,29720.224444058556
giacomo poluzzi__1988-02-25,,,,124189.23020315054,124189.23020315054,19667.96262670716
giacomo quagliata__2000-02-19,,,,1886530.412624931,1886530.412624931,46195.4040455398
giacomo raspadori__2000-02-18,,,,19781928.386613414,19781928.386613414,1718929.787773754
giacomo satalino__1999-05-20,,,,593559.3483262026,581616.3939488025,25795.069736720234
giacomo stabile__2005-04-12,,,,1121248.1723373267,1121248.1723373267,
giandro sambo__2006-08-28,,,,259946.09391982187,261176.95255200128,5225.532158621928
giangiacomo magnani__1995-10-04,,,,2461028.642145793,2470578.869685173,106624.44527090639
gianluca busio__2002-05-28,Gianluca Busio,MID,6099999.999999996,6334626.2820597375,6207636.195531718,987602.4299441451
gianluca caprari__1993-07-30,,,,2869431.293342114,2860619.283490246,47253.63198618668
gianluca di chiara__1993-12-26,,,,1020993.7167115016,1020993.7167115016,40760.59640556628
gianluca frabotta__1999-06-24,,,,1189135.9500424073,1187178.3745666142,15251.13088287417
gianluca gaetano__2000-05-05,,,,4435669.427494849,4204408.948873705,425354.832689876
gianluca gaudino__1996-11-11,,,,473312.58299581957,473312.58299581957,20075.72254581414
gianluca lapadula__1990-02-07,,,,716245.8522602919,730948.2011644541,49860.7108917107
gianluca mancini__1996-04-17,Gianluca Mancini,DEF,30250000.000000015,26907099.567981906,26907099.567981906,725895.5685915736
gianluca prestianni__2006-01-31,Gianluca Prestianni,MID,7199999.9999999935,4534400.151874132,4534400.151874132,4333.736079282764
gianluca scamacca__1999-01-01,,,,16348850.122028094,16008566.662428882,956320.314931642
gianluigi donnarumma__1999-02-25,,,,64811979.68438558,64811979.68438558,2820790.7535854666
gianmarco cangiano__2001-11-16,,,,315335.4058691091,315335.4058691091,30100.55333497979
giannino vianello__2007-06-10,Giannino Vianello,DEF,299999.99999999977,272164.94751952274,270031.0677410994,10884.989594446692
giannis anestis__1991-03-09,,,,410047.0728617374,410047.0728617374,
giannis bokos__2007-02-03,,,,846099.3310968956,848434.4326331359,59648.50560863315
giannis konstantelias__2003-03-05,,,,24387674.091988094,24387674.091988094,3761163.448022047
giannis michailidis__2000-02-18,,,,3539308.607207222,3551499.84243339,63592.498488451354
giannis papanikolaou__1998-11-18,,,,1454499.592072324,1454499.592072324,
gibson yah__2003-09-27,,,,2094380.183678057,2081063.570749713,44295.21251458883
gideon jung__1994-09-12,Gideon Jung,DEF,700000.0000000006,653669.1225136194,656680.7469844861,13560.021928453854
gideon mensah__1998-07-18,,,,3973212.017507084,3823158.2680349583,280583.9886939765
gift links__1998-10-02,,,,2220847.7094055177,2180229.470135062,575053.0754277876
gift orban__2002-07-17,,,,8991653.281086927,8944000.591015492,788161.9070577677
gijs smal__1997-08-31,,,,3658045.0762815643,3658045.0762815643,386285.37216864194
gilbert mendy__2004-11-05,,,,378492.68016678706,371618.3276119616,54422.0888772545
gino infantino__2003-05-19,,,,1243786.4272047514,1250032.4962158,11955.54520476092
giorgi abuashvili__2003-02-08,,,,1439269.633958366,1439269.633958366,
giorgi chakvetadze__1999-08-29,,,,4594773.025228945,5370598.810578796,1366952.9447984465
giorgi gocholeishvili__2001-02-14,Giorgi Gocholeishvili,DEF,2300000.0,1990881.8519090065,1990881.8519090065,134434.2706806338
giorgi kochorashvili__1999-06-29,,,,6358274.374147845,6601610.154782113,1375364.0669845638
giorgi kvernadze__2003-02-07,Giorgi Kvernadze,MID,1200000.0000000005,1094666.055928616,1078241.9328097233,80335.40984568733
giorgi mamardashvili__2000-09-29,,,,32531170.311030462,33015995.17186834,1857858.634514966
giorgi tsitaishvili__2000-11-18,Giorgi Tsitaishvili,MID,2000000.0000000016,2962343.3600342716,2938014.6011724356,68026.65941062475
giorgio altare__1998-08-09,,,,1349660.7781051055,1349660.7781051055,
giorgio cittadini__2002-04-18,,,,1206190.3012788997,1206190.3012788997,44775.09458110342
giorgio scalvini__2003-12-11,,,,19480933.62430324,19649523.024396896,717126.5547326537
giovani lo celso__1996-04-09,,,,21430143.525804788,21601740.587818336,1955375.1310783874
giovani versini__2004-03-18,,,,966986.1202785564,953771.8185555616,50376.669992876545
giovanni bonfanti__2003-01-17,Giovanni Bonfanti,DEF,1550000.0000000012,1764541.525954603,1766564.7342508668,13879.40298376992
giovanni daffara__2004-12-05,Giovanni Daffara,GK,850000.0000000005,926341.5951255597,933500.9040975939,20290.23435591256
giovanni di lorenzo__1993-08-04,Giovanni Di Lorenzo,DEF,20749999.99999997,20747534.46876608,20617183.205617446,2040954.840219126
giovanni fabbian__2003-01-14,,,,8331082.125023972,8171102.844362631,373520.8270682758
giovanni garofani__2002-10-20,,,,602072.0454306866,602072.0454306866,12622.109252231949
giovanni leoni__2006-12-21,,,,3455481.3871923867,3446322.351853882,529078.7657014485
giovanni reyna__2002-11-13,,,,3347707.328264258,3347707.328264258,
giovanni simeone__1995-07-05,,,,7131699.431347951,7117403.916684451,599677.3620704082
giovanni van zwam__2004-01-02,Giovanni van Zwam,DEF,612499.9999999997,598179.582749302,617048.4869574428,31296.776555517674
giovanni zaro__1994-05-12,,,,1354755.6661665223,1352989.6662582909,65722.50822310573
giulian biancone__2000-03-31,,,,3917333.702831828,3917333.702831828,25166.375623189968
giuliano simeone__2002-12-18,,,,53968163.60945866,53549276.16350214,2505067.2325004186
giulio maggiore__1998-03-12,,,,2308993.1454245364,2238297.0386162144,177030.11712478293
giuseppe ambrosino__2003-09-10,,,,2273862.2439456196,2386249.562106165,282172.4178070512
giuseppe aurelio__2000-03-22,,,,1494478.173519508,1494478.173519508,128076.29456560312
giuseppe caso__1998-12-09,,,,1403044.9779492386,1403044.9779492386,
giuseppe ciocci__2002-01-24,,,,230122.64817941323,230122.64817941323,
giuseppe di serio__2001-07-20,Giuseppe Di Serio,FWD,1249999.999999999,1036176.395701794,985134.249033342,101450.18501479115
giuseppe pezzella__1997-11-29,Giuseppe Pezzella,DEF,2100000.000000001,2152337.130754946,2152337.130754946,88405.87991820625
givairo read__2006-06-02,,,,9551535.892852277,9648547.20852449,467523.4317289789
givaro rahajaan__2008-02-19,,,,463108.5872871516,463108.5872871516,
gjivai zechiel__2004-06-01,Gjivai Zechiël,MID,5450000.0,3166995.839834828,3163332.5244403007,140053.9246156778
glen kamara__1995-10-28,,,,3103139.1443963884,3079886.847593314,281314.9246606997
glenn middleton__2000-01-01,Glenn Middleton,MID,575000.0000000001,546016.4884822291,554684.0679565835,27357.529354492206
godfried frimpong__1999-04-21,,,,1387256.6919065772,1400051.9588322253,82022.05467042544
godson kyeremeh__2000-06-14,,,,1486085.2314244325,1435677.6739976318,128020.75212795228
gokdeniz gurpuz__2006-02-25,,,,566124.8895863728,566124.8895863728,
gokhan akkan__1995-01-01,,,,669721.617059026,669721.617059026,26252.286962095248
gokhan degirmenci__1989-03-21,Gökhan Değirmenci,GK,90000.00000000001,144325.10794375523,143931.55714043404,14062.788363903843
gokhan gul__1998-07-17,,,,1044641.5751517904,1045493.3718535588,57012.82858061081
gokhan sazdag__1994-09-20,,,,1633416.3632820984,1633416.3632820984,
goktan gurpuz__2003-01-22,,,,884284.6871471762,884284.6871471762,
goncalo esteves__2004-02-27,,,,907966.0889676219,907966.0889676219,87807.90618800705
goncalo nogueira__2003-12-28,,,,1330776.340954068,1301878.7196815503,168628.5642095344
gonzalo crettaz__2000-02-28,,,,2396453.32618123,2396453.32618123,276376.67914901173
gonzalo maroni__1999-03-18,,,,1520603.2341868537,1520603.2341868537,43845.08793446975
gonzalo montiel__1997-01-01,,,,7165466.373653401,7117245.217544864,351458.52090521454
gora diouf__2003-09-20,,,,2143511.2773245987,2143511.2773245987,8741.212795196232
gorkem saglam__1998-04-11,Görkem Sağlam,MID,1400000.0000000007,2018813.55372679,2018813.55372679,57498.90262149615
grady diangana__1998-04-19,,,,1622407.9998735231,1622407.9998735231,410866.48498075944
graham burke__1993-09-21,,,,749427.6087766703,746668.5175571342,22805.426764494037
graham carey__1989-05-20,,,,286073.6551818746,264691.25862196117,56784.468359640494
granit xhaka__1992-09-27,,,,27908680.818136327,27908680.818136327,822340.9366767663
grant hanley__1991-11-20,,,,661066.6630985192,661066.6630985192,9042.556273912474
grantleon ranos__2003-07-20,,,,747910.2928884254,763542.8961667884,58906.92883619092
greg cunningham__1991-01-31,,,,135481.62082131807,131029.3020389659,14535.582932731832
greg docherty__1996-09-10,,,,906738.0284770287,906424.9842936667,46510.358739017734
greg kiltie__1997-01-18,,,,399700.50702637277,418640.387048888,52974.212983747806
greg leigh__1994-09-30,Greg Leigh,DEF,600000.0000000003,879749.8632005426,879749.8632005426,
greg taylor__1997-11-05,,,,3069266.864653269,3139742.308627651,252252.789597341
gregoire coudert__1999-04-03,,,,1419670.211465493,1392441.2970864307,51735.97240329525
gregor kobel__1997-12-06,,,,39914255.890719935,39914255.890719935,
grejohn kyei__1995-08-12,,,,1153770.2637965032,1153521.1387888058,57518.46755644243
griffin yow__2002-09-25,,,,2416905.1601440595,2444759.2528391904,199506.13717902402
grigoris kastanos__1998-01-30,Grigoris Kastanos,MID,2150000.0,2341367.895814752,2341367.895814752,
grischa promel__1995-01-09,Grischa Prömel,MID,4999999.999999999,6709567.276609776,6662273.254455598,150837.99253653668
guela doue__2002-10-17,,,,11736072.155038344,11736072.155038344,
guglielmo vicario__1996-10-07,,,,23598885.093619015,23500584.79351105,3462243.2735243337
guido carrillo__1991-05-25,,,,3650148.558736395,3741675.2002961757,507736.2603082664
guido herrera__1992-02-29,,,,2455267.114993038,2455267.114993038,
guido rodriguez__1994-04-12,,,,4409090.269066737,4232014.843681046,394207.94005017204
guillaume dietsch__2001-04-17,Guillaume Dietsch,GK,775000.0000000007,1058777.8010198146,1058877.3825886848,7125.238242728797
guillaume francois__1990-06-03,,,,207292.86581014842,204917.48664129103,31782.375921026964
guillaume restes__2005-03-11,Guillaume Restes,GK,21750000.00000003,10894603.044062516,10894603.044062516,417262.99346628936
guillermo cotugno__1995-03-12,,,,950768.9073504148,936185.4428196343,26781.274035013514
guillermo maripan__1994-05-06,,,,4678291.48893295,4562465.794791947,349954.22803952603
guillermo soto__1994-01-19,,,,628874.0197369868,638124.9918823179,19259.8526422766
gustaf lagerbielke__2000-04-10,,,,2194317.9165813006,2206341.689188863,142231.8006042088
gustaf nilsson__1997-05-23,,,,3309037.442771234,3309037.442771234,
gustav christensen__2004-09-07,,,,660842.7922228582,660842.7922228582,
gustav grubbe__2003-01-27,Gustav Grubbe,MID,562500.0000000003,623255.1512031287,614547.9063997758,26187.69095344791
gustav isaksen__2001-04-19,,,,11715254.558197785,11777954.029527396,820546.1489673959
gustav marcussen__1998-06-12,,,,430028.8584614804,411458.84748533415,63733.69294535432
gustav mortensen__2004-03-19,,,,580258.483827499,580258.483827499,1869.5947169819456
gustavo hamer__1997-06-24,Gustavo Hamer,MID,11250000.000000019,9151718.837547341,9106293.514634522,912629.3086058053
gustavo klismahn__1999-11-23,,,,1087667.3295140204,1120449.8606763296,94316.44703356773
gustavo puerta__2003-07-23,,,,2096266.2315857185,2094754.5733028515,52992.23683571033
guus offerhaus__2001-01-03,,,,616247.3094679922,605124.6723049245,34078.16252875069
guus til__1997-12-22,,,,12719703.654973537,12719703.654973537,50979.21142016834
guven yalcn__1999-01-18,,,,1759940.0841509982,1759940.0841509982,
gvidas gineitis__2004-04-15,Gvidas Gineitis,MID,2349999.999999999,2777042.0300277043,2777042.0300277043,59378.28923479108
gyan de regt__2003-08-18,,,,1286581.8757343667,1287298.8522919691,83684.28811902282
gyrano kerk__1995-12-02,Gyrano Kerk,MID,2400000.000000001,1888488.2415537369,1941215.5533792174,111328.47625089255
habeeb ogunneye__2005-11-12,,,,439347.0277906734,442530.33281791065,13764.10560915619
habib diarra__2004-01-03,,,,20681800.47779799,19613001.53164965,2701251.25680269
habib keita__2002-02-05,,,,1826792.7332497058,1826792.7332497058,115969.33034500407
habib maiga__1996-01-01,,,,1575834.379189778,1575834.379189778,30703.523227989048
haissem hassan__2002-02-08,,,,7347665.881348229,7347665.881348229,1778693.9534868132
haitam aleesami__1991-07-31,,,,421785.14070885675,428180.2894093823,35852.25858192142
hakan calhanoglu__1994-02-08,,,,46810153.73858817,46810153.73858817,2589849.8061467092
hakeem odoffin__1998-04-13,Hakeem Odoffin,DEF,899999.9999999995,1300337.752412291,1371800.4689338624,169956.35830945472
hakim sahabo__2005-06-16,Hakim Sahabo,MID,1299999.9999999993,1315058.8276950924,1315058.8276950924,
hakon arnar haraldsson__2003-04-10,,,,20649696.589732457,20649696.589732457,
hakon evjen__2000-02-14,,,,3624950.9731338797,3582150.577193373,270025.4894139393
hakon valdimarsson__2001-10-13,,,,2173766.7797511853,2168758.1752777756,247226.37279408236
hamari traore__1992-01-27,,,,4317607.8870862005,4301831.161724265,72297.62040550224
hamidou makalou__2006-07-15,,,,948002.6371735779,948002.6371735779,39532.94568560561
hamza choudhury__1997-10-01,,,,2631103.849207245,2620146.9183158595,416548.9044686472
hamza gureler__2006-04-10,Hamza Güreler,DEF,674999.9999999998,1013776.7146210241,1011354.0231476277,51174.79621878218
hamza igamane__2002-11-02,Hamza Igamane,MID,8249999.9999999935,11613110.69047919,11613110.69047919,190034.8617965046
hannes delcroix__1999-02-28,Hannes Delcroix,DEF,2900000.0000000014,1777065.9334521033,1792000.9698897395,135782.13454179064
hannes hermann__2005-03-23,,,,219204.7033583172,219204.7033583172,2092.7813706768193
hannes van der bruggen__1993-04-01,,,,1370750.8256228818,1402688.1629142764,92534.67992868357
hannes wolf__1999-04-16,,,,2247793.7953008353,2247793.7953008353,68856.75991281633
hannoah massengo__2001-07-07,,,,7483059.694173925,7483059.694173925,
hans christian bernat__2000-11-13,Hans Christian Bernat,GK,749999.9999999998,939888.6559659085,939888.6559659085,706.3583232490141
hans hateboer__1994-01-09,,,,3154011.4750312483,3182415.604932905,149119.98879980636
hans nicolussi caviglia__2000-06-18,Hans Nicolussi Caviglia,MID,5250000.0,11206158.153750317,11113836.55067065,751713.9197847223
hans vanaken__1992-08-24,,,,12455787.42391842,12717877.093193332,622464.5411843362
hany mukhtar__1995-03-21,,,,10142616.543169394,10105901.569161098,1657132.9286088077
haris belkebla__1994-01-28,,,,2864719.549851606,2944954.822146757,354406.24282724835
haris hajradinovic__1994-02-18,,,,5929107.803359404,5547343.090512943,854475.2765118927
haris tabakovic__1994-06-20,,,,3790107.993637205,3790107.993637205,235867.67796285384
harold moukoudi__1997-11-27,,,,8676815.063164022,8676815.063164022,
harrison armstrong__2007-01-19,,,,10040201.04314259,10541551.240000011,1426260.8123418845
harrison ashby__2001-11-14,,,,545098.0494644535,531039.7183994455,130763.22857844226
harrison jones__2004-12-25,,,,449541.8476623036,443617.94302285434,34417.22213595991
harrison reed__1995-01-27,,,,2691584.6917149806,2691584.6917149806,321457.4506882946
harrison sohna__2002-07-01,Harrison Sohna,MID,175000.00000000012,211284.9498282291,210424.66286104673,18324.390573649867
harry clarke__2001-03-02,,,,2575023.3498768415,2490441.003806981,154737.21234884323
harry cornick__1995-04-09,,,,1255066.906492151,1255066.906492151,
harry kane__1993-07-28,,,,61988767.66963935,59685316.86093368,6587201.896942473
harry maguire__1993-03-05,,,,10531315.892771218,10531315.892771218,15097.342322026481
harry mckirdy__1997-03-29,,,,335693.6220775049,335693.6220775049,33600.64760253731
harry milne__1996-10-29,Harry Milne,DEF,700000.0000000006,766747.2522841453,717761.7879373867,192151.38308843016
harry smith__1995-05-18,,,,448983.4275429135,438778.3561497062,21666.5349677374
harry souttar__1998-10-22,,,,2731482.829695368,2770400.8782578716,244321.36224329702
harry toffolo__1995-08-19,,,,2220584.046180453,2163745.530865235,146787.5197598741
harry wilson__1997-03-22,,,,15471748.202167967,15011395.761049366,1088103.6986050357
harry winks__1996-02-02,,,,4416810.6697962405,4416810.6697962405,
harvey barnes__1997-12-09,,,,26958020.76009454,26958020.76009454,2120464.8526497725
harvey elliott__2003-04-04,,,,26893960.034891553,26893960.034891553,6443036.47510555
harvey griffiths__2003-09-22,,,,361114.4065504028,355281.8784864424,42832.5561834328
harvey rodgers__1996-10-20,,,,389131.3370129474,389131.3370129474,49601.11949787923
harvey vale__2003-09-11,,,,1404730.0777460325,1431692.959465211,222625.90322548334
hasan kurucay__1997-08-31,,,,1120625.3140341705,1109715.7903864647,75590.91058514318
hasip korkmazyurek__2003-05-01,Hasip Korkmazyürek,MID,187500.0,216670.8922707015,213991.5123988335,9292.994028777779
hassane kamara__1994-03-05,,,,1935201.9548127186,1926439.070962928,92000.16003815351
hatim essaoubi__2000-12-13,,,,730131.5666929968,736128.461208218,38905.179291409135
havard nielsen__1993-07-15,Håvard Nielsen,MID,862499.9999999998,659478.7655787661,659478.7655787661,
hayden coulson__1998-06-17,,,,717129.8281953344,723575.1671654751,33454.11584687603
haydon roberts__2002-05-10,,,,2210249.47688494,2250245.1299208896,193257.1791482092
heinz lindner__1990-07-17,,,,130063.28756811627,130063.28756811627,
hendrik van crombrugge__1993-04-30,,,,806175.0698567345,806175.0698567345,64503.378057434915
hendry blank__2004-08-21,,,,1135538.171924627,1152897.489087497,30634.810150868274
henk veerman__1991-02-26,,,,590827.1723403583,577681.670947192,55118.340138676744
hennes behrens__2005-01-19,Hennes Behrens,DEF,587500.0000000002,574406.9468540455,580365.3186800759,28314.45852427887
henning matriciani__2000-03-14,,,,550482.4913478201,569812.5434309077,61776.5287612789
henok teklab__1998-11-16,,,,662029.7083222009,662029.7083222009,17611.320063371837
henri saivet__1990-10-26,,,,487381.7547990639,487381.7547990639,27354.81178363682
henrik heggheim__2001-04-22,,,,1643780.366716534,1643780.366716534,131154.63181381422
henrikh mkhitaryan__1989-01-21,,,,11540807.408190414,11540807.408190414,1116878.7081121474
henry cartwright__2004-12-11,,,,387944.6732376902,386110.0833219298,33821.11798323182
henry onyekuru__1997-06-05,,,,2371577.7975141425,2451383.4733836213,300434.3623843541
herbie kane__1998-11-23,Herbie Kane,MID,1050000.0000000007,737582.1141936098,751538.4764237099,34824.612391088645
heriberto jurado__2005-01-03,Heriberto Jurado,MID,1550000.0000000012,1037769.4598184299,1084376.064375371,95947.8830605518
hernan de la fuente__1997-01-07,,,,1560916.7222933199,1590656.9790269856,146126.11707987115
herve koffi__1996-10-16,,,,3788328.777772486,3878098.1656884197,417768.06539741234
herve matthys__1996-01-19,,,,732088.495206036,732088.495206036,56552.36916978939
hervin ongenda__1995-06-24,,,,1061245.6813615577,1054492.2508498547,28754.942910510275
hiangaa mbock__1999-12-28,Hianga'a Mbock,MID,899999.9999999995,1010147.7054272206,1018280.8910931123,44482.98597969763
hicham boudaoui__1999-09-23,,,,10294777.016614411,10294777.016614411,1027940.4613687826
hicham mahou__1999-07-02,,,,943987.3575247799,943987.3575247799,8241.23660647607
hidde jurjus__1994-02-09,,,,430378.6265676287,436177.09860037576,14262.906611565675
hidemasa morita__1995-05-10,,,,10598706.254262302,10791585.776200522,893280.3689684636
hilmir rafn mikaelsson__2004-02-02,,,,735747.6016675391,735747.6016675391,66119.43742621217
himad abdelli__1999-11-17,,,,14661656.010614041,14547479.36115573,495667.3996450516
hiroki ito__1999-05-12,Hiroki Ito,DEF,21250000.000000034,18790834.77454677,18757403.741107963,173150.8286840741
hiroki sakai__1990-04-12,Hiroki Sakai,DEF,950000.0000000008,467824.23650263424,459743.4633678036,37986.843108458874
hirving lozano__1995-07-30,,,,10034205.175453573,10674999.380382622,1402329.2030464364
hjalmar ekdal__1998-10-21,,,,3198790.5705077928,3198790.5705077928,74992.64195561809
hjalte boe rasmussen__2007-10-15,,,,387500.97944963444,388586.0330912002,19506.606108649918
hobie verhulst__1993-04-02,,,,393557.059440278,403248.17802445695,32070.533731622032
honest ahanor__2008-02-23,Honest Ahanor,DEF,11299999.99999999,2745305.939343537,2737911.274674932,200379.56183766856
horatiu moldovan__1998-01-20,,,,1842470.182952274,1842470.182952274,358996.9793976134
hosine bility__2001-05-10,Hosine Bility,DEF,262500.00000000023,369742.7461666033,360559.5752247028,23709.855321605923
houboulang mendes__1998-05-04,,,,1234218.7789770353,1223762.6822158792,26111.819908635935
houssem aouar__1998-06-30,Houssem Aouar,MID,11000000.000000013,11399101.35590329,11451422.618965002,349092.116513955
hristiyan petrov__2002-06-24,,,,981826.6038760412,981826.6038760412,32699.7259746144
hrvoje smolcic__2000-08-17,,,,2991114.3728328305,3000360.1079012873,200468.77540399268
hugo andersson__1999-01-01,,,,391295.59260921663,391295.59260921663,
hugo bolin__2003-07-24,Hugo Bolin,MID,1499999.9999999986,1689695.5344134883,1681149.0062763274,63167.95711454584
hugo cuypers__1997-02-07,Hugo Cuypers,FWD,10499999.999999994,10283080.73810726,10092234.199709572,530442.7401497863
hugo ekitike__2002-06-20,,,,70744527.8580649,68994495.19869088,4954228.69744983
hugo gambor__2002-12-30,Hugo Gambor,DEF,1150000.0000000005,1382859.3354730792,1458052.7394171855,228636.92382136223
hugo lambotte__2006-06-20,,,,245821.48039879865,245608.04841670214,11989.069806138175
hugo larsson__2004-06-27,Hugo Larsson,MID,35750000.00000005,26667735.46638055,25166071.195989266,3903420.3399115563
hugo lloris__1986-12-26,,,,562302.0582642792,526839.4161099928,71560.04410684873
hugo magnetti__1998-05-30,,,,8842056.240045365,8842056.240045365,
hugo siquet__2002-07-09,,,,3111477.527543159,3111477.527543159,180477.59242849564
huseyin turkmen__1998-01-01,,,,938972.844301198,938972.844301198,
hussein ali__2002-03-01,,,,659890.1023529979,643460.3249254825,104594.78338318256
ian harkes__1995-03-30,,,,765223.5963386011,765223.5963386011,89906.86568601539
ian lawlor__1994-10-27,,,,165981.43472308817,168602.3248049945,5785.359097679919
ian maatsen__2002-03-10,,,,30084040.749438494,30084040.749438494,3055898.746747606
ian poveda__2000-02-09,,,,1566414.4948686066,1556640.4188264976,18277.796775989085
ian struyf__2007-08-22,,,,904509.5280858227,904582.1165125738,17790.58083452457
ianis hagi__1998-10-22,,,,2738736.757783086,2738736.757783086,
ianis stoica__2002-12-08,,,,2800195.3315516375,3016384.3362191613,406952.88072856533
ibe hautekiet__2002-04-13,,,,2195551.2273514946,2111984.316350534,171175.04589499268
ibou sane__2005-03-28,,,,1216275.7661519987,1216275.7661519987,
ibrahim cisse__1996-05-02,,,,1206687.127087691,1215838.2530142514,21992.36349337884
ibrahim cissoko__2003-03-26,,,,1761239.2733606137,1761239.2733606137,111509.56551635805
ibrahim diabate__1999-11-17,,,,2318933.125936184,2317533.993835106,76659.86338603815
ibrahim diakite__2003-10-31,,,,1607134.4951586896,1607134.4951586896,109944.79926796265
ibrahim kaya__2001-03-09,,,,1027899.8609881904,1027899.8609881904,75371.24425234056
ibrahim maza__2005-11-24,,,,9365319.390835078,9365319.390835078,933163.0683063125
ibrahim mbaye__2008-01-24,,,,9067857.728837196,9343142.400366185,814780.9624160031
ibrahim olawoyin__1997-12-01,Ibrahim Olawoyin,MID,1699999.9999999988,1630310.2691716535,1630310.2691716535,70252.15649010877
ibrahim osman__2004-11-29,,,,4647994.328578355,4647994.328578355,
ibrahim sabra__2006-02-01,,,,892506.1881833745,892506.1881833745,
ibrahim sadiq__2000-05-07,,,,3120669.8173443875,3044131.958617178,246883.95530934093
ibrahim said__2002-06-15,,,,1179707.9879480847,1159786.2509061748,89747.71486124933
ibrahim salah__2001-08-30,,,,2365071.7953241696,2445736.664148359,272123.76064886013
ibrahim sangare__1997-12-02,,,,14447713.010851407,14400218.186780684,540861.7035907719
ibrahim sulemana__2003-05-22,,,,4512272.201804016,4513390.511567334,141187.4116553881
ibrahima balde__2003-01-17,,,,1001972.7251669191,990246.4972952532,61529.58798520937
ibrahima breze fofana__2002-08-15,,,,1009213.1320503849,1009213.1320503849,30795.1956511387
ibrahima konate__1999-05-25,,,,60343079.30691207,58836526.60549036,5791810.115012749
ibrahima sissoko__1997-10-27,,,,6501475.449887758,6552461.343033912,203369.3013532246
ibrahima sory bangoura__2004-01-05,,,,3246515.742026815,3228528.5206162436,82388.11289703847
iddrisu baba__1996-01-22,,,,1990844.0863489409,1990844.0863489409,
idrissa gueye__1989-09-26,Idrissa Gueye,MID,2950000.000000002,4031873.755650703,3965017.454925965,129432.00789958578
idrissa gueye__2006-09-16,Idrissa Gueye,FWD,2250000.000000001,3485664.367655508,3492967.399763545,322344.0828857519
idrissa toure__1998-04-29,,,,1737000.5967062635,1743885.5901097297,258361.34981775438
ignace van der brempt__2002-04-01,,,,3728334.1524347193,3728334.1524347193,192113.6157971687
ignacio de arruabarrena__1997-01-16,,,,2525193.7623522957,2431087.1962211155,330976.16390199366
ignacio miramon__2003-06-12,,,,1612257.9969233372,1612257.9969233372,73616.41761420146
ignacio pussetto__1995-12-21,Ignacio Pussetto,FWD,2050000.000000001,1590306.3349221721,1575912.2949674972,108651.38900584316
ignatius ganago__1999-02-16,,,,2498206.578201239,2498206.578201239,87510.44363142447
igor vekic__1998-05-06,,,,655875.2489722237,652800.674721316,12931.11414927647
ihlas bebou__1994-04-23,,,,3594960.150301017,3594960.150301017,259682.55183846247
ike ugbo__1998-09-21,,,,1966663.1096663463,1998343.6358469035,70306.14768746018
ilaix moriba__2003-01-19,,,,19311428.52700036,19311428.52700036,721407.1539645614
ilan kebbal__1998-07-10,,,,9930092.886028623,9930092.886028623,
ilario monterisi__2001-12-19,,,,1861527.749832486,1888021.9863866777,179594.44780580993
ilay camara__2003-01-18,Ilay Camara,DEF,3499999.9999999995,2657385.32326298,2625194.8802480334,85972.37290094314
ilia gruev__2000-05-06,,,,6380856.698405262,6380856.698405262,
ilias akhomach__2004-04-16,Ilias Akhomach,MID,10750000.000000006,8702607.855811698,8634401.552967373,833558.399850218
ilias bronkhorst__1997-05-10,,,,870378.9139568835,853067.7930545263,49543.4399331179
ilias kostis__2003-02-27,Ilias Kostis,DEF,1400000.0000000007,1936195.9028942557,1961450.0360962288,116087.27815056336
ilias sebaoui__2001-10-04,Ilias Sebaoui,MID,1899999.9999999993,1581582.1638184462,1567996.2699318281,69742.73520671716
iliman ndiaye__2000-03-06,,,,43291140.37980872,43291140.37980872,
ilkay gundogan__1990-10-24,,,,11139357.747655123,11139357.747655123,
illan meslier__2000-03-02,,,,2696546.5753606698,2696546.5753606698,41845.047629394925
ilmari niskanen__1997-10-27,,,,457664.3435709635,454066.8603159684,14063.438156541331
ilyas chaira__2001-02-02,,,,3026452.817923823,3072623.864922991,219146.20206161696
imari samuels__2003-02-05,,,,278885.4139740406,278885.4139740406,
immanuel pherai__2001-04-25,,,,1775247.8643537615,1775247.8643537615,173405.71309966713
imran louza__1999-05-01,,,,5814438.3515184345,5853366.151659122,194107.47428346105
indiana vassilev__2001-02-16,,,,1384383.7198855528,1414877.9283419847,58604.10000211005
indrit tuci__2000-09-14,,,,1128967.9732102184,1128967.9732102184,45813.91327419925
inigo ruiz de galarreta__1993-08-06,,,,11236416.311670192,11236416.311670192,
innes cameron__2000-08-22,Innes Cameron,FWD,275000.0000000002,277633.6419969353,271595.35054848535,13425.774707118435
ionut pop__1997-08-01,,,,163546.22665849733,168813.84212867185,14166.849403335214
irakli yegoian__2004-03-19,,,,1002255.3174318825,1046786.5877188159,102608.8587534858
irfan can kahveci__1995-07-15,,,,6139485.13167844,6139485.13167844,2955640.6829114733
irvin cardona__1997-08-08,,,,1995437.5332338442,1995437.5332338442,
isaac babadi__2005-04-06,,,,3481807.9541147435,3481807.9541147435,565683.8197941604
isaac hayden__1995-03-22,,,,1694050.8795342841,1709718.4408792802,54862.9808646943
isaac mbenza__1996-03-08,Isaac Mbenza,MID,1099999.9999999998,1216930.166168918,1257827.2223473235,105054.18955463386
isaac olaofe__1999-11-21,,,,774927.200706327,788151.6229879512,28182.017159093204
isaac pappoe__2003-12-20,,,,571588.9344462355,573939.3497471951,8003.563628426904
isaac price__2003-09-26,,,,3048993.0593555216,3048993.0593555216,
isaac schmidt__1999-12-07,,,,2929051.579359933,2941220.858325075,126753.53061252355
isaak davies__2001-09-25,Isaak Davies,MID,1800000.000000001,1597916.7162229451,1634632.7372438672,143418.34022291712
isaak toure__2003-03-28,,,,3540920.688217798,3514489.099009102,141419.58490852878
isaiah ahmed__2005-12-28,Isaiah Ahmed,MID,312500.00000000023,275299.19708931143,269930.13323409733,11233.009558647054
isaiah jones__1999-06-26,,,,1629416.656128651,1629416.656128651,
isaias delpupo__2003-03-31,,,,633036.0171874799,647124.9810140671,40190.34496175431
isak andri sigurgeirsson__2003-09-11,,,,1159563.6188354918,1159563.6188354918,74107.68877784903
isak dybvik maatta__2001-09-19,,,,1014128.7597641887,1020648.5160619981,44457.49701507127
isak hansenaaren__2004-08-22,,,,633264.2721662341,634280.5391283166,5493.509404022219
isak hien__1999-01-13,,,,15908709.764579957,15675683.052821422,823735.8442702751
isak jensen__2003-12-23,,,,3353956.2295939447,3353956.2295939447,53051.660825771214
isak vural__2006-05-28,,,,881792.9105668496,874599.3561357588,58357.3632729079
ishaq abdulrazak__2002-05-05,,,,808496.2613481258,808496.2613481258,
ishe samuelssmith__2006-06-05,,,,1954668.6274254492,1954668.6274254492,78019.80419055301
islam chesnokov__1999-11-21,,,,1112703.62392943,1080113.9621759767,90791.14999864134
islam slimani__1988-06-18,,,,222852.83946529162,222852.83946529162,
ismael bekhoucha__2004-11-20,,,,871185.6141532157,887578.0024562185,38385.030820262495
ismael bennacer__1997-12-01,Ismaël Bennacer,MID,24999999.999999963,18207789.531871445,18120762.944136713,1972171.0644296024
ismael boura__2000-08-14,Ismaël Boura,DEF,1350000.0,1300149.6880737867,1288983.4476848992,66943.28957153086
ismael doukoure__2003-07-24,,,,11700603.032611044,11700603.032611044,889235.7719947933
ismael gharbi__2004-04-10,,,,4226609.1938190125,4226609.1938190125,758844.6821966659
ismael guerti__2004-07-30,,,,235032.24306677966,235288.731056065,4345.083458585396
ismael kone__2002-06-16,,,,6991012.291880621,6991012.291880621,
ismaelo ganiou__2005-03-14,,,,3424704.6791055463,3409695.3978160853,197496.00971038506
ismahila ouedraogo__1999-11-05,,,,759725.6709581149,793656.497763046,56997.1952666304
ismail jakobs__1999-08-17,,,,9007294.764618324,9162205.996650815,509827.8464008472
ismail koybas__1989-07-10,,,,326492.7426209098,326492.7426209098,3367.6501262862093
ismail yuksek__1999-01-26,,,,9758548.874345716,10096229.131936744,1230200.7920326958
ismaila sarr__1998-02-25,,,,21185075.073971137,21473695.88783268,1208865.6261746213
ismaila soro__1998-05-07,,,,1726202.8933037352,1727901.636769706,103638.84860592039
isnik alimi__1994-02-02,,,,979474.3308710458,970451.1653182786,65999.55344358266
issa diop__1997-01-09,,,,9304419.393005017,9304419.393005017,825188.1780792013
issa kabore__2001-05-12,,,,6967883.274926679,6967883.274926679,319597.3547129691
issa kallon__1996-01-03,,,,829758.4852339604,846795.0062890371,87456.51774942093
issa soumare__2000-10-10,,,,4628720.655029479,4347513.663241432,532073.3747356122
issam el maach__2000-02-01,,,,437001.86341803195,437001.86341803195,
issiaga camara__2005-02-02,,,,1589185.1323441025,1589185.1323441025,44507.48177952538
iurie iovu__2002-07-06,,,,295538.23117074114,295538.23117074114,28650.738430250527
ivan angulo__1999-03-22,,,,1352007.8640994094,1375840.5757086738,128232.08464215897
ivan balliu__1992-01-01,,,,2477542.3970847125,2477542.3970847125,88838.96059121285
ivan brnic__2001-08-23,,,,1536151.0026485452,1536151.0026485452,
ivan dolcek__2000-04-24,,,,687230.9098935126,687230.9098935126,
ivan ilic__2001-03-17,,,,11866595.831197914,11866595.831197914,
ivan mbahia__2005-04-19,,,,465998.11563677486,471635.94666413637,16570.55245762564
ivan mesik__2001-06-01,Ivan Mesík,DEF,1099999.9999999998,997316.7354377521,997316.7354377521,
ivan nasberg__1996-04-22,Ivan Näsberg,DEF,725000.0000000006,783616.6903183522,783616.6903183522,79044.68694711184
ivan pavlic__2001-11-10,,,,748774.0269804435,747888.9672999238,47082.999253578004
ivan perisic__1989-02-02,,,,8113982.018512353,8276880.383837076,878933.3172314747
ivan pillud__1986-04-24,,,,243435.0772533959,234727.44270342178,16938.284381653575
ivan provedel__1994-03-17,,,,12314104.42661859,12314104.42661859,
ivan saio__2002-03-16,Ivan Saio,GK,425000.0000000002,390396.29318298073,389319.3107962364,16630.6505556515
ivan smolcic__2000-08-17,,,,3236218.812352925,3370643.66909807,574638.6459211691
ivan toney__1996-03-16,,,,24784130.30929586,25783173.403314017,4740818.722745803
ivan zlobin__1997-03-07,,,,1409122.0350401783,1423933.904807413,154590.03311291925
ivar jenner__2004-01-10,,,,573300.9242891797,568594.2595218434,32408.028730821305
iver fossum__1996-07-15,,,,1306278.7511587655,1306278.7511587655,
ivica ivusic__1995-02-01,,,,1072486.7528413942,1059794.5273990661,105922.67085084991
ivo grbic__1996-01-18,,,,1411257.2152695851,1411257.2152695851,108108.31102229081
ivor pandur__2000-03-25,Ivor Pandur,GK,2100000.000000001,1858345.3552656374,1847239.0023725808,88031.78753120372
iyad mohamed__2001-03-05,,,,1055173.441850796,1066903.655640802,81010.93232635439
izzet celik__2004-06-20,,,,339671.18036014144,339671.18036014144,25109.629460297176
jacen russellrowe__2002-09-13,,,,865650.9674961122,865650.9674961122,50677.36679105411
jack aitchison__2000-03-05,,,,518054.3811673249,518054.3811673249,2687.3926913702726
jack baldwin__1993-06-30,,,,269482.9732058869,268029.01603902655,16454.834797404088
jack burroughs__2001-03-21,,,,569724.414876244,569853.546629826,17251.92305366321
jack byrne__1996-04-24,Jack Byrne,MID,662499.9999999998,678550.5303996592,678550.5303996592,17935.02561269114
jack clarke__2000-11-23,,,,6064045.250409109,6064045.250409109,
jack duncan__1993-04-19,,,,208129.58115143623,211315.3787929475,9481.781658032345
jack grimmer__1994-01-25,Jack Grimmer,DEF,525000.0000000003,684378.8651937526,684378.8651937526,21258.958821205055
jack hamilton__1994-03-22,,,,194384.20000535576,194384.20000535576,6621.420569688752
jack harrison__1996-11-20,,,,5243162.434694126,5243162.434694126,300419.0029044569
jack hinchy__2003-01-30,,,,261728.77670407115,261728.77670407115,11654.8691079316
jack hinshelwood__2005-04-11,,,,15406034.1156893,15664372.801998777,1857983.1707441367
jack iredale__1996-05-02,,,,572725.2451184882,558156.4907181984,53820.22035727845
jack mcmillan__1997-12-18,,,,394366.28667563974,387438.3182540539,12324.196566079743
jack milne__2003-02-10,,,,397792.85797739093,402072.7451704481,54426.920547304224
jack payne__1994-10-25,,,,597517.5721845278,597517.5721845278,
jack robinson__1993-09-01,,,,2158465.59658516,2157943.1830505216,321846.78370095947
jack simpson__1996-12-18,,,,491089.4462071108,491089.4462071108,
jack stacey__1996-04-06,,,,2828358.565653982,2592792.8612335334,619880.9108202187
jack stephens__1994-01-27,,,,2692157.4146199403,2692157.4146199403,278995.7381587451
jack thomson__2000-01-20,,,,356102.1881862432,362821.60397551,22800.333542175667
jack vale__2001-03-03,Jack Vale,MID,649999.9999999995,649660.5290738116,644218.8265887443,31476.174689728312
jack walton__1998-04-23,,,,647542.985105284,647542.985105284,
jackson muleka__1999-10-04,,,,1960295.7739360852,2150394.344559416,404247.64708842634
jackson smith__2001-10-14,,,,392106.57840984734,390577.4388756413,7194.331198005587
jacob ambk__2008-03-28,,,,440574.76419429603,436496.61734519625,17272.523552440187
jacob andersen__2004-01-26,,,,1422938.3188313474,1422938.3188313474,12732.176675617913
jacob barrett laursen__1994-11-17,Jacob Barrett Laursen,DEF,562500.0000000003,363327.70385632885,361683.5616870834,17974.54976634344
jacob brown__1998-04-10,,,,1065390.5963455844,1065390.5963455844,77553.91515049979
jacob bruun larsen__1998-09-19,Jacob Bruun Larsen,MID,6300000.000000002,8876016.50347619,8742279.838093033,253477.4934522082
jacob christensen__2001-06-25,,,,1593021.8590937199,1586181.4624017966,63607.21255116459
jacob murphy__1995-02-24,,,,18811314.655114383,19179659.91155347,1046192.3867590174
jacob ondrejka__2002-09-02,,,,6406514.414040171,6336912.606675453,182262.4054490376
jacob trenskow__2000-11-26,,,,2148892.0080080773,2179003.7940018186,156518.92819029596
jacob wright__2005-09-21,,,,1914335.114843907,1914335.114843907,
jacopo fazzini__2003-03-16,,,,7251707.228118084,7251707.228118084,
jacopo petriccione__1995-02-22,,,,1052825.9142147077,1052825.9142147077,67470.19498509786
jacopo segre__1997-02-17,,,,1959322.2887618234,1956936.4846908022,17889.783918457433
jacques ekomie__2003-08-19,,,,3164478.0705870027,3151330.9739121445,53083.41084068618
jaden philogene__2002-02-08,,,,8901173.640093496,8901173.640093496,1161504.1235082892
jaden slory__2005-05-09,Jaden Slory,MID,1550000.0000000012,1763809.7168098127,1780857.1241016593,39616.092717000145
jadon sancho__2000-03-25,Jadon Sancho,MID,20999999.99999998,24641845.87930331,24241263.089703258,2192380.0586725795
jahmai simpsonpusey__2005-11-04,Jahmai Simpson-Pusey,DEF,3200000.0000000023,2004654.2885581641,2004654.2885581641,70173.01870028459
jahnoah markelo__2003-01-04,,,,1088215.85622345,1088215.85622345,105683.6906454313
jaidon anthony__1999-12-01,Jaidon Anthony,MID,10750000.000000006,9127076.884531599,9127076.884531599,588900.4157499811
jairo riedewald__1996-09-09,,,,2859518.524406289,2848586.0934354216,384423.42566027335
jak alnwick__1993-06-17,,,,458154.0281914925,447522.28490718006,24920.19790593936
jaka bijol__1999-02-05,,,,14263062.635534983,14196921.164315749,456178.6732869481
jake caprice__1992-11-11,,,,256670.36245322847,263970.9424188936,12939.074795722487
jake clarkesalter__1997-09-22,,,,2875760.583136411,2995055.7064247914,222511.61292227768
jake eastwood__1996-10-03,,,,165184.83110874877,165184.83110874877,19649.943284954265
jake mulraney__1996-04-05,Jake Mulraney,MID,449999.99999999994,331221.2970338399,331221.2970338399,
jake obrien__2001-05-15,,,,14957787.058190543,14957787.058190543,
jake young__2001-07-22,,,,591145.0642606075,607483.2913584422,38453.90578619956
jakob bonde__1993-12-29,,,,632992.2152743901,632867.6172822341,8117.437941824775
jakob breum__2003-11-17,Jakob Breum,MID,6999999.999999995,7456969.055841606,7606532.262391512,372546.69175380754
jakob busk__1993-09-12,,,,317017.49913034664,317017.49913034664,33753.90795962494
jakob haugaard__1992-05-01,Jakob Haugaard,GK,412500.00000000006,438143.71557795844,446127.3784281337,13990.544261163266
jakob jessen__2004-03-05,,,,397541.7456931846,404900.72298787016,18160.40959815705
jakob kiilerich__2000-05-10,Jakob Kiilerich,DEF,1200000.0000000005,1564817.7744572498,1579533.0369782287,81375.22527901945
jakub brabec__1992-08-06,Jakub Brabec,DEF,1749999.9999999998,1305418.7010224941,1309069.4997844575,49764.01930045692
jakub hromada__1996-05-25,Jakub Hromada,MID,999999.9999999997,499220.68636520824,499220.68636520824,13840.755664659624
jakub kaminski__2002-06-05,,,,10417047.802756507,10417047.802756507,
jakub kiwior__2000-02-15,,,,29784613.077053905,29784613.077053905,464231.7462352339
jakub moder__1999-04-07,,,,4743498.328995292,4628693.240169662,385145.36683628696
jakub piotrowski__1997-10-04,,,,2180366.3192399866,2158885.2473957506,92542.65936736943
jakub stolarczyk__2000-12-19,Jakub Stolarczyk,GK,1499999.9999999986,1876311.8178833202,1876311.8178833202,169368.11538378804
jalen blesa__2001-02-05,,,,432773.2189633081,432773.2189633081,
jalmaro calvin__2003-06-30,,,,231821.81747178652,234708.4802784704,7715.836401488244
jamaal lascelles__1993-11-11,,,,2424037.2942312844,2503898.684522953,153013.2003407521
jamal lewis__1998-01-25,,,,1198623.5853695641,1198623.5853695641,
jamal musiala__2003-02-26,,,,117887816.626618,117887816.626618,8451174.13636194
jamal thiare__1993-03-31,,,,769077.5978263877,775317.1322843464,44027.99598172278
james abankwah__2004-01-16,James Abankwah,DEF,1050000.0000000007,1373995.303167781,1382901.6517951968,23009.670283090556
james bolton__1994-08-13,,,,346509.96389968926,346509.96389968926,4067.1898891705105
james bree__1997-12-11,James Bree,DEF,1749999.9999999998,2063705.792919889,2082174.4553758523,187362.6187630766
james collins__1990-12-01,,,,439137.9075591556,433839.98751543206,15346.34024266524
james forrest__1991-07-07,,,,1238820.531308543,1244395.962358606,69040.75456510345
james furlong__2002-06-07,,,,548053.017009331,548053.017009331,
james garner__2001-03-13,,,,35367631.65177017,35547901.83049543,1982707.640084895
james gomez__2001-11-14,,,,742170.5612957383,742170.5612957383,28053.461977910407
james hill__2002-01-10,,,,6554703.790157146,6554703.790157146,
james husband__1994-01-03,,,,436833.9350821486,427467.71673049865,30637.707515055274
james justin__1998-02-23,,,,5979394.563835884,5979394.563835884,1238678.7486018296
james maddison__1996-11-23,James Maddison,MID,36000000.000000045,40891232.846961066,41480084.92416851,1922750.119805469
james mcatee__2002-10-18,,,,10914373.504104225,10789554.37041784,1577244.7933165526
james mcclean__1989-04-22,,,,256682.39785243323,254433.0814413479,13118.809218211883
james mcconnell__2004-09-13,,,,2945662.9572738693,2945662.9572738693,
james mcgarry__1998-04-09,,,,540716.7366143636,540716.7366143636,8072.099582622666
james milner__1986-01-04,,,,457783.1101680266,507013.6646886206,104286.60146367505
james morris__2001-11-23,,,,869003.7123095455,873201.9806249563,31779.84098800958
james olayinka__2000-10-05,,,,274455.04607889306,275664.75665043265,4049.970560879149
james penrice__1998-12-22,,,,1990031.2205894648,1990031.2205894648,
james sands__2000-07-06,,,,2163825.372947691,2163825.372947691,
james shea__1991-06-16,,,,256290.4396579716,260500.31320622427,25161.202977502027
james tarkowski__1992-11-19,James Tarkowski,DEF,10250000.000000004,10414286.612759218,10414286.612759218,
james tavernier__1991-10-31,,,,3620933.8112681233,3465074.22295582,368476.5404468224
james tilley__1998-06-13,James Tilley,DEF,499999.99999999977,536966.0800535445,532262.0138943486,24195.156707996062
james trafford__2002-10-10,,,,17937161.776030995,17937161.776030995,79944.06578579183
james wardprowse__1994-11-01,,,,4545429.4485364305,4391346.401744725,683500.6977765422
james wilson__2007-03-06,,,,1123214.6846899108,1123214.6846899108,
jamie brandon__1998-02-05,Jamie Brandon,DEF,337500.00000000006,301544.5959500748,332858.6631832115,79622.21853185243
jamie cumming__1999-09-04,,,,1122347.929819001,1122347.929819001,53455.764868618484
jamie donley__2005-01-03,,,,1788391.9183404988,1788391.9183404988,
jamie gittens__2004-08-08,Jamie Gittens,MID,33999999.99999994,31576335.409316186,32519400.529946353,2257610.4261546205
jamie lawrence__2002-11-10,Jamie Lawrence,DEF,1499999.9999999986,1974713.664719795,1971700.368631119,58498.05804280217
jamie leweling__2001-02-26,,,,13196499.261797061,13196499.261797061,
jamie maclaren__1993-07-29,,,,906765.7192858299,906765.7192858299,79558.26968722155
jamie mccart__1997-06-20,Jamie McCart,DEF,600000.0000000003,765604.3836332597,781049.2219939067,68842.00502799332
jamie mcdonnell__2004-02-16,,,,1335238.7815658946,1335238.7815658946,19010.361847366275
jamie mcgrath__1996-09-30,,,,1862837.5661987728,2116861.677099342,687292.8625399802
jamie sneddon__1997-09-06,,,,143314.77135343498,142975.4565645325,8415.071155256508
jamie sterry__1995-11-21,Jamie Sterry,DEF,324999.9999999999,422837.8836829465,424167.8194985334,10755.50852995436
jamie walker__1993-06-25,,,,353809.45018034085,374119.81686973025,39372.964209302416
jamil siebert__2002-04-02,Jamil Siebert,DEF,3149999.9999999995,3243327.524185008,3241913.1929525537,118278.91858927398
jamilu collins__1994-08-05,,,,1036169.1185223473,1036169.1185223473,
jan bednarek__1996-04-12,Jan Bednarek,DEF,15000000.00000001,8983464.12539584,8700127.56963876,712421.320744575
jan boller__2000-03-14,Jan Boller,DEF,562500.0000000003,480084.34358677187,480970.9468051163,11080.780147388945
jan faberski__2006-04-22,,,,1027746.4473216133,1027746.4473216133,278472.8552984617
jan hurtado__2000-03-05,,,,1706098.8924447303,1706098.8924447303,21686.904516468276
jan kliment__1993-09-01,,,,2095079.2035913295,2194290.7590188747,259985.17760243625
jan kuchta__1997-01-08,,,,2362751.926677969,2657307.245128108,923015.8858969441
jan mlakar__1998-10-23,,,,1131988.2666882232,1135958.6723957027,37620.11116672028
jan oblak__1993-01-07,Jan Oblak,GK,30999999.999999978,28406838.85493027,28511698.549830012,389818.0947151944
jan olschowsky__2001-11-18,,,,1017988.2604298791,1004964.1521827733,32658.89548583896
jan paul van hecke__2000-06-08,,,,29545610.45303815,29327797.319071103,1343979.4866421986
jan schoppner__1999-06-12,,,,3650045.492567603,3495799.7006187886,341068.67862476385
jan thielmann__2002-05-26,,,,3116812.454335139,3116812.454335139,319815.50147378695
jan urbich__2004-06-23,,,,645785.1116400899,633454.580738246,48689.92789486672
jan zamburek__2001-02-13,,,,939731.7600705774,944077.4092943517,59652.64237523819
jancarlo simic__2005-05-02,Jan-Carlo Simić,DEF,4300000.000000002,4244127.102612516,4311987.636338667,290054.52977201995
janik haberer__1994-04-02,,,,3109252.5995223247,3024476.4780705418,239578.50096273984
janis blaswich__1991-05-02,Janis Blaswich,GK,1262500.0,660276.5161646969,643094.7444593941,65942.72805736617
jankat ylmaz__2004-08-16,,,,828782.9090582677,828782.9090582677,45084.757308403656
jannes wieckhoff__2000-08-02,,,,615175.985326028,615175.985326028,76984.97336498678
janni serra__1998-03-13,,,,570951.9145915431,580017.9682996323,63929.42034345309
jannich storch__1993-05-12,,,,478138.8322983222,478138.8322983222,
jannik vestergaard__1992-08-03,,,,2245632.466529001,2226027.6809750306,86887.52560165108
jannik wanner__1999-12-20,,,,454754.48006979935,454754.48006979935,28909.063735416905
janoi donacien__1993-11-03,,,,408252.6532095956,408252.6532095956,5790.4009756443675
jaouen hadjam__2003-03-26,,,,2241978.4376535146,2241978.4376535146,
japhet sery larsen__2000-04-10,Japhet Sery Larsen,DEF,1699999.9999999988,1770829.8708955587,1775782.218468449,56272.888027992056
jari de busser__1999-10-21,,,,2785771.54413715,2785771.54413715,138682.42056389537
jari vandeputte__1996-02-14,,,,3554093.0326222996,3554093.0326222996,46576.5890496355
jarne steuckers__2002-02-04,,,,13727993.388397912,13340024.56838445,889879.0124302503
jarrad branthwaite__2002-06-27,,,,34736966.9301806,34736966.9301806,
jarrod bowen__1996-12-20,,,,36511258.29477175,36416222.11113301,3773556.744176728
jason cummings__1995-08-01,,,,1075596.036685025,1022394.3679662363,91180.5680138508
jason davidson__1991-06-29,,,,347549.51457366196,347549.51457366196,2532.2914816587613
jason kerr__1997-02-06,,,,739131.4467362958,749617.189011958,52070.4256057615
jason lokilo__1998-09-17,,,,698081.8907083364,698081.8907083364,221.79475996285217
jason steele__1990-08-18,,,,589450.6751560845,589450.6751560845,
jasper cillessen__1989-04-22,,,,1252478.2560997563,1250028.1777873891,115316.66265683368
jasper dahlhaus__2001-11-27,,,,1243758.80859126,1243758.80859126,4067.264032249225
jasper samooja__2003-07-21,Jasper Samooja,GK,362499.9999999997,419605.70321106614,430814.5326310314,22841.847672496577
jasper schendelaar__2000-09-02,Jasper Schendelaar,GK,2499999.9999999995,2589833.0183460237,2649736.74141363,215455.47405613566
jaures assoumou__2002-10-17,,,,954744.7091195941,952997.8845262134,48176.02583586933
jawad el yamiq__1992-02-29,,,,1110072.7750373075,1072495.9710055748,70183.82653959435
jay idzes__2000-06-02,,,,2928823.4853864554,2928823.4853864554,543018.4954443104
jay rodriguez__1989-07-29,,,,328387.94227786374,328387.94227786374,40868.47661108088
jay stansfield__2002-11-24,,,,3566730.04783451,3742905.188865095,437582.8138152915
jaydee canvot__2006-07-29,Jaydee Canvot,DEF,11749999.999999994,4901524.6959999455,5211879.884487246,696428.8185881063
jayden addai__2005-08-26,Jayden Addai,MID,6549999.999999996,3357127.3338144147,3337592.858488622,245377.66460765118
jayden bogle__2000-07-27,,,,10764472.13128655,10764472.13128655,1068178.4042097349
jayden candelaria__2004-03-02,,,,305938.85043734155,305938.85043734155,
jayden oosterwolde__2001-04-26,,,,12240221.803303506,12240221.803303506,664766.5998659155
jayden richardson__2000-09-04,,,,407473.936917283,362292.431009198,124379.49874011404
jayden stockley__1993-09-15,,,,464201.15562528145,461221.86742651224,24570.83730703154
jaydon banel__2004-10-19,,,,1371168.1316678368,1371168.1316678368,300366.1369227601
jaygo van ommeren__2008-05-08,,,,810451.3195770745,811941.9422511469,15041.696572782399
jayroy grot__1998-03-13,,,,1283991.9668383298,1283991.9668383298,
jayson molumby__1999-08-06,,,,1900283.4359801624,1908719.5239332584,33620.15434539808
jean butez__1995-06-08,,,,4722030.742070068,4737660.932783666,707607.433760696
jean onana__2000-01-08,,,,2673767.3172240825,2734074.6349556353,144241.7202661628
jeankevin duverne__1997-07-12,,,,2205728.6513387,2208807.8422229164,437196.1088963091
jeanluc dompe__1995-08-12,Jean-Luc Dompé,MID,3750000.0000000023,4346636.286282194,4337466.6250569625,114865.90942234425
jeanmatteo bahoya__2005-05-07,,,,9960130.33317997,9910913.50111156,742670.2364501001
jeanphilippe gbamin__1995-09-25,,,,1576824.5985507239,1578577.0872955935,43926.60225845665
jeanphilippe krasso__1997-07-17,,,,3340981.2190669305,3360276.671695305,65893.01092774475
jeanphilippe mateta__1997-06-28,,,,32041359.627331413,32166315.22296478,515577.42802646913
jeanpierre nsame__1993-05-01,Jean-Pierre Nsame,MID,2050000.000000001,1310368.3905019192,1310368.3905019192,9195.02217470798
jeanricner bellegarde__1998-06-27,,,,7833512.757101135,7955096.509002435,742660.4703827479
jeanuel belocian__2005-02-17,,,,3345237.8619942865,3475135.344367012,242317.9215235448
jeanvictor makengo__1998-06-12,,,,1975015.191674271,1986423.4292663527,72712.43714029687
jeff ekhator__2006-11-11,,,,2554365.257161609,2294411.2368757105,559684.3914537127
jeff hardeveld__1995-02-27,,,,973607.6685153801,973607.6685153801,61876.51948104222
jeff reineadelaide__1998-01-17,,,,1682712.9538366385,1682712.9538366385,110351.16948066767
jefferson lerma__1994-10-25,,,,7198926.465016767,7198926.465016767,269235.7718868569
jeffrey de lange__1998-04-01,,,,3197885.921087689,3242472.5796738644,299430.72187052685
jeffrey gouweleeuw__1991-07-10,,,,4417872.873553513,4155050.432415964,489685.780622633
jeffrey schlupp__1992-12-23,,,,1917118.2481479072,1690816.3981739655,408714.6115430055
jelle duin__1999-01-27,,,,372494.2626745424,369226.30311915884,25376.186462898568
jelle van neck__2004-03-07,,,,438862.28778917325,438862.28778917325,3499.6378857511936
jens castrop__2003-07-29,,,,5446674.237970252,5439393.801095553,198765.98211750793
jens grahl__1988-09-22,,,,118869.8148098981,121422.68590501428,9202.59861846139
jens martin gammelby__1995-02-05,,,,496769.08458979754,507857.2167735979,39987.96565272559
jens odgaard__1999-03-31,,,,11262092.820163189,11262092.820163189,
jens petter hauge__1999-10-12,,,,5458639.00513127,5202504.6398704,470445.9505457977
jens stryger larsen__1991-02-21,Jens Stryger Larsen,DEF,850000.0000000005,563175.5854536252,571688.0883046759,51637.260717897334
jens toornstra__1989-04-04,,,,308306.97948372597,300939.94393849996,24943.50374608364
jensen weir__2002-01-31,Jensen Weir,MID,749999.9999999998,748978.45474174,736239.9591247144,28811.73352996502
jenson metcalfe__2004-09-06,,,,554408.2029550428,588741.7527722963,64463.81032594943
jeppe andersen__1992-12-06,,,,495728.1836666433,496021.7591810409,21356.14382928849
jeppe grnning__1991-05-24,,,,414359.7853322613,414593.991106949,4560.058806397654
jeppe kudsk__2003-02-25,,,,586682.1544850904,580003.2237757617,35465.45782830998
jeppe okkels__1999-07-27,,,,1254957.5122853313,1292662.4554488526,78090.63887904906
jeppe tverskov__1993-03-12,Jeppe Tverskov,MID,1499999.9999999986,1947076.7275855616,1984965.4083595092,89457.2276646386
jerdy schouten__1997-01-12,,,,18700143.29365052,18014238.293637123,1928534.9064753067
jere uronen__1994-07-13,,,,679137.4798826922,712635.3502836816,257852.06768644546
jeredy hilterman__1998-06-20,,,,664361.5721249894,664361.5721249894,
jeremiah st juste__1996-10-19,,,,4203049.765943407,4132311.3356441436,233488.31075181035
jeremie boga__1997-01-03,,,,7166002.447381221,7166002.447381221,447497.29060774134
jeremie frimpong__2000-12-10,Jeremie Frimpong,DEF,40749999.99999996,47010299.65196773,47743252.47674418,2946933.9325551223
jeremy blasco__1999-02-12,,,,935480.4895844443,935480.4895844443,
jeremy bokila__1988-11-14,,,,211616.14056464902,192877.22552845738,52640.05817551163
jeremy doku__2002-05-27,Jérémy Doku,MID,57249999.99999994,43351761.35136005,43866717.628639415,2608757.324151514
jeremy frick__1993-03-08,,,,614519.1914681308,614519.1914681308,26368.729663521553
jeremy gelin__1997-04-24,,,,1488797.599808203,1452947.9491815842,139657.22032111723
jeremy jacquet__2005-07-13,,,,13242496.60498771,13058681.427517945,839802.6031491375
jeremy le douaron__1998-04-21,,,,2399473.3453103723,2399473.3453103723,18619.42176311757
jeremy livolant__1998-01-09,,,,1563843.8467693492,1690351.4462023354,389715.3755555746
jeremy ngakia__2000-09-07,,,,1848257.7690414202,1835002.3855153106,29121.18850090361
jeremy petris__1998-01-28,Jeremy Petris,DEF,1200000.0000000005,1371525.0777869064,1365216.9089482182,67153.12243459451
jeremy sarmiento__2002-06-16,,,,3512002.46671574,3491548.6863259133,187627.58506450304
jeremy sebas__2003-04-14,,,,922880.2618465478,922880.2618465478,20773.532154750395
jeremy toljan__1994-08-08,,,,3186395.6361510693,3222418.6275000526,216201.85744196147
jeriel dorsett__2002-05-04,Jeriel Dorsett,DEF,499999.99999999977,586384.0925372922,584340.947480668,34964.74062509173
jeroen zoet__1991-01-06,,,,239968.44730963922,242446.22857487356,23735.863109720325
jerolldino bergraaf__2006-07-05,,,,631882.5737079027,632214.0200869247,6194.57813847011
jerome onguene__1997-12-22,,,,288977.77877387137,297187.9660756483,23396.868810682583
jerome opoku__1998-10-14,,,,2576856.3283763295,2576856.3283763295,45983.9034066548
jerome prior__1995-08-08,,,,704183.4525898849,704183.4525898849,76996.62819552445
jerome roussillon__1993-01-06,Jérôme Roussillon,DEF,1800000.000000001,1895759.0698715346,1957276.180603526,285956.8849607736
jerry afriyie__2006-12-10,,,,295438.88000522146,305074.2394814294,24091.72067231154
jesper daland__2000-01-06,,,,2290064.1520220907,2224245.7067943676,164418.2527092181
jesper hansen__1985-03-31,,,,235972.65227615033,224055.7168846164,40823.44785891168
jesper karlsson__1998-07-25,Jesper Karlsson,MID,4999999.999999999,5274900.836724136,5272297.689774822,882617.3128353497
jesper karlstrom__1995-06-21,,,,4480394.427878177,4110082.8392622867,860544.6406154317
jesper lindstrm__2000-02-29,,,,7823670.315194134,7752278.153263638,263020.15958436666
jesper verlaat__1996-06-04,,,,953915.1772301631,955810.5349244293,62957.52932157122
jesse bosch__2000-02-01,,,,862484.5909759254,862484.5909759254,56647.275933847464
jesse joronen__1993-03-21,,,,936673.6363222343,938666.6234439585,17538.073162808174
jesse van de haar__2005-01-26,,,,840356.640293145,815580.7233737323,95942.90562919351
jessic ngankam__2000-07-20,,,,1972063.0660749357,1944240.6878744303,93686.38587157018
jessy benet__1995-06-24,,,,2085963.3750053428,2039650.4783719238,163929.7096805779
jessy deminguet__1998-01-07,,,,2177219.818610663,2163947.3072213028,42004.51238397335
jesurun raksakyi__2002-10-05,,,,5714157.449968671,5714157.449968671,
jesus castillo__2001-06-11,,,,1520657.3714349524,1397506.5792428048,238903.62943371927
jesus ramirez__1998-05-04,,,,1926354.3319393576,1926912.29187682,86685.04505656025
jetro willems__1994-03-30,Jetro Willems,DEF,437499.9999999996,638075.2312048557,645983.3804313195,33629.50762976688
jhoanner chavez__2002-04-25,,,,2669744.6224605795,2754336.7813406526,205595.83827301755
jhon chancellor__1992-01-02,,,,464568.06353715673,470662.34668364195,22373.593892022705
jhon duran__2003-12-13,,,,27641023.547496304,27641023.547496304,609457.8411922911
jhon lucumi__1998-06-26,,,,7437669.619885362,7357375.415416458,389354.2528807454
jhon murillo__1995-11-21,,,,1781847.7987634602,1781847.7987634602,
jhon solis__2004-10-03,,,,3220016.8107660036,3220016.8107660036,
jhonny quinonez__1998-06-11,,,,713130.5634986699,742295.383734108,90527.33639951464
jiaqi han__1999-07-03,,,,424594.36311159807,424594.36311159807,7162.237226023148
jim allevinah__1995-02-27,Jim Allevinah,MID,1650000.0000000007,2033951.3250710499,1931620.1901603607,235377.5758237485
jimmy dunne__1997-10-19,,,,2457862.811221673,2457862.811221673,14239.539261926708
jindrich stanek__1996-04-27,,,,3967098.856851667,3946916.0132741313,37240.87612696964
jing reec__2003-06-12,Jing Reec,FWD,299999.99999999977,329745.4204913031,327933.8112960316,7678.458540959591
jiri letacek__1999-01-09,,,,1494231.666189194,1494231.666189194,
jiri pavlenka__1992-04-14,,,,1253936.902628963,1282211.1478128522,75997.53201446382
jizz hornkamp__1998-03-07,,,,2245557.8260416766,2245557.8260416766,564026.138461858
jo coppens__1990-12-21,Jo Coppens,GK,134999.99999999997,172517.09507843532,172517.09507843532,12371.593639889874
joachim andersen__1996-05-31,,,,13987227.690686086,13915820.97344872,362672.5100123324
joachim eickmayer__1993-01-11,Joachim Eickmayer,MID,387499.99999999977,548931.3395049875,554594.8309093663,25000.423550977597
joane gadou__2007-01-17,,,,1461703.0589698448,1507455.181005673,130791.2798878768
joaquin ardaiz__1999-01-11,,,,702156.11635094,709069.0738578978,32908.07615162392
joaquin blazquez__2001-01-28,,,,595481.1445017536,595481.1445017536,
joaquin novillo__1998-02-19,,,,1411052.0300677996,1408428.2775760614,170308.90442512077
joaquin panichelli__2002-10-07,,,,15870347.964319706,16005034.713610752,2273255.369327939
joaquin seys__2005-03-28,,,,7622300.333027608,6983212.759676962,1319865.004755775
jobe bellingham__2005-09-23,,,,9386925.63882348,9436129.73973959,164055.33969361422
jocelin ta bi__2005-02-09,Jocelin Ta Bi,MID,1512499.9999999995,3972454.6994201154,3931897.867283451,611976.6628950817
jocelyn janneh__2002-12-06,,,,1112564.9939323808,1076805.7609008197,119152.51954095703
joe aribo__1996-07-21,,,,2814087.718399176,2814087.718399176,251643.14055379937
joe bell__1999-04-27,,,,5991471.726038568,6153466.190110592,307062.0467653889
joe bryan__1993-09-17,Joe Bryan,DEF,1600000.0000000012,1805810.3061690566,1805810.3061690566,
joe garner__1988-04-12,,,,147980.68228374323,147980.68228374323,17844.686171614336
joe gauci__2000-07-04,,,,816601.5015136392,816601.5015136392,35590.6847251621
joe gelhardt__2002-05-04,,,,5355176.418940203,5355176.418940203,60036.76938637445
joe gomez__1997-05-23,,,,15640418.874262363,15362449.042309463,555127.2299432475
joe hilton__1999-10-11,Joe Hilton,GK,185000.00000000006,174613.39292379186,174864.17073745342,618.3232097417208
joe hodge__2002-09-14,Joe Hodge,MID,1499999.9999999986,1047653.2752252513,1064611.9276486957,54690.216791716244
joe lolley__1992-08-25,,,,1507314.743885414,1532838.6079583853,172725.2933872679
joe mendes__2002-12-31,,,,4708589.974206677,4708589.974206677,97227.06883372217
joe newell__1993-03-15,,,,791634.0932004155,790460.9421024625,20159.449485882535
joe powell__1998-10-30,,,,486781.3975957624,486781.3975957624,
joe rodon__1997-10-22,,,,11983854.262869215,12043265.936463526,244917.70936646633
joe rothwell__1995-01-11,Joe Rothwell,MID,2250000.000000001,2022896.9937337525,1989212.601447514,110138.71675183809
joe scally__2002-12-31,,,,6960314.32328481,7090102.169342581,527270.371301813
joe shaughnessy__1992-07-06,,,,351819.7488416072,360701.3953251094,40578.705548766535
joe westley__2004-10-18,,,,294376.3792267734,292664.6860260231,20062.85897046199
joe white__2002-10-01,,,,707303.799996512,707303.799996512,47702.587763090174
joe whitworth__2004-02-29,,,,1126759.9805257262,1126759.9805257262,
joe williams__1996-12-08,,,,2189493.9970158497,2189493.9970158497,108580.05371076577
joe willock__1999-08-20,,,,10892612.31576382,10892612.31576382,474948.17087589257
joe worrall__1997-01-10,Joe Worrall,DEF,3299999.9999999986,3231999.8454684312,3322714.015840619,176312.04234584683
joedrick pupe__1997-06-04,,,,852693.3389641047,852693.3389641047,71084.2415234297
joel allansson__1992-11-03,,,,415724.25656620366,415724.25656620366,
joel asoro__1999-04-27,,,,853173.4124460216,857204.8328892875,72767.07397827337
joel coleman__1995-09-26,,,,183191.0797254134,183191.0797254134,10091.627472326729
joel drommel__1996-11-16,,,,2745202.096089668,2796543.3207640597,304031.3818556678
joel felix__1998-01-13,,,,698884.1092870218,694816.4348770435,10952.035818685503
joel ideho__2003-07-17,,,,1008020.6298947429,975696.8215169223,73240.86181885078
joel ito__1998-03-27,,,,763458.4354507622,754755.9954780343,30725.763683496505
joel king__2000-10-30,,,,456734.8928306557,456734.8928306557,87421.39709355326
joel latibeaudiere__2000-01-06,Joel Latibeaudiere,DEF,1400000.0000000007,1673890.1086063483,1673890.1086063483,119154.5664995028
joel mvuka__2002-11-12,,,,3151006.838638431,3107316.169694842,95023.14439207774
joel ordonez__2004-04-21,,,,12957440.17924102,12957440.17924102,710957.8755847539
joel piroe__1999-08-02,,,,10560291.822559098,11227162.18536849,1652533.3270482481
joel schmied__1998-09-23,,,,2563546.08924812,2543268.85319017,58438.65578062201
joel veltman__1992-01-15,,,,4798165.245719992,4798165.245719992,86765.72436724987
joel voelkerling persson__2003-01-15,,,,632235.3508380142,634837.1540510085,22616.788533335268
joeri heerkens__2006-05-08,,,,1357825.1823627646,1357825.1823627646,155953.761987504
joey veerman__1998-11-19,,,,20333495.782362603,20333495.782362603,825175.1492557565
johan bakayoko__2003-04-20,,,,20971730.98263497,20971730.98263497,493224.9953873649
johan dahlin__1986-09-08,,,,150472.61372432404,150472.61372432404,
johan gastien__1988-01-25,,,,313882.47701897495,313882.47701897495,33656.36913152417
johan hove__2000-09-07,,,,1316155.0621720932,1347330.195382814,249005.19348894342
johan manzambi__2005-10-14,,,,8004982.694813802,8145716.939925115,620332.2881791254
johan mojica__1992-08-21,Johan Mojica,DEF,5650000.000000001,6462541.880868119,6548399.829058323,192127.1069938624
johan vasquez__1998-10-22,Johan Vásquez,DEF,8249999.9999999935,7972341.737838024,7792797.08653821,670214.0854649149
johann lepenant__2002-10-22,Johann Lepenant,MID,6000000.0,6335744.663350953,6297202.140572926,476162.52083703567
johannes geis__1993-08-17,Johannes Geis,DEF,549999.9999999998,497756.3257053037,497756.3257053037,9270.686704588881
johannes schenk__2003-01-13,,,,2244609.673995989,2163581.65187461,216188.43541152362
john bjorkengren__1998-12-09,John Björkengren,MID,1774999.9999999986,2404067.214083673,2414862.6828231066,137377.91663071027
john brooks__1993-01-28,,,,1293433.1823977614,1301217.0322447151,79082.53748128228
john koutroumbis__1998-03-06,,,,478350.36568789725,472815.9220498003,22827.173337919736
john lundstram__1994-02-18,,,,2483763.2908412027,2552849.199274626,138823.53192954246
john mcatee__1999-07-23,,,,938404.8060250891,938404.8060250891,39381.16593997867
john mcginn__1994-10-18,John McGinn,DEF,20000000.000000015,17963667.33170251,18701946.966488916,1912172.3607892813
john souttar__1996-09-25,,,,3313899.1109571615,3313899.1109571615,119757.85648428087
john stones__1994-05-28,,,,19751816.202591363,19751816.202591363,
john swift__1995-06-23,,,,1669995.839445265,1669995.839445265,21558.287566754214
john yeboah__2000-06-23,,,,1856809.200522492,1856809.200522492,150465.83220312203
johnkymani gordon__2003-02-13,,,,302593.5490242277,310694.7256453881,17012.608222286413
johnny kenny__2003-06-06,Johnny Kenny,FWD,1737499.9999999995,2744367.1501667746,2724235.6262747045,178425.27711573942
johny placide__1988-01-29,,,,161774.7987303123,161650.35606358424,11617.645996828047
jomaine consbruch__2002-01-26,,,,864080.3726719905,864080.3726719905,120082.97139279892
jon gallagher__1996-02-23,Jon Gallagher,DEF,1312500.0000000012,633847.3047424027,638497.3785283344,112867.33052793356
jon gorenc stankovic__1996-01-14,,,,1874369.9712289798,1874369.9712289798,
jon guthrie__1992-07-29,,,,502120.89667296316,502120.89667296316,
jon karrikaburu__2002-09-19,,,,1883623.2077328432,1883623.2077328432,
jon magunazelaia__2001-07-13,,,,1023450.4843600098,1023450.4843600098,
jon mccracken__2000-05-24,,,,654269.9796611285,650363.0054416545,19506.08224304795
jon mclaughlin__1987-09-09,,,,159228.63804034566,159228.63804034566,
jona niemiec__2001-09-19,,,,896992.2402850667,896992.2402850667,24069.20051026176
jonah ayunga__1997-05-24,,,,577447.5789773484,582096.2310923563,30751.894814853338
jonah kusiasare__2007-07-04,,,,1294030.3683408052,1294030.3683408052,112214.660061137
jonas adjetey__2003-12-13,,,,4386520.076314376,4454723.414292873,414347.6066226481
jonas arweiler__1997-04-10,,,,662071.3519851242,662071.3519851242,52878.510499926066
jonas bager__1996-07-18,,,,827122.2118692336,835035.9046599971,54334.10533692052
jonas dirkner__2002-07-15,,,,740669.6189251198,751235.9663210772,31536.856544800834
jonas fohrenbach__1996-01-26,,,,2150912.595650281,2141786.2218212644,99505.2527157011
jonas hofmann__1992-07-14,Jonas Hofmann,MID,6499999.999999999,7891068.7366091935,7796237.185762772,644929.7086996915
jonas hofmann__1997-02-07,,,,455359.0119989272,455131.7726715221,16028.273766313734
jonas jensenabbew__2002-04-20,,,,879964.987460617,874180.9122891636,20905.692654424452
jonas kersken__2000-09-01,,,,1105221.856536171,1105221.856536171,
jonas lossl__1989-02-01,,,,335760.9788799666,351926.63908807543,38803.885959206775
jonas martin__1990-04-09,,,,752758.8985803681,752758.8985803681,11630.76096513972
jonas meffert__1994-09-04,Jonas Meffert,MID,1550000.0000000012,1439816.2997803157,1439816.2997803157,39971.60829520338
jonas mortensen__2001-01-16,,,,433830.3629038704,433830.3629038704,30671.705247748014
jonas nickisch__2004-05-21,,,,366037.036693246,366037.036693246,6416.1466374683405
jonas omlin__1994-01-10,,,,2166736.8677465436,2166736.8677465436,249513.65880368522
jonas svensson__1993-03-06,Jonas Svensson,DEF,1899999.9999999993,1880485.4569941293,1966333.5884084739,324690.8980806635
jonas urbig__2003-08-08,,,,7607240.992157996,7546499.682164294,161753.56753113956
jonas wind__1999-02-07,,,,10736180.92460995,10763019.558094276,387811.3714122758
jonatan braut brunes__2000-08-07,,,,2587613.4460368454,2588226.2136861635,66618.50716335194
jonatan lindekilde__2006-03-31,,,,618654.4396516257,612255.7086231788,14448.647010048895
jonathan amon__1999-04-30,,,,656918.1892149233,656918.1892149233,25068.14536741166
jonathan bamba__1996-03-26,,,,7794074.208838486,7796942.943617376,444684.2807159076
jonathan bond__1993-05-19,,,,471600.3456407006,470355.1569166321,17219.485237970366
jonathan burkardt__2000-07-11,,,,39941456.16791225,40533378.66947128,6202172.556734573
jonathan david__2000-01-14,,,,37876523.00268799,37876523.00268799,1195502.834018418
jonathan de guzman__1987-09-13,,,,244340.29485942662,244340.29485942662,8313.016461080484
jonathan fischer__2001-11-09,,,,2341727.6634179843,2346710.3589633736,85203.27589840641
jonathan hutters__2004-02-21,,,,190143.49622720384,194605.44653891775,11497.681434667329
jonathan ikone__1998-05-02,,,,5563066.744764509,5292940.04681062,501006.5524685904
jonathan klinsmann__1997-04-08,,,,805245.8012992406,805245.8012992406,
jonathan meier__1999-11-11,Jonathan Meier,DEF,537500.0000000003,500612.58637285343,501904.49180167983,24965.012067362808
jonathan panzo__2000-10-25,,,,1983142.1302248223,1992956.0323641747,20372.997465473483
jonathan rodriguez__1993-07-06,,,,5226111.793566703,5226111.793566703,318856.26535532036
jonathan rowe__2003-04-30,,,,10925528.771766046,10903709.277749145,596879.2107405432
jonathan tah__1996-02-11,Jonathan Tah,DEF,48250000.00000002,51356995.89395472,52637071.5240973,2630599.334892037
jonathan tomkinson__2002-04-11,,,,537415.9669499701,537415.9669499701,64837.45565997923
jonathan varane__2001-09-09,,,,3975744.729332276,4007252.8082820093,628977.8494407613
jones elabdellaoui__2006-01-12,,,,1652422.261830015,1735817.7400828435,168844.9969155732
jonjoe kenny__1997-03-15,,,,3215374.032619411,3141342.8989991136,211743.91306867867
jop tijink__2005-01-30,Jop Tijink,DEF,212500.00000000017,244090.18070081854,241159.41151895482,9142.72941516684
jordan amissah__2001-08-02,,,,405667.3294381039,414356.54901710566,21409.608419066877
jordan archer__1993-04-12,,,,230053.9289528417,236857.46713231388,28010.63924570682
jordan ayew__1991-09-11,,,,2353543.1166579267,2353543.1166579267,276222.53685042186
jordan beyer__2000-05-19,,,,7513220.2904651025,7513220.2904651025,437548.17431349895
jordan bos__2002-10-29,,,,4901807.559921125,4901807.559921125,1384.9762107840188
jordan bowery__1991-07-02,,,,286908.68940919556,286908.68940919556,6160.895254755903
jordan ferri__1992-03-12,Jordan Ferri,MID,2712500.0000000023,1252677.2753583144,1252677.2753583144,66425.68457556721
jordan henderson__1990-06-17,,,,4285113.260120666,4153570.6850339565,432553.8400085363
jordan holmes__1997-05-08,,,,235427.80479735837,235427.80479735837,10634.582016656468
jordan holsgrove__1999-09-10,,,,3349926.179302666,3349949.0311592324,192764.4953313053
jordan hugill__1992-06-04,,,,452448.57314580743,456400.82467143954,47636.63769826378
jordan larsson__1997-06-20,,,,2317235.4231587583,2299466.1219900735,96548.51196294931
jordan lefort__1993-08-09,,,,2711747.163605503,2685715.331907858,248496.61419687545
jordan lotomba__1998-09-29,,,,4228505.977930587,4272986.3403758425,265469.88097308634
jordan mcghee__1996-07-24,,,,594387.2175773878,594387.2175773878,24853.83827939064
jordan obita__1993-12-08,Jordan Obita,DEF,412500.00000000006,492621.33866451995,492621.33866451995,12212.998396994833
jordan pickford__1994-03-07,,,,20022574.113489456,20300073.38277738,1033294.1511298447
jordan smith__1994-12-08,,,,285896.19674481906,286238.95801734156,5382.710092188294
jordan teze__1999-09-30,,,,10047859.562073402,9799881.406894406,2113668.9249270433
jordan thompson__1997-01-03,,,,1049371.8879492895,1049371.8879492895,87645.75182909335
jordan torunarigha__1997-08-07,,,,3510941.335267437,3510338.8694967832,67582.65083327479
jordan turnbull__1994-10-30,Jordan Turnbull,DEF,362499.9999999997,259952.70759417396,255663.22266592496,15017.525474966518
jordan williams__1999-10-22,,,,855707.0596532819,855707.0596532819,14738.341237446286
jordan zemura__1999-11-14,Jordan Zemura,DEF,3449999.999999999,2260207.1324879657,2260207.1324879657,13450.19896802985
jordi liongola__2000-05-17,Jordi Liongola,DEF,1450000.0000000002,1488835.1472886086,1484357.0199676165,31240.28800039988
jordi oseitutu__1998-10-02,Jordi Osei-Tutu,DEF,712500.0000000002,658750.3825256381,659556.5198876845,54199.8195495003
jordi vanlerberghe__1996-06-27,Jordi Vanlerberghe,DEF,1650000.0000000007,1344048.69953761,1385743.068819564,133775.00088569755
jordy clasie__1991-06-27,,,,4975125.217354168,4975125.217354168,
jordy de wijs__1995-01-08,,,,940695.1908170165,948556.5261367393,31121.58364987586
jordy gillekens__2000-02-18,Jordy Gillekens,DEF,575000.0000000001,765683.3064720826,765683.3064720826,15519.890254028343
jorg schreuders__2004-09-09,,,,1880240.8464399334,1880240.8464399334,264880.21562886686
jorge grant__1994-12-19,Jorge Grant,MID,612499.9999999997,627508.482267811,627508.482267811,60411.52064234855
jorge sanchez__1997-12-10,,,,2359310.3833738416,2355736.307634275,76415.18102245787
jorge segura__1997-01-18,,,,560066.9586793638,560066.9586793638,
joris chotard__2001-09-24,,,,6304469.797303409,6304469.797303409,166589.10084986745
joris kayembe__1994-08-08,,,,3513064.301899561,3512765.696615181,74368.5060419519
joris kramer__1996-08-02,,,,2256074.5728469817,2248605.6004094263,42756.68820552838
joris van overeem__1994-06-01,,,,1705163.8290098421,1705163.8290098421,
jorman campuzano__1996-04-30,,,,1988396.971464501,1989044.1045731823,496904.0600027073
jorne spileers__2005-01-21,Jorne Spileers,DEF,2599999.9999999986,2631144.5988867013,2631144.5988867013,11729.164518842825
jorrel hato__2006-03-07,Jorrel Hato,DEF,31999999.999999955,36461814.6240048,38311017.477309175,3651224.2795134378
jorthy mokio__2008-02-29,Jorthy Mokio,DEF,5650000.000000001,3015035.0432967683,3024312.194479952,85460.42545554513
jose cifuentes__1999-03-12,,,,2751226.6800330286,2752701.748447179,120350.03764542783
jose luis palomino__1990-01-05,,,,734956.4350206418,716137.8852357598,44740.28498629489
jose maria gimenez__1995-01-20,,,,20737563.464478858,20737563.464478858,1694262.9902039075
jose sosa__1985-06-19,,,,735193.1445487445,735193.1445487445,
josef bursik__2000-07-12,,,,765876.7299412668,765876.7299412668,1027.2248785706004
joseph aidoo__1995-09-29,,,,3398137.6956576724,3329330.1250656103,128125.86600594965
joseph anang__2000-06-08,,,,905535.8719786989,900173.2752830232,71763.48522940098
joseph hungbo__2000-01-15,,,,992645.3869899962,797765.8424893001,369498.20553213207
joseph mangondo__2005-08-06,,,,416863.1267906199,430635.6095817875,26166.233749726172
joseph nonge__2005-05-15,,,,1648699.2666019422,1646051.8642607222,104433.75300422357
joseph okumu__1997-05-26,,,,2832228.2140758485,3403383.1231744755,1119311.8833813039
joseph opoku__2005-08-08,Joseph Opoku,MID,2700000.0,3409777.28827641,3418253.274170219,63005.85697282575
joseph paintsil__1998-02-01,,,,4997201.949646985,4997201.949646985,
josh benson__1999-12-05,Josh Benson,MID,562500.0000000003,611548.181428015,601044.038839183,30006.840532636495
josh bowler__1999-03-05,,,,2009750.5031557987,2009750.5031557987,
josh brownhill__1995-12-19,,,,5515147.899776507,5515147.899776507,
josh campbell__2000-05-06,,,,553122.3533530324,553122.3533530324,22090.268357085162
josh cullen__1996-04-07,Josh Cullen,MID,8000000.000000002,9543800.088142073,9441601.443365172,1204999.1746224891
josh dasilva__1998-10-23,,,,2998526.548899591,2998526.548899591,
josh doig__2002-05-18,,,,4847989.107417455,4847989.107417455,25662.0191776276
josh feeney__2005-05-06,,,,959298.2312776215,954030.4139649557,32599.099828697228
josh flint__2000-10-13,,,,751537.5458140429,754244.0413206093,9330.275520285048
josh king__2007-01-03,,,,11521457.000549022,11882546.203140505,2214310.8823396247
josh knight__1997-09-07,,,,960296.8923874426,949839.6569004462,29649.090086883363
josh laurent__1995-05-06,,,,2730820.7197736544,2694181.7497564876,130322.66670562814
josh magennis__1990-08-15,,,,342078.56393191277,351695.3803560659,38131.26226288551
josh maja__1998-12-27,,,,2458882.019732758,2427363.1201221705,70100.04051896694
josh martin__2001-09-09,Josh Martin,MID,525000.0000000003,410289.5293413238,406742.86185593327,24328.35700515532
josh mulligan__2002-11-12,,,,1155985.0079856652,1241198.943467205,277028.3458718473
josh sargent__2000-02-20,,,,5630575.146403248,5643668.719368115,235935.99911788537
josh sheehan__1995-03-30,,,,858218.7844376002,875967.8999842587,52942.22036042874
josh tymon__1999-05-22,Josh Tymon,DEF,2449999.9999999995,2113456.1055118344,2109157.118848337,36707.44300584557
josh vickers__1995-12-01,Josh Vickers,GK,499999.99999999977,516796.90207191836,528865.6373922379,56622.72464573545
josh windass__1994-01-09,,,,2506792.0261065233,2506792.0261065233,
josha vagnoman__2000-12-11,,,,5887069.477723659,5777144.231387318,312077.77452764614
joshua bitter__1997-01-01,,,,585952.5594603787,589264.2824994371,41214.03720540197
joshua brenet__1994-03-20,,,,1461742.3133680548,1472142.7051640716,78837.49311191532
joshua brillante__1993-03-25,Joshua Brillante,DEF,487499.9999999996,477557.5618121019,470190.4901514287,48779.22460475793
joshua eze__2003-03-20,Joshua Eze,MID,537500.0000000003,659775.640494507,659775.640494507,30097.83124817286
joshua kimmich__1995-02-08,,,,75706244.38453239,70316335.84660576,9389391.442440063
joshua king__1992-01-15,Joshua King,MID,2950000.000000002,2792290.3392169266,2796381.0965680284,54160.93774358143
joshua kitolano__2001-08-03,,,,2080653.5584044573,2080653.5584044573,
joshua quarshie__2004-07-26,,,,1932700.4906972281,1932700.4906972281,
joshua smits__1992-11-06,,,,609217.4305576406,609217.4305576406,
josimar alcocer__2004-07-07,,,,2734143.8740785993,2734143.8740785993,542244.2664374671
josip brekalo__1998-06-23,,,,3636208.741824705,3636208.741824705,
josip calusic__1993-10-11,,,,278811.3440987465,278811.3440987465,
josip misic__1994-06-28,,,,1694243.4963375449,1714080.5399037148,86591.01682918615
josip stanisic__2000-04-02,,,,18230704.179664362,18230704.179664362,1161166.9812698846
josip sutalo__2000-02-28,Josip Šutalo,DEF,17249999.99999998,16823764.102833766,17322318.2260039,1754029.1330113355
josko gvardiol__2002-01-23,,,,70683882.48478423,70683882.48478423,5738949.040349145
josue casimir__2001-09-24,Josué Casimir,MID,3400000.000000002,2813003.926476867,2813003.926476867,
josue kongolo__2006-04-13,,,,747616.4833845975,728567.8851991531,34255.48145058087
jovan milosevic__2005-07-31,,,,1297856.0933471033,1285515.8955067543,31910.811863977357
joyskim dawa__1996-04-09,,,,1142156.8323100274,1169652.436250392,72699.40493927953
jozhua vertrouwd__2004-08-21,,,,1854953.786271166,1859965.0913044622,131283.37071491536
jozo stanic__1999-04-06,,,,1179821.217796746,1210507.9088143448,131233.4783598727
jrgen strand larsen__2000-02-06,,,,20594310.65186518,20594310.65186518,717842.6159700009
juan castillo__2003-01-13,Juan Castillo,GK,1550000.0000000012,1545109.4485841074,1577589.4332052404,110775.36538793467
juan foyth__1998-01-12,,,,17646981.704193417,16617262.11166802,2753166.651846117
juan garro__1992-11-24,,,,503631.2258547467,503631.2258547467,164688.32028667745
juan iturbe__1993-06-04,,,,1770010.0268046465,1788790.4574872768,179686.9138812307
juan jose perea__2000-02-23,,,,867590.160751407,863305.2506297906,19000.05917387425
juan manuel garcia__1992-11-14,Juan Manuel García,FWD,825000.0000000006,1299035.6735570352,1280035.573995858,65838.71230842189
juan manuel insaurralde__1984-10-03,,,,335432.52692327154,273528.4421982871,91827.40892389468
juan musso__1994-05-06,,,,6144804.449195161,6262643.199028369,511438.68430603354
juan rodriguez__2005-05-30,,,,1854102.7196013634,1854102.7196013634,35156.57542249829
jude bellingham__2003-06-29,,,,120669054.68258008,120669054.68258008,23613610.141310442
jude soonsupbell__2004-01-10,Jude Soonsup-Bell,FWD,525000.0000000003,457595.24478900526,455606.5548194563,29795.574041718057
juho talvitie__2005-03-25,Juho Talvitie,MID,1450000.0000000002,1814375.70852139,1820601.1609916561,170517.47974668903
julen agirrezabala__2000-12-26,,,,10767539.037510173,10507173.70101002,549942.2405123312
jules gaudin__2000-05-09,,,,1494345.2077031606,1477694.7299096528,90319.54119802461
jules kounde__1998-11-12,,,,69087829.36172113,69087829.36172113,1980304.3406059751
jules stawiecki__2007-04-10,,,,419978.8083873424,413631.3738452468,28434.03135940517
julesanthony vilsaint__2003-01-06,,,,426738.675293636,427128.0571417776,36785.347264522476
julian alvarez__2000-01-31,,,,119023571.73077624,108750404.28604,17821213.32224932
julian araujo__2001-08-13,Julian Araujo,DEF,8999999.999999996,6723577.587801084,6787451.887776753,1110991.2490927288
julian baas__2002-04-16,,,,1339164.0593430968,1326809.281247761,50643.49076412687
julian brandes__2004-05-11,,,,887810.2963207137,882877.8835638728,38460.15710213991
julian brandt__1996-05-02,,,,29869074.061385304,29869074.061385304,
julian eitschberger__2004-03-05,,,,1445380.6721894147,1445380.6721894147,31889.31810566964
julian green__1995-06-06,,,,1471696.1868528633,1464029.8813275383,34374.9737869666
julian illanes__1997-03-10,,,,1294321.1264218062,1329611.4174563906,91650.44161694848
julian justvan__1998-04-02,,,,4219420.413022059,4134624.839227508,331732.3106108529
julian martinez__2003-12-01,,,,1199105.1775356599,1181257.3231098668,159639.5382235707
julian niehues__2001-04-17,Julian Niehues,MID,1899999.9999999993,2177123.953758019,2176625.4036247674,52108.3031852795
julian palacios__1999-02-04,,,,1491819.286244792,1492226.8247974543,111326.23762796342
julian rieckmann__2000-08-01,,,,543337.023188686,539506.296502731,14444.89955650693
julian ryerson__1997-11-17,,,,14301695.96654154,14608541.705058843,1027431.4103643643
julian von moos__2001-04-01,,,,1077876.7742393995,1077876.7742393995,66263.30721912593
julian weigl__1995-09-08,,,,10028632.447059443,10242186.298499668,610650.3186255204
julien duranville__2006-05-05,,,,7087280.117862151,6635254.627319733,1169873.2292196492
julien fabri__1994-02-05,Julien Fabri,GK,155000.00000000012,204655.07349767914,199534.02746876088,24250.763166685065
julien laporte__1993-11-04,,,,2054383.9146869022,1986229.2779168445,240878.3565188389
julien le cardinal__1997-08-03,,,,4638402.9391119,4638402.9391119,312914.24632885715
julien lopez__1992-03-01,,,,594816.4275397222,594816.4275397222,20727.624220986934
julien ponceau__2000-11-28,Julien Ponceau,MID,3850000.0000000005,4752133.194742577,4622264.1618822375,423297.77712346637
julio soler__2005-02-16,,,,3294398.5694615375,3410660.2605626537,339838.87403591286
julius berthel askou__2006-05-27,,,,421651.06820513034,421651.06820513034,21982.378846316944
julius dirksen__2003-02-02,,,,592729.6529441997,588448.7184704893,8555.365946594951
julius eskesen__1999-03-16,,,,730193.410640373,740262.3758147596,33735.0824790106
juninho bacuna__1997-08-07,Juninho Bacuna,MID,2050000.000000001,1573027.4316054229,1573027.4316054229,15506.615294584208
junior adamu__2001-06-06,,,,2831078.314887027,2796748.5834936006,101556.40158841664
junior diaz__2003-07-23,Junior Diaz,DEF,3449999.999999999,3639108.7098294687,3639108.7098294687,
junior dina ebimbe__2000-11-21,,,,3527298.7855070904,3553672.8392065074,56208.35198687386
junior hoilett__1990-06-05,,,,503061.05690802215,503061.05690802215,
junior messias__1991-05-13,Junior Messias,MID,1800000.000000001,1253907.7629713884,1268696.257064289,67561.49999270515
junior mwanga__2003-05-11,,,,4942809.724574603,4665241.855000153,847009.7462089903
junior olaitan__2002-05-09,,,,2085839.0267017137,2085839.0267017137,
junnosuke suzuki__2003-07-12,,,,2262403.254218296,2262403.254218296,60372.95548776398
jure balkovec__1994-09-09,Jure Balkovec,DEF,1299999.9999999993,1239785.340484009,1215345.298090536,162414.57389654903
jurgen ekkelenkamp__2000-04-05,,,,5689660.781474708,5887421.54864281,479889.9632851532
jurrien timber__2001-06-17,,,,56160062.582047865,55865753.001276284,6577957.928151265
jusef erabi__2003-06-08,,,,2178407.755338494,2225290.2631967785,199498.46806776014
justin amaluzor__1996-10-17,,,,264123.93114096107,269396.30372327205,11333.26506171541
justin bijlow__1998-01-22,,,,3503480.0189553387,3514033.9455591403,182402.0328512953
justin che__2003-11-18,,,,688908.7747559412,697960.8189005188,56775.62192508238
justin de haas__2000-02-01,,,,5207496.517436268,5207496.517436268,149406.72563658003
justin devenny__2003-10-11,Justin Devenny,MID,6099999.999999996,4365975.565418213,4225707.385375406,1120572.6371845573
justin diehl__2004-11-27,,,,1731730.2329647564,1731730.2329647564,567.3604706199714
justin hubner__2003-09-14,,,,841878.1346046883,841878.1346046883,3681.0775016062435
justin janitzek__2004-02-10,Justin Janitzek,DEF,999999.9999999997,968206.709179678,983465.420903978,31472.185042961715
justin kalumba__2004-12-25,,,,1103220.4968991978,1103220.4968991978,83682.79724612039
justin kluivert__1999-05-05,Justin Kluivert,MID,26750000.00000001,26410968.881586503,26410968.881586503,1982594.808047157
justin lonwijk__1999-12-21,,,,954329.1196616723,999546.266887789,105100.85923803007
justin njinmah__2000-11-15,,,,5797116.32926924,5797116.32926924,14031.536587457282
justin smith__2003-02-04,,,,1755498.5160763091,1774524.2195960956,87333.71110688361
kaan ayhan__1994-11-10,,,,3552543.3526218752,3538552.792377465,181066.69366825887
kaan kairinen__1998-12-22,Kaan Kairinen,MID,3850000.0000000005,4552619.816110585,4698246.040759112,493314.80321358435
kaare barslund__2004-03-23,,,,566670.3862528038,567560.1845846375,17955.564271241772
kacper potulski__2007-10-19,Kacper Potulski,DEF,950000.0000000008,1344533.0236130147,1361052.4816936706,182026.60084280366
kacper urbanski__2004-09-07,Kacper Urbański,MID,4799999.999999999,2383811.5447757677,2406819.5322343684,163428.9007876761
kadeem harris__1993-06-08,,,,308208.4718237567,296109.3453454976,24514.9704732566
kader keita__2000-11-06,,,,2014979.5466217338,2005571.4897066664,27698.88212928819
kaelan casey__2004-10-28,,,,571756.6445397674,571756.6445397674,
kahveh zahiroleslam__2002-06-13,,,,1106255.9494356718,1106255.9494356718,31641.410344287997
kai havertz__1999-06-11,,,,45860623.57109834,47508113.73264192,5093623.611866395
kaine keslerhayden__2002-10-23,,,,2743728.84496204,2834937.7029463425,571313.5303107448
kaishu sano__2000-12-30,,,,22341699.79273438,22341699.79273438,
kaito mizuta__2000-04-08,Kaito Mizuta,MID,712500.0000000002,789538.8194052874,817324.555689696,112429.3085328277
kaj de rooij__2000-11-25,,,,868307.514766023,874760.3881023115,18841.808110972765
kaj sierhuis__1998-04-27,,,,1465550.9634672357,1498481.3155343146,111898.06906381268
kalidou koulibaly__1991-06-20,Kalidou Koulibaly,DEF,11000000.000000013,10183359.326093053,10195239.188337373,480963.413156321
kalvin phillips__1995-12-02,,,,5258266.96202301,5423464.869792599,639226.5353651089
kamal sowah__2000-01-09,,,,1435367.2681830963,1435367.2681830963,109656.08736245015
kamaldeen sulemana__2002-02-15,,,,3723399.8143994682,3791087.2326182052,130707.95336861358
kamarai swyer__2002-12-04,,,,330981.0945198495,330981.0945198495,16590.197661275975
kamiel van de perre__2004-02-12,,,,1969001.5128985534,1969001.5128985534,
kamil glik__1988-02-03,Kamil Glik,DEF,299999.99999999977,121298.80523746365,119518.860470888,13601.0689840999
kamil grabara__1999-01-08,,,,17518724.71176807,17518724.71176807,532264.3503389413
kamil grosicki__1988-06-08,,,,1114501.4591979468,1114501.4591979468,164034.91637369082
kamil jozwiak__1998-04-22,,,,971145.0098531212,971145.0098531212,
kamil piatkowski__2000-06-21,,,,2259760.9214206496,2259760.9214206496,
kamory doumbia__2003-02-18,,,,10062610.219884379,9961001.910802238,555576.1854602476
kanayo megwa__2004-03-05,,,,273269.6483961231,273269.6483961231,7591.176155635572
kandet diawara__2000-02-10,,,,885530.2403071567,885530.2403071567,
kane wilson__2000-03-11,,,,1183806.4368929924,1183806.4368929924,
kanya fujimoto__1999-07-01,,,,3469857.8682237696,3483932.352409562,85860.80253588548
kaoru mitoma__1997-05-20,Kaoru Mitoma,MID,30250000.000000015,32120893.58584626,32120893.58584626,1684138.1419977744
karamoko dembele__2003-02-22,,,,1964651.442193984,2094042.906767824,248073.9987210374
karim adeyemi__2002-01-18,,,,36217327.19090859,35529929.166306,6004156.642655859
karim benzema__1987-12-19,,,,11551572.150237335,11551572.150237335,718501.6415509054
karim onisiwo__1992-03-17,,,,1139890.3910120258,1179548.3503449878,112876.71737983555
karim zedadka__2000-06-09,Karim Zedadka,DEF,525000.0000000003,732444.5050497802,740721.4047813189,57629.108381163205
karl darlow__1990-10-08,,,,679862.7636553298,679862.7636553298,
karl hein__2002-04-13,Karl Hein,GK,4500000.000000002,4737316.226157615,4829054.517130813,433954.34576782526
karlan grant__1997-09-18,,,,2121474.0495210965,2121474.0495210965,42867.408583568125
karljohan johnsson__1990-01-28,,,,158236.12150008147,158236.12150008147,6909.739553613669
karlo muhar__1996-01-17,,,,864646.832475203,852797.0736326,86206.53405334894
karol angielski__1996-03-20,,,,582653.2800680894,597792.8419388862,43264.58527201902
karol linetty__1995-02-02,Karol Linetty,MID,2000000.0000000016,2426805.349198284,2408673.2657653536,80930.061446742
karol mets__1993-05-16,,,,1285711.390835163,1280579.5981239188,58594.00520462524
karol swiderski__1997-01-23,,,,3389677.832977963,3490069.531603785,221780.93168097228
kartal ylmaz__2000-11-04,Kartal Yılmaz,MID,2499999.9999999995,2270091.4752736893,2263920.7395255156,63715.57725264538
kasey bos__2004-05-08,,,,1279242.1323621217,1276005.0205983098,146075.7918538184
kasey palmer__1996-11-09,,,,1750432.7532796664,1733068.568900682,68322.62965000395
kasper boogaard__2006-01-29,,,,653344.5981265287,655565.4713239504,4338.792517810074
kasper dolberg__1997-10-06,,,,11036542.276814327,11004756.168415548,589656.197177635
kasper jrgensen__1999-11-07,Kasper Jørgensen,DEF,974999.9999999999,1387426.6942594112,1412572.8279258045,100951.2489021385
kasper schmeichel__1986-11-05,,,,1964001.053861786,1964001.053861786,
kassoum ouattara__2004-10-14,,,,4071201.2524779025,4071201.2524779025,509453.7258933094
kay tejan__1997-02-03,,,,650399.6639363754,650399.6639363754,9414.82514067498
kaye furo__2007-02-06,Kaye Furo,FWD,1899999.9999999993,1630099.8456883498,1660989.8000208423,289642.5397759933
kazeem olaigbe__2003-01-02,,,,2679310.5649632644,2641904.232512801,234564.75793331172
kazmcan karatas__2003-01-16,Kazımcan Karataş,DEF,1350000.0,1314207.162886867,1316275.8084841976,77227.63952948946
kazuki nagasawa__1991-12-16,Kazuki Nagasawa,MID,324999.9999999999,276316.74646741705,272080.82764354814,21987.489270053968
keanan bennetts__1999-03-09,,,,374482.9241897615,363663.1853699948,39502.82537632441
keano vanrafelghem__2003-08-02,,,,1082174.8393583181,1082174.8393583181,
keanu baccus__1998-06-07,,,,739839.2603718571,739839.2603718571,5057.658090560615
keelan adams__2001-11-13,,,,282712.82115137245,281978.3426820547,6332.819996481478
kees smit__2006-01-20,Kees Smit,MID,16000000.000000026,9897607.780662287,10437913.795865167,1689393.5276499598
keidi bare__1997-08-28,,,,1222130.031848515,1192868.5237099242,97839.65698868313
keinan davis__1998-02-13,Keinan Davis,FWD,3650000.000000001,4095323.1052540736,4113693.651939403,373691.1404083788
keisuke goto__2005-06-03,,,,617245.2537968289,617245.2537968289,20056.345214763747
keita balde__1995-03-08,,,,1725754.5964705478,1725754.5964705478,87495.4862361093
keito nakamura__2000-07-28,Keito Nakamura,MID,9500000.000000015,10528418.91116799,10448839.736784756,438184.233846654
keke topp__2004-03-25,,,,2692445.222674385,2692228.374894209,44846.29902249601
kelechi iheanacho__1996-10-03,,,,3692936.899631798,3648106.0484493747,483458.50536831305
kelechi nwakali__1998-06-05,,,,674609.5786472043,674609.5786472043,
kelian nsona__2002-05-11,Kélian Nsona,MID,1075000.0,1074737.2195282232,1060874.5055140443,42485.14707355042
kelle roos__1992-05-31,Kelle Roos,GK,379999.9999999999,175683.77192951326,174864.0113263339,9521.700157220583
kelven frees__2005-02-03,,,,401469.17364551,401469.17364551,
kelvin amian__1998-02-08,,,,3138611.103483562,3138611.103483562,
kelvin boateng__2000-03-24,,,,586931.6223322474,582198.8709879925,13216.749491860224
kelvin yeboah__2000-05-06,Kelvin Yeboah,FWD,3299999.9999999986,2525818.8801157176,2481934.89796218,165561.17423918576
ken nkuba__2002-01-21,,,,1057847.6918712938,1057847.6918712938,7797.790952963873
kenan bilalovic__2005-06-22,,,,407671.3906351538,402943.9915464106,19557.199299982527
kenan karaman__1994-03-05,,,,2118348.2527104868,2140546.8114289423,107048.17164919381
kenan kodro__1993-08-19,,,,968535.7066619587,968535.7066619587,
kenan yldz__2005-05-04,,,,35048048.612140164,37635437.023002654,5766327.99413326
kenay myrie__2006-09-06,,,,556811.7435332072,556811.7435332072,
kenjivan boto__1996-03-07,,,,349545.33897256915,438324.02578823315,157255.48690949526
kenneth omeruo__1993-10-17,,,,437430.0519126443,445040.13120371284,49349.35634389625
kenneth paal__1997-06-24,,,,1327692.6883410779,1327692.6883410779,168594.42443582488
kenneth schmidt__2002-06-03,,,,1792452.614980123,1792452.614980123,49971.05718514841
kenneth taylor__2002-05-16,,,,19671429.209512,19982649.028600555,633243.7747178819
kenny mclean__1992-01-08,Kenny McLean,DEF,1200000.0000000005,1554575.3416615147,1571320.7749962984,148461.61550025924
kenny nagera__2002-02-21,,,,562203.7349015838,552293.8357817378,49588.84865128353
kenny tete__1995-10-09,,,,10050544.071358273,10093208.592146676,641594.4856130732
kenzo goudmijn__2001-12-18,,,,2179530.217563285,2190473.7522978396,129523.09548630347
kepa arrizabalaga__1994-10-03,Kepa Arrizabalaga,GK,9249999.999999987,9044603.882341944,9044603.882341944,580516.2102086409
kerem akturkoglu__1998-10-21,,,,19871590.274948403,19891442.353515185,187665.17432553653
kerem demirbay__1993-07-03,,,,3049161.214470776,3049161.214470776,181636.79516972988
kerim mrabti__1994-05-20,,,,2271833.9126845277,2225048.2932201363,160383.33267578136
kervin arriaga__1998-01-05,,,,4004884.1295598256,4004884.1295598256,155452.81438513004
kevin akpoguma__1995-04-19,,,,2711347.546113653,2821851.331388641,231960.0659748151
kevin appin__1998-01-20,,,,1197251.770457312,1197251.770457312,
kevin behrens__1991-02-03,,,,1010320.8522382103,1016307.2598577597,74606.01461980307
kevin boma__2002-11-20,,,,1867569.7733790802,1867569.7733790802,
kevin castano__2000-09-29,Kevin Castaño,MID,6000000.0,6043706.393986792,6185066.787557895,327674.43222154304
kevin chamorro__2000-04-08,,,,1406504.7940361593,1409992.6510854517,19858.841062962736
kevin danois__2004-06-28,,,,10657021.232217567,10657021.232217567,
kevin danso__1998-09-19,,,,22624952.30196823,22400342.18979442,598822.8130447116
kevin de bruyne__1991-06-28,,,,33496742.956613243,32178374.844179682,7171796.06777857
kevin denkey__2000-11-30,,,,11261023.718426215,11191000.913177446,307055.895322219
kevin diks__1996-10-06,,,,8230821.9972130405,8286054.646190703,670582.1512257529
kevin gadellaa__2003-04-08,,,,319525.73157132044,319708.3574462024,9315.19409317207
kevin hoog jansson__2000-09-29,Kevin Höög Jansson,DEF,700000.0000000006,853462.013811259,853462.013811259,21053.878851888974
kevin keben__2004-01-26,,,,2104934.1410107077,2129462.0928224344,146585.11672037153
kevin kelsy__2004-07-27,Kevin Kelsy,FWD,2700000.0,2141087.5920736087,2132787.255615585,54473.410953815895
kevin mac allister__1997-11-07,,,,9002049.023847114,9203507.758271933,492591.042847833
kevin mbabu__1995-04-19,,,,1975290.5092087202,1972539.8519069063,45009.37821704308
kevin mcdonald__1988-11-04,,,,159238.9109171162,159238.9109171162,38364.64076807367
kevin mouanga__2000-07-24,,,,1123963.3816701889,1123963.3816701889,
kevin muller__1991-03-15,Kevin Müller,GK,700000.0000000006,642441.6868170773,633301.710525688,31436.10762894994
kevin ndoram__1996-01-22,,,,784951.0729134753,751231.9138152068,85299.86583601
kevin nisbet__1997-03-08,,,,1924438.3541542245,1957093.11390953,139934.93679826072
kevin paredes__2003-05-07,Kevin Paredes,DEF,7249999.999999998,5954741.888293207,5858246.1744079925,447648.40787963563
kevin piscopo__1998-02-06,,,,1316256.195352478,1322781.5179222247,111019.2442004429
kevin prieto__2003-06-27,Kevin Prieto,DEF,800000.0000000005,788158.7661709142,784794.0502095898,34965.40756976928
kevin rodriguez__2000-03-04,Kevin Rodríguez,FWD,1749999.9999999998,2042369.739385555,2063461.3387132864,112548.62305878477
kevin ruegg__1998-08-05,,,,527350.9565380823,509190.6642710577,70284.16322938152
kevin schade__2001-11-27,Kevin Schade,MID,27999999.99999999,28339541.119675625,28040376.092461675,1179712.8347021258
kevin sessa__2000-07-06,,,,1764650.9923715824,1764927.180737747,157876.99893499524
kevin sibille__1998-09-15,,,,322065.0315424647,330431.3224473054,20289.020197765334
kevin stoger__1993-08-27,,,,3290423.421843478,3337324.3089699675,123995.85663661647
kevin theophilecatherine__1989-10-28,,,,505501.7827442889,505501.7827442889,26428.622129830765
kevin trapp__1990-07-08,,,,2875076.437217827,2885997.45506253,85168.97701957138
kevin tshiembe__1997-03-31,,,,846992.6333437309,865003.9910427828,38323.055179660165
kevin van den kerkhof__1996-03-14,,,,1649730.486162075,1649730.486162075,
kevin vogt__1991-09-23,,,,2014513.5699695542,1980107.9944597671,86501.34564075456
kevin volland__1992-07-30,,,,1228586.2429374747,1228278.7161071226,138481.84491594526
kevin yakob__2000-10-10,,,,1531022.8700282266,1531022.8700282266,35594.22859908419
kevin zeroli__2005-01-11,,,,1453384.7499066386,1453384.7499066386,
keyshawn wongasoij__2006-10-01,,,,280382.1309280775,287284.31017093826,19014.06318146406
khaled narey__1994-07-23,,,,2318704.0978605635,2318704.0978605635,603691.0847532431
khalil fayad__2004-06-09,,,,2854484.0580786085,2847330.7980402997,233960.9188540886
khalis merah__2007-02-24,Khalis Merah,MID,4700000.000000004,3574640.777509565,3516770.415415843,149329.66022322216
khayon edwards__2003-09-12,,,,585997.2190894363,585997.2190894363,59183.738115133165
khephren thuram__2001-03-26,,,,34947065.16343674,35395472.90078216,3803549.591990137
khusniddin alikulov__1999-04-04,,,,1348923.498988844,1351546.405720117,28073.612814036816
khvicha kvaratskhelia__2001-02-12,,,,97931844.07883012,100361765.23536578,12644772.72968302
kialonda gaspar__1997-09-27,,,,3416031.624331789,3442083.6464885394,66461.89461648295
kian fitzjim__2003-07-05,,,,4624795.088613704,4624795.088613704,
kieffer moore__1992-08-08,,,,1781298.532793575,1781298.532793575,569124.0423307013
kieran dowell__1997-10-10,,,,1861246.436313985,1861246.436313985,61905.72144654772
kieran ohara__1996-04-22,,,,222815.2031762924,222776.05506823576,11721.646404353207
kieran trippier__1990-09-19,,,,4382382.30820081,4382382.30820081,36121.85206249229
kiernan dewsburyhall__1998-09-06,,,,17562345.182900663,17562345.182900663,
kieron bowie__2002-09-21,,,,1102534.5645146773,1102534.5645146773,
kijana hoever__2002-01-18,,,,5727537.421066229,5879898.819808313,757924.712666462
kilian fischer__2000-10-12,,,,4446254.307702538,4414853.6252658125,495912.1235127592
kilian jakob__1998-01-25,Kilian Jakob,DEF,549999.9999999998,582417.9009444474,586900.8361657243,37198.012854844754
kilian ludewig__2000-03-05,Kilian Ludewig,DEF,462500.00000000006,430651.5012204701,422862.84700036916,14170.357643910842
kiliann sildillia__2002-05-16,,,,3943834.573916677,3910531.5455823783,376497.6464140423
killian phillips__2002-03-30,,,,1111070.0612109303,1079268.9878852246,73433.05601977643
killian sardella__2002-05-02,,,,5084868.952964049,5084868.952964049,206951.32573033642
kingsley coman__1996-06-13,,,,32859158.007472567,32859158.007472567,
kingsley schindler__1993-07-12,,,,1006213.8299952438,900334.6430992206,191293.0203361384
kingstone mutandwa__2003-01-05,,,,1224688.3231276518,1230170.0078953933,81976.06418143622
kion etete__2001-11-28,,,,1009985.7211103132,1024597.2987376808,39162.54568840946
kirian rodriguez__1996-03-05,,,,7622164.211044159,7675348.619750903,424437.84110605763
kiril despodov__1996-11-11,Kiril Despodov,MID,6749999.999999997,7045180.856725931,6925839.532302049,274362.2572676313
kjell peersman__2004-05-21,,,,616864.000432861,618661.9236823487,4429.156794203259
kjell scherpen__2000-01-23,,,,4751311.756580085,4751311.756580085,330432.2545937302
kjell watjen__2006-02-16,,,,2191546.130999863,2191546.130999863,137019.31238192707
kjetil haug__1998-06-12,,,,1461031.1734370242,1527767.0804282161,160306.2404018761
ko itakura__1997-01-27,,,,11450640.080678442,11138125.45455384,596948.4493459456
kobbie mainoo__2005-04-19,,,,26862723.538144328,26612143.284202095,1619431.4147083645
kobe cools__1997-07-25,,,,1278049.1380309858,1275706.112410988,58029.81028264351
kobe corbanie__2005-05-10,,,,1207840.290055263,1207840.290055263,
kodai sano__2003-09-25,,,,13880606.632807417,12415934.62035625,3988531.725350469
koen casteels__1992-06-25,,,,8198455.179754921,8198455.179754921,692084.0601970147
koen kostons__1999-09-18,Koen Kostons,MID,999999.9999999997,1236379.4752539939,1214539.7748508686,66853.59713467062
koen van langendonck__1989-06-09,Koen Van Langendonck,GK,139999.9999999999,144622.0714795025,144677.6284075959,2349.234954875956
koffi kouao__1998-05-20,,,,1987158.5907671007,1987158.5907671007,
kofi balmer__2000-09-19,,,,457184.6464229331,458744.54175152886,11221.050960004977
koji miyoshi__1997-03-26,,,,1093068.1099458686,1093068.1099458686,
kojo peprah oppong__2004-06-04,,,,3117286.0635177684,3266281.1628275523,259411.5640183056
koki ogawa__1997-08-08,,,,1433530.956337025,1433530.956337025,
koki saito__2001-08-10,,,,3347907.262597843,3347907.262597843,557607.8086185076
kolbeinn finnsson__1999-08-25,,,,747093.4790041564,841242.2927661218,248837.45513600076
konan ndri__2000-10-27,,,,1275333.4907833869,1275333.4907833869,
koni de winter__2002-06-12,,,,8713763.462872906,8713763.462872906,537072.8488682939
konrad de la fuente__2001-07-16,,,,1115392.2150685014,1115392.2150685014,
konrad laimer__1997-05-27,Konrad Laimer,DEF,28999999.999999948,29494111.651236042,29770464.00016306,1912703.1911385453
konstantinos chrysopoulos__2003-05-21,,,,940829.8440540748,940829.8440540748,23631.577196607963
konstantinos doumtsios__1997-09-20,,,,401395.8883861485,401395.8883861485,14897.473393840954
konstantinos karetsas__2007-11-19,,,,6346705.281757028,6826446.928397542,1600040.9594339863
konstantinos koulierakis__2003-11-28,,,,11636380.904129073,11566268.92407225,703735.9580132219
konstantinos laifis__1993-05-19,,,,1243559.0844923113,1222448.3488786493,268846.78369970573
konstantinos mavropanos__1997-12-11,,,,9007492.968760885,9092553.173723496,372706.24066339695
konstantinos thymianis__2001-02-28,,,,1439305.3211903176,1439305.3211903176,102070.91903986092
konstantinos tzolakis__2002-11-08,,,,19783056.37894406,19692437.767063797,1955149.9481876493
koray gunter__1994-08-16,,,,1100160.314706145,1109974.5790470457,76123.58824489197
korede osundina__2004-02-13,,,,921040.503619117,921040.503619117,21887.656606142464
korey smith__1991-01-31,,,,296582.7798298956,291829.0998867442,29723.258573231637
kosta barbarouses__1990-02-19,Kosta Barbarouses,MID,512499.9999999997,492939.1571815368,487815.0787662422,30247.886763843322
kosta nedeljkovic__2005-12-16,,,,5452872.014203656,5283488.400559303,447132.0782694946
kostyantyn vivcharenko__2002-06-10,,,,1696728.8068426675,1682380.1528635884,73032.47906928268
kota takai__2004-09-04,,,,5009734.195034115,4963051.822987445,405214.68482326955
kotaro uchino__2004-06-19,,,,576688.5869293662,575235.1655540676,39826.98547796424
krepin diatta__1999-02-25,,,,4494740.946388804,4494740.946388804,
kristers tobers__2000-12-13,,,,1494637.0013268155,1521228.770633505,47265.257712405146
kristian arnstad__2003-09-07,,,,3168831.40654108,3171289.6619547093,12005.698522382561
kristian bilovar__2001-02-05,,,,1495289.0631972617,1495289.0631972617,7946.527368226914
kristian dennis__1990-03-12,,,,185213.23506976082,169936.87100095444,39499.83466223359
kristian hlynsson__2004-01-23,,,,1938914.3809912966,1938914.3809912966,148997.16066453778
kristian pedersen__1994-08-04,Kristian Pedersen,DEF,812499.9999999993,705812.637336439,709566.0637950697,60581.37266259369
kristian thorstvedt__1999-03-13,,,,6951106.391530976,6951106.391530976,
kristijan jakic__1997-05-14,,,,4742485.014710576,4892831.44159057,508678.27285188955
kristijan trapanovski__1999-08-14,,,,557401.0144325856,557401.0144325856,5796.0351144053375
kristjan asllani__2002-03-09,,,,7549846.097278896,7549846.097278896,
kristoffer ajer__1998-04-17,,,,8107717.103516467,8219829.7677674,1191574.5528897513
kristoffer askildsen__2001-01-09,,,,1589635.457967076,1589635.457967076,20905.643734262536
kristoffer klaesson__2000-11-27,,,,835810.9237756267,838764.4765418434,56866.33354944878
kristoffer lund__2002-05-14,,,,3420027.051594401,3420027.051594401,
kristoffer nordfeldt__1989-06-23,,,,249783.23908071805,249783.23908071805,
kristoffer peterson__1994-11-28,Kristoffer Peterson,MID,899999.9999999995,1176073.4192150407,1180483.7221649364,31341.68554391351
krisztian keresztes__2000-01-04,Krisztián Keresztes,DEF,337500.00000000006,290952.71110119595,296034.51598214556,34747.296583418625
krys kouassi__2007-03-08,Krys Kouassi,MID,287499.9999999999,283638.2145264287,282629.40045221103,13487.582819794867
krystian bielik__1998-01-04,,,,2136618.667575949,2081663.8461880751,185241.3030835241
krzysztof koton__2003-05-17,,,,621443.684369494,648853.2888550364,61659.73126946331
krzysztof piatek__1995-07-01,,,,4192954.6790439244,4192954.6790439244,
kwadwo baah__2003-01-27,,,,1701461.0828774378,1655677.3967873384,139509.45739748527
kyan vaesen__2001-04-13,,,,1120842.7123924973,1105749.799876226,79515.18567045858
kye rowles__1998-06-24,,,,1323619.8271706954,1323619.8271706954,
kyle edwards__1998-02-17,,,,456903.17247085454,456903.17247085454,
kyle jameson__1998-09-11,,,,277674.99867229833,277674.99867229833,
kyle john__2001-02-13,,,,507671.76328465325,543454.6191952518,73531.60288167122
kyle knoyle__1996-09-24,Kyle Knoyle,DEF,425000.0000000002,440699.7668008284,450758.85665224184,22492.71867068501
kyle walker__1990-05-28,,,,3776049.958654777,3776049.958654777,125701.37956656168
kyle walkerpeters__1997-04-13,,,,9615291.918151159,9907968.353179399,1254892.6009109793
kylian kaiboue__1998-08-20,,,,1654849.4839566057,1666783.6392440065,108560.71851918775
kylian mbappe__1998-12-20,,,,149036252.0904055,149036252.0904055,8965910.74944155
kyliane dong__2004-09-27,Kyliane Dong,DEF,999999.9999999997,1016185.2974203839,1049027.934266909,109320.5531652047
kyogo furuhashi__1995-01-20,,,,2922396.925231297,2840298.6161838807,283382.20787040825
kyriani sabbe__2005-01-26,,,,5009057.259594129,5009057.259594129,199454.97388383537
ladislav krejci__1999-04-20,,,,20385947.3724756,20385947.3724756,993144.4265453108
lado akhalaia__2002-07-01,Lado Akhalaia,FWD,187500.0,324629.88992168626,335613.9425218607,24299.80472445941
lameck banda__2001-01-29,,,,2223247.9763876675,2223247.9763876675,544742.5235637253
lamine camara__2004-01-01,Lamine Camara,MID,19249999.99999997,22358030.68622481,21589968.98919702,1606647.8021642554
lamine diack__2000-11-15,,,,1135925.2653863442,1112605.2113144947,60098.783212644776
lamine fomba__1998-01-26,,,,1491353.5117804455,1454346.8106324472,89645.70142974184
lamine gueye__1998-03-13,,,,589529.4355735322,599735.3929194423,46565.60145647122
lamine sy__2002-08-10,,,,1662830.8807618353,1662830.8807618353,213486.51739683122
lance duijvestijn__1999-01-15,,,,1298571.345222058,1386416.655847354,190534.13363896284
lapo nava__2004-01-22,,,,372192.02715475863,372192.02715475863,34886.734066094505
largie ramazani__2001-02-27,,,,6781112.545201804,6781112.545201804,
lars dietz__1997-01-07,Lars Dietz,DEF,525000.0000000003,656202.3630055015,666280.9728525319,23248.002172170574
lars kramer__1999-07-11,,,,2156544.341616274,2151185.7069207206,169859.67159264747
lars lokotsch__1996-05-17,Lars Lokotsch,FWD,537500.0000000003,779849.0369494432,763559.5989367538,70485.41680945961
lars olden larsen__1998-09-17,,,,958106.382836729,958106.382836729,79116.54574192378
lars unnerstall__1990-07-20,,,,1461595.453015934,1449013.2358771549,56819.78053638505
lasse berg johnsen__1999-08-18,,,,2300081.7094451184,2300081.7094451184,
lasse gunther__2003-03-21,,,,1458158.9537068468,1457789.7377173372,134340.4492548233
lasse nordas__2002-02-10,Lasse Nordås,FWD,1400000.0000000007,972590.2657311086,975663.7594647076,43268.29624896471
lasse rie__2001-07-27,,,,1131059.052699423,1136898.6101111588,27828.90622011516
lasse wilhelm__2003-03-20,,,,770948.8672847102,771582.7031546101,14837.104120078973
lassina traore__2001-01-12,Lassina Traoré,MID,3449999.999999999,3048032.166759644,3121966.387757387,318766.7153210143
lassine diarra__2002-11-11,,,,781719.5044159681,788813.822920225,49872.03658260891
lassine sinayoko__1999-12-08,,,,6362874.678189932,6354274.038875639,1005030.4724180975
laszlo benes__1997-09-09,László Bénes,MID,2750000.0,2244488.0425947616,2282560.034259556,74187.71966857449
laurent abergel__1993-02-01,,,,5431020.080073186,5337739.031686194,173842.6114021395
laurent lemoine__1998-04-24,,,,1026008.5730449441,992869.1676756646,75131.71483783092
laurin ulrich__2005-01-31,,,,1741050.5651843566,1711087.9680837803,279270.2951274713
laurs skjellerup__2002-08-12,,,,1050406.2404362615,1053722.0470020934,36095.11684866354
lautaro blanco__1999-02-19,Lautaro Blanco,DEF,4250000.000000002,5362166.624209754,5329868.397969324,348700.65835634974
lautaro giannetti__1993-11-13,Lautaro Giannetti,DEF,1699999.9999999988,1558745.51028525,1558745.51028525,69885.10989405049
lautaro martinez__1997-08-22,,,,101606246.80121821,100706141.43264568,8605707.162230829
lautaro valenti__1999-01-14,,,,1448011.1670005277,1437980.592296617,85216.13098850375
lawrence agyekum__2003-11-23,,,,1106230.4525222094,1085689.3533341088,52665.145665325654
lawrence ofori__1998-06-28,,,,2119618.584956982,2104809.048546539,50318.39519697716
lawrence shankland__1995-08-10,,,,4127924.977209255,4127924.977209255,230346.19429970914
lawrence thomas__1992-05-09,,,,555032.6165518209,555032.6165518209,32787.3146600939
lawrence vigouroux__1993-11-19,,,,1560703.78814745,1560703.78814745,
layton stewart__2002-09-03,,,,837677.2534727437,834756.2469919483,17542.21766378243
lazar carevic__1999-03-16,,,,1510564.8734652943,1555682.3218414464,216355.7306757453
lazar jovanovic__2006-11-30,,,,1227981.1227555238,1227981.1227555238,55155.02889245506
lazar rosic__1993-06-29,,,,1009307.5164370099,1002555.278698737,27483.08396122929
lazar samardzic__2002-02-24,,,,12648291.835879477,13200047.834671177,1163345.7282303849
lazaros rota__1997-08-23,Lazaros Rota,DEF,4750000.000000003,5839763.439191029,5839763.439191029,7555.528218644995
leander dendoncker__1995-04-15,Leander Dendoncker,DEF,4750000.000000003,3581713.353354685,3650589.2160524977,187552.23060089344
leandre kuavita__2004-05-31,Léandre Kuavita,MID,1299999.9999999993,922808.9864340011,949463.340965756,96907.18808629089
leandro barreiro__2000-01-03,,,,11494055.037953513,11494055.037953513,
leandro cabrera__1991-06-17,,,,3083196.6671054126,3195803.5452779853,295582.15056603064
leandro chichizola__1990-03-27,,,,406811.2437207316,406811.2437207316,
leandro gonzalez pirez__1992-02-26,,,,1637699.001129131,1637699.001129131,
leandro paredes__1994-06-29,Leandro Paredes,MID,12750000.000000002,14596732.366722304,15191216.209118135,1981145.8145745033
leandro sanca__2000-01-04,,,,750315.063225179,750315.063225179,
leandro trossard__1994-12-04,,,,31427962.136353478,31969920.896446522,1431413.9301443975
leart pacarada__1994-10-08,,,,1949322.5168905589,1939640.8823059867,55934.035658865396
lee nicholls__1992-10-05,,,,397111.21295606135,397111.21295606135,23912.11624059
leeroy owusu__1996-08-13,,,,904218.3531508896,916454.4233461642,80548.68320684772
leif davis__1999-12-31,,,,8726008.858715346,8798760.807734823,233680.4989997619
leighton clarkson__2001-10-19,,,,2369551.5047384934,2359699.710092623,41432.97004005582
lennard hartjes__2003-04-07,Lennard Hartjes,MID,899999.9999999995,908911.9004415227,908911.9004415227,16766.78422717343
lennard maloney__1999-10-08,,,,3773879.400816039,3773879.400816039,
lennart grill__1999-01-25,,,,797588.7641075916,793856.8788150853,13282.798347654541
lennon miller__2006-08-25,,,,4539073.086499719,4539073.086499719,506283.7227349481
lenny pintor__2000-08-05,,,,881203.94039592,881203.94039592,18349.736382938027
lenny vallier__1999-04-24,Lenny Vallier,DEF,899999.9999999995,1040049.2640654115,1027229.1778489139,66221.76556921532
leny yoro__2005-11-13,Leny Yoro,DEF,41749999.99999995,31132758.491481993,30712935.181342993,885395.9907594515
leo castledine__2005-08-20,,,,1873245.0361934004,1873245.0361934004,
leo greiml__2001-07-03,,,,1803032.9361551353,1803032.9361551353,160303.12338523727
leo leroy__2000-02-14,Léo Leroy,MID,1749999.9999999998,2340047.8225969914,2350121.7855879143,34348.871221219866
leo oppermann__2001-08-28,,,,364905.60936905316,364905.60936905316,
leo petrot__1997-04-15,,,,1448684.8475133309,1440208.4003030546,19960.43934117275
leo sauer__2005-12-16,Leo Sauer,MID,6999999.999999995,8862268.180248078,8570655.601020094,1785919.7856763524
leo stigard__1999-11-28,Leo Østigård,DEF,8000000.000000002,8456807.575690635,8384665.3678781,407417.2935576716
leo weinkauf__1996-07-07,,,,531169.647477653,542245.0331523312,23785.2615251229
leon avdullahu__2004-02-23,,,,7581854.932222134,7483742.817318067,615092.9103672038
leon bailey__1997-08-09,Leon Bailey,MID,20249999.999999974,17960682.476036854,17870556.844896737,1036563.0547735699
leon dajaku__2001-04-12,Leon Dajaku,MID,887500.0000000002,692733.9438164618,692733.9438164618,1344.147059325457
leon goretzka__1995-02-06,,,,17103710.50344735,16764325.195884706,1133490.772410776
leon guwara__1996-06-28,,,,386699.9029471267,385609.7745027953,20944.400953657394
leon klanac__2007-03-01,,,,232705.56111696747,228337.41627790677,8638.80768462259
leon klassen__2000-05-29,,,,894724.4104793125,894724.4104793125,34831.525152017006
leon mccann__2000-03-16,,,,258053.31487518983,254376.04854732347,6702.465430168558
leon opitz__2005-04-11,,,,1195230.2358565081,1105669.4877140035,275967.75942346186
leon reichardt__2004-06-28,,,,489143.0554064263,489143.0554064263,32492.71097252201
leonardo balerdi__1999-01-26,Leonardo Balerdi,DEF,24999999.999999963,28071306.07275447,27373177.244090926,1499646.1149131863
leonardo bertone__1994-03-14,,,,1479897.6392608178,1442735.9942095554,76503.67709508058
leonardo candellone__1997-09-15,,,,1174795.5961830555,1176418.4548103097,39645.52780007067
leonardo cerri__2003-03-04,,,,2026940.0802562935,2026940.0802562935,36803.188863097304
leonardo koutris__1995-07-23,,,,1318992.7062988493,1318992.7062988493,
leonardo loria__1999-03-28,Leonardo Loria,GK,412500.00000000006,388925.21088202094,388925.21088202094,23136.155972290628
leonardo mancuso__1992-05-26,,,,1120839.8581887148,1120839.8581887148,17780.158256964507
leonardo marson__1998-01-05,,,,386899.57895670884,382779.77970443264,13775.732209857579
leonardo mendicino__2006-06-25,,,,563822.7318785258,563822.7318785258,42286.621160551185
leonardo pavoletti__1988-11-26,,,,343339.43856911076,343339.43856911076,
leonardo spinazzola__1993-03-25,,,,8838090.074895153,8838090.074895153,
leonel montano__1999-10-02,,,,603557.7709863335,603557.7709863335,
leonidas stergiou__2002-03-03,,,,3528930.79997426,3528930.79997426,
leopold zingerle__1994-04-10,,,,726641.5446482236,708174.802149791,35194.36104447289
lequincio zeefuik__2004-11-26,Lequincio Zeefuik,FWD,1075000.0,948905.0475923478,938986.4217108139,20434.895969898957
leroy sane__1996-01-11,,,,30464889.054842234,30464889.054842234,1747652.9506063845
lesley ugochukwu__2004-03-26,Lesley Ugochukwu,MID,17749999.999999993,15752020.713757165,15792201.905837512,395568.0365444217
levent mercan__2000-12-10,,,,4340450.962825058,4340450.962825058,
levi colwill__2003-02-26,,,,35677048.66105134,35285751.04148432,2003243.5219276121
levi smans__2003-03-25,,,,1742892.0363866268,1742892.0363866268,
lewin blum__2001-07-27,,,,2496918.746158003,2495057.6398974676,55546.46601492043
lewis baker__1995-04-25,Lewis Baker,MID,2000000.0000000016,2053012.0839393744,2053012.0839393744,116849.38176256015
lewis brunt__2000-11-06,,,,1244800.6507610963,1294067.889599837,108800.17139624243
lewis dobbin__2003-01-03,,,,3985477.533290043,3985477.533290043,
lewis dunk__1991-11-21,Lewis Dunk,DEF,4500000.000000002,5108752.4522739975,5065117.804671329,83262.8717999688
lewis ferguson__1999-08-24,,,,18573321.7716782,18573321.7716782,
lewis gibson__2000-07-19,,,,2497941.360330893,2497941.360330893,
lewis holtby__1990-09-18,,,,641932.1408194221,640805.445976861,2085.987688545861
lewis jamieson__2002-04-17,,,,297116.2248096017,286284.4772382811,28792.222897351297
lewis koumas__2005-09-19,,,,3354867.339778889,3354867.339778889,447297.5708574299
lewis mayo__2000-03-19,,,,1055264.624873714,1055264.624873714,
lewis miley__2006-05-01,Lewis Miley,DEF,17999999.999999985,23625501.79131813,23579133.617770124,2359416.0593612758
lewis miller__2000-08-24,Lewis Miller,DEF,1200000.0000000005,1317251.6977749262,1325129.646627802,95045.04547635843
lewis montsma__1998-04-25,,,,555015.4416098009,551164.7021779657,16339.42140804722
lewis morgan__1996-09-30,,,,2887018.4258654104,2882412.787848288,114755.7955621656
lewis neilson__2003-05-15,Lewis Neilson,DEF,825000.0000000006,834447.8660108388,838151.429825378,33969.28579436142
lewis obrien__1998-10-14,,,,2873839.6939912597,2851479.0759517094,95799.15452173252
lewis orford__2006-02-18,,,,625885.6905852162,625885.6905852162,34206.287407003474
lewis richards__2001-10-15,,,,401913.69708384667,401913.69708384667,
lewis warrington__2002-10-10,,,,374152.4115045392,374152.4115045392,183.1502868188568
liam boyce__1991-04-08,Liam Boyce,MID,230000.0000000001,207785.05416356426,203497.41777221885,24126.533310959923
liam cooper__1991-08-30,,,,815013.9862428984,834549.2473167938,52760.23264388493
liam delap__2003-02-08,Liam Delap,FWD,31999999.999999955,31091227.208887868,30899362.741933785,2017634.0195492127
liam donnelly__1996-03-07,,,,448243.4396989431,448243.4396989431,
liam gibbs__2002-12-16,,,,1532065.2764647459,1532065.2764647459,22294.441598291294
liam gordon__1996-01-26,,,,416181.5225246844,395868.59626919543,40388.58501172051
liam henderson__1996-04-25,,,,1359159.21420224,1311735.8641876145,87014.55221332295
liam henderson__1996-08-23,,,,235395.22192148655,237703.5136746629,10354.013209296934
liam kelly__1990-02-10,,,,197966.3456296732,201716.38396300524,12694.884302285815
liam kelly__1995-11-22,Liam Kelly,MID,387499.99999999977,426141.9424176171,426297.62904261827,20773.19440019377
liam kelly__1996-01-23,,,,527201.7712652944,527201.7712652944,
liam lindsay__1995-10-12,,,,1295698.2824972034,1376669.7385886027,143042.31203645846
liam millar__1999-09-27,,,,2377936.873740082,2377936.873740082,
liam morrison__2003-04-07,,,,1353771.0896322646,1353771.0896322646,
liam polworth__1994-10-12,,,,433275.94510068564,440044.7498206298,32120.986288124284
liam scales__1998-08-08,,,,5700410.900004507,5700410.900004507,
liam shaw__2001-03-12,,,,646853.4453811805,641999.1883983911,8435.23547447619
liam shephard__1994-11-22,Liam Shephard,DEF,205000.0,256849.32145564468,254946.8924719193,11878.077910566539
liberato cacace__2000-09-27,Liberato Cacace,DEF,2550000.0,3286496.0167545257,3455396.128720186,598598.0799262058
liel abada__2001-10-03,Liel Abada,MID,5800000.0,4876010.6361249965,4876010.6361249965,30306.468085412514
lilian brassier__1999-11-02,,,,12489481.809456453,12489481.809456453,325613.31393661693
lilian raolisoa__2000-06-16,Lilian Raolisoa,DEF,1949999.999999999,2411264.8119660453,2461651.08289528,166553.84033497656
lindon selahi__1999-02-26,,,,1464904.7819544477,1453286.7224765474,67537.35087992248
lino tempelmann__1999-02-02,,,,1736962.1762470761,1737178.5568086929,63248.514957225256
linus gechter__2004-02-27,,,,1849093.977296567,1849093.977296567,
lion lauberbach__1998-02-15,Lion Lauberbach,FWD,1575000.0000000002,2381442.4225145057,2320057.684300349,117171.22467303117
lionel carole__1991-04-12,,,,413756.2942199642,413756.2942199642,476.37077363208675
lirim qamili__1998-06-04,,,,1369704.7337459046,1369704.7337459046,51439.306459292144
lisandro lopez__1989-09-01,,,,575997.8101523147,575997.8101523147,
lisandro magallan__1993-09-27,,,,1447817.4888305496,1508641.5805651885,170880.8293281412
lisandro martinez__1998-01-18,,,,27492218.628577992,26938298.079059124,1126570.4153164092
lisandru olmeta__2005-07-21,,,,586171.4405722135,577510.684826525,40013.68594651685
lisandru tramoni__2003-04-18,,,,922647.293158588,922647.293158588,47369.01273924165
livano comenencia__2004-02-03,,,,595463.4067974956,636878.3382772118,72177.30372366589
lloyd jones__1995-10-07,,,,1119879.8386279126,1119879.8386279126,47944.538310009426
lloyd kelly__1998-10-06,,,,11007160.418526364,11007160.418526364,112983.9668304941
logi tomasson__2000-09-13,,,,1929922.2694112519,1929922.2694112519,204249.6176208026
lohann doucet__2002-09-14,,,,1705557.8206691397,1705557.8206691397,
loic bade__2000-04-11,,,,19393738.678832505,19602219.846642714,671412.9734798667
loic nego__1991-01-15,,,,782269.8200726953,786944.0821757918,100522.25567237589
loick ayina__2003-04-20,Loick Ayina,DEF,337500.00000000006,415053.0102119325,411684.44831712643,57127.57346615761
lois openda__2000-02-16,Loïs Openda,FWD,41749999.99999995,36335580.00784337,36261474.97751258,2321842.8426743764
lorenco simic__1996-07-15,,,,987922.3180093812,987922.3180093812,59509.83617170858
lorenz assignon__2000-06-22,,,,9014451.2029612,9049209.337226272,368899.6190184685
lorenzo amatucci__2004-02-05,Lorenzo Amatucci,MID,2449999.9999999995,3530719.574077973,3530719.574077973,157500.35602904222
lorenzo andrenacci__1995-01-02,,,,433926.4896676348,426817.8009425509,21463.285228283396
lorenzo bernasconi__2003-11-16,,,,1774866.0637060143,1774866.0637060143,160693.57773799714
lorenzo carissoni__1997-02-07,,,,717743.2881890602,717743.2881890602,
lorenzo colombo__2002-03-08,,,,5902130.984976417,6020119.133223735,393485.815077707
lorenzo crisetig__1993-01-20,,,,1135446.8429856356,1135446.8429856356,154323.8422793081
lorenzo dickmann__1996-09-24,Lorenzo Dickmann,DEF,1200000.0000000005,1310346.6982584053,1274725.9445317923,101197.45763918544
lorenzo ignacchiti__2004-04-25,,,,827869.0268941112,801198.658301001,60261.67147710879
lorenzo lucca__2000-09-10,,,,10269242.871094378,10269242.871094378,
lorenzo melgarejo__1990-08-10,,,,1016624.1271191798,1036106.8140414737,112649.60272197016
lorenzo montipo__1996-02-20,,,,4803269.160235938,4914039.530426664,225842.4322904625
lorenzo moretti__2002-02-26,Lorenzo Moretti,DEF,499999.99999999977,553447.4512646752,535399.0565001478,54637.58093254497
lorenzo palmisani__2004-06-12,,,,818670.1296793841,812404.2246866603,50799.50304644251
lorenzo pellegrini__1996-06-19,Lorenzo Pellegrini,MID,22750000.000000004,21661820.812652685,21661820.812652685,446502.5658694247
lorenzo pirola__2002-02-20,,,,13052774.733507667,13052774.733507667,172272.17900745224
lorenzo scipioni__2004-11-24,,,,1770008.466892788,1770008.466892788,
loris benito__1992-01-07,,,,923936.8420746124,923936.8420746124,55541.851714834585
loris mouyokolo__2001-05-22,,,,1046729.3391312513,1060640.5437846046,24529.823547547006
louie barry__2003-06-21,,,,1913685.8034983792,1881773.0869152797,246439.19669462406
louis appere__1999-03-26,,,,537377.3652879487,529588.2039397045,55090.9114937136
louis bostyn__1993-10-04,,,,292279.2922079616,287039.46733518963,15516.543766082566
louis fortin__2002-01-12,,,,375239.9054473373,384338.06732077675,17857.221494771577
louis leroux__2006-01-23,,,,4659251.398153032,4836206.373851161,595162.0944347734
louis mafouta__1994-07-02,,,,971162.5765680489,973384.7717905177,49601.91308303666
louis moult__1992-05-14,,,,274808.5416587813,265844.1854842883,24861.354403330697
louis mouton__2002-06-03,,,,3208509.907146229,3268405.043563074,174266.68085536736
louis munteanu__2002-06-16,,,,4182134.7762031895,4182134.7762031895,191645.72884692907
louis patris__2001-06-07,Louis Patris,DEF,2199999.9999999995,2466225.520313897,2466225.520313897,86853.40435348074
louis schaub__1994-12-29,,,,950975.9384293112,955147.1088119347,66561.89648047525
louis thompson__1994-12-19,,,,451205.80419828667,451205.80419828667,7014.941842613382
louis verstraete__1999-05-04,,,,1941210.1675140378,1941210.1675140378,13976.12159976175
louka prip__1997-06-29,,,,975530.6301229451,1000284.7253448657,61185.53108506475
loum tchaouna__2003-09-08,,,,5949578.3117011245,5949578.3117011245,1029397.4254809956
lovro golic__2006-03-05,,,,778402.7271624099,778695.6035608839,13582.935695003467
lovro majer__1998-01-17,,,,13209945.41023717,13314310.64582797,728950.9187461088
lovro stubljar__2004-08-09,,,,496351.0505907196,497122.5671160741,16376.60422052415
lovro zvonarek__2005-05-08,,,,1341188.864738168,1341188.864738168,
lubomir satka__1995-12-02,Ľubomír Šatka,DEF,1699999.9999999988,1507284.8472274225,1507284.8472274225,82877.88299539972
luc de fougerolles__2005-10-12,,,,1074034.8881586706,1061426.745205172,75757.8689953943
luc ihorst__2000-03-07,,,,502816.4119228089,511228.6863068717,19129.252252020404
luc marijnissen__2003-01-09,,,,939744.4567281505,939744.4567281505,39167.13186400301
luca bazzoli__2000-11-01,,,,812780.4587734042,812780.4587734042,3282.0711209387705
luca belardinelli__2001-03-14,,,,1080338.3498727705,1071710.615312018,23943.79094624158
luca connell__2001-04-20,,,,1340414.5271209595,1340414.5271209595,
luca dandrea__2004-09-06,,,,1074280.5094986262,1074280.5094986262,
luca itter__1999-01-05,,,,1078226.198438404,1062503.5744743661,87695.8238343292
luca kerber__2002-03-10,,,,2261864.5601422796,2263308.148106665,121883.479690853
luca kilian__1999-09-01,,,,1167149.3196246694,1159261.6639846745,19273.190958560728
luca kjerrumgaard__2003-02-09,,,,1574216.3498333767,1552241.25248174,79986.08989227959
luca koleosho__2004-09-15,,,,6124351.585121897,5987544.893718129,521462.0178157287
luca lezzerini__1995-03-24,,,,777580.250390326,777580.250390326,
luca lipani__2005-05-18,Luca Lipani,MID,3200000.0000000023,2219633.0054546664,2219633.0054546664,568420.1152503345
luca mazzitelli__1995-11-15,,,,2104346.4904243224,2141373.36091395,158920.0954422362
luca moro__2001-01-25,,,,1523015.9878654429,1523015.9878654429,
luca netz__2003-05-15,Luca Netz,DEF,5050000.000000004,5492581.092235171,5492581.092235171,138270.75209306012
luca oyen__2003-03-14,,,,1529169.3417209298,1554675.8677719869,79672.670216595
luca palmiero__1996-05-01,,,,656493.7326683247,656493.7326683247,
luca pellegrini__1999-03-07,Luca Pellegrini,DEF,4000000.0000000005,4688853.5407285495,4592302.259242442,292325.95711707784
luca philipp__2000-11-28,,,,1040240.0805321105,1040240.0805321105,44600.01772062301
luca plogmann__2000-03-10,,,,879236.0728325887,879236.0728325887,16198.356683141295
luca raimund__2005-04-09,Luca Raimund,MID,850000.0000000005,759974.4468924361,748544.9559453487,43687.73475028987
luca ranieri__1999-04-23,Luca Ranieri,DEF,7249999.999999998,8118098.493183098,8090692.021507215,291077.62438477506
luca ravanelli__1997-01-06,,,,1420481.9056571044,1383234.3958876103,90928.02830471199
luca ross__2006-08-11,,,,260600.72842540653,257394.93029472604,14998.03640291683
luca schuler__1999-03-22,,,,1005414.6818317159,1005414.6818317159,
luca valzania__1996-03-05,,,,1059925.6869620963,1059925.6869620963,
luca vignali__1996-01-11,Luca Vignali,DEF,1099999.9999999998,1076258.3253967836,1112499.8554894258,155300.85212558325
luca waldschmidt__1996-05-19,,,,3672139.7320358134,3672139.7320358134,390745.05857651995
luca wollschlager__2003-02-08,Luca Wollschläger,FWD,462500.00000000006,469637.5413329319,471054.793026938,15914.975506434359
luca zanimacchia__1998-07-19,,,,1891902.7616181907,1891902.7616181907,203092.0602442486
luca zidane__1998-05-13,Luca Zidane,GK,1749999.9999999998,1244456.798571166,1244456.798571166,25290.91512247717
lucas alario__1992-10-08,Lucas Alario,FWD,1499999.9999999986,1411183.6375820513,1411183.6375820513,118169.3764268291
lucas beltran__2001-03-29,,,,9049048.54129951,8969419.863299485,757454.8263273183
lucas bergstrom__2002-09-05,,,,1161278.0600603712,1161278.0600603712,82211.94400904412
lucas bergvall__2006-02-02,,,,26157123.39969687,26157123.39969687,
lucas boye__1996-02-28,,,,3865305.657615467,3865305.657615467,101576.13194718926
lucas buades__1997-12-28,,,,857675.1534850306,857675.1534850306,
lucas castro__1989-04-09,Lucas Castro,MID,437499.9999999996,602014.7774196713,607414.5145350094,42081.40558571666
lucas cepeda__2002-10-31,Lucas Cepeda,MID,4349999.999999996,4186279.8295224477,4154115.9898690414,478568.21136146074
lucas chaves__1995-08-09,,,,1598894.9917959082,1590805.7330261292,70435.8271235917
lucas chevalier__2001-11-06,Lucas Chevalier,GK,42000000.00000003,36791868.51789375,37466228.34980295,3081712.99669942
lucas copado__2004-01-10,,,,1207279.0819961396,1236354.9534064222,147608.11004201142
lucas da cunha__2001-06-09,,,,8659684.25479158,8933557.716663344,1089811.870634024
lucas digne__1993-07-20,,,,12279015.370013561,12279015.370013561,322731.0719117832
lucas gournadouath__2003-08-05,Lucas Gourna-Douath,MID,7500000.000000002,2473054.5117023033,2437767.624430348,92236.46859609884
lucas hernandez__1996-02-14,Lucas Hernández,DEF,23249999.999999963,20675852.315708775,19491827.92295161,2877387.2030072976
lucas hey__2003-04-13,,,,3635821.5131247463,3635821.5131247463,102257.22175599908
lucas hgsberg__2006-06-23,,,,4852064.289729505,4852189.009350649,188868.0668131548
lucas lissens__2001-07-25,,,,944079.6581006115,930206.7081892086,33100.31779902948
lucas lund__2000-03-19,,,,929422.8474833763,913299.7292033704,50007.35123097416
lucas martinez quarta__1996-05-10,,,,6716163.842432325,6628854.843656724,308677.8328879068
lucas masoero__1995-02-01,,,,1085775.877673681,1159535.8894180078,164188.89786212624
lucas michal__2005-06-22,,,,1732974.2907609001,1723584.1375928055,115075.45049710745
lucas mincarelli__2004-01-05,Lucas Mincarelli,DEF,2000000.0000000016,2630013.593917216,2630013.593917216,
lucas noubi__2005-01-15,,,,1440383.1445103094,1411942.0145669808,50634.16545019738
lucas perrin__1998-11-19,,,,1790778.3396686604,1790778.3396686604,24942.826531673894
lucas pirard__1995-03-10,Lucas Pirard,GK,462500.00000000006,500536.04020096484,479502.45281961,68164.52748224408
lucas possignolo__1994-05-11,,,,1052942.5061769183,1052942.5061769183,
lucas ribeiro costa__1998-10-09,Lucas Ribeiro Costa,MID,1150000.0000000005,1647038.521061276,1659944.6430967653,24438.8249310339
lucas robertone__1997-03-18,,,,2339845.7048270693,2339845.7048270693,54199.73128740977
lucas stassin__2004-11-29,,,,9786860.166550566,9585302.428978985,487974.01713387785
lucas torreira__1996-02-11,,,,29543288.621388197,29363842.756362427,806052.4468906927
lucas tousart__1997-04-29,,,,3961299.462353078,3985613.513235445,214982.1176869463
lucca brughmans__2008-06-27,,,,620678.7637997871,620678.7637997871,16534.51029672452
luciano valente__2003-10-04,,,,18269871.277175415,18898161.10610039,1263904.8077220146
lucien agoume__2002-02-09,,,,10042758.053345485,10042758.053345485,
luck zogbe__2005-03-24,,,,2000607.911035247,2000607.911035247,
ludovic ajorque__1994-02-25,,,,6654452.854286525,6647636.471365881,747224.6109625964
ludovic blas__1997-12-31,,,,9805488.699559098,9667447.35264621,298745.3214843877
ludovit reis__2000-06-01,Ludovit Reis,MID,4550000.0,2954732.7088257447,2998996.254458851,179476.723451004
ludwig augustinsson__1994-04-21,,,,2733119.5732280477,2868274.6554713114,270094.19104212
ludwig vraa__2005-06-23,,,,610181.6467898225,610181.6467898225,
luigi cherubini__2004-01-15,,,,1706647.233561126,1706647.233561126,45598.73496805766
luis asue__2001-07-09,,,,1618739.3364079602,1618739.3364079602,81059.18655647815
luis binks__2001-09-02,,,,1755636.6058994604,1755636.6058994604,24000.009329411965
luis diaz__1997-01-13,Luis Díaz,MID,74249999.9999999,70347781.22381812,70347781.22381812,8694237.23244762
luis gorlich__2000-04-01,,,,514717.3670105115,514717.3670105115,47684.36726856328
luis hasa__2004-01-06,Luis Hasa,MID,1550000.0000000012,1632211.5571721708,1631221.4103479956,50221.47938773401
luis palma__2000-01-17,,,,3300162.5738973343,3300162.5738973343,
luis suarez__1987-01-24,,,,3585208.563774025,3585208.563774025,125758.57930385455
luis vazquez__2001-04-24,,,,2486876.853085188,2486876.853085188,
luka gagnidze__2003-02-28,,,,691858.889976603,691858.889976603,36888.70824735615
luka gugeshashvili__1999-04-29,,,,985224.7438436773,966644.4725231674,44094.34014929474
luka ilic__1999-07-02,,,,1782548.4442836016,1791649.6624763196,58299.54481340563
luka ivanusec__1998-11-26,,,,2463143.3479128843,2400981.8287567105,109311.9844933635
luka jovic__1997-12-23,,,,11560607.786472298,11892741.48203281,1624944.3928580561
luka kulenovic__1999-09-29,,,,1672061.484579727,1586665.8169834733,180662.83661207222
luka lochoshvili__1998-05-29,,,,1378551.6577358954,1378551.6577358954,
luka modric__1985-09-09,,,,12106307.9556273,12106307.9556273,2493902.1817924185
luka sucic__2002-09-08,,,,7918505.101262059,8000928.662025891,1647039.5225487575
luka tunjic__2005-11-19,,,,908341.3173316545,932872.6497910018,75932.24955289913
luka zahovic__1995-11-15,Luka Zahović,MID,1099999.9999999998,1086320.2071130418,1076910.6461260363,35344.69127327827
lukas boeder__1997-04-18,,,,786925.7441443914,813764.3507568052,50796.49803078328
lukas daschner__1998-10-01,,,,2243525.4239414106,2243525.4239414106,
lukas engel__1998-12-14,,,,1658391.0587036717,1794670.070873043,406328.46568693465
lukas frode__1995-01-23,,,,503311.06057290576,494404.3541528092,15784.353481867374
lukas gortler__1994-06-15,,,,1725441.2718472104,1708931.5910241082,263136.47717798635
lukas hinterseer__1991-03-28,,,,296482.5674674899,298395.6665683422,19104.44379245555
lukas hornicek__2002-07-13,,,,4768843.777804957,4768843.777804957,
lukas hradecky__1989-11-24,,,,3795679.915044987,3541955.2158007575,697374.6194455072
lukas jager__1994-02-12,,,,385464.46854118543,385464.46854118543,7534.544725759744
lukas jensen__1999-03-18,,,,1071970.6853721924,1071970.6853721924,
lukas klostermann__1996-06-03,,,,10182749.95994317,10177569.598385388,423704.450311619
lukas lerager__1993-07-12,,,,1460784.939551069,1383366.3565954124,195845.71786237686
lukas muhl__1997-01-27,,,,516779.879676198,516779.879676198,
lukas nmecha__1998-12-14,,,,10978848.717246413,11054882.570437511,695115.5319639477
lukas podolski__1985-06-04,,,,356557.51946690213,328302.84137291776,80108.61949435582
lukas spendlhofer__1993-06-02,,,,479283.86630148615,479283.86630148615,
lukas ullrich__2004-03-16,,,,5749819.376034331,5743654.9458226785,185130.06185675113
lukas watkowiak__1996-03-06,,,,232159.36008224063,234684.63256554355,5023.371779156581
lukas willen__2003-04-25,,,,767444.5537640344,765185.353518749,11738.934179649794
lukas zima__1994-01-09,,,,619410.961474555,606393.908013216,51882.80837598761
luke berry__1992-07-12,,,,592763.882434218,562806.9017497571,52210.20529450136
luke bolton__1999-10-07,,,,396955.13228590455,408116.57396932,78663.42953422794
luke brattan__1990-03-08,Luke Brattan,MID,437499.9999999996,386487.9114337702,385163.4479234767,27591.17053025255
luke garbutt__1993-05-21,Luke Garbutt,DEF,299999.99999999977,381361.5965336276,381361.5965336276,123.8018828117052
luke harris__2005-03-04,,,,1931456.447561084,1931456.447561084,
luke le roux__2000-03-10,,,,1128957.657026484,1128957.657026484,
luke mccowan__1997-12-09,,,,3254498.257778301,3244096.511405921,144747.22340309573
luke mcgee__1995-09-02,,,,152859.7298645181,152859.7298645181,3568.546496483053
luke mcnally__1999-09-20,,,,3104528.297977865,3104528.297977865,64842.118188073066
luke onien__1994-11-21,Luke O'Nien,DEF,1600000.0000000012,2304271.726833949,2346739.1098342133,182076.6344139367
luke plange__2002-11-04,,,,760589.5930265321,760589.5930265321,112470.51995281635
luke shaw__1995-07-12,,,,12470719.492581207,12470719.492581207,796926.3858289159
luke southwood__1997-12-06,,,,481365.3744978989,483381.7575765459,52729.7626381808
luke thomas__2001-06-10,,,,2160782.979578731,2160782.979578731,31377.73916763909
lundrim hetemi__2000-02-18,,,,474254.7502382794,473379.97622991365,27009.845395074757
lutsharel geertruida__2000-07-18,,,,20352920.799050167,21057799.123387225,2088168.4300940477
luuk brouwers__1998-05-03,,,,1217284.4585825605,1214147.4904032047,34100.98692848796
luuk de jong__1990-08-27,,,,3651362.6778546255,3651362.6778546255,
luuk koopmans__1993-11-18,,,,320529.7793770428,320529.7793770428,352.6178018434045
lyall cameron__2002-10-10,Lyall Cameron,MID,2100000.000000001,1938780.6161354384,1958564.4968360579,149246.4841917222
lyes houri__1996-01-19,,,,1046864.8343767221,1047281.1488515481,30804.801543034413
lyle foster__2000-09-03,,,,4895390.005969851,4895390.005969851,
lynden gooch__1995-12-24,Lynden Gooch,DEF,1050000.0000000007,780262.4330479932,780262.4330479932,144308.30015758186
lyndon dykes__1995-10-07,,,,1592916.1524333407,1587533.2324873079,44011.38719788555
lynnt audoor__2003-10-13,,,,1937830.3025312175,1935025.96851027,257777.72665359138
maarten paes__1998-05-14,,,,1797763.9824495867,1797763.9824495867,202821.67770888304
maarten vandevoordt__2002-02-26,,,,12844747.22972601,12844747.22972601,1518244.258014466
maas willemsen__2003-04-29,,,,1000280.1126847011,1000234.5838868206,39233.775331046134
macaulay tait__2005-08-27,,,,433724.2858595832,433724.2858595832,5054.886742090243
mads agger__1999-12-21,,,,670302.9211719555,670302.9211719555,67339.4444961053
mads emil madsen__1998-01-14,,,,2199119.736663438,2199119.736663438,
mads enggard__2004-01-20,,,,1078023.3750732224,1078023.3750732224,
mads frkjr__1999-07-29,,,,2757568.017399208,2839971.3327928837,222594.61004141596
mads hansen__2002-07-28,,,,1941232.5415945256,1941232.5415945256,
mads hermansen__2000-07-11,,,,8077297.35796964,8077297.35796964,35479.01716184957
mads kikkenborg__1999-10-07,Mads Kikkenborg,GK,850000.0000000005,690812.1335983323,687183.8555351966,14146.645247287755
mads larsen__2001-09-20,,,,1281884.7076541702,1276694.225997936,65962.2282076108
mads pedersen__1996-09-01,,,,2162699.084610465,2097887.750334575,156184.72591137732
mads roerslev__1999-06-24,,,,5400437.542672449,5473400.248895355,316363.5861773201
mads sndergaard__2002-12-26,Mads Søndergaard,MID,1400000.0000000007,1270232.464513354,1270232.464513354,5357.614074574179
mady camara__1997-02-28,,,,3994888.223265495,3937537.6608329094,189115.31085430586
maghnes akliouche__2002-02-25,,,,35946250.46518513,35946250.46518513,
magnus christensen__1997-08-20,,,,367965.3573094702,367965.3573094702,
magnus jensen__1996-10-27,,,,894066.6554291241,856537.3792870702,58168.17100744946
magnus knudsen__2001-06-15,,,,2678324.3350431407,2779180.4410942327,181621.26626637482
magnus kofod andersen__1999-05-10,,,,2056675.7384580604,2134062.3439535997,140433.36861738312
magnus mattsson__1999-02-25,Magnus Mattsson,MID,2849999.999999999,2188180.8732563453,2203071.59808853,127073.48156209743
magnus westergaard__1998-05-27,,,,743720.5122637172,741295.7790941074,40317.484906437356
magomed ozdoev__1992-11-05,,,,2553474.254651803,2558475.2133707856,92716.54171058099
mahamadou diawara__2005-02-17,Mahamadou Diawara,MID,2499999.9999999995,2144371.8042049664,2128295.0157699026,56361.27254340368
mahamadou doumbia__2004-05-15,,,,2530530.6422216757,2465821.5774046946,160973.14000909397
mahamadou nagida__2005-06-28,Mahamadou Nagida,DEF,1400000.0000000007,1996651.9351714677,1930760.689968964,151221.24710735717
mahdi camara__1998-06-30,,,,15117703.686159292,15117703.686159292,
maher carrizo__2006-02-19,,,,9968837.472992266,10147287.711187182,613190.0896484395
mahir emreli__1997-07-01,,,,1680054.3722185707,1601796.6027291582,209794.62469751664
mahmoud dahoud__1996-01-01,Mahmoud Dahoud,MID,3249999.9999999986,2845905.480649282,2847761.1446269955,113611.09416982521
mahmut kucuksahin__2004-04-07,Mahmut Kücüksahin,MID,337500.00000000006,403913.24888572143,395794.84875900566,18813.854465299893
mai traore__1999-11-24,Maï Traoré,FWD,362499.9999999997,283169.9282300505,281457.5099197759,20272.735577810086
maidine douane__2002-08-23,,,,1338275.2741203615,1351565.4629501782,23706.523939206618
maik nawrocki__2001-02-07,,,,2166568.227677842,2200230.985941382,112142.4498760346
majeed ashimeru__1997-10-10,,,,1281244.462473049,1313409.5361191158,67031.44417155815
majid hosseini__1996-06-20,,,,1426119.9064136161,1426119.9064136161,363260.09151595883
makan aiko__2001-01-07,,,,846768.2023645431,846768.2023645431,
maksim paskotsi__2003-01-19,Maksim Paskotši,DEF,2349999.999999999,1393920.6347288338,1456640.6274903493,271155.94787722436
maksym dyachuk__2003-07-21,,,,1119202.1340929333,1121730.663064461,13651.486816256316
maksymilian stryjek__1996-07-18,,,,609255.8746327519,609255.8746327519,1394.1798371853713
malachi boateng__2002-07-05,Malachi Boateng,MID,974999.9999999999,1156152.370641388,1138685.6860058913,78414.81547897613
malamine efekele__2004-07-19,,,,868492.1296810362,867037.1004052965,11788.111953566522
malang sarr__1999-01-23,Malang Sarr,DEF,7750000.000000002,10281124.3488223,10462559.881045152,678615.9210920226
malcolm jeng__2005-03-09,,,,1159674.133532731,1159674.133532731,
malcolm viltard__2002-10-24,Malcolm Viltard,DEF,875000.0,956310.7981581109,973542.9963239564,46858.83555473126
malcom bokele__2000-02-12,Malcom Bokele,DEF,3200000.0000000023,2165229.655796971,2180780.750962003,87000.52672424926
malek el mala__2005-04-02,,,,472747.63355785114,457333.44718315935,57499.08972433986
malick fofana__2005-03-31,,,,22917098.535275858,22441719.10639816,1355427.7194623991
malick mbaye__2004-04-06,,,,1457020.7193046715,1401252.5987102077,145113.5133416241
malik dijksteel__2001-07-08,,,,241889.22174820057,241889.22174820057,21041.690879983253
malik sellouki__2000-03-21,Malik Sellouki,MID,825000.0000000006,1172728.1122401224,1165575.7243743532,21529.23400790448
malik tchokounte__1988-09-11,,,,326282.34468293627,328552.10656099475,22864.155645322768
malik tillman__2002-05-28,,,,38826131.48936746,38717253.0145326,1265952.5942756417
malo gusto__2003-05-19,Malo Gusto,DEF,30000000.00000005,28721466.91111133,27613071.67679081,2594965.3557727593
malte amundsen__1998-02-11,,,,1005284.3472589036,1005284.3472589036,13234.408001601652
malthe hjholt__2001-04-16,,,,1088635.566758675,1088635.566758675,35341.33371800727
mamadou camara__2001-02-07,,,,1073246.9280780908,1038279.9513357662,64516.733966794105
mamadou coulibaly__1999-02-03,,,,1025514.2302538744,1036020.5313609932,77947.17563563836
mamadou coulibaly__2004-04-21,,,,1589869.8158063788,1589869.8158063788,
mamadou diakhon__2005-09-22,,,,2475035.9804685107,2474717.7566166236,196554.90498647187
mamadou fall__1991-12-31,Mamadou Fall,MID,1200000.0000000005,1206587.7617597748,1227749.0437418208,62233.11681813301
mamadou fofana__1998-01-21,,,,1571207.5280969718,1563817.8022535222,87849.87653646988
mamadou loum__1996-12-30,,,,851464.331620605,851464.331620605,182300.0211059201
mamadou sangare__2002-06-26,Mamadou Sangaré,MID,12050000.00000001,18075238.590248454,18075238.590248454,4299348.340896576
mamadou sarr__2005-08-29,,,,17758197.016672973,17758197.016672973,2326732.7080025696
mamadou thierno barry__2005-03-20,,,,555320.9501070246,555320.9501070246,54881.98913108125
mamadou traore__1994-10-03,Mamadou Traore,DEF,812499.9999999993,683671.9036013354,674203.1527396657,49195.093815653025
mandela keita__2002-05-10,Mandela Keita,DEF,9249999.999999987,5561602.448546697,5617608.049675006,203698.9858261147
mannou berger__2004-10-15,,,,297244.3846235025,293995.52955989906,13745.301759053971
manolis siopis__1994-05-14,,,,2207712.8961448683,2207712.8961448683,84636.30770160923
manolo portanova__2000-06-02,,,,1540892.163005878,1540892.163005878,127263.73963256674
manor solomon__1999-07-24,Manor Solomon,MID,10250000.000000004,9270063.048691288,9501324.614539994,1105222.090538191
manuel akanji__1995-07-19,Manuel Akanji,DEF,23750000.000000026,24475872.876190893,23787172.946512703,2447626.7718340787
manuel de luca__1998-07-17,,,,1785147.3753719337,1752855.5989832766,90661.50402664822
manuel gasparini__2002-05-19,,,,307098.18316746556,307098.18316746556,
manuel lazzari__1993-11-29,Manuel Lazzari,DEF,7500000.000000002,8217331.756707356,8274051.565644434,350517.54027205537
manuel locatelli__1998-01-08,,,,37986044.61860217,37986044.61860217,777323.064268522
manuel neuer__1986-03-27,,,,3567881.2857713583,3587432.656223867,75881.67581283885
manuel ugarte__2001-04-11,,,,24733575.563629642,24361827.83879144,996493.1308754459
manuel wintzheimer__1999-01-10,Manuel Wintzheimer,MID,537500.0000000003,444840.7859547991,451118.7373465237,19566.763382642544
marash kumbulla__2000-02-08,,,,12092942.636519816,12092942.636519816,669516.8590086473
marc bola__1997-12-09,Marc Bola,DEF,1650000.0000000007,2648471.188411542,2553497.4269800535,198586.8926701398
marc guehi__2000-07-13,Marc Guéhi,DEF,48499999.99999994,40437728.90666337,40483803.58860175,1047588.4511907122
marc leonard__2001-12-19,,,,1956632.103045159,1928302.3288418467,53575.17647236134
marcandre ter stegen__1992-04-30,,,,14208303.007198058,15183079.362975791,2515630.9986627535
marcaurele caillard__1994-05-12,,,,479075.05077680823,472394.5948467196,33307.03616635722
marcel benger__1998-07-02,,,,937463.0994337542,902485.6605791472,73696.63008665634
marcel hartel__1996-01-19,,,,4466894.064457298,4588761.013986987,287610.4209208394
marcel lotka__2001-05-25,,,,1072454.7406653361,1073931.2380419588,37162.66245987316
marcel sabitzer__1994-03-17,Marcel Sabitzer,MID,13000000.000000013,17075170.257181123,16999107.02068839,151407.858889217
marcel schuhen__1993-01-13,,,,841061.8104914476,844179.140828371,26008.75809649461
marcel sobottka__1994-04-25,,,,1205693.7046188042,1205693.7046188042,
marcel wenig__2004-05-04,Marcel Wenig,MID,700000.0000000006,511443.3160015652,529800.2714948062,35809.21881264123
marcelo diaz__1986-12-30,,,,357238.5670213129,357238.5670213129,21860.462318738075
marcelo saracchi__1998-04-23,Marcelo Saracchi,DEF,2000000.0000000016,2155257.738967998,2184145.191558186,62749.261816858656
marco bizot__1991-03-10,,,,1837346.53574042,1837346.53574042,478309.2849413586
marco bleve__1995-10-18,,,,608558.391532422,606194.4417167419,4273.813528712007
marco brescianini__2000-01-20,,,,3195690.6960488968,3195690.6960488968,183458.53759336518
marco burki__1993-07-10,,,,512471.46346464136,525955.9412898732,30219.94305506589
marco carnesecchi__2000-07-01,,,,26355833.140276026,26355833.140276026,
marco curto__1999-01-05,Marco Curto,DEF,1499999.9999999986,1141959.659609729,1094948.9500203622,100797.14922643152
marco dalessandro__1991-02-17,,,,604583.4555473072,608006.0011851826,27129.894230131635
marco festa__1992-06-06,,,,451113.90101217263,451113.90101217263,
marco friedl__1998-03-16,,,,11383120.479348967,11332448.264401505,224972.53375251242
marco frigerio__2001-07-16,,,,876404.6118739425,864541.5335294295,32835.698122057736
marco ilaimaharitra__1995-07-26,,,,1826612.4482431374,1807617.0325457118,141962.39269085243
marco imperiale__1999-05-01,Marco Imperiale,DEF,725000.0000000006,915850.5380667739,918061.7381783574,45852.78047273177
marco john__2002-04-02,Marco John,DEF,1650000.0000000007,1319646.930875897,1345643.784794383,157930.25138953785
marco kana__2002-08-08,,,,2227897.198077581,2227897.198077581,48814.48108912993
marco olivieri__1999-06-30,,,,675421.321508415,685311.9526759533,76597.71457869987
marco palestra__2005-03-03,Marco Palestra,DEF,5900000.000000006,3919294.6162109096,3883496.350126327,430858.37457745266
marco pasalic__2000-09-14,,,,2814553.196938822,2814553.196938822,428633.43995380605
marco pellegrino__2002-07-18,,,,2287621.4039452975,2287621.4039452975,
marco perrotta__1994-02-14,,,,685126.4612080439,685126.4612080439,4329.746103367599
marco pissardo__1998-01-08,,,,196350.1010052552,194006.7842955586,12536.220917538156
marco pompetti__2000-05-22,,,,1337298.7344936873,1352671.7248950265,39097.1158923167
marco rente__1997-02-25,Marco Rente,DEF,1150000.0000000005,1098849.1321595716,1128100.1791066302,51101.900586434975
marco reus__1989-05-31,Marco Reus,MID,4799999.999999999,4309686.827054958,4444113.386496373,300731.2517965722
marco richter__1997-11-24,,,,1783719.6800301224,1783719.6800301224,167305.3284447072
marco sala__1999-06-04,,,,1575863.0225596107,1575863.0225596107,140820.76939891637
marco schuster__1995-10-10,,,,598126.7115490495,598126.7115490495,9591.76486185497
marco silvestri__1991-03-02,,,,531933.3198924526,531933.3198924526,48994.31690034009
marco sportiello__1992-05-10,,,,3177851.162947357,3148190.646396786,191477.39573906097
marco tilio__2001-08-23,,,,1235113.4994061154,1235113.4994061154,
marco varnier__1998-06-08,,,,1312779.2679144857,1309672.6009275848,34108.01662587741
marcos acuna__1991-10-28,,,,4319336.574810097,4203195.323952422,221408.14081062734
marcos lopez__1999-11-20,,,,2229849.4670229903,2272099.9981819135,76473.02925320546
marcos peano__1998-10-15,,,,1114596.5839870141,1091104.6684467923,55205.76984033475
marcos rojo__1990-03-20,,,,1490937.702212079,1490937.702212079,
marcos senesi__1997-05-10,Marcos Senesi,DEF,18500000.000000034,15847570.807758944,15911421.68510589,567203.8807676411
marcus bettinelli__1992-05-24,,,,622511.3641246986,624577.2867477289,25704.26594934717
marcus bundgaard__2001-08-05,,,,872359.4775258952,884338.6972663717,29028.84845479712
marcus dackers__2003-01-09,,,,374893.937318278,380650.4936783875,19785.81717259696
marcus edwards__1998-12-03,,,,7347937.964756224,6973593.188134737,902129.6682703666
marcus forss__1999-06-18,,,,1976540.4305508456,1986882.786179345,378579.2155261225
marcus fraser__1994-06-23,Marcus Fraser,DEF,425000.0000000002,445841.93212099024,445841.93212099024,12618.543679574952
marcus ingvartsen__1996-01-04,Marcus Ingvartsen,FWD,5349999.999999998,4063426.692591247,4094853.2236686954,78439.4688042009
marcus linday__2003-06-02,,,,2109708.9201539275,2113693.1358167236,78168.654973256
marcus lindberg__2000-06-27,,,,1159972.3088297409,1162316.7294045277,22889.174457450044
marcus mathisen__1996-02-27,Marcus Mathisen,DEF,1450000.0000000002,1507680.4437199158,1500777.6506180062,37432.35081068399
marcus mccoy__2005-08-24,,,,396361.607932121,396361.607932121,22766.07741137057
marcus mcguane__1999-02-02,,,,922198.5725553645,905555.5182214961,50355.33876139217
marcus muller__2002-08-20,,,,784331.7884811233,773271.7143102195,25162.116540077517
marcus pedersen__2000-07-16,,,,3216382.9796756674,3216382.9796756674,119072.14361746362
marcus rashford__1997-10-31,,,,28135266.09218212,28557503.545185342,829320.9783095891
marcus tavernier__1999-03-22,,,,16356625.53535789,16356625.53535789,2453397.631548723
marcus thuram__1997-08-06,,,,46344674.41932941,47328200.605967484,2461628.0555520644
mardochee nzita__2000-02-24,,,,976999.7748330364,980047.89806551,74310.61126966987
marek rodak__1996-12-13,,,,3062456.1694692965,3072585.9851998882,69248.72334804051
marin pongracic__1997-09-11,,,,4510361.223278279,4504555.333375899,300423.491410274
marin sverko__1998-02-04,,,,892533.1116549142,892533.1116549142,
mario dorgeles__2004-08-07,,,,2653465.9824298313,2642202.235525356,82723.9849863169
mario engels__1993-10-22,,,,644866.9545832459,641940.9745585269,7714.942578390093
mario gotze__1992-06-03,,,,11919280.959648252,12280806.893703692,894211.4849760378
mario lemina__1993-09-01,Mario Lemina,DEF,9750000.000000004,8511688.212038465,8674971.504031105,1396139.8279801803
mario mitaj__2003-08-06,Mario Mitaj,DEF,3049999.999999998,1825170.6416285855,1841603.1708119684,165685.5843579061
mario pasalic__1995-02-09,,,,12562690.155896932,12389322.642478798,1228023.871820459
mario sampirisi__1992-10-31,,,,858838.8000851596,855410.1887678015,32967.13437533269
mario stroeykens__2004-09-29,,,,7678042.222901745,7589753.060951564,834393.9315349455
marios vrousai__1998-07-02,,,,1839455.2991433514,1832858.7015364112,112241.85654537303
marius adamonis__1997-05-13,,,,760037.2682408956,760037.2682408956,57828.95537995887
marius broholm__2004-12-26,,,,2693331.549986379,2693331.549986379,87570.3524866138
marius bulter__1993-03-29,,,,5175667.699330541,5175667.699330541,
marius funk__1996-01-01,Marius Funk,GK,449999.99999999994,463573.62795306335,463939.87849147664,28050.08049173268
marius gersbeck__1995-06-20,,,,574553.8136851266,574553.8136851266,8338.19251883872
marius louer__2007-03-11,,,,287304.4896152084,287304.4896152084,
marius marin__1998-08-30,,,,1344198.009130301,1344198.009130301,90472.70321623403
marius mouandilmadji__1998-01-22,,,,3444645.3581462554,3604355.2029186077,330235.9513917986
marius muller__1993-07-12,,,,2413026.3450836088,2347623.404951776,212176.07463682888
marius stefanescu__1998-08-14,Marius Ștefănescu,MID,1150000.0000000005,1045618.8125601364,1050199.1951468342,40878.62166519838
marius wolf__1995-05-27,Marius Wolf,DEF,3299999.9999999986,4166574.3412647424,3987479.427018817,325206.6998817791
mariusz stepinski__1995-05-12,,,,676811.8819628072,676811.8819628072,11773.449885998776
mark brink__1998-03-15,Mark Brink,MID,1299999.9999999993,1504549.7842518373,1483980.362344162,155616.9620411079
mark flekken__1993-06-13,,,,6068015.441684799,6068015.441684799,
mark gillespie__1992-03-27,Mark Gillespie,GK,139999.9999999999,188104.50958183684,184402.85639521002,21043.63902988955
mark helm__2001-10-21,,,,570724.11236074,561965.0733532119,25669.846297982232
mark hoekstra__2006-02-10,,,,231095.17760647673,231095.17760647673,
mark kosznovszky__2002-04-17,,,,826808.3333455992,826808.3333455992,8127.461186941821
mark mckenzie__1999-02-25,,,,5516384.0707695065,5530939.204465222,96470.1653650681
mark ohara__1995-12-12,,,,778575.5164263847,784967.8543395295,42594.73170742055
mark omahony__2005-01-14,,,,784895.8780033266,773276.894973034,29369.039243624688
mark oxley__1990-09-28,,,,122695.1834891557,124976.89478943605,8833.374830963961
mark travers__1999-05-18,,,,3243996.003444375,3243996.003444375,
marko divkovic__1999-06-11,,,,727573.3360701094,727573.3360701094,
marko dmitrovic__1992-01-24,Marko Dmitrović,GK,3950000.0000000005,5959281.313412493,6051096.385517493,473184.1558799151
marko grujic__1996-04-13,,,,2236468.914188877,2239042.878787458,101031.30405553321
marko jankovic__1995-07-09,,,,1222715.3363351496,1222715.3363351496,5269.519037026074
marko jevtovic__1993-07-24,,,,1170312.920312747,1170312.920312747,49446.012500101744
marko livaja__1993-08-26,,,,7831761.83007149,7831761.83007149,507352.5323329131
marko milovanovic__2003-08-04,,,,1599620.738281423,1582033.700394398,66839.84746322571
marko pjaca__1995-05-06,,,,1466990.7460333314,1477012.009867074,50668.27041278985
marko rog__1995-07-19,,,,1523024.8001729555,1523024.8001729555,
markus jensen__2005-07-15,,,,636024.8575970969,636024.8575970969,
markus kolke__1990-08-18,,,,183532.9631491014,181187.03927377774,13150.004727365413
markus solbakken__2000-07-25,,,,1374694.013189774,1374694.013189774,
markus walker__2006-11-23,,,,385235.9368822058,388436.9337566312,14553.196748235672
marley ake__2001-01-05,,,,1875873.9809062432,1874634.949786543,18098.38703429934
marley watkins__1990-10-17,,,,299829.1784407427,298386.97403896245,11051.719832947269
marlon fossey__1998-09-09,,,,2213611.4048223067,2176300.675728253,81300.01911599256
marnon busch__1994-12-08,,,,2078311.287675258,2073819.4001602049,64128.104905568354
marshall munetsi__1996-06-22,,,,4332796.148421434,4332796.148421434,237681.81492508695
marten de roon__1991-03-29,,,,9077426.637735382,9077426.637735382,
marten winkler__2002-10-31,,,,1826824.617623494,1826824.617623494,40826.34136927498
martial godo__2003-03-14,,,,3410095.6583672855,3550859.4517175257,354399.5358661755
martin adeline__2003-12-02,,,,1882648.299971532,1849583.706363162,96501.18223158144
martin aguirregabiria__1996-05-10,,,,986931.6686425863,986931.6686425863,
martin baturina__2003-02-16,,,,22704773.8780375,22580817.875502836,1284760.3946634545
martin boyle__1993-04-25,,,,1373639.7276546692,1373639.7276546692,16159.659306677437
martin degaard__1998-12-17,Martin Ødegaard,MID,77250000.00000004,85846321.17730917,81840184.21395771,10435824.29941241
martin delavallee__2004-03-18,,,,2714101.092347228,2714101.092347228,230897.94962030763
martin dubravka__1989-01-15,,,,1637731.7037163626,1686268.6545058587,89239.4785382755
martin erlic__1998-01-24,,,,3149882.6062350506,3085717.4389449293,434753.010261768
martin frese__1998-01-04,Martin Frese,DEF,1749999.9999999998,1577376.5725219785,1593882.5768783086,35377.80196939792
martin georgiev__2005-09-24,,,,2465541.7891426664,2465541.7891426664,
martin hansen__1990-06-15,Martin Hansen,GK,100000.00000000004,147174.22382189013,147174.22382189013,7788.337461760965
martin linnes__1991-09-20,,,,908293.4400615245,900121.6803064317,21739.298352664315
martin minchev__2001-04-22,,,,1204819.623711298,1204819.623711298,
martin olsson__1988-05-17,,,,202147.22205157406,192825.9704442236,30982.471774123027
martin palumbo__2002-03-05,,,,610954.7051119782,610954.7051119782,
martin payero__1998-09-11,,,,3623263.4560942603,3623263.4560942603,203843.9422613362
martin remacle__1997-05-16,,,,859519.4179450489,867186.5904519998,27782.528204322083
martin satriano__2001-02-20,,,,6982428.9801642625,6982428.9801642625,538018.8382845356
martin sourzac__1992-03-25,,,,236980.51792961085,236650.0954748692,9308.51413759425
martin terrier__1997-03-04,,,,16577286.519769698,16653036.83163861,272572.16707440047
martin turk__2003-08-21,Martin Turk,GK,749999.9999999998,781568.0693184315,802179.3271723082,57637.669248514954
martin valjent__1995-12-11,,,,6396431.061886651,6339032.7203384545,258204.8528512566
martin vitik__2003-01-21,,,,6737629.390093225,6925923.661405502,1083345.386306702
marton dardai__2002-02-12,,,,1810091.8846686694,1916093.403181687,413201.01190307655
marvelous nakamba__1994-01-19,,,,1481541.7393894426,1481541.7393894426,6156.171351261694
marvin cuni__2001-07-10,Marvin Çuni,FWD,1249999.999999999,1271602.6902629193,1296289.9936769935,48576.7782079892
marvin ducksch__1994-03-07,,,,4494779.514677366,4269671.925956616,445039.82118932356
marvin elimbi__2003-02-20,Marvin Elimbi,DEF,1124999.9999999995,1310520.145658009,1309740.330669247,25116.58508618442
marvin friedrich__1995-12-13,,,,2552524.9322481346,2542584.082286742,201784.52416124413
marvin mehlem__1997-09-11,Marvin Mehlem,MID,2250000.000000001,2028053.4468764777,2036402.7842733776,60920.968989112516
marvin obuz__2002-01-25,Marvin Obuz,MID,950000.0000000008,1068577.8279633827,1100084.6950322366,101475.90628364407
marvin peersman__1991-02-10,Marvin Peersman,DEF,375000.00000000006,408650.88328278123,411917.30492082075,24280.64302506566
marvin pieringer__1999-10-04,,,,6022696.032589124,6022696.032589124,
marvin schulz__1995-01-15,,,,818126.6719485741,796499.2335713751,48359.23131820187
marvin schwabe__1995-04-25,Marvin Schwäbe,GK,7750000.000000002,6824095.149893043,6861771.022641324,244952.50308445247
marvin senaya__2001-01-28,,,,2647558.0254106084,2764627.021119177,377888.63318489917
marvin stefaniak__1995-02-03,,,,882224.8592106065,870937.3337489187,40738.09518539303
marvin wanitzek__1993-05-07,,,,3435045.682725491,3435045.682725491,283056.4854887361
marvin young__2005-10-02,,,,2862069.8266476295,2832925.413218335,150928.86230001444
marwin hitz__1987-09-18,,,,472048.99268569046,466480.0018937835,75004.13707640694
maryan faryna__2003-08-28,,,,1101229.5815561984,1101229.5815561984,13278.383446357688
maryan shved__1997-07-16,,,,1379475.5473382,1379475.5473382,
mason burstow__2003-08-04,,,,1176899.6744504361,1176899.6744504361,83638.64663521513
mason greenwood__2001-10-01,Mason Greenwood,MID,46000000.00000004,48737939.11433884,47835414.91658436,6172755.320931162
massadio haidara__1992-12-02,Massadio Haïdara,DEF,1800000.000000001,2147940.435225197,2141836.6451227646,100279.80049805493
massamba ndiaye__2001-10-08,,,,520355.3925968497,524423.1333486169,27900.921323407227
massamba sow__2004-06-13,,,,928938.5685103396,912646.3537828474,31358.105483369036
massimiliano mangraviti__1998-01-24,,,,1083126.225568297,1070800.9243164405,69050.74958610155
massimo bertagnoli__1999-02-26,,,,893113.5071439575,882082.1250870724,20175.539873366317
massimo coda__1988-11-10,,,,1086011.7590024448,1081542.2202472654,66899.92789370744
massimo decoene__2004-02-11,,,,286462.7241549836,286462.7241549836,
massire sylla__2005-01-07,,,,599380.5389473595,622230.6771729824,61508.7352041684
matai akinmboni__2006-10-17,,,,246475.56815697547,246475.56815697547,14877.66410981302
matei ilie__2002-12-11,Matei Ilie,DEF,1487499.999999999,1800008.488441854,1830635.3663080193,149433.40138042887
matej hanousek__1993-06-02,,,,583995.2317107384,592628.778493682,85315.72232877066
matej kovar__2000-05-17,,,,7209815.605671239,7217080.085593199,499599.38843145943
matej maglica__1998-09-25,,,,1362400.2936060554,1362400.2936060554,
matej rodin__1996-02-13,Matej Rodin,DEF,600000.0000000003,594132.7143522806,594132.7143522806,77117.94592411979
matej sin__2004-06-02,,,,9082395.088458665,9082395.088458665,418405.7502652413
matej vydra__1992-05-01,,,,2484239.694840793,2433295.038341647,263594.2308779963
mateja stjepanovic__2004-02-20,,,,1070245.5458641825,1096599.4775463566,70664.9103202933
mateo biondic__2003-07-24,,,,620169.9448428776,643324.2040927876,93895.08985412544
mateo chavez__2004-05-12,,,,4447198.571675767,4372144.459406218,174868.9669342461
mateo joseph__2003-10-19,,,,4541192.128368838,4541192.128368838,424940.7093842538
mateo kovacic__1994-05-06,,,,22595622.854635537,22595622.854635537,2075018.5925873248
mateo pellegrino__2001-10-22,,,,2227516.1675359635,2263748.184536549,96240.39243336502
mateo retegui__1999-04-29,,,,38253091.59842307,38253091.59842307,
mateus uribe__1991-03-21,Mateus Uribe,MID,4250000.000000002,2860860.5294542145,2860860.5294542145,37657.99779533982
mateusz kowalczyk__2004-04-16,,,,2075269.3096855734,2075269.3096855734,
mateusz lis__1997-02-27,,,,3069652.9055000804,3069652.9055000804,173153.92609193054
mateusz praszelik__2000-09-26,,,,974229.0159039414,967724.9505239394,108390.68057706289
mateusz wieteska__1997-02-11,,,,2457735.901614835,2502309.688487917,89297.4870818191
mateusz zukowski__2001-11-23,,,,1006461.7065499047,1013869.1959806054,36630.79175362197
mathew ryan__1992-04-08,,,,4634918.585761652,4634918.585761652,165532.5794978106
mathias de amorim__2004-12-10,Mathias de Amorim,MID,1600000.0000000012,2324430.692851549,2329227.090757908,66261.80930012927
mathias delorge__2004-07-31,Mathias Delorge,MID,7750000.000000002,5920472.7656690655,5885675.15414892,410223.3169487149
mathias fixelles__1996-08-11,,,,750928.7237850026,750928.7237850026,31237.014312973486
mathias greve__1995-02-11,,,,1038273.2664308816,1201535.1198455733,323166.23181041935
mathias honsak__1996-12-20,,,,3254315.260286992,3259221.754072661,55329.57780839772
mathias jensen__1996-01-01,,,,11382882.655070951,11662386.822336376,742192.6293163617
mathias jensen__2005-04-14,,,,458370.82901984826,462556.6600823137,16452.845911189474
mathias kjl__2001-06-27,Mathias Kjølø,MID,2050000.000000001,2554341.6815935504,2425873.807554737,233423.27201033084
mathias kvistgaarden__2002-04-15,,,,5728753.993056678,5728753.993056678,587276.9753090359
mathias lvik__2003-12-06,Mathias Løvik,DEF,3400000.000000002,1823353.8519770186,1811052.932103584,194353.36345820688
mathias olesen__2001-03-21,,,,1058843.6230559864,1064029.660129661,41665.67246679243
mathias olivera__1997-10-31,,,,11520276.231495548,11518777.132725965,573109.4830225507
mathias pereira lage__1996-11-30,,,,3157158.021119142,3384661.1181398453,693766.392853585
mathias rasmussen__1997-11-25,,,,3327412.621578565,3321103.4004574106,146348.08777390356
mathias ross__2001-01-15,,,,745626.6199158678,747786.0697244771,70817.83333398071
mathias tomas__2001-01-30,Mathías Tomás,MID,850000.0000000005,917041.3137506325,928794.5261230792,35230.534112492984
mathieu cafaro__1997-03-25,,,,2187420.6861466495,2187420.6861466495,134117.99390333888
mathieu maertens__1995-03-27,,,,1313809.8168393644,1295403.5933072262,74954.92740270728
mathieu michel__1991-09-04,,,,258932.14680857773,251641.02563850707,16681.37165606123
mathieu patouillet__2004-02-20,,,,812748.693690804,809367.3942297038,27918.017294683992
mathijs tielemans__2002-04-26,,,,2085917.6818470866,2095696.578978292,157359.90001870177
mathis amougou__2006-01-18,,,,5930935.261487419,5930935.261487419,236967.8773944415
mathis clairicia__2002-08-30,,,,1289287.1328584852,1275171.7318265599,44365.47488900929
mathis hamdi__2003-10-18,,,,307205.33481840754,288730.4634716684,50370.78201214021
mathis lambourde__2006-01-09,,,,1261567.3762095966,1254583.7601882338,64099.43779215495
mathis servais__2004-11-23,,,,2211782.404034206,2266984.505852999,338271.12224096106
mathys tel__2005-04-27,,,,25080694.335127994,25080694.335127994,2117974.4228996756
matias dituro__1987-05-08,,,,633917.1089018058,651694.9574089786,63393.78660549891
matias fernandezpardo__2005-02-03,,,,13578735.450301195,14117632.597309437,1389889.4676362025
matias galarza__2002-03-04,,,,4727564.947367628,4727564.947367628,
matias gonzalez__2002-02-28,,,,761317.8263318387,758598.5943329018,61304.11757036754
matias kranevitter__1993-05-21,,,,1592002.6616214954,1571515.5375738663,62843.43440002887
matias lacava__2002-10-24,Matías Lacava,MID,1299999.9999999993,1227354.382038922,1242065.7714748667,72946.37282439222
matias moreno__2003-09-24,Matías Moreno,DEF,3499999.9999999995,2359333.4221263505,2390514.9930581846,84443.76062190771
matias perez__2005-04-13,,,,1830456.3661454779,1793087.7797061987,97063.50543066053
matias rocha__2001-02-13,Matías Rocha,DEF,999999.9999999997,1106244.907553644,1108651.1177878913,16418.629622788845
matias soule__2003-04-15,,,,24870344.791040547,24472203.86229768,2302108.402633018
matias vargas__1997-05-08,Matías Vargas,MID,7750000.000000002,8692176.239948656,8609539.560493799,839680.4550806453
matias vecino__1991-08-24,,,,4303983.472280138,4464576.944479609,573525.4064871973
matija frigan__2003-02-11,Matija Frigan,FWD,7249999.999999998,7752530.386144405,7805709.797496989,316026.57541102724
matija mitrovic__2004-12-12,Matija Mitrović,MID,1699999.9999999988,1909086.0702715833,1900816.6364301213,37339.67253068087
matisse didden__2001-10-08,Matisse Didden,DEF,2250000.000000001,2035835.2172239758,2012149.7625317685,103687.35071452826
matisse samoise__2001-11-21,,,,2190693.656026019,2190693.656026019,178591.0061387419
mats deijl__1997-07-15,,,,2342036.8238602364,2342036.8238602364,205647.33522731205
mats egbring__2006-09-17,,,,590012.5717077677,593797.5631379617,19038.528032657643
mats knoester__1998-11-19,,,,1044099.9162898907,1044099.9162898907,
mats kohlert__1998-05-02,,,,2251489.1409714245,2268447.1091301693,38705.75772324476
mats rits__1993-07-18,,,,1544192.9446445964,1544192.9446445964,88826.73385672555
mats rots__2006-03-11,,,,3291343.5054215174,3290695.1810699007,248721.77050844225
mats seuntjens__1992-04-17,,,,502822.27251204115,502822.27251204115,75070.94806501846
mats wieffer__1999-11-16,,,,20985854.62858538,21290997.796374507,791267.5806259474
matt butcher__1997-05-14,,,,401091.33374894375,397730.401717012,27129.588424075264
matt clarke__1996-09-22,,,,1949924.2405335286,2057752.0503695752,211653.3712123214
matt crooks__1994-01-20,,,,1892037.520627815,1887936.5706576074,207450.63197127692
matt dibleydias__2003-10-29,,,,314977.1914365253,300168.1414413836,26828.423758104847
matt doherty__1992-01-16,,,,3218439.024714724,3218439.024714724,
matt grimes__1995-07-15,,,,5060344.946034686,5472636.138191792,768153.3409098121
matt lendfers__2006-03-10,,,,229444.67581133288,229444.67581133288,3140.6528867999345
matt macey__1994-09-09,Matt Macey,GK,375000.00000000006,269834.0275410762,261399.9152479439,25766.44227667382
matt miazga__1995-07-19,,,,2450338.216704518,2423440.01218598,84421.86532244243
matt oriley__2000-11-21,,,,14733728.81497769,14743801.684832312,981502.5505386046
matt phillips__1991-03-13,,,,414956.91866981453,399148.04877054575,41441.6694285427
matt ritchie__1989-09-10,,,,246908.315739808,235283.9215479163,53179.608443405785
matt targett__1995-09-18,,,,2765226.8386437423,2817230.2865172653,194993.84999304073
matt turner__1994-06-24,,,,2306699.692987567,2311613.336650252,281625.2621419155
matte smets__2004-01-04,Matte Smets,DEF,14250000.000000017,13667047.163734779,13477730.06890797,826565.239714787
matteo bianchetti__1993-03-17,Matteo Bianchetti,DEF,999999.9999999997,1251436.1263859859,1252871.6971990638,10129.429837097636
matteo bignetti__2004-05-06,,,,412752.9465001798,417853.59899037064,11866.668514805471
matteo cotali__1997-04-22,Matteo Cotali,DEF,899999.9999999995,858865.4054867098,783634.653453036,139747.21338572985
matteo darmian__1989-12-02,,,,4706156.411243762,4448007.22360366,473918.5855285162
matteo gabbia__1999-10-21,Matteo Gabbia,DEF,19000000.000000015,20445572.59937483,20493853.527046144,913680.064048023
matteo guendouzi__1999-04-14,,,,44925616.581669874,45356337.32501628,4772383.399003575
matteo lovato__2000-02-14,Matteo Lovato,DEF,2700000.0,1262518.8173752546,1254676.043873216,21013.894319544932
matteo palma__2008-03-13,,,,937977.2913425032,937977.2913425032,16524.95044951294
matteo perez vinlof__2005-12-18,Matteo Pérez Vinlöf,DEF,1450000.0000000002,1779808.318803775,1798404.2425154822,41087.1238220191
matteo pessina__1997-04-21,,,,7774582.843359108,7907246.901353328,373984.01715959335
matteo politano__1993-08-03,,,,16094425.749204233,16660693.216788199,2551681.7286966904
matteo prati__2003-12-28,,,,5271013.024059961,5271013.024059961,446104.5026547201
matteo ricci__1994-05-27,,,,760729.3860497575,766568.7544679382,32431.503364220334
matteo rover__1999-02-20,,,,1193971.9087455485,1193971.9087455485,53103.61481275023
matteo ruggeri__2002-07-11,,,,14432820.189302664,14432820.189302664,683499.3948364361
matteo tramoni__2000-01-20,,,,5475775.360099841,5475775.360099841,167370.25294199542
matthew cox__2003-05-02,,,,1050991.9201422245,1050991.9201422245,
matthew garbett__2002-04-13,Matthew Garbett,MID,800000.0000000005,774921.4069656766,787566.78895887,23363.912432508165
matthew hoppe__2001-03-13,,,,648670.227248987,648670.227248987,51571.1938649259
matthew pennington__1994-10-06,,,,534709.3120678897,534709.3120678897,
matthias bader__1997-06-17,,,,1353396.7422146546,1353396.7422146546,79791.85447918877
matthias ginter__1994-01-19,Matthias Ginter,DEF,14000000.00000001,17101035.784228764,17011005.466455426,906494.2699159085
matthias kobbing__1997-05-28,Matthias Köbbing,GK,77500.00000000006,141873.03085983003,141775.29462065574,1856.5754769234968
matthias phaeton__2000-01-08,,,,1027378.1146133794,1115009.6927623593,185794.4707832532
matthias verreth__1998-02-20,,,,603917.1032905632,603917.1032905632,
matthieu epolo__2005-01-15,,,,6707514.271487377,6707514.271487377,4798.458887858242
matthieu udol__1996-03-20,,,,7749489.813847602,7749489.813847602,
matthis abline__2003-03-28,,,,11601009.686640471,11601009.686640471,629358.9542161963
mattia bani__1993-12-10,,,,2472259.909114797,2496719.84898566,73732.72909346306
mattia compagnon__2001-11-06,,,,906143.8047225579,866511.4850614305,75893.71151066976
mattia felici__2001-04-17,Mattia Felici,DEF,1949999.999999999,3587080.136278436,3587080.136278436,
mattia finotto__1992-12-28,,,,950971.2554200488,950971.2554200488,
mattia perin__1992-11-10,,,,5181555.044359431,5027705.403373389,549521.68842484
mattia valoti__1993-09-06,Mattia Valoti,MID,1249999.999999999,1176609.383084127,1186913.094564999,27845.668906309147
mattia viti__2002-01-24,,,,4401020.208413272,4335880.757588172,418694.09540774475
mattia zaccagni__1995-06-16,,,,32864145.560472436,32864145.560472436,1461024.7834554575
mattia zanotti__2003-01-11,Mattia Zanotti,DEF,3750000.0000000023,4637885.810310678,4538464.597711164,236963.76641875214
mattias kait__1998-06-29,Mattias Käit,MID,812499.9999999993,656464.4093705738,651260.5885615562,41730.34146788853
mattias svanberg__1999-01-05,,,,8304497.076905868,8302754.620740314,72910.24451223426
mattie pollock__2001-09-28,,,,2594661.001032571,2594661.001032571,243678.77712257742
mattijs branderhorst__1993-12-31,,,,1001717.8454008253,983431.5283807245,38899.08848287159
mattis hoppe__2003-07-23,,,,488461.6681205262,468135.8803773359,36367.04445709474
matty cash__1997-08-07,,,,23156091.649786722,23260884.9671943,1270924.8394942377
matty james__1991-07-22,,,,1017488.5996082142,1001805.8008575824,69581.16179919438
matty kennedy__1994-11-01,,,,748683.1980464563,786480.0091233765,101600.85752387819
matus bero__1995-09-06,,,,2847585.6596818976,2826476.003311032,56733.80778096986
matvey safonov__1999-02-25,,,,18005078.493893582,17797712.869285516,2367299.2511311546
matviy ponomarenko__2006-01-11,,,,1363643.1749036778,1378394.8948768517,85801.37116665818
maurice malone__2000-08-17,,,,1933591.8939631465,1966579.372085108,89356.13096723409
maurice multhaup__1996-12-15,Maurice Multhaup,MID,437499.9999999996,391455.7361721386,391455.7361721386,1312.203707257145
mauricio benitez__2004-02-03,,,,899228.8862838243,899228.8862838243,
mauro arambarri__1995-09-30,,,,16695541.809443926,17535914.943456527,1517497.2659296738
mauro icardi__1993-02-19,Mauro Icardi,FWD,12499999.999999985,11129176.229870066,11110313.88693193,945127.091374031
mauro vigorito__1990-05-22,Mauro Vigorito,GK,104999.99999999997,130745.14566970346,130745.14566970346,14417.341770901981
mawouna amevor__1991-12-16,,,,391014.5549583469,377229.98869380465,44966.631178247495
max aarons__2000-01-04,,,,3144586.2596229343,3144586.2596229343,75193.61898354672
max albk__2006-02-19,,,,310120.0159450933,297480.26254291664,30725.250155392383
max anderson__2001-05-17,,,,553229.9878546748,553229.9878546748,28470.163698471362
max balard__2000-11-20,,,,959825.2982216788,959825.2982216788,
max bruns__2002-11-06,,,,2107918.65728348,2117072.8917728844,81982.15146486083
max christiansen__1996-09-25,Max Christiansen,MID,912500.0000000001,570674.293207504,566997.737170287,11160.235683648778
max de ligt__2004-07-20,Max de Ligt,DEF,225000.00000000015,236068.59246718962,236068.59246718962,
max ejdum__2004-10-15,,,,1172651.7524353336,1180838.110230519,66083.00127752496
max geschwill__2001-07-07,,,,1541439.9691288932,1541439.9691288932,
max meyer__1995-09-18,,,,1718171.0434082092,1718171.0434082092,43320.94646317824
max moerstedt__2006-01-15,Max Moerstedt,FWD,4949999.999999997,2615108.6105485326,2533724.2250445364,229752.49278529428
max reinthaler__1995-03-22,Max Reinthaler,DEF,349999.9999999997,367677.03549483063,363148.6695266038,17032.84539433844
max sanders__1999-01-04,,,,391119.6624583297,405683.09670184203,25017.06544042683
max schmitt__2006-01-18,,,,346980.77909949445,343147.2622187864,23956.21182837664
max scholze__2005-04-30,,,,642680.5963521434,622727.1337619676,53266.12053074228
max watters__1999-03-23,,,,340712.98287815583,340712.98287815583,
maxence caqueret__2000-02-15,,,,14724430.647894576,14724430.647894576,257950.7598382305
maxence lacroix__2000-04-06,,,,32419166.63044833,32774510.46578264,1084660.6458738667
maxence maisonneuve__1999-02-11,,,,837656.7831233644,837656.7831233644,24506.047501111763
maxence prevot__1997-04-09,,,,566887.1879398619,574890.4164477694,27035.713342082556
maxence rivera__2002-05-30,,,,1766331.3237935489,1766331.3237935489,
maxi moralez__1987-02-27,,,,611142.2636349392,611142.2636349392,9374.684269720165
maxi oyedele__2004-11-07,Maxi Oyedele,MID,3499999.9999999995,2581707.444464985,2581707.444464985,
maxim dal__2006-01-26,Maxim Dal,DEF,324999.9999999999,327635.42655097577,327635.42655097577,
maxim de cuyper__2000-12-22,,,,30578304.219657004,30593405.07418331,1482896.9321513162
maxim dekker__2004-04-21,,,,1676146.988026533,1676146.988026533,20328.163385615466
maxime bernauer__1998-07-01,,,,1628699.0492978022,1723850.6587873204,249333.243839749
maxime busi__1999-10-14,Maxime Busi,DEF,1499999.9999999986,1329055.0568348605,1351978.3451085459,45589.530453111875
maxime delanghe__2001-05-23,Maxime Delanghe,GK,1400000.0000000007,1010551.1114824498,1018285.0804336828,67688.46579441325
maxime dupe__1993-03-04,Maxime Dupé,GK,1499999.9999999986,1619784.6361179976,1619784.6361179976,13248.996349097182
maxime esteve__2002-05-26,,,,16756884.288001582,17066786.958609734,641179.6152574556
maxime lopez__1997-12-04,,,,8063425.351953521,8063425.351953521,
maxime sivis__1998-04-01,,,,1015670.9580336644,1015670.9580336644,30437.70579741788
maximilian arnold__1994-05-27,,,,11354839.16236174,11279063.313741326,489374.7172619618
maximilian bauer__2000-02-09,,,,2051360.207006408,2031534.1474446296,50220.957219642194
maximilian beier__2002-10-17,Maximilian Beier,MID,26250000.00000004,23143188.093657225,24521280.91518399,2989184.6239580004
maximilian breunig__2000-08-14,Maximilian Breunig,FWD,1200000.0000000005,1269545.160915933,1268247.7096617748,82862.64522676499
maximilian ibrahimovic__2006-09-22,,,,1146175.2955436988,1146175.2955436988,56557.62055498231
maximilian kilman__1997-05-23,,,,11034153.617167357,10474466.05266406,1770220.096207946
maximilian mittelstadt__1997-03-18,,,,27105950.58981834,27247919.192350306,1038626.5914317674
maximilian schmid__2003-03-05,,,,532444.1386648781,544409.4286768434,56557.60038239401
maximilian ullmann__1996-06-17,,,,957476.6891087934,912196.3781121217,125850.35908182664
maximilian wittek__1995-08-21,,,,2298192.868664859,2298192.868664859,218764.86671083144
maximilian wober__1998-02-04,,,,5904741.174739441,5904741.174739441,213307.8408004756
maximiliano caufriez__1997-02-16,,,,986919.9569064109,986919.9569064109,18461.589015610523
maximiliano lovera__1999-03-09,,,,2221172.486405005,2221172.486405005,123222.79513603215
maximiliano villa__1997-03-03,Maximiliano Villa,DEF,850000.0000000005,1116891.7615657942,1116891.7615657942,
maximo perrone__2003-01-07,,,,8565652.58433804,8565652.58433804,411490.694027524
maxwel cornet__1996-09-27,Maxwel Cornet,MID,9599999.999999998,4199070.456032848,4122959.9307092507,301004.07122514426
maxwell woledzi__2001-07-02,,,,1688011.6117813783,1727614.8408497768,129898.91470162006
mayckel lahdo__2002-12-30,,,,1912107.3172914921,1912107.3172914921,18940.00514815362
mayssam benama__2005-03-09,,,,705790.5464160871,716003.9754212131,36592.078413245574
mbala nzola__1996-08-18,M'Bala Nzola,FWD,5150000.000000002,4720081.233481741,4725931.19827695,216833.01296315042
mbaye niang__1994-12-19,,,,1527771.9150114264,1508261.5613449889,95462.08038009932
medon berisha__2003-10-21,,,,2544777.7522814022,2545680.043115361,121940.80846732671
mees de wit__1998-04-17,,,,1654104.4786842118,1654104.4786842118,38249.72323992903
mees hilgers__2001-05-13,,,,3426004.0038862466,3386343.6208347194,97448.02731692597
mees hoedemakers__1998-02-18,Mees Hoedemakers,MID,1099999.9999999998,1376426.7073616188,1377866.7832555836,75302.27672693876
mehdi boukamir__2004-01-26,Mehdi Boukamir,DEF,762499.9999999997,682462.3447064988,682462.3447064988,106738.30208981359
mehdi leris__1998-05-23,Mehdi Léris,MID,1749999.9999999998,1439385.6428933637,1474386.7443820154,180974.03683217382
mehdi loune__2004-05-14,,,,617092.1957405709,617092.1957405709,
mehdi taremi__1992-07-18,,,,6714865.224226008,6714865.224226008,389316.70893154095
melih bostan__2004-04-08,,,,793532.123268123,797058.3224135393,40914.42238730246
melih ibrahimoglu__2000-07-17,,,,761499.256526026,765825.0048155896,35795.2871744703
melker ellborg__2003-05-22,Melker Ellborg,GK,649999.9999999995,836586.3283492161,831590.3316962594,35061.52547827651
melle meulensteen__1999-07-04,,,,3414695.69007852,3551345.369327723,238725.89168864992
melvin bard__2000-11-06,,,,12137295.754921552,12747392.045487894,1591452.672237789
melvin zinga__2002-03-16,,,,830234.2412581965,830234.2412581965,26146.29043952214
menno koch__1994-07-02,Menno Koch,DEF,562500.0000000003,719291.671681546,720615.5338524529,22250.427859683783
mergim berisha__1998-05-11,,,,4463932.064269544,4463514.19430227,108458.98801989351
mergim vojvoda__1995-02-01,Mërgim Vojvoda,DEF,3900000.000000001,4713377.393307051,4736500.525673187,158194.42117902843
merih demiral__1998-03-05,,,,16446843.55779584,16446843.55779584,
merlin rohl__2002-07-05,Merlin Röhl,MID,12750000.000000002,13540485.001489498,11599710.104966987,4086853.679225952
mert gunok__1989-03-01,,,,778273.2861097046,757927.9225086026,44625.39939277203
mert komur__2005-07-17,Mert Kömür,MID,4999999.999999999,5258918.090124819,5257011.8437653715,116261.93157425418
mert muldur__1999-04-03,,,,4303888.251762426,4401032.3141548345,295682.5779943835
meschack elia__1997-08-06,Meschack Elia,MID,2849999.999999999,1608959.100692785,1634609.9392927315,96001.46798587544
metehan altunbas__2003-01-07,,,,299734.2787791124,301357.9961633964,13468.237725254588
metehan mimaroglu__1994-07-07,,,,1004145.9898093236,1007468.632705084,20964.76186222582
mexx meerdink__2003-07-24,,,,7529907.136170783,7529907.136170783,
micah hamilton__2003-11-13,,,,1182536.4226303832,1182536.4226303832,11607.679526664057
michael brouwer__1993-01-21,,,,551735.3899104738,551735.3899104738,45616.68892236243
michael cuisance__1999-08-16,,,,2373850.9433079986,2396435.8978903904,92915.36055783585
michael duffy__1994-07-28,,,,1152348.7145299173,1170185.446603369,58437.27274167592
michael folorunsho__1998-02-07,,,,6949181.683705906,7161362.894150498,492388.46669187926
michael frey__1994-07-19,,,,2354368.153251824,2354368.153251824,421526.1233821568
michael golding__2006-05-23,,,,735256.1222996432,722594.5934732709,28859.524613987964
michael gregoritsch__1994-04-18,,,,3866849.7967662904,3866849.7967662904,98831.84937582858
michael kayode__2004-07-10,,,,27572546.173843652,27633357.878666162,2685471.992176024
michael keane__1993-01-11,,,,4525211.522545864,4569990.672415541,540325.5940789988
michael lansing__1994-06-13,,,,431923.24545403133,441256.4595391402,21410.01706097551
michael obafemi__2000-07-06,,,,1285863.4134211526,1285863.4134211526,40071.66128404464
michael olise__2001-12-12,Michael Olise,MID,109250000.0000001,107630199.63963327,107204018.0737882,7807826.5131015815
michael opoku__2005-07-20,Michael Opoku,MID,312500.00000000023,385808.5783937005,386593.00951288495,11750.467872459187
michael rose__1995-10-11,,,,629019.7221012543,661218.4188294904,56839.14687104442
michael santos__1993-03-13,,,,1438745.8333271034,1471819.1387985144,109986.64140697806
michael steinwender__2000-05-04,,,,1710338.3855731452,1710338.3855731452,
michael svoboda__1998-10-15,,,,1230609.7303248157,1230609.7303248157,39870.15062009206
michael verrips__1996-12-03,,,,614203.1356305062,616248.5768524682,25338.404020101054
michael woud__1999-01-16,,,,271449.9258288154,270958.03962397244,19582.907244274502
michael zetterer__1995-07-12,,,,4856909.48262805,4917386.4956932515,399935.7100358586
michal sadilek__1999-05-31,,,,7580323.750411063,7580323.750411063,238038.5406070322
michalis kosidis__2002-02-09,Michalis Kosidis,FWD,899999.9999999995,1220301.3744298704,1220301.3744298704,
michel aebischer__1997-01-06,Michel Aebischer,MID,4349999.999999996,4434182.949862674,4463110.936138963,261644.1100069558
michel stocker__1999-04-14,,,,543640.9071142796,547761.7617461766,22653.02285101166
michele castagnetti__1989-12-27,,,,601833.731124494,601833.731124494,19057.93216054992
michele cerofolini__1999-01-04,,,,830591.2914056602,818405.8071880697,21490.502234591142
michele collocolo__1999-11-08,,,,3005182.5471489416,2992990.7362662335,265610.61914978304
michele di gregorio__1997-07-27,,,,19701099.781941015,19701099.781941015,
michele rigione__1991-03-07,,,,385631.0557880902,380008.62754167157,21769.6137693427
michy batshuayi__1993-10-02,,,,3851476.6947367415,3851476.6947367415,
mickael biron__1997-08-26,,,,775683.5060872526,775683.5060872526,
mickael nade__1999-03-04,Mickaël Nadé,DEF,1400000.0000000007,1842085.2855366773,1858529.4193487368,70685.27245979111
mickel miller__1995-12-02,Mickel Miller,DEF,499999.99999999977,684254.6039239072,657117.1415982363,58114.57317261843
micky van de ven__2001-04-19,,,,48047376.69882407,48097940.35150412,1204748.7042700925
miguel almiron__1994-02-10,,,,5008532.763839021,5008532.763839021,
miguel borja__1993-01-26,,,,1832439.5500302836,1832439.5500302836,16944.945362318624
miguel chaiwa__2004-06-07,,,,397668.32637974183,398879.3543505138,20406.643556168987
miguel de la fuente__1999-09-03,Miguel de la Fuente,FWD,2050000.000000001,1581654.7855506365,1578125.4816259164,114008.64788265157
miguel freckleton__2003-08-06,,,,300345.43850185536,303982.4938236058,9795.175144260982
miguel trauco__1992-08-25,,,,1034996.8149135299,1166887.3702538596,332612.55066978827
miha zajc__1994-07-01,,,,1580956.8093533432,1580956.8093533432,351841.9141828568
mihai popa__2000-10-12,,,,448432.87112865935,448432.87112865935,
mihai popescu__1993-05-07,,,,982897.4018902531,927885.9226725248,127994.77591501569
mihailo ivanovic__2004-11-29,,,,2751918.187182816,2609151.433317031,351932.58770418074
mihailo ristic__1995-10-31,,,,2423092.1429309133,2450913.2547488026,133275.61877755926
mihajlo cvetkovic__2007-01-10,,,,3217065.4738257783,3346207.574000326,555688.6826152286
mijat gacinovic__1995-02-08,,,,1944045.1773513919,1992874.176751101,104850.49637686368
mika biereth__2003-02-08,,,,20189702.284225214,20184705.664209757,421890.6661755216
mika godts__2005-06-07,Mika Godts,MID,13750000.000000024,11461372.99509666,11488450.671784908,284839.8951669125
mika schroers__2002-02-04,Mika Schroers,MID,600000.0000000003,790282.381786034,782913.7997686939,23274.932519286285
mikael anderson__1998-07-01,Mikael Anderson,MID,1800000.000000001,2385710.4271565885,2426911.114779584,124696.20674622298
mikael egill ellertsson__2002-03-11,,,,2081442.4562283051,2268013.351375114,400452.9889089104
mikael ishak__1993-03-31,,,,2419917.054693001,2447188.3622129923,203202.8503159128
mikael mandron__1994-10-11,Mikaël Mandron,MID,387499.99999999977,491454.65641143563,492591.71995234216,16567.750032754375
mikael uhre__1994-09-30,,,,2127573.2539828373,2070886.582410623,141102.39706684224
mikayil faye__2004-07-14,,,,2762729.7751318584,2615072.2013679473,417580.49875134823
mike eerdhuijzen__2000-07-13,Mike Eerdhuijzen,DEF,2550000.0,3936576.628233319,3894237.734593096,133428.87154913653
mike maignan__1995-07-03,,,,42456699.76270407,43970128.142209984,5689780.94882109
mike penders__2005-07-31,,,,12144371.717788123,11359836.092077501,1654684.7188628092
mike te wierik__1992-06-08,,,,335524.6654014488,334447.8034139275,21950.86309851864
mike tresor__1999-05-28,Mike Trésor,MID,3799999.9999999995,4478014.175278408,4510805.239700945,369432.9899634645
mike van der hoorn__1992-10-15,,,,2006649.8628685377,2014219.7994114747,89053.38670846123
mike van duinen__1991-11-06,,,,296170.726670958,296170.726670958,
mike vestergard__1997-11-19,Mike Vestergård,MID,399999.9999999999,462362.5165434809,472100.2275664739,51065.89985217695
mikel gogorza__2006-09-27,,,,2072027.2366566071,2134175.393907487,176207.08584950722
mikel villanueva__1993-04-14,,,,1248200.9780376418,1248200.9780376418,107048.17192210253
mikesteven bahre__1995-08-10,Mike-Steven Bähre,MID,537500.0000000003,632554.8951326034,641103.0985477364,29946.701840142945
mikey johnston__1999-04-19,,,,2912362.159974045,2912362.159974045,11458.607766948158
mikey moore__2007-08-11,Mikey Moore,MID,11500000.000000019,9533119.424330654,9397879.035993468,1352779.694929892
mikkel damsgaard__2000-07-03,,,,31808180.59249285,32954411.303682636,2126259.193058692
mikkel desler__1995-02-19,,,,2256621.6483109794,2256621.6483109794,194357.18145644918
mikkel duelund__1997-06-29,Mikkel Duelund,MID,649999.9999999995,679433.9074441538,661451.4314066656,41974.74833366653
mikkel fischer__2004-03-23,,,,761732.8058252308,761732.8058252308,15218.54601243628
mikkel kaufmann__2001-01-03,,,,1541610.23556952,1541610.23556952,160761.00212946697
mikkel kirkeskov__1991-09-05,,,,413307.0629302843,409446.51009254466,17845.55884382104
mikkel maigaard__1995-09-20,,,,1031046.4863813972,1064874.083271197,133239.16824327267
mikkel rygaard__1990-12-25,,,,743193.5245981445,738204.5514708715,52464.834616819484
mikki van sas__2004-02-29,,,,560107.2745342497,560107.2745342497,28555.69157575449
milan aleksic__2005-08-30,,,,587215.5936312312,587215.5936312312,57945.5167272299
milan borjan__1987-10-23,,,,1200786.3642117567,1208868.539243146,88601.01305738078
milan iloski__1999-07-29,,,,1157380.4729976074,1155183.0468393124,17506.28350089938
milan skriniar__1995-02-11,Milan Škriniar,DEF,16500000.000000013,16785878.59684729,16785878.59684729,2964660.0595405856
milan smit__2003-02-13,,,,1829221.608715572,1829221.608715572,
milan van ewijk__2000-09-08,,,,6893108.603525194,7306375.860203089,849460.7347396194
milan zonneveld__2003-10-08,,,,912692.7919028725,914116.0496921592,26773.636989503673
mile svilar__1999-08-27,,,,35273588.33553938,35116585.937862925,597014.709562931
milos kerkez__2003-11-07,,,,40064100.67665747,40784068.51701731,2020321.40534674
milos pantovic__2002-08-24,,,,3504391.370206835,3504391.370206835,160590.09642491603
milot rashica__1996-06-28,,,,8269150.006569899,8269150.006569899,
milutin osmajic__1999-07-25,,,,2358841.074018458,2358841.074018458,
mimeirhel benita__2003-11-17,,,,797925.0332883253,794486.3928917511,34162.16670345496
mingyang yang__1995-07-11,,,,663195.2861601328,668422.8855273705,14180.768736141406
mipo odubeko__2002-10-21,,,,432575.87576714327,443965.0879232606,23806.546367965122
mirko antonucci__1999-03-11,,,,1136235.473342414,1140801.5459819976,52038.985484512545
mirko maric__1995-05-16,,,,1230442.7284625643,1193896.360591449,92625.01049879697
mirko pigliacelli__1993-06-30,Mirko Pigliacelli,GK,1150000.0000000005,991560.2919328188,1003109.9697755524,58756.37366768958
mirko topic__2001-02-05,,,,2144329.351447277,2121831.7538049757,48791.88537063702
mirnes pepic__1995-12-19,,,,544056.9646567153,560641.4295580392,37520.60124061033
miro muheim__1998-03-24,Miro Muheim,DEF,4000000.0000000005,5094549.675485931,5094549.675485931,
miroslav stevanovic__1990-07-29,,,,1515419.951580095,1544823.3233272403,71864.00619761077
mirza catovic__2007-05-01,,,,722180.4903135775,722180.4903135775,36279.987665024724
mitch pinnock__1994-12-12,,,,544543.6785495505,561141.0065661878,69969.13495572718
mitchel bakker__2000-06-20,,,,7736305.4532614825,7808159.69507198,206141.076197173
mitchell van bergen__1999-08-27,Mitchell van Bergen,MID,1299999.9999999993,1606701.6881617876,1605699.952246426,19369.60491151795
mithat pala__2000-08-15,,,,685372.8251334802,685372.8251334802,
mj williams__1995-11-06,,,,291027.372518427,293027.71730005974,23725.60770066588
modibo sagnan__1999-04-14,Modibo Sagnan,DEF,2849999.999999999,2608713.734817453,2582769.9748326503,72380.45408938793
mohamad sylla__1993-12-01,,,,544539.1556444067,537741.4978198606,34213.67310164942
mohamed abdelmonem__1999-02-01,,,,4797473.451779967,4837431.718196893,81963.1731919528
mohamed achi__2002-01-16,,,,537008.4684142827,551919.5095798083,24661.20407467894
mohamed amoura__2000-05-09,,,,30291775.317838904,30291775.317838904,
mohamed badamosi__1998-12-27,,,,569621.28534845,574791.5946058079,22559.12658932633
mohamed bamba__2001-12-10,,,,2546174.004411946,2546174.004411946,203431.39817569513
mohamed bayo__1998-06-04,,,,4626011.0340148015,4635582.658312633,405065.8243401928
mohamed bechikh__2005-07-13,,,,501066.66086750734,501506.93933932844,13811.31430041247
mohamed berte__2002-03-25,Mohamed Berte,MID,2150000.0,2279162.055431879,2287147.2517777155,196565.16472362017
mohamed bouldini__1995-11-27,,,,801328.6453868285,758327.7165052977,87782.31404160384
mohamed daramy__2002-01-07,Mohamed Daramy,MID,6849999.999999996,4888736.637383631,4888736.637383631,
mohamed hamdaoui__1993-06-10,,,,585549.57473256,583012.5289194891,47577.91190697216
mohamed hassan fofana__2005-05-06,Mohamed Hassan Fofana,MID,150000.00000000006,223455.44588962392,232125.42374160135,15757.100647477955
mohamed ihattaren__2002-02-12,,,,4547915.194180862,4445791.068841942,180040.15594480163
mohamed jaouab__2002-05-14,Mohamed Jaouab,DEF,1050000.0000000007,1074013.1071988645,1081750.6479990715,71574.22349168135
mohamed kaba__2001-10-27,,,,1960901.0530246831,1960901.0530246831,17090.719757361854
mohamed kone__2002-03-07,,,,1130256.5723396982,1140099.7706088233,66019.59681392358
mohamed nassoh__2003-01-26,,,,1710662.5132746443,1710662.5132746443,
mohamed ofkir__1996-08-04,,,,232776.67561227948,238909.92646879097,17396.409143635377
mohamed salah__1992-06-15,,,,71316702.28230318,68726038.98164302,5106476.200254303
mohamed sankoh__2003-10-16,,,,720613.4204763025,707108.4724345984,61811.886893096926
mohamed simakan__2000-05-03,,,,32434600.568655126,32434600.568655126,1267041.1877283847
mohamed toure__2004-03-26,,,,1887349.059719904,1909414.377308507,48094.35548111475
mohamedali cho__2004-01-19,,,,10018166.090060482,9875542.853382563,1557013.110306831
mohammed el adfaoui__2008-02-28,Mohammed El Âdfaoui,MID,1299999.9999999993,456076.48355648585,455574.56115171843,26143.703378787075
mohammed fuseini__2002-05-16,Mohammed Fuseini,MID,3750000.0000000023,2960824.3358772094,2932911.2992882426,173813.4429053296
mohammed kamara__1997-10-31,,,,960188.3408515895,986384.5341602312,271960.26913603296
mohammed kudus__2000-08-02,,,,37376788.32870518,37376788.32870518,1239365.9259747646
mohammed salisu__1999-04-17,Mohammed Salisu,DEF,11500000.000000019,14539482.177394865,14539482.177394865,
moise adilehou__1995-11-01,,,,396347.3428322392,388126.9185649064,41211.802076084634
moise bombito__2000-03-30,Moïse Bombito,DEF,11749999.999999994,13301983.610174848,13444614.24259988,420637.1004359871
moise kean__2000-02-28,,,,42661333.65897246,42661333.65897246,8498506.972275194
moises caicedo__2001-11-02,,,,109180727.28217566,109180727.28217566,2032544.7588572449
moncef zekri__2008-09-20,,,,776913.686888094,776913.686888094,72600.56382251742
montassar talbi__1998-05-26,,,,4046831.271907085,4228890.617161608,494726.26531627326
mor ndiaye__2000-11-22,Mor Ndiaye,MID,587500.0000000002,687458.1569323062,694389.492339683,23519.810750469747
morgan gibbswhite__2000-01-27,,,,33315124.92186795,34414482.97571601,3255928.671502147
morgan guilavogui__1998-03-10,,,,4178967.9012808776,4376556.00208013,684568.3136594408
morgan poaty__1997-07-15,,,,1084631.8444382157,1084631.8444382157,36818.071058243586
morgan rogers__2002-07-26,,,,52659666.59230851,52659666.59230851,
moritz broschinski__2000-09-23,,,,1874944.9298774344,1870826.947447567,108711.2457351813
moritz jenz__1999-04-30,Moritz Jenz,DEF,6749999.999999997,8577163.440273881,8713669.140603881,418742.5093801984
moritz nicolas__1997-10-21,,,,5107663.589898137,5090427.132007506,132738.18285831896
moritzbroni kwarteng__1998-04-28,Moritz-Broni Kwarteng,MID,1249999.999999999,1201121.5595122515,1188454.2609878753,33583.38647832317
morlaye sylla__1998-07-27,Morlaye Sylla,MID,3149999.9999999995,2872405.0031838277,2809233.2106990954,179701.0460810643
mortadha ben ouanes__1994-07-02,,,,1251288.8488274752,1251288.8488274752,
morten frendrup__2001-04-07,,,,10932335.844522616,10867236.755449869,476799.27261770156
morten hjulmand__1999-06-25,,,,36502483.306146264,36502483.306146264,6151823.743776809
mory diaw__1993-06-22,,,,1119716.3517535955,1119716.3517535955,
mory gbane__2000-12-25,,,,1738844.980099854,1745904.0564677538,48187.952368681166
mory konate__1993-11-15,Mory Konaté,DEF,1050000.0000000007,1604383.410319025,1611858.9687459613,47876.044270990875
moses odubajo__1993-07-28,,,,1122338.5176967117,1092022.099009615,89331.50390435019
moses opondo__1997-10-28,Moses Opondo,MID,462500.00000000006,471640.60064273974,479105.9379333427,16392.744734605007
moses simon__1995-07-12,,,,8179657.133168645,8101487.264640426,487443.42047538044
mostafa mohamed__1997-11-28,,,,2251700.5462579452,2268810.655673929,158795.04515255592
mouctar diakhaby__1996-12-19,Mouctar Diakhaby,DEF,4500000.000000002,6935267.511741144,6720938.248082137,536877.0203571961
mouez hassen__1995-03-05,,,,572090.2077592534,572090.2077592534,44892.73648280744
mouhamadou drammeh__1999-05-15,,,,387065.76722412335,387065.76722412335,16453.526807637565
mouhamed belkheir__1999-01-02,,,,1722188.2746074675,1722188.2746074675,24391.60203701438
mounaim el idrissy__1999-02-10,Mounaïm El Idrissy,MID,825000.0000000006,899153.8178160774,899153.8178160774,
moussa cisse__2003-04-29,,,,959677.651377722,959677.651377722,7626.010965576774
moussa diaby__1999-07-07,,,,41305855.215151556,40592080.2403979,5155582.020625499
moussa diakite__2003-11-04,,,,2111697.0004251916,2048838.4349427666,169993.61560797264
moussa diarra__2000-11-10,,,,2551026.8810597793,2591515.3811193774,167089.75699293282
moussa djitte__1999-10-04,Moussa Djitté,FWD,1249999.999999999,803943.0124356799,806704.2615827852,23869.243165797103
moussa kyabou__1998-04-18,,,,525117.8428826008,525117.8428826008,5728.144099647519
moussa mane__2003-11-19,,,,592323.9637505461,583794.3984477199,36835.49744040667
moussa ndiaye__2002-06-18,Moussa N'Diaye,DEF,4150000.000000003,5409839.672230003,5419031.8343018545,219611.6861291148
moussa niakhate__1996-03-08,,,,12811195.361045003,12936090.938706566,318497.0333286779
moussa sissoko__1989-08-16,,,,662082.4624830451,662082.4624830451,
moussa soumano__2005-07-09,,,,1322022.6611246634,1322022.6611246634,9944.323649702781
moussa sylla__1999-11-25,,,,2402062.192170913,2382514.662027831,77417.11963170722
moustapha mbow__2000-03-08,,,,3091932.9858298823,2883329.3711284376,428987.8841241007
muhamed buljubasic__2004-07-04,,,,358446.9695635618,358446.9695635618,72663.68474240508
muhammed cham__2000-09-26,,,,4020857.3614561222,4020949.5664098673,666143.2283425896
muhammed damar__2004-04-09,,,,5575124.545979522,5311927.486583646,675678.1374668801
muhammed kadoglu__2007-01-01,Muhammed Kadıoğlu,DEF,275000.0000000002,315106.4363171431,309711.40851247637,23336.879703592058
muhammed sengezer__1997-01-05,,,,1606042.0364187905,1598727.8158190432,65841.68640234924
muharrem cinan__1998-05-13,,,,253455.52016192666,253455.52016192666,27284.618186837837
mukhammadali urinboev__2005-04-24,,,,762522.0079138797,762522.0079138797,230417.84262557185
mukhtar ali__1997-10-30,,,,884586.5412440458,899241.844811851,121777.60510345394
munashe garananga__2001-01-18,Munashe Garananga,DEF,2199999.9999999995,1830468.5775336875,1858249.9365126987,77699.05367227433
musa barrow__1998-11-14,,,,15862282.427115679,17260492.762603384,4231840.028265329
musa toure__2005-11-12,,,,362984.5353864111,362449.74047354877,33714.48720222739
mustafa eskihellac__1997-05-05,,,,1920540.0257364432,1920540.0257364432,324202.2930579818
mustapha bundu__1997-02-28,,,,1774031.3773090788,1774031.3773090788,3406.1871424986857
mustapha isah__2004-07-23,,,,709974.169889896,709974.169889896,76397.2167676389
myenty abena__1994-12-12,,,,1305185.4476815935,1279972.6867805913,60891.01204463437
mykola kovtalyuk__1995-04-26,Mykola Kovtalyuk,FWD,437499.9999999996,507112.61529250175,508507.11378112005,28234.99618384371
myles lewisskelly__2006-09-26,,,,27718049.1510818,27718049.1510818,4977459.205094786
myles peartharris__2002-09-18,,,,1540792.1293491893,1750353.3515623019,561090.5488900014
myron boadu__2001-01-14,Myron Boadu,FWD,6749999.999999997,9031595.901800945,9031595.901800945,556457.5820965414
myron mauasam__2004-04-01,,,,237564.8724503439,261971.9883070931,89099.0049200601
myron van brederode__2003-07-06,Myron van Brederode,MID,4250000.000000002,4645133.513391977,4474986.409493454,357767.0871927936
myrto uzuni__1995-05-31,,,,3823799.2942901454,3784960.3360236837,499601.5769965319
myziane maolida__1999-02-14,Myziane Maolida,MID,2950000.000000002,4397569.04976372,4482475.039831738,224010.97768895436
naatan skytta__2002-05-07,,,,5679485.8691155,5734718.692093423,252569.44624029592
nabil alioui__1999-02-18,,,,1198251.1286457106,1198251.1286457106,
nabil bahoui__1991-02-05,,,,267835.356316516,267835.356316516,
nabil bentaleb__1994-11-24,,,,8059379.42118666,8037871.091413146,362755.45016284514
naby keita__1995-02-10,Naby Keïta,MID,2100000.000000001,2053442.8293212221,2065653.429384263,31435.02604725838
nachon nsingi__2001-04-24,Nachon Nsingi,FWD,850000.0000000005,1276882.9235241618,1286939.1058151869,38628.42435577296
naci unuvar__2003-06-13,,,,2015374.0432020533,2015374.0432020533,
nadiem amiri__1996-10-27,,,,18900488.76955706,18433553.144934565,833903.399449361
nadir zortea__1999-06-19,,,,5169557.838994306,5169557.838994306,
nahitan nandez__1995-12-28,,,,7142013.492931018,7142013.492931018,595248.0986414169
nahki wells__1990-06-01,,,,453708.52125071373,453708.52125071373,6460.994585425197
nahuel estevez__1995-11-14,,,,1840992.744800378,1820374.2768925095,113315.17490001173
nahuel molina__1998-04-06,,,,10536693.092624808,10425108.501862861,808756.9524561578
nahuel noll__2003-03-17,,,,1034293.1063043958,1019676.8031563378,27393.26847753331
nahuel tenaglia__1996-02-21,Nahuel Tenaglia,DEF,6000000.0,7345831.44475443,7407048.849877921,110947.36379984276
nail mouthasebtaoui__2005-11-17,,,,518370.58579296834,518370.58579296834,63861.33877148168
nais djouahra__1999-11-23,,,,1507390.088273907,1488262.4287696178,60637.31426465767
nampalys mendy__1992-06-23,,,,1691756.598174383,1692618.777697315,200623.22914317306
nando pijnaker__1999-02-25,,,,771437.2468821057,813630.7203340483,116093.79005477262
nando verdoni__2003-07-09,Nando Verdoni,GK,212500.00000000017,231305.98853327855,230683.03923290712,10255.220432110511
naouirou ahamada__2002-03-29,,,,1744729.959579632,1744729.959579632,44746.03666591516
nasser djiga__2002-11-15,Nasser Djiga,DEF,4650000.000000001,2980431.551334683,2983592.132690657,116881.73605990359
nassim boujellab__1999-06-20,,,,507727.7588896553,494883.4309183122,47629.77752092435
nassim chadli__2001-07-28,,,,781085.6070814603,779009.7106572152,28646.617097680744
nathan ake__1995-02-18,,,,22099538.183749393,22431985.324468546,657967.4571921264
nathan baxter__1998-11-08,,,,678029.914813895,678029.914813895,26741.066498479242
nathan bishop__1999-10-15,,,,515966.95018425107,521756.84771459486,20256.746446101755
nathan broadhead__1998-04-05,Nathan Broadhead,MID,2849999.999999999,4261961.92019589,4290751.739734593,876341.6955716521
nathan buayikiala__2004-02-29,,,,637211.1953960302,637211.1953960302,
nathan collins__2001-04-30,,,,25824970.024059307,25357947.98634535,1664239.8916109153
nathan de cat__2008-07-19,,,,2106903.9292192953,2124141.1088322527,107908.31129897262
nathan moriahwelsh__2002-03-18,,,,391427.0970221633,391427.0970221633,33595.13828012865
nathan ngoumou__2000-03-14,,,,2879545.0241451995,3057234.2839011424,444002.19262619555
nathan ngoy__2003-06-10,,,,5505468.222247944,5348484.716609892,311177.43387743004
nathan patterson__2001-10-16,,,,2936448.2904070914,2936448.2904070914,71333.39420660927
nathan redmond__1994-03-06,,,,1494817.1179149274,1494817.1179149274,
nathan rodes__1997-12-11,,,,743549.2544901088,755850.2499006849,76350.03739111793
nathan tella__1999-07-05,,,,11283213.642864123,11431816.451975975,1139312.0590389878
nathan trott__1998-11-21,,,,1542498.8264605023,1455027.3256863332,222022.43150402876
nathan wood__2002-05-31,,,,1584398.0813737472,1590810.2547371904,12565.824619251853
nathan zeze__2005-06-18,Nathan Zézé,DEF,5500000.000000001,5971940.528290265,5868784.941744873,781387.6907397042
nathanael mbuku__2002-03-16,,,,2170652.6604817053,2151863.562408134,89376.26303950566
nathandylan saliba__2004-02-07,,,,3156895.438424731,3123251.677815399,128858.9652206186
nathaniel adjei__2002-08-21,,,,1536536.7168695848,1536536.7168695848,18307.596932042314
nathaniel atkinson__1999-06-13,,,,1099792.8956454552,1114443.2866546907,162809.43482936785
nathaniel brown__2003-06-16,,,,24067210.760423556,22808445.361428868,2395858.8048549974
nathaniel chalobah__1994-12-12,Nathaniel Chalobah,MID,1499999.9999999986,1698126.792563279,1643388.1472743405,120091.58947259377
nathaniel clyne__1991-04-05,,,,809461.0157975057,809461.0157975057,
nathaniel mendezlaing__1992-04-15,,,,535780.5933968277,566011.9188731129,72656.97443397307
nayef aguerd__1996-03-30,,,,23716446.41969061,23191545.165104724,1963018.9677346507
nazar voloshyn__2003-06-17,,,,3706350.53526806,3706350.53526806,
nazariy rusyn__1998-10-25,,,,740391.1600398663,740391.1600398663,309216.7863522704
neal maupay__1996-08-14,,,,5814363.593554444,5814363.593554444,
necip uysal__1991-01-24,Necip Uysal,DEF,349999.9999999997,426428.3686463318,426428.3686463318,26189.0142626557
neco williams__2001-04-13,,,,24343969.978166066,24343969.978166066,4746147.1561965775
nectarios triantis__2003-05-11,,,,3341947.2433207305,3341947.2433207305,
nediljko labrovic__1999-10-10,Nediljko Labrović,GK,2800000.000000002,3054317.105571926,3038611.085992266,108439.65129704695
nedim bajrami__1999-02-28,,,,3084052.90979464,3055058.5037372783,1016186.5030641487
nehemiah fernandez__2004-12-11,,,,611564.7970100798,611564.7970100798,
nehuen perez__2000-06-24,,,,11524001.50490507,11524001.50490507,500340.46331887244
neil el aynaoui__2001-07-02,,,,14372226.18898856,14372226.18898856,1025962.7470208306
neil farrugia__1999-05-19,,,,550752.5816322067,550752.5816322067,39438.73279284176
nelson deossa__2000-02-06,,,,8500693.527954154,8500693.527954154,906382.4404913803
nelson weiper__2005-03-17,Nelson Weiper,MID,6950000.000000006,4196778.697479448,4073863.9104992673,275003.4191082348
nemanja matic__1988-08-01,,,,3157462.664853897,3094146.843468202,159113.3238885847
nemanja mijuskovic__1992-03-04,,,,259291.40366128722,259291.40366128722,
neraysho kasanwirjo__2002-02-18,,,,1865400.3669083954,1925886.2067495196,150679.7780206374
nesta elphege__2001-01-09,,,,661884.3347220151,661884.3347220151,4380.553037471896
nesto groen__2004-07-22,Nesto Groen,FWD,324999.9999999999,290750.9481559126,284858.345883505,17537.558656304904
ngalayel mukau__2004-11-03,Ngal'ayel Mukau,MID,11749999.999999994,7926576.129941662,7731485.263284672,823106.8020475024
ngolo kante__1991-03-29,,,,18665443.646573137,18665443.646573137,
nhoa sangui__2006-02-27,,,,2962979.715113133,2994361.2057558005,660808.5700342521
niall ennis__1999-05-20,,,,926510.832601729,960511.6624151508,73113.79684406423
niall huggins__2000-12-18,,,,1172243.460852725,1205227.3528421647,94029.2414530369
niccolo belloni__1994-07-10,,,,465985.7480683013,465985.7480683013,
niccolo fortini__2006-02-13,Niccolò Fortini,DEF,5450000.0,2721645.4354940876,2622740.684547249,417358.78343602736
niccolo pierozzi__2001-09-12,,,,2323879.853972247,2348519.4163076407,96893.51033495537
niccolo squizzato__2002-01-07,,,,1020464.9269494924,1020464.9269494924,
nicholas bonfanti__2002-03-28,Nicholas Bonfanti,FWD,1450000.0000000002,1612619.8308220613,1601053.6252568108,87651.82743987252
nicholas mickelson__1999-07-24,,,,729869.6532156862,726914.8597757642,6176.262430680951
nicholas opoku__1997-08-11,,,,844781.3129397762,844781.3129397762,32326.116092169632
nicholas pennington__1998-12-18,,,,624497.150876425,624497.150876425,
nicholas pierini__1998-08-06,Nicholas Pierini,MID,1425000.0000000007,2147745.9012434785,2181658.0228313296,165412.2790236236
nick batzner__2000-03-15,Nick Bätzner,MID,1200000.0000000005,999908.5589644518,987696.5496306301,68133.97244481367
nick fichtinger__2004-04-06,,,,1049403.471681269,1049403.471681269,106971.63333418846
nick olij__1995-08-01,,,,4503859.961602592,4493719.136950696,58251.94563544991
nick pope__1992-04-19,,,,6996198.274021109,6920067.725534493,548264.1835894875
nick powell__1994-03-23,Nick Powell,MID,687500.0000000002,477604.26358574687,477604.26358574687,42558.668244269524
nick suman__2000-02-28,,,,189834.5079298317,190732.29081746272,15881.030414174993
nick verschuren__2005-01-13,,,,1190509.5139643047,1193476.874432234,75408.6413125467
nick viergever__1989-08-03,,,,531940.674757138,531940.674757138,
nick woltemade__2002-02-14,,,,46791796.3106418,46791796.3106418,
nicky beloko__2000-02-16,,,,1123279.3805202595,1107757.5364692856,35970.63130660827
nicky cadden__1996-09-19,,,,944865.9074851127,948285.7412925229,8557.870970038743
nicky devlin__1993-10-17,,,,776857.4056051053,803194.2292433903,101303.34191747037
nicky hogarth__2001-07-04,Nicky Hogarth,GK,134999.99999999997,137391.45141084326,137434.66003320785,8863.958414966999
niclas eliasson__1995-12-07,,,,7576222.847573941,7625297.899208218,620765.8747738845
niclas fullkrug__1993-02-09,,,,7235017.013435356,7398316.696664469,393131.6984286549
niclas thiede__1999-04-14,,,,742620.0161244273,742620.0161244273,
nico gonzalez__1998-04-06,,,,15038112.474729186,14703031.61979193,800377.2888736048
nico mantl__2000-02-06,,,,2435936.5565252914,2458706.5310793524,47496.8564988001
nico neidhart__1994-09-27,,,,503251.8276033002,502235.4263806938,12654.593053325692
nico oreilly__2005-03-21,,,,33034036.358065944,32919572.044992954,1007506.3511468464
nico schlotterbeck__1999-12-01,Nico Schlotterbeck,DEF,57749999.99999994,60284496.242507614,60723650.94775128,4578143.285224738
nicola bellomo__1991-02-18,,,,500322.82872222894,500322.82872222894,
nicola leali__1993-02-17,,,,862387.2350083449,848655.2114296483,86135.5589375079
nicola mosti__1998-02-07,,,,921016.1185772526,921016.1185772526,12266.688097041486
nicola ravaglia__1988-12-12,,,,146147.55462664165,146287.61909342243,15919.03126770108
nicola zalewski__2002-01-23,,,,11000043.809728522,11000043.809728522,
nicolae stanciu__1993-05-07,,,,3709260.2823158517,3645268.008069141,160084.71593386255
nicolai fl__1995-09-25,Nicolai Flø,GK,425000.0000000002,381852.0006344354,381852.0006344354,82967.7169547512
nicolai larsen__1991-03-09,,,,461510.3854642887,461588.0315347565,10711.291548450867
nicolai poulsen__1993-08-15,Nicolai Poulsen,MID,899999.9999999995,1110714.5308488635,1104372.714434165,37608.64740381028
nicolai remberg__2000-06-19,Nicolai Remberg,MID,3600000.0000000014,3475965.3064999874,3475965.3064999874,104466.1579643441
nicolai vallys__1996-09-04,Nicolai Vallys,MID,4550000.0,2590352.97380062,2590352.97380062,379816.75109436293
nicolas burgy__1995-08-07,Nicolas Bürgy,DEF,850000.0000000005,762341.2383568959,753318.4948959514,39752.85449848349
nicolas capaldo__1998-09-14,,,,3732818.675373904,3732818.675373904,
nicolas closset__2004-07-10,,,,184669.3136651959,184669.3136651959,6938.809146112381
nicolas cozza__1999-01-08,,,,2197704.066403832,2197704.066403832,
nicolas dominguez__1998-06-28,,,,17268108.915476408,17058660.421417587,881625.2902414746
nicolas fonseca__1998-10-19,,,,3344712.3704872,3374909.108828296,228150.9260691899
nicolas freire__1994-02-18,,,,1089324.295007353,1089324.295007353,
nicolas haas__1996-01-23,,,,1127687.6801772253,1127687.6801772253,75213.73957984956
nicolas jackson__2001-06-20,Nicolas Jackson,FWD,34499999.99999998,37059051.78163635,37059051.78163635,
nicolas janvier__1998-08-11,,,,1441814.4118176969,1459072.469449384,100276.00690487129
nicolas kuhn__2000-01-01,Nicolas Kühn,MID,14499999.99999999,16432219.690881643,16607147.659400288,1138753.9415362475
nicolas lemaitre__1997-01-12,,,,1162758.316531084,1162758.316531084,
nicolas madsen__2000-03-17,,,,2606627.1849668706,2606627.1849668706,
nicolas milanovic__2001-11-14,,,,2242627.4597244435,2238336.0039475155,55377.023691412964
nicolas oroz__1994-04-01,Nicolás Oroz,MID,1625000.0000000012,2061704.1509637297,2061704.1509637297,46419.78936810754
nicolas otamendi__1988-02-12,Nicolás Otamendi,DEF,2800000.000000002,4837397.171048078,4786544.603013144,414341.8348159277
nicolas pallois__1987-09-19,,,,629991.4612553043,629991.4612553043,47597.29228116236
nicolas pepe__1995-05-29,,,,21438034.099631246,20492444.440152884,1820485.540169341
nicolas raskin__2001-02-23,Nicolas Raskin,MID,13249999.99999999,14130051.63891333,14153174.957793904,676083.479405016
nicolas saintruf__1992-10-24,,,,414413.9079988423,414413.9079988423,8863.947610844127
nicolas seiwald__2001-05-04,,,,19972874.89388582,19958991.190259796,107196.28862575388
nicolas sessa__1996-03-23,,,,461582.74795334117,461582.74795334117,
nicolas tagliafico__1992-08-31,,,,6398205.305298506,6414351.9802165525,242290.65542040684
nicolas valentini__2001-04-06,,,,5306244.621685625,5183231.628009664,382462.63701353775
nicolo barella__1997-02-07,,,,87334655.93244842,87334655.93244842,244272.14026770243
nicolo bertola__2003-03-23,,,,3154421.896711033,3207845.8860458876,218587.34916919
nicolo brighenti__1989-08-01,,,,250243.92203771666,252515.62810900982,15057.600010473989
nicolo calabrese__2004-11-16,,,,558503.4853322698,558503.4853322698,67433.12446728146
nicolo cambiaghi__2000-12-28,,,,5607220.5778057,5607220.5778057,167166.3440783871
nicolo casale__1998-02-14,,,,6409392.439463815,6409392.439463815,
nicolo cavuoti__2003-04-04,,,,672397.4497760984,672397.4497760984,4565.51091240431
nicolo fagioli__2001-02-12,,,,12486657.199123733,12488177.30686631,206942.1230908702
nicolo rovella__2001-12-04,,,,23606936.16796336,23553492.0632623,944071.84469839
nicolo savona__2003-03-19,,,,13693333.225147268,13693333.225147268,
nicolo tresoldi__2004-08-20,Nicolò Tresoldi,FWD,7750000.000000002,5674713.619042491,5797721.186580785,447570.2379797554
nicolo zaniolo__1999-07-02,Nicolò Zaniolo,MID,16999999.999999974,5605138.766998838,5340953.771116379,467900.32800677896
nidal celik__2006-07-17,,,,957552.2285707528,924879.6582257373,59781.43319734428
niek schiks__2004-02-03,,,,554472.860383278,554472.860383278,48901.913557337684
niels devalckeneer__2004-05-17,,,,291569.83206919587,291569.83206919587,8465.425917367316
niels martens__2004-05-07,,,,191181.1095598921,191181.1095598921,4715.466644683422
niels nkounkou__2000-11-01,,,,4315120.801446429,4315120.801446429,326431.3691029363
nigel lonwijk__2002-10-27,,,,1217431.1935110316,1217431.1935110316,12547.796500755276
nigel ogidi nwankwo__1998-08-04,Nigel Ogidi Nwankwo,DEF,249999.9999999998,285778.3342134678,286706.6785851604,16420.43239685639
nihad mujakic__1998-04-15,,,,1078397.6976395017,1097842.1909302054,56157.62215345885
nik prelec__2001-06-10,,,,2189240.9670197167,2114755.6682231375,155005.32594295585
nikita contini__1996-05-21,,,,1085423.6817082157,1085423.6817082157,
nikita haikin__1995-07-11,,,,3195040.9567947397,3195040.9567947397,476907.1571228928
niklas dorsch__1998-01-15,,,,4186983.7845858373,4188331.556461203,51229.09090380923
niklas hauptmann__1996-06-27,,,,1470119.9870999134,1479094.0326680497,120078.02185089496
niklas hult__1990-02-13,,,,458186.3980165026,460966.735592218,8383.17632434962
niklas kolle__1999-11-17,,,,492190.2067748103,489831.2397462368,23353.626172110766
niklas lomb__1993-07-28,,,,421304.9260882881,433921.38147793885,31913.61879584015
niklas pyyhtia__2003-09-25,,,,2372015.8133826572,2348616.131946226,129712.04103506055
niklas schmidt__1998-03-01,,,,2518822.2967857285,2464369.2100636777,177218.73779207634
niklas sule__1995-09-03,,,,13444876.156234097,13444876.156234097,315431.3526505546
niklas vesterlund__1999-06-06,,,,1133197.7254435048,1132710.2324822447,104039.90410636057
niklas wiemann__1999-02-23,,,,597853.4270101158,603660.0017713602,20961.983994131675
niko hamalainen__1997-03-05,,,,550458.9034444889,558913.2134613581,35849.10521680496
nikola cavlina__2002-06-02,,,,1303723.9290064287,1257663.50989999,132722.59662103027
nikola katic__1996-10-10,,,,1783965.5616728058,1783965.5616728058,43976.2811866553
nikola krstovic__2000-04-05,,,,13249411.43601037,13249411.43601037,593985.4139430699
nikola maras__1995-12-19,,,,1020164.1639090447,1020326.8545278135,47508.48247850086
nikola milenkovic__1997-10-12,Nikola Milenković,DEF,30250000.000000015,30576908.719101936,30576908.719101936,1664783.3823501235
nikola mileusnic__1993-07-17,,,,237814.08240494505,272460.52314681857,60021.699387374734
nikola mituljikic__2003-01-20,,,,985562.09912655,986754.6325700991,169117.22183508886
nikola moro__1998-03-12,Nikola Moro,MID,5500000.000000001,6654528.245731756,6654528.245731756,494970.3774827883
nikola sekulov__2002-02-18,,,,1160543.2454969995,1197376.5439744946,122145.07266644579
nikola stojanovic__1995-02-17,Nikola Stojanović,MID,195000.00000000006,130993.02764480347,136753.8467482385,15675.218077579771
nikola storm__1994-09-30,,,,3231099.8351949267,3231099.8351949267,246576.09693852358
nikola stulic__2001-09-08,,,,3199211.704166535,3267710.7048243335,195824.89488742632
nikola vlasic__1997-10-04,,,,18725572.96477545,18725572.96477545,360350.90240575944
nikolai alho__1993-03-12,,,,594589.5878316244,589262.778614819,25684.276666452934
nikolai baden frederiksen__2000-05-18,,,,627296.2520181104,619842.0055451377,20021.949683009534
nikolai hopland__2004-07-24,,,,1792937.6294648608,1792937.6294648608,
nikolaos athanasiou__2001-03-16,Nikolaos Athanasiou,DEF,1150000.0000000005,1719117.304878416,1719117.304878416,30455.87245095117
nikolaos vergos__1996-01-13,,,,610774.5934975501,610774.5934975501,44734.75877995514
nikolas agrafiotis__2000-04-25,Nikolas Agrafiotis,FWD,737500.0000000005,727628.9382250329,727925.9826857736,14000.806471718884
nikolas dyhr__2001-06-18,,,,1696355.9795670966,1715386.797215512,120574.43106962348
nikolas ioannou__1995-11-10,,,,1406155.5428825712,1415512.665497986,24161.398914028796
nikolas nartey__2000-02-22,Nikolas Nartey,DEF,1450000.0000000002,2384834.0187004856,2407763.729296114,73668.43051488609
nikolas sattlberger__2004-01-18,,,,3390502.6564006517,3390502.6564006517,
nils de wilde__2003-01-27,,,,1246481.001653854,1246481.001653854,
nils rossen__2004-08-01,,,,1128983.9645945001,1128983.9645945001,3008.2935463180033
nils zatterstrom__2005-03-29,,,,1058405.6253513717,1085894.772544044,104820.0845598744
nilson angulo__2003-06-19,,,,3789720.0920468154,3903262.8598824344,381616.9819300042
nnamdi ofoborh__1999-11-07,,,,430325.5584353104,422555.0284185418,51175.6366433656
noa lang__1999-06-17,,,,22624547.69768247,22624547.69768247,2084198.9536747474
noah adedejisternberg__2005-06-19,,,,3357972.1974686007,3305828.3654280333,262596.5912214989
noah atubolu__2002-05-25,,,,13861909.88813369,13935670.258829672,1138858.8477822538
noah cadiou__1998-10-26,,,,2285563.75088232,2285563.75088232,
noah edjouma__2005-10-04,Noah Edjouma,MID,2499999.9999999995,1685957.2546500128,1685957.2546500128,
noah fatar__2002-02-15,,,,477822.53840471373,477822.53840471373,11830.504798978003
noah ganaus__2001-01-19,,,,1212903.3525045817,1212903.3525045817,130301.55356647793
noah jean holm__2001-05-23,,,,1204782.2986370246,1204782.2986370246,122710.23469385218
noah katterbach__2001-04-13,,,,1743308.5729701144,1730299.7516779006,86212.66831581458
noah konig__2003-05-17,,,,540193.8223457864,540193.8223457864,6912.682995265085
noah lahmadi__2005-01-05,,,,566681.965894982,565792.8605005209,20476.24236759356
noah loosli__1997-01-23,,,,1031271.2349338424,1031271.2349338424,73364.91653479818
noah mbamba__2005-01-05,,,,1662828.5464182072,1662828.5464182072,
noah nartey__2005-10-05,Noah Nartey,MID,1350000.0,1940827.7648828942,1894152.9774317085,148591.6503788211
noah naujoks__2002-05-02,,,,1068159.6989306116,1078554.5343811235,18908.335862745156
noah ohio__2003-01-16,,,,1758408.354807467,1760968.5173315855,66511.99352130671
noah okafor__2000-05-24,,,,12127189.335923808,12081608.075476982,314567.9809245834
noah raveyre__2005-06-22,,,,797372.3396914393,799033.7639998009,20749.886672833883
noah sadiki__2004-12-17,,,,25159560.473997593,25572919.958707232,2404221.4770378345
noah shamoun__2002-12-08,Noah Shamoun,MID,512499.9999999997,394436.99752322264,379740.6509462327,80378.67620364517
nobel mendy__2004-09-03,,,,4373925.996825894,4373925.996825894,18719.15322291265
nodar lominadze__2002-04-04,,,,840566.253148595,832806.0435846434,29102.917228604023
noe dussenne__1992-04-07,,,,972197.3256550531,972197.3256550531,95885.026271233
noe lebreton__2004-04-22,,,,1126413.470006502,1161576.267181343,62469.121818454994
noe sow__1998-12-18,,,,481082.4467505276,494728.74979688314,29166.6232318279
noel aseko__2005-11-22,Noël Aséko,MID,1924999.9999999995,2256331.1604227154,2256331.1604227154,123728.16436944752
noham kamara__2007-01-22,Noham Kamara,DEF,1499999.9999999986,1520939.5527209889,1572319.3627328663,99527.96072588654
nohan kenneh__2003-01-10,,,,542430.6727313541,553962.7099673171,32019.454840838516
noni madueke__2002-03-10,,,,41837471.154797025,41353439.461959854,1238891.2225245112
nordan mukiele__2006-02-12,,,,947957.806815769,947957.806815769,11971.143169398874
nordi mukiele__1997-11-01,,,,19887483.237249,20061210.18567591,382702.4459962444
nordin bakker__1997-10-31,,,,621969.9770852603,621969.9770852603,796.0321325857751
nordin bukala__2005-09-18,Nordin Bukala,MID,737500.0000000005,864393.6738302627,877244.7146292708,35065.19046081858
nordin jackers__1997-09-05,,,,1453254.1388644762,1453254.1388644762,108046.41900683183
nordine kandil__2001-10-31,,,,1767378.8410961337,1767378.8410961337,134204.40703812733
nouha dicko__1992-05-14,Nouha Dicko,FWD,637500.0000000003,960824.9737040822,955050.0716928095,66772.55878977614
noussair mazraoui__1997-11-14,Noussair Mazraoui,DEF,21250000.000000034,23354004.58656754,22746296.12046124,2771548.364699537
novatus miroshi__2002-09-02,,,,2042057.6625795902,2130849.92767325,381647.2764647183
nunzio lella__2000-07-28,,,,1166413.8325199266,1166413.8325199266,32475.809609866483
nurettin korkmaz__2002-06-27,,,,312603.5665177014,309374.0864123445,22269.21075348455
obed nkambadio__2003-02-07,,,,5342348.655240476,5290376.792637882,147616.42360189356
obed vargas__2005-08-05,,,,4171276.943795012,4171276.943795012,
obinna nwobodo__1996-11-29,Obinna Nwobodo,MID,2750000.0,2705493.939863932,2718835.0346761188,169015.99482303148
odilon kossounou__2001-01-04,Odilon Kossounou,DEF,24500000.000000007,30272593.302487228,28115695.958557725,4073437.732921124
odin bailey__1999-12-08,,,,736388.7759024755,736388.7759024755,
odsonne edouard__1998-01-16,,,,6650416.119945576,6572646.599825444,381069.4760667199
odysseas vlachodimos__1994-04-26,Odysseas Vlachodimos,GK,5750000.000000005,4190459.4580970462,4190459.4580970462,772496.1994034437
odysseus velanas__1998-06-05,Odysseus Velanas,MID,700000.0000000006,671698.0601750233,762111.0350900297,236419.37528621734
ofosu boakye__2007-07-10,,,,276649.03232714225,276649.03232714225,44289.815241798795
ogulcan ulgun__1998-05-11,Oğulcan Ülgün,MID,974999.9999999999,735271.7182205868,735271.7182205868,
ogun bayrak__1998-10-10,Ogün Bayrak,DEF,999999.9999999997,1359291.5124087967,1349197.7523402772,78412.8391965756
ogun ozcicek__1999-01-24,,,,937885.4815231645,937885.4815231645,
oguz aydn__2000-10-27,,,,10831749.946663942,11215184.0234637,903504.0789696985
ohi omoijuanfo__1994-01-10,Ohi Omoijuanfo,MID,1200000.0000000005,616489.2207960044,616489.2207960044,16156.496616943248
okan kocuk__1995-07-27,,,,1807323.996344491,1787854.0285196744,215107.46503928164
okay yokuslu__1994-03-09,,,,3401053.3444785574,3265312.707050489,723514.3161436548
ola aina__1996-10-08,,,,17193378.416802656,18453561.106368665,2501133.9551146515
ola brynhildsen__1999-04-27,,,,2208744.7363469955,2208744.7363469955,14342.460517411342
ola solbakken__1998-09-07,,,,1274715.4587092572,1274715.4587092572,56104.64944353276
ole pohlmann__2001-04-05,,,,3112393.148156013,3065218.275251935,137642.29366434616
ole romeny__2000-06-20,Ole Romeny,MID,1050000.0000000007,1382306.9434473647,1382306.9434473647,132744.7592984984
oleksandr nazarenko__2000-02-01,,,,1675498.4246980897,1675498.4246980897,33352.11294882444
oleksandr pikhalyonok__1997-05-07,,,,6237379.304337932,6237379.304337932,
oleksandr romanchuk__1999-12-16,,,,1847879.2586676078,1847879.2586676078,110968.43220644686
oleksandr safronov__1999-06-11,Oleksandr Safronov,DEF,324999.9999999999,450055.5367199224,450055.5367199224,
oleksandr svatok__1994-09-27,,,,1266998.6846838098,1266998.6846838098,
oleksandr syrota__2000-06-11,,,,1311189.989507708,1323318.6948846567,38799.4651640644
oleksandr tymchyk__1997-01-20,,,,2231355.857805729,2231355.857805729,75840.8261190709
oleksandr yatsyk__2003-01-03,,,,2753031.003691596,2753031.003691596,7026.224472998039
oleksandr zinchenko__1996-12-15,Oleksandr Zinchenko,DEF,12249999.999999987,9934501.491592385,10114970.384693176,1388172.235624077
oleksandr zubkov__1996-08-03,Oleksandr Zubkov,MID,10499999.999999994,11980243.007815244,13336877.950039407,2659336.167141769
oli mcburnie__1996-06-04,Oli McBurnie,FWD,4349999.999999996,5823851.004431094,6015562.496416302,777318.2199179068
oliver abildgaard__1996-06-10,,,,1419071.380020904,1419071.380020904,29120.397762017143
oliver antman__2001-08-15,,,,7036234.846852078,7036234.846852078,
oliver arblaster__2004-01-08,,,,3704538.0942771873,3704538.0942771873,746548.0871126406
oliver batista meier__2001-02-16,,,,1770194.683128734,1713287.6346695318,114687.87924913329
oliver baumann__1990-06-02,,,,4473422.324968115,4473422.324968115,648398.5617257304
oliver braude__2004-02-21,,,,2102249.0268497537,2105818.776034281,108418.31424692633
oliver bundgaard__2001-06-15,,,,1112774.5372492163,1112774.5372492163,
oliver burke__1997-04-07,,,,2706155.127658105,3138220.88208922,995722.8458583734
oliver christensen__1999-03-22,Oliver Christensen,GK,1699999.9999999988,1728486.8979164015,1788680.0482142349,306142.35172075796
oliver edvardsen__1999-03-19,,,,3528140.1755761504,3528140.1755761504,
oliver hjer__2007-01-24,,,,314763.75669421814,314763.75669421814,4571.764598763029
oliver norwood__1991-04-12,,,,910833.4305671456,910833.4305671456,114333.97734588168
oliver olsen__2000-08-13,,,,2451583.42980079,2411189.393580099,114135.55089417954
oliver provstgaard__2003-06-04,,,,1839599.6867797554,1760815.18406237,206383.07674022196
oliver scarles__2005-12-12,Oliver Scarles,DEF,5650000.000000001,4852753.405584783,4935288.140802151,460643.9268246915
oliver skipp__2000-09-16,,,,5844959.288724146,6251409.394536141,731163.9651903601
oliver sonne__2000-11-10,,,,2928557.4068029486,2928557.4068029486,74570.53187721997
oliver sorg__2007-07-31,,,,323166.3884934246,323166.3884934246,
oliver srensen__2002-03-10,Oliver Sørensen,MID,6350000.0,5023281.636828839,5122966.2379203355,521231.3869308517
oliver villadsen__2001-11-16,,,,1167050.172037879,1183052.489118837,33316.55272002833
oliver zanden__2001-08-14,,,,1167093.3553543112,1167093.3553543112,
olivier aertssen__2004-08-07,,,,1150725.6867389486,1157563.3149063603,24168.126990914403
olivier boscagli__1997-11-18,Olivier Boscagli,DEF,16500000.000000013,18856662.655547034,18553244.115003046,753794.4073897846
olivier deman__2000-04-06,,,,2339648.2952274224,2375676.307219713,237474.3818988047
olivier giroud__1986-09-30,Olivier Giroud,FWD,3149999.9999999995,5675656.639853566,5620319.104266117,260730.73572713858
olivier kemen__1996-07-20,,,,2082404.9855480413,2106173.509248127,122393.80888650521
olivier ntcham__1996-02-09,,,,3723944.275019245,3723944.275019245,137934.01995257707
oliwier zych__2004-06-28,,,,1175433.9062090286,1182951.8665186057,38783.10386477508
ollie oneill__2003-01-08,,,,917517.7886119445,907402.4622071234,39974.94455532422
ollie watkins__1995-12-30,,,,33493797.35959378,33493797.35959378,4785394.569429618
oluwaseun adewumi__2005-02-23,,,,614567.9054710742,629716.9583863998,57674.67338926497
omar alderete__1996-12-26,,,,19528193.4298847,19528193.4298847,
omar bogle__1993-07-26,,,,266499.7162030069,264044.9384746416,20134.080957388334
omar fayed__2003-07-04,,,,1218736.2702394063,1123992.4564160593,175102.84994782048
omar marmoush__1999-02-07,,,,36811768.80513509,33549135.483629186,7669509.264412933
omar richards__1998-02-15,,,,2481497.728390964,2528201.370677559,162971.09887910384
omari forson__2004-07-20,Omari Forson,MID,1849999.9999999995,1238175.1334151113,1247181.6014816596,19453.09556868956
omer ali sahiner__1992-01-02,,,,718257.7614295372,724256.7818673332,23250.949022966935
omer hanin__1998-05-14,,,,244413.94889231434,251154.2864566738,31113.71462224289
omri gandelman__2000-05-16,,,,3150954.140555479,3148954.6481708046,49003.72249419892
ondrej duda__1994-12-05,Ondrej Duda,MID,4000000.0000000005,3837580.4163644537,3957168.570216748,333147.46808409237
ondrej lingr__1998-10-07,,,,1926220.5881295246,1930891.9821551242,62170.47611769725
onel hernandez__1993-02-01,,,,1270469.7488293326,1250728.1048407974,87498.64034002968
onur bulut__1994-04-16,,,,1100647.314936313,1145701.4402809155,94472.1047828417
onur ergun__1992-11-15,Onur Ergün,MID,487499.9999999996,800089.472015315,792463.4913035268,29827.519323876826
onuralp cevikkan__2006-01-02,Onuralp Çevikkan,GK,899999.9999999995,804115.0160762767,807798.4999616564,24900.414855549072
or israelov__2004-09-02,,,,461915.0362389549,461915.0362389549,13448.572217016872
orbelin pineda__1996-03-24,,,,7258993.159522284,7258993.159522284,1244604.0981318853
orel mangala__1998-03-18,,,,9128476.45958588,9238749.930338485,352473.0934447043
orest lebedenko__1998-09-23,,,,1152773.7205085424,1152773.7205085424,78857.8858058911
orestis kiomourtzoglou__1998-05-07,,,,700555.5891496515,700555.5891496515,29538.271782131895
orji okwonkwo__1998-01-19,,,,931386.4288706919,931386.4288706919,
orkun kokcu__2000-12-29,,,,37000817.98056627,37979157.62927353,5244536.677880619
orri oskarsson__2004-08-29,Orri Óskarsson,FWD,9249999.999999987,7621006.857944779,7504113.836251041,300590.09077234997
ortwin de wolf__1997-04-23,,,,1842460.9913564548,1842460.9913564548,112463.526677749
osame sahraoui__2001-06-11,,,,12049005.53639185,12049005.53639185,888465.1173916247
osaze de rosario__2001-07-19,,,,299929.28383414116,302439.6749222857,14383.45212097532
osaze urhoghide__2000-07-04,,,,1596348.9247888187,1596348.9247888187,114121.17945411525
oscar bobb__2003-07-12,Oscar Bobb,MID,20999999.99999998,17504004.148157015,17954064.00901855,3440818.1843944164
oscar cortes__2003-12-03,Óscar Cortés,MID,2700000.0,1668392.2658530835,1745123.4919758057,137304.4558782406
oscar gloukh__2004-04-01,,,,16822356.814986613,16968134.359812103,1528834.9870735693
oscar hedvall__1998-08-09,,,,698927.0444178196,705738.5822525433,34625.451049472875
oscar hjlund__2005-01-04,Oscar Højlund,MID,6999999.999999995,6599560.726113714,6794131.732363348,475039.18238837004
oscar perea__2005-09-27,,,,1730186.1346203503,1730186.1346203503,96271.45425339023
oscar pettersson__2000-02-01,Oscar Pettersson,MID,700000.0000000006,803191.3550502444,803191.3550502444,40470.268754850804
oscar priestman__2003-03-25,,,,831378.9101393727,835085.9487067219,25498.180837383665
oscar schonfelder__2001-02-05,Oscar Schönfelder,DEF,537500.0000000003,594916.0047983521,612489.231989336,29702.469610579392
oscar schwartau__2006-05-17,,,,1724888.4285691718,1724888.4285691718,80539.02545962964
oscar trejo__1988-04-26,,,,701102.3308199286,686227.7072832088,51426.81721100541
oscar uddenas__2002-08-17,,,,762033.9973188649,762033.9973188649,90849.99903405528
oscar ustari__1986-07-03,,,,152266.83152510997,152832.94246021155,12139.594732939006
oscar vilhelmsson__2003-10-02,Oscar Vilhelmsson,FWD,2150000.0,1649509.8908542993,1734757.4870373376,195975.72828183684
oskar annell__2005-02-15,,,,171107.3347237496,171107.3347237496,11903.781358537366
oskar boesen__2005-05-05,,,,647203.814616525,651569.7547639967,40184.56317712422
oskar fallenius__2001-11-01,,,,1274609.9162638993,1276751.9608289853,58037.40641967295
oskar pietuszewski__2008-05-20,,,,1668659.7950332642,1668659.7950332642,
oskar sivertsen__2004-02-15,Oskar Sivertsen,MID,950000.0000000008,865412.3450948391,870297.607140284,51054.281628176795
oskar zawada__1996-02-01,Oskar Zawada,FWD,825000.0000000006,1011026.5892877283,984308.7373015041,54171.37160651911
osman bukari__1998-12-13,,,,1994636.5536500379,1994636.5536500379,133586.99192150938
otar kakabadze__1995-06-27,Otar Kakabadze,DEF,950000.0000000008,1120637.4837725493,1120637.4837725493,12492.399302632053
otar mamageishvili__2003-01-15,,,,1128204.8891454716,1128204.8891454716,
othmane maamma__2005-10-06,,,,1582246.6584840005,1559547.683980675,48957.627058516075
otto stange__2007-02-09,Otto Stange,MID,2000000.0000000016,927160.470440798,938251.8152368821,51475.99947377735
oumar diakite__2003-12-20,Oumar Diakité,FWD,5250000.0,4987893.015028078,4987893.015028078,469127.6797488844
oumar ngom__2004-03-09,,,,1202574.010277617,1234076.7593970324,190894.60403701337
oumar solet__2000-02-07,,,,18839851.854389373,18445844.141291216,932411.0523651162
ousmane camara__2001-11-03,,,,872280.4864475755,939251.1522175102,169749.7529413562
ousmane camara__2003-03-06,,,,3261871.8815732975,3261871.8815732975,
ousmane dembele__1997-05-15,,,,99013388.52050406,107842149.54888675,24391045.32371505
ousmane diao__2004-06-08,Ousmane Diao,DEF,4449999.999999997,3880440.8652611068,4045636.6043310147,339994.7036803074
ousmane diomande__2003-12-04,,,,26504716.64323754,26420168.077830814,1108813.0825699635
ousmane sow__2000-07-05,,,,1699155.9870153738,1703687.2230814183,62649.94776402082
ousmane toure__2005-02-18,,,,1135438.3683373302,1115804.763233649,78049.6713052243
oussama el azzouzi__2001-05-29,,,,1570652.8469264212,1564770.922575119,107747.77681600313
oussama targhalline__2002-05-20,,,,7588908.131337683,7377698.329882823,480643.76712969085
ousseynou ba__1995-11-11,Ousseynou Ba,DEF,3049999.999999998,2859306.5159320426,2859306.5159320426,
ousseynou niang__2001-10-12,,,,4421772.087765314,4667617.864759279,565096.9868113161
ovie ejaria__1997-11-18,,,,328669.9287132045,328669.9287132045,
ovie ejeheri__2003-04-23,,,,486314.8285922246,495762.21641100233,56725.706695884895
owen beck__2002-08-09,,,,3322362.774891887,3322362.774891887,621736.7184717479
owen dodgson__2003-03-19,,,,723436.6348680925,732820.7968301314,57942.964810440586
owen elding__2006-03-07,,,,874842.9990442122,883396.150786103,77968.86950881055
owen jochmans__2003-01-28,,,,235117.92392366368,238464.75853969695,6453.373533911961
owen maes__1998-09-24,,,,715059.924423889,715059.924423889,4782.612083777907
owen wijndal__1999-11-28,Owen Wijndal,DEF,3149999.9999999995,2387160.7728395797,2377935.2863003802,74233.0410110922
owura edwards__2001-04-10,,,,428165.60226246325,436060.4354803945,24573.470016174047
ozan kabak__2000-03-25,,,,6423546.280111253,6423546.280111253,956029.3836020584
ozan kokcu__1998-08-18,,,,685777.973842039,685189.4180318508,78542.843875398
pablo galdames__1996-12-30,,,,1185130.0287234087,1218660.8229291583,74078.99025487757
pablo pagis__2002-12-29,,,,2288300.2066826657,2288300.2066826657,751491.1900687243
pablo rosario__1997-01-07,,,,10101661.925833203,10507419.481505694,859535.8566800095
pablo sabbag__1997-06-11,,,,1677943.7710857254,1713770.9526293692,201000.702977752
pachanga kristensen__2006-12-07,,,,270484.09935703827,260399.4504506244,18750.797036276694
paddy barrett__1993-07-22,,,,400002.22227933025,402275.4310280881,11836.730006476926
paddy mcnair__1995-04-27,,,,2235452.0652378593,2224416.420421843,33066.0278024761
pal alexander kirkevold__1990-11-10,,,,351617.679595358,354732.0242486861,22270.467546120293
panagiotis retsos__1998-08-09,,,,10268141.102693822,10268141.102693822,
panos katseris__2001-07-05,Panos Katseris,DEF,2449999.9999999995,2343200.081541717,2343200.081541717,70379.9398029673
pantelis hatzidiakos__1997-01-18,,,,2175985.575856418,2210139.460663572,70446.76241924861
paolo ghiglione__1997-02-02,,,,1031327.4282103997,1029269.6442886997,10773.42863795319
papa amadou diallo__2004-06-25,,,,2199508.894294335,2284524.638646315,245736.42262088737
pape demba diop__2003-09-04,,,,2846379.586675198,2846379.586675198,58739.34469863796
pape gueye__1999-01-24,,,,15942056.77904163,15942056.77904163,
pape habib gueye__1999-09-20,,,,1463903.0569670359,1463903.0569670359,110772.17572338365
pape matar sarr__2002-09-14,,,,41620359.65739853,40732878.83763786,3769259.3520812597
pape moussa fall__2004-07-04,,,,762337.6493541554,762337.6493541554,
pape sy__1997-05-02,Pape Sy,GK,474999.99999999977,545381.1349157814,550338.3902683745,27164.595137118413
parfait bizoza__1999-03-03,,,,507050.21203468373,498311.5264503421,43690.27298273556
paris brunner__2006-02-15,,,,1452898.8694271403,1452898.8694271403,59486.97821537442
paris maghoma__2001-05-08,,,,1357730.940040605,1368319.8039395523,68796.6064799009
pascal gregor__1994-02-18,,,,419915.94403077674,418559.3617445068,9360.50098769162
pascal gro__1991-06-15,,,,5826028.685044679,6125539.316099158,713169.378160873
pascal klemens__2005-02-23,,,,2142883.760490897,2142883.760490897,
pascal kuiper__2004-03-17,,,,231503.25536703688,231503.25536703688,6757.283519665609
pascal stenzel__1996-03-20,,,,1558755.695972868,1558755.695972868,107866.63981720827
pascal struijk__1999-08-11,,,,11529234.43133574,11734238.956925867,463268.657774301
pasquale mazzocchi__1995-07-27,,,,1909545.839006997,1875530.749027585,66828.17044628269
pathe ciss__1994-03-16,,,,7321029.529692817,7310091.852623759,418554.90836778545
pathe mboup__2003-10-19,,,,3467675.7490828717,3467675.7490828717,148008.34518053647
patric pfeiffer__1999-08-20,,,,1719701.11030216,1719701.11030216,112099.27717723271
patrick bamford__1993-09-05,,,,2533619.78731009,2392786.319152091,290344.2864725929
patrick bauer__1992-10-28,Patrick Bauer,DEF,487499.9999999996,300939.1346680713,300939.1346680713,18048.96760245706
patrick berg__1997-11-24,,,,10321125.660613094,10321125.660613094,2490854.9763168935
patrick brouwer__2001-03-19,,,,528117.1290080126,528117.1290080126,7862.237574745149
patrick cutrone__1998-01-03,,,,5997079.665691914,6099379.711508223,305130.2182894048
patrick dorgu__2004-10-26,,,,9727016.995774131,9727016.995774131,
patrick drewes__1993-02-04,,,,841426.5584778201,841426.5584778201,
patrick egelund__2000-08-02,,,,479645.2717185904,479645.2717185904,12232.82205549023
patrick enrici__2001-05-02,,,,555734.3585975432,556283.5066155385,5612.499339952561
patrick erras__1995-01-21,,,,803995.0392999207,811517.1508195119,13138.315445235745
patrick kammerbauer__1997-02-11,,,,582492.1687460333,583213.988616672,8544.262598232934
patrick mainka__1994-11-06,Patrick Mainka,DEF,4500000.000000002,5270926.38438112,5135012.11663935,309199.6424541103
patrick mortensen__1989-07-13,,,,751721.1788669223,713079.0585178352,84746.72705451517
patrick pentz__1997-01-02,,,,1807450.8615825486,1815990.221113534,54113.91098365173
patrick pflucke__1996-11-30,Patrick Pflücke,MID,2900000.0000000014,3535116.610729032,3780333.6576746935,581144.2074581605
patrick roberts__1997-02-05,Patrick Roberts,MID,2800000.000000002,2539704.632316374,2530900.135744393,260835.05709421934
patrick sussek__2000-02-08,,,,729874.3348127571,729874.3348127571,64791.64259223913
patrick twumasi__1994-05-09,Patrick Twumasi,MID,749999.9999999998,597883.1559256782,589233.7996949882,68111.27731595897
patrick van aanholt__1990-08-29,Patrick van Aanholt,DEF,625000.0000000002,701778.8384040643,701778.8384040643,75119.65530858461
patrick wimmer__2001-05-30,,,,16980121.02555559,17189487.049167342,1228861.018842833
patrik carlgren__1992-01-08,,,,706061.3364418683,711095.7543528075,123137.51121722978
patrik gunnarsson__2000-11-15,,,,911569.9011719078,911569.9011719078,502068.87914025
patrik mijic__1998-11-04,,,,962617.8581966127,960421.5518406649,71637.07173100967
patrik schick__1996-01-24,,,,46467633.26818961,46868274.666195646,4842340.381122193
patrik walemark__2001-10-14,Patrik Wålemark,MID,2750000.0,2282376.7906036284,2282376.7906036284,14414.710417799482
patrizio masini__2001-01-27,,,,1550946.453347932,1550946.453347932,122776.13588172574
patryk dziczek__1998-03-25,,,,1227157.908942784,1230628.1457635642,20036.388840717314
patryk klimala__1998-08-05,Patryk Klimala,FWD,1849999.9999999995,990770.7382611998,1075080.6859079446,213786.92373071902
patryk szysz__1998-04-01,Patryk Szysz,MID,775000.0000000007,602084.4701622053,677657.737664571,162489.45620665498
patson daka__1998-10-09,Patson Daka,FWD,8249999.9999999935,2045837.9769474303,2020941.6618435783,116612.47942427915
paul argney__2006-05-23,,,,491413.74602898577,491413.74602898577,
paul bernardoni__1997-04-18,,,,1471942.4418211386,1466581.4658317934,51762.54437911906
paul gladon__1992-03-18,,,,445178.7776388194,445178.7776388194,4203.383315279845
paul izzo__1995-01-06,,,,1128234.288885338,1126302.25203054,44141.544418436475
paul joly__2000-06-07,Paul Joly,DEF,2100000.000000001,2891139.8447082187,2795553.2404838977,284228.25742803107
paul mcginn__1990-10-22,,,,197553.6019382252,197553.6019382252,16965.75071648357
paul nebel__2002-10-10,,,,16336366.471425584,16336366.471425584,1215876.913486019
paul onuachu__1994-05-28,,,,5994547.214253325,5914771.589556301,461022.1832445975
paul pogba__1993-03-15,,,,7842363.094713051,7810306.332528279,186944.48485847254
paul reverson__2005-06-20,,,,768528.5753739325,763425.921271713,31515.25269276651
paul seguin__1995-03-29,,,,1688797.2022062445,1688797.2022062445,
paul wanner__2005-12-23,Paul Wanner,MID,11749999.999999994,6644594.3563437555,6712148.386222422,793197.1400566666
paul will__1999-03-01,,,,928041.2580242247,918413.9021580347,29064.625656846973
paulo dybala__1993-11-15,,,,31454080.3211084,32951126.894337915,4984901.859264139
paulo gazzaniga__1992-01-02,Paulo Gazzaniga,GK,3299999.9999999986,3000568.3742817407,2998550.635237173,149249.24842722205
paulos abraham__2002-07-16,,,,2196533.6672077426,2196533.6672077426,210454.29899740053
pavao pervan__1987-11-13,,,,280580.16009515803,262075.17322438798,44702.357192342686
pavel kaderabek__1992-04-25,,,,2146900.9834858445,2125796.6288621183,53003.309478848125
pavel sulc__2000-12-29,,,,14991095.353135416,17108857.15615874,3900139.6544251572
pavlo isenko__2003-07-21,,,,1607002.5049419927,1607002.5049419927,12234.836570967977
pavlos pantelidis__2002-09-16,,,,1918592.5851595225,1906452.123225229,36182.62575152311
paxten aaronson__2003-08-26,,,,10124973.759242455,10124973.759242455,
pedro bravo__2004-11-26,Pedro Bravo,MID,1949999.999999999,2361050.1725368514,2361050.1725368514,33152.175469745234
pedro silva torrejon__1997-01-25,,,,1755119.0013738442,1742950.7263415903,77926.53399624837
peer koopmeiners__2000-05-04,,,,4460161.213374993,4460161.213374993,
pelle clement__1996-05-19,Pelle Clement,MID,950000.0000000008,1346402.0603275453,869221.9879287516,1143335.7041797633
pelle mattsson__2001-08-04,,,,3137530.9888935476,3054927.153780504,163699.11637328466
pepijn reulen__2008-06-01,,,,430450.22282466036,429765.2582603426,29160.783907757963
percy liza__2000-04-10,,,,756477.7874641796,753542.9911616057,86529.25265367058
perr schuurs__1999-11-26,,,,10669003.708876358,9986094.908942038,1434533.2960673792
pervis estupinan__1998-01-21,Pervis Estupiñán,DEF,19499999.99999998,16605452.883749103,17413861.434050407,1829007.343186219
petar filipovic__1990-09-14,,,,269507.3852796122,262871.6658553524,15446.014841884898
petar musa__1998-03-04,,,,8081514.059960908,8081514.059960908,
petar ratkov__2003-08-18,,,,3112026.287757907,3107295.664354231,174579.8835843195
petar stojanovic__1995-10-07,Petar Stojanović,DEF,1249999.999999999,1309077.9843556536,1290656.434306444,46881.386569562215
petar sucic__2003-10-25,,,,14429213.873368526,14817135.903700536,1167699.9830995386
peter ankersen__1990-09-22,Peter Ankersen,DEF,375000.00000000006,440001.41838635516,442744.7398290497,15681.398919034344
peter gulacsi__1990-05-06,,,,5870937.744278846,5434961.871571271,1041972.4807686324
peter therkildsen__1998-06-13,Peter Therkildsen,DEF,649999.9999999995,801512.9127374226,803687.780644934,9524.68352791231
petko hristov__1999-03-01,Petko Hristov,DEF,1200000.0000000005,1310119.1913033973,1295374.0803074082,68903.18644312446
petros bagalianis__2001-02-06,,,,449977.9480549289,452913.11703934736,16341.037133165893
phil foden__2000-05-28,,,,67559106.68253376,69665373.76476245,12425348.550598308
phil neumann__1997-07-08,,,,2818503.009641975,2818503.009641975,145965.38846248688
philip billing__1996-06-11,,,,9054450.393111976,8789012.228156576,1094750.2359981064
philip brittijn__2004-04-09,,,,1612282.2403119311,1621590.0382795827,40689.059556590335
philip otele__1999-04-15,Philip Otele,MID,3799999.9999999995,3437847.159993458,3437847.159993458,89712.94179373782
philip zinckernagel__1994-12-16,,,,6857075.423559439,6611397.001074689,1451795.7283981973
philipp hofmann__1993-03-30,,,,1699116.9554356341,1699116.9554356341,
philipp kohn__1998-04-02,,,,8241281.834466601,8241281.834466601,151875.01501143497
philipp sander__1998-02-21,,,,5545492.242224873,5568844.935341772,354541.6027177161
philipp schulze__2003-01-29,,,,1076701.6074878993,1071800.8383014826,31700.48114981287
philippe rommens__1997-08-20,Philippe Rommens,MID,2550000.0,1806359.7988563348,1806359.7988563348,
philippe sandler__1997-02-10,,,,4782436.486142913,4782436.486142913,198017.8337044003
phillip cancar__2001-05-11,Phillip Čančar,DEF,387499.99999999977,461525.3875906081,458318.4452274246,43109.75560407869
phillip menzel__1998-08-18,,,,852753.9525153874,852753.9525153874,37303.37341976242
phillip tietz__1997-07-09,,,,4007177.4152986747,4007177.4152986747,142561.27721060117
pierluigi gollini__1995-03-18,,,,2812779.9225206743,2884170.3796730353,203506.62236669
piero hincapie__2002-01-09,,,,51493902.649212405,51493902.649212405,2130139.6735542435
pieros sotiriou__1993-01-13,Pieros Sotiriou,FWD,1249999.999999999,868106.4901650919,987970.0408033683,210278.3242311741
pierre dwomoh__2004-06-21,,,,2132774.479448366,2083231.3586068465,131594.44745145467
pierre kalulu__2000-06-05,,,,30261521.245562285,30625801.435271032,1400203.3980143254
pierre landry kabore__2001-07-05,,,,529690.9319778895,529690.9319778895,246415.07662660774
pierre leesmelou__1993-05-25,Pierre Lees-Melou,MID,9750000.000000004,7981618.0229675155,7981618.0229675155,
pierreemerick aubameyang__1989-06-18,,,,8440417.314838098,8360158.128216349,243512.3466369676
pierreemile hjbjerg__1995-08-05,,,,22171532.182511505,22040248.78663986,949578.4797132767
pierreyves hamel__1994-02-03,,,,985517.0746890232,943840.563451881,74456.49623368232
pierrick capelle__1987-04-15,,,,247734.76523254832,247734.76523254832,
pieter gerkens__1995-02-17,Pieter Gerkens,MID,999999.9999999997,1260260.611946588,1294157.7607498132,68479.51772299399
pietro ceccaroni__1995-12-21,,,,1489106.8671215824,1489106.8671215824,
pietro comuzzo__2005-02-20,,,,10453011.383727849,10453011.383727849,1464498.046922459
pietro iemmello__1992-03-06,,,,1205450.5481291923,1205450.5481291923,
pietro pellegri__2001-03-17,Pietro Pellegri,FWD,2400000.000000001,1628473.4065093433,1650824.8724638075,52429.62938706813
pietro terracciano__1990-03-08,,,,1548187.1455176403,1573147.130916936,117607.95748716863
pim saathof__2003-12-28,,,,236504.11136927665,241011.3015985695,11697.217766011428
piotr zielinski__1994-05-20,,,,15218777.75000239,14783547.696679488,981255.6869055089
pontus almqvist__1999-07-10,,,,2386866.528956109,2315649.3589650313,144065.7639116684
pontus dahlberg__1999-01-21,,,,844391.2925601336,841004.9541600833,21844.683548837642
pontus jansson__1991-02-13,,,,897916.3577358155,911586.8385759509,25314.791196971142
pontus rodin__2000-08-16,,,,938067.880605941,920759.7862093103,54437.933453195845
poyraz yldrm__2005-01-15,,,,812025.9810253795,793855.0662374874,64661.2519544283
precious ugwu__2006-02-08,Precious Ugwu,DEF,912500.0000000001,1114850.6749451724,1034191.5875828315,205823.0369628332
predrag rajkovic__1995-10-31,,,,8953863.913507394,9092968.70259504,295943.42487314617
prince amoako junior__2007-02-19,,,,1880099.228068511,1845042.947080118,147995.00223846687
prince ampem__1998-04-13,Prince Ampem,MID,1400000.0000000007,1149571.499542818,1158418.6768684513,64027.11507005194
prosper obah__2003-11-24,Prosper Obah,MID,2400000.000000001,5048371.619374333,5333214.408428496,1054422.3824683796
prosper peter__2007-08-09,,,,1499034.3118004603,1496039.6498079086,126619.25678650035
qazim laci__1996-01-19,Qazim Laçi,MID,2649999.999999999,1998404.0119943295,2145542.3923170776,299035.8116565776
quentin beunardeau__1994-02-27,Quentin Beunardeau,GK,425000.0000000002,395752.1659745233,395752.1659745233,8295.851975732574
quentin boisgard__1997-03-17,Quentin Boisgard,MID,649999.9999999995,492310.7791275963,492544.27974616044,18520.56075872565
quentin braat__1997-07-06,,,,782525.3394855032,782525.3394855032,
quentin lecoeuche__1994-02-04,,,,402962.0902981635,409109.02999163495,25737.761418525013
quentin merlin__2002-05-16,Quentin Merlin,DEF,13000000.000000013,14174542.265668472,14155030.513961677,207758.69215223793
quentin ndjantou__2007-07-23,,,,3721804.8912624894,3721804.8912624894,
quilindschy hartman__2001-11-14,,,,19444890.088571772,19993311.545095213,2068334.0860676928
quinten timber__2001-06-17,,,,31821860.81553698,31821860.81553698,1631246.383453025
rabbi matondo__2000-09-09,,,,1579662.983281895,1579662.983281895,110997.96042092484
rabby nzingoula__2005-11-25,,,,3253230.177399594,3088195.1839321246,307178.20367275074
rachid ghezzal__1992-05-09,,,,1547125.5861938733,1547125.5861938733,
radek vitek__2003-10-24,Radek Vítek,GK,1949999.999999999,2300806.179819166,2314726.2026022496,93061.65619800509
radinio balker__1998-09-03,,,,982940.1873226655,982940.1873226655,93760.33135152425
radovan pankov__1995-08-05,,,,870098.8764973909,910705.2390640232,65580.65900394015
radu dragusin__2002-02-03,Radu Drăgușin,DEF,15000000.00000001,10896058.873876305,10859695.945622517,137839.80698921072
raf smekens__2004-01-29,,,,239504.06710176027,239504.06710176027,
raffaele celia__1999-03-04,Raffaele Celia,DEF,612499.9999999997,593366.5189412895,585098.7716957125,13757.40870343379
raffaele di gennaro__1993-10-03,,,,555012.0235716973,555012.0235716973,67675.35637665646
raffaele pucino__1991-05-03,,,,446750.3406280678,436365.8560660608,36460.72885657592
raffaele russo__1999-02-25,Raffaele Russo,MID,487499.9999999996,515137.19868363906,515137.19868363906,21670.546537891463
rafik belghali__2002-06-07,,,,1551641.8665267222,1578956.4967753345,66613.70774522457
rafik el arguioui__2005-07-31,,,,430072.60496899346,430072.60496899346,21044.45514823928
rafik guitane__1999-05-26,,,,3809354.792113349,3786015.1575710145,234185.97087816786
rafik messali__2003-04-28,,,,923527.525418452,923527.525418452,10437.98539547853
rafiki said__2000-03-15,Rafiki Saïd,MID,2050000.000000001,1892282.7442760007,1969101.9810193263,231181.717729795
rafiu durosinmi__2003-01-01,Rafiu Durosinmi,FWD,8000000.000000002,11612359.692301836,11612359.692301836,1322768.3864917245
ragnar oratmangoen__1998-01-21,,,,671241.8475459485,670255.4572515925,14503.988198301115
raheem sterling__1994-12-08,,,,12013575.759847889,12013575.759847889,1191835.2342512214
rahim alhassane__2002-01-01,,,,2440651.191894904,2475249.900385104,259251.3358486243
ramazan civelek__1996-01-22,,,,878046.2766443532,872300.6223936706,29713.34336850088
rami kaib__1997-05-08,Rami Kaib,DEF,525000.0000000003,528694.1904451532,529938.8884709672,5039.182369650857
ramiro funes mori__1991-03-05,Ramiro Funes Mori,DEF,762499.9999999997,636432.0780225629,636432.0780225629,44621.86191753556
ramiz zerrouki__1998-05-26,,,,3664761.9292959915,3664761.9292959915,31649.428021295687
ramon arias__1992-07-27,,,,406700.248019238,410503.5530568753,34345.69836429938
ramon hendriks__2001-07-18,,,,3571038.8851548396,3571038.8851548396,603175.1381464936
ramon pascal lundqvist__1997-05-10,,,,874351.1926920668,878425.6001790217,32743.878212434254
ramy bensebaini__1995-04-16,Ramy Bensebaini,DEF,12249999.999999987,16389730.214154381,16380492.924804922,1473943.8557696939
ramzi safuri__1995-10-21,,,,1478951.0799901634,1481000.9628648355,35601.42875172151
randal kolo muani__1998-12-05,,,,18189150.208207753,18189150.208207753,
randy nteka__1997-12-06,Randy Nteka,MID,1450000.0000000002,2133965.68854501,2240361.9564423556,184292.5807343977
rani khedira__1994-01-27,,,,4948280.098792551,4998747.40428091,316264.84185820824
raoul bellanova__2000-05-17,,,,14898006.018337369,14898006.018337369,1009615.5752501617
raphael guerreiro__1993-12-22,Raphaël Guerreiro,DEF,11749999.999999994,13942752.385008048,14470512.776955683,1891919.031338556
raphael le guen__2006-09-01,,,,621522.6304066011,621350.4970074747,18008.09022971013
raphael onyedika__2001-04-19,,,,19490646.136584263,19490646.136584263,
raphael sallinger__1995-12-08,,,,1061140.873442518,1038376.9732005347,95560.39687277422
rares burnete__2004-01-31,Rares Burnete,FWD,800000.0000000005,616779.6527103697,607946.185189447,16281.411389601259
rares ilie__2003-04-19,,,,2640472.7913972703,2566217.8026206326,199075.29864792115
rasmus falk__1992-01-15,,,,1469776.2421577182,1469776.2421577182,4437.357112351406
rasmus hjlund__2003-02-04,,,,20921885.530289758,20921885.530289758,
rasmus kristensen__1997-07-11,,,,18500506.837472115,18980532.81360384,1153051.7972369506
rasmus lauritsen__1996-02-27,Rasmus Lauritsen,DEF,1550000.0000000012,1085828.5627022844,1085828.5627022844,36158.94555523682
rasmus nicolaisen__1997-03-16,,,,7897730.347830881,8151449.573191763,714996.8050036486
rasmus vinderslev__1997-08-12,,,,1013180.1866463807,987480.5250163398,109936.17721016351
rasmus wikstrom__2001-03-18,,,,1674774.472182557,1678349.938288501,35514.70321195179
rassoul ndiaye__2001-12-11,,,,2359545.6411420847,2363138.4674725663,54704.592413674545
raul florucz__2001-06-10,,,,3370820.9564122995,3337085.895679297,373232.0376708007
raul jimenez__1991-05-05,Raúl Jiménez,FWD,4500000.000000002,4987867.188111574,5176801.452724791,361238.2541250773
raul oprut__1998-01-04,,,,1115055.836351369,1115055.836351369,110929.80587887944
raul paula__2004-01-25,,,,948716.3207452546,948716.3207452546,
rav van den berg__2004-07-07,,,,3998538.976725742,4049700.288664339,180526.341187438
rayan aitnouri__2001-06-06,Rayan Aït-Nouri,DEF,37250000.00000006,42211326.27489662,41773699.81201428,1751334.7315700713
rayan cherki__2003-08-17,,,,57451872.85440941,58935868.55827865,5725983.4799621105
rayan fofana__2006-02-12,Rayan Fofana,FWD,4250000.000000002,3876500.58933838,3663396.3812925518,616199.5836332219
rayan philippe__2000-10-23,,,,4143906.76781802,4143906.76781802,560686.2879768254
rayan raveloson__1997-01-16,,,,2114551.007085929,2010021.9438634007,369247.1739197155
rayane bounida__2006-03-03,,,,1211893.4950811872,1211893.4950811872,134495.43207992415
razvan marin__1996-05-23,,,,4464743.504862407,4393056.405638169,426271.87710384215
razvan sava__2002-06-21,,,,3416327.878783529,3416327.878783529,
rdvan ylmaz__2001-05-21,,,,4381193.728479471,4381193.728479471,
reda belahyane__2004-06-01,,,,2591782.201703039,2591782.201703039,12481.341060800263
reda khadra__2001-07-04,,,,3338381.0966491494,3345652.4323806777,182655.84226341257
reda laalaoui__2005-05-11,Reda Laalaoui,MID,787499.9999999994,607661.3253550536,631881.9812247928,77799.92651625616
reece james__1993-11-07,,,,639292.2478122792,639292.2478122792,90435.43873443977
regan charlescook__1997-02-14,,,,934522.974710445,934522.974710445,
regan hendry__1998-01-21,Regan Hendry,MID,375000.00000000006,393305.4759580591,393305.4759580591,
reggie cannon__1998-06-11,,,,1529034.2778326801,1546601.8854603793,100622.42019516484
rein van helden__2002-07-24,,,,3324891.303653866,3324891.303653866,29816.607628373822
reiss nelson__1999-12-10,,,,8215173.80300962,8183089.117623457,932685.9113434792
rekeem harper__2000-03-08,Rekeem Harper,MID,337500.00000000006,285459.2342091511,285459.2342091511,
remi matthews__1994-02-10,,,,229540.18179843205,223121.55394074222,25680.61188892625
remi oudin__1996-11-18,,,,1937747.0476312295,1937747.0476312295,
remko pasveer__1983-11-08,,,,494375.8451613662,456210.82839873957,67206.23319241176
remo freuler__1992-04-15,,,,11113761.982836945,11113761.982836945,
remy cabella__1990-03-08,Rémy Cabella,MID,1899999.9999999993,1720927.5047960076,1720927.5047960076,70198.79132566715
remy descamps__1996-06-25,,,,3539882.250702719,3539882.250702719,442279.4150257274
remy labeau lascary__2003-03-03,,,,4460762.471472653,4539135.315965158,184571.86027961373
remy riou__1987-08-06,,,,129868.79146791833,130686.36558526565,2053.7019274329905
remy vita__2001-04-01,,,,1651532.0419711682,1640160.5926364248,42816.74195723692
renan ribeiro__1990-03-23,,,,189338.52564679706,194067.00492101713,19841.300980222717
renat dadashov__1999-05-17,Renat Dadashov,FWD,1350000.0,948764.7794999408,893480.897014593,160838.2034030435
renato steffen__1991-11-03,,,,2242078.478988574,2221005.797384586,146996.86328820002
rene mitongo__2008-01-18,René Mitongo,FWD,700000.0000000006,697147.40448653,697147.40448653,53576.90477059921
reo hatate__1997-11-21,,,,7758934.724213931,7587286.104123825,955746.648957706
rhian brewster__2000-04-01,,,,1960391.7610733742,1965369.1651834627,79465.0901639726
rhys healey__1994-12-06,,,,599043.2806852078,602564.6883232374,19364.3416084726
rhys norringtondavies__1999-04-22,,,,1328205.318699166,1309274.2467078867,65504.991969259114
rhys williams__2001-02-03,,,,449984.2739425097,449984.2739425097,44405.33587696825
ricardo pepi__2003-01-09,,,,12250298.336919026,12250298.336919026,771953.1976114829
riccardo brosco__1991-02-03,,,,397862.5609785479,396454.6109225567,4449.953328080225
riccardo calafiori__2002-05-19,,,,33341807.984442193,34177362.845959395,6781550.330561896
riccardo capellini__2000-03-01,Riccardo Capellini,DEF,749999.9999999998,786911.182747652,788393.925675871,5815.126412651167
riccardo ciervo__2002-04-01,,,,1095925.7873895983,1111136.7583826296,46255.290192844834
riccardo marchizza__1998-03-26,,,,1475483.9570031392,1329067.0808658719,301417.69068474456
riccardo orsolini__1997-01-24,,,,33426254.353572514,33426254.353572514,
riccardo pagano__2004-11-28,,,,663787.95744065,657934.4373616824,52895.32639346797
riccardo sottil__1999-06-03,Riccardo Sottil,MID,6250000.000000005,7492345.22930678,7492345.22930678,115165.93842669709
riccardo tonin__2001-01-30,Riccardo Tonin,FWD,412500.00000000006,563851.3150330454,554547.4270277984,23751.975496318395
richard king__2001-11-27,,,,320981.46458170033,312934.4513075435,22547.64899869546
richard neudecker__1996-10-29,,,,491652.5012843361,477595.30553462857,30383.741081496933
richard rios__2000-06-02,,,,25984901.635663573,25359495.71952226,2692011.1534044705
richard taylor__2000-10-02,,,,905334.9462135753,905334.9462135753,22700.95460760821
richie sagrado__2004-01-30,,,,1481727.8130552045,1527862.3782061639,113587.74907374103
richonell margaret__2000-09-07,,,,1001395.7787644044,978477.4385362964,70986.42983001255
rick meissen__2002-02-24,,,,1458648.3108425713,1458648.3108425713,
rick van drongelen__1998-12-20,,,,6480196.590874603,6446633.676406676,354367.2669138695
ricky van wolfswinkel__1989-01-27,,,,591965.12783541,590901.5213011457,44567.921524949845
rico henry__1997-07-08,,,,7713735.357618664,7749442.060477989,899225.1164554282
rico lewis__2004-11-21,,,,27357206.523592535,24405758.552677896,9592594.46100989
rico richards__2003-09-27,,,,262937.20698795817,262937.20698795817,36816.87611009984
ridgeciano haps__1993-06-12,Ridgeciano Haps,DEF,937499.9999999995,1263780.4904180411,1259851.3950237564,155296.2102528906
ridle baku__1998-04-08,,,,15114238.231729172,15114238.231729172,2516481.360017107
riechedly bazoer__1996-10-12,Riechedly Bazoer,DEF,3900000.000000001,4253865.583081168,4240751.532170676,189227.4852157251
rigoberto rivas__1998-07-31,,,,757066.9414198046,727082.4885260721,94124.48424570942
rijad sadiku__2000-01-18,,,,492604.50260997086,489646.64653435175,56412.25093092289
rijk janse__2002-04-16,,,,237022.20703138626,237022.20703138626,14829.510875407985
riley harbottle__2000-09-26,,,,442553.32396394457,455124.6846435518,32870.87722231173
riley mcgree__1998-11-02,,,,2405021.054446918,2405021.054446918,205122.32422424815
ringo meerveld__2002-12-21,,,,4369369.779713097,4369369.779713097,
rio hillen__2003-03-05,,,,889438.6550118998,888765.8913470708,43688.253196959224
rio ngumoha__2008-08-29,,,,3796701.2150042555,3856675.0836698525,333120.4362935849
ritsu doan__1998-06-16,,,,26626693.353931982,25910255.88350934,2287543.793069645
rjan nyland__1990-09-10,,,,1002013.0177045405,1010396.4216461853,126303.2636628518
rob holding__1995-09-20,,,,1807551.512168011,1807551.512168011,243390.65095720443
robbie brady__1992-01-14,,,,1045345.6069112658,1045345.6069112658,97593.55859485819
robbie deas__2000-02-27,Robbie Deas,DEF,800000.0000000005,865109.3896385179,862554.2371284416,20858.019179028935
robbie gotts__1999-11-09,,,,404269.7083071342,407771.1011421591,34986.07142115424
robbie muirhead__1996-03-08,,,,304457.2447269767,304457.2447269767,29548.146236418776
robbie ure__2004-02-26,,,,1875214.6019984537,1862674.6003720153,55620.29004130965
robbin weijenberg__2004-11-08,,,,377776.68849244545,388318.8635947023,56366.51598636555
robert andrich__1994-09-22,,,,12493210.092092872,12493210.092092872,4487479.122581971
robert bozenik__1999-11-18,,,,2199556.0230436316,2199556.0230436316,127252.54800311087
robert glatzel__1994-01-08,,,,1767177.3491544458,1767177.3491544458,
robert gumny__1998-06-04,,,,1407975.1686201124,1407975.1686201124,1645.9517504493072
robert ivanov__1994-09-19,Robert Ivanov,DEF,299999.99999999977,598639.1905958862,594813.127463001,29546.71737168269
robert leipertz__1993-02-01,,,,368915.29368006776,368915.29368006776,13653.538495174394
robert lewandowski__1988-08-21,,,,32108862.122255895,31667447.65393524,3711886.960243799
robert ljubicic__1999-07-14,,,,2125600.8019281314,2332173.290325897,492154.3700146855
robert mudrazija__1997-05-05,,,,578167.2598580578,578167.2598580578,54307.31403904722
robert muhren__1989-05-18,,,,274032.9655100875,274032.9655100875,79549.22022784356
robert street__2001-09-26,,,,586259.6422084991,586259.6422084991,8175.806684873961
robert voloder__2001-05-09,,,,413916.2993424827,413916.2993424827,15058.072930450546
robert wagner__2003-07-14,,,,1526076.9976168633,1526076.9976168633,78346.34277692971
robertjan vanwesemael__2002-03-26,,,,2227796.9689951283,2211119.8804140175,100641.24202558344
roberto gagliardini__1994-04-07,,,,2059218.028886684,2086411.9299525656,132135.6536342856
roberto insigne__1994-05-11,,,,2211008.3620986748,2211008.3620986748,
roberto pereyra__1991-01-07,,,,2356067.2497912175,2356067.2497912175,157915.2254231325
roberto piccoli__2001-01-27,Roberto Piccoli,FWD,14250000.000000017,11586087.08411109,11695864.026556352,354249.7420582991
roberto rosales__1988-11-20,,,,293503.14054644096,281789.1940205548,32221.413115847176
roberts uldrikis__1998-04-03,Roberts Uldriķis,FWD,612499.9999999997,654991.2883097185,659525.4648930356,21032.60051491394
robin bormuth__1995-09-19,,,,505320.40793295903,502685.5704614078,6636.262841144115
robin fellhauer__1998-01-21,,,,3217134.646444012,3448479.560001051,486775.723603126
robin gosens__1994-07-05,,,,12960633.062665643,12527933.127309717,2019440.5852660527
robin hack__1998-08-27,Robin Hack,MID,11749999.999999994,10158511.279249825,10195027.914935965,266491.37229727826
robin himmelmann__1989-02-05,,,,157204.02204073395,157204.02204073395,
robin hranac__2000-01-29,,,,4800211.326339323,4654465.989095161,349714.3801820946
robin knoche__1992-05-22,Robin Knoche,DEF,1625000.0000000012,1016883.6058550536,1028090.1192081212,145841.4006812471
robin koch__1996-07-17,,,,17043522.528497703,17139566.60818728,536525.1132487875
robin le normand__1996-11-11,Robin Le Normand,DEF,27250000.00000005,23066238.51656256,21952813.829097938,2333838.798722769
robin lod__1993-04-17,Robin Lod,MID,2449999.9999999995,1934257.9053064056,2025095.5584964417,611444.1407255665
robin mantel__2000-11-15,,,,246018.48279022975,244136.4380175867,4936.038012317038
robin mirisola__2006-12-08,Robin Mirisola,FWD,2150000.0,1517374.4637268593,1502471.463846955,150467.42708458746
robin olsen__1990-01-08,,,,289053.08410232374,289053.08410232374,1795.7921188485184
robin propper__1993-09-23,Robin Pröpper,DEF,2050000.000000001,2125598.920978811,2125598.920978811,105615.28277544965
robin risser__2004-12-02,,,,16457337.222662633,15431657.231198682,3315318.3581227325
robin roefs__2003-01-17,,,,24754656.49306002,25104418.938051783,1222200.0284083125
robin strm__2002-08-09,Robin Østrøm,DEF,1350000.0,1681502.5738203207,1687586.2588962545,147189.8276098947
robin van cruijsen__2006-02-20,,,,1495367.2272703971,1495367.2272703971,
robin yalcn__1994-01-25,,,,814081.263069626,814081.263069626,11202.766647548975
robin zentner__1994-10-28,Robin Zentner,GK,5500000.000000001,4817350.452157556,4796872.951314602,144043.17386386127
robin ziegele__1997-03-13,,,,571027.7222964821,547728.0469450909,41878.859081867166
rocco ascone__2003-09-12,,,,993377.2663414478,993377.2663414478,214416.99563844394
rocco reitz__2002-05-29,,,,15034212.472419932,15048274.865191232,172346.4500824956
rocco robert shein__2003-07-14,,,,1287383.336884937,1298579.810204543,76477.4489389195
rocco vata__2005-04-18,Rocco Vata,MID,1275000.0000000002,2051499.9709082178,2055076.95617041,110527.24435303932
rockson yeboah__2004-08-02,,,,516654.54730134504,519691.0827560695,26320.399843340183
rocky bushiri__1999-11-30,,,,1197649.97760724,1197649.97760724,
rodrigo abascal__1994-01-14,,,,1281992.2002164386,1281992.2002164386,
rodrigo battaglia__1991-07-12,Rodrigo Battaglia,DEF,2599999.9999999986,2338335.1518436945,2338335.1518436945,
rodrigo de paul__1994-05-24,,,,15966571.856013363,15966571.856013363,
rodrigo guth__2000-11-10,,,,1556019.3748946835,1557361.3262633411,35170.39049744272
rodrigo huescas__2003-09-18,,,,3988673.554968448,4089923.0556200524,565387.0680811312
rodrigo rey__1991-03-08,,,,1525931.0094796529,1525931.0094796529,34840.352304226304
rodrigo zalazar__1999-08-12,Rodrigo Zalazar,MID,19499999.99999998,20184647.835095923,20064517.936707318,708192.4157851929
roger fernandes__2005-11-21,,,,11930330.668104753,13483071.050758412,2891083.6250580004
roger martinez__1994-06-23,,,,3114795.485782571,3066077.115932212,266649.04383697046
roggerio nyakossi__2004-01-13,Roggerio Nyakossi,DEF,600000.0000000003,520727.03030378034,542274.5921646084,64148.1901219026
roland idowu__2002-01-21,,,,338368.8759524728,338368.8759524728,37862.644023040804
roland sallai__1997-05-22,Roland Sallai,DEF,11749999.999999994,9567189.180353248,9870018.378848601,683591.252814963
rolando mandragora__1997-06-29,,,,8534094.274184406,8534094.274184406,3638.7913115862675
romain del castillo__1996-03-29,,,,7658904.8051174395,7658904.8051174395,151442.40232105498
romain faivre__1998-07-14,Romain Faivre,MID,6999999.999999995,8986396.574446341,9063459.26982866,191893.33383981633
romain matthys__1998-07-10,Romain Matthys,GK,587500.0000000002,815382.420365708,835704.1691912818,132376.02285319846
romain perraud__1997-09-22,,,,7859127.262324133,7889236.300633254,453019.174304538
romaine mundle__2003-04-24,,,,4639041.769302055,4659600.431739585,429301.1756272325
roman kvet__1997-12-17,Roman Květ,MID,1600000.0000000012,1523534.0454428012,1525188.0140740324,50422.759057600626
roman neustadter__1988-02-18,,,,318188.0374880926,312745.96676623647,87317.91133872083
roman yaremchuk__1995-11-27,,,,4234555.905829363,4580178.62663321,835010.6822379163
romano floriani mussolini__2003-01-27,,,,3206983.2831541663,3206983.2831541663,75689.28999209707
romano schmid__2000-01-27,,,,17811193.299188092,17811193.299188092,1523253.8786273662
romario rosch__1999-07-01,,,,975888.6038255583,960281.199450483,149833.14521615565
romejayden owusuoduro__2004-07-02,,,,3687864.268165124,3547760.997473957,316937.21397485444
romelu lukaku__1993-05-13,,,,27416762.871486064,27598446.88940332,1786369.3487362594
romeo beney__2005-01-19,,,,731491.6097384347,731491.6097384347,
romeo lavia__2004-01-06,,,,30584956.06482522,30376400.962276578,2094327.0668346006
romeo vermant__2004-01-24,Romeo Vermant,FWD,5750000.000000005,5891057.415623034,5923624.8839135,323724.09806467
ronael pierregabriel__1998-06-13,,,,2676104.335052748,2663980.2539348034,143415.26765315997
ronald araujo__1999-03-07,,,,31596155.07315745,30744946.870542157,3221138.5917579746
ronald koeman jr__1995-05-23,Ronald Koeman Jr.,GK,775000.0000000007,921870.7740851683,928814.2108087561,52840.89696231514
ronnie stutter__2005-01-06,,,,414416.42374611687,430944.13521814224,40025.66233788677
ronrobert zieler__1989-02-12,,,,622731.9331630818,622731.9331630818,5173.527432203471
ronthorben hoffmann__1999-04-04,,,,1660935.7873990857,1660935.7873990857,144762.02598874335
roony bardghji__2005-11-15,,,,10313528.715737632,10329019.00561027,613621.9256878024
rory mckenzie__1993-10-07,Rory McKenzie,MID,212500.00000000017,232578.510085236,232014.70368622674,5515.185790306107
rosen bozhinov__2005-01-23,,,,1005771.7071832971,1013420.1796408887,43800.16250114672
ross barkley__1993-12-05,,,,7545105.553040107,7545105.553040107,369483.11838255846
ross doohan__1998-03-29,,,,231561.7090251081,230707.66197719518,7242.901963918177
ross fitzsimons__1994-05-28,,,,210978.8441013206,208136.14693742146,15392.440324216133
ross maciver__1999-02-28,,,,289446.9121719238,289446.9121719238,3901.44867829963
ross mccrorie__1998-03-18,,,,1820455.5947411272,1820455.5947411272,
ross stewart__1996-07-11,,,,2213571.919579661,2205747.9172525294,218031.9676865354
ross sykes__1999-03-26,,,,3429109.5544901444,3489416.1671985574,145629.11360565224
ross tierney__2001-03-06,,,,709967.9780250976,709967.9780250976,2310.564908114631
roy kortsmit__1992-08-26,Roy Kortsmit,GK,349999.9999999997,272253.6647409266,278102.5627369539,19527.4673482836
roy steur__2005-02-01,Roy Steur,GK,312500.00000000023,306766.7188043848,306766.7188043848,1527.1336073823334
royer caicedo__2006-05-05,,,,433151.0701699254,430095.00378544803,15288.442188091714
rozangelo daal__2004-02-10,,,,3972181.2327183215,3972181.2327183215,
ruben aguilar__1993-04-26,Ruben Aguilar,DEF,5500000.000000001,5184331.138771215,5184331.138771215,67980.75611031218
ruben bentancourt__1993-03-02,,,,1138281.479171333,1179288.0561853785,71673.28796861516
ruben botta__1990-01-31,,,,1659194.4498047496,1659194.4498047496,
ruben kluivert__2001-05-21,,,,2663498.97949522,2635297.9835871235,97782.78709701933
ruben loftuscheek__1996-01-23,,,,21083855.177705057,21083855.177705057,217637.2574321132
ruben roosken__2000-03-02,,,,761046.8831174065,749739.8199130904,28520.272695117455
ruben van bommel__2004-08-03,Ruben van Bommel,MID,10750000.000000006,9442735.116670601,9418327.574733887,360236.1731750064
ruben vargas__1998-08-05,,,,12149853.883749042,12272569.58379029,1056963.4950121944
ruben yttergard jenssen__1988-05-04,,,,264171.99078862555,264171.99078862555,22047.694688833104
rudy camacho__1991-03-05,,,,416747.2751287598,416747.2751287598,328.161470981437
runar alex runarsson__1995-02-18,Rúnar Alex Rúnarsson,GK,637500.0000000003,382075.5718276098,406590.52929875976,70261.06036282246
runar norheim__2005-02-14,Runar Norheim,DEF,1899999.9999999993,1698064.5618653877,1614042.999221133,228516.21276229405
rushian hepburnmurphy__1998-08-28,,,,390297.9618174745,386473.87024737895,25287.901335665785
ruslan malinovskyi__1993-05-04,,,,3881264.602699133,3921567.5656729736,76304.02676001494
ruslan neshcheret__2002-01-22,,,,2635513.9994240766,2524010.886592526,411638.7235943836
ryan alebiosu__2001-12-17,,,,1685694.513246284,1685694.513246284,80208.87591812383
ryan allsop__1992-06-17,,,,528660.8717387829,528660.8717387829,17670.09701753682
ryan astley__2001-10-04,,,,696822.4607247072,696822.4607247072,
ryan edmondson__2001-05-20,Ryan Edmondson,FWD,287499.9999999999,377453.3566967823,377453.3566967823,
ryan flamingo__2002-12-31,,,,12953320.804185,13151459.704350896,662136.3053034359
ryan fraser__1994-02-24,,,,2129265.0975676486,1857214.303889945,505079.7947368356
ryan fulton__1996-05-23,,,,301825.93652030296,301825.93652030296,944.0970023193481
ryan giles__2000-01-26,,,,2847285.46227989,2872713.335978669,220177.76025133627
ryan gravenberch__2002-05-16,,,,75863454.7917856,73601438.81954536,5158862.323833699
ryan hardie__1997-03-17,,,,2170413.201335931,2170413.201335931,281055.071299638
ryan howley__2003-11-23,,,,304543.6421010032,304543.6421010032,6457.967254993306
ryan ledson__1997-08-19,,,,1293799.888448294,1317523.7993439627,200546.24384963166
ryan longman__2000-11-06,,,,1228850.7887702785,1228850.7887702785,372945.74618009396
ryan mcgowan__1989-08-15,Ryan McGowan,DEF,139999.9999999999,182054.77190809496,175507.79131878915,14627.883700643817
ryan mullen__2001-05-18,,,,280100.20342735364,280100.20342735364,1946.9012599927146
ryan naderi__2003-07-10,,,,928361.5361852515,915913.1823303201,64918.98220251751
ryan one__2006-06-26,,,,543220.8517746273,543220.8517746273,12426.177011485135
ryan porteous__1999-03-25,,,,2328526.7134910114,2261284.141580888,161097.86198524266
ryan sessegnon__2000-05-18,,,,13400444.965483619,13152829.96221108,869562.0186017212
ryan strain__1997-04-02,,,,600471.5841345873,591882.458427072,17608.822543423867
ryan sweeney__1997-04-15,,,,407377.7280064977,406883.1983709573,9867.292011477412
ryan teague__2002-01-24,,,,2196187.9061161503,2170565.8438017257,102390.49733123326
ryan thomas__1994-12-20,,,,628527.6515476983,630040.2247258511,13930.924696087115
ryan trevitt__2003-03-12,,,,698010.6903370273,696661.0502798067,28400.801065111125
ryan yates__1997-11-21,,,,11592321.429383565,11592321.429383565,1314603.486142386
ryotaro ito__1998-02-06,Ryotaro Ito,MID,3499999.9999999995,3522906.606472569,3595593.84722975,240961.98930333022
saba goglichidze__2004-06-25,,,,2936756.3918987387,2936756.3918987387,179249.04168858222
saba sazonov__2002-02-01,,,,4758531.9155613985,4758531.9155613985,
sabah kerjota__2001-08-14,,,,426178.9957884342,426178.9957884342,15685.231510004456
sabit abdulai__1999-05-11,,,,459681.37038366223,470500.830995727,27683.36676718675
sacha boey__2000-09-13,,,,12083082.91821603,12156647.322634108,803244.8948610114
sadibou sane__2004-06-10,,,,3299435.101259973,3314364.9029930774,217587.67651105183
sadik fofana__2003-05-16,,,,854970.4997846312,854970.4997846312,47855.91067253295
sadio mane__1992-04-10,,,,14076456.131922122,14076456.131922122,1294375.0753907498
sael kumbedi__2005-03-26,,,,7053067.307369227,7053067.307369227,406720.57114693895
said ahmed said__1993-04-20,,,,328190.28783911373,330730.39929079264,6156.01371002842
said bakari__1994-09-22,,,,664238.0120519006,664238.0120519006,14495.17118238165
said benrahma__1995-08-10,,,,7667000.300697806,7869480.375426643,359432.53924503224
said el mala__2006-08-26,,,,9920926.547525736,9325466.846672354,2148985.424581501
saidou sow__2002-07-04,,,,2900991.599221761,2851769.5927270656,171499.51582312435
saidy janko__1995-10-22,,,,913406.80653998,880674.595139936,111104.30772429987
saimon bouabre__2006-06-01,,,,1094600.6189414794,1072124.028677739,62537.41844521526
salem mbakata__1998-04-19,,,,996873.7516734308,1031326.8016377618,62025.45233525
salih malkocoglu__2005-02-23,,,,415666.5054300373,415666.5054300373,
salih ozcan__1998-01-11,,,,4694761.4953117855,4583547.9855560465,529821.6128038875
salih ucan__1994-01-06,Salih Uçan,MID,1499999.9999999986,1472423.7526135906,1472423.7526135906,122104.47937949334
salis abdul samed__2000-03-26,,,,2718849.2382378844,2718849.2382378844,
salvatore esposito__2000-10-07,,,,5068953.825704476,5073735.437433545,250485.79225795588
sam adekugbe__1995-01-16,,,,1212141.6732468386,1212141.6732468386,37762.570022026644
sam beukema__1998-11-17,,,,13645811.455456497,13782730.257747002,565293.8089411001
sam byram__1993-09-16,,,,1811042.9024274878,1760902.8923162385,94154.00622793671
sam clucas__1990-09-25,,,,383650.463987304,383650.463987304,88885.44825599641
sam cosgrove__1996-12-02,,,,415742.06269177236,415742.06269177236,10365.790504918468
sam curtis__2005-12-01,,,,711136.5595122651,683297.473597933,50694.62423895473
sam dalby__1999-12-07,,,,781130.1734074847,760016.095355494,55266.99022982808
sam de laat__2006-06-12,,,,394602.9998611416,382997.3415417521,39611.47653923801
sam field__1998-05-08,,,,1627963.2295508906,1637656.2112070294,68476.68037990498
sam foley__1986-10-17,,,,132288.03828612025,135505.1413361239,27990.4426568618
sam gallagher__1995-09-15,,,,1554822.697411486,1476365.0179572895,152347.1902699347
sam greenwood__2002-01-26,,,,2362394.9996197447,2290434.410821976,199116.6949399133
sam hart__1996-09-10,Sam Hart,DEF,159999.99999999997,244912.6797917705,256035.53598899837,42140.397191410935
sam hutchinson__1989-08-03,,,,130300.57067578427,137048.6324113226,12600.186034219918
sam johnstone__1993-03-25,,,,3919790.770492801,3723468.6088864105,536302.1047518478
sam karssies__2003-02-26,Sam Karssies,GK,262500.00000000023,257791.62183505867,258672.209496854,15682.898263540374
sam kersten__1998-01-30,,,,720881.7076953759,720881.7076953759,
sam lammers__1997-04-30,,,,2350311.947104232,2350311.947104232,
sam larsson__1993-04-10,,,,1319659.584547969,1319659.584547969,
sam mccallum__2000-09-02,,,,1655204.1581629086,1662709.0395836027,28762.526001278835
sam nicholson__1995-01-20,,,,424339.26519544557,426853.8423577399,26074.85186091046
sam sanna__1999-03-08,,,,1420032.2127513443,1401723.5001515148,175872.37910253255
sam schreck__1999-01-29,,,,788026.9820826676,786896.9185751339,35901.28681011939
sam stubbs__1998-11-20,,,,462797.6978427594,463488.24922950804,23753.654320632537
sam vokes__1989-10-21,,,,293854.5546004148,286161.3903430542,20575.575267121785
sam walker__1991-10-02,,,,201710.90111735405,201710.90111735405,8295.91545118613
samed onur__2002-07-15,,,,472889.6000412367,472889.6000412367,
samet karakoc__2002-10-22,,,,720194.5867347233,720194.5867347233,11458.077652643184
samet yalcn__1994-03-03,,,,290099.4277004837,290099.4277004837,7318.407019539724
sami lahssaini__1998-09-18,,,,861562.5511350161,807991.0648213628,137900.22214467096
sami ouaissa__2004-10-02,,,,3059846.810931714,3147100.842642855,248686.30132101502
samir el mourabet__2005-10-06,,,,3814306.0194506263,3814306.0194506263,105074.13689825819
samir lagsir__2003-05-20,,,,365236.29048292915,367530.3754024516,28068.619530710443
samson baidoo__2004-03-31,Samson Baidoo,DEF,9999999.999999996,9781188.039884597,9891966.273048885,446550.30127524724
samson lawal__2004-04-25,,,,217339.03702916246,212319.05789288378,16937.75437612913
samuel amoameyaw__2006-07-18,,,,3600220.1692927917,3600220.1692927917,469125.4074052901
samuel ballet__2001-03-12,,,,987582.66482647,987582.66482647,12495.577622866631
samuel bastien__1996-09-26,Samuel Bastien,MID,625000.0000000002,829574.3622905496,829574.3622905496,15866.653563767692
samuel chukwueze__1999-05-22,Samuel Chukwueze,MID,16500000.000000013,22883490.30944776,22883490.30944776,2434756.256648153
samuel dahl__2003-03-04,,,,5124308.405943267,5043297.3355007535,150704.9094963093
samuel edozie__2003-01-28,,,,5076940.765649424,5264576.67017961,727679.3627707476
samuel essende__1998-01-23,,,,2276359.498082601,2254717.9488924686,167787.59926517578
samuel gigot__1993-10-12,Samuel Gigot,DEF,4250000.000000002,5851979.149113776,5899175.561843547,325487.4076927963
samuel giovane__2003-03-28,,,,1335176.7911822265,1335176.7911822265,25968.044577833767
samuel gueulette__2000-05-19,,,,654446.3951644795,654812.9528431671,19657.774593989692
samuel ilingjunior__2003-10-04,,,,3901465.4302596673,3901465.4302596673,1594357.8912179575
samuel loric__2000-07-05,,,,993998.8077814955,971071.2027009713,104616.6425625978
samuel mraz__1997-05-13,,,,1164611.5797150638,1157493.1295392285,33977.87442616736
samuel sahinradlinger__1992-11-07,,,,709888.2069324926,719727.6900631933,17186.434115767854
samuel souprayen__1989-02-18,,,,274949.8616233774,274949.8616233774,15964.166191457607
samuel yohou__1991-08-06,Samuel Yohou,DEF,362499.9999999997,417377.26284952764,414039.86347488174,8650.266989614565
samuele angori__2003-10-07,,,,2704937.6125768665,2704937.6125768665,155067.3102013427
samuele birindelli__1999-07-19,,,,4906510.6374713,4906510.6374713,285477.5677988664
samuele di benedetto__2005-07-16,,,,694278.1734443118,694278.1734443118,6510.085036834178
samuele mulattieri__2000-10-07,,,,2970836.628824988,2970836.628824988,
samuele perisan__1997-08-21,Samuele Perisan,GK,999999.9999999997,1026313.2706253091,1023328.7318163379,45439.339000883985
samuele ricci__2001-08-21,,,,21372227.592244793,21372227.592244793,321812.6069841594
samy benchamma__2000-06-25,Samy Benchamma,MID,587500.0000000002,534421.2858259056,545065.0448824142,19602.20075228884
samy mmaee__1996-09-08,,,,709377.3220533984,736321.4637248795,74076.48661615179
sana fernandes__2006-03-10,,,,1029185.5979732573,997350.4042380776,141034.48982282545
sander svendsen__1997-08-06,Sander Svendsen,MID,974999.9999999999,1162205.2261521227,1106549.5560761977,98737.79661957962
sander tangvik__2002-11-29,,,,2053759.3034665263,2091039.2710060324,121587.2155028392
sander van de streek__1993-03-24,Sander van de Streek,DEF,1024999.9999999995,1085673.5734151015,1085673.5734151015,50785.84177611935
sanders ngabo__2004-07-04,Sanders Ngabo,MID,899999.9999999995,1155154.1619314554,1157913.3757888936,86917.9047779963
sandi lovric__1998-03-28,,,,3756937.420428557,3754146.402594563,22501.700538327972
sandro kulenovic__1999-12-04,,,,2604576.6300226212,2604576.6300226212,193774.54838028408
sandro tonali__2000-05-08,,,,74032069.00501192,74032069.00501192,
sanoussy ba__2004-01-05,,,,766913.9293647943,774909.5937886194,79444.34106691748
santiago arzamendia__1998-05-05,Santiago Arzamendia,DEF,2050000.000000001,2509380.047947267,2384281.2888782118,245510.09201946994
santiago ascacibar__1997-02-25,,,,9804679.288843874,9664190.38200896,946200.2899976254
santiago bueno__1998-11-09,Santiago Bueno,DEF,8999999.999999996,10738587.727044841,10819767.04089195,599297.5741181568
santiago castro__2004-09-18,,,,18328362.660506334,18068738.044661418,633636.2041914237
santiago colombatto__1997-01-17,,,,2975261.9086545673,2998995.3524898156,60927.722064835965
santiago gimenez__2001-04-18,,,,26355789.39533578,26355789.39533578,1563865.2491928372
santiago hezze__2001-10-22,,,,17182665.510606095,17234938.204426795,355782.81979643233
santiago hidalgo__2005-02-17,Santiago Hidalgo,MID,3000000.000000001,4043606.7248102976,3905352.2033462836,447704.7372956075
santiago mourino__2002-02-13,,,,18446757.828504648,18238181.107549906,802707.6775291363
santiago pierotti__2001-04-03,Santiago Pierotti,MID,2499999.9999999995,2571383.043799387,2675670.8039426114,243549.8184551259
santino andino__2005-10-25,,,,2244693.7990623806,2244693.7990623806,67712.61951744254
sargis adamyan__1993-05-23,,,,608745.8381532718,637016.8919270321,79151.31548506996
sasa kalajdzic__1997-07-07,,,,3538435.4434875175,3538435.4434875175,102525.82403181479
sasa lukic__1996-08-13,,,,12301412.989648825,12111457.794359863,836626.369290355
sascha britschgi__2006-08-27,,,,563691.9667310409,563691.9667310409,6278.167564095681
saud abdulhamid__1999-07-18,Saud Abdulhamid,DEF,5250000.0,5441225.080581077,5512538.04212264,729246.8475592111
saulo decarli__1992-02-04,Saulo Decarli,DEF,289999.9999999999,285790.1916212604,289436.7568147927,27511.273123597548
savaarangel cestic__2001-02-19,,,,565763.4577884959,567939.4071878435,14265.754938232805
scott arfield__1988-11-01,Scott Arfield,MID,162500.00000000012,206660.5116152296,208978.44486028358,14010.562290536445
scott bain__1991-11-22,,,,400884.3388792172,400292.0212689016,25450.713772378185
scott banks__2001-09-26,,,,577644.9263261757,584040.5887911255,30742.259641108394
scott malone__1991-03-25,,,,231881.58449294115,231881.58449294115,13597.708589512822
scott mckenna__1996-11-12,,,,3540067.1894353717,3539247.763807812,65430.017477475914
scott mctominay__1996-12-08,,,,47450624.41035275,47450624.41035275,923704.3424557602
scott pittman__1992-07-09,,,,217838.7057305921,217838.7057305921,17355.780275379828
scott robertson__2001-07-27,,,,406064.2757454474,416007.90660824144,28698.061927770974
scott tanser__1994-10-23,,,,483610.2158297456,483610.2158297456,
scott twine__1999-07-14,Scott Twine,MID,2900000.0000000014,3211679.5065107327,3211679.5065107327,
scott wootton__1991-09-12,,,,324729.7738514996,332629.50848200294,17620.271945135835
scott wright__1997-08-08,,,,1481177.9053354128,1473966.1033379342,61766.800872288404
sead haksabanovic__1999-05-04,,,,2009650.3282508976,2009650.3282508976,275247.7208866524
sead kolasinac__1993-06-20,,,,8016400.876241962,8016400.876241962,286104.3787310895
seamus coleman__1988-10-11,,,,435623.8873367317,424373.6008590119,40319.00293967686
sean clare__1996-09-18,,,,355182.93743095186,351238.43699593993,62029.96080377377
sean klaiber__1994-07-31,Sean Klaiber,DEF,1749999.9999999998,1073426.3768440266,1091173.806625309,72179.23702510013
sean longstaff__1997-10-30,,,,9726325.71452551,9726325.71452551,659988.5647942853
sean maguire__1994-05-01,,,,218618.35063795574,218618.35063795574,
sean mcloughlin__1996-11-13,,,,1221257.355866329,1262405.1921640746,90163.46222284358
sean murray__1993-10-11,,,,184883.54897451063,170040.26257400986,31912.407782916438
sean raggett__1994-01-25,,,,434883.7110920755,439311.27873807517,11544.85295620889
sean steur__2008-01-11,,,,1289779.850182199,1289779.850182199,
sebastiaan bornauw__1999-03-22,,,,6400590.584425397,6523713.075605472,375673.7504920921
sebastian boselli__2003-12-04,,,,2806407.53407091,2806407.53407091,227001.21094868696
sebastian coates__1990-10-07,,,,3604275.2460711394,3733966.4046134567,332611.0147356754
sebastian cristoforo__1993-08-23,,,,694715.0847690381,686929.7993869884,24866.924337246226
sebastian driussi__1996-02-09,Sebastián Driussi,MID,10250000.000000004,4283487.260515468,4283487.260515468,82624.60899973605
sebastian holmen__1992-04-29,,,,830834.900397788,830752.7161226808,58153.507048227955
sebastian jrgensen__2000-06-08,,,,1506609.5452786952,1506609.5452786952,
sebastian jung__1990-06-22,,,,526353.8972317553,526353.8972317553,
sebastian kerk__1994-04-17,Sebastian Kerk,MID,587500.0000000002,553112.7596031213,558662.1634796953,71540.8494296416
sebastian lomonaco__1998-09-17,,,,1332497.5651841369,1332497.5651841369,40879.022222034066
sebastian muller__2001-01-23,,,,496511.63204725576,484044.7013716433,32414.807000298126
sebastian nanasi__2002-05-16,,,,14210356.934929345,14192527.943187555,1317752.6852391989
sebastian otoa__2004-05-13,,,,1348544.9476706681,1342227.900248397,79946.8171563714
sebastian revan__2003-07-14,,,,869492.6354833224,869492.6354833224,
sebastian schonlau__1994-08-05,Sebastian Schonlau,DEF,1650000.0000000007,1197580.8671352605,1199825.6642284363,76527.37900684778
sebastian sebulonsen__2000-01-27,,,,2763631.575414579,2583872.528936084,312720.04425693065
sebastian stolze__1995-01-29,Sebastian Stolze,DEF,525000.0000000003,491420.38432938966,491420.38432938966,
sebastian szymanski__1999-05-10,,,,11869175.10371605,11869175.10371605,471321.06860848534
sebastian tounekti__2002-07-13,,,,5433726.81617022,5204098.27881989,669386.456585969
sebastian vasiliadis__1997-10-04,,,,712632.3289764998,705918.3702832358,49995.98347480152
sebastian walukiewicz__2000-04-05,,,,2810702.4295561435,2810702.4295561435,
sebastiano desplanches__2003-03-11,,,,1931778.5137017109,1971605.7946167595,141804.5622634954
sebastiano esposito__2002-07-02,Sebastiano Esposito,MID,8249999.9999999935,11065136.763453782,11373892.811590193,950760.235740377
sebastiano luperto__1996-09-06,,,,8862623.311373372,8960447.909112997,417545.5655722239
sebastien haller__1994-06-22,,,,3901961.906672319,3857367.361574783,99454.36566002158
sefer emini__2000-07-15,Sefer Emini,MID,1050000.0000000007,1160450.811694824,1165825.9890138044,10996.375863273093
seiji kimura__2001-08-24,,,,527731.8932966585,546334.3332236826,98029.72768363607
seiya maikuma__1997-10-16,Seiya Maikuma,DEF,3550000.0000000014,3942612.7581514013,3942612.7581514013,231060.5072454048
seko fofana__1995-05-07,,,,6939377.93251932,6939377.93251932,86111.66757168937
sekou doucoure__2005-04-26,,,,897989.249493218,855048.3581717625,89969.93499022552
sekou koita__1999-11-28,,,,2704315.9655329124,2704315.9655329124,
sekou mara__2002-07-30,Sékou Mara,FWD,4150000.000000003,2763033.201651658,2744774.6591902487,152900.28264076717
sekou sidibe__2001-05-05,,,,581454.2844890245,581454.2844890245,
sem scheperman__2002-06-24,Sem Scheperman,MID,1150000.0000000005,1131502.6664051386,1112439.1281399624,71619.73052240485
sem steijn__2001-11-12,,,,20644672.43466917,20913970.826872706,777138.3625818174
sem van duijn__2004-03-18,Sem van Duijn,MID,562500.0000000003,628613.5452257749,634785.5608567703,37225.87321683609
semi ajayi__1993-11-09,,,,1529877.1801156637,1489687.466107375,88592.02706630624
semih guler__1994-11-30,,,,1123910.5353526108,1161920.0415065545,80083.13071326684
semih klcsoy__2005-08-15,Semih Kılıçsoy,MID,9249999.999999987,3755411.201586359,3742298.8919037147,216706.14380924523
semir telalovic__1999-12-23,,,,934521.2061047223,934521.2061047223,
semm renders__2007-12-17,,,,867806.2566511319,867806.2566511319,12931.318353661849
semuel pizzignacco__2001-09-01,,,,1174045.4604761691,1227889.0506567713,113891.8190700569
senne lammens__2002-07-07,,,,26989885.384676553,26989885.384676553,
seny dieng__1994-11-23,,,,948231.6800244777,958223.6539666904,33818.19515149614
seny koumbassa__2007-06-20,Seny Koumbassa,DEF,412500.00000000006,487566.3952817835,474432.15282355825,41053.386291623145
sepp van den berg__2001-12-20,Sepp van den Berg,DEF,21500000.00000001,20099729.23776847,19336460.80614102,1942250.7196701071
serdar dursun__1991-10-19,,,,934845.977577053,945180.7563199048,70003.20341939236
serge gnabry__1995-07-14,,,,30036415.99588477,30036415.99588477,916623.282798567
sergio cordova__1997-08-09,Sergio Córdova,MID,1299999.9999999993,1127544.0785915765,1136247.701699096,59911.506848834404
sergio kalaj__2000-01-28,,,,420545.3550559735,420545.3550559735,34335.945826001545
sergio pena__1995-09-28,,,,2582152.629466735,2573736.549082611,197813.07992120108
sergio romero__1987-02-22,,,,411155.4362423571,397217.6102982819,67608.07140583023
serhou guirassy__1996-03-12,Serhou Guirassy,FWD,56500000.00000009,63112475.739595756,64135989.00775424,5215061.349158721
serxho ujka__1998-08-27,Serxho Ujka,MID,625000.0000000002,667709.7692202859,670269.0447240961,10325.226563399896
seydou fini__2006-06-02,Seydou Fini,MID,1400000.0000000007,3032446.8182935338,2933524.425708373,210424.22380660396
shafiq nandja__2007-01-15,,,,348181.6092721127,348181.6092721127,
shamal george__1998-01-06,,,,393062.41496547445,394509.5361372035,12964.612007215997
shandre campbell__2005-07-15,,,,1692690.5030820002,1702287.7396462022,53365.16418061575
shane blaney__1999-01-20,,,,263982.3755061564,267716.30600127444,21919.348984129876
shane duffy__1992-01-01,,,,1120139.249770428,1120139.249770428,
shangyuan wang__1993-06-02,,,,626028.9194389364,609020.8317763234,39206.98598008356
shaocong wu__2000-03-20,Shaocong Wu,DEF,637500.0000000003,598193.5680802708,593341.9207877769,8905.699693843862
shaq moore__1996-11-02,,,,1255715.0718788262,1277816.4164428436,64012.039862238686
shaqueel van persie__2006-11-16,Shaqueel van Persie,FWD,812499.9999999993,613406.010612051,617585.3745264809,16879.505692476963
shaquil delos__1999-06-16,Shaquil Delos,DEF,950000.0000000008,1175624.9583008299,1178865.957913833,15275.375837761272
shaquille pinas__1998-03-19,,,,2761576.9105907795,2761576.9105907795,
shaun rooney__1996-07-26,Shaun Rooney,DEF,612499.9999999997,416165.2501488483,411959.3438151494,24799.273138813074
shawn adewoye__2000-06-29,,,,1213915.0994893806,1128494.7207095292,161645.07348356184
shayne lavery__1998-12-08,,,,561213.8965695148,561213.8965695148,25419.69398549204
shea charles__2003-11-05,,,,3710239.5263078334,3710239.5263078334,603989.5455273477
sheraldo becker__1995-02-09,Sheraldo Becker,MID,2250000.000000001,2360412.358850267,2501225.8382973326,369230.42135054653
sherel floranus__1998-08-23,,,,569277.4163543487,569277.4163543487,
shihao wei__1995-04-08,,,,1634126.559603381,1628084.6205669546,46129.45058800419
shiloh t zand__2003-05-14,,,,1118674.1819395344,1118674.1819395344,255602.85728621564
shinta appelkamp__2000-11-01,,,,1741358.1116645564,1753645.0148338627,38115.91414832031
shio fukuda__2004-04-08,,,,1043337.9616751464,1055482.3110876456,99492.714920201
sho fukuda__2001-03-23,,,,975774.1156442357,925267.7983028179,142486.0166396031
shola ogundana__2005-02-22,,,,1390271.6507260504,1390271.6507260504,
shola shoretire__2004-02-02,,,,1696232.5484513242,1696232.5484513242,
shon weissman__1996-02-14,,,,1837572.4340458463,1896803.0259376909,246391.87652741236
shunsuke mito__2002-09-28,,,,2000582.9824443872,1953957.9107773646,335454.5621588076
shurandy sambo__2001-08-19,,,,1626190.8825945973,1662447.200837167,132022.89469104374
shuto machino__1999-09-30,,,,5532534.065795609,5613468.560082962,149161.8806393319
sidi sane__2003-04-21,,,,736729.6579753796,750785.2645450775,60828.09221339844
sidiki cherif__2006-12-15,,,,3771098.350774153,3771190.6716285227,152029.14575408836
sidney raebiger__2005-04-17,Sidney Raebiger,MID,625000.0000000002,720880.8886596704,719591.8730344255,3120.3696097599764
sidny lopes cabral__2002-09-18,Sidny Lopes Cabral,DEF,1275000.0000000002,1637126.8030742821,1606468.9309171622,150606.56973709687
siebe horemans__1998-06-02,Siebe Horemans,DEF,3249999.9999999986,2154620.6038636984,2154620.6038636984,
siebe schrijvers__1996-07-18,Siebe Schrijvers,MID,2250000.000000001,3289779.5913207717,3309756.296859014,117409.93035908182
siebe van der heyden__1998-05-30,,,,3346462.7334846584,3335697.3978492254,146837.7875434192
siemen voet__2000-02-03,Siemen Voet,DEF,749999.9999999998,798454.4672870617,784853.9561572169,52470.37499520596
sigurd haugen__1997-07-17,,,,713651.6759393588,710892.4207748746,46493.939152655046
sikou niakate__1999-07-10,Sikou Niakaté,DEF,6250000.000000005,6607559.030299253,6427400.147843734,391681.85583017365
sil swinkels__2004-01-06,,,,723187.6575157956,723187.6575157956,
silas ostrzinski__2003-11-19,,,,679224.9076689429,679224.9076689429,
silvan hefti__1997-10-25,,,,1209215.627745952,1209215.627745952,
silvan widmer__1993-03-05,,,,1675890.138269724,1687832.1222974556,139864.53464731426
silvere ganvoula__1996-06-29,,,,1378873.8083679567,1378873.8083679567,43631.654927701195
silvinho esajas__2002-07-08,,,,496662.0871998891,496662.0871998891,4498.507210947813
simen bolkan nordli__1999-12-25,,,,3217068.86367003,3178699.538988377,110708.27038527973
simen juklerd__1994-05-18,,,,589987.4042120039,582129.6774186188,34704.66091104948
simon adingra__2002-01-01,,,,20837748.548856787,20370626.53332304,3009067.951136521
simon asta__2001-01-25,,,,1318506.9274700773,1318506.9274700773,79474.16967123134
simon ebonog__2004-08-16,,,,1796704.2675775366,1792007.539717147,54343.76967518023
simon elisor__1999-07-22,,,,1931058.940488397,1928783.6986309951,45601.79909462354
simon graves__1999-05-22,Simon Graves,DEF,1150000.0000000005,1311924.7111034212,1338718.7992682285,61221.73799828568
simon hedlund__1993-03-11,,,,1105671.907213181,1051485.2211743058,135354.86026504164
simon janssen__2000-09-25,Simon Janssen,DEF,637500.0000000003,812339.6681229108,763670.2231341345,92247.36101849942
simon lorenz__1997-03-30,Simon Lorenz,DEF,725000.0000000006,648886.2944275035,638309.2855513562,39181.040398259
simon mignolet__1988-03-06,,,,622015.080034346,622015.080034346,28289.174629746038
simon moore__1990-05-19,,,,158996.4664953974,163102.71297576392,9251.977946577574
simon murray__1992-03-15,,,,367515.7840000717,367515.7840000717,87307.90068890808
simon ngapandouetnbu__2003-04-12,,,,1041826.5596464144,1086124.819722044,118819.56283390842
simon olsson__1997-09-14,,,,1541744.674976459,1541744.674976459,
simon piesinger__1992-05-13,,,,454671.02648993395,448586.9805945274,19983.45807586461
simon power__1998-05-13,,,,255175.94943579886,271576.7068375331,48419.574774711036
simon simoni__2004-07-14,,,,809864.818647927,806361.5258638394,32647.097926285755
simon sohm__2001-04-11,,,,7462267.3110984415,7433977.554556837,236243.66095120157
simon straudi__1999-01-27,,,,720699.6915954547,720699.6915954547,37530.964911926545
simon thern__1992-09-18,,,,419389.9425713614,428656.9335469121,36256.811778639785
simon wver__1996-01-21,,,,284237.73468324274,287554.03600200993,13488.135285490596
simone bastoni__1996-11-05,,,,1551216.7822055342,1551216.7822055342,103228.31638404565
simone canestrelli__2000-09-11,,,,2026790.4482322054,2053149.5475835088,82311.29549765278
simone colombi__1991-07-01,Simone Colombi,GK,230000.0000000001,305982.8852164309,299144.9162547287,27134.25044338327
simone ghidotti__2000-03-19,,,,1183216.216556179,1169745.8073669614,60739.42413714243
simone pafundi__2006-03-14,Simone Pafundi,MID,6650000.000000001,3022119.0899304864,2964710.2762690685,128087.98933448766
simone perilli__1995-01-07,,,,518600.4184523958,515153.945780365,33604.32224968937
simone pontisso__1997-03-20,,,,972068.7038473093,977241.0844166309,11854.784078964174
simone romagnoli__1990-02-09,Simone Romagnoli,DEF,587500.0000000002,427824.79048278485,406324.86994908913,41167.45319870808
simone scaglia__2004-07-12,,,,805809.6986335191,805809.6986335191,
simone scuffet__1996-05-31,Simone Scuffet,GK,1650000.0000000007,2365284.039616598,2365284.039616598,3281.448855880857
simone verdi__1992-07-12,,,,1480943.301968261,1452516.6696256567,87355.08451441581
sinaly diomande__2001-04-09,,,,4250680.951456688,4309641.113763543,391191.9194210009
sindre walle egeli__2006-06-21,Sindre Walle Egeli,MID,1575000.0000000002,2193703.8029755987,2205464.8565936936,82253.16571529704
siriki dembele__1996-09-07,,,,1845859.858839576,1771981.8741269775,152486.06389088932
sivert heltne nilsen__1991-10-02,,,,506216.23804007843,503279.28407162963,13547.899166573325
sivert mannsverk__2002-05-08,,,,1973474.5454879617,1973474.5454879617,213339.37295184494
skelly alvero__2002-05-04,,,,1913416.0787740129,1901201.1992380666,95630.75761243657
slobodan rubezic__2000-03-21,,,,1330118.1736748072,1289783.5742686018,152670.04317670167
sofiane alakouch__1998-07-29,Sofiane Alakouch,DEF,537500.0000000003,779481.0121310658,779481.0121310658,17037.677594058037
sofiane boufal__1993-09-17,,,,3132853.606852485,3123859.578571803,181813.9283815155
sofiane diop__2000-06-09,,,,10427159.786100416,10427159.786100416,
sofus berger__2003-06-02,,,,741817.3265792842,741817.3265792842,20638.170344287988
sofyan amrabat__1996-08-21,,,,12402256.427843546,12110139.454505656,970780.014999218
soichiro kozuki__2000-12-22,Soichiro Kozuki,MID,899999.9999999995,787280.0627338525,796776.0574003052,25842.636044170304
solly march__1994-07-20,,,,4712888.871213901,4971532.613232652,582676.3708461613
sondre rjaster__2003-11-28,,,,3395626.3524575965,3395626.3524575965,
sondre tronstad__1995-08-26,,,,2398812.7190870973,2398812.7190870973,
soner dikmen__1993-09-01,,,,806279.0169242034,806279.0169242034,46993.4057438559
soner gonul__1997-06-11,Soner Gönül,DEF,737500.0000000005,809365.5860943143,812403.1292009196,24612.123076146792
sonny perkins__2004-02-10,,,,569115.5415716385,572826.7856949327,7155.370849217045
sontje hansen__2002-05-18,,,,2079965.7783316027,2113404.175254495,129259.57817520802
sota kawasaki__2001-07-30,,,,2776139.0948134344,2776139.0948134344,338719.7579098099
sotirios papagiannopoulos__1990-09-05,,,,525029.4019780899,525029.4019780899,14731.146794276603
sotiris alexandropoulos__2001-11-26,Sotiris Alexandropoulos,MID,2449999.9999999995,1627200.7585902626,1670120.8885781672,74748.68547115772
sotiris kontouris__2005-02-24,,,,1108717.4893427908,1122629.6960802383,55772.90641813192
soualiho meite__1994-03-17,,,,3615482.7865101285,3615482.7865101285,423023.44288723514
souffian el karouani__2000-10-19,,,,10604864.333961777,10604864.333961777,62137.10898033642
souleyman doumbia__1996-09-24,,,,665779.8892128818,664462.9135877837,23401.107660221875
soumaila coulibaly__2003-10-14,,,,4454387.719915792,4447786.671176017,251425.85069224972
soungoutou magassa__2003-10-08,,,,7844135.295941778,7608076.016447803,912121.5453567862
sren tengstedt__2000-06-30,,,,943727.9654941992,943727.9654941992,
stan henderikx__2003-07-08,,,,858773.0992456842,879670.4996873352,45103.49127820388
stanis idumbo__2005-06-29,,,,2639513.053289385,2644263.538848535,190164.71823594416
stanislav lobotka__1994-11-25,,,,23686209.340147525,23686209.340147525,
stanley mills__2003-10-25,,,,1575100.5522155499,1575100.5522155499,
stanley nsoki__1999-04-09,,,,2512242.536576512,2512242.536576512,
stav lemkin__2003-04-02,,,,1902717.7518851822,1902717.7518851822,
stavros gavriel__2002-01-29,,,,1168758.7124771252,1168758.7124771252,
stavros pilios__2000-12-10,,,,2219270.274440584,2226001.625483454,47968.21353872766
stavros pnevmonidis__2006-08-07,Stavros Pnevmonidis,MID,1600000.0000000012,1922673.7186473354,1937231.1616910112,64960.58628455167
steeven assengue__2005-06-14,,,,347973.5201485582,347973.5201485582,16495.145960128775
stefan bajic__2001-12-23,,,,828590.28460214,823842.3608112447,21410.12241478399
stefan bell__1991-08-24,,,,1264974.2853372642,1272767.7932336384,151775.96117958496
stefan de vrij__1992-02-05,Stefan de Vrij,DEF,12249999.999999987,12442249.465535156,12254197.658824781,1185660.0533709796
stefan drazic__1992-08-14,,,,750381.3314862043,750381.3314862043,
stefan drljaca__1999-04-20,,,,760137.1679558912,771642.9411611832,44536.48743081132
stefan gartenmann__1997-02-02,,,,2005245.5771805937,2013050.6926116943,130696.6843109926
stefan knezevic__1996-10-30,,,,1091701.1813447853,1091701.1813447853,25022.62403233447
stefan kutschke__1988-11-03,,,,237422.32962035117,237422.32962035117,45351.442483009654
stefan lainer__1992-08-27,Stefan Lainer,DEF,1899999.9999999993,1242831.1366337496,1255190.9622201966,90654.14088625646
stefan mitrovic__1990-05-22,,,,343333.1647190845,343333.1647190845,11975.881745511675
stefan ortega__1992-11-06,,,,7113183.676475782,7096995.840655701,415427.71852525556
stefan posch__1997-05-14,,,,17217222.17610596,17217222.17610596,573065.823481303
stefan savic__1991-01-08,,,,3399220.9118885165,3399220.9118885165,
stefan schimmer__1994-04-28,,,,1320584.950532754,1335355.0193749715,35813.5487366152
stefan schwab__1990-09-27,,,,762463.7618082116,762463.7618082116,33298.84988434642
stefan smarkalev__2007-05-14,,,,361310.9149986535,361991.43435518246,14898.984456416672
stefan velkov__1996-12-12,,,,768580.4394133308,768580.4394133308,25536.057374997417
stefano mazzini__1998-12-06,,,,184330.73900819867,188129.66556391824,16150.38534885573
stefano moreo__1993-06-30,,,,1360633.598335458,1375285.1944659345,69590.70158010331
stefano russo__2000-06-29,,,,1314093.9213777615,1314093.9213777615,
stefano sabelli__1993-01-13,,,,1679620.028707865,1679620.028707865,56290.26732303836
stefano turati__2001-09-05,,,,3612489.54554642,3703280.8571890313,190948.13817715578
stefanos kapino__1994-03-18,,,,653131.0399054002,653131.0399054002,4939.288017191484
stefanos tzimas__2006-01-06,,,,4293364.446917288,4293364.446917288,
stefen tchamche__2006-01-08,,,,314349.77734731504,311251.1112931017,35428.677018559494
steffen tigges__1998-07-31,Steffen Tigges,FWD,1350000.0,1068574.9690139424,1040397.1609108127,77377.60455360684
stelios andreou__2002-07-24,Stelios Andreou,DEF,2900000.0000000014,2979626.3753912784,3036691.889508996,164114.55774915795
stephan ambrosius__1998-12-18,,,,1220302.9426368983,1220302.9426368983,
stephan el shaarawy__1992-10-27,,,,8133565.391397297,8273717.374265255,756386.8631592712
stephane diarra__1998-12-09,,,,1277529.0265568348,1262900.7743725495,40642.92896440429
stephen dukemckenna__2000-08-17,,,,366331.1363935146,371146.2340543418,14561.70754374088
stephen humphrys__1997-09-15,Stephen Humphrys,MID,712500.0000000002,787265.3994875292,787265.3994875292,
stephen kingsley__1994-07-23,Stephen Kingsley,DEF,534999.9999999995,856224.1643602375,856224.1643602375,33382.85541130345
stephen odonnell__1992-05-11,,,,234968.15577208335,237934.95681234074,22584.6677987604
stephen welsh__2000-01-19,,,,1531795.7331045521,1531795.7331045521,
stephy mavididi__1998-05-31,Stephy Mavididi,MID,6749999.999999997,6151393.318551038,6285515.480977869,284882.1696053088
steve cook__1991-04-19,,,,808956.5394219192,731444.0590092955,173933.7469069541
steve mounie__1994-09-29,,,,3287892.1294305823,3289271.2260557115,232583.92652569152
steve ngoura__2005-02-22,,,,1593437.0306827382,1593437.0306827382,
steven baseya__2005-01-14,,,,679577.0453391931,689717.792321976,42596.99137971202
steven benda__1998-10-01,Steven Benda,GK,1099999.9999999998,1034288.2627762067,1034288.2627762067,73527.78046988732
steven berghuis__1991-12-19,,,,5502056.750327354,5502056.750327354,406542.1158000556
steven bergwijn__1997-10-08,,,,19171233.625523105,18834258.323131002,859959.3055833508
steven moreira__1994-08-13,,,,1163640.1122869435,1163640.1122869435,171933.7206105318
steven nzonzi__1988-12-15,,,,344105.690162573,342488.9904987974,28153.737779433137
steven skrzybski__1992-11-18,,,,1385296.1702791953,1369320.5100525627,53168.64022275758
stevie may__1992-11-03,,,,216935.86903459864,215974.3093700632,19911.018414748607
stian gregersen__1995-05-17,,,,1273419.6422407504,1287855.984504657,39068.515246617375
stije resink__2003-05-28,,,,4955294.03992027,4899862.40605652,276103.4811180575
stijn spierings__1996-03-12,,,,2062042.3983357188,2098864.044723444,104643.08750633393
stijn van gassel__1996-10-18,Stijn van Gassel,GK,999999.9999999997,845639.9872724104,829750.3923944415,40832.178638019395
stipe perica__1995-07-07,,,,809739.8616010181,811893.2250209139,49445.42935402584
stipe radic__2000-06-10,,,,1347210.8138919761,1347210.8138919761,95759.73646960873
stiven shpendi__2003-05-19,Stiven Shpendi,MID,1949999.999999999,1172014.544150654,1171625.6618373967,84609.55337636665
stole dimitrievski__1993-12-25,,,,3799047.7890230916,4079960.6650496237,624331.2119560541
stoppila sunzu__1989-06-22,,,,375318.3855101907,375077.1396072943,106178.13209025134
strahinja pavlovic__2001-05-24,,,,13162864.872124087,13250241.678531071,1173784.5262396934
stratos svarnas__1997-11-11,,,,1822929.7844215678,1822929.7844215678,85681.22173306857
streli mamba__1994-06-17,,,,578856.3555246707,575159.4163619175,23006.401131233823
stuart armstrong__1992-03-30,,,,1296185.352416697,1285087.1916935395,97371.96826522899
stuart findlay__1995-09-14,Stuart Findlay,DEF,1024999.9999999995,1225415.082723002,1217355.0214556537,44166.75274112351
suat serdar__1997-04-11,,,,9670174.044629272,9670174.044629272,
sullay kaikai__1995-08-26,,,,336835.3264275778,386723.2534894986,104185.28669152172
svante ingelsson__1998-06-14,,,,1318360.879077918,1318360.879077918,276022.5072530006
svar atli magnusson__2000-06-16,,,,817412.7458827589,763639.9708042957,100509.2529203272
sven botman__2000-01-12,Sven Botman,DEF,35499999.999999955,40603363.61058302,40018868.44144041,1405404.071282801
sven bouland__2006-02-22,,,,456054.94244747265,456054.94244747265,5878.543240743801
sven jansen__2004-10-23,,,,173443.88468389213,171357.2809320079,5416.0330318654305
sven kohler__1996-11-08,,,,855406.1140179028,861004.4155930945,25344.888875135937
sven mijnans__2000-03-09,,,,11573350.391532836,11686614.251471994,1121187.9342261667
sven sonnenberg__1999-01-19,,,,721596.6542758986,721596.6542758986,35694.41178797341
sven ulreich__1988-08-03,,,,453267.1448927584,451157.3527690463,43764.04389295916
svenn crone__1995-05-20,Svenn Crone,DEF,512499.9999999997,481256.4680406876,476829.38244272524,24889.412098884575
sverre nypan__2006-12-19,,,,5073131.821648456,5073131.821648456,1669268.409082688
sverrir ingi ingason__1993-08-05,,,,1714878.4164484523,1714878.4164484523,46808.04170684926
syb van ottele__2002-02-02,,,,1621174.0814279865,1621174.0814279865,
sydie peck__2004-09-13,,,,3537464.066553715,3441867.5249392134,189159.87037055474
sydney van hooijdonk__2000-02-06,,,,1707428.9174918293,1663004.75322347,139907.39419785992
szymon czyz__2001-07-08,,,,857280.7084206829,857280.7084206829,6809.286702498925
taha altkardes__2003-08-22,,,,1683225.8188667872,1695847.601945015,47999.15177875322
taha emre ince__2007-07-26,Taha Emre İnce,DEF,312500.00000000023,337599.5713011278,337599.5713011278,2181.4394358205145
taha sahin__2000-10-22,,,,1949190.8120440145,1981093.3996455024,51641.356621915955
tairyk arconte__2003-11-12,,,,1114361.9626235636,1140250.5932598766,234019.2523567121
taishi brandon nozawa__2002-12-25,,,,487188.07242269156,487188.07242269156,48335.01381857704
taiwo awoniyi__1997-08-12,,,,6463036.428399387,6463036.428399387,
tajon buchanan__1999-02-08,,,,6122709.237987709,5903709.9616150595,899090.5595423804
takahiro akimoto__1998-01-31,,,,1050651.7284024027,1050651.7284024027,40575.06657706009
takayuki seto__1986-02-05,,,,127314.1506276807,104652.76298395591,49833.43768076927
takefusa kubo__2001-06-04,,,,34924056.48666248,34431057.02127546,4755128.502357138
takehiro tomiyasu__1998-11-05,,,,11047319.156240918,10771128.753976522,1419085.3063397577
takuma asano__1994-11-10,,,,4075648.9885027884,4075648.9885027884,27857.96275289392
takumi minamino__1995-01-16,,,,10632164.762386214,10253764.777468484,698471.7302999081
talha sararslan__2004-01-18,,,,296252.72472533194,288067.2442863048,29105.509704179476
talha ulvan__2001-04-20,,,,275188.1628317712,278972.18878216745,30610.243360494496
tamas nikitscher__1999-11-03,,,,1558948.595793564,1449600.7361602373,217557.71989365914
tammer bany__2003-10-19,,,,903204.7444116513,969527.3830564027,205674.6587216437
tammy abraham__1997-10-02,,,,12512093.50946106,12512093.50946106,996507.4230163592
tanguy coulibaly__2001-02-18,,,,2905977.20891234,2875774.7624909105,99351.176874271
tanguy ndombele__1996-12-28,,,,3357144.425328278,3299871.534422214,209497.26841926834
tanguy nianzou__2002-06-07,,,,3332221.513126889,3221746.799607004,319754.18054492486
tanguy zoukrou__2003-05-07,,,,935336.0922224383,938138.0274420995,37332.11413435011
tani oluwaseyi__2000-05-15,,,,2508017.022105223,2501193.2463027616,20033.946644073363
tanner tessmann__2001-09-24,,,,12106784.226729251,12106784.226729251,
taras mykhavko__2005-05-30,Taras Mykhavko,DEF,4799999.999999999,5076537.469072609,5326234.601575449,518447.27186659304
taras stepanenko__1989-08-08,,,,481362.8539697514,467123.0534967347,45046.239440150144
tarek buchmann__2005-02-28,,,,434070.39098970895,434070.39098970895,
tarik muharemovic__2003-02-28,,,,5600466.668322955,5734811.4255862655,420691.55119392544
tariq lamptey__2000-09-30,,,,4524828.923264653,4524828.923264653,
tark cetin__1997-01-08,,,,898363.0416899533,898363.0416899533,
taskn ilter__1994-07-05,,,,407590.23173730803,419184.08116618777,20593.890783400835
tatsuhiro sakamoto__1996-10-22,,,,3812834.467547165,3995770.458432987,487178.10997726594
tawanda maswanhise__2002-11-20,,,,1254032.2103929527,1254032.2103929527,
tayfur bingol__1993-01-11,,,,665740.3398249851,667731.2938458995,8597.429089144292
taylan antalyal__1995-01-08,,,,1068324.0513765356,1069983.4081717425,26104.119151042043
taylor booth__2001-05-31,,,,1538961.8730581074,1538961.8730581074,
taylor gardnerhickman__2001-12-30,,,,2032926.6454546833,1939601.2175693768,253773.75681249253
taylor harwoodbellis__2002-01-30,Taylor Harwood-Bellis,DEF,15000000.00000001,7781086.752081801,7781086.752081801,1061468.2721958703
taylor perry__2001-07-15,,,,288318.7967535728,290350.58399889205,11055.550106472336
taylor richards__2000-12-04,,,,595954.3015000629,616350.6398892573,35435.69602460625
tayo adaramola__2003-11-14,,,,1068843.0747417856,1058777.766850248,148571.93052044095
tayyip talha sanuc__1999-12-17,,,,1329314.8680203005,1320977.2842949645,38505.05452360808
teddy okou__1998-05-15,,,,1441872.049042879,1441872.049042879,
teddy teuma__1993-09-30,,,,4001393.161971029,3988306.0383364423,35769.00192155355
teemu pukki__1990-03-29,Teemu Pukki,FWD,1150000.0000000005,702927.031645896,703514.5628974331,44709.38659209519
teenage hadebe__1995-09-17,,,,1128757.1403913833,1128757.1403913833,150305.77419799252
teji savanier__1991-12-22,Téji Savanier,MID,6250000.000000005,2537123.914407153,2490545.40788617,148881.86038484087
telasco segovia__2003-04-02,,,,2727273.9279864333,2759142.833811586,424264.75603436894
telli siwe__2004-12-14,,,,767227.0375569833,767227.0375569833,
telmo arcanjo__2001-06-21,,,,2330968.26012599,2278775.7247619936,162817.10943036003
tendayi darikwa__1991-12-13,,,,410018.26435635576,404541.1274129984,11342.79245293828
terem moffi__1999-05-25,,,,5631243.396139693,5631243.396139693,
terrence boyd__1991-02-16,,,,394206.05633643444,394206.05633643444,15257.30036245007
terry taylor__2001-06-29,,,,609223.3433759348,609223.3433759348,19236.578701502425
terry yegbe__2001-01-25,,,,2407352.540153549,2407352.540153549,186247.54503620093
tete yengi__2000-11-28,,,,295546.62242348376,293138.7659954956,4925.27715902972
teun koopmeiners__1998-02-28,,,,20757045.51791026,21060056.169962432,590145.4080998626
thelo aasgaard__2002-05-02,,,,1944643.6851919321,1944643.6851919321,3167.8252163552065
theo bair__1999-08-27,,,,2406657.418625876,2378945.9722046596,55563.35738402584
theo corbeanu__2002-05-17,,,,1789226.2739509523,1853029.157425179,118319.498295868
theo de percin__2001-02-02,Théo De Percin,GK,899999.9999999995,1207805.338472008,1228365.451043477,62505.75726806968
theo defourny__1992-04-25,,,,247717.36665208347,249203.82137252932,25023.369686275197
theo guivarch__1995-11-17,,,,479003.4819556658,473860.1957397057,28612.088384103165
theo hernandez__1997-10-06,,,,36586568.808946475,37006920.728816494,2218541.961513746
theo le bris__2002-10-01,Théo Le Bris,DEF,2849999.999999999,3542748.401066741,3542748.401066741,169825.36665913239
theo leoni__2000-04-21,Théo Leoni,MID,3499999.9999999995,2274372.0967382663,2274372.0967382663,48706.176616373465
theo sainteluce__1998-10-20,Théo Sainte-Luce,DEF,1249999.999999999,1305589.3464634966,1330323.2403033073,116919.3913227201
theo sander__2005-01-08,,,,800023.0895558354,800716.434796975,17257.869039819525
theo vermot__1997-01-27,,,,164447.0380386792,161519.89917592704,10742.807955368648
theo zidane__2002-05-18,,,,1086512.58073904,1086512.58073904,13585.877400292125
therence koudou__2004-12-13,,,,2576903.640453137,2576903.640453137,91784.45583014368
thiago almada__2001-04-26,,,,28153405.983127594,29560109.104733042,2947816.345889472
thiago borbas__2002-04-07,,,,4388210.847139807,4388210.847139807,59079.415931624964
thiago fernandez__2004-04-03,,,,7452353.130924084,7444305.9334372915,123664.51309444991
thibault de smet__1998-06-05,,,,2217545.8708663145,2196710.1260480275,65766.2808129277
thibault klidje__2001-07-10,,,,2290858.081769786,2181124.4965490955,237298.21594209239
thibault vlietinck__1997-08-19,,,,743051.1720400001,743051.1720400001,5495.081653138305
thibaut courtois__1992-05-11,,,,32014803.266565315,32014803.266565315,445890.8062053882
thibaut vargas__2000-05-22,Thibaut Vargas,DEF,1350000.0,1636847.246931417,1636847.246931417,7769.816764866055
thibo baeten__2002-06-04,,,,838928.7806336244,838928.7806336244,
thibo somers__1999-03-16,,,,3222819.7324668383,3239414.468378392,222331.8362164521
thierno balde__2002-06-10,,,,999152.7721105951,999152.7721105951,
thierno barry__2002-10-21,,,,19500073.149054118,19489272.602616914,553053.6753707576
thierry lutonda__2000-10-27,,,,799769.1307946322,814737.17619744,45566.68381774299
thierry small__2004-08-01,Thierry Small,DEF,1749999.9999999998,2245767.0564189777,2245551.5474812994,106629.91832898583
thijmen blokzijl__2005-02-25,,,,3559138.1917534824,3559138.1917534824,158316.26030979076
thijmen nijhuis__1998-07-25,,,,504369.21480914304,485496.4972594176,35029.86474427731
thijs dallinga__2000-08-03,,,,13505031.152919605,13505031.152919605,
thijs oosting__2000-05-02,,,,812298.4445340293,803120.891700708,30481.299867504735
thilo kehrer__1996-09-21,,,,11803240.279992849,11395348.924764631,889263.4715016773
thom van bergen__2004-01-06,Thom van Bergen,MID,2150000.0,1733233.2463235727,1715334.632366716,63278.263622227256
thomas battistella__2001-07-29,,,,847210.2050864676,846579.0606443738,17393.505806561112
thomas beelen__2001-06-11,,,,7450755.781280446,7372605.990678941,453238.84299008147
thomas bruns__1992-01-07,,,,543940.0852168116,543940.0852168116,24084.387771089543
thomas buitink__2000-06-14,,,,622169.6199238151,623859.8092175062,31443.321203176227
thomas callens__1998-09-06,,,,558665.902096278,558665.902096278,17731.965701565554
thomas carrique__1999-02-26,,,,777034.8980689439,775827.4758503316,16292.078414793737
thomas claes__2004-03-26,,,,1923338.258053409,1904461.1345287508,167330.00748279487
thomas delaney__1991-09-03,,,,1698761.7995197095,1596792.2539486615,189737.4105485681
thomas foket__1994-09-25,Thomas Foket,DEF,3600000.0000000014,1260351.8074492202,1256166.8332948983,56055.34616015463
thomas gundelund__2001-11-06,Thomas Gundelund,DEF,875000.0,1149718.638662932,1214020.7939411234,166530.40525069702
thomas henry__1994-09-20,,,,1824838.7137520288,1831212.7733604985,62606.764541069235
thomas isherwood__1998-01-28,Thomas Isherwood,DEF,749999.9999999998,833530.9782671207,848943.0627631112,37688.25136740616
thomas jrgensen__2005-09-30,,,,2257083.3531161845,2257083.3531161845,110374.50568231664
thomas kastanaras__2003-01-09,,,,721629.1537510088,721629.1537510088,69124.83465030383
thomas keller__1999-08-05,,,,1088392.6851247945,1089505.0742643354,59186.05524759861
thomas kristensen__2002-01-17,Thomas Kristensen,DEF,6950000.000000006,4319322.658100876,4281331.9922107,263078.48022587836
thomas lemar__1995-11-12,,,,8038156.843537417,8425592.88919179,1245922.6794489685
thomas meiner__1991-03-26,,,,271760.16047609167,271129.7657035366,2645.2886558467276
thomas mikkelsen__1983-08-27,Thomas Mikkelsen,GK,37500.00000000001,120607.98704111169,117217.51015634614,8758.214536568474
thomas monconduit__1991-02-10,,,,501195.49807495053,497222.01573221595,31616.799825049813
thomas muller__1989-09-13,,,,7080443.817933458,7089244.374174288,152128.1564537594
thomas oude kotte__1996-03-20,Thomas Oude Kotte,DEF,950000.0000000008,1427172.6431213433,1424855.86776353,96182.77686021685
thomas ouwejan__1996-09-30,,,,1394617.9778875997,1394617.9778875997,211992.4889244512
thomas partey__1993-06-13,,,,10689783.305539075,10689783.305539075,
thomas robinet__1996-08-18,,,,1045805.7185605187,1045805.7185605187,92875.25697792588
thomas santos__1998-10-10,,,,584612.7287608841,596914.2487923803,121984.75155818285
thomas strakosha__1995-03-19,,,,3469911.0245057056,3471872.8289691857,197103.42577478057
thomas van den belt__2001-06-18,,,,2383911.679430562,2383911.679430562,166297.26795602168
thomas van den keybus__2001-04-25,,,,1584007.3188356194,1584007.3188356194,184548.70450963065
thore jacobsen__1997-04-19,,,,727045.2755846501,727045.2755846501,
thorgan hazard__1993-03-29,,,,2988034.7393596135,3077771.202438189,167405.57981576197
tiago cukur__2002-11-30,Tiago Çukur,FWD,649999.9999999995,701954.1703127616,703568.3547534817,46585.082466041444
tibe de vlieger__2005-11-05,Tibe De Vlieger,MID,749999.9999999998,887091.6380157517,920061.8433309785,65298.70397005897
tidiam gomis__2006-08-08,Tidiam Gomis,MID,3249999.9999999986,3822863.7773315324,3889243.617031497,207780.1274693714
tidjany toure__2002-07-15,,,,1766944.0745522124,1765421.303453809,41545.95249644281
tijjani noslin__1999-07-07,,,,6590738.32594287,6532661.476493035,472672.85149876476
tijjani reijnders__1998-07-29,,,,72518547.24008,72518547.24008,10985221.82995421
tijmen holla__2006-07-25,,,,229357.20289114452,229309.26005188166,6982.754831048714
tijn van ingelgom__2007-03-05,,,,362334.6701770326,357849.4992088035,25126.793758829648
tijs velthuis__2002-01-12,,,,1016065.3186150951,1017830.7850580552,42164.905631358706
tika de jonge__2003-03-11,Tika de Jonge,MID,1800000.000000001,1727255.6262143706,1727255.6262143706,52689.192709571806
till cissokho__2000-02-08,,,,862888.9544160421,791797.6298149568,138151.3850661662
tim breithaupt__2002-02-07,,,,1979709.137615438,1982143.5429510232,75964.57442123556
tim chow__1994-01-18,,,,1509781.5301286287,1618756.3040766916,198586.70905606088
tim civeja__2002-01-04,Tim Civeja,MID,674999.9999999998,664467.2601833662,653790.2950473889,47738.64739315546
tim drexler__2005-03-06,,,,2144639.6937910556,2144599.848419032,109155.96754942526
tim freriks__1998-10-02,,,,631980.1641331563,630012.1464160901,10543.879949629849
tim handwerker__1998-05-19,,,,1172751.6841113106,1144240.1496238974,67632.22620329272
tim iroegbunam__2003-06-30,,,,12150385.200906122,11946060.070903875,534376.1593563093
tim jabolfolcarelli__1999-12-06,,,,2078680.871097925,2045523.0569254765,95261.6160579528
tim kleindienst__1995-08-31,,,,21518412.693747118,21895343.055090886,954355.4460221925
tim lemperle__2002-02-05,,,,7474332.637581492,7474332.637581492,584981.0725560224
tim oermann__2003-10-06,,,,4822725.299336346,4822725.299336346,32259.738891793608
tim paterok__1992-08-05,,,,225451.69796168077,224644.1145771832,7314.671746596625
tim ream__1987-10-05,,,,608529.6738110794,608529.6738110794,78426.31740055948
tim schreiber__2002-04-24,,,,1128036.7184673094,1114727.6742114574,48351.41744887901
tim siersleben__2000-03-09,,,,2957914.3231367567,2976014.919747671,203710.94747430636
timjustin dietrich__2002-11-08,,,,304861.61214480264,291911.5477767375,26965.32165698883
timo baumgartl__1996-03-04,Timo Baumgartl,DEF,1499999.9999999986,1225148.711938111,1236985.2006311186,86233.68546594528
timo becker__1997-03-25,Timo Becker,DEF,1200000.0000000005,1931961.282782522,1931961.282782522,
timo horn__1993-05-12,,,,1235009.3755922732,1224152.1474037636,84332.95388879812
timo hubers__1996-07-20,,,,3865445.4562365874,3776800.2024388732,314774.7207880938
timo letschert__1993-05-25,,,,2148938.215677581,2188755.365768056,197688.01958490233
timo schlieck__2006-03-02,Timo Schlieck,GK,587500.0000000002,479512.3434143731,461483.725753053,35440.60202681724
timo stavitski__1999-07-17,,,,644256.6443683503,632189.8065509028,66653.37854168015
timo werner__1996-03-06,,,,6826291.765897736,6706985.021042099,805845.1584095453
timon vanhoutte__2004-01-29,,,,493307.4937062538,498911.74706756213,14073.467896553155
timon wellenreuther__1995-12-03,,,,4241140.637861519,4241140.637861519,146868.56438701856
timothe cognat__1998-01-25,,,,3838179.3271049117,3838179.3271049117,
timothe nkada__1999-07-20,,,,2043561.8958710504,2043561.8958710504,
timothee kolodziejczak__1991-10-01,,,,554015.76509965,554015.76509965,
timothee pembele__2002-09-09,,,,3349751.1630166047,3334067.9059337974,396799.0936497632
timothy castagne__1995-12-05,,,,4621770.599002534,4621770.599002534,
timothy tillman__1999-01-04,,,,1708630.4553490086,1737090.6376723417,287245.29808897414
timothy weah__2000-02-22,,,,10996624.201942367,11772271.4172773,1601139.6153449796
tin jedvaj__1995-11-28,,,,1957121.9833818579,1975017.3247384278,88099.02514497007
tino anjorin__2001-11-23,,,,1985122.2319087328,1984155.3281492116,193385.7317268592
tino livramento__2002-11-12,,,,37295357.230233304,38011196.2054577,1838402.2359933974
titouan thomas__2002-01-12,,,,1098112.6297474087,1108660.8544755736,24961.576056678405
tjaronn chery__1988-06-04,Tjaronn Chery,MID,950000.0000000008,1156343.3226684975,1158581.5494170412,56194.03332264197
tobe leysen__2002-03-09,Tobe Leysen,GK,3600000.0000000014,2271051.3906010706,2178597.515780341,171554.80335107673
tobi oluwayemi__2003-05-08,,,,211718.98780146256,213555.63988757724,11106.403380933403
tobias anker__2001-03-06,,,,1082405.1912954394,1082405.1912954394,
tobias bach__2003-06-04,,,,876939.1544058066,880268.177506148,17973.205675065234
tobias bech__2002-02-19,,,,1723399.6694195857,1723399.6694195857,1225.515639376204
tobias hedl__2003-01-15,Tobias Hedl,FWD,725000.0000000006,825234.4301673664,818371.1204499226,32797.74783215661
tobias heintz__1998-07-13,,,,1869380.5199327425,1869380.5199327425,
tobias klysner__2001-07-03,,,,859304.1813702547,855282.0792145169,39047.173201842335
tobias lauritsen__1997-08-30,,,,3351761.0209229025,3356034.556448349,50148.12895085807
tobias lauritsen__2004-06-18,,,,1016692.6154292324,1014420.1369293747,37338.55604472929
tobias lawal__2000-06-07,,,,3020762.4728186475,3020762.4728186475,
tobias mohr__1995-08-24,,,,1357113.7673534993,1382740.3618656453,81432.57641164368
tobias raschl__2000-02-21,,,,1036976.4831060509,1052545.0748146006,44846.64769736557
tobias salquist__1995-05-18,,,,1101434.4098993293,1101434.4098993293,31586.79271342712
tobias sippel__1988-03-22,,,,117492.04331267996,118409.27026432108,8538.805451792492
tobias slotsager__2006-01-01,,,,2834468.667300847,2834468.667300847,
tobias sommer__2001-11-27,,,,885258.4875011181,865648.9903027988,52638.46305192899
toby collyer__2004-01-03,,,,3641628.7011863603,3681244.0242510196,276328.1229550388
toby sibbick__1999-05-23,,,,493294.25499182206,493294.25499182206,224279.8121760121
tochi chukwuani__2003-03-24,,,,2170321.8770762654,2164938.014841018,192757.32446939114
tochukwu nnadi__2003-06-30,,,,660159.1694680853,660159.1694680853,5363.604322371929
tolcay cigerci__1995-01-24,Tolcay Ciğerci,MID,787499.9999999994,1013657.576380559,1022723.2113526593,63724.01228024865
tom aldred__1990-09-11,Tom Aldred,DEF,362499.9999999997,268521.180895058,268521.180895058,13226.921192000496
tom anderson__1993-09-02,,,,295032.59784143406,295032.59784143406,13017.080126380992
tom bischof__2005-06-28,,,,27028853.46113766,27819321.00102371,2128315.439079656
tom bradbury__1998-02-27,Tom Bradbury,DEF,237499.99999999983,319741.6065550137,316003.91510341765,14403.001864980022
tom cairney__1991-01-20,,,,1812724.5434971328,1595953.2071053803,407680.0430007081
tom cannon__2002-12-28,,,,2923019.1614706577,2659964.5286372406,682549.9610332849
tom davies__1998-06-30,,,,1614057.236874812,1558263.7762080976,156949.60401521152
tom davies__2003-11-11,,,,268098.5948277327,268098.5948277327,
tom de graaff__2004-12-10,Tom de Graaff,GK,899999.9999999995,790078.4608647157,786417.0026108734,49523.41909644314
tom edwards__1999-01-22,,,,358859.50866447395,355615.41289163963,20326.01375968563
tom gaal__2001-03-03,,,,1173436.7257410504,1182740.3877895596,36769.314200123685
tom grivosti__1999-06-15,Tom Grivosti,DEF,275000.0000000002,284416.4392738502,277845.9725046381,12681.08929254137
tom heaton__1986-04-15,,,,103607.70157391252,103607.70157391252,8541.587545397439
tom hendriks__2002-05-14,,,,264251.8017150869,264251.8017150869,
tom hulsmann__2004-04-11,,,,1129355.6852135037,1129355.6852135037,
tom ince__1992-01-30,,,,877018.4152234732,858436.620867997,118759.77295390796
tom james__1996-04-15,,,,651432.1318543147,651432.1318543147,338792.9121469375
tom king__1995-03-09,,,,361845.94197400217,361845.94197400217,5401.558488549391
tom krau__2001-06-22,Tom Krauß,MID,4500000.000000002,5773512.387881028,5612621.603595857,428649.7898737973
tom lawrence__1994-01-13,,,,1832971.8183489363,1832971.8183489363,
tom louchet__2003-05-04,,,,4086791.3799778456,4052847.076408585,310952.25611879805
tom lowery__1997-12-31,,,,438188.5792492344,436885.4199982694,19275.91765084911
tom mcgill__2000-03-25,,,,348129.72569335933,348129.72569335933,5859.015382953041
tom mcintyre__1998-11-06,,,,597266.9347194086,595369.5948690153,8752.243736925806
tom moustier__2002-05-02,,,,804105.9262010523,804105.9262010523,82784.10318627012
tom negrel__2003-04-13,,,,279169.781256832,277772.348049362,8957.673593772377
tom pettersson__1990-03-25,Tom Pettersson,DEF,387499.99999999977,472868.85018288577,472868.85018288577,84721.38003564754
tom sang__1999-06-29,,,,415589.29654191807,415589.29654191807,18672.6975319068
tom sparrow__2002-12-06,Tom Sparrow,MID,312500.00000000023,424352.04453322245,438691.9604231187,63882.39621317956
tom trybull__1993-03-09,Tom Trybull,DEF,337500.00000000006,347184.7976632919,347184.7976632919,2877.721141235998
tom van de looi__1999-07-02,,,,2011464.253318407,2011464.253318407,130690.19611312464
tom vandenberghe__1992-08-17,,,,529486.6523007884,491671.91133671836,78703.30935213868
toma basic__1996-11-25,,,,2413946.7844912456,2387483.57571674,112018.01593920971
tomas alarcon__1999-01-19,,,,1032130.4392958167,1082356.2872877214,105030.62942498957
tomas chory__1995-01-26,,,,4431062.958004957,4442144.723753967,207209.63876284842
tomas cvancara__2000-08-13,,,,3130249.9294412374,3239960.1449667593,274558.1856852831
tomas kalas__1993-05-15,,,,853245.5884561267,853245.5884561267,
tomas muro__2002-05-05,Tomás Muro,MID,837499.9999999995,702151.1666874889,694446.611056366,68725.55669655112
tomas ostrak__2000-02-05,,,,688035.540258463,688035.540258463,
tomas soucek__1995-02-27,,,,7996331.877374682,8414002.18529419,1282441.284863298
tomas suslov__2002-06-07,,,,4315637.002321778,4315637.002321778,157645.8031824182
tomasz kedziora__1994-06-11,,,,2819986.1960750385,2978781.1080435356,282359.683949864
tommaso augello__1994-08-30,,,,3220921.9681337075,3220921.9681337075,457270.4196065637
tommaso baldanzi__2003-03-23,,,,8020148.075425259,7957562.729017014,178098.02287240507
tommaso barbieri__2002-08-26,,,,2689511.158100432,2709684.0589703736,262305.7763827434
tommaso biasci__1994-11-10,,,,918601.2298876923,918601.2298876923,19658.450888334584
tommaso cassandro__2000-01-09,,,,1081157.3372497512,1069859.6363863843,45916.23056219842
tommaso corazza__2004-06-29,,,,1715815.1674395276,1735959.172161626,36145.235493148306
tommaso del lungo__2003-11-21,Tommaso Del Lungo,DEF,875000.0,1190535.1152017482,1190535.1152017482,16338.358539122832
tommaso martinelli__2006-01-06,,,,1619896.5899901178,1588124.0744238482,102759.57375950094
tommaso pittino__2005-01-14,,,,461988.2193913706,436784.745773197,64650.92597023243
tommaso pobega__1999-07-15,Tommaso Pobega,MID,7750000.000000002,6651974.136150238,6464749.763312337,368001.6815812683
tommi oreilly__2003-12-15,,,,514761.0686252492,514761.0686252492,23024.214956876014
tommy doyle__2001-10-17,,,,7416577.185667754,7256887.460992472,363842.7658269936
tommy st jago__2000-01-03,,,,1439133.7255385045,1483306.907275103,117376.26773485562
tomoki iwata__1997-04-07,Tomoki Iwata,DEF,1749999.9999999998,2887626.5266310205,2786486.097364792,215891.4886624462
toni borevkovic__1997-06-18,,,,3307791.8403944457,3488502.8755181627,290195.80228687683
tonni adamsen__1994-11-15,Tonni Adamsen,MID,1249999.999999999,1748510.8236505063,1712206.9415559326,219076.49438646145
tonny vilhena__1995-01-03,,,,1759440.0269024735,1755566.4937330256,62168.28942647123
tony miettinen__2002-09-23,Tony Miettinen,DEF,487499.9999999996,547224.7006536894,547224.7006536894,39869.422417021706
tony springett__2002-09-22,,,,708929.9227057494,707403.8557074888,2707.618168035004
tony strata__2004-09-07,Tony Strata,DEF,800000.0000000005,900028.195673534,1028251.2293115297,310476.77588075463
tony yogane__2005-09-24,Tony Yogane,MID,462500.00000000006,560354.4078353769,556200.3987754841,12668.40453369948
toon raemaekers__2000-09-09,,,,1286640.6106071612,1286640.6106071612,21129.48815296328
torben musel__1999-07-25,,,,705760.4851856327,732007.6113886422,62639.253953838066
torbjrn heggem__1999-01-12,Torbjørn Heggem,DEF,5500000.000000001,4407557.555972618,4351131.367772097,253926.34490112992
toyosi olusanya__1997-10-14,,,,355833.8278448911,355833.8278448911,60958.04572268496
trai hume__2002-03-18,,,,18111818.22919108,18111818.22919108,1005900.9628466994
travis hernes__2005-11-04,,,,645622.360162808,628509.5235805026,40134.81572851212
trent alexanderarnold__1998-10-07,,,,78987751.38169329,78987751.38169329,
trent sainsbury__1992-01-05,,,,525270.1769435361,525817.0981317287,18220.601924176222
trevan sanusi__2007-04-25,,,,661928.5922978553,658528.3877263877,40382.92883910555
trevis dago__2005-01-21,,,,771228.2223487567,771228.2223487567,74925.8553386402
trevoh chalobah__1999-07-05,,,,25202197.285010114,24949637.245272435,1107950.1100348597
trey nyoni__2007-06-30,,,,1603020.2174113742,1524860.7122955252,424327.4620433514
tristan crama__2001-11-08,,,,2927500.8984103687,2927500.8984103687,211893.55156613636
tristan degreef__2005-01-19,,,,1806727.8858393328,1806727.8858393328,
tristan gooijer__2004-09-02,,,,907288.9001882476,871686.1874213769,79412.17510611367
tristan muyumba__1997-03-07,Tristan Muyumba,MID,1099999.9999999998,1182653.2863230924,1176341.7839295312,76858.15939037465
tristan schenkhuizen__2004-07-12,,,,247347.1672484815,249171.92753798785,3282.107238868254
tristan van gilst__2003-02-18,,,,601778.5858670087,615312.6189589628,32450.748194331296
troy parrott__2002-02-04,Troy Parrott,FWD,15499999.999999987,10578050.463042246,10701110.835144404,535239.5716538741
true grant__2005-11-02,True Grant,GK,487499.9999999996,333285.08676165633,333285.08676165633,33748.826774896865
tsuyoshi watanabe__1997-02-05,,,,7385434.2969057085,7348902.434880704,523728.6461432635
tudor baluta__1999-03-27,,,,1089981.4367172602,1089981.4367172602,
tugbey akgun__2003-04-09,,,,223236.86020839302,226828.67799027453,14061.651937509032
tunahan tasc__2002-04-29,,,,844600.8566442544,844600.8566442544,
tunmise sobowale__1999-03-19,,,,251691.84587369568,254824.58683827304,19726.38211572421
tuomas ollila__2000-04-25,,,,1376054.041534054,1375821.1679815035,8741.125934188854
tuur rommens__2003-03-26,,,,2741520.3646364505,2698255.075089279,247686.22776771072
tygo land__2006-01-11,,,,2198690.2564405473,2194219.081744242,74337.52085263439
tylel tati__2008-01-19,,,,2508454.104453507,2508454.104453507,167491.97829440216
tyler adams__1999-02-14,Tyler Adams,MID,22249999.999999985,21183999.380295496,21374045.340600874,1000639.2477481111
tyler dibling__2006-02-17,Tyler Dibling,MID,19499999.99999998,15531664.54281708,15492111.166869368,365783.9013804733
tyler onyango__2003-03-04,,,,576744.0503969133,568587.2978358793,15726.337366010006
tyler roberts__1999-01-12,,,,836261.5789287387,869855.3911016744,180106.6698913949
tyreece johnjules__2001-02-14,,,,575976.2603899214,575976.2603899214,10550.788846751158
tyrell malacia__1999-08-17,Tyrell Malacia,DEF,5500000.000000001,7626672.765634021,7471473.620443491,483563.2777960898
tyrese campbell__1999-12-28,,,,2298095.757006766,2369554.234428522,162726.61523504445
tyrese francois__2000-07-16,,,,563222.7607956165,552454.2446039201,51216.59097581939
tyrese noslin__2002-09-11,,,,1345279.0425524684,1430403.1048703317,155048.3430145422
tyrhys dolan__2001-12-28,,,,8525808.24790562,8525808.24790562,369958.9697681975
tyrick mitchell__1999-09-01,,,,19830325.330858774,19830325.330858774,
tyrique george__2006-02-04,,,,5129646.5736254845,5129646.5736254845,358877.68032999046
tyrique mercera__2003-12-19,,,,915459.1368389905,927614.9669739677,50894.48133830064
tyrone mings__1993-03-13,Tyrone Mings,DEF,6499999.999999999,8255505.783774359,8146975.6715403665,636949.6627874952
tyronne ebuehi__1995-12-16,,,,2078183.061349592,2078183.061349592,
uchenna ogundu__2006-05-12,Uchenna Ogundu,FWD,462500.00000000006,692776.3720584767,736531.7244795753,119251.30687452246
ufuk akyol__1997-08-27,,,,768221.640131642,758757.7705119479,49405.97283479997
ugo raghouber__2003-07-13,,,,2748185.858294417,2748185.858294417,269447.9281929428
ugur kaan yldz__2002-08-06,,,,180225.13525534092,180225.13525534092,
ugurcan cakr__1996-04-05,Uğurcan Çakır,GK,16250000.0,16175103.53178692,16147342.94779832,53812.33340622227
ugurcan yazgl__1999-04-09,,,,949285.7868123895,949285.7868123895,
ulisses garcia__1996-01-11,,,,3594437.123793433,3594437.123793433,212611.14505425407
umit akdag__2003-10-06,,,,1512947.7684072678,1512947.7684072678,
umut bozok__1996-09-19,,,,914431.1318868293,931579.6744947558,47838.37860890399
umut gunes__2000-03-16,,,,1962170.9357359714,1963447.282447354,70714.73842583555
umut meras__1995-12-20,,,,893346.7699030861,818477.3596062729,174416.8899103337
umut nayir__1993-06-28,,,,1486725.483332548,1498666.9321901556,56656.10628696836
umut tohumcu__2004-08-11,Umut Tohumcu,MID,5400000.000000005,3503992.1261423826,3601285.300676426,361725.87115571747
urko gonzalez de zarate__2001-03-20,Urko González de Zárate,MID,7750000.000000002,9813670.963278783,9928432.428161552,411303.9298629262
uros radakovic__1994-03-31,Uroš Radaković,DEF,775000.0000000007,695460.4659679551,701820.3712752142,63018.79177264965
uros spajic__1993-02-13,,,,733675.1307149974,733675.1307149974,124681.10969395409
vaclav cerny__1997-10-17,,,,13837913.147973787,13837913.147973787,
vaclav hladky__1990-11-14,,,,308150.62261559465,298134.2217601608,35915.84418637014
vaclav jemelka__1995-06-23,Václav Jemelka,DEF,2900000.0000000014,3624276.701631048,3548901.8371343953,392959.9630389571
valdemar birks__2001-03-17,,,,864542.325191759,864542.325191759,71877.73558584506
valdemar byskov__2005-01-25,,,,2289974.4122912483,2289974.4122912483,56654.80842359061
valdemar lund__2003-05-28,,,,1581000.5889711631,1556574.065892785,59007.60704814609
valentin atangana__2005-08-25,,,,5576599.022628624,5445299.462039152,386076.9538147324
valentin barco__2004-07-23,,,,16029617.28126544,15429148.773520885,1251099.3817267995
valentin carboni__2005-03-05,,,,5013343.797449973,5013343.797449973,319658.38539889996
valentin cojocaru__1995-10-01,,,,1205934.7600223054,1205934.7600223054,90417.95591049592
valentin gendrey__2000-06-21,,,,5691907.667244162,5691907.667244162,
valentin gheorghe__1997-02-14,,,,462341.8991245411,452095.8767665534,24567.031335803153
valentin gomez__2003-06-26,,,,13806820.691643357,13716934.508896261,304104.67714991875
valentin mihaila__2000-02-02,,,,1972451.6239728257,2152844.5650738077,396815.02791347326
valentin rongier__1994-12-07,,,,10178014.985761434,9672547.559995748,1297874.8807679766
valentin rosier__1996-08-19,,,,7290857.648498736,7328620.110451605,476372.4599176529
valentin vada__1996-03-06,,,,1336641.8205110633,1334634.4416064846,27271.72328336276
valentyn morgun__2001-08-10,,,,317051.6803869607,326664.37337076804,27334.965391069927
valentyn rubchynskyi__2002-02-15,,,,1780980.23140256,1764262.194682755,71586.46885597166
valeri qazaishvili__1993-01-29,Valeri Qazaishvili,MID,3099999.9999999986,2902437.844132194,2986725.23065008,264157.75658215
valerio mantovani__1996-04-18,,,,787315.6684359976,787315.6684359976,47307.60877563176
valeriy bondar__1999-02-27,,,,6065628.7586091235,6248546.554787136,1094923.448259053
valmir sulejmani__1996-02-01,,,,355881.0426211766,355881.0426211766,39880.833318241894
valon berisha__1993-02-07,,,,1011700.0726378558,1003950.4506281612,23912.752455618138
valy konate__2006-11-14,,,,717338.791021745,714148.3161101317,86587.79657183269
vangelis pavlidis__1998-11-21,,,,34896557.902655154,33370188.445553955,3743682.4760490367
vanja milinkovicsavic__1997-02-20,Vanja Milinković-Savić,GK,16500000.000000013,12620081.273299107,12475132.812439416,542943.8440207421
vasilije adzic__2006-05-12,,,,3176745.5454724147,3176745.5454724147,829697.0983245434
vasilije janjicic__1998-11-02,Vasilije Janjičić,MID,337500.00000000006,511149.53255384613,506019.6378479285,15429.713061383205
vasilios barkas__1994-05-30,Vasilios Barkas,GK,2849999.999999999,2394899.5710146413,2484322.8162542903,285945.66005400947
vasilios zagaritis__2001-05-04,Vasilios Zagaritis,DEF,1749999.9999999998,1168206.05905623,1175226.1292082986,24524.71011482329
vaso vasic__1990-04-26,Vaso Vasić,GK,75000.00000000004,138739.06262839,134298.83668300667,12705.600942876477
vedat muriqi__1994-04-24,,,,13977876.679977402,12566412.746714208,2586464.6821236825
veljko birmancevic__1998-03-05,,,,10846812.987386646,10846812.987386646,
veljko milosavljevic__2007-06-28,,,,7380467.303128784,7090377.644515686,1607898.9795343506
vetle dragsnes__1994-02-06,Vetle Dragsnes,DEF,1050000.0000000007,1257421.0529897371,1290336.3431433404,71469.12714392491
veysel sar__1988-07-25,,,,175625.90067761432,175625.90067761432,
vic chambaere__2003-01-10,,,,911679.4549285905,908723.4377265518,5546.185905208686
vicente taborda__2001-06-14,,,,2557016.9454932567,2557016.9454932567,54279.30348303368
vicko sevelj__2000-09-19,Vicko Ševelj,MID,925000.0000000007,979658.1097186396,1011871.3423870038,72718.45759390881
victor bak__2003-10-03,Victor Bak,DEF,1725000.0000000005,2039018.217992257,2021448.6036489157,64553.341708127235
victor boniface__2000-12-23,,,,36911906.095178574,34021839.129154295,6157565.438688994
victor edvardsen__1996-01-14,,,,1848936.8106303697,1871958.6805360054,75526.81576949354
victor froholdt__2006-02-25,,,,36271837.71357945,36271837.71357945,2739148.7111729467
victor garcia__1994-06-11,,,,486621.56977731205,488943.22360899707,11895.572798574756
victor jensen__2000-02-08,Victor Jensen,MID,2250000.000000001,1740818.3804193356,1767348.0764006325,65451.503993449725
victor kristiansen__2002-12-16,,,,4858968.756087871,4858968.756087871,
victor lindelof__1994-07-17,Victor Lindelöf,DEF,6000000.0,7611293.708298555,7640599.2874002755,175559.97985832757
victor loturi__2001-05-21,Victor Loturi,MID,674999.9999999998,757086.154199045,762422.680256661,49574.824757696246
victor nelsson__1998-10-14,,,,4374744.922611306,4378175.84514794,86147.1243294555
victor osimhen__1998-12-29,,,,79578049.60879995,76644590.6560248,13948092.117355185
victor torp__1999-07-30,,,,4289289.260451482,4289289.260451482,
vid belec__1990-06-06,,,,331913.7467482841,331913.7467482841,53671.77111341983
viggo gebel__2007-11-22,,,,836149.8431892568,836149.8431892568,241114.45227767553
viktor claesson__1992-01-02,,,,1180440.282250387,1180440.282250387,
viktor damjanic__2005-11-03,,,,1392633.9383683247,1384718.230393961,84226.26785459447
viktor gyokeres__1998-06-04,,,,67721040.56706032,67721040.56706032,
viktor tsukanov__2006-02-04,,,,1498690.270172537,1518824.4455552166,81791.2535514916
viktor tsygankov__1997-11-15,,,,11761079.414328031,11761079.414328031,246576.55619973378
viljami sinisalo__2001-10-11,,,,1777456.7218351308,1777456.7218351308,158873.1693334211
viljar myhra__1996-07-21,Viljar Myhra,GK,712500.0000000002,497491.860637026,497491.860637026,29604.719890274482
villads westh__2004-04-25,,,,403572.8254140042,403572.8254140042,
ville koski__2002-01-27,,,,1019410.171791032,1026958.1605836581,84122.36486741748
vince osuji__2006-04-06,,,,1183965.0807856238,1183965.0807856238,72060.5096757575
vincent janssen__1994-06-15,,,,6060406.183345014,6162977.233676626,267994.65726431203
vincent marchetti__1997-07-04,,,,1575517.4898701543,1580598.123867054,102634.94275269544
vincent sierro__1995-10-08,Vincent Sierro,MID,4750000.000000003,5159299.019687334,5124521.483177593,397024.68448777014
vincent thill__2000-02-04,,,,560309.3038400938,569430.0872705615,27074.23348824615
vincent vermeij__1994-08-09,,,,915873.6914979755,924286.3589402502,30087.487925497586
vincenzo fiorillo__1990-01-13,,,,143240.17244243735,143240.17244243735,18514.917293694354
vincenzo grifo__1993-04-07,,,,11180467.898729177,11016705.325760756,309185.8830361823
virgil misidjan__1993-07-24,,,,1422074.7014917773,1422074.7014917773,
virgil van dijk__1991-07-08,Virgil van Dijk,DEF,33750000.00000005,44111278.563180335,43030039.85451984,3249404.3045404637
virgiliu postolachi__2000-03-17,,,,816855.7379559656,796715.7045517019,87879.44109631996
vital nsimba__1993-07-08,Vital Nsimba,DEF,1312500.0000000012,553387.3530713072,540135.6812857155,36634.52542441629
vitaliy mykolenko__1999-05-29,,,,14409457.828713054,14807394.768317046,881426.9559240955
vitaly janelt__1998-05-10,,,,14768346.763866024,14768346.763866024,
vitezslav jaros__2001-07-23,,,,3710022.195141801,3983918.385599371,801091.492869096
vito van crooij__1996-01-29,Vito van Crooij,MID,1099999.9999999998,1177886.5649890073,1177886.5649890073,5923.122798900053
vitor reis__2006-01-12,,,,6550042.2484165905,6924972.625903799,778151.8213353212
vivaldo semedo__2005-01-28,,,,1214336.116959016,1252871.7640296703,67894.99007414507
vlad chiriches__1989-11-14,,,,275502.3396644979,286794.1840748635,29245.751229128447
vlad dragomir__1999-04-24,,,,1059933.671067828,936465.3841570807,272330.9106321331
vladimir coufal__1992-08-22,,,,3487896.4032745296,3503407.2995183896,516628.80220650724
vladimir rodic__1993-09-07,,,,407532.61329691956,407732.44050663087,9032.168383076785
vladimir screciu__2000-01-13,,,,1470995.7678835231,1402838.7824031531,252861.02569636115
vladislav blanuta__2002-01-12,,,,2011873.227912915,2024148.2172171613,197531.86867421135
vladyslav dubinchak__1998-07-01,,,,2202791.376539497,2202791.376539497,
vladyslav kochergin__1996-04-30,,,,1939491.63747249,1945369.702768653,85547.97668583722
vladyslav krapyvtsov__2005-06-25,,,,879712.0502146706,887205.2913541412,36333.6275378887
vladyslav vanat__2002-01-04,Vladyslav Vanat,FWD,13249999.99999999,12025364.796337578,12409235.321459059,914098.2558530557
vladyslav veleten__2002-10-01,,,,2723979.9422082338,2723979.9422082338,585387.9407895666
volkan babacan__1988-08-11,,,,231173.14969575743,233410.83591676535,4669.163390146982
volodymyr brazhko__2002-01-23,,,,13989419.947142532,13989419.947142532,1595306.1930313888
vontae daleycampbell__2001-04-02,Vontae Daley-Campbell,DEF,369999.99999999977,230318.02397990477,232931.509748529,17925.670893113707
wagane faye__1993-11-20,,,,1101595.479708998,1101595.479708998,99235.59658941413
wahid faghir__2003-07-29,,,,885842.082862104,885842.082862104,28514.50101175014
waldemar anton__1996-07-20,,,,29699398.5151803,29903709.15996072,986491.6346733716
walid cheddira__1998-01-22,,,,2662967.7897587786,2623882.3563336823,254666.7311227536
walid ouldchikh__1999-11-06,,,,1223687.5000422976,1231934.337138491,68563.04157970074
walter montoya__1993-07-21,,,,1054594.2239437012,1054594.2239437012,18484.37131814432
waniss taibi__2002-03-07,,,,1793376.3023854175,1756609.1114330667,110932.90949834972
warmed omari__2000-04-23,,,,5471220.437277191,5334119.2479633195,420442.62512353656
warner hahn__1992-06-15,,,,792757.7569111458,800813.5799818875,42745.085765549426
warren bondo__2003-09-15,,,,5213214.801809279,5125766.265946347,179993.58348542423
warren kamanzi__2000-11-11,,,,3313762.5015883474,3322343.108288927,87169.59538424012
warren ohora__1999-04-19,Warren O'Hora,DEF,712500.0000000002,653708.0282359229,653708.0282359229,56494.155540928965
warren zaireemery__2006-03-08,Warren Zaïre-Emery,DEF,50000000.00000009,47981535.70758718,47981535.70758718,
wassim bouziane__2006-12-22,,,,1555386.1184646108,1555386.1184646108,
wataru endo__1993-02-09,,,,8784017.130614037,8723438.801854754,119703.79470351702
wes burns__1994-11-23,Wes Burns,MID,1749999.9999999998,2764469.1065084036,2874661.8731547566,412137.363080876
wesley hoedt__1994-03-06,,,,2177845.3005782007,2227553.7556091985,259834.96508597472
wesley said__1995-04-19,,,,7274357.088806454,7274357.088806454,31342.470200861233
wessel dammers__1995-03-01,,,,1779112.5621969837,1779696.6181955724,91432.76926019372
weston mckennie__1998-08-28,Weston McKennie,MID,20749999.99999997,15180105.954005385,15135864.756260298,414760.6342322245
wilder cartagena__1994-09-23,,,,998949.7966914527,998949.7966914527,
wilfred ndidi__1996-12-16,,,,8145988.092301655,8151348.875774767,233099.26924816053
wilfried gnonto__2003-11-05,,,,10719284.236472802,10719284.236472802,363339.35578517226
wilfried kanga__1998-02-21,,,,2059296.8478920695,2089970.5093193217,121144.79945767476
wilfried singo__2000-12-25,Wilfried Singo,DEF,26999999.999999993,25953525.22670986,27049733.554149378,2181172.5781467385
wilfried zaha__1992-11-10,,,,7908776.231487747,7908776.231487747,686595.0070480944
wilguens paugain__2001-08-24,,,,294393.7777014446,294393.7777014446,17984.425047866054
wilitty younoussa__2001-09-09,,,,976337.2056436489,983282.9714052058,37980.266208505716
will collar__1997-02-03,,,,483002.6747876296,471584.70258707437,23992.238153135335
will dennis__2000-07-10,Will Dennis,GK,775000.0000000007,995717.7795324138,995717.7795324138,36260.008362135086
will ferry__2000-12-07,,,,1510500.4734422094,1510500.4734422094,
will fish__2003-02-17,,,,2070605.2281161274,2125412.4567616703,123345.8375911234
will hughes__1995-04-17,,,,8231454.6895837085,8231454.6895837085,558710.4333779837
will keane__1993-01-11,,,,963321.697082538,972443.5659738281,93897.04083028858
will mannion__1998-05-05,,,,469219.6362488825,469219.6362488825,13381.809583722903
will norris__1993-08-12,,,,485838.9535065694,485838.9535065694,5781.875003142691
will smallbone__2000-02-21,Will Smallbone,MID,3200000.0000000023,3423798.7774300277,3487787.884716928,141897.3196415308
willem geubbels__2001-08-16,,,,4930751.202824048,4936649.908915887,195627.55816901015
willi orban__1992-11-03,Willi Orban,DEF,17749999.999999993,17445855.20736545,17165112.21563951,825440.3756011005
william balikwisha__1999-05-12,,,,1569450.883892226,1561074.3001786603,122419.50953920042
william bving__2003-03-01,,,,3819053.5595395695,3727014.112873276,372764.9857290644
william clem__2004-06-20,William Clem,MID,2250000.000000001,1870544.1394183836,1840291.2000220527,91985.25228957704
william madsen__2002-04-05,,,,546272.9569211401,556968.4461240112,31475.71472606171
william martin__2007-04-23,William Martin,MID,437499.9999999996,411805.12377695314,407205.95629969327,33213.18110033697
william mikelbrencis__2004-02-25,,,,2649167.0369856805,2649167.0369856805,165527.4039485665
william osula__2003-08-04,,,,4691885.371698769,4668907.556908123,224765.01539196615
william saliba__2001-03-24,William Saliba,DEF,97750000.00000007,87726751.97573416,87798605.61686084,6756315.240034521
william troostekong__1993-09-01,,,,1316470.0601594187,1316470.0601594187,4796.366674175185
willian pacho__2001-10-16,Willian Pacho,DEF,80999999.99999987,76658755.88023967,74031603.74243447,6839540.033226554
williot swedberg__2004-02-01,Williot Swedberg,MID,10750000.000000006,10722889.827716421,10971291.28657917,705797.2363771831
willy boly__1991-02-03,,,,1228279.0091685227,1236276.4195374576,137776.2850955744
willy kambwala__2004-08-25,,,,5401140.639463582,5401140.639463582,
willy kumado__2002-10-16,,,,812481.6626112371,793441.3694611047,34068.78457066261
wilson odobert__2004-11-28,,,,24870813.32697477,24464601.51388738,1165563.7422268598
wladimiro falcone__1995-04-12,Wladimiro Falcone,GK,12750000.000000002,13254837.211394027,13267355.070582012,517755.4425412503
wojciech szczesny__1990-04-18,Wojciech Szczęsny,GK,2449999.9999999995,4951730.79750668,4951730.79750668,411849.8141503381
wout faes__1998-04-03,,,,3305126.9898987766,3305126.9898987766,21396.726344663908
wout weghorst__1992-08-07,,,,7097004.316397131,7265911.009462629,396543.0480574774
wouter burger__2001-02-16,,,,10281342.809006123,10415651.947559066,510647.5864962284
wouter george__2002-03-03,,,,460323.40819358226,460363.9034488335,22069.91766579866
wouter goes__2004-06-10,,,,21202299.11376954,21202299.11376954,331000.6316365531
wouter prins__2004-02-06,,,,898315.6259080971,870664.6211723917,53522.27025422423
woyo coulibaly__1999-05-26,,,,3014570.7740863003,2900720.786353106,247820.68818263683
wylan cyprien__1995-01-28,,,,882756.3140165856,889410.0529380321,43247.79513535529
xander martle__2003-08-27,,,,305227.88077671925,305227.88077671925,2601.7003844445567
xander severina__2001-04-12,,,,1236025.382958544,1236025.382958544,
xaver schlager__1997-09-28,Xaver Schlager,MID,14000000.00000001,16404098.819248151,16397711.565646067,758675.5040199505
xavi simons__2003-04-21,,,,44031633.21971831,43164417.11434075,2330766.8960971287
xavier chavalerin__1991-03-07,Xavier Chavalerin,MID,950000.0000000008,409871.08756105986,404174.3467148595,21317.174407704173
xavier mbuyamba__2001-12-31,,,,2537011.7008502022,2389109.8632272864,391371.21759625146
xavier simons__2003-02-20,,,,1510748.8972141233,1469256.7404378967,139852.76897408336
xherdan shaqiri__1991-10-10,Xherdan Shaqiri,MID,6250000.000000005,4520791.859912451,4809165.614103303,567454.5883816825
xian emmers__1999-07-20,,,,482108.83561512147,487921.46694254637,32429.970136655786
xizhe zhang__1991-01-23,,,,202157.7902869735,202157.7902869735,29279.543473130194
yacine adli__2000-07-29,,,,13612538.818406634,13704588.7208939,563786.9376816666
yadaly diaby__2000-08-09,,,,784728.3938675713,784728.3938675713,4744.991929353698
yahia fofana__2000-08-21,,,,4221681.225597768,4225774.785061816,284126.2644690446
yaimar medina__2004-11-05,,,,4133799.8393532024,4133799.8393532024,151944.7663073026
yakou meite__1996-02-11,,,,998706.3892882497,998706.3892882497,46207.8818356034
yalcn kayan__1999-01-30,,,,1417625.7406068705,1417625.7406068705,61419.35010999735
yan dhanda__1998-12-14,,,,896424.5608516247,896424.5608516247,10260.16786951006
yan diomande__2006-11-14,,,,9986224.119966011,9950086.092180282,293179.69315704575
yan valery__1999-02-22,,,,2328377.775474613,2399456.252978391,219730.97741720558
yangel herrera__1998-01-07,,,,24354612.163623948,24380597.52069337,56580.57908496336
yanis begraoui__2001-07-04,,,,3217103.1218581772,3257919.344937319,159488.67084747038
yanis issoufou__2006-10-28,,,,770131.3193622975,756509.105582131,50356.769814741456
yanis massolin__2002-09-20,,,,1087408.2830049354,1092660.2819950497,29547.56787644246
yanis zouaoui__1998-04-28,,,,1837968.0329215515,1810488.7286524756,224309.953954241
yankuba minteh__2004-07-22,Yankuba Minteh,MID,36499999.99999996,37960526.237621635,38120829.2993371,1207916.0726526023
yann bodiger__1995-02-09,Yann Bodiger,MID,1124999.9999999995,810256.4994487471,798144.066577348,30710.42256335777
yann gboho__2001-01-14,,,,9550625.693053553,9245329.984468203,1177568.915301155
yann karamoh__1998-07-08,,,,1802871.8909657141,1802871.8909657141,377191.6424670748
yann lienard__2003-03-16,,,,966545.7007367522,966545.7007367522,2723.2714895914482
yann sommer__1988-12-17,,,,6623544.785902642,6415712.170585358,1368068.0378810475
yannick agnero__2003-02-20,,,,1488564.0147762464,1513361.541657649,103375.9914016119
yannick cappelle__2003-07-07,Yannick Cappelle,DEF,1099999.9999999998,936173.8792274075,936173.8792274075,109825.25219052601
yannick carrasco__1993-09-04,Yannick Carrasco,MID,17749999.999999993,14783732.248372745,14738273.196113996,714760.9474042251
yannick gerritsen__2006-02-14,,,,211625.21523073383,211625.21523073383,
yannick leliendal__2002-04-23,,,,1629700.9998436011,1629700.9998436011,25083.309572818394
yannik engelhardt__2001-02-07,,,,2849292.501476063,2843957.8539155493,145706.49365934957
yannik keitel__2000-02-15,,,,2436531.9534179275,2436531.9534179275,167397.79020317094
yannis nahounou__2004-05-16,,,,530640.1301500706,528754.4298066148,7806.893627794671
yarek gasiorowski__2005-01-12,Yarek Gąsiorowski,DEF,11500000.000000019,12790557.694104057,12311147.533999542,1361424.391373749
yari verschaeren__2001-07-12,,,,3515509.8130234117,3515509.8130234117,178038.1394674927
yaser asprilla__2003-11-19,,,,6077817.637864564,6077817.637864564,671286.3130944284
yasin ayari__2003-10-06,,,,26764909.062663488,27094215.991732087,1748085.3403019963
yasin ozcan__2006-04-20,,,,2712133.0023841793,2722230.463451299,361566.02342442074
yasir subas__1996-01-01,,,,301803.46042235143,304991.1793225588,27805.375472549975
yassin belkhdim__2002-02-14,,,,4315522.985127672,4214875.693285412,601989.9497808466
yassin oukili__2001-01-03,,,,1277572.7705663359,1277572.7705663359,239668.50065208407
yassine benzia__1994-09-08,,,,3359548.3027246613,3359548.3027246613,
yassine kechta__2002-02-25,,,,5758491.527608278,5758491.527608278,
yassir zabiri__2005-02-23,,,,930666.5716554502,930666.5716554502,
yaya fofana__2004-06-12,,,,1629033.4243172447,1603165.8792352548,175320.83887909728
yeferson paz__2002-06-13,,,,1796738.2792654831,1890086.6933370745,154850.35534995317
yehvann diouf__1999-11-16,,,,15050844.162949458,15545211.3439652,833479.4079218338
yerry mina__1994-09-23,,,,6018053.907205861,5994989.975006771,168437.77571379946
yerson mosquera__2001-05-02,,,,5266566.221446827,5182558.695123169,280439.1391711117
yevgen cheberko__1998-01-23,,,,1188066.114421654,1197965.15588377,27816.273985588203
yhoan andzouana__1996-12-13,,,,366639.26529791276,366639.26529791276,42637.323437265215
yigit efe demir__2004-08-02,,,,912415.2226891166,912415.2226891166,74772.22380494268
yigit emre celtik__2003-04-07,,,,217333.87909994152,217333.87909994152,18151.845950487783
yira sor__2000-07-24,,,,3500426.800365782,3500426.800365782,
ylber ramadani__1996-04-12,,,,1744858.5143659736,1756439.1154135603,88787.9607535158
ylies aradj__2005-06-05,,,,638762.5899715172,638762.5899715172,64373.132303367995
yllan okou__2002-12-23,Yllan Okou,DEF,1650000.0000000007,1552840.7732997348,1529227.6441073974,142924.33820236326
yoan severin__1997-01-24,,,,1035252.5422554406,1035252.5422554406,36520.59871125118
yoann barbet__1993-05-10,,,,1180085.6712032526,1253940.4961439671,131082.60989761798
yoann cathline__2002-07-22,,,,12125271.780470572,12290022.413954351,700964.9102903288
yoann salmier__1992-11-21,,,,709442.8051708417,709442.8051708417,76501.27771364163
yohan boli__1993-11-17,Yohan Boli,FWD,2199999.9999999995,2272652.658182472,2297343.8144269814,270934.56812028185
yonis njoh__2004-01-17,,,,1178247.6746992222,1181926.6789386086,39717.655152539286
yoram zague__2006-05-15,,,,1281200.9602010758,1281200.9602010758,
yorbe vertessen__2001-01-08,,,,4548970.18598643,4548970.18598643,
youba diarra__1998-03-24,,,,886935.6989698658,886935.6989698658,7941.333924707684
younes bakiz__1999-02-05,,,,1328436.9460461761,1328436.9460461761,273276.852196868
younes ebnoutalib__2003-09-13,,,,3597506.0303607485,3554327.2960478156,341735.55944058346
younes namli__1994-06-20,Younes Namli,MID,1400000.0000000007,1491854.6964690129,1491854.6964690129,
younes taha__2002-11-27,,,,2066626.448197529,2066626.448197529,164307.68240120547
youri baas__2003-03-17,,,,13053922.16425484,12927953.490398617,378424.6290796705
youri regeer__2003-08-18,Youri Regeer,DEF,6000000.0,5874023.528435296,5359093.466576374,1402605.0316333098
youri tielemans__1997-05-07,Youri Tielemans,MID,44500000.000000075,45236570.51280644,44928769.109725215,1835385.7477151034
yousef salech__2002-01-17,,,,2000970.6110854633,1921870.9500816606,227761.375257173
youssef ait bennasser__1996-07-07,,,,1336888.3094604458,1336888.3094604458,105715.7972665434
youssef chermiti__2004-05-24,,,,2810820.9230022226,2836372.1137508154,214309.8916517492
youssef el arabi__1987-02-03,,,,676789.5343384177,676789.5343384177,
youssef ennesyri__1997-06-01,,,,19753523.54142092,19753523.54142092,1509661.4899629832
youssef hamdaoui__2008-03-20,Youssef Hamdaoui,MID,437499.9999999996,471802.4055616947,433531.43727112573,115570.26179826801
youssef maleh__1998-08-22,,,,2327709.1497847717,2327709.1497847717,
youssef maziz__1998-06-24,Youssef Maziz,MID,1899999.9999999993,2639936.7325102896,2716099.769568607,151896.59428231927
youssouf fofana__1999-01-10,,,,31820959.668765053,31242339.96808061,2199224.373882235
youssouf ndayishimiye__1998-10-27,,,,11900777.077676069,11900777.077676069,
youssouph badji__2001-12-20,,,,700494.8312459445,686816.2327962129,46508.806803666375
yuki kobayashi__2000-07-18,,,,749439.1742742073,749439.1742742073,5392.651661241382
yukinari sugawara__2000-06-28,,,,7122022.614696335,7243667.67347774,495900.73667163664
yuning zhang__1997-01-05,,,,743490.5380779114,743490.5380779114,20753.143537588418
yunus akgun__2000-07-07,,,,21773206.452713095,22229010.98557532,879337.0471329453
yunus emre cift__2003-09-01,,,,920989.2017495583,920989.2017495583,
yunus emre konak__2006-01-10,,,,940480.7360758482,923614.3918270173,64919.782505519455
yunus musah__2002-11-29,,,,9465558.098902337,9297493.233961811,1624407.942752525
yussuf poulsen__1994-06-15,,,,2842090.550736453,2976788.246194998,247630.54300511483
yusuf akcicek__2006-01-25,,,,1376514.5363259548,1339956.7250003994,81010.23604295588
yusuf baras__2003-03-31,,,,935512.8348476695,935207.7802638864,12290.729272082452
yusuf demir__2003-06-02,,,,851022.0343268597,855031.7273896559,20930.986651309537
yusuf kabadayi__2004-02-02,,,,1646480.1626278479,1626421.8892356437,146302.7614534604
yusuf sar__1998-11-20,,,,5390088.392090157,5390088.392090157,150549.85952536447
yusuf yazc__1997-01-29,,,,4129218.589763642,4113461.2116865516,329111.8247204743
yuto tsunashima__2000-08-15,,,,477110.9827297726,477110.9827297726,87299.3528725066
yvan neyou__1997-01-03,,,,3810181.5591336987,3810181.5591336987,391420.21490393585
yvandro borges sanches__2004-05-24,,,,923804.9541993922,923804.9541993922,
yves bissouma__1996-08-30,,,,13436657.389997093,13436657.389997093,
zac williams__2004-03-27,,,,443989.28167365096,443989.28167365096,12775.863603640166
zach abbott__2006-05-13,,,,670842.0670561601,656615.4845238798,59605.65302186203
zach booth__2004-02-17,,,,852690.3774499241,829120.212850304,57810.648372979085
zach hemming__2000-03-07,,,,478879.8968777264,488403.17265254265,31006.02972755245
zach robinson__2002-06-11,,,,302915.5767998393,302915.5767998393,15065.42294667965
zacharie boucher__1992-03-07,,,,226519.85365886232,226171.738204698,8321.448024367366
zachary athekame__2004-12-13,,,,2290592.723472717,2310709.6241771597,256370.44575513585
zachary braultguillard__1998-12-30,,,,491932.31535364315,504820.26028506353,34667.31295971952
zack steffen__1995-04-02,,,,1359647.0022287962,1362643.435323633,73033.9015000258
zafer gorgen__2000-06-21,,,,768298.2948429576,768298.2948429576,
zaid romero__1999-12-15,Zaid Romero,DEF,2900000.0000000014,2818094.7529414995,2717055.093922561,204584.43875972126
zaidu sanusi__1997-06-13,,,,1069156.2303825016,1069156.2303825016,
zak jules__1997-02-07,,,,510390.86117271346,510390.86117271346,
zak sturge__2004-06-15,,,,1284742.240839356,1284742.240839356,230669.00010034675
zak swanson__2000-09-28,,,,1794750.4118309552,1739934.0783782273,184010.71843644857
zak vyner__1997-05-14,,,,1595108.275044903,1595108.275044903,120865.58054486747
zakaria aboukhlal__2000-02-18,,,,7418535.111697468,7570840.537659358,608906.6164604406
zakaria el ouahdi__2001-12-31,Zakaria El Ouahdi,DEF,19499999.99999998,21692190.60147515,21692190.60147515,1267621.4667914791
zakaria labyad__1993-03-09,Zakaria Labyad,MID,1099999.9999999998,1284107.8525268734,1309023.9642639854,74990.64202647343
zan celar__1999-03-14,,,,1546752.738060019,1546752.738060019,
zan majer__1992-07-25,Žan Majer,MID,987499.9999999999,524583.6006486733,522419.4591383224,13776.98269847643
zan rogelj__1999-11-25,,,,1212509.4329606344,1194394.5716970963,38025.69547350149
zan zaletel__1999-09-16,,,,1059970.5747123053,1053146.8646272398,31490.571093354196
zan zuzek__1997-01-26,,,,727574.8599458511,740430.169456425,25147.973952127086
zander clark__1992-06-26,,,,528337.7422974632,521864.7378392416,16235.488206092388
zaydou youssouf__1999-07-11,,,,11135435.96787918,12158698.516012972,1896382.5571202792
zeki amdouni__2000-12-04,,,,12263204.708355406,12456275.66238755,662042.2624665183
zeki celik__1997-02-17,Zeki Çelik,DEF,9249999.999999987,11392281.791714033,11503357.385265622,461978.6529055296
zeki yavru__1991-09-05,,,,907064.9394923301,900722.4098859553,37006.5249576577
zeno debast__2003-10-24,Zeno Debast,DEF,25999999.999999985,25656409.65689976,25423592.930770237,3088315.860551493
zeno ibsen rossi__2000-10-28,,,,385250.6503347705,385250.6503347705,
zeno van den bosch__2003-07-06,,,,10457967.327529479,10354527.361319445,626806.6874504961
zhenao wang__1999-08-10,,,,302027.5939097201,302027.5939097201,16539.72770191226
zian flemming__1998-08-01,,,,6930423.626235064,6725313.263241678,370738.85242212756
zico buurmeester__2002-06-07,,,,2432426.105783483,2432426.105783483,6435.566240388545
zidan sertdemir__2005-02-04,,,,1643905.7813620933,1661925.0745971901,133194.57099258414
zidane iqbal__2003-04-27,,,,2046009.142884833,2046009.142884833,
zie ouattara__2000-01-09,Zié Ouattara,DEF,775000.0000000007,1211641.8508645687,1250342.8520929746,135658.9324550823
zion suzuki__2002-08-21,,,,5264815.818750642,5264815.818750642,
zlatko tripic__1992-12-02,,,,4967174.613158762,4967174.613158762,398018.8759799067
zorhan bassong__1999-05-07,,,,599174.5380988665,622012.7196040837,59770.570120657096
zuriko davitashvili__2001-02-15,,,,5542950.293529981,5542950.293529981,
zvonimir sarlija__1996-08-29,Zvonimir Šarlija,DEF,1350000.0,1440996.739880597,1440996.739880597,126360.7529031409
